c  1   -1   52   1
c  1   -1   102   1
c  51   -1   102   1
c  51   -1   53   1
c  2   -1   102   1
c  2   -1   54   1
c  52   -1   3   1
c  102   -1   151   1
c  102   -1   201   1
c  101   -1   202   1
c  101   -1   203   1
c  4   -1   53   1
c  4   -1   51   1
c  53   -1   104   1
c  3   -1   54   1
c  3   -1   104   1
c  54   -1   5   1
c  54   -1   105   1
c  205   -1   53   1
c  205   -1   52   1
c  152   -1   104   1
c  152   -1   55   1
c  103   -1   101   1
c  103   -1   54   1
c  151   -1   202   1
c  151   -1   103   1
c  201   -1   152   1
c  201   -1   252   1
c  154   -1   54   1
c  154   -1   101   1
c  202   -1   253   1
c  202   -1   302   1
c  203   -1   152   1
c  203   -1   103   1
c  5   -1   56   1
c  5   -1   105   1
c  104   -1   4   1
c  104   -1   155   1
c  6   -1   57   1
c  6   -1   4   1
c  55   -1   106   1
c  55   -1   53   1
c  204   -1   153   1
c  204   -1   53   1
c  105   -1   6   1
c  155   -1   204   1
c  155   -1   55   1
c  255   -1   206   1
c  255   -1   306   1
c  206   -1   155   1
c  206   -1   105   1
c  254   -1   256   1
c  254   -1   205   1
c  153   -1   104   1
c  153   -1   202   1
c  252   -1   152   1
c  251   -1   151   1
c  251   -1   203   1
c  302   -1   251   1
c  302   -1   201   1
c  253   -1   353   1
c  253   -1   302   1
c  8   -1   57   1
c  8   -1   5   1
c  56   -1   58   1
c  56   -1   104   1
c  7   -1   9   1
c  7   -1   10   1
c  57   -1   59   1
c  57   -1   108   1
c  106   -1   155   1
c  106   -1   58   1
c  108   -1   105   1
c  156   -1   255   1
c  156   -1   304   1
c  305   -1   256   1
c  305   -1   206   1
c  256   -1   157   1
c  354   -1   405   1
c  354   -1   255   1
c  258   -1   256   1
c  258   -1   255   1
c  306   -1   257   1
c  306   -1   207   1
c  207   -1   256   1
c  207   -1   107   1
c  307   -1   207   1
c  307   -1   206   1
c  304   -1   306   1
c  304   -1   256   1
c  303   -1   254   1
c  303   -1   352   1
c  353   -1   252   1
c  301   -1   352   1
c  301   -1   253   1
c  352   -1   403   1
c  351   -1   302   1
c  351   -1   402   1
c  58   -1   7   1
c  58   -1   9   1
c  9   -1   60   1
c  10   -1   8   1
c  10   -1   12   1
c  107   -1   7   1
c  107   -1   58   1
c  59   -1   108   1
c  59   -1   158   1
c  158   -1   107   1
c  158   -1   109   1
c  109   -1   58   1
c  109   -1   60   1
c  159   -1   208   1
c  159   -1   108   1
c  157   -1   208   1
c  157   -1   258   1
c  355   -1   357   1
c  355   -1   308   1
c  405   -1   305   1
c  405   -1   454   1
c  257   -1   259   1
c  257   -1   308   1
c  404   -1   455   1
c  404   -1   554   1
c  403   -1   405   1
c  403   -1   354   1
c  208   -1   257   1
c  208   -1   210   1
c  308   -1   306   1
c  308   -1   356   1
c  259   -1   208   1
c  259   -1   210   1
c  160   -1   111   1
c  160   -1   258   1
c  356   -1   304   1
c  356   -1   506   1
c  357   -1   308   1
c  357   -1   457   1
c  260   -1   309   1
c  260   -1   307   1
c  452   -1   501   1
c  452   -1   353   1
c  406   -1   355   1
c  406   -1   353   1
c  402   -1   453   1
c  401   -1   452   1
c  401   -1   602   1
c  60   -1   12   1
c  11   -1   60   1
c  11   -1   62   1
c  61   -1   10   1
c  61   -1   12   1
c  12   -1   63   1
c  12   -1   14   1
c  110   -1   159   1
c  110   -1   161   1
c  209   -1   160   1
c  209   -1   260   1
c  210   -1   159   1
c  309   -1   159   1
c  309   -1   411   1
c  455   -1   406   1
c  456   -1   405   1
c  456   -1   407   1
c  407   -1   356   1
c  407   -1   405   1
c  454   -1   505   1
c  554   -1   605   1
c  554   -1   455   1
c  453   -1   502   1
c  358   -1   310   1
c  358   -1   311   1
c  359   -1   459   1
c  359   -1   308   1
c  161   -1   112   1
c  161   -1   60   1
c  111   -1   60   1
c  111   -1   113   1
c  506   -1   407   1
c  457   -1   506   1
c  457   -1   556   1
c  310   -1   361   1
c  310   -1   211   1
c  261   -1   263   1
c  261   -1   264   1
c  311   -1   260   1
c  311   -1   210   1
c  263   -1   312   1
c  263   -1   260   1
c  451   -1   402   1
c  451   -1   503   1
c  502   -1   553   1
c  502   -1   551   1
c  505   -1   456   1
c  505   -1   452   1
c  501   -1   552   1
c  501   -1   503   1
c  602   -1   653   1
c  602   -1   702   1
c  62   -1   113   1
c  62   -1   14   1
c  13   -1   62   1
c  13   -1   64   1
c  63   -1   163   1
c  63   -1   164   1
c  14   -1   65   1
c  14   -1   115   1
c  211   -1   213   1
c  411   -1   360   1
c  411   -1   409   1
c  408   -1   457   1
c  408   -1   359   1
c  409   -1   458   1
c  409   -1   407   1
c  504   -1   555   1
c  504   -1   553   1
c  553   -1   604   1
c  553   -1   602   1
c  604   -1   653   1
c  604   -1   655   1
c  555   -1   506   1
c  503   -1   554   1
c  503   -1   555   1
c  655   -1   554   1
c  605   -1   656   1
c  605   -1   706   1
c  360   -1   409   1
c  360   -1   311   1
c  361   -1   359   1
c  361   -1   409   1
c  459   -1   508   1
c  459   -1   412   1
c  162   -1   211   1
c  162   -1   113   1
c  163   -1   161   1
c  163   -1   112   1
c  213   -1   161   1
c  112   -1   115   1
c  113   -1   64   1
c  113   -1   164   1
c  556   -1   607   1
c  556   -1   505   1
c  507   -1   556   1
c  507   -1   560   1
c  458   -1   509   1
c  458   -1   559   1
c  508   -1   557   1
c  508   -1   457   1
c  262   -1   213   1
c  262   -1   314   1
c  264   -1   313   1
c  264   -1   363   1
c  312   -1   412   1
c  312   -1   462   1
c  313   -1   364   1
c  313   -1   462   1
c  362   -1   313   1
c  362   -1   263   1
c  314   -1   263   1
c  314   -1   312   1
c  552   -1   603   1
c  552   -1   654   1
c  551   -1   602   1
c  601   -1   552   1
c  601   -1   501   1
c  652   -1   703   1
c  652   -1   701   1
c  603   -1   703   1
c  603   -1   704   1
c  653   -1   655   1
c  653   -1   705   1
c  702   -1   704   1
c  702   -1   804   1
c  64   -1   15   1
c  64   -1   112   1
c  164   -1   115   1
c  164   -1   65   1
c  15   -1   17   1
c  15   -1   167   1
c  16   -1   116   1
c  16   -1   14   1
c  65   -1   16   1
c  65   -1   67   1
c  115   -1   166   1
c  115   -1   266   1
c  212   -1   265   1
c  212   -1   314   1
c  410   -1   461   1
c  410   -1   362   1
c  461   -1   510   1
c  461   -1   512   1
c  412   -1   361   1
c  412   -1   410   1
c  462   -1   411   1
c  462   -1   413   1
c  413   -1   411   1
c  413   -1   464   1
c  654   -1   652   1
c  654   -1   605   1
c  657   -1   606   1
c  657   -1   604   1
c  705   -1   703   1
c  705   -1   753   1
c  656   -1   707   1
c  656   -1   756   1
c  606   -1   557   1
c  606   -1   655   1
c  706   -1   657   1
c  706   -1   805   1
c  460   -1   462   1
c  460   -1   361   1
c  509   -1   460   1
c  511   -1   460   1
c  511   -1   459   1
c  214   -1   162   1
c  214   -1   112   1
c  114   -1   214   1
c  114   -1   167   1
c  557   -1   608   1
c  557   -1   658   1
c  558   -1   556   1
c  558   -1   606   1
c  607   -1   609   1
c  607   -1   659   1
c  608   -1   507   1
c  560   -1   660   1
c  560   -1   562   1
c  559   -1   508   1
c  559   -1   610   1
c  658   -1   508   1
c  658   -1   510   1
c  265   -1   314   1
c  265   -1   313   1
c  315   -1   364   1
c  315   -1   264   1
c  363   -1   414   1
c  363   -1   314   1
c  365   -1   314   1
c  365   -1   313   1
c  364   -1   366   1
c  364   -1   413   1
c  651   -1   653   1
c  651   -1   551   1
c  752   -1   803   1
c  752   -1   652   1
c  703   -1   701   1
c  701   -1   752   1
c  704   -1   755   1
c  704   -1   756   1
c  753   -1   653   1
c  753   -1   651   1
c  802   -1   751   1
c  802   -1   702   1
c  804   -1   802   1
c  804   -1   752   1
c  165   -1   214   1
c  165   -1   116   1
c  216   -1   164   1
c  17   -1   66   1
c  17   -1   116   1
c  167   -1   216   1
c  167   -1   218   1
c  66   -1   117   1
c  66   -1   115   1
c  67   -1   16   1
c  117   -1   115   1
c  117   -1   16   1
c  116   -1   67   1
c  116   -1   65   1
c  166   -1   215   1
c  166   -1   214   1
c  266   -1   268   1
c  266   -1   367   1
c  510   -1   609   1
c  510   -1   659   1
c  512   -1   612   1
c  512   -1   661   1
c  463   -1   514   1
c  463   -1   614   1
c  414   -1   416   1
c  414   -1   366   1
c  464   -1   466   1
c  754   -1   654   1
c  754   -1   705   1
c  707   -1   756   1
c  707   -1   806   1
c  708   -1   757   1
c  708   -1   657   1
c  755   -1   804   1
c  755   -1   806   1
c  756   -1   758   1
c  756   -1   658   1
c  757   -1   706   1
c  805   -1   754   1
c  805   -1   803   1
c  561   -1   612   1
c  561   -1   559   1
c  562   -1   513   1
c  562   -1   511   1
c  612   -1   511   1
c  215   -1   266   1
c  215   -1   417   1
c  609   -1   658   1
c  609   -1   660   1
c  659   -1   710   1
c  659   -1   759   1
c  610   -1   612   1
c  610   -1   661   1
c  660   -1   612   1
c  709   -1   660   1
c  709   -1   658   1
c  759   -1   708   1
c  759   -1   658   1
c  710   -1   658   1
c  316   -1   265   1
c  316   -1   365   1
c  415   -1   364   1
c  415   -1   464   1
c  366   -1   466   1
c  366   -1   465   1
c  416   -1   365   1
c  751   -1   902   1
c  751   -1   903   1
c  803   -1   854   1
c  803   -1   852   1
c  801   -1   852   1
c  801   -1   902   1
c  852   -1   751   1
c  854   -1   903   1
c  854   -1   953   1
c  806   -1   855   1
c  806   -1   804   1
c  217   -1   266   1
c  217   -1   166   1
c  168   -1   217   1
c  168   -1   216   1
c  317   -1   266   1
c  317   -1   216   1
c  18   -1   69   1
c  18   -1   67   1
c  68   -1   117   1
c  68   -1   17   1
c  218   -1   66   1
c  118   -1   18   1
c  118   -1   169   1
c  267   -1   269   1
c  267   -1   271   1
c  318   -1   218   1
c  318   -1   266   1
c  268   -1   217   1
c  367   -1   267   1
c  367   -1   218   1
c  513   -1   613   1
c  513   -1   464   1
c  661   -1   761   1
c  514   -1   565   1
c  514   -1   516   1
c  614   -1   663   1
c  614   -1   665   1
c  465   -1   516   1
c  465   -1   467   1
c  516   -1   464   1
c  466   -1   415   1
c  758   -1   809   1
c  758   -1   810   1
c  856   -1   854   1
c  856   -1   755   1
c  807   -1   756   1
c  807   -1   858   1
c  855   -1   956   1
c  905   -1   854   1
c  905   -1   805   1
c  904   -1   855   1
c  904   -1   805   1
c  611   -1   660   1
c  611   -1   662   1
c  662   -1   561   1
c  563   -1   514   1
c  563   -1   565   1
c  613   -1   662   1
c  613   -1   616   1
c  417   -1   468   1
c  417   -1   469   1
c  711   -1   660   1
c  711   -1   709   1
c  809   -1   811   1
c  760   -1   809   1
c  760   -1   859   1
c  810   -1   759   1
c  515   -1   466   1
c  515   -1   415   1
c  565   -1   614   1
c  565   -1   415   1
c  902   -1   854   1
c  903   -1   954   1
c  853   -1   902   1
c  853   -1   901   1
c  952   -1   853   1
c  952   -1   803   1
c  954   -1   853   1
c  954   -1   803   1
c  851   -1   902   1
c  851   -1   952   1
c  953   -1   1004   1
c  953   -1   904   1
c  857   -1   806   1
c  857   -1   906   1
c  169   -1   220   1
c  169   -1   221   1
c  119   -1   19   1
c  119   -1   168   1
c  319   -1   317   1
c  319   -1   367   1
c  19   -1   21   1
c  19   -1   22   1
c  69   -1   120   1
c  219   -1   170   1
c  219   -1   270   1
c  269   -1   369   1
c  269   -1   218   1
c  170   -1   119   1
c  170   -1   118   1
c  271   -1   273   1
c  271   -1   224   1
c  368   -1   319   1
c  368   -1   521   1
c  418   -1   367   1
c  418   -1   369   1
c  761   -1   810   1
c  564   -1   613   1
c  564   -1   663   1
c  664   -1   713   1
c  664   -1   662   1
c  615   -1   564   1
c  615   -1   664   1
c  663   -1   763   1
c  663   -1   764   1
c  665   -1   616   1
c  665   -1   714   1
c  467   -1   515   1
c  566   -1   517   1
c  566   -1   466   1
c  517   -1   617   1
c  517   -1   568   1
c  567   -1   618   1
c  567   -1   466   1
c  808   -1   859   1
c  808   -1   909   1
c  906   -1   1006   1
c  858   -1   856   1
c  858   -1   907   1
c  956   -1   1005   1
c  956   -1   1007   1
c  955   -1   1006   1
c  955   -1   1055   1
c  907   -1   905   1
c  907   -1   958   1
c  712   -1   663   1
c  712   -1   763   1
c  764   -1   712   1
c  764   -1   662   1
c  616   -1   667   1
c  616   -1   663   1
c  468   -1   470   1
c  468   -1   519   1
c  469   -1   420   1
c  469   -1   467   1
c  762   -1   711   1
c  762   -1   811   1
c  765   -1   712   1
c  765   -1   711   1
c  859   -1   810   1
c  859   -1   910   1
c  811   -1   912   1
c  811   -1   962   1
c  860   -1   911   1
c  860   -1   909   1
c  617   -1   566   1
c  617   -1   565   1
c  901   -1   903   1
c  901   -1   953   1
c  1003   -1   1103   1
c  1003   -1   902   1
c  1053   -1   1004   1
c  1053   -1   902   1
c  1004   -1   902   1
c  951   -1   1002   1
c  951   -1   953   1
c  1002   -1   1051   1
c  1001   -1   952   1
c  1001   -1   953   1
c  1054   -1   954   1
c  1054   -1   1103   1
c  1052   -1   1101   1
c  1052   -1   954   1
c  957   -1   857   1
c  957   -1   906   1
c  270   -1   170   1
c  270   -1   169   1
c  220   -1   325   1
c  221   -1   123   1
c  221   -1   219   1
c  120   -1   220   1
c  369   -1   420   1
c  320   -1   371   1
c  320   -1   369   1
c  20   -1   71   1
c  20   -1   121   1
c  70   -1   19   1
c  70   -1   21   1
c  21   -1   23   1
c  21   -1   73   1
c  22   -1   73   1
c  22   -1   122   1
c  422   -1   269   1
c  171   -1   122   1
c  171   -1   220   1
c  172   -1   170   1
c  122   -1   120   1
c  122   -1   170   1
c  321   -1   372   1
c  321   -1   370   1
c  272   -1   321   1
c  272   -1   270   1
c  173   -1   221   1
c  173   -1   271   1
c  323   -1   372   1
c  323   -1   271   1
c  273   -1   224   1
c  273   -1   324   1
c  224   -1   123   1
c  224   -1   122   1
c  419   -1   368   1
c  419   -1   468   1
c  420   -1   422   1
c  420   -1   368   1
c  521   -1   621   1
c  521   -1   620   1
c  861   -1   910   1
c  861   -1   761   1
c  714   -1   765   1
c  713   -1   715   1
c  666   -1   615   1
c  666   -1   717   1
c  763   -1   765   1
c  715   -1   666   1
c  715   -1   616   1
c  717   -1   715   1
c  717   -1   665   1
c  518   -1   469   1
c  518   -1   569   1
c  568   -1   519   1
c  568   -1   520   1
c  618   -1   669   1
c  618   -1   719   1
c  909   -1   960   1
c  909   -1   1010   1
c  908   -1   906   1
c  908   -1   957   1
c  1007   -1   906   1
c  1006   -1   1106   1
c  1006   -1   957   1
c  910   -1   858   1
c  1005   -1   1054   1
c  1055   -1   1106   1
c  1055   -1   1104   1
c  1008   -1   1006   1
c  1008   -1   907   1
c  959   -1   908   1
c  959   -1   907   1
c  958   -1   1007   1
c  958   -1   1009   1
c  814   -1   865   1
c  814   -1   715   1
c  813   -1   864   1
c  813   -1   764   1
c  812   -1   763   1
c  812   -1   764   1
c  667   -1   669   1
c  667   -1   618   1
c  470   -1   419   1
c  470   -1   670   1
c  519   -1   521   1
c  519   -1   620   1
c  421   -1   419   1
c  421   -1   469   1
c  815   -1   766   1
c  815   -1   867   1
c  766   -1   817   1
c  766   -1   866   1
c  716   -1   667   1
c  716   -1   765   1
c  863   -1   811   1
c  863   -1   961   1
c  912   -1   861   1
c  912   -1   914   1
c  962   -1   913   1
c  962   -1   1062   1
c  911   -1   959   1
c  911   -1   863   1
c  668   -1   617   1
c  1051   -1   1003   1
c  1103   -1   1105   1
c  1101   -1   1002   1
c  1104   -1   1204   1
c  1102   -1   1153   1
c  1102   -1   1151   1
c  370   -1   421   1
c  370   -1   270   1
c  325   -1   274   1
c  325   -1   224   1
c  222   -1   273   1
c  222   -1   322   1
c  123   -1   23   1
c  123   -1   72   1
c  121   -1   172   1
c  121   -1   222   1
c  71   -1   120   1
c  71   -1   122   1
c  371   -1   420   1
c  371   -1   422   1
c  72   -1   70   1
c  72   -1   21   1
c  23   -1   72   1
c  23   -1   74   1
c  73   -1   25   1
c  372   -1   421   1
c  372   -1   423   1
c  472   -1   572   1
c  472   -1   470   1
c  423   -1   425   1
c  423   -1   375   1
c  322   -1   422   1
c  322   -1   421   1
c  473   -1   422   1
c  473   -1   471   1
c  223   -1   272   1
c  223   -1   274   1
c  174   -1   176   1
c  174   -1   226   1
c  373   -1   424   1
c  373   -1   474   1
c  324   -1   373   1
c  324   -1   423   1
c  274   -1   174   1
c  274   -1   175   1
c  225   -1   276   1
c  225   -1   277   1
c  275   -1   224   1
c  275   -1   226   1
c  471   -1   420   1
c  471   -1   672   1
c  520   -1   571   1
c  520   -1   620   1
c  571   -1   569   1
c  522   -1   524   1
c  522   -1   474   1
c  570   -1   521   1
c  570   -1   619   1
c  621   -1   670   1
c  621   -1   721   1
c  620   -1   571   1
c  862   -1   813   1
c  862   -1   814   1
c  767   -1   716   1
c  767   -1   816   1
c  718   -1   769   1
c  718   -1   720   1
c  768   -1   817   1
c  768   -1   717   1
c  569   -1   618   1
c  569   -1   620   1
c  619   -1   668   1
c  619   -1   769   1
c  669   -1   620   1
c  669   -1   718   1
c  719   -1   668   1
c  719   -1   819   1
c  960   -1   911   1
c  960   -1   913   1
c  1010   -1   961   1
c  1010   -1   910   1
c  1057   -1   1106   1
c  1057   -1   1055   1
c  1056   -1   1105   1
c  1056   -1   1104   1
c  1106   -1   1110   1
c  1105   -1   1154   1
c  1105   -1   1153   1
c  1107   -1   1105   1
c  1107   -1   1055   1
c  1157   -1   1055   1
c  1157   -1   1105   1
c  1058   -1   1107   1
c  1058   -1   1158   1
c  1009   -1   1060   1
c  1009   -1   1109   1
c  1059   -1   1061   1
c  1059   -1   1008   1
c  864   -1   862   1
c  864   -1   766   1
c  913   -1   864   1
c  913   -1   814   1
c  816   -1   814   1
c  816   -1   865   1
c  865   -1   916   1
c  865   -1   766   1
c  670   -1   770   1
c  670   -1   721   1
c  867   -1   865   1
c  817   -1   868   1
c  817   -1   917   1
c  866   -1   917   1
c  866   -1   768   1
c  915   -1   864   1
c  915   -1   863   1
c  961   -1   963   1
c  961   -1   912   1
c  963   -1   912   1
c  914   -1   965   1
c  914   -1   963   1
c  1012   -1   1063   1
c  1012   -1   1064   1
c  1062   -1   1162   1
c  1062   -1   1113   1
c  1153   -1   1151   1
c  1152   -1   1103   1
c  1152   -1   1203   1
c  1203   -1   1252   1
c  1203   -1   1103   1
c  1151   -1   1302   1
c  1151   -1   1303   1
c  1154   -1   1254   1
c  1154   -1   1205   1
c  1204   -1   1255   1
c  1204   -1   1253   1
c  1202   -1   1102   1
c  1202   -1   1251   1
c  375   -1   373   1
c  326   -1   375   1
c  326   -1   377   1
c  124   -1   75   1
c  124   -1   73   1
c  74   -1   123   1
c  74   -1   71   1
c  125   -1   174   1
c  125   -1   123   1
c  24   -1   75   1
c  24   -1   73   1
c  128   -1   177   1
c  128   -1   73   1
c  25   -1   125   1
c  25   -1   127   1
c  374   -1   372   1
c  374   -1   425   1
c  475   -1   472   1
c  572   -1   621   1
c  572   -1   671   1
c  424   -1   473   1
c  424   -1   375   1
c  425   -1   376   1
c  523   -1   623   1
c  523   -1   474   1
c  474   -1   425   1
c  474   -1   374   1
c  575   -1   524   1
c  575   -1   473   1
c  175   -1   124   1
c  175   -1   226   1
c  176   -1   227   1
c  176   -1   277   1
c  226   -1   177   1
c  226   -1   278   1
c  276   -1   376   1
c  276   -1   377   1
c  277   -1   279   1
c  277   -1   328   1
c  376   -1   374   1
c  376   -1   275   1
c  672   -1   621   1
c  672   -1   723   1
c  622   -1   571   1
c  574   -1   572   1
c  574   -1   571   1
c  573   -1   522   1
c  573   -1   622   1
c  524   -1   573   1
c  524   -1   477   1
c  671   -1   771   1
c  671   -1   770   1
c  722   -1   622   1
c  722   -1   621   1
c  721   -1   770   1
c  721   -1   772   1
c  769   -1   721   1
c  720   -1   769   1
c  720   -1   820   1
c  818   -1   769   1
c  818   -1   770   1
c  819   -1   768   1
c  1060   -1   1109   1
c  1060   -1   1159   1
c  1011   -1   1060   1
c  1011   -1   1062   1
c  1156   -1   1205   1
c  1156   -1   1207   1
c  1406   -1   1357   1
c  1406   -1   1106   1
c  1110   -1   1011   1
c  1110   -1   961   1
c  1155   -1   1157   1
c  1155   -1   1158   1
c  1108   -1   1157   1
c  1108   -1   1206   1
c  1207   -1   1107   1
c  1207   -1   1158   1
c  1158   -1   1160   1
c  1158   -1   1210   1
c  1208   -1   1157   1
c  1208   -1   1206   1
c  1109   -1   1160   1
c  1109   -1   1161   1
c  1061   -1   1112   1
c  1061   -1   1012   1
c  1013   -1   1011   1
c  1013   -1   864   1
c  916   -1   914   1
c  916   -1   964   1
c  770   -1   819   1
c  770   -1   869   1
c  917   -1   919   1
c  868   -1   919   1
c  868   -1   819   1
c  968   -1   1017   1
c  968   -1   867   1
c  966   -1   1017   1
c  966   -1   866   1
c  965   -1   1065   1
c  965   -1   1016   1
c  964   -1   915   1
c  964   -1   1013   1
c  1014   -1   965   1
c  1014   -1   1012   1
c  1063   -1   1114   1
c  1063   -1   965   1
c  1064   -1   1164   1
c  1064   -1   1214   1
c  1112   -1   1063   1
c  1112   -1   1064   1
c  1111   -1   1062   1
c  1111   -1   1211   1
c  1161   -1   1210   1
c  1161   -1   1062   1
c  1162   -1   1213   1
c  1162   -1   1214   1
c  1113   -1   1064   1
c  1113   -1   1164   1
c  1201   -1   1252   1
c  1201   -1   1152   1
c  1251   -1   1151   1
c  1251   -1   1152   1
c  1253   -1   1255   1
c  1253   -1   1205   1
c  1252   -1   1354   1
c  1302   -1   1351   1
c  1302   -1   1353   1
c  1303   -1   1354   1
c  1303   -1   1251   1
c  1254   -1   1155   1
c  1254   -1   1156   1
c  1255   -1   1304   1
c  1255   -1   1252   1
c  377   -1   375   1
c  377   -1   426   1
c  327   -1   376   1
c  327   -1   375   1
c  525   -1   476   1
c  525   -1   326   1
c  75   -1   175   1
c  75   -1   126   1
c  126   -1   74   1
c  78   -1   80   1
c  78   -1   29   1
c  127   -1   78   1
c  127   -1   79   1
c  178   -1   127   1
c  178   -1   81   1
c  129   -1   131   1
c  129   -1   180   1
c  29   -1   80   1
c  29   -1   128   1
c  130   -1   128   1
c  130   -1   81   1
c  177   -1   126   1
c  26   -1   77   1
c  26   -1   75   1
c  76   -1   25   1
c  76   -1   127   1
c  476   -1   425   1
c  476   -1   474   1
c  426   -1   477   1
c  426   -1   475   1
c  576   -1   525   1
c  576   -1   475   1
c  527   -1   476   1
c  527   -1   475   1
c  623   -1   625   1
c  623   -1   574   1
c  625   -1   574   1
c  625   -1   676   1
c  227   -1   229   1
c  227   -1   328   1
c  278   -1   276   1
c  278   -1   329   1
c  279   -1   429   1
c  279   -1   332   1
c  328   -1   279   1
c  673   -1   773   1
c  673   -1   573   1
c  723   -1   675   1
c  624   -1   673   1
c  624   -1   573   1
c  477   -1   528   1
c  477   -1   578   1
c  771   -1   820   1
c  771   -1   720   1
c  772   -1   770   1
c  772   -1   821   1
c  773   -1   822   1
c  773   -1   722   1
c  674   -1   723   1
c  674   -1   722   1
c  774   -1   723   1
c  774   -1   722   1
c  824   -1   822   1
c  824   -1   722   1
c  724   -1   771   1
c  724   -1   721   1
c  820   -1   769   1
c  869   -1   920   1
c  869   -1   918   1
c  1160   -1   1060   1
c  1159   -1   1208   1
c  1159   -1   1110   1
c  1206   -1   1155   1
c  1206   -1   1257   1
c  1356   -1   1305   1
c  1356   -1   1307   1
c  1405   -1   1505   1
c  1405   -1   1354   1
c  1456   -1   1405   1
c  1456   -1   1505   1
c  1407   -1   1458   1
c  1407   -1   1508   1
c  1357   -1   1257   1
c  1357   -1   1410   1
c  1257   -1   1306   1
c  1257   -1   1305   1
c  1210   -1   1208   1
c  1210   -1   1259   1
c  1258   -1   1358   1
c  1258   -1   1309   1
c  1209   -1   1160   1
c  1209   -1   1109   1
c  967   -1   1067   1
c  967   -1   1066   1
c  918   -1   967   1
c  918   -1   1019   1
c  1017   -1   917   1
c  919   -1   970   1
c  870   -1   868   1
c  870   -1   918   1
c  1018   -1   918   1
c  1018   -1   1020   1
c  969   -1   967   1
c  969   -1   1020   1
c  1016   -1   1014   1
c  1016   -1   1067   1
c  1015   -1   1115   1
c  1015   -1   1067   1
c  1065   -1   1063   1
c  1065   -1   1114   1
c  1114   -1   1163   1
c  1166   -1   1115   1
c  1166   -1   1064   1
c  1164   -1   1112   1
c  1214   -1   1212   1
c  1211   -1   1260   1
c  1211   -1   1209   1
c  1212   -1   1312   1
c  1212   -1   1362   1
c  1163   -1   1214   1
c  1163   -1   1212   1
c  1213   -1   1364   1
c  1213   -1   1262   1
c  1301   -1   1401   1
c  1301   -1   1353   1
c  1351   -1   1353   1
c  1351   -1   1251   1
c  1353   -1   1304   1
c  1353   -1   1253   1
c  1354   -1   1302   1
c  1352   -1   1303   1
c  1352   -1   1301   1
c  1304   -1   1404   1
c  1304   -1   1301   1
c  1305   -1   1405   1
c  1305   -1   1358   1
c  1256   -1   1356   1
c  1256   -1   1308   1
c  427   -1   429   1
c  427   -1   476   1
c  378   -1   330   1
c  378   -1   280   1
c  329   -1   280   1
c  329   -1   377   1
c  526   -1   577   1
c  526   -1   426   1
c  77   -1   177   1
c  77   -1   126   1
c  28   -1   30   1
c  28   -1   80   1
c  79   -1   28   1
c  79   -1   77   1
c  27   -1   78   1
c  27   -1   76   1
c  81   -1   79   1
c  81   -1   78   1
c  80   -1   82   1
c  228   -1   179   1
c  228   -1   177   1
c  179   -1   80   1
c  179   -1   227   1
c  131   -1   179   1
c  180   -1   182   1
c  180   -1   132   1
c  30   -1   81   1
c  30   -1   182   1
c  132   -1   130   1
c  132   -1   80   1
c  626   -1   726   1
c  626   -1   675   1
c  577   -1   528   1
c  577   -1   478   1
c  528   -1   479   1
c  675   -1   673   1
c  675   -1   627   1
c  676   -1   727   1
c  676   -1   777   1
c  229   -1   180   1
c  229   -1   181   1
c  280   -1   331   1
c  280   -1   381   1
c  330   -1   279   1
c  330   -1   479   1
c  429   -1   380   1
c  429   -1   378   1
c  332   -1   381   1
c  332   -1   380   1
c  725   -1   723   1
c  725   -1   774   1
c  478   -1   379   1
c  478   -1   380   1
c  428   -1   477   1
c  428   -1   479   1
c  578   -1   629   1
c  578   -1   630   1
c  821   -1   872   1
c  821   -1   823   1
c  822   -1   873   1
c  823   -1   774   1
c  823   -1   872   1
c  775   -1   726   1
c  775   -1   674   1
c  874   -1   973   1
c  874   -1   972   1
c  825   -1   874   1
c  825   -1   776   1
c  873   -1   824   1
c  924   -1   975   1
c  924   -1   824   1
c  871   -1   820   1
c  871   -1   869   1
c  920   -1   918   1
c  920   -1   969   1
c  1306   -1   1357   1
c  1306   -1   1408   1
c  1355   -1   1256   1
c  1355   -1   1257   1
c  1307   -1   1358   1
c  1307   -1   1309   1
c  1404   -1   1402   1
c  1404   -1   1401   1
c  1455   -1   1404   1
c  1455   -1   1355   1
c  1505   -1   1556   1
c  1505   -1   1606   1
c  1506   -1   1606   1
c  1506   -1   1557   1
c  1457   -1   1459   1
c  1457   -1   1408   1
c  1408   -1   1459   1
c  1408   -1   1359   1
c  1458   -1   1409   1
c  1458   -1   1460   1
c  1508   -1   1557   1
c  1508   -1   1607   1
c  1308   -1   1359   1
c  1308   -1   1357   1
c  1309   -1   1358   1
c  1309   -1   1357   1
c  1410   -1   1408   1
c  1260   -1   1311   1
c  1260   -1   1262   1
c  1259   -1   1310   1
c  1259   -1   1412   1
c  1359   -1   1410   1
c  1359   -1   1258   1
c  1067   -1   1018   1
c  1067   -1   1116   1
c  1066   -1   1115   1
c  1066   -1   1114   1
c  1019   -1   1070   1
c  1019   -1   1074   1
c  970   -1   972   1
c  970   -1   1021   1
c  921   -1   870   1
c  921   -1   970   1
c  1021   -1   921   1
c  1021   -1   870   1
c  1068   -1   1119   1
c  1068   -1   1019   1
c  1069   -1   1118   1
c  1069   -1   1018   1
c  1020   -1   1121   1
c  971   -1   969   1
c  971   -1   1019   1
c  1117   -1   1066   1
c  1117   -1   1016   1
c  1115   -1   1117   1
c  1115   -1   1118   1
c  1116   -1   1165   1
c  1165   -1   1214   1
c  1165   -1   1213   1
c  1216   -1   1267   1
c  1216   -1   1265   1
c  1167   -1   1165   1
c  1217   -1   1117   1
c  1217   -1   1166   1
c  1264   -1   1215   1
c  1264   -1   1216   1
c  1215   -1   1213   1
c  1215   -1   1212   1
c  1261   -1   1312   1
c  1261   -1   1263   1
c  1262   -1   1211   1
c  1262   -1   1311   1
c  1312   -1   1412   1
c  1312   -1   1361   1
c  1362   -1   1411   1
c  1263   -1   1314   1
c  1263   -1   1265   1
c  1364   -1   1413   1
c  1364   -1   1366   1
c  1401   -1   1452   1
c  1401   -1   1403   1
c  1403   -1   1452   1
c  1403   -1   1352   1
c  1454   -1   1505   1
c  1454   -1   1353   1
c  1402   -1   1451   1
c  1402   -1   1503   1
c  1451   -1   1502   1
c  1451   -1   1352   1
c  379   -1   428   1
c  379   -1   427   1
c  31   -1   33   1
c  31   -1   82   1
c  82   -1   133   1
c  82   -1   182   1
c  181   -1   230   1
c  181   -1   81   1
c  184   -1   186   1
c  184   -1   81   1
c  182   -1   231   1
c  182   -1   131   1
c  230   -1   281   1
c  133   -1   84   1
c  133   -1   34   1
c  83   -1   134   1
c  83   -1   132   1
c  627   -1   676   1
c  627   -1   727   1
c  677   -1   626   1
c  677   -1   577   1
c  726   -1   777   1
c  726   -1   677   1
c  529   -1   531   1
c  529   -1   429   1
c  579   -1   530   1
c  579   -1   528   1
c  479   -1   481   1
c  727   -1   778   1
c  727   -1   679   1
c  777   -1   677   1
c  281   -1   332   1
c  331   -1   382   1
c  331   -1   282   1
c  381   -1   383   1
c  381   -1   333   1
c  380   -1   331   1
c  380   -1   382   1
c  430   -1   481   1
c  430   -1   330   1
c  282   -1   231   1
c  282   -1   334   1
c  382   -1   433   1
c  382   -1   483   1
c  333   -1   282   1
c  333   -1   284   1
c  628   -1   677   1
c  628   -1   579   1
c  629   -1   580   1
c  629   -1   631   1
c  630   -1   681   1
c  630   -1   632   1
c  872   -1   923   1
c  872   -1   874   1
c  923   -1   823   1
c  923   -1   974   1
c  776   -1   778   1
c  776   -1   729   1
c  875   -1   826   1
c  875   -1   878   1
c  925   -1   874   1
c  925   -1   876   1
c  973   -1   924   1
c  973   -1   928   1
c  972   -1   921   1
c  972   -1   1023   1
c  826   -1   877   1
c  826   -1   828   1
c  974   -1   1074   1
c  974   -1   1025   1
c  922   -1   924   1
c  922   -1   971   1
c  975   -1   973   1
c  975   -1   1026   1
c  1070   -1   1021   1
c  1070   -1   920   1
c  1504   -1   1455   1
c  1504   -1   1555   1
c  1556   -1   1607   1
c  1606   -1   1657   1
c  1606   -1   1655   1
c  1507   -1   1556   1
c  1507   -1   1606   1
c  1557   -1   1608   1
c  1459   -1   1410   1
c  1459   -1   1461   1
c  1409   -1   1460   1
c  1409   -1   1510   1
c  1360   -1   1409   1
c  1360   -1   1408   1
c  1509   -1   1609   1
c  1509   -1   1458   1
c  1460   -1   1411   1
c  1460   -1   1361   1
c  1558   -1   1607   1
c  1558   -1   1658   1
c  1510   -1   1508   1
c  1510   -1   1608   1
c  1560   -1   1509   1
c  1560   -1   1508   1
c  1607   -1   1605   1
c  1607   -1   1655   1
c  1310   -1   1361   1
c  1310   -1   1312   1
c  1411   -1   1360   1
c  1411   -1   1409   1
c  1361   -1   1410   1
c  1361   -1   1260   1
c  1311   -1   1362   1
c  1412   -1   1361   1
c  1412   -1   1409   1
c  1120   -1   1220   1
c  1120   -1   1067   1
c  1074   -1   1174   1
c  1074   -1   1173   1
c  1071   -1   1073   1
c  1071   -1   1171   1
c  1022   -1   1073   1
c  1022   -1   1074   1
c  1072   -1   1021   1
c  1072   -1   1023   1
c  1023   -1   1021   1
c  1023   -1   1074   1
c  1118   -1   1218   1
c  1118   -1   1167   1
c  1119   -1   1168   1
c  1121   -1   1072   1
c  1121   -1   1070   1
c  1168   -1   1117   1
c  1266   -1   1315   1
c  1266   -1   1416   1
c  1267   -1   1318   1
c  1265   -1   1365   1
c  1265   -1   1414   1
c  1218   -1   1267   1
c  1218   -1   1318   1
c  1316   -1   1267   1
c  1316   -1   1217   1
c  1314   -1   1265   1
c  1313   -1   1264   1
c  1313   -1   1315   1
c  1315   -1   1312   1
c  1363   -1   1314   1
c  1363   -1   1414   1
c  1414   -1   1365   1
c  1414   -1   1416   1
c  1365   -1   1465   1
c  1365   -1   1314   1
c  1413   -1   1411   1
c  1413   -1   1462   1
c  1366   -1   1466   1
c  1366   -1   1317   1
c  1452   -1   1503   1
c  1453   -1   1451   1
c  1453   -1   1706   1
c  1552   -1   1503   1
c  1552   -1   1402   1
c  1503   -1   1555   1
c  1501   -1   1503   1
c  1501   -1   1552   1
c  1551   -1   1451   1
c  1551   -1   1452   1
c  1502   -1   1551   1
c  1502   -1   1601   1
c  32   -1   182   1
c  32   -1   181   1
c  33   -1   35   1
c  33   -1   84   1
c  183   -1   134   1
c  183   -1   82   1
c  134   -1   82   1
c  231   -1   333   1
c  232   -1   181   1
c  232   -1   281   1
c  234   -1   236   1
c  234   -1   186   1
c  185   -1   134   1
c  233   -1   184   1
c  233   -1   134   1
c  135   -1   184   1
c  135   -1   84   1
c  235   -1   184   1
c  235   -1   284   1
c  286   -1   235   1
c  286   -1   184   1
c  186   -1   135   1
c  186   -1   134   1
c  84   -1   35   1
c  34   -1   32   1
c  34   -1   85   1
c  35   -1   83   1
c  678   -1   629   1
c  678   -1   630   1
c  728   -1   677   1
c  728   -1   628   1
c  530   -1   630   1
c  480   -1   529   1
c  480   -1   531   1
c  531   -1   630   1
c  580   -1   531   1
c  580   -1   582   1
c  581   -1   579   1
c  581   -1   532   1
c  481   -1   532   1
c  481   -1   530   1
c  779   -1   777   1
c  779   -1   727   1
c  778   -1   827   1
c  778   -1   830   1
c  679   -1   628   1
c  679   -1   630   1
c  827   -1   779   1
c  877   -1   777   1
c  431   -1   482   1
c  431   -1   480   1
c  383   -1   432   1
c  383   -1   434   1
c  283   -1   285   1
c  283   -1   235   1
c  334   -1   283   1
c  334   -1   234   1
c  432   -1   532   1
c  432   -1   483   1
c  433   -1   384   1
c  433   -1   484   1
c  483   -1   434   1
c  483   -1   284   1
c  384   -1   335   1
c  384   -1   333   1
c  284   -1   335   1
c  284   -1   336   1
c  631   -1   682   1
c  631   -1   580   1
c  680   -1   780   1
c  680   -1   729   1
c  730   -1   679   1
c  730   -1   630   1
c  681   -1   730   1
c  632   -1   581   1
c  632   -1   583   1
c  729   -1   780   1
c  876   -1   827   1
c  876   -1   927   1
c  926   -1   875   1
c  926   -1   975   1
c  878   -1   927   1
c  878   -1   926   1
c  1024   -1   973   1
c  1024   -1   975   1
c  928   -1   879   1
c  928   -1   1027   1
c  828   -1   877   1
c  1026   -1   1024   1
c  1026   -1   974   1
c  1025   -1   1076   1
c  1025   -1   927   1
c  976   -1   978   1
c  976   -1   1027   1
c  1554   -1   1605   1
c  1554   -1   1655   1
c  1605   -1   1556   1
c  1605   -1   1656   1
c  1609   -1   1556   1
c  1609   -1   1555   1
c  1656   -1   1707   1
c  1656   -1   1608   1
c  1654   -1   1606   1
c  1654   -1   1601   1
c  1657   -1   1655   1
c  1655   -1   1653   1
c  1655   -1   1704   1
c  1608   -1   1657   1
c  1461   -1   1412   1
c  1461   -1   1510   1
c  1559   -1   1608   1
c  1559   -1   1610   1
c  1561   -1   1510   1
c  1561   -1   1509   1
c  1658   -1   1656   1
c  1658   -1   1707   1
c  1511   -1   1560   1
c  1511   -1   1562   1
c  1711   -1   1660   1
c  1711   -1   1510   1
c  1610   -1   1661   1
c  1610   -1   1561   1
c  1462   -1   1411   1
c  1463   -1   1461   1
c  1463   -1   1412   1
c  1170   -1   1219   1
c  1170   -1   1119   1
c  1220   -1   1222   1
c  1220   -1   1168   1
c  1073   -1   1122   1
c  1124   -1   1175   1
c  1124   -1   1176   1
c  1075   -1   1073   1
c  1075   -1   1072   1
c  1123   -1   1172   1
c  1123   -1   1074   1
c  1125   -1   1074   1
c  1125   -1   1076   1
c  1174   -1   1125   1
c  1174   -1   1223   1
c  1173   -1   1224   1
c  1173   -1   1124   1
c  1171   -1   1222   1
c  1171   -1   1173   1
c  1122   -1   1171   1
c  1122   -1   1023   1
c  1223   -1   1023   1
c  1175   -1   1023   1
c  1169   -1   1118   1
c  1169   -1   1121   1
c  1172   -1   1121   1
c  1172   -1   1220   1
c  1219   -1   1168   1
c  1219   -1   1268   1
c  1367   -1   1316   1
c  1367   -1   1266   1
c  1416   -1   1467   1
c  1317   -1   1368   1
c  1317   -1   1418   1
c  1268   -1   1368   1
c  1268   -1   1418   1
c  1318   -1   1418   1
c  1415   -1   1464   1
c  1415   -1   1313   1
c  1464   -1   1513   1
c  1464   -1   1563   1
c  1515   -1   1464   1
c  1515   -1   1414   1
c  1465   -1   1514   1
c  1466   -1   1515   1
c  1466   -1   1415   1
c  1553   -1   1502   1
c  1553   -1   1452   1
c  1706   -1   1755   1
c  1706   -1   1808   1
c  1602   -1   1553   1
c  1602   -1   1653   1
c  1653   -1   1553   1
c  1653   -1   1552   1
c  1603   -1   1652   1
c  1603   -1   1503   1
c  1601   -1   1701   1
c  1601   -1   1752   1
c  1701   -1   1551   1
c  285   -1   234   1
c  236   -1   187   1
c  236   -1   137   1
c  136   -1   185   1
c  136   -1   236   1
c  336   -1   235   1
c  336   -1   185   1
c  85   -1   36   1
c  87   -1   136   1
c  87   -1   135   1
c  287   -1   236   1
c  287   -1   289   1
c  437   -1   435   1
c  437   -1   286   1
c  187   -1   138   1
c  187   -1   136   1
c  86   -1   35   1
c  86   -1   186   1
c  36   -1   87   1
c  36   -1   88   1
c  137   -1   188   1
c  137   -1   35   1
c  532   -1   534   1
c  532   -1   583   1
c  482   -1   533   1
c  482   -1   531   1
c  582   -1   631   1
c  582   -1   633   1
c  533   -1   481   1
c  829   -1   878   1
c  829   -1   928   1
c  780   -1   831   1
c  780   -1   882   1
c  830   -1   730   1
c  927   -1   978   1
c  434   -1   432   1
c  335   -1   435   1
c  335   -1   387   1
c  337   -1   384   1
c  337   -1   334   1
c  385   -1   434   1
c  385   -1   433   1
c  586   -1   486   1
c  586   -1   433   1
c  484   -1   533   1
c  484   -1   532   1
c  435   -1   386   1
c  435   -1   384   1
c  583   -1   534   1
c  583   -1   631   1
c  682   -1   731   1
c  682   -1   633   1
c  731   -1   733   1
c  683   -1   681   1
c  683   -1   634   1
c  633   -1   584   1
c  977   -1   926   1
c  977   -1   1026   1
c  879   -1   1028   1
c  879   -1   1027   1
c  929   -1   927   1
c  929   -1   878   1
c  978   -1   929   1
c  978   -1   828   1
c  1027   -1   1076   1
c  1027   -1   1127   1
c  1076   -1   1028   1
c  1604   -1   1653   1
c  1604   -1   1602   1
c  1659   -1   1759   1
c  1659   -1   1710   1
c  1708   -1   1659   1
c  1708   -1   1609   1
c  1707   -1   1655   1
c  1707   -1   1654   1
c  1704   -1   1753   1
c  1704   -1   1755   1
c  1703   -1   1754   1
c  1703   -1   1654   1
c  1705   -1   1604   1
c  1705   -1   1856   1
c  1611   -1   1662   1
c  1611   -1   1712   1
c  1612   -1   1561   1
c  1709   -1   1658   1
c  1709   -1   1660   1
c  1710   -1   1611   1
c  1710   -1   1658   1
c  1512   -1   1612   1
c  1512   -1   1611   1
c  1661   -1   1663   1
c  1661   -1   1713   1
c  1761   -1   1810   1
c  1761   -1   1861   1
c  1712   -1   1661   1
c  1712   -1   1710   1
c  1713   -1   1711   1
c  1713   -1   1762   1
c  1660   -1   1611   1
c  1660   -1   1810   1
c  1513   -1   1562   1
c  1513   -1   1613   1
c  1563   -1   1463   1
c  1563   -1   1512   1
c  1270   -1   1219   1
c  1270   -1   1222   1
c  1221   -1   1272   1
c  1221   -1   1173   1
c  1269   -1   1169   1
c  1269   -1   1220   1
c  1271   -1   1220   1
c  1271   -1   1273   1
c  1222   -1   1273   1
c  1222   -1   1322   1
c  1176   -1   1227   1
c  1176   -1   1277   1
c  1126   -1   1177   1
c  1126   -1   1075   1
c  1224   -1   1222   1
c  1224   -1   1172   1
c  1274   -1   1323   1
c  1274   -1   1174   1
c  1273   -1   1221   1
c  1225   -1   1274   1
c  1225   -1   1276   1
c  1417   -1   1466   1
c  1417   -1   1468   1
c  1368   -1   1417   1
c  1368   -1   1470   1
c  1319   -1   1317   1
c  1319   -1   1367   1
c  1468   -1   1367   1
c  1467   -1   1465   1
c  1467   -1   1464   1
c  1418   -1   1369   1
c  1418   -1   1466   1
c  1514   -1   1466   1
c  1565   -1   1567   1
c  1565   -1   1617   1
c  1516   -1   1467   1
c  1516   -1   1465   1
c  1566   -1   1515   1
c  1566   -1   1563   1
c  1756   -1   1754   1
c  1756   -1   1705   1
c  1755   -1   1806   1
c  1755   -1   1804   1
c  1808   -1   1810   1
c  1652   -1   1601   1
c  1651   -1   1602   1
c  1651   -1   1702   1
c  1702   -1   1653   1
c  1752   -1   1652   1
c  1752   -1   1653   1
c  1754   -1   1653   1
c  1751   -1   1753   1
c  1751   -1   1851   1
c  237   -1   188   1
c  237   -1   137   1
c  188   -1   190   1
c  188   -1   236   1
c  386   -1   486   1
c  386   -1   335   1
c  486   -1   336   1
c  37   -1   88   1
c  37   -1   86   1
c  88   -1   90   1
c  88   -1   188   1
c  138   -1   140   1
c  138   -1   87   1
c  288   -1   339   1
c  289   -1   238   1
c  387   -1   438   1
c  387   -1   439   1
c  436   -1   485   1
c  436   -1   536   1
c  487   -1   536   1
c  487   -1   538   1
c  438   -1   389   1
c  438   -1   339   1
c  388   -1   437   1
c  388   -1   390   1
c  534   -1   485   1
c  534   -1   536   1
c  584   -1   582   1
c  781   -1   830   1
c  781   -1   829   1
c  832   -1   830   1
c  832   -1   780   1
c  831   -1   782   1
c  831   -1   682   1
c  882   -1   982   1
c  882   -1   830   1
c  880   -1   929   1
c  880   -1   931   1
c  338   -1   289   1
c  338   -1   341   1
c  536   -1   435   1
c  585   -1   634   1
c  585   -1   633   1
c  636   -1   537   1
c  636   -1   535   1
c  587   -1   589   1
c  587   -1   636   1
c  485   -1   536   1
c  485   -1   586   1
c  685   -1   736   1
c  685   -1   586   1
c  638   -1   689   1
c  638   -1   586   1
c  732   -1   683   1
c  732   -1   633   1
c  733   -1   682   1
c  733   -1   633   1
c  684   -1   733   1
c  783   -1   683   1
c  783   -1   834   1
c  1028   -1   977   1
c  1028   -1   1077   1
c  930   -1   879   1
c  930   -1   881   1
c  979   -1   1030   1
c  979   -1   1028   1
c  980   -1   929   1
c  980   -1   1031   1
c  1077   -1   1178   1
c  1077   -1   1179   1
c  1127   -1   1079   1
c  1127   -1   1081   1
c  1759   -1   1808   1
c  1759   -1   1710   1
c  1758   -1   1707   1
c  1758   -1   1809   1
c  1757   -1   1808   1
c  1757   -1   1907   1
c  1753   -1   1702   1
c  1753   -1   1802   1
c  1802   -1   1702   1
c  1802   -1   1703   1
c  1856   -1   1907   1
c  1856   -1   1956   1
c  1662   -1   1562   1
c  1662   -1   1512   1
c  1613   -1   1562   1
c  1613   -1   1662   1
c  1760   -1   1811   1
c  1760   -1   1812   1
c  1811   -1   1710   1
c  1762   -1   1714   1
c  1812   -1   1761   1
c  1812   -1   1712   1
c  1810   -1   1859   1
c  1810   -1   1813   1
c  1861   -1   1863   1
c  1861   -1   2010   1
c  1714   -1   1712   1
c  1714   -1   1662   1
c  1664   -1   1712   1
c  1763   -1   1714   1
c  1763   -1   1664   1
c  1764   -1   1713   1
c  1764   -1   1767   1
c  1564   -1   1664   1
c  1564   -1   1714   1
c  1320   -1   1420   1
c  1320   -1   1421   1
c  1369   -1   1270   1
c  1369   -1   1468   1
c  1272   -1   1323   1
c  1272   -1   1321   1
c  1321   -1   1421   1
c  1321   -1   1369   1
c  1323   -1   1222   1
c  1322   -1   1371   1
c  1322   -1   1324   1
c  1226   -1   1275   1
c  1226   -1   1325   1
c  1177   -1   1078   1
c  1276   -1   1176   1
c  1276   -1   1327   1
c  1179   -1   1177   1
c  1179   -1   1176   1
c  1227   -1   1180   1
c  1277   -1   1177   1
c  1277   -1   1326   1
c  1324   -1   1375   1
c  1324   -1   1276   1
c  1275   -1   1324   1
c  1275   -1   1326   1
c  1470   -1   1421   1
c  1470   -1   1422   1
c  1518   -1   1569   1
c  1518   -1   1469   1
c  1469   -1   1471   1
c  1469   -1   1472   1
c  1419   -1   1468   1
c  1419   -1   1467   1
c  1568   -1   1468   1
c  1568   -1   1566   1
c  1519   -1   1619   1
c  1519   -1   1468   1
c  1517   -1   1519   1
c  1517   -1   1565   1
c  1370   -1   1419   1
c  1370   -1   1418   1
c  1569   -1   1567   1
c  1569   -1   1514   1
c  1615   -1   1666   1
c  1615   -1   1716   1
c  1614   -1   1663   1
c  1614   -1   1565   1
c  1567   -1   1618   1
c  1617   -1   1716   1
c  1617   -1   1766   1
c  1616   -1   1667   1
c  1616   -1   1567   1
c  1806   -1   1808   1
c  1806   -1   1809   1
c  1805   -1   1756   1
c  1805   -1   1854   1
c  1804   -1   1853   1
c  1807   -1   1856   1
c  1807   -1   1858   1
c  1858   -1   1960   1
c  1809   -1   1858   1
c  1809   -1   1857   1
c  1857   -1   1806   1
c  1857   -1   1808   1
c  1859   -1   1808   1
c  1859   -1   1856   1
c  1860   -1   1909   1
c  1860   -1   1808   1
c  1801   -1   1852   1
c  1801   -1   1853   1
c  1851   -1   1802   1
c  238   -1   189   1
c  238   -1   190   1
c  339   -1   237   1
c  189   -1   191   1
c  189   -1   288   1
c  190   -1   139   1
c  190   -1   89   1
c  38   -1   89   1
c  38   -1   90   1
c  89   -1   91   1
c  39   -1   88   1
c  39   -1   140   1
c  90   -1   39   1
c  139   -1   39   1
c  139   -1   40   1
c  239   -1   288   1
c  239   -1   138   1
c  140   -1   191   1
c  290   -1   339   1
c  290   -1   440   1
c  240   -1   289   1
c  240   -1   291   1
c  439   -1   488   1
c  439   -1   388   1
c  537   -1   488   1
c  537   -1   588   1
c  488   -1   588   1
c  488   -1   587   1
c  538   -1   637   1
c  538   -1   736   1
c  389   -1   340   1
c  389   -1   341   1
c  390   -1   441   1
c  390   -1   341   1
c  535   -1   584   1
c  535   -1   634   1
c  782   -1   833   1
c  782   -1   883   1
c  833   -1   784   1
c  833   -1   831   1
c  884   -1   882   1
c  884   -1   832   1
c  881   -1   982   1
c  881   -1   782   1
c  932   -1   981   1
c  932   -1   782   1
c  883   -1   934   1
c  883   -1   783   1
c  981   -1   930   1
c  981   -1   882   1
c  934   -1   983   1
c  934   -1   882   1
c  982   -1   1031   1
c  982   -1   1082   1
c  931   -1   1031   1
c  931   -1   980   1
c  341   -1   292   1
c  341   -1   392   1
c  635   -1   684   1
c  635   -1   686   1
c  686   -1   735   1
c  686   -1   785   1
c  637   -1   639   1
c  736   -1   636   1
c  736   -1   687   1
c  687   -1   638   1
c  687   -1   636   1
c  785   -1   685   1
c  785   -1   636   1
c  688   -1   739   1
c  688   -1   636   1
c  588   -1   637   1
c  639   -1   690   1
c  639   -1   587   1
c  589   -1   591   1
c  735   -1   635   1
c  735   -1   784   1
c  738   -1   638   1
c  738   -1   888   1
c  640   -1   638   1
c  640   -1   691   1
c  689   -1   640   1
c  689   -1   540   1
c  734   -1   783   1
c  734   -1   634   1
c  784   -1   835   1
c  834   -1   734   1
c  834   -1   735   1
c  1078   -1   1029   1
c  1078   -1   1178   1
c  1029   -1   1080   1
c  1029   -1   1130   1
c  1081   -1   981   1
c  1081   -1   979   1
c  1030   -1   1081   1
c  1030   -1   1032   1
c  983   -1   981   1
c  983   -1   980   1
c  1079   -1   1077   1
c  1079   -1   1179   1
c  1178   -1   1227   1
c  1128   -1   1177   1
c  1128   -1   1227   1
c  1129   -1   1127   1
c  1129   -1   1178   1
c  1279   -1   1328   1
c  1279   -1   1127   1
c  1907   -1   1905   1
c  1907   -1   1904   1
c  1803   -1   1854   1
c  1803   -1   1904   1
c  1852   -1   1903   1
c  1852   -1   1803   1
c  1853   -1   1902   1
c  1853   -1   1802   1
c  1855   -1   1903   1
c  1855   -1   1902   1
c  1906   -1   1908   1
c  1906   -1   1805   1
c  1905   -1   1856   1
c  1905   -1   1956   1
c  1956   -1   2007   1
c  1956   -1   2004   1
c  1862   -1   1911   1
c  1862   -1   1762   1
c  1813   -1   1913   1
c  1813   -1   1764   1
c  1911   -1   1909   1
c  1911   -1   1959   1
c  1863   -1   1914   1
c  1863   -1   1765   1
c  2010   -1   2061   1
c  2010   -1   2109   1
c  1715   -1   1666   1
c  1715   -1   1717   1
c  1765   -1   1714   1
c  1765   -1   1716   1
c  1816   -1   1715   1
c  1816   -1   1714   1
c  1665   -1   1616   1
c  1665   -1   1614   1
c  1814   -1   1863   1
c  1814   -1   1763   1
c  1864   -1   1813   1
c  1864   -1   1763   1
c  1767   -1   1716   1
c  1767   -1   1666   1
c  1372   -1   1321   1
c  1372   -1   1320   1
c  1420   -1   1471   1
c  1420   -1   1469   1
c  1421   -1   1370   1
c  1421   -1   1369   1
c  1371   -1   1272   1
c  1373   -1   1473   1
c  1373   -1   1472   1
c  1374   -1   1323   1
c  1374   -1   1325   1
c  1375   -1   1323   1
c  1422   -1   1373   1
c  1422   -1   1322   1
c  1325   -1   1373   1
c  1325   -1   1423   1
c  1326   -1   1377   1
c  1328   -1   1277   1
c  1328   -1   1276   1
c  1327   -1   1325   1
c  1327   -1   1376   1
c  1229   -1   1278   1
c  1229   -1   1378   1
c  1180   -1   1129   1
c  1228   -1   1277   1
c  1228   -1   1430   1
c  1278   -1   1327   1
c  1376   -1   1324   1
c  1426   -1   1428   1
c  1426   -1   1275   1
c  1520   -1   1421   1
c  1471   -1   1520   1
c  1471   -1   1570   1
c  1521   -1   1470   1
c  1521   -1   1469   1
c  1618   -1   1518   1
c  1472   -1   1572   1
c  1472   -1   1523   1
c  1619   -1   1668   1
c  1619   -1   1617   1
c  1570   -1   1619   1
c  1570   -1   1618   1
c  1666   -1   1717   1
c  1666   -1   1718   1
c  1716   -1   1665   1
c  1716   -1   1668   1
c  1667   -1   1669   1
c  1667   -1   1718   1
c  1766   -1   1715   1
c  1766   -1   1817   1
c  1854   -1   1806   1
c  1904   -1   1902   1
c  1904   -1   1805   1
c  1908   -1   1957   1
c  1908   -1   1956   1
c  1960   -1   2060   1
c  1960   -1   2011   1
c  1957   -1   2008   1
c  1957   -1   1857   1
c  1909   -1   1907   1
c  1909   -1   1957   1
c  1910   -1   1959   1
c  1910   -1   1908   1
c  1901   -1   1952   1
c  1901   -1   1852   1
c  340   -1   342   1
c  340   -1   292   1
c  191   -1   142   1
c  191   -1   91   1
c  141   -1   190   1
c  141   -1   241   1
c  91   -1   140   1
c  91   -1   93   1
c  40   -1   91   1
c  40   -1   142   1
c  142   -1   91   1
c  142   -1   90   1
c  291   -1   342   1
c  291   -1   392   1
c  440   -1   389   1
c  440   -1   540   1
c  241   -1   246   1
c  489   -1   589   1
c  489   -1   639   1
c  539   -1   439   1
c  539   -1   588   1
c  490   -1   439   1
c  490   -1   441   1
c  391   -1   442   1
c  391   -1   492   1
c  441   -1   392   1
c  441   -1   492   1
c  984   -1   982   1
c  984   -1   833   1
c  885   -1   887   1
c  933   -1   884   1
c  933   -1   834   1
c  1032   -1   1132   1
c  1032   -1   932   1
c  935   -1   986   1
c  935   -1   836   1
c  1082   -1   1133   1
c  342   -1   444   1
c  292   -1   343   1
c  292   -1   194   1
c  392   -1   443   1
c  786   -1   788   1
c  786   -1   835   1
c  737   -1   837   1
c  737   -1   886   1
c  787   -1   836   1
c  787   -1   736   1
c  835   -1   1036   1
c  835   -1   933   1
c  739   -1   690   1
c  590   -1   639   1
c  590   -1   689   1
c  690   -1   641   1
c  690   -1   642   1
c  540   -1   491   1
c  540   -1   589   1
c  591   -1   540   1
c  591   -1   542   1
c  788   -1   837   1
c  788   -1   836   1
c  888   -1   839   1
c  888   -1   837   1
c  641   -1   590   1
c  641   -1   689   1
c  691   -1   740   1
c  691   -1   742   1
c  789   -1   689   1
c  789   -1   690   1
c  1080   -1   1129   1
c  1130   -1   1079   1
c  1131   -1   1180   1
c  1131   -1   1182   1
c  1132   -1   1081   1
c  1132   -1   1183   1
c  1033   -1   1082   1
c  1033   -1   1084   1
c  1329   -1   1280   1
c  1329   -1   1327   1
c  1280   -1   1231   1
c  1280   -1   1233   1
c  1902   -1   1951   1
c  1952   -1   1852   1
c  1952   -1   2001   1
c  1903   -1   1901   1
c  1903   -1   1854   1
c  1955   -1   2055   1
c  1955   -1   2103   1
c  2006   -1   2106   1
c  2006   -1   2156   1
c  2007   -1   2009   1
c  2007   -1   2059   1
c  2004   -1   2006   1
c  2004   -1   2002   1
c  1912   -1   1963   1
c  1912   -1   2013   1
c  1913   -1   1862   1
c  1961   -1   1910   1
c  1959   -1   1961   1
c  1959   -1   1908   1
c  1815   -1   1864   1
c  1815   -1   1863   1
c  1914   -1   1912   1
c  2009   -1   1958   1
c  2009   -1   2108   1
c  2060   -1   2009   1
c  2060   -1   2058   1
c  2011   -1   1959   1
c  2012   -1   2061   1
c  2012   -1   2010   1
c  2061   -1   2110   1
c  2109   -1   2058   1
c  2109   -1   2158   1
c  1717   -1   1768   1
c  1717   -1   1769   1
c  1866   -1   1917   1
c  1866   -1   1918   1
c  1817   -1   1866   1
c  1817   -1   1769   1
c  1865   -1   1816   1
c  1865   -1   1818   1
c  1867   -1   1816   1
c  1915   -1   1864   1
c  1915   -1   1815   1
c  1768   -1   1817   1
c  1768   -1   1867   1
c  1668   -1   1768   1
c  1668   -1   1767   1
c  1423   -1   1425   1
c  1423   -1   1475   1
c  1473   -1   1524   1
c  1473   -1   1475   1
c  1424   -1   1473   1
c  1424   -1   1422   1
c  1475   -1   1374   1
c  1425   -1   1474   1
c  1425   -1   1376   1
c  1427   -1   1478   1
c  1427   -1   1375   1
c  1377   -1   1477   1
c  1377   -1   1476   1
c  1378   -1   1429   1
c  1378   -1   1478   1
c  1379   -1   1328   1
c  1379   -1   1479   1
c  1230   -1   1232   1
c  1230   -1   1282   1
c  1181   -1   1232   1
c  1181   -1   1132   1
c  1430   -1   1428   1
c  1430   -1   1378   1
c  1476   -1   1525   1
c  1476   -1   1527   1
c  1428   -1   1379   1
c  1428   -1   1377   1
c  1571   -1   1520   1
c  1571   -1   1523   1
c  1522   -1   1473   1
c  1522   -1   1471   1
c  1621   -1   1521   1
c  1621   -1   1572   1
c  1523   -1   1521   1
c  1572   -1   1623   1
c  1572   -1   1624   1
c  1669   -1   1718   1
c  1669   -1   1769   1
c  1620   -1   1720   1
c  1620   -1   1719   1
c  1870   -1   1716   1
c  1954   -1   2003   1
c  1954   -1   2053   1
c  1958   -1   2058   1
c  1958   -1   2007   1
c  2008   -1   1959   1
c  2008   -1   1908   1
c  1951   -1   2051   1
c  1951   -1   2052   1
c  192   -1   243   1
c  192   -1   241   1
c  44   -1   91   1
c  44   -1   141   1
c  41   -1   92   1
c  41   -1   93   1
c  92   -1   94   1
c  143   -1   243   1
c  143   -1   91   1
c  93   -1   194   1
c  93   -1   244   1
c  42   -1   93   1
c  42   -1   40   1
c  242   -1   196   1
c  242   -1   296   1
c  491   -1   442   1
c  491   -1   542   1
c  293   -1   391   1
c  293   -1   595   1
c  442   -1   444   1
c  442   -1   493   1
c  492   -1   543   1
c  492   -1   544   1
c  443   -1   492   1
c  443   -1   441   1
c  1034   -1   1134   1
c  1034   -1   1133   1
c  985   -1   1034   1
c  985   -1   1085   1
c  1035   -1   984   1
c  1035   -1   1037   1
c  886   -1   935   1
c  886   -1   985   1
c  836   -1   885   1
c  887   -1   836   1
c  887   -1   938   1
c  936   -1   887   1
c  936   -1   1036   1
c  986   -1   937   1
c  1083   -1   1132   1
c  1083   -1   1131   1
c  1084   -1   1133   1
c  1084   -1   1082   1
c  1231   -1   1131   1
c  1231   -1   1082   1
c  1133   -1   1182   1
c  1133   -1   1232   1
c  343   -1   392   1
c  343   -1   442   1
c  393   -1   342   1
c  393   -1   442   1
c  444   -1   493   1
c  444   -1   547   1
c  194   -1   243   1
c  194   -1   143   1
c  837   -1   886   1
c  1036   -1   985   1
c  1036   -1   1034   1
c  740   -1   789   1
c  740   -1   839   1
c  838   -1   789   1
c  838   -1   739   1
c  790   -1   690   1
c  790   -1   741   1
c  642   -1   591   1
c  642   -1   543   1
c  541   -1   592   1
c  541   -1   593   1
c  592   -1   643   1
c  595   -1   646   1
c  595   -1   591   1
c  542   -1   642   1
c  542   -1   494   1
c  938   -1   940   1
c  938   -1   936   1
c  889   -1   891   1
c  889   -1   941   1
c  839   -1   890   1
c  839   -1   891   1
c  741   -1   743   1
c  692   -1   741   1
c  692   -1   644   1
c  742   -1   693   1
c  791   -1   789   1
c  791   -1   891   1
c  1134   -1   1183   1
c  1134   -1   1131   1
c  1233   -1   1231   1
c  1233   -1   1131   1
c  1183   -1   1234   1
c  1183   -1   1235   1
c  1330   -1   1281   1
c  1330   -1   1379   1
c  1281   -1   1380   1
c  1281   -1   1432   1
c  1382   -1   1380   1
c  1382   -1   1280   1
c  1953   -1   1902   1
c  1953   -1   2001   1
c  2002   -1   2053   1
c  2002   -1   2103   1
c  2001   -1   2003   1
c  2001   -1   2102   1
c  2005   -1   2056   1
c  2005   -1   2007   1
c  2055   -1   2104   1
c  2103   -1   2154   1
c  2103   -1   2155   1
c  2056   -1   2007   1
c  2056   -1   2107   1
c  2057   -1   2006   1
c  2057   -1   2055   1
c  2107   -1   2006   1
c  2107   -1   2005   1
c  2106   -1   2057   1
c  2106   -1   2207   1
c  2156   -1   2107   1
c  2156   -1   2205   1
c  2058   -1   2009   1
c  2058   -1   2007   1
c  2059   -1   2108   1
c  2059   -1   2110   1
c  2003   -1   2052   1
c  2054   -1   2003   1
c  2054   -1   2005   1
c  1962   -1   2011   1
c  1962   -1   1959   1
c  1963   -1   1965   1
c  1963   -1   1966   1
c  2013   -1   2065   1
c  2013   -1   2061   1
c  1964   -1   1913   1
c  1964   -1   1915   1
c  1965   -1   1913   1
c  2017   -1   2066   1
c  2017   -1   1913   1
c  2014   -1   1914   1
c  2014   -1   1963   1
c  1916   -1   1865   1
c  1916   -1   1914   1
c  2015   -1   1964   1
c  2015   -1   1914   1
c  2108   -1   2110   1
c  2108   -1   2208   1
c  2110   -1   2159   1
c  2062   -1   2013   1
c  2062   -1   1963   1
c  2111   -1   2109   1
c  2111   -1   2160   1
c  2159   -1   2108   1
c  2159   -1   2058   1
c  2210   -1   2159   1
c  2210   -1   2109   1
c  2161   -1   2109   1
c  2161   -1   2059   1
c  2158   -1   2107   1
c  1769   -1   1668   1
c  1769   -1   1920   1
c  1917   -1   1868   1
c  1917   -1   1966   1
c  1918   -1   1967   1
c  1918   -1   1969   1
c  1818   -1   1867   1
c  1818   -1   1918   1
c  1868   -1   1870   1
c  1868   -1   1920   1
c  1966   -1   1915   1
c  1966   -1   1968   1
c  1719   -1   1768   1
c  1719   -1   1868   1
c  1819   -1   1768   1
c  1819   -1   1868   1
c  1474   -1   1423   1
c  1474   -1   1574   1
c  1524   -1   1526   1
c  1524   -1   1476   1
c  1526   -1   1475   1
c  1526   -1   1424   1
c  1525   -1   1527   1
c  1525   -1   1671   1
c  1477   -1   1429   1
c  1477   -1   1524   1
c  1429   -1   1531   1
c  1429   -1   1481   1
c  1380   -1   1431   1
c  1380   -1   1429   1
c  1479   -1   1530   1
c  1479   -1   1531   1
c  1232   -1   1332   1
c  1232   -1   1281   1
c  1282   -1   1333   1
c  1282   -1   1331   1
c  1480   -1   1431   1
c  1480   -1   1429   1
c  1431   -1   1482   1
c  1431   -1   1382   1
c  1381   -1   1430   1
c  1381   -1   1480   1
c  1527   -1   1578   1
c  1527   -1   1480   1
c  1573   -1   1571   1
c  1573   -1   1624   1
c  1671   -1   1620   1
c  1671   -1   1669   1
c  1622   -1   1671   1
c  1622   -1   1722   1
c  1672   -1   1621   1
c  1672   -1   1620   1
c  1574   -1   1572   1
c  1574   -1   1622   1
c  1623   -1   1672   1
c  1624   -1   1675   1
c  1624   -1   1724   1
c  1670   -1   1770   1
c  1670   -1   1719   1
c  1720   -1   1820   1
c  1720   -1   1669   1
c  1820   -1   1873   1
c  1820   -1   1774   1
c  1869   -1   1918   1
c  1869   -1   1920   1
c  1920   -1   2020   1
c  1920   -1   1969   1
c  1871   -1   1869   1
c  1871   -1   1920   1
c  1969   -1   2020   1
c  1969   -1   1870   1
c  1921   -1   1870   1
c  1921   -1   1972   1
c  2053   -1   2153   1
c  2053   -1   2202   1
c  2051   -1   2002   1
c  2051   -1   2102   1
c  2052   -1   2001   1
c  2052   -1   2151   1
c  193   -1   195   1
c  193   -1   295   1
c  243   -1   343   1
c  243   -1   245   1
c  43   -1   92   1
c  43   -1   94   1
c  94   -1   143   1
c  45   -1   144   1
c  45   -1   146   1
c  95   -1   44   1
c  95   -1   43   1
c  144   -1   244   1
c  144   -1   195   1
c  244   -1   293   1
c  244   -1   246   1
c  196   -1   245   1
c  196   -1   149   1
c  296   -1   144   1
c  245   -1   296   1
c  245   -1   446   1
c  247   -1   296   1
c  247   -1   349   1
c  195   -1   246   1
c  195   -1   247   1
c  197   -1   148   1
c  197   -1   246   1
c  148   -1   99   1
c  148   -1   246   1
c  294   -1   343   1
c  294   -1   195   1
c  493   -1   544   1
c  493   -1   593   1
c  543   -1   494   1
c  543   -1   495   1
c  544   -1   495   1
c  544   -1   593   1
c  394   -1   445   1
c  394   -1   443   1
c  1085   -1   1133   1
c  1135   -1   1035   1
c  1135   -1   1184   1
c  1037   -1   986   1
c  1037   -1   937   1
c  937   -1   988   1
c  937   -1   990   1
c  987   -1   887   1
c  987   -1   936   1
c  1184   -1   1133   1
c  1184   -1   1232   1
c  344   -1   393   1
c  494   -1   445   1
c  494   -1   546   1
c  445   -1   345   1
c  445   -1   346   1
c  495   -1   444   1
c  495   -1   446   1
c  446   -1   444   1
c  446   -1   497   1
c  547   -1   549   1
c  1086   -1   1137   1
c  1086   -1   1187   1
c  840   -1   940   1
c  840   -1   791   1
c  593   -1   644   1
c  545   -1   594   1
c  545   -1   646   1
c  594   -1   543   1
c  594   -1   643   1
c  645   -1   545   1
c  645   -1   546   1
c  596   -1   645   1
c  596   -1   593   1
c  644   -1   595   1
c  644   -1   693   1
c  597   -1   595   1
c  597   -1   497   1
c  646   -1   597   1
c  646   -1   648   1
c  988   -1   939   1
c  988   -1   889   1
c  939   -1   1039   1
c  939   -1   1040   1
c  989   -1   987   1
c  989   -1   938   1
c  940   -1   942   1
c  940   -1   1038   1
c  890   -1   941   1
c  890   -1   939   1
c  891   -1   991   1
c  891   -1   840   1
c  941   -1   939   1
c  792   -1   841   1
c  792   -1   741   1
c  743   -1   794   1
c  743   -1   844   1
c  693   -1   695   1
c  693   -1   795   1
c  793   -1   742   1
c  793   -1   842   1
c  841   -1   890   1
c  841   -1   892   1
c  842   -1   844   1
c  842   -1   791   1
c  1283   -1   1234   1
c  1283   -1   1235   1
c  1234   -1   1236   1
c  1234   -1   1286   1
c  1332   -1   1283   1
c  1332   -1   1233   1
c  1235   -1   1335   1
c  1235   -1   1385   1
c  1331   -1   1232   1
c  1530   -1   1481   1
c  1530   -1   1330   1
c  1432   -1   1381   1
c  1432   -1   1481   1
c  1383   -1   1434   1
c  1383   -1   1432   1
c  1333   -1   1382   1
c  1333   -1   1335   1
c  1481   -1   1382   1
c  1334   -1   1385   1
c  1334   -1   1382   1
c  2102   -1   2153   1
c  2102   -1   2053   1
c  2105   -1   2156   1
c  2105   -1   2154   1
c  2155   -1   2055   1
c  2104   -1   2155   1
c  2153   -1   2202   1
c  2154   -1   2203   1
c  2154   -1   2353   1
c  2157   -1   2208   1
c  2157   -1   2260   1
c  2206   -1   2255   1
c  2206   -1   2106   1
c  2207   -1   2158   1
c  2207   -1   2256   1
c  2205   -1   2203   1
c  2205   -1   2154   1
c  2209   -1   2258   1
c  2209   -1   2058   1
c  2112   -1   2059   1
c  2204   -1   2104   1
c  2204   -1   2054   1
c  2063   -1   2112   1
c  2063   -1   2160   1
c  2065   -1   2016   1
c  2065   -1   2014   1
c  2115   -1   2164   1
c  2115   -1   1964   1
c  2016   -1   1965   1
c  2016   -1   2014   1
c  2066   -1   1966   1
c  2066   -1   1965   1
c  1967   -1   2018   1
c  2067   -1   2065   1
c  2067   -1   2116   1
c  2018   -1   2065   1
c  2018   -1   2214   1
c  2116   -1   2017   1
c  2064   -1   2115   1
c  2064   -1   2062   1
c  2208   -1   2159   1
c  2208   -1   2259   1
c  2160   -1   2211   1
c  2160   -1   2212   1
c  2113   -1   2062   1
c  2113   -1   2165   1
c  2259   -1   2159   1
c  2309   -1   2358   1
c  2309   -1   2159   1
c  2260   -1   2209   1
c  2260   -1   2262   1
c  2211   -1   2260   1
c  2212   -1   2263   1
c  2212   -1   2210   1
c  2162   -1   2113   1
c  2162   -1   2313   1
c  2257   -1   2259   1
c  2257   -1   2158   1
c  1770   -1   1821   1
c  1770   -1   1824   1
c  1919   -1   1917   1
c  1919   -1   1868   1
c  1968   -1   2019   1
c  1968   -1   2069   1
c  1772   -1   1821   1
c  1772   -1   1868   1
c  1771   -1   1822   1
c  1771   -1   1719   1
c  1575   -1   1624   1
c  1575   -1   1524   1
c  1576   -1   1525   1
c  1576   -1   1676   1
c  1577   -1   1526   1
c  1577   -1   1575   1
c  1528   -1   1577   1
c  1528   -1   1477   1
c  1529   -1   1480   1
c  1529   -1   1478   1
c  1531   -1   1580   1
c  1531   -1   1579   1
c  1482   -1   1531   1
c  1482   -1   1480   1
c  1727   -1   1627   1
c  1727   -1   1527   1
c  1578   -1   1529   1
c  1673   -1   1724   1
c  1673   -1   1573   1
c  1721   -1   1770   1
c  1721   -1   1670   1
c  1722   -1   1671   1
c  1625   -1   1676   1
c  1625   -1   1574   1
c  1674   -1   1625   1
c  1674   -1   1623   1
c  1626   -1   1624   1
c  1626   -1   1575   1
c  1675   -1   1677   1
c  1675   -1   1575   1
c  1724   -1   1675   1
c  1724   -1   1625   1
c  1821   -1   1720   1
c  1873   -1   1924   1
c  1873   -1   1925   1
c  1774   -1   1725   1
c  1774   -1   1674   1
c  1970   -1   1921   1
c  1970   -1   2070   1
c  1971   -1   1920   1
c  1971   -1   2020   1
c  2070   -1   1920   1
c  2020   -1   2120   1
c  2020   -1   2071   1
c  1872   -1   1921   1
c  1872   -1   1821   1
c  2021   -1   1871   1
c  2021   -1   1823   1
c  2019   -1   2068   1
c  2019   -1   2119   1
c  1922   -1   1874   1
c  1922   -1   1674   1
c  1923   -1   1921   1
c  1923   -1   1872   1
c  1972   -1   2023   1
c  1972   -1   2071   1
c  2202   -1   2251   1
c  2202   -1   2302   1
c  2101   -1   2201   1
c  2101   -1   2202   1
c  2151   -1   2202   1
c  2151   -1   2203   1
c  295   -1   344   1
c  295   -1   297   1
c  46   -1   95   1
c  46   -1   146   1
c  47   -1   45   1
c  47   -1   95   1
c  146   -1   195   1
c  146   -1   95   1
c  145   -1   196   1
c  145   -1   147   1
c  96   -1   47   1
c  96   -1   48   1
c  97   -1   95   1
c  97   -1   149   1
c  147   -1   196   1
c  147   -1   249   1
c  149   -1   200   1
c  149   -1   96   1
c  346   -1   297   1
c  346   -1   298   1
c  297   -1   245   1
c  297   -1   195   1
c  248   -1   197   1
c  248   -1   199   1
c  200   -1   249   1
c  200   -1   247   1
c  349   -1   249   1
c  349   -1   400   1
c  198   -1   249   1
c  198   -1   147   1
c  98   -1   147   1
c  98   -1   149   1
c  150   -1   199   1
c  150   -1   148   1
c  99   -1   48   1
c  99   -1   198   1
c  395   -1   344   1
c  395   -1   346   1
c  1136   -1   1087   1
c  1136   -1   1085   1
c  1185   -1   1187   1
c  1185   -1   1188   1
c  1138   -1   1136   1
c  1138   -1   1135   1
c  1087   -1   1138   1
c  1038   -1   1087   1
c  1038   -1   1040   1
c  990   -1   1041   1
c  990   -1   1039   1
c  345   -1   396   1
c  345   -1   446   1
c  546   -1   446   1
c  496   -1   445   1
c  496   -1   447   1
c  397   -1   446   1
c  397   -1   445   1
c  396   -1   448   1
c  447   -1   547   1
c  497   -1   546   1
c  497   -1   596   1
c  548   -1   599   1
c  548   -1   649   1
c  498   -1   547   1
c  498   -1   549   1
c  549   -1   448   1
c  1186   -1   1137   1
c  1186   -1   1086   1
c  1088   -1   1039   1
c  1088   -1   1086   1
c  1137   -1   1237   1
c  1187   -1   1236   1
c  1187   -1   1238   1
c  893   -1   942   1
c  893   -1   840   1
c  744   -1   693   1
c  744   -1   643   1
c  695   -1   744   1
c  695   -1   795   1
c  696   -1   645   1
c  696   -1   745   1
c  647   -1   596   1
c  647   -1   698   1
c  694   -1   743   1
c  694   -1   646   1
c  745   -1   694   1
c  745   -1   644   1
c  598   -1   649   1
c  598   -1   650   1
c  844   -1   942   1
c  844   -1   646   1
c  942   -1   991   1
c  942   -1   646   1
c  648   -1   748   1
c  648   -1   697   1
c  991   -1   989   1
c  991   -1   939   1
c  1039   -1   1139   1
c  1039   -1   1140   1
c  1040   -1   1089   1
c  1040   -1   1140   1
c  892   -1   943   1
c  892   -1   894   1
c  794   -1   796   1
c  794   -1   846   1
c  795   -1   844   1
c  795   -1   746   1
c  843   -1   894   1
c  843   -1   895   1
c  1284   -1   1335   1
c  1284   -1   1384   1
c  1285   -1   1234   1
c  1285   -1   1187   1
c  1236   -1   1285   1
c  1236   -1   1287   1
c  1286   -1   1284   1
c  1286   -1   1386   1
c  1335   -1   1286   1
c  1385   -1   1436   1
c  1385   -1   1337   1
c  1580   -1   1529   1
c  1580   -1   1582   1
c  1579   -1   1528   1
c  1579   -1   1530   1
c  1583   -1   1532   1
c  1583   -1   1530   1
c  1433   -1   1484   1
c  1433   -1   1482   1
c  1384   -1   1335   1
c  1384   -1   1486   1
c  1435   -1   1384   1
c  1435   -1   1383   1
c  1434   -1   1385   1
c  1434   -1   1436   1
c  2152   -1   2203   1
c  2152   -1   2201   1
c  2254   -1   2205   1
c  2254   -1   2155   1
c  2203   -1   2201   1
c  2203   -1   2252   1
c  2353   -1   2302   1
c  2353   -1   2305   1
c  2256   -1   2356   1
c  2256   -1   2405   1
c  2255   -1   2207   1
c  2258   -1   2311   1
c  2114   -1   2165   1
c  2114   -1   2213   1
c  2165   -1   2066   1
c  2117   -1   2115   1
c  2117   -1   2165   1
c  2164   -1   2215   1
c  2169   -1   2118   1
c  2169   -1   2066   1
c  2068   -1   2119   1
c  2214   -1   2314   1
c  2214   -1   2263   1
c  2166   -1   2117   1
c  2166   -1   2168   1
c  2163   -1   2165   1
c  2163   -1   2166   1
c  2359   -1   2259   1
c  2359   -1   2307   1
c  2311   -1   2362   1
c  2311   -1   2259   1
c  2308   -1   2310   1
c  2308   -1   2360   1
c  2310   -1   2361   1
c  2310   -1   2411   1
c  2408   -1   2406   1
c  2408   -1   2309   1
c  2360   -1   2309   1
c  2360   -1   2312   1
c  2358   -1   2407   1
c  2358   -1   2360   1
c  2261   -1   2363   1
c  2261   -1   2364   1
c  2262   -1   2162   1
c  2262   -1   2164   1
c  2213   -1   2216   1
c  2213   -1   2166   1
c  2263   -1   2364   1
c  2313   -1   2413   1
c  2313   -1   2411   1
c  2307   -1   2256   1
c  2307   -1   2356   1
c  2306   -1   2304   1
c  2306   -1   2257   1
c  2305   -1   2257   1
c  2305   -1   2258   1
c  1824   -1   1873   1
c  1824   -1   1773   1
c  2069   -1   2120   1
c  2069   -1   2020   1
c  1822   -1   1721   1
c  1773   -1   1673   1
c  1773   -1   1576   1
c  1627   -1   1576   1
c  1627   -1   1676   1
c  1676   -1   1674   1
c  1628   -1   1577   1
c  1628   -1   1528   1
c  1581   -1   1682   1
c  1581   -1   1683   1
c  1532   -1   1581   1
c  1532   -1   1631   1
c  1582   -1   1682   1
c  1582   -1   1531   1
c  1632   -1   1581   1
c  1632   -1   1531   1
c  1483   -1   1485   1
c  1483   -1   1534   1
c  1677   -1   1726   1
c  1677   -1   1776   1
c  1726   -1   1775   1
c  1726   -1   1675   1
c  1777   -1   1826   1
c  1777   -1   1726   1
c  1728   -1   1677   1
c  1728   -1   1626   1
c  1678   -1   1727   1
c  1678   -1   1627   1
c  1778   -1   1727   1
c  1778   -1   1729   1
c  1679   -1   1728   1
c  1679   -1   1578   1
c  1723   -1   1721   1
c  1723   -1   1823   1
c  1725   -1   1676   1
c  1725   -1   1825   1
c  1775   -1   1724   1
c  1874   -1   1724   1
c  1874   -1   1877   1
c  1823   -1   1874   1
c  1823   -1   1924   1
c  1924   -1   1973   1
c  1924   -1   2024   1
c  1925   -1   1976   1
c  1925   -1   1974   1
c  2120   -1   2171   1
c  2120   -1   2169   1
c  2071   -1   2068   1
c  2071   -1   2168   1
c  1875   -1   1824   1
c  1875   -1   1872   1
c  2022   -1   2074   1
c  2022   -1   2123   1
c  2119   -1   2170   1
c  2119   -1   2220   1
c  1973   -1   2022   1
c  1973   -1   2123   1
c  1877   -1   1924   1
c  1877   -1   1923   1
c  2122   -1   2071   1
c  2122   -1   1972   1
c  2023   -1   1975   1
c  2023   -1   2026   1
c  2201   -1   2301   1
c  2201   -1   2302   1
c  2252   -1   2254   1
c  2252   -1   2255   1
c  2251   -1   2352   1
c  2251   -1   2353   1
c  2302   -1   2251   1
c  48   -1   97   1
c  48   -1   46   1
c  249   -1   298   1
c  249   -1   300   1
c  199   -1   250   1
c  199   -1   299   1
c  49   -1   100   1
c  49   -1   149   1
c  50   -1   99   1
c  50   -1   149   1
c  299   -1   149   1
c  347   -1   396   1
c  347   -1   447   1
c  298   -1   398   1
c  298   -1   399   1
c  250   -1   299   1
c  250   -1   298   1
c  100   -1   200   1
c  100   -1   199   1
c  348   -1   399   1
c  348   -1   397   1
c  399   -1   448   1
c  399   -1   447   1
c  350   -1   299   1
c  350   -1   348   1
c  400   -1   449   1
c  400   -1   448   1
c  1188   -1   1139   1
c  1188   -1   1137   1
c  1139   -1   1190   1
c  1139   -1   1240   1
c  1238   -1   1138   1
c  1238   -1   1139   1
c  1140   -1   1089   1
c  1140   -1   1138   1
c  1089   -1   1038   1
c  1089   -1   1285   1
c  1041   -1   1043   1
c  1041   -1   1092   1
c  398   -1   450   1
c  398   -1   598   1
c  448   -1   499   1
c  448   -1   450   1
c  599   -1   650   1
c  599   -1   699   1
c  649   -1   549   1
c  499   -1   450   1
c  499   -1   398   1
c  550   -1   499   1
c  500   -1   549   1
c  500   -1   449   1
c  600   -1   549   1
c  600   -1   500   1
c  1237   -1   1186   1
c  1237   -1   1286   1
c  1190   -1   1088   1
c  943   -1   843   1
c  943   -1   844   1
c  894   -1   845   1
c  992   -1   944   1
c  992   -1   893   1
c  944   -1   942   1
c  944   -1   893   1
c  746   -1   697   1
c  746   -1   647   1
c  697   -1   748   1
c  697   -1   749   1
c  698   -1   696   1
c  698   -1   747   1
c  796   -1   745   1
c  650   -1   550   1
c  845   -1   796   1
c  845   -1   797   1
c  993   -1   942   1
c  993   -1   991   1
c  699   -1   650   1
c  699   -1   648   1
c  449   -1   648   1
c  748   -1   799   1
c  748   -1   849   1
c  1090   -1   1190   1
c  1090   -1   1039   1
c  846   -1   895   1
c  846   -1   843   1
c  945   -1   846   1
c  945   -1   795   1
c  895   -1   995   1
c  895   -1   1045   1
c  1287   -1   1387   1
c  1287   -1   1386   1
c  1336   -1   1385   1
c  1336   -1   1287   1
c  1386   -1   1435   1
c  1386   -1   1535   1
c  1436   -1   1335   1
c  1485   -1   1385   1
c  1485   -1   1534   1
c  1387   -1   1385   1
c  1337   -1   1386   1
c  1337   -1   1237   1
c  1630   -1   1679   1
c  1630   -1   1730   1
c  1631   -1   1580   1
c  1631   -1   1680   1
c  1629   -1   1680   1
c  1629   -1   1730   1
c  1533   -1   1584   1
c  1533   -1   1433   1
c  1633   -1   1584   1
c  1633   -1   1682   1
c  1584   -1   1635   1
c  1584   -1   1683   1
c  1534   -1   1583   1
c  1484   -1   1533   1
c  1486   -1   1537   1
c  1486   -1   1586   1
c  1535   -1   1435   1
c  1535   -1   1434   1
c  2253   -1   2304   1
c  2253   -1   2302   1
c  2304   -1   2403   1
c  2304   -1   2301   1
c  2303   -1   2352   1
c  2303   -1   2354   1
c  2352   -1   2403   1
c  2352   -1   2452   1
c  2354   -1   2403   1
c  2354   -1   2302   1
c  2301   -1   2252   1
c  2301   -1   2353   1
c  2402   -1   2453   1
c  2402   -1   2353   1
c  2404   -1   2353   1
c  2404   -1   2352   1
c  2355   -1   2304   1
c  2355   -1   2353   1
c  2454   -1   2403   1
c  2454   -1   2353   1
c  2356   -1   2305   1
c  2405   -1   2456   1
c  2405   -1   2453   1
c  2215   -1   2315   1
c  2215   -1   2266   1
c  2267   -1   2167   1
c  2267   -1   2165   1
c  2167   -1   2218   1
c  2167   -1   2219   1
c  2118   -1   2167   1
c  2118   -1   2217   1
c  2168   -1   2119   1
c  2168   -1   2117   1
c  2219   -1   2168   1
c  2219   -1   2120   1
c  2170   -1   2219   1
c  2170   -1   2221   1
c  2220   -1   2169   1
c  2220   -1   2271   1
c  2264   -1   2215   1
c  2264   -1   2417   1
c  2314   -1   2263   1
c  2314   -1   2265   1
c  2216   -1   2267   1
c  2216   -1   2218   1
c  2409   -1   2360   1
c  2409   -1   2411   1
c  2459   -1   2408   1
c  2459   -1   2359   1
c  2461   -1   2410   1
c  2461   -1   2359   1
c  2361   -1   2410   1
c  2312   -1   2263   1
c  2312   -1   2264   1
c  2411   -1   2311   1
c  2362   -1   2411   1
c  2410   -1   2459   1
c  2410   -1   2308   1
c  2407   -1   2356   1
c  2458   -1   2407   1
c  2458   -1   2357   1
c  2357   -1   2408   1
c  2357   -1   2406   1
c  2457   -1   2408   1
c  2457   -1   2409   1
c  2406   -1   2455   1
c  2406   -1   2358   1
c  2363   -1   2314   1
c  2363   -1   2414   1
c  2364   -1   2366   1
c  2364   -1   2415   1
c  2315   -1   2313   1
c  2315   -1   2364   1
c  2413   -1   2462   1
c  1825   -1   1827   1
c  1927   -1   1874   1
c  1927   -1   1824   1
c  1682   -1   1731   1
c  1682   -1   1679   1
c  1683   -1   1732   1
c  1776   -1   1825   1
c  1776   -1   1827   1
c  1827   -1   1778   1
c  1826   -1   1875   1
c  1826   -1   1874   1
c  1729   -1   1780   1
c  1729   -1   1680   1
c  1828   -1   1879   1
c  1828   -1   1929   1
c  1779   -1   1830   1
c  1779   -1   1781   1
c  1680   -1   1682   1
c  1681   -1   1732   1
c  1681   -1   1679   1
c  1876   -1   1874   1
c  1876   -1   1924   1
c  1974   -1   2025   1
c  1974   -1   2026   1
c  1926   -1   1924   1
c  1926   -1   1975   1
c  2024   -1   1975   1
c  2024   -1   1925   1
c  1975   -1   2075   1
c  1975   -1   2026   1
c  2029   -1   1927   1
c  2029   -1   1925   1
c  1976   -1   2027   1
c  1976   -1   2077   1
c  2121   -1   2123   1
c  2121   -1   2170   1
c  2171   -1   2272   1
c  2171   -1   2273   1
c  2072   -1   2123   1
c  2072   -1   2074   1
c  2073   -1   2071   1
c  2073   -1   2024   1
c  2074   -1   2023   1
c  2074   -1   2125   1
c  2123   -1   2074   1
c  2123   -1   2023   1
c  1878   -1   1829   1
c  1878   -1   1827   1
c  1977   -1   1877   1
c  1977   -1   2028   1
c  2172   -1   2121   1
c  2172   -1   2123   1
c  2124   -1   2122   1
c  2124   -1   2121   1
c  2223   -1   2274   1
c  2223   -1   2122   1
c  2174   -1   2274   1
c  2174   -1   2122   1
c  2026   -1   2077   1
c  2026   -1   2126   1
c  300   -1   298   1
c  450   -1   399   1
c  450   -1   550   1
c  1189   -1   1140   1
c  1189   -1   1141   1
c  1288   -1   1239   1
c  1288   -1   1339   1
c  1239   -1   1339   1
c  1239   -1   1340   1
c  1141   -1   1090   1
c  1141   -1   1190   1
c  1191   -1   1140   1
c  1191   -1   1240   1
c  1091   -1   1093   1
c  1091   -1   1043   1
c  1042   -1   993   1
c  1042   -1   943   1
c  1043   -1   1145   1
c  1092   -1   1143   1
c  1092   -1   1144   1
c  700   -1   749   1
c  700   -1   649   1
c  750   -1   699   1
c  750   -1   649   1
c  1093   -1   1042   1
c  1093   -1   992   1
c  1044   -1   993   1
c  1044   -1   992   1
c  994   -1   945   1
c  994   -1   1196   1
c  747   -1   796   1
c  747   -1   798   1
c  797   -1   746   1
c  797   -1   750   1
c  749   -1   698   1
c  798   -1   796   1
c  896   -1   945   1
c  896   -1   845   1
c  1047   -1   845   1
c  799   -1   750   1
c  799   -1   699   1
c  800   -1   798   1
c  800   -1   748   1
c  849   -1   898   1
c  849   -1   949   1
c  847   -1   798   1
c  847   -1   849   1
c  995   -1   1044   1
c  995   -1   1094   1
c  946   -1   997   1
c  946   -1   995   1
c  1045   -1   1047   1
c  1045   -1   1097   1
c  1439   -1   1388   1
c  1439   -1   1287   1
c  1289   -1   1338   1
c  1289   -1   1336   1
c  1437   -1   1488   1
c  1437   -1   1389   1
c  1488   -1   1537   1
c  1488   -1   1436   1
c  1388   -1   1437   1
c  1388   -1   1487   1
c  1338   -1   1387   1
c  1338   -1   1437   1
c  1731   -1   1680   1
c  1731   -1   1630   1
c  1730   -1   1681   1
c  1634   -1   1683   1
c  1634   -1   1585   1
c  1684   -1   1635   1
c  1684   -1   1633   1
c  1585   -1   1536   1
c  1585   -1   1537   1
c  1635   -1   1638   1
c  1536   -1   1538   1
c  1536   -1   1539   1
c  1487   -1   1587   1
c  1487   -1   1489   1
c  1537   -1   1588   1
c  1537   -1   1589   1
c  1586   -1   1537   1
c  1586   -1   1589   1
c  1685   -1   1585   1
c  1685   -1   1535   1
c  2351   -1   2402   1
c  2351   -1   2403   1
c  2452   -1   2356   1
c  2453   -1   2401   1
c  2401   -1   2452   1
c  2401   -1   2403   1
c  2451   -1   2402   1
c  2451   -1   2403   1
c  2455   -1   2355   1
c  2455   -1   2404   1
c  2456   -1   2407   1
c  2265   -1   2216   1
c  2266   -1   2268   1
c  2266   -1   2366   1
c  2217   -1   2266   1
c  2217   -1   2265   1
c  2317   -1   2366   1
c  2317   -1   2315   1
c  2268   -1   2319   1
c  2268   -1   2417   1
c  2218   -1   2220   1
c  2218   -1   2269   1
c  2269   -1   2369   1
c  2269   -1   2370   1
c  2270   -1   2219   1
c  2270   -1   2318   1
c  2271   -1   2371   1
c  2271   -1   2219   1
c  2221   -1   2272   1
c  2221   -1   2270   1
c  2417   -1   2466   1
c  2417   -1   2415   1
c  2414   -1   2314   1
c  2414   -1   2412   1
c  2460   -1   2411   1
c  2460   -1   2458   1
c  2462   -1   2362   1
c  2412   -1   2463   1
c  2412   -1   2464   1
c  2463   -1   2363   1
c  2365   -1   2416   1
c  2365   -1   2367   1
c  2366   -1   2415   1
c  2366   -1   2465   1
c  2415   -1   2464   1
c  2316   -1   2367   1
c  2316   -1   2416   1
c  1928   -1   1926   1
c  1928   -1   1976   1
c  1978   -1   1927   1
c  1978   -1   2027   1
c  1732   -1   1680   1
c  1733   -1   1784   1
c  1733   -1   1684   1
c  1781   -1   1730   1
c  1781   -1   1729   1
c  1780   -1   1782   1
c  1780   -1   1831   1
c  1829   -1   1880   1
c  1829   -1   1876   1
c  1879   -1   1930   1
c  1879   -1   1980   1
c  1929   -1   1880   1
c  1929   -1   2131   1
c  1830   -1   1832   1
c  1832   -1   1781   1
c  1832   -1   1680   1
c  2025   -1   2076   1
c  2025   -1   2127   1
c  2075   -1   2026   1
c  2075   -1   2077   1
c  1979   -1   1880   1
c  1979   -1   2026   1
c  2028   -1   2030   1
c  2028   -1   1930   1
c  2079   -1   2128   1
c  2030   -1   1981   1
c  2030   -1   2079   1
c  2078   -1   2029   1
c  2078   -1   2025   1
c  2128   -1   2029   1
c  2128   -1   2030   1
c  2027   -1   2076   1
c  2027   -1   2126   1
c  2077   -1   2126   1
c  2077   -1   2177   1
c  2222   -1   2171   1
c  2222   -1   2271   1
c  2272   -1   2223   1
c  2272   -1   2274   1
c  2273   -1   2373   1
c  2273   -1   2324   1
c  2125   -1   2176   1
c  2125   -1   2127   1
c  2173   -1   2273   1
c  2173   -1   2272   1
c  2224   -1   2226   1
c  2224   -1   2273   1
c  2274   -1   2323   1
c  2175   -1   2126   1
c  2175   -1   2226   1
c  2277   -1   2328   1
c  2277   -1   2174   1
c  2076   -1   2127   1
c  2076   -1   2078   1
c  2126   -1   2177   1
c  2126   -1   2228   1
c  1290   -1   1191   1
c  1241   -1   1290   1
c  1241   -1   1391   1
c  1339   -1   1290   1
c  1339   -1   1341   1
c  1340   -1   1440   1
c  1340   -1   1389   1
c  1142   -1   1091   1
c  1142   -1   1093   1
c  1192   -1   1141   1
c  1192   -1   1243   1
c  1291   -1   1293   1
c  1291   -1   1191   1
c  1194   -1   1243   1
c  1194   -1   1043   1
c  1145   -1   1045   1
c  1145   -1   1046   1
c  1094   -1   1145   1
c  1094   -1   1092   1
c  1143   -1   1194   1
c  1144   -1   1146   1
c  1144   -1   1093   1
c  1196   -1   1147   1
c  1196   -1   1145   1
c  848   -1   899   1
c  848   -1   850   1
c  897   -1   946   1
c  897   -1   948   1
c  947   -1   896   1
c  947   -1   847   1
c  997   -1   1048   1
c  997   -1   1050   1
c  1046   -1   1097   1
c  1046   -1   1048   1
c  1097   -1   1146   1
c  1097   -1   1145   1
c  1048   -1   999   1
c  1048   -1   1148   1
c  1096   -1   1145   1
c  1096   -1   1047   1
c  1098   -1   1047   1
c  1148   -1   1047   1
c  850   -1   799   1
c  850   -1   899   1
c  899   -1   950   1
c  899   -1   1050   1
c  900   -1   898   1
c  900   -1   849   1
c  950   -1   849   1
c  898   -1   998   1
c  898   -1   947   1
c  949   -1   900   1
c  949   -1   850   1
c  996   -1   1045   1
c  996   -1   947   1
c  998   -1   1098   1
c  998   -1   946   1
c  1095   -1   1195   1
c  1095   -1   1194   1
c  1389   -1   1338   1
c  1438   -1   1538   1
c  1438   -1   1487   1
c  1489   -1   1438   1
c  1440   -1   1489   1
c  1440   -1   1389   1
c  1390   -1   1439   1
c  1390   -1   1438   1
c  1441   -1   1443   1
c  1441   -1   1439   1
c  1538   -1   1587   1
c  1538   -1   1487   1
c  1782   -1   1733   1
c  1782   -1   1731   1
c  1734   -1   1834   1
c  1734   -1   1783   1
c  1784   -1   1684   1
c  1784   -1   1735   1
c  1735   -1   1686   1
c  1735   -1   1684   1
c  1636   -1   1685   1
c  1636   -1   1585   1
c  1638   -1   1689   1
c  1539   -1   1490   1
c  1539   -1   1440   1
c  1587   -1   1638   1
c  1588   -1   1637   1
c  1588   -1   1689   1
c  1589   -1   1638   1
c  1589   -1   1637   1
c  1637   -1   1737   1
c  1637   -1   1586   1
c  1686   -1   1737   1
c  1686   -1   1786   1
c  2367   -1   2416   1
c  2318   -1   2367   1
c  2318   -1   2218   1
c  2319   -1   2368   1
c  2319   -1   2370   1
c  2369   -1   2318   1
c  2369   -1   2421   1
c  2370   -1   2322   1
c  2320   -1   2369   1
c  2320   -1   2422   1
c  2321   -1   2370   1
c  2321   -1   2419   1
c  2371   -1   2320   1
c  2371   -1   2369   1
c  2467   -1   2469   1
c  2467   -1   2419   1
c  2418   -1   2467   1
c  2418   -1   2466   1
c  2464   -1   2460   1
c  2464   -1   2417   1
c  2368   -1   2417   1
c  2368   -1   2468   1
c  2468   -1   2419   1
c  2468   -1   2417   1
c  2466   -1   2468   1
c  2465   -1   2416   1
c  1930   -1   2030   1
c  1930   -1   1928   1
c  1981   -1   1979   1
c  1981   -1   1928   1
c  1783   -1   1732   1
c  1783   -1   1834   1
c  1831   -1   1782   1
c  1831   -1   1931   1
c  1880   -1   1831   1
c  1880   -1   1981   1
c  1980   -1   1929   1
c  1980   -1   2032   1
c  1931   -1   1929   1
c  1931   -1   1880   1
c  2131   -1   2231   1
c  2131   -1   2079   1
c  2032   -1   1880   1
c  2032   -1   1830   1
c  1882   -1   1831   1
c  1882   -1   1884   1
c  1833   -1   1835   1
c  1833   -1   1837   1
c  1932   -1   1832   1
c  2127   -1   2176   1
c  2127   -1   2227   1
c  2129   -1   2078   1
c  2129   -1   2127   1
c  2080   -1   2031   1
c  2080   -1   2131   1
c  2031   -1   1982   1
c  2031   -1   1983   1
c  2178   -1   2129   1
c  2178   -1   2130   1
c  2130   -1   2179   1
c  2130   -1   2128   1
c  2177   -1   2228   1
c  2177   -1   2226   1
c  2322   -1   2371   1
c  2322   -1   2320   1
c  2323   -1   2272   1
c  2323   -1   2374   1
c  2225   -1   2274   1
c  2225   -1   2273   1
c  2373   -1   2371   1
c  2373   -1   2424   1
c  2324   -1   2373   1
c  2176   -1   2225   1
c  2275   -1   2224   1
c  2275   -1   2324   1
c  2325   -1   2274   1
c  2325   -1   2224   1
c  2227   -1   2178   1
c  2227   -1   2176   1
c  2276   -1   2325   1
c  2276   -1   2373   1
c  2327   -1   2427   1
c  2327   -1   2378   1
c  2278   -1   2329   1
c  2278   -1   2376   1
c  2228   -1   2277   1
c  2228   -1   2276   1
c  2328   -1   2379   1
c  2328   -1   2377   1
c  1242   -1   1291   1
c  1242   -1   1293   1
c  1391   -1   1389   1
c  1391   -1   1342   1
c  1341   -1   1441   1
c  1193   -1   1242   1
c  1193   -1   1094   1
c  1243   -1   1292   1
c  1243   -1   1441   1
c  1292   -1   1341   1
c  1244   -1   1293   1
c  1244   -1   1193   1
c  1195   -1   1247   1
c  1195   -1   1248   1
c  1146   -1   1197   1
c  1146   -1   1095   1
c  1147   -1   1145   1
c  1147   -1   1296   1
c  1345   -1   1396   1
c  1345   -1   1094   1
c  1246   -1   1295   1
c  1246   -1   1294   1
c  1197   -1   1246   1
c  1197   -1   1395   1
c  1296   -1   1345   1
c  1296   -1   1196   1
c  1294   -1   1345   1
c  1294   -1   1196   1
c  948   -1   999   1
c  948   -1   950   1
c  1050   -1   1099   1
c  1050   -1   999   1
c  1049   -1   1098   1
c  1049   -1   998   1
c  1099   -1   1150   1
c  1099   -1   1048   1
c  1150   -1   1048   1
c  999   -1   898   1
c  1198   -1   1147   1
c  1198   -1   1299   1
c  1149   -1   1200   1
c  1149   -1   1250   1
c  1100   -1   1149   1
c  1100   -1   1148   1
c  1000   -1   949   1
c  1000   -1   1099   1
c  1491   -1   1542   1
c  1491   -1   1389   1
c  1490   -1   1441   1
c  1490   -1   1442   1
c  1492   -1   1541   1
c  1492   -1   1440   1
c  1442   -1   1393   1
c  1442   -1   1493   1
c  1392   -1   1341   1
c  1392   -1   1441   1
c  1443   -1   1445   1
c  1443   -1   1495   1
c  1687   -1   1636   1
c  1687   -1   1538   1
c  1689   -1   1740   1
c  1689   -1   1538   1
c  1834   -1   1885   1
c  1834   -1   1786   1
c  1785   -1   1736   1
c  1785   -1   1836   1
c  1736   -1   1738   1
c  1736   -1   1687   1
c  1737   -1   1735   1
c  1933   -1   1885   1
c  1933   -1   1735   1
c  1688   -1   1639   1
c  1688   -1   1690   1
c  1639   -1   1690   1
c  1540   -1   1589   1
c  1540   -1   1639   1
c  1590   -1   1639   1
c  1590   -1   1641   1
c  1640   -1   1589   1
c  1640   -1   1689   1
c  1690   -1   1739   1
c  1690   -1   1589   1
c  1786   -1   1788   1
c  1786   -1   1738   1
c  2421   -1   2418   1
c  2421   -1   2367   1
c  2472   -1   2420   1
c  2472   -1   2319   1
c  2419   -1   2470   1
c  2419   -1   2371   1
c  2420   -1   2471   1
c  2420   -1   2369   1
c  2422   -1   2371   1
c  2422   -1   2374   1
c  2372   -1   2321   1
c  2372   -1   2421   1
c  2469   -1   2418   1
c  1982   -1   1931   1
c  1982   -1   1930   1
c  1881   -1   1932   1
c  1881   -1   1981   1
c  1835   -1   1886   1
c  1835   -1   1783   1
c  2081   -1   2032   1
c  2081   -1   2180   1
c  2181   -1   2232   1
c  2181   -1   2184   1
c  2132   -1   2083   1
c  2132   -1   2134   1
c  2182   -1   2131   1
c  2182   -1   2080   1
c  2231   -1   2282   1
c  2231   -1   2233   1
c  2082   -1   2182   1
c  2082   -1   2181   1
c  2033   -1   1984   1
c  2033   -1   2082   1
c  2133   -1   2033   1
c  2133   -1   2032   1
c  1883   -1   1934   1
c  1883   -1   1835   1
c  1884   -1   1835   1
c  1884   -1   1933   1
c  1837   -1   1886   1
c  1837   -1   1835   1
c  2179   -1   2228   1
c  1983   -1   2083   1
c  1983   -1   2134   1
c  2230   -1   2179   1
c  2230   -1   2178   1
c  2180   -1   2231   1
c  2180   -1   2232   1
c  2374   -1   2326   1
c  2423   -1   2374   1
c  2423   -1   2472   1
c  2424   -1   2473   1
c  2375   -1   2424   1
c  2375   -1   2326   1
c  2326   -1   2378   1
c  2326   -1   2279   1
c  2377   -1   2330   1
c  2427   -1   2379   1
c  2378   -1   2427   1
c  2378   -1   2376   1
c  2279   -1   2328   1
c  2279   -1   2330   1
c  2329   -1   2280   1
c  2329   -1   2429   1
c  2376   -1   2427   1
c  2376   -1   2478   1
c  2229   -1   2280   1
c  2229   -1   2181   1
c  2379   -1   2428   1
c  1343   -1   1341   1
c  1343   -1   1391   1
c  1342   -1   1393   1
c  1342   -1   1293   1
c  1245   -1   1294   1
c  1245   -1   1447   1
c  1247   -1   1198   1
c  1247   -1   1298   1
c  1248   -1   1299   1
c  1248   -1   1297   1
c  1295   -1   1346   1
c  1295   -1   1347   1
c  1344   -1   1295   1
c  1344   -1   1395   1
c  1395   -1   1444   1
c  1346   -1   1395   1
c  1346   -1   1394   1
c  1393   -1   1345   1
c  1347   -1   1345   1
c  1347   -1   1296   1
c  1396   -1   1398   1
c  1396   -1   1348   1
c  1297   -1   1346   1
c  1297   -1   1348   1
c  1446   -1   1346   1
c  1446   -1   1296   1
c  1397   -1   1346   1
c  1397   -1   1296   1
c  1200   -1   1249   1
c  1200   -1   1248   1
c  1250   -1   1299   1
c  1250   -1   1150   1
c  1199   -1   1248   1
c  1199   -1   1299   1
c  1249   -1   1198   1
c  1249   -1   1298   1
c  1299   -1   1399   1
c  1299   -1   1499   1
c  1541   -1   1490   1
c  1541   -1   1590   1
c  1542   -1   1591   1
c  1542   -1   1642   1
c  1493   -1   1544   1
c  1493   -1   1444   1
c  1544   -1   1595   1
c  1544   -1   1492   1
c  1444   -1   1498   1
c  1444   -1   1499   1
c  1494   -1   1443   1
c  1494   -1   1446   1
c  1445   -1   1396   1
c  1445   -1   1447   1
c  1495   -1   1444   1
c  1739   -1   1790   1
c  1739   -1   1941   1
c  1740   -1   1789   1
c  1885   -1   1836   1
c  1836   -1   1887   1
c  1836   -1   1888   1
c  1738   -1   1740   1
c  1738   -1   1690   1
c  1787   -1   1838   1
c  1787   -1   1836   1
c  1934   -1   2037   1
c  1934   -1   2038   1
c  2034   -1   2134   1
c  2034   -1   1933   1
c  2383   -1   2283   1
c  2383   -1   1933   1
c  1691   -1   1688   1
c  1691   -1   1738   1
c  1591   -1   1691   1
c  1591   -1   1791   1
c  1641   -1   1692   1
c  1741   -1   1790   1
c  1741   -1   1640   1
c  1788   -1   1790   1
c  1788   -1   1839   1
c  2471   -1   2422   1
c  2471   -1   2372   1
c  2470   -1   2421   1
c  2470   -1   2422   1
c  2473   -1   2425   1
c  2474   -1   2472   1
c  2474   -1   2374   1
c  1886   -1   1986   1
c  1886   -1   1987   1
c  2283   -1   2231   1
c  2283   -1   2181   1
c  2232   -1   2281   1
c  2232   -1   2230   1
c  2184   -1   2186   1
c  2184   -1   2235   1
c  2083   -1   2085   1
c  2083   -1   2135   1
c  2134   -1   2185   1
c  2183   -1   2232   1
c  2183   -1   2135   1
c  2281   -1   2332   1
c  2281   -1   2381   1
c  2282   -1   2333   1
c  2282   -1   2331   1
c  2233   -1   2284   1
c  2233   -1   2235   1
c  2084   -1   2133   1
c  2084   -1   2082   1
c  1984   -1   1884   1
c  1984   -1   2134   1
c  1935   -1   1886   1
c  1935   -1   1884   1
c  1887   -1   1936   1
c  1887   -1   2034   1
c  1838   -1   1889   1
c  1838   -1   1890   1
c  1938   -1   1936   1
c  1938   -1   1837   1
c  2280   -1   2233   1
c  2280   -1   2183   1
c  2330   -1   2230   1
c  2330   -1   2381   1
c  2475   -1   2424   1
c  2475   -1   2423   1
c  2425   -1   2376   1
c  2425   -1   2427   1
c  2426   -1   2475   1
c  2426   -1   2428   1
c  2477   -1   2475   1
c  2477   -1   2426   1
c  2428   -1   2430   1
c  2428   -1   2479   1
c  2476   -1   2427   1
c  2476   -1   2478   1
c  2429   -1   2427   1
c  2331   -1   2280   1
c  2331   -1   2279   1
c  2478   -1   2429   1
c  2478   -1   2430   1
c  2380   -1   2431   1
c  2380   -1   2429   1
c  1394   -1   1445   1
c  1394   -1   1343   1
c  1447   -1   1498   1
c  1298   -1   1347   1
c  1298   -1   1397   1
c  1545   -1   1395   1
c  1545   -1   1394   1
c  1348   -1   1299   1
c  1348   -1   1300   1
c  1398   -1   1447   1
c  1398   -1   1350   1
c  1496   -1   1447   1
c  1496   -1   1499   1
c  1300   -1   1400   1
c  1300   -1   1399   1
c  1349   -1   1449   1
c  1349   -1   1300   1
c  1350   -1   1299   1
c  1350   -1   1348   1
c  1399   -1   1350   1
c  1399   -1   1448   1
c  1499   -1   1548   1
c  1499   -1   1450   1
c  1592   -1   1641   1
c  1592   -1   1541   1
c  1594   -1   1545   1
c  1594   -1   1541   1
c  1543   -1   1643   1
c  1543   -1   1695   1
c  1642   -1   1693   1
c  1642   -1   1695   1
c  1593   -1   1544   1
c  1593   -1   1642   1
c  1595   -1   1494   1
c  1498   -1   1549   1
c  1498   -1   1594   1
c  1546   -1   1497   1
c  1546   -1   1445   1
c  1789   -1   1840   1
c  1789   -1   1890   1
c  1790   -1   1792   1
c  1790   -1   1692   1
c  1941   -1   1990   1
c  1936   -1   1836   1
c  1936   -1   1987   1
c  1888   -1   1937   1
c  1888   -1   1839   1
c  1985   -1   1936   1
c  1985   -1   1934   1
c  2037   -1   2088   1
c  2037   -1   2089   1
c  2038   -1   1989   1
c  2038   -1   1935   1
c  2035   -1   2086   1
c  2035   -1   1984   1
c  2036   -1   2087   1
c  2036   -1   2034   1
c  2333   -1   2382   1
c  2333   -1   2434   1
c  2382   -1   2380   1
c  2382   -1   2481   1
c  2433   -1   2384   1
c  2433   -1   2334   1
c  2384   -1   2484   1
c  2384   -1   2483   1
c  1692   -1   1741   1
c  1692   -1   1743   1
c  1791   -1   1891   1
c  1791   -1   1892   1
c  1742   -1   1793   1
c  1792   -1   1743   1
c  1792   -1   1741   1
c  1839   -1   1792   1
c  1986   -1   2037   1
c  1986   -1   1988   1
c  1987   -1   1938   1
c  2284   -1   2235   1
c  2284   -1   2236   1
c  2332   -1   2232   1
c  2234   -1   2334   1
c  2234   -1   2333   1
c  2185   -1   2136   1
c  2185   -1   2234   1
c  2186   -1   2086   1
c  2235   -1   2335   1
c  2235   -1   2287   1
c  2085   -1   2036   1
c  2085   -1   1986   1
c  2135   -1   2186   1
c  2135   -1   2086   1
c  2381   -1   2432   1
c  1937   -1   1986   1
c  1939   -1   1839   1
c  1939   -1   1887   1
c  1889   -1   1989   1
c  1889   -1   1988   1
c  1890   -1   1941   1
c  1890   -1   1938   1
c  1988   -1   1939   1
c  1988   -1   1990   1
c  2479   -1   2477   1
c  2430   -1   2381   1
c  2430   -1   2382   1
c  2431   -1   2482   1
c  2431   -1   2433   1
c  1497   -1   1448   1
c  1497   -1   1549   1
c  1448   -1   1499   1
c  1449   -1   1500   1
c  1449   -1   1348   1
c  1400   -1   1449   1
c  1400   -1   1348   1
c  1597   -1   1546   1
c  1597   -1   1496   1
c  1450   -1   1399   1
c  1450   -1   1300   1
c  1500   -1   1349   1
c  1549   -1   1500   1
c  1549   -1   1600   1
c  1548   -1   1599   1
c  1644   -1   1693   1
c  1644   -1   1593   1
c  1643   -1   1594   1
c  1643   -1   1694   1
c  1645   -1   1696   1
c  1645   -1   1594   1
c  1695   -1   1597   1
c  1695   -1   1547   1
c  1693   -1   1742   1
c  1693   -1   1843   1
c  1596   -1   1647   1
c  1596   -1   1695   1
c  1646   -1   1697   1
c  1646   -1   1595   1
c  1745   -1   1645   1
c  1745   -1   1595   1
c  1547   -1   1598   1
c  1547   -1   1596   1
c  1599   -1   1650   1
c  1599   -1   1546   1
c  1840   -1   1791   1
c  1840   -1   1941   1
c  1841   -1   1892   1
c  1841   -1   1790   1
c  1891   -1   1843   1
c  1940   -1   1889   1
c  1940   -1   1840   1
c  1991   -1   2091   1
c  1991   -1   2090   1
c  1942   -1   1944   1
c  1942   -1   1945   1
c  1943   -1   1994   1
c  1943   -1   1941   1
c  1990   -1   2041   1
c  1990   -1   2039   1
c  2087   -1   2085   1
c  2087   -1   2138   1
c  2086   -1   2037   1
c  2086   -1   2137   1
c  2088   -1   2039   1
c  2088   -1   2040   1
c  2089   -1   2040   1
c  2089   -1   2091   1
c  2039   -1   1991   1
c  2039   -1   2138   1
c  2090   -1   2039   1
c  2090   -1   2038   1
c  1989   -1   2040   1
c  1989   -1   1940   1
c  2334   -1   2336   1
c  2434   -1   2334   1
c  2434   -1   2284   1
c  2432   -1   2332   1
c  2432   -1   2481   1
c  2481   -1   2381   1
c  2481   -1   2430   1
c  2483   -1   2434   1
c  2483   -1   2435   1
c  2385   -1   2337   1
c  2436   -1   2385   1
c  2436   -1   2384   1
c  2484   -1   2435   1
c  2484   -1   2482   1
c  1743   -1   1694   1
c  1743   -1   1643   1
c  1892   -1   1894   1
c  1892   -1   1943   1
c  1744   -1   1742   1
c  1744   -1   1843   1
c  1793   -1   1744   1
c  1793   -1   1694   1
c  1842   -1   1891   1
c  1842   -1   1840   1
c  2285   -1   2334   1
c  2285   -1   2236   1
c  2236   -1   2187   1
c  2236   -1   2185   1
c  2136   -1   2236   1
c  2136   -1   2187   1
c  2187   -1   2189   1
c  2187   -1   2087   1
c  2335   -1   2236   1
c  2287   -1   2236   1
c  2287   -1   2187   1
c  2137   -1   2085   1
c  1992   -1   1989   1
c  1992   -1   1988   1
c  2480   -1   2431   1
c  2480   -1   2432   1
c  2482   -1   2480   1
c  1647   -1   1696   1
c  1647   -1   1746   1
c  1598   -1   1647   1
c  1598   -1   1596   1
c  1747   -1   1795   1
c  1747   -1   1597   1
c  1550   -1   1599   1
c  1550   -1   1598   1
c  1650   -1   1549   1
c  1600   -1   1649   1
c  1600   -1   1596   1
c  1694   -1   1745   1
c  1694   -1   1696   1
c  1696   -1   1747   1
c  1698   -1   1798   1
c  1698   -1   1695   1
c  1843   -1   1743   1
c  1843   -1   1892   1
c  1697   -1   1648   1
c  1795   -1   1846   1
c  1795   -1   1896   1
c  1746   -1   1795   1
c  1746   -1   1797   1
c  1794   -1   1745   1
c  1794   -1   1743   1
c  1845   -1   1894   1
c  1845   -1   1745   1
c  1796   -1   1745   1
c  1796   -1   1896   1
c  1649   -1   1698   1
c  2041   -1   2090   1
c  2041   -1   2139   1
c  2040   -1   1991   1
c  2040   -1   1992   1
c  2091   -1   2140   1
c  2091   -1   2040   1
c  1944   -1   1893   1
c  1944   -1   1892   1
c  1945   -1   1894   1
c  1945   -1   1948   1
c  1893   -1   1793   1
c  1893   -1   1842   1
c  1993   -1   2042   1
c  1993   -1   2093   1
c  1995   -1   1944   1
c  1995   -1   1943   1
c  1994   -1   2094   1
c  1994   -1   2042   1
c  2138   -1   2238   1
c  2138   -1   2289   1
c  2139   -1   2090   1
c  2140   -1   2189   1
c  2140   -1   2089   1
c  2190   -1   2090   1
c  2190   -1   2241   1
c  2141   -1   2090   1
c  2141   -1   2190   1
c  2092   -1   2094   1
c  2092   -1   2090   1
c  2435   -1   2334   1
c  2336   -1   2385   1
c  2336   -1   2435   1
c  2386   -1   2337   1
c  2386   -1   2435   1
c  2337   -1   2286   1
c  2337   -1   2237   1
c  2486   -1   2435   1
c  2486   -1   2437   1
c  2437   -1   2488   1
c  2437   -1   2439   1
c  2485   -1   2436   1
c  2485   -1   2438   1
c  1844   -1   1893   1
c  1844   -1   1743   1
c  1894   -1   1843   1
c  2286   -1   2387   1
c  2237   -1   2286   1
c  2237   -1   2386   1
c  2288   -1   2339   1
c  2288   -1   2236   1
c  2188   -1   2237   1
c  2188   -1   2239   1
c  2189   -1   2138   1
c  2189   -1   2238   1
c  2044   -1   1993   1
c  2044   -1   1992   1
c  1648   -1   1699   1
c  1648   -1   1749   1
c  1797   -1   1846   1
c  1797   -1   1897   1
c  1748   -1   1750   1
c  1748   -1   1650   1
c  1798   -1   1747   1
c  1798   -1   1697   1
c  1848   -1   1747   1
c  1848   -1   1946   1
c  1700   -1   1749   1
c  1700   -1   1649   1
c  1699   -1   1650   1
c  1846   -1   1746   1
c  1846   -1   1897   1
c  1896   -1   1947   1
c  1896   -1   1898   1
c  1895   -1   1995   1
c  1895   -1   1947   1
c  1749   -1   1649   1
c  1946   -1   1897   1
c  1946   -1   1847   1
c  2094   -1   1945   1
c  1948   -1   1897   1
c  1948   -1   1946   1
c  2043   -1   2094   1
c  2043   -1   2143   1
c  2095   -1   2043   1
c  2095   -1   1993   1
c  2093   -1   2044   1
c  2093   -1   2042   1
c  2045   -1   1994   1
c  2045   -1   2145   1
c  1996   -1   1896   1
c  1996   -1   1895   1
c  2239   -1   2138   1
c  2238   -1   2339   1
c  2238   -1   2393   1
c  2289   -1   2240   1
c  2289   -1   2338   1
c  2191   -1   2140   1
c  2191   -1   2193   1
c  2142   -1   2093   1
c  2142   -1   2140   1
c  2240   -1   2292   1
c  2240   -1   2293   1
c  2241   -1   2290   1
c  2241   -1   2292   1
c  2242   -1   2191   1
c  2242   -1   2141   1
c  2244   -1   2292   1
c  2244   -1   2141   1
c  2192   -1   2143   1
c  2192   -1   2092   1
c  2143   -1   2092   1
c  2292   -1   2192   1
c  2292   -1   2092   1
c  2387   -1   2338   1
c  2387   -1   2389   1
c  2338   -1   2188   1
c  2339   -1   2337   1
c  2339   -1   2387   1
c  2487   -1   2438   1
c  2487   -1   2489   1
c  2488   -1   2486   1
c  2438   -1   2440   1
c  2388   -1   2437   1
c  2388   -1   2439   1
c  2389   -1   2438   1
c  2389   -1   2437   1
c  2145   -1   2143   1
c  2145   -1   2044   1
c  1847   -1   1898   1
c  1847   -1   1948   1
c  1897   -1   1899   1
c  1897   -1   1848   1
c  1750   -1   1799   1
c  1750   -1   1699   1
c  1799   -1   1848   1
c  1799   -1   1898   1
c  1849   -1   1900   1
c  1849   -1   1798   1
c  1898   -1   1998   1
c  1898   -1   1999   1
c  1899   -1   1950   1
c  1899   -1   1848   1
c  1800   -1   1749   1
c  1800   -1   1699   1
c  1947   -1   1996   1
c  1947   -1   1998   1
c  2144   -1   2195   1
c  2144   -1   2043   1
c  1998   -1   1996   1
c  1949   -1   1947   1
c  1949   -1   1998   1
c  2096   -1   2147   1
c  2096   -1   2149   1
c  2046   -1   2095   1
c  2046   -1   2146   1
c  1997   -1   2048   1
c  1997   -1   2049   1
c  2393   -1   2445   1
c  2393   -1   2293   1
c  2290   -1   2341   1
c  2290   -1   2339   1
c  2291   -1   2240   1
c  2291   -1   2191   1
c  2193   -1   2142   1
c  2293   -1   2242   1
c  2293   -1   2244   1
c  2243   -1   2194   1
c  2243   -1   2192   1
c  2194   -1   2245   1
c  2194   -1   2294   1
c  2294   -1   2245   1
c  2294   -1   2243   1
c  2245   -1   2296   1
c  2295   -1   2244   1
c  2295   -1   2396   1
c  2342   -1   2393   1
c  2342   -1   2291   1
c  2340   -1   2338   1
c  2340   -1   2388   1
c  2341   -1   2339   1
c  2489   -1   2491   1
c  2489   -1   2390   1
c  2490   -1   2488   1
c  2440   -1   2391   1
c  2440   -1   2493   1
c  2390   -1   2439   1
c  2390   -1   2490   1
c  2195   -1   2146   1
c  2146   -1   2197   1
c  2146   -1   2097   1
c  2196   -1   2245   1
c  2196   -1   2145   1
c  1900   -1   1898   1
c  1900   -1   1897   1
c  1850   -1   1799   1
c  1850   -1   1750   1
c  2048   -1   2099   1
c  2048   -1   1898   1
c  1999   -1   2048   1
c  1999   -1   1947   1
c  2000   -1   1998   1
c  2000   -1   1899   1
c  2050   -1   1999   1
c  2050   -1   1899   1
c  1950   -1   1999   1
c  2049   -1   1998   1
c  2049   -1   2097   1
c  2097   -1   2197   1
c  2097   -1   2100   1
c  2147   -1   2098   1
c  2147   -1   2099   1
c  2149   -1   2198   1
c  2149   -1   2200   1
c  2047   -1   2098   1
c  2047   -1   2249   1
c  2343   -1   2392   1
c  2343   -1   2294   1
c  2392   -1   2441   1
c  2392   -1   2340   1
c  2443   -1   2445   1
c  2443   -1   2395   1
c  2394   -1   2443   1
c  2394   -1   2442   1
c  2344   -1   2393   1
c  2344   -1   2342   1
c  2445   -1   2494   1
c  2445   -1   2496   1
c  2296   -1   2294   1
c  2296   -1   2197   1
c  2246   -1   2345   1
c  2246   -1   2294   1
c  2345   -1   2396   1
c  2345   -1   2296   1
c  2396   -1   2296   1
c  2396   -1   2496   1
c  2391   -1   2492   1
c  2391   -1   2493   1
c  2491   -1   2493   1
c  2492   -1   2443   1
c  2492   -1   2490   1
c  2442   -1   2491   1
c  2442   -1   2490   1
c  2441   -1   2443   1
c  2441   -1   2492   1
c  2493   -1   2442   1
c  2493   -1   2495   1
c  2197   -1   2248   1
c  2197   -1   2148   1
c  2098   -1   2149   1
c  2098   -1   2199   1
c  2099   -1   2150   1
c  2099   -1   2199   1
c  2100   -1   2049   1
c  2100   -1   2200   1
c  2148   -1   2097   1
c  2148   -1   2199   1
c  2198   -1   2147   1
c  2199   -1   2250   1
c  2199   -1   2300   1
c  2150   -1   2249   1
c  2150   -1   2349   1
c  2200   -1   2300   1
c  2200   -1   2248   1
c  2249   -1   2198   1
c  2249   -1   2148   1
c  2444   -1   2493   1
c  2444   -1   2495   1
c  2446   -1   2495   1
c  2446   -1   2443   1
c  2395   -1   2446   1
c  2395   -1   2391   1
c  2247   -1   2199   1
c  2247   -1   2394   1
c  2495   -1   2497   1
c  2495   -1   2447   1
c  2494   -1   2395   1
c  2494   -1   2396   1
c  2496   -1   2447   1
c  2496   -1   2494   1
c  2346   -1   2395   1
c  2297   -1   2348   1
c  2297   -1   2346   1
c  2347   -1   2398   1
c  2347   -1   2296   1
c  2349   -1   2296   1
c  2349   -1   2247   1
c  2397   -1   2346   1
c  2397   -1   2497   1
c  2447   -1   2398   1
c  2447   -1   2396   1
c  2248   -1   2148   1
c  2248   -1   2299   1
c  2298   -1   2198   1
c  2298   -1   2347   1
c  2250   -1   2248   1
c  2300   -1   2349   1
c  2300   -1   2499   1
c  2299   -1   2247   1
c  2299   -1   2449   1
c  2497   -1   2446   1
c  2400   -1   2298   1
c  2400   -1   2297   1
c  2348   -1   2397   1
c  2398   -1   2400   1
c  2398   -1   2350   1
c  2399   -1   2299   1
c  2399   -1   2499   1
c  2350   -1   2399   1
c  2350   -1   2299   1
c  2449   -1   2400   1
c  2449   -1   2349   1
c  2499   -1   2349   1
c  2448   -1   2348   1
c  2448   -1   2497   1
c  2498   -1   2398   1
c  2498   -1   2449   1
c  2450   -1   2399   1
c  2450   -1   2448   1
c  2500   -1   2449   1
c  2500   -1   2448   1
r  1   52   104   2
r  51   102   103   2
r  101   203   54   2
c  52   -1   54   2
c  53   -1   155   2
r  3   54   102   2
r  152   104   54   2
r  153   104   102   2
c  256   -1   102   2
r  151   202   104   2
r  201   252   104   2
r  154   101   103   2
c  105   -1   57   2
c  352   -1   101   2
c  108   -1   54   2
c  252   -1   203   2
r  253   353   152   2
r  206   155   304   2
c  402   -1   602   2
c  353   -1   355   2
r  159   208   260   2
r  208   257   206   2
c  210   -1   157   2
c  9   -1   107   2
c  453   -1   554   2
c  60   -1   8   2
c  211   -1   208   2
c  455   -1   354   2
c  506   -1   559   2
c  454   -1   452   2
c  551   -1   703   2
r  11   60   112   2
c  213   -1   164   2
c  555   -1   502   2
r  360   311   460   2
c  112   -1   164   2
c  655   -1   758   2
r  651   551   703   2
c  703   -1   706   2
c  701   -1   953   2
r  753   653   702   2
c  216   -1   12   2
c  608   -1   560   2
c  509   -1   507   2
c  852   -1   903   2
r  363   414   462   2
c  464   -1   467   2
c  612   -1   560   2
c  660   -1   561   2
c  662   -1   711   2
c  661   -1   712   2
c  757   -1   806   2
c  809   -1   909   2
c  810   -1   858   2
c  855   -1   751   2
c  902   -1   806   2
c  903   -1   952   2
r  1003   1103   901   2
r  1001   952   902   2
c  1002   -1   953   2
c  1004   -1   853   2
r  851   902   854   2
c  220   -1   266   2
c  268   -1   317   2
c  218   -1   317   2
c  67   -1   167   2
c  416   -1   267   2
c  516   -1   366   2
c  466   -1   514   2
c  467   -1   568   2
c  710   -1   859   2
c  910   -1   658   2
c  761   -1   757   2
r  860   911   807   2
c  763   -1   810   2
c  1051   -1   902   2
r  1052   1101   1003   2
c  1005   -1   954   2
c  1007   -1   954   2
c  1101   -1   901   2
c  906   -1   858   2
r  907   905   1006   2
c  369   -1   417   2
c  120   -1   270   2
c  69   -1   123   2
c  713   -1   814   2
c  714   -1   763   2
c  1103   -1   1151   2
c  1104   -1   1203   2
c  422   -1   474   2
c  172   -1   120   2
r  121   222   170   2
c  375   -1   474   2
r  20   71   122   2
c  963   -1   1012   2
c  1106   -1   1158   2
c  1153   -1   1202   2
r  1152   1203   1252   2
r  1203   1103   1151   2
r  1201   1252   1153   2
r  1302   1353   1203   2
c  620   -1   870   2
c  571   -1   573   2
c  73   -1   75   2
r  24   75   123   2
c  425   -1   377   2
c  668   -1   620   2
c  1160   -1   1208   2
c  867   -1   768   2
c  917   -1   915   2
c  1252   -1   1254   2
c  1205   -1   1254   2
c  1205   -1   1257   2
c  1354   -1   1251   2
r  1352   1303   1401   2
c  475   -1   427   2
c  622   -1   522   2
r  25   127   126   2
c  328   -1   376   2
c  177   -1   175   2
r  526   577   475   2
c  769   -1   771   2
c  819   -1   817   2
c  919   -1   867   2
c  1017   -1   866   2
c  1119   -1   1014   2
c  1164   -1   1063   2
c  1114   -1   1166   2
c  1116   -1   1064   2
c  1214   -1   1113   2
c  723   -1   771   2
c  820   -1   721   2
r  477   528   379   2
c  80   -1   128   2
c  131   -1   128   2
r  1018   918   1118   2
c  1020   -1   918   2
c  1168   -1   1217   2
c  1167   -1   1216   2
c  1362   -1   1211   2
c  1311   -1   1211   2
c  1358   -1   1410   2
c  1358   -1   1411   2
c  1410   -1   1461   2
c  1452   -1   1552   2
c  1503   -1   1653   2
c  528   -1   481   2
c  822   -1   874   2
c  873   -1   772   2
r  1022   1073   1123   2
c  1073   -1   1021   2
c  134   -1   127   2
c  230   -1   334   2
c  479   -1   531   2
c  281   -1   81   2
c  1267   -1   1368   2
c  1314   -1   1312   2
c  1462   -1   1362   2
c  1315   -1   1414   2
c  1416   -1   1312   2
c  1555   -1   1655   2
c  1555   -1   1606   2
c  1556   -1   1658   2
c  1557   -1   1606   2
c  1701   -1   1602   2
c  827   -1   675   2
c  1223   -1   1421   2
c  1175   -1   1074   2
c  1076   -1   1073   2
c  777   -1   828   2
r  826   877   878   2
c  84   -1   86   2
c  185   -1   86   2
c  35   -1   134   2
r  83   134   182   2
r  33   35   82   2
c  231   -1   82   2
r  34   85   82   2
c  531   -1   579   2
c  530   -1   532   2
c  1273   -1   1074   2
c  1318   -1   1269   2
c  1465   -1   1566   2
c  1657   -1   1510   2
c  1608   -1   1560   2
c  1652   -1   1701   2
c  1702   -1   1603   2
c  1754   -1   1854   2
c  1808   -1   1761   2
c  877   -1   875   2
c  828   -1   776   2
c  533   -1   535   2
c  633   -1   630   2
c  681   -1   581   2
c  285   -1   333   2
c  434   -1   333   2
c  729   -1   881   2
r  926   975   978   2
c  927   -1   975   2
c  85   -1   184   2
r  187   136   87   2
r  188   190   186   2
c  1323   -1   1225   2
c  1468   -1   1319   2
c  1562   -1   1664   2
c  1562   -1   1608   2
c  1612   -1   1563   2
c  1514   -1   1565   2
r  1761   1810   1712   2
c  1804   -1   1903   2
c  1854   -1   1902   2
c  1851   -1   1806   2
c  1858   -1   1806   2
c  830   -1   884   2
c  584   -1   580   2
c  1177   -1   1228   2
c  1371   -1   1320   2
c  1520   -1   1472   2
c  1227   -1   1179   2
c  1178   -1   1180   2
c  731   -1   729   2
c  634   -1   782   2
c  634   -1   729   2
c  486   -1   285   2
c  288   -1   188   2
c  1664   -1   1563   2
c  1375   -1   1423   2
c  1475   -1   1323   2
c  1663   -1   1564   2
c  1663   -1   1714   2
c  1567   -1   1518   2
c  1811   -1   1863   2
c  1762   -1   1816   2
c  1902   -1   2004   2
c  1913   -1   1810   2
c  536   -1   387   2
c  1130   -1   1127   2
c  1180   -1   1177   2
c  1523   -1   1471   2
c  1326   -1   1429   2
c  1278   -1   1131   2
c  1080   -1   932   2
c  684   -1   586   2
c  289   -1   340   2
r  38   90   190   2
c  89   -1   138   2
c  90   -1   139   2
c  140   -1   89   2
c  339   -1   91   2
c  241   -1   189   2
c  1376   -1   1476   2
c  1478   -1   1374   2
c  1478   -1   1575   2
c  1618   -1   1616   2
r  1715   1666   1617   2
c  1718   -1   1767   2
c  1718   -1   1616   2
r  1953   2001   2102   2
r  2009   2108   1908   2
c  2011   -1   1908   2
c  1961   -1   1909   2
c  1914   -1   1963   2
c  1965   -1   1914   2
c  885   -1   936   2
c  637   -1   737   2
c  1031   -1   1082   2
c  1031   -1   1232   2
c  1082   -1   1131   2
c  784   -1   635   2
c  588   -1   489   2
c  589   -1   488   2
c  246   -1   144   2
c  246   -1   194   2
c  342   -1   445   2
c  392   -1   347   2
c  1867   -1   1918   2
c  1870   -1   1917   2
c  2112   -1   2010   2
c  2061   -1   2109   2
c  2003   -1   2103   2
r  2051   2002   2053   2
c  2055   -1   2252   2
c  2110   -1   2058   2
c  1967   -1   1869   2
c  2116   -1   2018   2
c  2068   -1   2017   2
c  836   -1   736   2
c  837   -1   736   2
c  739   -1   639   2
c  1182   -1   1280   2
c  1182   -1   1233   2
c  1085   -1   1230   2
c  1623   -1   1575   2
c  1331   -1   1429   2
c  1481   -1   1477   2
r  540   491   542   2
c  92   -1   194   2
r  93   194   40   2
c  296   -1   45   2
r  247   349   149   2
r  197   148   195   2
c  1578   -1   1627   2
c  1676   -1   1577   2
c  1722   -1   1872   2
c  2158   -1   2061   2
c  2153   -1   2001   2
r  2151   2203   2102   2
r  2202   2302   2353   2
c  2104   -1   2254   2
c  2155   -1   2204   2
r  2252   2255   2352   2
c  2165   -1   2216   2
c  2164   -1   2265   2
c  986   -1   886   2
c  1137   -1   1133   2
c  1335   -1   1282   2
c  1821   -1   1769   2
c  592   -1   644   2
c  741   -1   889   2
c  742   -1   841   2
r  43   94   143   2
c  94   -1   48   2
r  98   149   196   2
r  149   96   249   2
r  150   199   99   2
r  50   99   148   2
r  95   44   144   2
c  546   -1   442   2
c  344   -1   346   2
c  547   -1   593   2
r  395   344   446   2
c  396   -1   447   2
c  447   -1   298   2
c  1822   -1   1770   2
c  2070   -1   1971   2
c  2263   -1   2162   2
c  2259   -1   2308   2
c  2211   -1   2312   2
r  2251   2353   2203   2
c  2302   -1   2351   2
c  2255   -1   2203   2
c  2258   -1   2304   2
r  2213   2166   2165   2
c  2265   -1   2312   2
c  1087   -1   1040   2
c  1436   -1   1287   2
c  1775   -1   1777   2
r  1632   1531   1532   2
c  1680   -1   1581   2
c  1683   -1   1784   2
c  643   -1   645   2
c  643   -1   743   2
c  593   -1   642   2
c  941   -1   1038   2
r  48   46   145   2
r  46   95   149   2
r  96   47   147   2
c  299   -1   147   2
r  49   100   147   2
r  199   250   298   2
r  100   200   149   2
c  300   -1   149   2
r  250   298   349   2
c  549   -1   398   2
c  1730   -1   1779   2
c  1534   -1   1433   2
c  1732   -1   1631   2
c  1825   -1   1874   2
c  1827   -1   1824   2
c  2413   -1   2362   2
c  2411   -1   2360   2
r  2358   2407   2409   2
r  2301   2252   2403   2
c  2403   -1   2303   2
r  2402   2453   2304   2
r  2351   2403   2353   2
r  2401   2452   2353   2
r  2455   2355   2353   2
c  2452   -1   2353   2
r  2304   2403   2302   2
c  2453   -1   2352   2
r  2451   2403   2352   2
c  2356   -1   2405   2
c  1484   -1   1385   2
c  1387   -1   1440   2
c  1190   -1   1039   2
c  796   -1   792   2
r  599   699   648   2
c  649   -1   698   2
c  550   -1   448   2
c  650   -1   549   2
c  449   -1   649   2
c  1635   -1   1783   2
c  1830   -1   1735   2
c  2463   -1   2261   2
c  2362   -1   2464   2
c  2367   -1   2364   2
r  2366   2415   2315   2
c  2415   -1   2315   2
c  2462   -1   2363   2
c  2361   -1   2457   2
r  2461   2359   2408   2
r  2460   2458   2360   2
c  2407   -1   2405   2
r  2458   2357   2406   2
c  2456   -1   2408   2
c  2416   -1   2317   2
c  2416   -1   2318   2
c  2370   -1   2422   2
c  2466   -1   2367   2
r  2075   2077   2078   2
c  2274   -1   2375   2
c  1043   -1   1092   2
c  894   -1   942   2
c  1240   -1   1140   2
c  1240   -1   1141   2
c  1290   -1   1389   2
c  1389   -1   1438   2
c  1489   -1   1389   2
c  1932   -1   1981   2
c  798   -1   850   2
c  749   -1   649   2
c  1638   -1   1538   2
c  2079   -1   2026   2
r  1980   1929   1880   2
c  2465   -1   2460   2
r  2323   2374   2224   2
c  2324   -1   2224   2
c  2469   -1   2421   2
c  2176   -1   2077   2
c  2226   -1   2275   2
c  2226   -1   2228   2
r  2275   2224   2373   2
c  1143   -1   1145   2
c  1587   -1   1438   2
c  1737   -1   1538   2
c  1885   -1   1934   2
c  1047   -1   996   2
c  1639   -1   1741   2
c  2473   -1   2475   2
c  2374   -1   2425   2
c  2424   -1   2427   2
c  2377   -1   2375   2
c  2427   -1   2479   2
c  2179   -1   2181   2
c  2379   -1   2376   2
c  1293   -1   1341   2
c  1293   -1   1194   2
c  1292   -1   1244   2
c  1393   -1   1341   2
c  1740   -1   1788   2
c  1987   -1   1836   2
c  1098   -1   1095   2
c  1148   -1   1099   2
c  950   -1   850   2
r  949   850   898   2
c  2134   -1   1985   2
r  2477   2475   2428   2
c  2429   -1   2381   2
c  2479   -1   2430   2
c  1395   -1   1546   2
c  1641   -1   1541   2
c  1495   -1   1546   2
c  1595   -1   1696   2
c  1941   -1   1790   2
c  1937   -1   1988   2
c  1839   -1   1890   2
r  998   946   1099   2
c  1150   -1   1148   2
c  999   -1   1099   2
c  1742   -1   1844   2
c  2137   -1   2283   2
c  2332   -1   2381   2
c  2186   -1   2037   2
c  2381   -1   2482   2
c  2334   -1   2479   2
c  1447   -1   1499   2
r  1249   1298   1149   2
c  1696   -1   1596   2
c  1891   -1   1792   2
r  2436   2385   2433   2
c  2385   -1   2286   2
c  2335   -1   2384   2
c  2482   -1   2435   2
c  2435   -1   2286   2
c  1448   -1   1548   2
c  1548   -1   1447   2
r  1300   1399   1449   2
c  1500   -1   1546   2
r  1598   1647   1695   2
c  1697   -1   1596   2
c  1649   -1   1596   2
r  1846   1897   1745   2
c  2139   -1   2042   2
c  2042   -1   2044   2
c  2042   -1   2039   2
c  2286   -1   2335   2
c  1894   -1   1793   2
c  2239   -1   2292   2
c  2338   -1   2138   2
c  1650   -1   1749   2
c  1699   -1   1798   2
c  1749   -1   1746   2
r  1847   1948   1996   2
c  2094   -1   2042   2
r  2045   1994   2043   2
c  2143   -1   2140   2
c  2193   -1   2092   2
r  2487   2438   2439   2
c  2488   -1   2388   2
c  2438   -1   2486   2
r  2390   2490   2437   2
c  2490   -1   2437   2
c  2439   -1   2338   2
c  2439   -1   2387   2
r  1750   1699   1798   2
r  1900   1897   1848   2
c  1998   -1   1899   2
c  2245   -1   2344   2
r  2342   2393   2293   2
c  2341   -1   2292   2
c  2195   -1   2097   2
c  2491   -1   2390   2
r  2445   2496   2349   2
c  1950   -1   1998   2
r  2097   2197   2199   2
c  2346   -1   2392   2
r  2494   2395   2443   2
r  2098   2149   2249   2
c  2250   -1   2097   2
r  2199   2250   2197   2
c  2198   -1   2300   2
r  2150   2349   2199   2
r  2248   2299   2149   2
r  2200   2300   2249   2
c  2348   -1   2296   2
r  2350   2399   2499   2
c  2499   -1   2398   2
r  2300   2349   2449   2
r  2398   2400   2497   2
r  2450   2399   2348   2
r  1   104   54   3
r  51   53   104   3
r  2   54   104   3
r  102   201   205   3
r  52   3   153   3
r  103   54   302   3
r  3   102   54   3
r  53   104   102   3
r  252   152   102   3
r  151   104   54   3
r  4   51   155   3
r  5   56   53   3
r  105   6   56   3
r  201   152   101   3
r  251   203   352   3
r  58   9   105   3
r  7   10   105   3
r  501   552   602   3
r  504   553   602   3
r  112   115   12   3
r  62   14   64   3
r  651   703   654   3
r  804   802   701   3
r  561   612   661   3
r  116   67   164   3
r  660   612   662   3
r  318   218   267   3
r  761   810   758   3
r  1001   953   751   3
r  903   952   803   3
r  954   853   854   3
r  1051   902   953   3
r  851   854   902   3
r  905   854   806   3
r  119   168   122   3
r  713   814   765   3
r  20   122   120   3
r  957   857   858   3
r  672   723   670   3
r  574   571   474   3
c  126   -1   226   3
r  130   81   182   3
r  26   75   126   3
r  1016   1014   1018   3
r  1455   1355   1353   3
r  1071   1073   1023   3
r  1501   1503   1452   3
r  975   1026   1074   3
r  135   84   86   3
r  1601   1701   1503   3
r  1367   1316   1418   3
r  1420   1469   1369   3
r  486   336   435   3
r  1803   1904   1754   3
r  1616   1567   1716   3
r  91   93   139   3
r  2012   2061   1908   3
r  638   586   690   3
r  347   447   446   3
r  2001   2102   2053   3
r  2106   2207   2058   3
r  45   144   149   3
r  48   97   196   3
r  149   249   147   3
r  297   245   149   3
r  248   197   296   3
r  250   349   247   3
r  98   196   298   3
r  50   149   199   3
r  345   396   394   3
r  2153   2202   2201   3
r  2201   2301   2102   3
r  2157   2208   2055   3
r  1186   1086   1188   3
r  594   643   596   3
r  2302   2251   2203   3
r  2253   2302   2353   3
r  2352   2403   2304   3
r  1828   1929   1832   3
r  598   649   600   3
r  600   549   398   3
r  2351   2402   2403   3
c  2403   -1   2304   3
r  2401   2403   2352   3
r  2453   2401   2353   3
r  2451   2402   2403   3
r  700   749   748   3
r  2408   2309   2308   3
r  2456   2407   2459   3
r  2407   2405   2409   3
c  1341   -1   1193   3
r  2470   2422   2370   3
r  2469   2418   2420   3
r  949   898   850   3
r  2180   2232   2131   3
r  1591   1691   1692   3
r  1150   1148   1198   3
r  2474   2472   2425   3
r  2426   2475   2478   3
r  2428   2479   2376   3
r  2478   2429   2427   3
r  2481   2381   2427   3
r  2385   2286   2334   3
r  1450   1300   1299   3
r  1449   1500   1350   3
r  1697   1648   1695   3
r  2485   2438   2437   3
r  1849   1900   1898   3
r  1949   1947   1898   3
r  2096   2149   2199   3
r  2442   2491   2340   3
r  2443   2395   2396   3
r  2395   2446   2495   3
r  2099   2199   2249   3
r  2150   2199   2147   3
r  2248   2149   2147   3
r  2247   2394   2296   3
c  2497   -1   2344   3
r  2495   2497   2396   3
r  2349   2247   2398   3
r  2398   2497   2296   3
r  2348   2296   2396   3
r  2299   2449   2197   3
r  2250   2097   2099   3
r  2449   2349   2398   3
r  2347   2296   2400   3
r  2498   2449   2348   3
r  1   102   104   4
r  51   104   54   4
r  2   102   54   4
r  103   302   54   4
r  203   103   54   4
r  156   255   54   4
r  102   205   104   4
r  204   153   101   4
r  153   102   252   4
r  109   58   107   4
r  6   4   105   4
r  57   108   5   4
r  60   8   164   4
r  702   804   651   4
r  112   164   63   4
r  115   166   167   4
r  802   702   902   4
r  953   904   902   4
r  218   317   67   4
r  118   18   167   4
r  853   902   802   4
r  855   751   804   4
r  952   803   854   4
r  1003   901   1054   4
r  19   22   72   4
r  1006   1106   954   4
r  20   121   123   4
r  72   21   120   4
r  763   810   814   4
r  424   473   422   4
r  22   73   123   4
r  1201   1152   1103   4
r  1157   1105   1206   4
r  1106   1158   1108   4
r  1202   1251   1151   4
r  1113   1064   1215   4
r  1252   1254   1153   4
r  79   77   126   4
r  77   126   182   4
r  1451   1502   1503   4
r  133   84   182   4
r  85   36   134   4
r  136   236   134   4
r  1557   1608   1658   4
r  1602   1653   1503   4
r  1601   1752   1701   4
r  1076   1073   1074   4
r  1702   1603   1601   4
r  1755   1806   1854   4
r  139   39   188   4
r  1858   1960   1856   4
r  1031   1082   1127   4
r  733   633   782   4
r  89   138   189   4
r  1803   1754   1805   4
r  1855   1902   1806   4
r  39   88   190   4
r  195   247   149   4
r  197   195   149   4
r  347   396   149   4
r  2051   2053   2202   4
r  1383   1434   1485   4
r  692   644   690   4
r  146   95   48   4
r  145   147   149   4
r  97   95   296   4
r  98   298   247   4
r  147   196   48   4
r  50   199   147   4
r  99   48   199   4
r  95   144   147   4
r  48   196   149   4
r  1869   1920   1917   4
r  2152   2203   2103   4
r  2201   2302   2052   4
r  2117   2165   2066   4
r  990   1039   1038   4
r  1725   1676   1777   4
r  150   148   199   4
r  250   247   149   4
r  548   599   650   4
r  2251   2352   2304   4
r  2353   2305   2304   4
r  2255   2207   2155   4
r  1926   1924   1874   4
r  598   650   549   4
r  2023   2026   2122   4
r  2403   2304   2352   4
r  2454   2403   2303   4
r  2351   2403   2402   4
r  2401   2352   2452   4
r  2451   2352   2353   4
r  2453   2353   2402   4
r  2269   2370   2320   4
r  843   895   942   4
r  745   644   743   4
r  1439   1287   1387   4
r  600   398   649   4
r  699   650   748   4
r  2459   2408   2308   4
r  2457   2408   2459   4
r  2471   2422   2369   4
r  898   947   950   4
r  2374   2326   2475   4
r  900   849   1050   4
r  2180   2231   2129   4
r  2084   2082   2033   4
r  2382   2380   2431   4
r  999   898   1148   4
r  2432   2332   2430   4
r  1250   1150   1199   4
r  1349   1300   1499   4
r  1449   1348   1299   4
r  1649   1698   1695   4
r  1747   1597   1745   4
r  2386   2435   2286   4
r  2337   2237   2435   4
r  2045   2145   1993   4
r  2487   2489   2387   4
r  1850   1750   1798   4
r  1949   1898   2000   4
r  1997   2049   1898   4
r  2493   2495   2390   4
r  2097   2199   2249   4
r  2199   2300   2147   4
r  2443   2445   2392   4
r  2099   2150   2198   4
r  2100   2200   2248   4
r  2150   2147   2199   4
r  2497   2446   2494   4
r  2348   2397   2499   4
r  2350   2299   2249   4
r  2400   2298   2499   4
r  2450   2448   2398   4
r  2500   2449   2398   4
r  51   103   53   5
r  52   54   103   5
r  53   155   153   5
r  3   104   155   5
r  55   106   104   5
r  203   152   155   5
r  155   204   54   5
r  202   302   54   5
r  152   54   101   5
r  153   252   102   5
r  6   57   53   5
r  252   203   152   5
r  60   164   113   5
r  451   402   453   5
r  701   752   853   5
r  802   751   753   5
r  803   854   902   5
r  953   1004   803   5
r  118   167   218   5
r  801   902   901   5
r  1051   1003   902   5
r  851   902   953   5
r  171   122   120   5
r  1052   954   902   5
r  856   755   954   5
r  19   21   120   5
r  71   120   123   5
r  21   73   123   5
r  75   175   123   5
r  24   123   72   5
r  718   769   619   5
r  1153   1202   1251   5
r  1302   1203   1251   5
r  179   80   128   5
r  77   182   126   5
r  28   80   81   5
r  131   128   80   5
r  579   528   630   5
r  31   82   182   5
r  1601   1503   1452   5
r  285   234   184   5
r  1651   1702   1604   5
r  1324   1375   1373   5
r  1081   979   1032   5
r  980   929   1081   5
r  1954   2003   2102   5
r  1952   1852   2052   5
r  43   143   149   5
r  2051   2202   2201   5
r  1235   1335   1284   5
r  146   48   149   5
r  197   246   48   5
r  97   149   48   5
r  200   249   147   5
r  198   147   247   5
r  99   199   147   5
r  95   43   97   5
r  46   149   95   5
r  47   95   149   5
r  2101   2202   2052   5
r  2152   2103   2203   5
r  2104   2254   2203   5
r  1726   1675   1724   5
r  1822   1721   1820   5
r  150   99   147   5
r  49   149   95   5
r  1041   1092   1093   5
r  2412   2464   2313   5
r  2356   2305   2257   5
r  2403   2352   2454   5
r  2401   2452   2352   5
r  2451   2403   2304   5
r  2405   2456   2353   5
r  1831   1782   1932   5
r  600   649   448   5
r  2409   2360   2361   5
r  2406   2358   2459   5
r  2408   2308   2356   5
r  2418   2467   2367   5
r  2469   2421   2417   5
r  2457   2459   2408   5
r  2419   2371   2421   5
r  2421   2367   2368   5
r  1046   1048   995   5
r  848   899   999   5
r  850   899   898   5
r  2033   2082   2134   5
r  1888   1839   1988   5
r  900   898   999   5
r  1394   1343   1446   5
r  2474   2425   2423   5
r  2477   2426   2376   5
r  1250   1299   1150   5
r  1600   1596   1546   5
r  1449   1299   1546   5
r  1650   1549   1546   5
r  1746   1795   1896   5
r  1700   1749   1798   5
r  1748   1650   1699   5
r  1797   1897   1848   5
r  1895   1995   1998   5
r  1947   1998   1945   5
r  2439   2338   2488   5
r  1800   1699   1798   5
r  2050   1999   1947   5
r  1899   1848   1948   5
r  2196   2245   2043   5
r  2096   2199   2099   5
r  2242   2141   2239   5
r  2491   2390   2440   5
r  2442   2340   2440   5
r  2097   2249   1899   5
r  2343   2392   2394   5
r  2441   2443   2493   5
r  2249   2148   2197   5
r  2149   2200   2249   5
r  2200   2248   2099   5
r  2497   2494   2398   5
r  2496   2494   2445   5
r  2300   2449   2398   5
r  2498   2398   2450   5
r  2400   2499   2348   5
r  2450   2398   2499   5
r  1   104   53   6
r  51   54   107   6
r  2   54   53   6
r  54   105   7   6
r  53   102   155   6
r  52   153   54   6
r  3   155   104   6
r  104   4   53   6
r  154   103   53   6
r  151   103   252   6
r  103   101   204   6
r  102   151   54   6
r  6   105   54   6
r  157   208   53   6
r  153   102   151   6
r  204   53   155   6
r  202   54   205   6
r  105   56   210   6
r  351   402   253   6
r  251   151   351   6
r  452   353   555   6
r  11   112   113   6
r  502   551   602   6
r  501   503   703   6
r  652   703   902   6
r  63   163   214   6
r  559   508   612   6
r  701   953   902   6
r  166   214   164   6
r  413   411   313   6
r  755   804   654   6
r  803   902   904   6
r  901   953   952   6
r  1053   1004   803   6
r  801   901   902   6
r  1002   953   902   6
r  851   952   902   6
r  1001   902   953   6
r  905   805   954   6
r  171   120   71   6
r  121   172   220   6
r  68   17   120   6
r  70   19   123   6
r  1203   1151   1251   6
r  20   120   72   6
r  24   73   123   6
r  25   126   123   6
r  1205   1254   1252   6
r  1255   1304   1257   6
r  719   819   620   6
r  1501   1452   1402   6
r  1551   1452   1503   6
r  528   479   531   6
r  132   130   31   6
r  1312   1361   1211   6
r  481   532   432   6
r  1122   1171   1074   6
r  133   34   35   6
r  334   283   336   6
r  1701   1551   1653   6
r  1751   1851   1653   6
r  1801   1853   1701   6
r  1805   1756   1903   6
r  1375   1423   1475   6
r  191   142   240   6
r  141   241   139   6
r  92   194   40   6
r  2110   2159   2010   6
r  1281   1380   1233   6
r  1033   1084   1133   6
r  1480   1429   1382   6
r  2204   2054   2055   6
r  2161   2109   2058   6
r  1136   1087   1140   6
r  642   543   546   6
r  146   195   95   6
r  97   48   149   6
r  248   296   149   6
r  98   147   149   6
r  50   147   149   6
r  95   97   48   6
r  395   446   298   6
r  96   48   149   6
r  300   149   147   6
r  2304   2301   2203   6
r  2303   2352   2404   6
r  2351   2402   2304   6
r  2401   2352   2304   6
r  2453   2402   2353   6
r  2404   2353   2355   6
r  2356   2257   2352   6
r  2270   2219   2218   6
r  1190   1039   1138   6
r  450   399   498   6
r  2464   2417   2315   6
r  2466   2468   2318   6
r  698   696   746   6
r  500   549   448   6
r  2421   2418   2373   6
r  2327   2427   2375   6
r  2328   2379   2228   6
r  946   997   846   6
r  849   949   948   6
r  2473   2425   2374   6
r  2326   2279   2328   6
r  2376   2427   2476   6
r  2279   2330   2427   6
r  1688   1690   1588   6
r  947   896   850   6
r  899   1050   850   6
r  2476   2478   2430   6
r  1197   1395   1296   6
r  950   849   999   6
r  1100   1149   999   6
r  1250   1150   1248   6
r  2480   2431   2381   6
r  1550   1598   1546   6
r  1649   1596   1750   6
r  1648   1749   1696   6
r  2486   2437   2387   6
r  1846   1745   1898   6
r  1996   1895   1898   6
r  1949   1998   2050   6
r  2294   2243   2393   6
r  2342   2293   2339   6
r  2493   2442   2490   6
r  2048   2099   2199   6
r  2000   1998   1898   6
r  2100   2248   2249   6
r  2097   1899   2099   6
r  2443   2392   2391   6
r  2150   2249   2248   6
r  2248   2147   2300   6
r  2444   2493   2396   6
r  2497   2344   2445   6
r  2200   2099   2198   6
r  2400   2348   2398   6
r  2448   2497   2400   6
r  2449   2400   2348   6
r  2450   2499   2448   6
r  2500   2398   2449   6
r  1   53   205   7
r  51   107   54   7
r  2   53   54   7
r  52   54   104   7
r  4   155   104   7
r  55   53   52   7
r  151   252   202   7
r  201   104   54   7
r  252   102   101   7
r  105   57   53   7
r  153   202   204   7
r  251   351   253   7
r  301   352   202   7
r  351   302   252   7
r  405   305   554   7
r  602   653   654   7
r  61   12   161   7
r  113   64   12   7
r  451   503   555   7
r  503   555   602   7
r  551   703   652   7
r  13   62   164   7
r  409   458   460   7
r  803   904   901   7
r  953   803   1002   7
r  1052   1003   853   7
r  801   852   953   7
r  414   366   417   7
r  1151   1303   1252   7
r  1204   1253   1252   7
r  670   721   722   7
r  21   123   72   7
r  1301   1401   1404   7
r  1354   1302   1253   7
r  1352   1301   1251   7
r  126   226   78   7
r  817   868   770   7
r  818   769   771   7
r  574   474   523   7
r  625   676   573   7
r  229   180   81   7
r  1753   1802   1503   7
r  923   823   874   7
r  628   579   630   7
r  31   33   82   7
r  86   186   134   7
r  1317   1368   1266   7
r  1809   1858   1856   7
r  1372   1321   1421   7
r  485   536   433   7
r  140   89   40   7
r  834   735   983   7
r  784   835   636   7
r  440   389   339   7
r  92   40   143   7
r  42   93   94   7
r  2102   2153   2003   7
r  2051   2201   2153   7
r  1575   1624   1572   7
r  145   196   246   7
r  144   195   149   7
r  2155   2204   2203   7
r  2252   2254   2353   7
r  1234   1236   1384   7
r  146   95   48   7
r  98   149   147   7
r  147   249   247   7
r  198   247   147   7
r  100   149   148   7
r  95   48   149   7
r  46   95   149   7
r  544   495   542   7
r  495   446   546   7
r  345   446   396   7
r  96   147   48   7
r  250   299   147   7
r  498   549   398   7
r  2403   2303   2355   7
r  2354   2302   2352   7
r  2452   2356   2304   7
r  2356   2352   2304   7
r  2358   2409   2457   7
r  2315   2364   2367   7
r  2414   2412   2313   7
r  2411   2311   2308   7
r  792   741   892   7
r  744   643   795   7
r  695   744   646   7
r  2463   2363   2415   7
r  2457   2409   2356   7
r  2461   2408   2311   7
r  2319   2368   2421   7
r  2469   2420   2318   7
r  600   448   450   7
r  2372   2321   2370   7
r  2027   2126   1975   7
r  1392   1441   1440   7
r  750   649   850   7
r  849   948   999   7
r  1739   1941   1788   7
r  2331   2280   2432   7
r  1395   1444   1447   7
r  900   1050   898   7
r  950   999   1050   7
r  1050   1099   1148   7
r  1150   1198   1148   7
r  2430   2381   2427   7
r  2479   2477   2381   7
r  2483   2434   2334   7
r  1250   1248   1299   7
r  1349   1499   1400   7
r  1598   1695   1546   7
r  1450   1299   1348   7
r  1400   1348   1549   7
r  1550   1546   1649   7
r  2487   2387   2435   7
r  1850   1799   1899   7
r  1948   1946   1896   7
r  2491   2440   2439   7
r  2442   2440   2439   7
r  1900   1848   1998   7
r  1949   2050   1898   7
r  2445   2494   2396   7
r  2097   2099   2300   7
r  2446   2495   2497   7
r  2497   2398   2396   7
r  2349   2398   2300   7
r  2200   2198   2197   7
r  2348   2499   2447   7
r  2448   2400   2396   7
r  2150   2248   2249   7
r  2298   2198   2398   7
r  2449   2348   2350   7
r  2450   2448   2398   7
r  2500   2448   2398   7
r  1   205   104   8
r  2   104   205   8
r  54   5   105   8
r  52   103   155   8
r  55   104   53   8
r  251   352   54   8
r  56   58   7   8
r  152   55   201   8
r  106   155   55   8
r  59   158   107   8
r  301   202   204   8
r  12   63   164   8
r  555   502   602   8
r  551   652   703   8
r  410   362   462   8
r  701   902   803   8
r  1052   853   953   8
r  67   16   116   8
r  118   169   120   8
r  661   761   612   8
r  72   70   170   8
r  21   72   123   8
r  1352   1251   1404   8
r  25   123   126   8
r  1551   1451   1352   8
r  1258   1309   1211   8
r  725   723   722   8
r  129   180   182   8
r  79   126   128   8
r  77   126   179   8
r  1163   1214   1063   8
r  1403   1352   1503   8
r  1453   1706   1402   8
r  230   334   81   8
r  83   182   134   8
r  1652   1601   1604   8
r  1704   1753   1653   8
r  532   583   633   8
r  286   235   284   8
r  1319   1317   1418   8
r  1566   1563   1569   8
r  734   634   833   8
r  1430   1428   1382   8
r  785   636   736   8
r  43   92   40   8
r  145   149   147   8
r  42   40   149   8
r  48   149   296   8
r  98   147   149   8
r  294   343   149   8
r  198   147   149   8
r  50   149   99   8
r  100   199   149   8
r  95   147   146   8
r  47   149   95   8
r  96   48   147   8
r  249   300   149   8
r  345   394   298   8
r  349   400   199   8
r  2351   2353   2252   8
r  2301   2353   2304   8
r  2304   2203   2454   8
r  2354   2352   2302   8
r  2453   2352   2304   8
r  745   743   693   8
r  598   600   650   8
r  2451   2353   2403   8
r  2404   2352   2304   8
r  2417   2466   2318   8
r  2416   2318   2315   8
r  2458   2407   2358   8
r  2457   2356   2406   8
r  1975   2075   2029   8
r  500   449   650   8
r  2368   2468   2419   8
r  1638   1538   1690   8
r  2422   2374   2373   8
r  2473   2475   2373   8
r  2376   2476   2427   8
r  1447   1498   1546   8
r  1199   1299   1247   8
r  1695   1547   1798   8
r  1449   1350   1348   8
r  1400   1449   1348   8
r  1549   1600   1399   8
r  1750   1798   1747   8
r  1946   1897   1746   8
r  2193   2092   2140   8
r  2438   2440   2387   8
r  2488   2486   2387   8
r  2390   2437   2388   8
r  2147   2098   2249   8
r  2247   2296   2146   8
r  2444   2396   2493   8
r  2495   2396   2443   8
r  2148   2199   2249   8
r  2297   2348   2398   8
r  2348   2447   2300   8
r  2150   2249   2099   8
r  2298   2347   2249   8
r  2449   2350   2400   8
r  2500   2449   2348   8
r  1   54   53   9
r  2   205   104   9
r  154   53   205   9
r  102   54   205   9
r  55   52   104   9
r  153   204   54   9
r  201   54   153   9
r  204   155   54   9
r  152   201   54   9
r  202   253   54   9
r  56   104   54   9
r  5   53   54   9
r  253   302   54   9
r  301   253   54   9
r  9   107   54   9
r  351   252   54   9
r  403   354   452   9
r  252   101   201   9
r  305   256   258   9
r  451   555   602   9
r  502   602   554   9
r  601   501   703   9
r  14   65   114   9
r  63   214   114   9
r  410   462   361   9
r  167   218   266   9
r  116   65   214   9
r  751   902   802   9
r  851   953   752   9
r  951   1002   902   9
r  66   117   167   9
r  17   66   65   9
r  1002   902   802   9
r  953   902   853   9
r  418   367   421   9
r  221   123   120   9
r  121   170   172   9
r  1055   1106   954   9
r  123   72   171   9
r  19   120   123   9
r  1154   1205   1156   9
r  74   123   25   9
r  1062   1162   1214   9
r  1303   1251   1404   9
r  25   126   27   9
r  378   330   329   9
r  1401   1452   1353   9
r  1552   1503   1352   9
r  78   80   179   9
r  130   182   81   9
r  1165   1213   1064   9
r  1260   1262   1312   9
r  1501   1552   1503   9
r  1551   1352   1604   9
r  29   128   81   9
r  1261   1263   1310   9
r  1652   1604   1601   9
r  1753   1503   1653   9
r  628   677   727   9
r  185   86   284   9
r  2053   2202   2004   9
r  2001   2053   2102   9
r  2052   2001   2153   9
r  834   734   934   9
r  41   93   149   9
r  2109   2158   1908   9
r  2153   2201   2003   9
r  2201   2102   2051   9
r  1380   1429   1531   9
r  145   147   149   9
r  2204   2055   2304   9
r  198   249   247   9
r  50   99   149   9
r  47   95   149   9
r  300   298   149   9
r  49   147   149   9
r  2254   2205   2203   9
r  2401   2304   2252   9
r  2255   2155   2353   9
r  2301   2403   2454   9
r  349   199   298   9
r  2310   2361   2259   9
r  2452   2304   2403   9
r  2403   2355   2304   9
r  2455   2404   2304   9
r  2405   2353   2304   9
r  2456   2459   2304   9
r  2315   2367   2364   9
r  2409   2411   2360   9
r  2457   2408   2307   9
r  2458   2358   2456   9
r  2222   2171   2121   9
r  992   944   943   9
r  499   398   650   9
r  450   550   650   9
r  600   450   448   9
r  2274   2375   2226   9
r  2028   1930   1979   9
r  699   648   850   9
r  2468   2417   2320   9
r  850   799   999   9
r  1937   1986   1837   9
r  898   950   999   9
r  2473   2373   2475   9
r  950   1050   999   9
r  1000   949   898   9
r  2476   2427   2376   9
r  2478   2430   2476   9
r  1596   1647   1548   9
r  1448   1499   1549   9
r  1548   1599   1546   9
r  1349   1400   1549   9
r  1500   1546   1299   9
r  1399   1350   1348   9
r  1794   1745   1742   9
r  2288   2339   2435   9
r  2439   2488   2391   9
r  1900   1898   1948   9
r  2292   2092   2191   9
r  2393   2293   2396   9
r  2490   2437   2439   9
r  2493   2390   2439   9
r  2441   2492   2439   9
r  1949   2000   2049   9
r  2396   2496   2294   9
r  2442   2439   2395   9
r  2199   2147   2097   9
r  2495   2443   2396   9
r  2446   2443   2398   9
r  2299   2247   2296   9
r  2249   2198   2348   9
r  2248   2300   2097   9
r  2148   2249   2099   9
r  2150   2199   2147   9
r  2298   2398   2199   9
r  2499   2398   2348   9
r  2448   2396   2400   9
r  2450   2398   2448   9
r  2500   2398   2498   9
r  2400   2398   2499   9
r  1   53   54   10
r  104   155   5   10
r  52   104   54   10
r  53   155   253   10
r  3   54   205   10
r  4   104   2   10
r  103   204   105   10
r  154   205   53   10
r  152   54   104   10
r  5   105   53   10
r  205   52   54   10
r  201   101   54   10
r  58   105   54   10
r  302   201   54   10
r  303   352   54   10
r  252   201   54   10
r  102   104   153   10
r  203   54   252   10
r  257   308   157   10
r  452   501   602   10
r  453   502   602   10
r  654   652   753   10
r  15   17   164   10
r  659   759   559   10
r  16   14   218   10
r  851   902   853   10
r  952   853   803   10
r  951   953   1002   10
r  1001   953   902   10
r  415   364   417   10
r  120   270   123   10
r  121   172   119   10
r  855   956   954   10
r  122   120   19   10
r  72   120   123   10
r  1153   1251   1302   10
r  22   122   71   10
r  21   123   72   10
r  25   27   126   10
r  1058   1107   1157   10
r  1352   1401   1503   10
r  279   332   378   10
r  129   182   81   10
r  228   179   81   10
r  1401   1403   1503   10
r  1552   1402   1503   10
r  1503   1555   1404   10
r  1071   1171   1074   10
r  230   281   182   10
r  1603   1652   1552   10
r  1215   1212   1163   10
r  136   185   188   10
r  1558   1658   1556   10
r  235   184   233   10
r  334   336   285   10
r  1802   1703   1604   10
r  1801   1852   1806   10
r  1753   1653   1802   10
r  1465   1566   1565   10
r  1372   1421   1321   10
r  1573   1624   1575   10
r  93   244   142   10
r  145   149   296   10
r  2151   2202   2051   10
r  297   149   245   10
r  150   147   296   10
r  99   198   247   10
r  95   149   97   10
r  46   146   95   10
r  300   147   298   10
r  350   348   149   10
r  2252   2352   2304   10
r  1873   1925   1825   10
r  299   149   48   10
r  2351   2304   2353   10
r  2254   2155   2252   10
r  2255   2203   2304   10
r  2454   2303   2203   10
r  2214   2314   2265   10
r  450   498   549   10
r  598   650   448   10
r  2401   2252   2304   10
r  2403   2304   2401   10
r  2452   2403   2304   10
r  2451   2403   2353   10
r  650   549   448   10
r  600   448   498   10
r  2357   2406   2457   10
r  2408   2356   2459   10
r  2457   2406   2356   10
r  2407   2356   2307   10
r  2366   2465   2417   10
r  2416   2317   2266   10
r  1292   1244   1193   10
r  1736   1738   1836   10
r  2368   2417   2372   10
r  848   850   899   10
r  899   950   999   10
r  2469   2417   2320   10
r  2421   2373   2370   10
r  2325   2274   2373   10
r  1595   1494   1695   10
r  1100   999   1049   10
r  1596   1695   1645   10
r  2481   2427   2381   10
r  1547   1598   1549   10
r  1844   1893   1793   10
r  2486   2387   2437   10
r  2477   2376   2429   10
r  1699   1798   1750   10
r  1847   1898   1798   10
r  1796   1745   1898   10
r  1850   1798   1896   10
r  2243   2194   2196   10
r  2096   2147   2249   10
r  2489   2390   2391   10
r  2490   2488   2443   10
r  1949   1898   1998   10
r  2000   1898   1948   10
r  1950   1998   1947   10
r  2343   2394   2396   10
r  2099   2198   2199   10
r  2494   2443   2445   10
r  2395   2391   2497   10
r  2446   2497   2397   10
r  2200   2249   2097   10
r  2148   2097   2300   10
r  2300   2398   2249   10
r  2149   2249   2248   10
r  2348   2396   2449   10
r  2150   2099   2199   10
r  2298   2249   2300   10
r  2496   2445   2397   10
r  2498   2348   2400   10
r  2450   2448   2398   10
r  2400   2297   2398   10
r  2499   2349   2448   10
r  51   53   104   11
r  2   54   53   11
r  104   53   155   11
r  101   54   53   11
r  52   54   104   11
r  3   104   54   11
r  53   253   206   11
r  4   2   104   11
r  151   202   155   11
r  56   7   53   11
r  301   204   203   11
r  152   104   54   11
r  102   205   54   11
r  107   7   54   11
r  254   205   54   11
r  203   155   54   11
r  6   54   153   11
r  403   405   554   11
r  455   354   353   11
r  14   115   164   11
r  112   12   164   11
r  501   602   554   11
r  503   554   552   11
r  902   806   803   11
r  751   903   804   11
r  851   853   803   11
r  804   752   902   11
r  952   803   903   11
r  1052   953   803   11
r  1001   751   901   11
r  18   69   123   11
r  119   122   123   11
r  1102   1151   1154   11
r  171   220   120   11
r  70   21   68   11
r  1154   1156   1107   11
r  20   123   74   11
r  24   72   126   11
r  177   175   81   11
r  1158   1210   1206   11
r  1301   1404   1452   11
r  26   126   177   11
r  77   177   28   11
r  1402   1503   1353   11
r  1453   1451   1352   11
r  1017   866   867   11
r  230   182   131   11
r  1504   1455   1353   11
r  1501   1503   1353   11
r  1502   1601   1653   11
r  1551   1604   1653   11
r  1066   1114   1018   11
r  286   284   384   11
r  431   482   531   11
r  1651   1602   1653   11
r  1753   1702   1653   11
r  631   682   633   11
r  33   82   85   11
r  336   185   334   11
r  337   334   536   11
r  1952   2052   2004   11
r  1951   2051   2053   11
r  1427   1375   1476   11
r  43   149   91   11
r  1382   1280   1429   11
r  143   91   149   11
r  296   144   149   11
r  145   296   149   11
r  297   195   246   11
r  45   149   48   11
r  2060   2058   1908   11
r  2107   2006   2055   11
r  1919   1917   1719   11
r  95   97   296   11
r  47   45   296   11
r  300   298   247   11
r  48   296   149   11
r  96   149   145   11
r  148   246   150   11
r  250   147   298   11
r  98   247   197   11
r  46   149   48   11
r  1433   1482   1485   11
r  49   149   147   11
r  249   149   147   11
r  549   398   447   11
r  594   596   546   11
r  2302   2203   2403   11
r  2254   2203   2353   11
r  2304   2454   2403   11
r  2301   2454   2203   11
r  1584   1683   1684   11
r  1141   1190   1139   11
r  650   448   498   11
r  2351   2252   2304   11
r  2452   2304   2401   11
r  2451   2304   2351   11
r  2404   2304   2353   11
r  2405   2304   2353   11
r  2456   2408   2353   11
r  2455   2353   2356   11
r  2357   2457   2304   11
r  2412   2463   2363   11
r  2462   2362   2313   11
r  697   748   798   11
r  2407   2307   2459   11
r  2365   2367   2417   11
r  849   898   798   11
r  2467   2419   2418   11
r  2418   2367   2320   11
r  900   999   948   11
r  899   850   950   11
r  2419   2470   2322   11
r  2176   2077   2224   11
r  2275   2324   2224   11
r  1295   1346   1348   11
r  1346   1395   1445   11
r  1099   1048   1050   11
r  2375   2424   2427   11
r  1398   1447   1299   11
r  2087   2138   2134   11
r  2431   2433   2480   11
r  2379   2376   2479   11
r  2426   2428   2430   11
r  1500   1299   1348   11
r  1550   1599   1546   11
r  2041   2139   2089   11
r  1699   1750   1798   11
r  1748   1750   1697   11
r  1848   1946   1899   11
r  1948   1897   1950   11
r  2491   2493   2391   11
r  2490   2443   2391   11
r  1949   1998   1947   11
r  1950   1947   2048   11
r  2049   1998   1947   11
r  2048   1898   2249   11
r  2197   2248   2097   11
r  2097   2300   2249   11
r  2099   2249   2097   11
r  2147   2249   2300   11
r  2493   2439   2442   11
r  2442   2395   2396   11
r  2496   2397   2396   11
r  2150   2147   2097   11
r  2149   2198   2249   11
r  2300   2499   2248   11
r  2348   2300   2400   11
r  2398   2296   2300   11
r  2498   2400   2398   11
r  2400   2499   2349   11
r  1   104   53   12
r  101   53   54   12
r  52   155   54   12
r  104   5   53   12
r  3   54   104   12
r  156   304   53   12
r  155   55   53   12
r  153   151   155   12
r  6   53   54   12
r  8   57   54   12
r  210   159   54   12
r  106   58   53   12
r  253   54   101   12
r  252   54   101   12
r  203   54   251   12
r  503   552   554   12
r  655   758   703   12
r  801   953   803   12
r  851   752   902   12
r  611   660   559   12
r  121   119   170   12
r  1002   1051   803   12
r  1001   902   952   12
r  223   272   221   12
r  172   170   123   12
r  123   171   74   12
r  860   909   758   12
r  22   71   20   12
r  20   74   123   12
r  21   23   123   12
r  25   125   123   12
r  1201   1103   1252   12
r  1202   1102   1251   12
r  128   177   131   12
r  227   328   81   12
r  1158   1206   1109   12
r  865   916   917   12
r  625   573   523   12
r  624   673   622   12
r  130   81   179   12
r  1452   1552   1353   12
r  1451   1503   1404   12
r  821   823   824   12
r  28   30   80   12
r  1308   1357   1409   12
r  1504   1555   1404   12
r  1453   1352   1502   12
r  1601   1701   1653   12
r  1501   1353   1452   12
r  1651   1604   1602   12
r  1652   1701   1604   12
r  1557   1606   1608   12
r  1609   1556   1560   12
r  385   434   432   12
r  1372   1321   1421   12
r  731   729   782   12
r  1805   1854   1856   12
r  1178   1180   1127   12
r  1858   1806   1757   12
r  41   92   94   12
r  2001   2003   2103   12
r  785   685   833   12
r  590   689   638   12
r  2106   2058   2055   12
r  2051   2102   2203   12
r  938   940   889   12
r  1724   1625   1575   12
r  295   297   149   12
r  200   147   296   12
r  198   247   296   12
r  95   296   247   12
r  49   95   247   12
r  96   147   149   12
r  148   150   48   12
r  150   296   48   12
r  100   148   199   12
r  50   148   147   12
r  249   147   149   12
r  2155   2055   2304   12
r  2203   2201   2304   12
r  2202   2353   2304   12
r  988   889   1040   12
r  549   447   498   12
r  2302   2403   2203   12
r  2354   2302   2203   12
r  2401   2353   2203   12
r  2262   2164   2313   12
r  1287   1386   1385   12
r  650   498   448   12
r  599   648   448   12
r  2358   2360   2459   12
r  2352   2304   2401   12
r  2454   2203   2304   12
r  2451   2351   2304   12
r  2405   2453   2304   12
r  2406   2459   2353   12
r  2455   2356   2256   12
r  2456   2353   2361   12
r  2452   2353   2304   12
r  2458   2456   2304   12
r  2465   2416   2313   12
r  744   693   793   12
r  2409   2360   2357   12
r  2459   2359   2457   12
r  2466   2318   2417   12
r  1888   1937   1939   12
r  900   948   999   12
r  899   950   850   12
r  997   1048   1099   12
r  2372   2421   2472   12
r  2327   2378   2427   12
r  2384   2483   2435   12
r  1100   1148   1098   12
r  2432   2430   2479   12
r  2430   2427   2381   12
r  2477   2428   2430   12
r  2379   2428   2430   12
r  1400   1549   1499   12
r  1500   1349   1449   12
r  1697   1695   1645   12
r  1700   1649   1747   12
r  1794   1742   1843   12
r  1698   1695   1747   12
r  1796   1896   1947   12
r  1946   1746   1998   12
r  1947   1945   2097   12
r  2441   2493   2388   12
r  2440   2391   2491   12
r  2490   2391   2441   12
r  1999   1947   1899   12
r  1900   1948   1947   12
r  2246   2294   2249   12
r  2200   2197   2300   12
r  2444   2495   2396   12
r  2447   2398   2445   12
r  2498   2398   2396   12
r  2198   2147   2249   12
r  2248   2097   2199   12
r  2348   2400   2498   12
r  2448   2400   2350   12
r  2400   2349   2447   12
r  2399   2499   2348   12
r  2499   2448   2398   12
r  2   104   54   13
r  3   205   54   13
r  153   155   104   13
r  9   60   108   13
r  157   258   54   13
r  253   101   54   13
r  252   101   54   13
r  57   5   54   13
r  255   306   54   13
r  256   157   54   13
r  306   257   54   13
r  404   554   54   13
r  155   54   206   13
r  106   55   102   13
r  102   54   53   13
r  305   258   356   13
r  454   505   602   13
r  505   452   554   13
r  13   64   112   13
r  64   15   12   13
r  501   703   602   13
r  65   16   167   13
r  701   803   902   13
r  612   560   561   13
r  853   901   902   13
r  951   1002   853   13
r  1002   802   902   13
r  953   853   902   13
r  1001   901   902   13
r  171   71   123   13
r  69   123   170   13
r  20   123   71   13
r  76   25   179   13
r  1352   1503   1452   13
r  574   523   622   13
r  179   227   81   13
r  77   28   81   13
r  330   479   429   13
r  1452   1503   1404   13
r  1401   1503   1352   13
r  1210   1208   1310   13
r  1113   1215   1064   13
r  1306   1357   1358   13
r  1451   1352   1503   13
r  1553   1502   1604   13
r  1602   1503   1653   13
r  1215   1213   1063   13
r  579   530   631   13
r  183   134   35   13
r  678   629   727   13
r  1313   1315   1215   13
r  631   633   531   13
r  583   534   630   13
r  33   85   35   13
r  1854   1806   1805   13
r  1370   1419   1321   13
r  385   432   485   13
r  39   190   91   13
r  1951   2053   2103   13
r  2004   2002   1955   13
r  983   980   1031   13
r  43   40   149   13
r  2054   2005   2103   13
r  935   986   887   13
r  93   40   149   13
r  293   391   149   13
r  641   689   639   13
r  1960   2060   1908   13
r  2151   2051   2203   13
r  2051   2153   2002   13
r  1667   1718   1716   13
r  938   936   1038   13
r  1819   1768   1720   13
r  248   149   296   13
r  50   147   296   13
r  200   296   48   13
r  147   48   199   13
r  49   147   149   13
r  148   48   247   13
r  100   149   247   13
r  349   249   247   13
r  96   149   48   13
r  99   247   48   13
r  98   197   147   13
r  2105   2154   2304   13
r  2203   2252   2353   13
r  249   149   300   13
r  548   649   448   13
r  2301   2304   2252   13
r  2256   2405   2406   13
r  2255   2353   2203   13
r  2303   2404   2203   13
r  2351   2353   2203   13
r  2403   2401   2203   13
r  2352   2452   2304   13
r  2453   2304   2404   13
r  2404   2355   2304   13
r  2455   2256   2353   13
r  2452   2304   2353   13
r  2407   2409   2304   13
r  1734   1783   1683   13
r  650   550   398   13
r  500   650   549   13
r  2364   2366   2416   13
r  2414   2314   2315   13
r  1834   1786   1836   13
r  699   748   798   13
r  2416   2315   2317   13
r  2462   2313   2414   13
r  1638   1690   1738   13
r  1342   1393   1389   13
r  1932   1832   1880   13
r  750   850   798   13
r  800   748   699   13
r  2418   2466   2469   13
r  950   999   798   13
r  1935   1886   1986   13
r  898   998   1148   13
r  899   850   948   13
r  2468   2419   2370   13
r  2472   2420   2419   13
r  2327   2427   2378   13
r  2180   2131   2228   13
r  1249   1198   1148   13
r  2470   2421   2372   13
r  1397   1346   1299   13
r  1348   1299   1448   13
r  1499   1450   1398   13
r  1646   1697   1798   13
r  2481   2430   2479   13
r  2476   2430   2425   13
r  1349   1549   1546   13
r  1450   1399   1448   13
r  1500   1348   1546   13
r  2380   2431   2479   13
r  2486   2435   2387   13
r  1846   1898   1848   13
r  2192   2143   2140   13
r  1898   1998   2048   13
r  1899   1948   2097   13
r  2096   2249   2149   13
r  2440   2493   2391   13
r  2492   2490   2439   13
r  2000   1899   1998   13
r  2445   2396   2397   13
r  2296   2294   2249   13
r  2099   2097   2249   13
r  2491   2439   2442   13
r  2200   2300   2249   13
r  2250   2248   2097   13
r  2346   2395   2398   13
r  2349   2300   2398   13
r  2397   2346   2298   13
r  2497   2445   2346   13
r  2498   2450   2398   13
r  2297   2346   2249   13
r  2150   2097   2249   13
r  2400   2447   2249   13
r  2398   2350   2249   13
r  2348   2498   2400   13
r  2449   2398   2498   13
r  2500   2498   2400   13
r  104   155   102   14
r  4   104   101   14
r  55   104   102   14
r  201   153   101   14
r  6   153   55   14
r  155   206   54   14
r  106   102   54   14
r  102   53   54   14
r  206   105   54   14
r  257   259   54   14
r  158   107   54   14
r  5   54   153   14
r  306   54   206   14
r  451   453   554   14
r  312   412   261   14
r  554   455   602   14
r  14   114   167   14
r  601   703   654   14
r  653   655   753   14
r  751   802   902   14
r  853   902   901   14
r  952   854   803   14
r  1052   803   1101   14
r  851   803   802   14
r  1002   803   1053   14
r  1001   952   954   14
r  119   123   68   14
r  904   805   803   14
r  664   713   565   14
r  222   322   271   14
r  21   72   119   14
r  618   669   718   14
r  20   72   123   14
r  1201   1252   1302   14
r  128   131   81   14
r  25   123   176   14
r  127   79   81   14
r  26   77   81   14
r  1452   1404   1503   14
r  1502   1653   1352   14
r  180   182   81   14
r  132   31   134   14
r  182   231   81   14
r  1504   1404   1405   14
r  1602   1653   1452   14
r  727   778   729   14
r  1072   1021   1074   14
r  382   483   532   14
r  1701   1602   1604   14
r  1026   974   975   14
r  1804   1853   1902   14
r  829   928   778   14
r  486   285   336   14
r  1852   1903   1806   14
r  140   191   149   14
r  1812   1712   1713   14
r  1280   1233   1131   14
r  141   139   149   14
r  44   141   149   14
r  42   94   91   14
r  292   343   149   14
r  489   589   538   14
r  1909   1957   1956   14
r  2054   2003   2052   14
r  99   48   247   14
r  148   99   296   14
r  199   298   48   14
r  98   147   247   14
r  193   195   149   14
r  245   296   149   14
r  194   143   149   14
r  248   199   149   14
r  46   95   149   14
r  249   298   149   14
r  299   48   149   14
r  147   199   48   14
r  2153   2001   2102   14
r  2201   2051   2102   14
r  2051   2002   2304   14
r  1283   1235   1335   14
r  100   199   48   14
r  47   149   199   14
r  48   149   296   14
r  97   149   247   14
r  250   149   247   14
r  96   48   47   14
r  2252   2304   2203   14
r  1915   1864   1917   14
r  2251   2203   2351   14
r  2256   2356   2304   14
r  2352   2304   2203   14
r  2402   2353   2203   14
r  2454   2304   2203   14
r  2453   2404   2203   14
r  2404   2304   2203   14
r  2455   2353   2203   14
r  2351   2203   2353   14
r  2452   2401   2304   14
r  2257   2259   2304   14
r  2408   2406   2304   14
r  2457   2356   2304   14
r  2359   2307   2304   14
r  498   547   650   14
r  500   549   650   14
r  550   499   450   14
r  694   646   795   14
r  600   498   549   14
r  2357   2304   2406   14
r  2463   2415   2363   14
r  749   649   798   14
r  849   798   948   14
r  2368   2372   2320   14
r  2371   2369   2419   14
r  848   899   850   14
r  949   850   798   14
r  1689   1538   1738   14
r  948   999   1148   14
r  900   898   948   14
r  2420   2369   2319   14
r  2372   2472   2369   14
r  2327   2375   2329   14
r  1000   898   1148   14
r  1740   1789   1591   14
r  2471   2369   2370   14
r  2377   2375   2430   14
r  1297   1348   1299   14
r  1397   1299   1348   14
r  2332   2381   2283   14
r  2485   2437   2384   14
r  2474   2423   2425   14
r  2330   2230   2479   14
r  2476   2425   2430   14
r  1349   1546   1447   14
r  1449   1546   1400   14
r  1647   1746   1596   14
r  1749   1746   1798   14
r  1800   1749   1649   14
r  1750   1799   1798   14
r  2488   2387   2439   14
r  1897   1848   1948   14
r  1946   1998   1948   14
r  1998   1996   1846   14
r  2491   2442   2439   14
r  1949   2049   1998   14
r  1950   1999   1947   14
r  2445   2397   2396   14
r  2197   2148   2248   14
r  2147   2099   2096   14
r  2099   2249   2097   14
r  2442   2396   2391   14
r  2493   2490   2396   14
r  2250   2099   2398   14
r  2395   2495   2447   14
r  2495   2396   2497   14
r  2299   2197   2148   14
r  2298   2300   2249   14
r  2350   2499   2398   14
r  2448   2348   2298   14
r  2449   2400   2398   14
r  2450   2348   2399   14
r  53   206   102   15
r  156   53   105   15
r  5   153   54   15
r  109   107   54   15
r  260   307   54   15
r  406   353   54   15
r  202   54   105   15
r  159   260   206   15
r  203   251   105   15
r  401   452   554   15
r  11   62   164   15
r  501   602   403   15
r  652   701   654   15
r  117   16   164   15
r  710   859   559   15
r  901   952   701   15
r  903   954   802   15
r  1051   953   1002   15
r  853   901   902   15
r  1002   902   954   15
r  324   423   123   15
r  225   277   325   15
r  21   119   19   15
r  126   74   123   15
r  1251   1151   1153   15
r  718   619   667   15
r  127   78   179   15
r  868   919   920   15
r  26   177   179   15
r  179   128   80   15
r  27   76   80   15
r  673   573   722   15
r  130   128   81   15
r  132   134   81   15
r  84   35   82   15
r  1023   1074   1121   15
r  1551   1653   1452   15
r  32   182   35   15
r  87   135   188   15
r  630   632   581   15
r  1651   1653   1604   15
r  1702   1601   1604   15
r  1751   1753   1802   15
r  1559   1608   1508   15
r  583   630   581   15
r  881   982   830   15
r  1901   1952   1802   15
r  91   139   149   15
r  246   194   149   15
r  192   241   149   15
r  2004   2006   2304   15
r  92   94   149   15
r  99   247   48   15
r  195   246   247   15
r  244   246   149   15
r  297   245   149   15
r  45   48   149   15
r  100   247   149   15
r  48   296   149   15
r  349   247   149   15
r  97   296   149   15
r  96   47   149   15
r  47   199   149   15
r  95   247   149   15
r  346   298   149   15
r  344   346   149   15
r  1377   1476   1478   15
r  2001   2103   2304   15
r  2002   2103   2102   15
r  194   149   48   15
r  542   642   593   15
r  98   149   147   15
r  198   149   147   15
r  197   149   296   15
r  400   448   398   15
r  50   149   48   15
r  2106   2055   2304   15
r  2058   2009   2107   15
r  2051   2203   2102   15
r  2152   2203   2052   15
r  2151   2102   2304   15
r  2154   2203   2304   15
r  2101   2052   2203   15
r  2201   2052   2203   15
r  2253   2353   2455   15
r  2401   2203   2353   15
r  2408   2459   2353   15
r  2206   2106   2304   15
r  2301   2252   2304   15
r  2454   2203   2304   15
r  2453   2353   2304   15
r  2404   2203   2304   15
r  2307   2356   2304   15
r  2357   2406   2304   15
r  2308   2360   2304   15
r  544   542   546   15
r  1674   1623   1575   15
r  2452   2304   2203   15
r  2351   2304   2203   15
r  2402   2304   2353   15
r  2456   2304   2353   15
r  2409   2361   2358   15
r  2360   2309   2459   15
r  650   448   549   15
r  550   448   499   15
r  600   549   448   15
r  1682   1731   1631   15
r  1189   1140   1138   15
r  2413   2362   2261   15
r  2462   2363   2314   15
r  750   798   698   15
r  799   750   850   15
r  849   948   950   15
r  1092   1144   1041   15
r  2266   2268   2315   15
r  2366   2417   2415   15
r  950   850   999   15
r  1148   1047   798   15
r  949   798   850   15
r  997   1050   1098   15
r  1050   999   1150   15
r  998   1099   1148   15
r  1049   998   1148   15
r  1294   1345   1296   15
r  1987   1938   1887   15
r  2419   2322   2318   15
r  2420   2471   2320   15
r  1543   1695   1594   15
r  2472   2319   2373   15
r  2470   2372   2472   15
r  2475   2424   2373   15
r  1300   1449   1499   15
r  1350   1348   1448   15
r  1348   1448   1299   15
r  1791   1891   1941   15
r  2431   2480   2479   15
r  2476   2430   2427   15
r  2427   2479   2430   15
r  1549   1500   1649   15
r  1646   1595   1695   15
r  1748   1697   1649   15
r  1895   1998   1898   15
r  2095   1993   2044   15
r  2490   2441   2391   15
r  1900   1947   1898   15
r  1999   1899   1948   15
r  2394   2443   2490   15
r  2344   2393   2396   15
r  2198   2249   2146   15
r  2346   2392   2348   15
r  2497   2346   2398   15
r  2499   2348   2396   15
r  2248   2199   2396   15
r  2299   2296   2396   15
r  2448   2350   2296   15
r  2450   2398   2249   15
r  2449   2398   2249   15
r  2348   2449   2450   15
r  2500   2400   2398   15
r  2   53   105   16
r  53   153   51   16
r  101   54   105   16
r  52   54   203   16
r  3   104   101   16
r  4   53   102   16
r  151   155   102   16
r  203   252   54   16
r  353   355   54   16
r  304   306   54   16
r  208   210   54   16
r  305   356   54   16
r  306   207   54   16
r  355   308   54   16
r  307   207   54   16
r  205   54   101   16
r  6   54   53   16
r  204   54   152   16
r  358   310   355   16
r  61   161   112   16
r  505   554   602   16
r  654   753   554   16
r  214   112   212   16
r  556   607   655   16
r  64   12   113   16
r  510   659   559   16
r  17   65   167   16
r  803   901   751   16
r  952   903   901   16
r  1002   954   902   16
r  756   658   708   16
r  760   859   758   16
r  953   902   803   16
r  22   123   19   16
r  21   19   72   16
r  1202   1151   1302   16
r  76   179   81   16
r  525   326   474   16
r  29   81   179   16
r  1353   1253   1404   16
r  1402   1353   1503   16
r  1401   1352   1452   16
r  1405   1505   1353   16
r  84   82   35   16
r  1313   1264   1265   16
r  33   35   82   16
r  286   384   186   16
r  1123   1172   1023   16
r  1651   1604   1653   16
r  1701   1604   1503   16
r  1703   1654   1604   16
r  1462   1411   1312   16
r  38   190   149   16
r  1801   1701   1604   16
r  1317   1418   1368   16
r  386   486   384   16
r  40   91   149   16
r  682   633   782   16
r  148   247   48   16
r  199   48   298   16
r  146   48   94   16
r  296   45   298   16
r  43   91   94   16
r  44   91   144   16
r  46   48   97   16
r  48   145   247   16
r  346   297   247   16
r  94   48   149   16
r  342   445   149   16
r  194   48   149   16
r  98   247   149   16
r  198   147   149   16
r  197   296   149   16
r  50   296   149   16
r  147   48   296   16
r  1078   1029   1127   16
r  1951   2052   1903   16
r  249   149   247   16
r  97   149   48   16
r  45   149   247   16
r  348   397   448   16
r  96   149   48   16
r  350   149   298   16
r  393   442   444   16
r  2002   2102   2304   16
r  936   1036   836   16
r  2008   1908   2010   16
r  2055   2252   2203   16
r  2156   2107   2304   16
r  2052   2151   2304   16
r  2152   2201   2304   16
r  2254   2252   2203   16
r  2355   2353   2352   16
r  2454   2353   2203   16
r  2453   2203   2353   16
r  2201   2102   2304   16
r  2252   2203   2304   16
r  2205   2203   2304   16
r  2259   2159   2304   16
r  2352   2203   2304   16
r  2406   2455   2304   16
r  2452   2353   2304   16
r  2351   2353   2304   16
r  2456   2353   2304   16
r  2358   2457   2304   16
r  2409   2358   2304   16
r  2157   2260   2304   16
r  2402   2353   2304   16
r  650   549   448   16
r  500   448   398   16
r  450   549   600   16
r  695   795   743   16
r  1625   1676   1724   16
r  2253   2304   2353   16
r  2404   2304   2203   16
r  2311   2362   2313   16
r  2401   2304   2203   16
r  2357   2304   2406   16
r  2251   2304   2302   16
r  550   499   650   16
r  2214   2265   2165   16
r  799   850   698   16
r  1039   1140   1138   16
r  2463   2363   2313   16
r  950   999   850   16
r  996   947   1098   16
r  899   999   1148   16
r  900   999   849   16
r  1290   1191   1341   16
r  1150   1048   999   16
r  1100   1049   999   16
r  1193   1094   1293   16
r  1050   1148   999   16
r  1250   1199   1248   16
r  1298   1397   1296   16
r  2468   2320   2419   16
r  2472   2373   2320   16
r  2372   2369   2472   16
r  2325   2373   2427   16
r  1350   1448   1499   16
r  1499   1398   1546   16
r  1546   1497   1696   16
r  2382   2481   2479   16
r  2433   2334   2435   16
r  2473   2475   2373   16
r  2474   2425   2373   16
r  2427   2430   2329   16
r  1400   1499   1546   16
r  1547   1596   1499   16
r  1649   1695   1546   16
r  1990   2039   1939   16
r  2234   2334   2236   16
r  2436   2384   2434   16
r  2380   2429   2427   16
r  2379   2430   2381   16
r  1647   1696   1798   16
r  1650   1546   1747   16
r  1699   1650   1747   16
r  1798   1697   1649   16
r  1799   1898   1649   16
r  1848   1899   1649   16
r  1750   1798   1699   16
r  1697   1596   1648   16
r  2437   2488   2339   16
r  1700   1747   1799   16
r  1748   1649   1650   16
r  1846   1746   1947   16
r  2387   2338   2391   16
r  1900   1998   1896   16
r  1999   1948   1947   16
r  2440   2491   2388   16
r  2442   2391   2439   16
r  2394   2442   2396   16
r  2099   2097   2249   16
r  2198   2146   2249   16
r  2150   2249   2396   16
r  2398   2300   2296   16
r  2349   2398   2249   16
r  2346   2398   2249   16
r  2399   2299   2249   16
r  2395   2497   2398   16
r  2495   2447   2396   16
r  2496   2396   2445   16
r  2300   2249   2149   16
r  2449   2249   2398   16
r  1   54   105   17
r  2   105   203   17
r  101   105   54   17
r  52   203   54   17
r  3   101   104   17
r  103   54   101   17
r  154   54   105   17
r  151   54   203   17
r  204   152   54   17
r  205   53   54   17
r  202   105   54   17
r  302   251   203   17
r  6   53   54   17
r  10   12   54   17
r  405   554   54   17
r  454   602   54   17
r  153   54   206   17
r  452   555   554   17
r  12   14   167   17
r  457   556   559   17
r  552   603   554   17
r  605   706   602   17
r  13   112   167   17
r  66   167   164   17
r  16   218   164   17
r  115   167   67   17
r  116   164   167   17
r  752   803   701   17
r  705   703   654   17
r  14   164   116   17
r  268   217   319   17
r  753   702   701   17
r  851   802   803   17
r  953   803   902   17
r  318   266   269   17
r  466   415   565   17
r  221   120   170   17
r  1003   902   803   17
r  321   372   270   17
r  22   19   123   17
r  25   176   123   17
r  1157   1206   1106   17
r  26   179   80   17
r  1301   1452   1202   17
r  179   81   27   17
r  27   80   81   17
r  969   1020   867   17
r  1402   1451   1353   17
r  1401   1452   1352   17
r  82   133   181   17
r  181   230   179   17
r  35   83   184   17
r  430   481   531   17
r  1453   1402   1353   17
r  1503   1404   1353   17
r  1551   1503   1402   17
r  1602   1553   1653   17
r  1501   1402   1503   17
r  1458   1460   1461   17
r  33   84   35   17
r  235   233   184   17
r  1074   1174   1023   17
r  1701   1653   1604   17
r  285   184   282   17
r  335   435   485   17
r  39   140   138   17
r  190   139   149   17
r  191   240   149   17
r  90   139   149   17
r  682   782   633   17
r  142   90   149   17
r  148   48   247   17
r  150   48   298   17
r  146   94   48   17
r  144   244   247   17
r  143   243   247   17
r  95   146   247   17
r  50   48   247   17
r  243   343   149   17
r  249   247   149   17
r  97   48   149   17
r  250   247   149   17
r  45   247   149   17
r  397   446   149   17
r  96   48   149   17
r  350   298   149   17
r  343   392   149   17
r  44   149   143   17
r  1955   2055   2304   17
r  2103   2154   2203   17
r  600   448   398   17
r  450   650   549   17
r  1910   1908   1962   17
r  2153   2003   2304   17
r  2101   2203   2304   17
r  2152   2052   2203   17
r  2306   2257   2203   17
r  2202   2251   2353   17
r  2252   2353   2203   17
r  2205   2154   2203   17
r  2253   2455   2304   17
r  2404   2203   2304   17
r  2311   2313   2304   17
r  2401   2203   2304   17
r  2360   2312   2304   17
r  2460   2411   2304   17
r  2403   2454   2405   17
r  2204   2304   2353   17
r  2452   2304   2353   17
r  2451   2304   2203   17
r  2453   2304   2203   17
r  2352   2304   2203   17
r  2251   2302   2203   17
r  2411   2308   2311   17
r  2412   2363   2261   17
r  2464   2460   2313   17
r  2214   2165   2313   17
r  1775   1724   1677   17
r  2416   2317   2315   17
r  848   850   1148   17
r  899   948   999   17
r  2368   2419   2469   17
r  1000   1099   1098   17
r  998   1098   1049   17
r  1978   1927   1976   17
r  2470   2370   2320   17
r  1200   1248   1247   17
r  1984   2134   2083   17
r  2328   2377   2430   17
r  1349   1449   1499   17
r  1350   1499   1546   17
r  1400   1546   1299   17
r  2374   2475   2427   17
r  2326   2378   2430   17
r  2378   2427   2329   17
r  1990   1939   1992   17
r  2482   2435   2430   17
r  1699   1798   1848   17
r  1749   1798   1747   17
r  1750   1747   1650   17
r  2486   2387   2439   17
r  1799   1649   1750   17
r  1850   1896   1898   17
r  1847   1798   1898   17
r  1898   1999   1947   17
r  1998   1899   1947   17
r  2291   2191   2339   17
r  2245   2344   2396   17
r  2489   2391   2441   17
r  2000   1998   1949   17
r  2047   2098   1947   17
r  1999   2048   2050   17
r  2396   2296   2249   17
r  2197   2097   2396   17
r  2148   2300   2249   17
r  2350   2398   2396   17
r  2297   2398   2396   17
r  2398   2296   2396   17
r  2349   2296   2396   17
r  2399   2348   2396   17
r  2300   2149   2249   17
r  2347   2400   2249   17
r  2447   2396   2398   17
r  2397   2298   2448   17
r  2496   2445   2396   17
r  2500   2348   2396   17
r  2450   2249   2398   17
r  1   53   54   18
r  106   54   157   18
r  103   101   54   18
r  152   101   203   18
r  8   5   60   18
r  204   101   53   18
r  202   205   153   18
r  154   105   54   18
r  151   203   54   18
r  352   101   54   18
r  207   256   54   18
r  159   206   54   18
r  354   405   54   18
r  455   353   54   18
r  60   113   54   18
r  356   506   54   18
r  403   452   54   18
r  111   60   54   18
r  102   54   203   18
r  5   54   101   18
r  256   54   157   18
r  402   602   554   18
r  63   114   11   18
r  167   266   164   18
r  410   461   359   18
r  601   552   603   18
r  16   116   67   18
r  14   167   164   18
r  753   651   902   18
r  852   751   901   18
r  851   803   701   18
r  1003   1054   902   18
r  951   902   954   18
r  1051   902   953   18
r  70   68   170   18
r  1006   957   858   18
r  22   123   73   18
r  128   81   179   18
r  78   179   80   18
r  179   80   81   18
r  79   128   179   18
r  29   80   81   18
r  1352   1452   1503   18
r  1206   1257   1106   18
r  527   476   576   18
r  30   81   179   18
r  132   81   179   18
r  182   81   179   18
r  33   82   81   18
r  35   184   82   18
r  32   35   83   18
r  1603   1503   1652   18
r  777   828   675   18
r  189   191   149   18
r  88   188   149   18
r  1459   1410   1508   18
r  40   142   91   18
r  99   48   247   18
r  148   296   298   18
r  150   298   247   18
r  145   246   247   18
r  43   94   247   18
r  94   143   247   18
r  198   296   247   18
r  50   247   48   18
r  298   398   149   18
r  44   144   149   18
r  1852   1806   1903   18
r  1372   1421   1370   18
r  1423   1425   1375   18
r  489   639   589   18
r  96   149   247   18
r  395   298   247   18
r  447   547   247   18
r  47   149   147   18
r  448   499   298   18
r  1952   2004   2203   18
r  885   887   933   18
r  499   650   398   18
r  450   549   650   18
r  2103   2203   2304   18
r  2102   2003   2304   18
r  2054   2103   2304   18
r  2005   2056   2304   18
r  1528   1477   1678   18
r  1380   1431   1429   18
r  1480   1431   1429   18
r  1431   1382   1331   18
r  1910   1962   2010   18
r  2060   2009   2058   18
r  2104   2203   2304   18
r  2052   2153   2203   18
r  2451   2353   2304   18
r  2252   2304   2353   18
r  2251   2351   2302   18
r  2154   2353   2203   18
r  2404   2304   2203   18
r  2401   2304   2203   18
r  2407   2459   2353   18
r  2402   2203   2353   18
r  2452   2203   2304   18
r  2453   2203   2304   18
r  2352   2203   2304   18
r  2357   2406   2304   18
r  2459   2457   2304   18
r  2361   2457   2304   18
r  2410   2308   2304   18
r  750   699   748   18
r  2312   2264   2261   18
r  800   699   797   18
r  2462   2314   2313   18
r  2464   2313   2363   18
r  1096   1145   995   18
r  899   999   997   18
r  949   900   849   18
r  999   1148   948   18
r  1049   1148   850   18
r  898   999   847   18
r  2367   2364   2315   18
r  1780   1782   1832   18
r  1050   1150   1148   18
r  2469   2320   2370   18
r  2368   2320   2319   18
r  2270   2318   2170   18
r  2419   2421   2320   18
r  2371   2320   2318   18
r  1348   1300   1546   18
r  2322   2371   2471   18
r  2471   2372   2320   18
r  2327   2378   2427   18
r  2328   2430   2427   18
r  2384   2484   2436   18
r  1450   1448   1499   18
r  1549   1649   1546   18
r  1748   1699   1546   18
r  2473   2374   2475   18
r  2375   2326   2373   18
r  2376   2427   2373   18
r  2326   2430   2427   18
r  2378   2376   2430   18
r  2281   2381   2233   18
r  2432   2481   2430   18
r  1699   1848   1798   18
r  1700   1799   1649   18
r  1799   1750   1649   18
r  1750   1650   1798   18
r  2478   2427   2430   18
r  2379   2381   2430   18
r  2386   2337   2334   18
r  2487   2439   2389   18
r  1849   1798   1650   18
r  1800   1649   1699   18
r  1949   1998   1898   18
r  2048   2199   2097   18
r  2391   2493   2442   18
r  2489   2491   2391   18
r  2049   2097   1899   18
r  1999   1947   1948   18
r  2345   2296   2398   18
r  2149   2249   2097   18
r  2200   2249   2396   18
r  2250   2398   2396   18
r  2150   2396   2097   18
r  2148   2249   2396   18
r  2298   2199   2396   18
r  2347   2398   2396   18
r  2348   2450   2396   18
r  2494   2396   2497   18
r  2397   2497   2449   18
r  2498   2398   2450   18
r  2496   2447   2398   18
r  2400   2249   2396   18
r  2448   2296   2396   18
r  2450   2399   2396   18
r  2449   2398   2396   18
r  2198   2249   2149   18
r  2   203   105   19
r  106   53   54   19
r  204   54   105   19
r  4   101   53   19
r  251   253   203   19
r  102   203   54   19
r  5   101   54   19
r  153   104   54   19
r  59   107   54   19
r  209   260   54   19
r  256   102   54   19
r  258   255   54   19
r  358   355   54   19
r  451   602   54   19
r  6   54   53   19
r  454   54   602   19
r  505   456   554   19
r  655   703   602   19
r  652   654   701   19
r  654   554   902   19
r  65   167   116   19
r  752   652   654   19
r  607   609   559   19
r  1004   853   953   19
r  802   753   701   19
r  951   853   902   19
r  1101   901   902   19
r  854   903   803   19
r  853   902   954   19
r  69   120   123   19
r  904   803   901   19
r  71   123   170   19
r  274   175   123   19
r  22   20   123   19
r  958   1007   909   19
r  1202   1251   1153   19
r  1254   1156   1205   19
r  80   82   179   19
r  28   80   179   19
r  130   179   79   19
r  182   131   81   19
r  230   81   179   19
r  32   83   81   19
r  232   181   81   19
r  183   82   81   19
r  83   132   35   19
r  1501   1452   1402   19
r  1651   1653   1503   19
r  970   1021   918   19
r  1701   1503   1653   19
r  1216   1267   1314   19
r  138   87   149   19
r  139   40   149   19
r  239   138   287   19
r  89   189   149   19
r  39   138   149   19
r  732   633   681   19
r  199   299   247   19
r  146   48   247   19
r  245   446   247   19
r  299   147   247   19
r  100   48   247   19
r  241   189   149   19
r  291   342   149   19
r  96   145   149   19
r  47   147   149   19
r  447   247   149   19
r  1612   1563   1712   19
r  1952   2203   2304   19
r  42   149   142   19
r  49   149   147   19
r  249   149   298   19
r  97   149   48   19
r  348   448   247   19
r  2001   2102   2203   19
r  2103   2304   2203   19
r  2003   2103   2304   19
r  2053   2153   2304   19
r  499   450   448   19
r  600   398   448   19
r  2010   2109   1908   19
r  2012   2010   2109   19
r  2008   2010   1908   19
r  2051   2102   2053   19
r  2101   2201   2203   19
r  2405   2353   2203   19
r  2206   2255   2353   19
r  2301   2203   2353   19
r  2456   2361   2203   19
r  2451   2203   2353   19
r  2453   2353   2203   19
r  2204   2353   2304   19
r  2252   2203   2304   19
r  2251   2302   2304   19
r  2404   2203   2304   19
r  2401   2203   2304   19
r  2107   2055   2304   19
r  2461   2410   2304   19
r  2452   2304   2203   19
r  2352   2304   2203   19
r  2458   2304   2353   19
r  2261   2364   2313   19
r  2462   2414   2363   19
r  698   747   798   19
r  2412   2313   2414   19
r  2415   2464   2265   19
r  799   698   750   19
r  849   950   798   19
r  950   850   999   19
r  996   1045   1148   19
r  899   1148   948   19
r  900   849   1148   19
r  949   849   1148   19
r  2418   2320   2318   19
r  1100   999   1148   19
r  1200   1247   1148   19
r  2173   2273   2122   19
r  1296   1196   1398   19
r  2222   2121   2171   19
r  2371   2318   2424   19
r  2472   2419   2370   19
r  1450   1348   1299   19
r  2473   2373   2374   19
r  2382   2431   2482   19
r  2374   2427   2475   19
r  2474   2374   2427   19
r  2376   2373   2427   19
r  1749   1747   1798   19
r  1750   1699   1696   19
r  2477   2430   2428   19
r  2478   2476   2427   19
r  2481   2381   2427   19
r  2048   2097   1947   19
r  2243   2196   2292   19
r  2489   2391   2491   19
r  2441   2388   2490   19
r  2000   1949   1947   19
r  1999   1948   1947   19
r  2444   2396   2393   19
r  2197   2396   2148   19
r  2296   2197   2396   19
r  2099   2199   2396   19
r  2492   2439   2396   19
r  2300   2248   2396   19
r  2200   2097   2249   19
r  2499   2398   2249   19
r  2494   2497   2398   19
r  2447   2398   2396   19
r  2398   2249   2445   19
r  2247   2146   2396   19
r  2198   2300   2396   19
r  2449   2396   2400   19
r  2498   2396   2398   19
r  2500   2396   2449   19
r  52   104   105   20
r  155   53   157   20
r  204   53   54   20
r  58   54   105   20
r  154   53   105   20
r  102   153   105   20
r  206   304   157   20
r  6   53   54   20
r  160   111   54   20
r  309   411   54   20
r  357   308   54   20
r  501   554   54   20
r  112   63   54   20
r  361   359   54   20
r  201   54   203   20
r  254   54   206   20
r  305   54   256   20
r  64   113   167   20
r  63   11   61   20
r  460   361   359   20
r  17   167   164   20
r  115   67   167   20
r  652   701   803   20
r  702   651   654   20
r  752   701   653   20
r  760   758   658   20
r  853   954   902   20
r  851   701   803   20
r  1003   803   954   20
r  1051   953   902   20
r  1002   902   803   20
r  909   1010   858   20
r  664   565   616   20
r  1302   1351   1103   20
r  476   425   377   20
r  28   179   80   20
r  1202   1153   1251   20
r  1112   1064   1214   20
r  30   179   81   20
r  132   80   81   20
r  724   771   722   20
r  1019   1074   1119   20
r  183   81   132   20
r  1401   1352   1403   20
r  1453   1353   1404   20
r  1451   1404   1502   20
r  1653   1552   1802   20
r  1308   1359   1310   20
r  238   190   149   20
r  1652   1601   1452   20
r  1803   1805   1902   20
r  240   289   149   20
r  93   142   44   20
r  193   295   247   20
r  47   296   247   20
r  447   298   546   20
r  42   91   149   20
r  49   147   149   20
r  249   298   149   20
r  97   48   149   20
r  399   448   149   20
r  496   447   149   20
r  449   648   149   20
r  1951   2103   2304   20
r  298   149   247   20
r  50   149   247   20
r  400   449   448   20
r  1807   1856   1809   20
r  500   650   448   20
r  599   448   398   20
r  598   448   650   20
r  2405   2203   2353   20
r  2457   2307   2203   20
r  2301   2353   2203   20
r  2406   2353   2203   20
r  2104   2155   2203   20
r  2103   2203   2304   20
r  2056   2007   2304   20
r  2452   2353   2304   20
r  2352   2401   2304   20
r  2458   2406   2304   20
r  2310   2259   2304   20
r  1375   1323   1424   20
r  748   849   797   20
r  750   698   850   20
r  2151   2304   2353   20
r  2455   2304   2353   20
r  2454   2304   2353   20
r  2356   2304   2203   20
r  2252   2304   2203   20
r  2401   2304   2203   20
r  2402   2304   2203   20
r  2357   2304   2203   20
r  2355   2304   2203   20
r  2408   2304   2203   20
r  849   999   997   20
r  900   1148   798   20
r  948   1148   850   20
r  2464   2315   2313   20
r  847   798   1148   20
r  899   948   1148   20
r  1148   798   849   20
r  1049   850   1148   20
r  1200   1249   999   20
r  2364   2416   2313   20
r  1630   1730   1729   20
r  1050   999   1098   20
r  2470   2320   2421   20
r  1447   1499   1296   20
r  1400   1299   1546   20
r  2473   2475   2373   20
r  1984   2083   2134   20
r  1838   1889   1988   20
r  2428   2376   2479   20
r  2482   2430   2427   20
r  2432   2430   2427   20
r  2430   2382   2330   20
r  2478   2427   2381   20
r  2437   2339   2488   20
r  1899   2097   1947   20
r  1900   1896   1947   20
r  1950   1947   1898   20
r  2000   1947   1898   20
r  2489   2491   2391   20
r  2441   2490   2488   20
r  2491   2391   2488   20
r  2199   2097   2396   20
r  2345   2398   2249   20
r  2147   2300   2249   20
r  2149   2248   2249   20
r  2150   2199   2249   20
r  2400   2398   2249   20
r  2398   2396   2449   20
r  2449   2400   2396   20
r  2499   2249   2398   20
r  2494   2398   2396   20
r  2498   2450   2396   20
r  2500   2449   2396   20
r  2447   2396   2398   20
r  51   54   102   21
r  101   54   53   21
r  57   59   105   21
r  5   54   105   21
r  153   206   105   21
r  206   54   105   21
r  58   105   54   21
r  201   203   54   21
r  254   256   54   21
r  259   210   54   21
r  401   602   54   21
r  305   256   54   21
r  110   159   54   21
r  407   356   54   21
r  308   306   54   21
r  161   60   54   21
r  453   554   54   21
r  506   559   54   21
r  6   54   53   21
r  61   10   164   21
r  18   67   164   21
r  653   753   902   21
r  220   325   123   21
r  901   903   803   21
r  124   73   126   21
r  71   122   123   21
r  74   25   126   21
r  802   701   854   21
r  953   1002   803   21
r  1002   1053   902   21
r  855   804   902   21
r  904   901   803   21
r  860   758   808   21
r  326   377   274   21
r  908   906   1006   21
r  128   73   81   21
r  28   81   179   21
r  27   78   80   21
r  32   181   179   21
r  230   179   81   21
r  35   82   81   21
r  133   182   81   21
r  129   81   80   21
r  135   86   35   21
r  30   81   179   21
r  1304   1404   1302   21
r  137   188   149   21
r  1552   1503   1653   21
r  1114   1166   1112   21
r  1263   1314   1214   21
r  88   149   190   21
r  1401   1403   1503   21
r  1502   1352   1602   21
r  1602   1452   1503   21
r  1501   1402   1452   21
r  1601   1653   1503   21
r  823   872   821   21
r  1261   1312   1361   21
r  92   143   247   21
r  45   146   247   21
r  249   300   247   21
r  399   447   247   21
r  298   399   149   21
r  242   296   149   21
r  348   247   149   21
r  50   48   149   21
r  345   396   149   21
r  396   448   149   21
r  497   546   149   21
r  392   443   149   21
r  393   444   149   21
r  1603   1552   1802   21
r  98   149   247   21
r  47   149   298   21
r  350   149   247   21
r  250   149   247   21
r  450   600   549   21
r  1556   1658   1508   21
r  1751   1653   1604   21
r  600   500   549   21
r  500   398   549   21
r  1420   1369   1422   21
r  1663   1714   1562   21
r  949   1148   750   21
r  948   950   1148   21
r  999   1099   1148   21
r  2102   2053   2203   21
r  2002   2304   2203   21
r  2054   2304   2203   21
r  2051   2304   2203   21
r  2354   2203   2405   21
r  2306   2203   2353   21
r  2407   2353   2203   21
r  2359   2259   2308   21
r  2406   2203   2355   21
r  2451   2353   2203   21
r  2452   2203   2403   21
r  2057   2006   2304   21
r  2055   2104   2304   21
r  2151   2353   2304   21
r  2454   2353   2304   21
r  2252   2203   2304   21
r  2401   2353   2304   21
r  2357   2203   2304   21
r  2355   2203   2304   21
r  2408   2203   2304   21
r  2207   2158   2304   21
r  2411   2311   2304   21
r  2356   2405   2304   21
r  2402   2203   2304   21
r  2159   2058   2304   21
r  994   1196   894   21
r  1044   992   1145   21
r  1149   1250   999   21
r  1050   1148   999   21
r  2201   2304   2302   21
r  2456   2304   2353   21
r  2105   2304   2203   21
r  2404   2304   2203   21
r  2458   2304   2203   21
r  2259   2304   2310   21
r  2455   2203   2457   21
r  2260   2209   2313   21
r  2412   2414   2313   21
r  1624   1675   1575   21
r  1283   1234   1232   21
r  2315   2364   2417   21
r  2264   2417   2313   21
r  2416   2315   2313   21
r  2266   2366   2415   21
r  2467   2418   2370   21
r  1396   1398   1447   21
r  1350   1546   1499   21
r  2368   2319   2419   21
r  1825   1874   1778   21
r  1535   1434   1385   21
r  1733   1784   1834   21
r  1289   1338   1389   21
r  1449   1348   1546   21
r  1550   1649   1499   21
r  2470   2421   2370   21
r  2320   2369   2373   21
r  1748   1650   1800   21
r  1649   1546   1747   21
r  1691   1738   1589   21
r  1799   1649   1699   21
r  2377   2430   2329   21
r  2428   2479   2376   21
r  2482   2480   2479   21
r  2479   2381   2427   21
r  2330   2381   2427   21
r  2478   2381   2427   21
r  2480   2381   2427   21
r  1948   1950   1999   21
r  2050   1899   1898   21
r  1949   1898   1998   21
r  2000   1898   1899   21
r  2486   2439   2488   21
r  2149   2249   2396   21
r  2387   2391   2237   21
r  2150   2097   2396   21
r  2199   2396   2348   21
r  2247   2199   2249   21
r  2499   2398   2249   21
r  2196   2043   2396   21
r  2491   2488   2391   21
r  2398   2449   2396   21
r  2449   2396   2348   21
r  2497   2398   2397   21
r  2444   2493   2396   21
r  2447   2398   2396   21
r  2492   2396   2445   21
r  51   102   54   22
r  2   105   4   22
r  101   53   54   22
r  5   53   54   22
r  206   157   54   22
r  10   8   105   22
r  201   54   105   22
r  354   54   105   22
r  6   53   54   22
r  454   452   54   22
r  456   405   54   22
r  452   602   54   22
r  62   113   164   22
r  162   113   164   22
r  604   653   602   22
r  703   706   654   22
r  64   112   164   22
r  67   167   164   22
r  557   658   559   22
r  608   560   559   22
r  215   266   167   22
r  705   654   902   22
r  68   117   170   22
r  414   417   365   22
r  417   469   366   22
r  318   269   266   22
r  710   559   761   22
r  170   118   123   22
r  25   126   74   22
r  221   219   123   22
r  175   226   123   22
r  121   170   221   22
r  134   82   81   22
r  28   80   81   22
r  27   81   78   22
r  80   179   132   22
r  1152   1103   1302   22
r  1202   1251   1151   22
r  957   858   1006   22
r  31   182   179   22
r  132   179   181   22
r  183   132   81   22
r  230   81   179   22
r  1404   1401   1302   22
r  36   87   149   22
r  1402   1503   1553   22
r  1503   1353   1551   22
r  724   722   675   22
r  430   330   481   22
r  1501   1503   1353   22
r  1451   1503   1402   22
r  1358   1410   1257   22
r  1169   1121   1220   22
r  481   432   532   22
r  436   485   487   22
r  46   97   247   22
r  91   140   247   22
r  244   293   247   22
r  344   393   247   22
r  194   243   247   22
r  44   143   247   22
r  348   399   247   22
r  98   147   149   22
r  395   346   149   22
r  47   298   149   22
r  394   443   149   22
r  441   492   149   22
r  1460   1411   1412   22
r  1318   1269   1217   22
r  631   580   633   22
r  682   633   630   22
r  198   149   298   22
r  249   149   298   22
r  246   149   298   22
r  41   149   247   22
r  93   149   247   22
r  192   149   247   22
r  42   149   247   22
r  1803   1902   1903   22
r  1557   1658   1606   22
r  548   650   398   22
r  600   448   450   22
r  1320   1421   1422   22
r  784   635   733   22
r  1953   1902   2203   22
r  899   997   850   22
r  898   1148   999   22
r  2003   2304   2203   22
r  2054   2203   2304   22
r  2051   2203   2304   22
r  2405   2353   2203   22
r  2151   2203   2353   22
r  2201   2302   2304   22
r  2456   2353   2304   22
r  2105   2203   2304   22
r  2404   2203   2304   22
r  2458   2203   2304   22
r  2309   2159   2304   22
r  1094   1145   993   22
r  997   1099   1148   22
r  947   850   1148   22
r  2202   2304   2302   22
r  2252   2304   2203   22
r  2357   2304   2203   22
r  2408   2304   2203   22
r  2402   2304   2203   22
r  2455   2457   2203   22
r  2308   2304   2203   22
r  2107   2304   2203   22
r  2256   2304   2353   22
r  2362   2411   2313   22
r  1084   1133   1131   22
r  1046   1097   997   22
r  1144   1093   1092   22
r  1050   999   1148   22
r  1199   1248   1148   22
r  1965   1913   2065   22
r  2068   2119   1968   22
r  2065   2014   2017   22
r  2364   2313   2315   22
r  2316   2416   2417   22
r  1292   1193   1391   22
r  1450   1499   1546   22
r  1400   1348   1447   22
r  2370   2322   2419   22
r  1826   1875   1824   22
r  2319   2421   2419   22
r  2420   2319   2322   22
r  1749   1798   1698   22
r  1750   1696   1699   22
r  1849   1650   1800   22
r  2426   2478   2479   22
r  2481   2479   2381   22
r  2329   2280   2430   22
r  1998   1846   1898   22
r  2480   2427   2381   22
r  2098   2199   2396   22
r  2348   2396   2097   22
r  2146   2097   2396   22
r  2386   2334   2435   22
r  2199   2348   2396   22
r  2246   2345   2396   22
r  2399   2396   2348   22
r  2398   2396   2249   22
r  2196   2396   2249   22
r  2197   2248   2396   22
r  2346   2249   2449   22
r  2449   2498   2396   22
r  2447   2445   2348   22
r  2439   2391   2396   22
r  2497   2397   2398   22
r  2498   2398   2446   22
r  2441   2439   2490   22
r  2440   2388   2442   22
r  2495   2396   2397   22
r  4   53   52   23
r  354   255   54   23
r  56   53   105   23
r  307   54   105   23
r  201   105   54   23
r  311   260   54   23
r  402   453   54   23
r  410   361   54   23
r  703   701   902   23
r  64   164   15   23
r  165   214   167   23
r  652   902   654   23
r  653   705   753   23
r  68   170   19   23
r  754   654   803   23
r  804   902   704   23
r  901   701   903   23
r  952   901   954   23
r  1054   1103   902   23
r  119   68   123   23
r  78   80   179   23
r  77   179   80   23
r  28   81   80   23
r  27   80   81   23
r  80   132   179   23
r  1301   1353   1354   23
r  1253   1255   1304   23
r  135   184   86   23
r  183   81   179   23
r  130   81   132   23
r  1403   1452   1502   23
r  1453   1502   1402   23
r  1502   1551   1404   23
r  574   622   523   23
r  1601   1452   1353   23
r  1501   1353   1503   23
r  88   90   149   23
r  40   91   88   23
r  196   245   247   23
r  142   91   247   23
r  241   246   247   23
r  198   247   149   23
r  249   247   149   23
r  246   298   149   23
r  350   247   149   23
r  250   247   149   23
r  93   247   149   23
r  192   243   149   23
r  42   247   149   23
r  446   497   149   23
r  445   346   149   23
r  442   444   149   23
r  499   448   149   23
r  498   398   149   23
r  41   94   149   23
r  200   247   298   23
r  485   586   384   23
r  347   149   247   23
r  295   149   247   23
r  343   149   247   23
r  400   398   247   23
r  450   650   599   23
r  500   448   449   23
r  1174   1223   1074   23
r  1464   1563   1466   23
r  1903   1901   2304   23
r  1902   2004   1806   23
r  683   634   782   23
r  599   650   448   23
r  1807   1809   1856   23
r  750   748   798   23
r  2006   2106   2304   23
r  2003   2052   2304   23
r  2354   2403   2203   23
r  2359   2308   2203   23
r  2106   2057   2203   23
r  2156   2205   2203   23
r  2157   2055   2203   23
r  2101   2203   2353   23
r  2251   2203   2353   23
r  2452   2403   2203   23
r  2454   2203   2353   23
r  2355   2352   2203   23
r  2054   2052   2203   23
r  2051   2053   2203   23
r  2404   2353   2203   23
r  2002   2203   2304   23
r  2202   2353   2304   23
r  2252   2353   2304   23
r  2357   2408   2304   23
r  2402   2353   2304   23
r  2455   2353   2304   23
r  2107   2005   2304   23
r  2256   2353   2304   23
r  2259   2308   2304   23
r  900   948   1148   23
r  950   999   948   23
r  2005   2304   2203   23
r  2103   2304   2203   23
r  2201   2304   2353   23
r  2457   2304   2353   23
r  2451   2304   2353   23
r  2406   2304   2203   23
r  2409   2304   2203   23
r  2151   2304   2203   23
r  2410   2304   2203   23
r  2257   2304   2203   23
r  2306   2304   2257   23
r  2358   2304   2310   23
r  2362   2313   2463   23
r  2462   2313   2261   23
r  998   1148   1098   23
r  2211   2312   2058   23
r  2463   2261   2363   23
r  1047   845   1145   23
r  2163   2165   2065   23
r  2318   2367   2370   23
r  1343   1391   1292   23
r  1447   1296   1499   23
r  1439   1388   1391   23
r  1596   1548   1798   23
r  1748   1800   1848   23
r  1497   1549   1548   23
r  1697   1645   1798   23
r  1700   1798   1749   23
r  2382   2482   2427   23
r  2431   2482   2427   23
r  2480   2381   2427   23
r  1640   1589   1691   23
r  2000   1899   1898   23
r  2381   2482   2479   23
r  2148   2396   2249   23
r  2297   2396   2148   23
r  2347   2396   2398   23
r  2398   2445   2396   23
r  2195   2097   2249   23
r  2198   2396   2249   23
r  2498   2396   2249   23
r  2348   2400   2396   23
r  2399   2249   2396   23
r  2194   2294   2396   23
r  2495   2497   2396   23
r  2488   2439   2389   23
r  2391   2442   2439   23
r  1   105   52   24
r  51   54   105   24
r  2   4   105   24
r  102   54   51   24
r  3   104   105   24
r  4   102   105   24
r  152   203   105   24
r  254   206   105   24
r  6   55   105   24
r  360   409   54   24
r  63   164   54   24
r  62   164   13   24
r  64   15   164   24
r  215   417   164   24
r  65   116   167   24
r  413   464   264   24
r  603   703   654   24
r  651   654   803   24
r  752   654   902   24
r  903   803   851   24
r  751   804   853   24
r  1002   803   954   24
r  904   855   902   24
r  1005   1054   902   24
r  1101   902   803   24
r  1051   902   803   24
r  226   177   224   24
r  26   81   179   24
r  1152   1252   1203   24
r  28   80   81   24
r  1201   1302   1252   24
r  1012   1064   864   24
r  1255   1257   1206   24
r  426   477   474   24
r  82   182   179   24
r  181   179   230   24
r  130   132   81   24
r  84   86   82   24
r  180   81   131   24
r  230   131   80   24
r  1214   1212   1163   24
r  1402   1353   1503   24
r  1552   1653   1503   24
r  136   134   149   24
r  1451   1502   1503   24
r  1502   1404   1551   24
r  1602   1503   1553   24
r  37   86   149   24
r  239   288   149   24
r  438   389   149   24
r  90   149   88   24
r  39   91   247   24
r  96   247   98   24
r  249   298   247   24
r  350   299   247   24
r  499   398   247   24
r  290   339   149   24
r  340   342   149   24
r  347   247   149   24
r  295   247   149   24
r  343   247   149   24
r  400   247   149   24
r  650   398   149   24
r  599   448   149   24
r  200   298   247   24
r  975   1074   878   24
r  1804   1902   1802   24
r  198   149   247   24
r  292   149   247   24
r  345   149   247   24
r  250   149   247   24
r  93   149   247   24
r  449   149   549   24
r  500   449   398   24
r  649   698   450   24
r  1953   2203   2304   24
r  1954   2102   2203   24
r  1952   2304   2203   24
r  800   798   999   24
r  2006   2304   2203   24
r  2004   1955   2203   24
r  2305   2257   2203   24
r  2258   2311   2203   24
r  2307   2256   2203   24
r  2453   2203   2353   24
r  2459   2308   2203   24
r  2452   2203   2353   24
r  2105   2156   2203   24
r  2404   2203   2353   24
r  2402   2203   2353   24
r  2103   2203   2304   24
r  2201   2353   2304   24
r  2457   2353   2304   24
r  2451   2203   2304   24
r  2408   2353   2304   24
r  2308   2310   2304   24
r  2406   2355   2304   24
r  2409   2357   2304   24
r  2257   2203   2304   24
r  2306   2353   2304   24
r  2158   2061   2304   24
r  2465   2313   2304   24
r  2362   2463   2304   24
r  2151   2203   2304   24
r  2261   2313   2304   24
r  2053   2304   2203   24
r  2002   2304   2203   24
r  936   887   837   24
r  949   750   798   24
r  898   999   1148   24
r  1667   1716   1767   24
r  2152   2304   2353   24
r  2405   2304   2353   24
r  2458   2304   2203   24
r  2206   2304   2203   24
r  2251   2304   2203   24
r  2454   2304   2203   24
r  2301   2304   2353   24
r  2460   2304   2203   24
r  2309   2304   2203   24
r  2358   2459   2203   24
r  2207   2304   2203   24
r  889   941   991   24
r  1148   849   950   24
r  947   1148   999   24
r  998   1049   1148   24
r  1099   1050   999   24
r  2366   2315   2313   24
r  1676   1577   1575   24
r  2317   2315   2417   24
r  2418   2318   2421   24
r  1971   2020   2071   24
r  1398   1299   1499   24
r  1499   1546   1446   24
r  2472   2370   2322   24
r  1497   1548   1399   24
r  1548   1546   1594   24
r  1882   1831   1880   24
r  2374   2425   2427   24
r  2224   2226   2373   24
r  1647   1798   1696   24
r  2430   2330   2427   24
r  2331   2432   2427   24
r  1797   1848   1947   24
r  1750   1798   1747   24
r  1847   1996   1947   24
r  1846   1848   1746   24
r  2378   2329   2376   24
r  1999   2050   1898   24
r  2083   2085   2134   24
r  1950   1898   1947   24
r  2000   1898   2048   24
r  2437   2439   2435   24
r  2246   2396   2097   24
r  2297   2148   2396   24
r  2198   2149   2396   24
r  2498   2446   2396   24
r  2145   2044   2249   24
r  2395   2398   2249   24
r  2397   2448   2249   24
r  2500   2396   2249   24
r  2496   2398   2249   24
r  2247   2249   2148   24
r  2493   2442   2393   24
r  2448   2298   2497   24
r  2447   2348   2398   24
r  2492   2443   2396   24
r  1   54   105   25
r  51   105   54   25
r  102   105   54   25
r  253   54   105   25
r  58   7   105   25
r  258   54   105   25
r  201   101   105   25
r  307   105   54   25
r  61   164   54   25
r  502   554   54   25
r  162   164   54   25
r  212   265   313   25
r  601   603   803   25
r  14   116   167   25
r  215   167   116   25
r  116   214   164   25
r  66   164   167   25
r  651   803   902   25
r  653   753   803   25
r  704   756   803   25
r  16   164   116   25
r  755   654   803   25
r  801   902   954   25
r  851   902   802   25
r  1004   902   803   25
r  1052   902   803   25
r  951   954   803   25
r  1002   954   803   25
r  903   851   954   25
r  69   123   122   25
r  121   221   123   25
r  26   179   81   25
r  321   270   421   25
r  28   179   77   25
r  1254   1155   1252   25
r  33   35   179   25
r  130   79   179   25
r  30   179   81   25
r  183   35   81   25
r  180   131   80   25
r  1351   1353   1402   25
r  1402   1503   1502   25
r  1451   1503   1502   25
r  1501   1503   1402   25
r  1651   1602   1604   25
r  1601   1353   1604   25
r  924   975   878   25
r  1116   1064   967   25
r  289   340   149   25
r  100   247   147   25
r  96   98   247   25
r  347   446   298   25
r  400   448   247   25
r  90   88   149   25
r  198   247   149   25
r  345   247   149   25
r  250   298   149   25
r  93   44   149   25
r  398   598   149   25
r  448   298   149   25
r  490   439   149   25
r  450   599   149   25
r  600   549   149   25
r  550   450   149   25
r  443   441   149   25
r  1415   1464   1314   25
r  1851   1806   1604   25
r  1852   1903   1854   25
r  242   149   247   25
r  47   149   96   25
r  349   149   247   25
r  396   149   247   25
r  42   149   247   25
r  699   850   748   25
r  1953   2304   2203   25
r  1952   2001   2304   25
r  697   749   748   25
r  833   784   780   25
r  2006   2203   2304   25
r  2453   2353   2203   25
r  2452   2353   2203   25
r  2256   2406   2203   25
r  2103   2155   2203   25
r  2257   2158   2203   25
r  2053   2004   2304   25
r  2002   2203   2304   25
r  2005   2007   2304   25
r  2152   2353   2304   25
r  2405   2353   2304   25
r  2208   2259   2304   25
r  2209   2258   2304   25
r  2458   2203   2304   25
r  2206   2203   2304   25
r  2251   2203   2304   25
r  2454   2353   2304   25
r  2460   2203   2304   25
r  2309   2358   2304   25
r  2358   2310   2304   25
r  2207   2256   2304   25
r  2210   2109   2304   25
r  2464   2313   2304   25
r  2413   2261   2304   25
r  2301   2353   2304   25
r  792   892   844   25
r  849   798   1148   25
r  947   999   798   25
r  900   798   999   25
r  949   798   1148   25
r  899   1148   999   25
r  2056   2304   2203   25
r  2360   2304   2203   25
r  2361   2304   2203   25
r  2404   2304   2203   25
r  2402   2304   2203   25
r  2451   2304   2203   25
r  2306   2304   2203   25
r  2158   2304   2203   25
r  2151   2304   2203   25
r  2412   2313   2363   25
r  896   945   1148   25
r  2364   2315   2313   25
r  1100   1098   1049   25
r  1674   1625   1626   25
r  2369   2318   2417   25
r  2469   2318   2218   25
r  1396   1447   1546   25
r  1291   1191   1391   25
r  2423   2472   2427   25
r  1694   1696   1594   25
r  1648   1699   1596   25
r  1589   1637   1538   25
r  2476   2427   2378   25
r  1750   1699   1798   25
r  1937   1837   1836   25
r  2050   1947   2048   25
r  1842   1840   1941   25
r  2100   2049   2396   25
r  2096   2099   2396   25
r  2147   2249   2396   25
r  2246   2249   2396   25
r  2146   2396   2249   25
r  2148   2099   2396   25
r  2399   2396   2249   25
r  2295   2396   2249   25
r  2497   2396   2249   25
r  2450   2398   2249   25
r  2449   2348   2249   25
r  2448   2396   2249   25
r  2488   2388   2387   25
r  2195   2249   2396   25
r  2446   2398   2449   25
r  2447   2398   2449   25
r  2500   2249   2396   25
r  2342   2339   2396   25
r  2490   2439   2396   25
r  2290   2339   2292   25
r  2440   2391   2392   25
r  1   105   54   26
r  51   54   105   26
r  52   105   55   26
r  102   51   105   26
r  301   203   105   26
r  157   53   105   26
r  208   206   105   26
r  202   153   105   26
r  160   258   105   26
r  253   152   54   26
r  258   105   54   26
r  310   211   54   26
r  554   605   54   26
r  359   308   54   26
r  503   554   54   26
r  151   54   202   26
r  107   54   105   26
r  8   54   105   26
r  255   54   105   26
r  304   54   105   26
r  207   54   105   26
r  256   54   105   26
r  110   54   105   26
r  502   54   554   26
r  162   54   113   26
r  411   360   460   26
r  17   116   167   26
r  702   704   902   26
r  651   902   803   26
r  68   120   123   26
r  701   853   954   26
r  752   902   803   26
r  754   803   902   26
r  853   802   954   26
r  851   802   902   26
r  903   954   803   26
r  1001   954   803   26
r  1054   902   803   26
r  905   806   803   26
r  852   903   954   26
r  1002   803   954   26
r  1005   954   806   26
r  1004   803   902   26
r  1103   1151   1252   26
r  567   618   616   26
r  1201   1252   1302   26
r  1303   1404   1254   26
r  129   80   81   26
r  231   82   81   26
r  187   87   149   26
r  188   236   149   26
r  1652   1604   1402   26
r  1602   1553   1751   26
r  1451   1402   1503   26
r  1501   1402   1503   26
r  37   149   247   26
r  1314   1265   1414   26
r  1753   1802   1604   26
r  294   195   296   26
r  100   147   247   26
r  243   245   247   26
r  240   291   247   26
r  295   344   247   26
r  343   442   247   26
r  198   298   247   26
r  345   298   247   26
r  339   91   149   26
r  389   340   149   26
r  390   441   149   26
r  242   247   149   26
r  47   96   149   26
r  292   247   149   26
r  349   298   149   26
r  396   447   149   26
r  42   247   149   26
r  546   442   149   26
r  449   649   149   26
r  549   448   149   26
r  548   448   149   26
r  541   592   149   26
r  547   549   149   26
r  1123   1074   1072   26
r  1755   1854   1604   26
r  1852   1854   1604   26
r  50   149   48   26
r  249   149   298   26
r  342   149   247   26
r  500   549   448   26
r  685   736   636   26
r  1954   2203   2304   26
r  746   697   798   26
r  2002   2053   2203   26
r  2101   2353   2203   26
r  2159   2108   2203   26
r  2259   2310   2203   26
r  2405   2203   2353   26
r  2458   2353   2203   26
r  2460   2360   2203   26
r  2056   2203   2304   26
r  2410   2459   2304   26
r  2360   2203   2304   26
r  2361   2203   2304   26
r  2404   2203   2304   26
r  2402   2353   2304   26
r  2451   2353   2304   26
r  2306   2203   2304   26
r  2158   2203   2304   26
r  2151   2353   2304   26
r  2260   2313   2304   26
r  2108   2208   2304   26
r  2058   2107   2304   26
r  845   797   843   26
r  899   999   1148   26
r  2153   2304   2353   26
r  2351   2304   2353   26
r  2205   2304   2254   26
r  2106   2304   2353   26
r  2452   2304   2353   26
r  2206   2304   2203   26
r  2251   2304   2203   26
r  946   995   1148   26
r  1098   1095   999   26
r  1050   1098   999   26
r  2467   2370   2418   26
r  1100   1049   1098   26
r  1247   1298   1148   26
r  2470   2370   2322   26
r  1349   1499   1549   26
r  1400   1447   1499   26
r  2472   2322   2373   26
r  1600   1649   1549   26
r  1448   1549   1499   26
r  1500   1546   1549   26
r  2473   2374   2427   26
r  1289   1336   1440   26
r  1749   1698   1747   26
r  2475   2373   2427   26
r  1800   1699   1649   26
r  1689   1740   1589   26
r  1934   2037   2134   26
r  2428   2430   2377   26
r  2378   2376   2427   26
r  1999   1947   2048   26
r  1949   1947   1898   26
r  2000   1948   1898   26
r  2481   2427   2479   26
r  2386   2286   2384   26
r  2096   2396   2249   26
r  2150   2249   2097   26
r  2398   2396   2449   26
r  2399   2348   2396   26
r  2295   2244   2396   26
r  2448   2497   2396   26
r  2149   2097   2249   26
r  2246   2097   2249   26
r  2247   2396   2249   26
r  2446   2397   2249   26
r  2495   2396   2249   26
r  2500   2396   2249   26
r  2444   2396   2249   26
r  2197   2148   2449   26
r  2137   2283   2236   26
r  2347   2249   2396   26
r  2497   2249   2396   26
r  2491   2439   2396   26
r  2441   2490   2439   26
r  1   54   105   27
r  51   105   54   27
r  52   54   105   27
r  255   206   54   27
r  304   256   54   27
r  207   107   54   27
r  9   54   105   27
r  351   54   105   27
r  303   254   105   27
r  252   54   105   27
r  158   54   105   27
r  205   54   105   27
r  59   54   105   27
r  305   206   105   27
r  258   54   105   27
r  451   54   105   27
r  151   102   54   27
r  208   105   157   27
r  8   105   54   27
r  256   105   54   27
r  63   54   12   27
r  703   654   651   27
r  66   115   164   27
r  16   67   164   27
r  652   654   753   27
r  508   457   559   27
r  215   164   167   27
r  266   367   269   27
r  707   756   658   27
r  415   464   516   27
r  802   854   954   27
r  804   704   954   27
r  801   954   902   27
r  1003   954   803   27
r  751   853   954   27
r  901   803   954   27
r  951   803   954   27
r  857   906   902   27
r  854   803   903   27
r  223   221   123   27
r  959   907   910   27
r  1203   1251   1302   27
r  1202   1151   1153   27
r  1404   1402   1503   27
r  83   35   81   27
r  180   132   81   27
r  230   80   81   27
r  84   35   81   27
r  135   35   233   27
r  181   81   179   27
r  132   81   179   27
r  1351   1251   1503   27
r  1451   1502   1352   27
r  1551   1452   1353   27
r  1502   1551   1353   27
r  1603   1802   1503   27
r  37   88   149   27
r  1070   1021   1074   27
r  529   429   481   27
r  1652   1402   1604   27
r  1701   1653   1652   27
r  1752   1652   1604   27
r  288   188   149   27
r  40   149   247   27
r  294   296   247   27
r  397   445   247   27
r  139   188   247   27
r  392   347   247   27
r  400   247   349   27
r  398   450   247   27
r  448   450   247   27
r  550   650   398   27
r  50   247   149   27
r  249   298   149   27
r  342   247   149   27
r  595   646   149   27
r  495   444   149   27
r  596   593   149   27
r  391   442   149   27
r  500   398   149   27
r  649   450   149   27
r  593   644   149   27
r  1166   1115   1215   27
r  1314   1312   1466   27
r  293   149   247   27
r  191   149   247   27
r  347   149   247   27
r  242   149   247   27
r  292   149   247   27
r  42   149   247   27
r  449   149   247   27
r  732   681   780   27
r  1853   1802   1804   27
r  748   799   750   27
r  1857   1808   1757   27
r  1953   2203   2304   27
r  894   845   943   27
r  950   948   999   27
r  1179   1176   1127   27
r  1908   1956   2304   27
r  2461   2311   2203   27
r  2355   2203   2353   27
r  2208   2159   2203   27
r  2056   2107   2203   27
r  2260   2262   2203   27
r  2109   2058   2304   27
r  2153   2102   2304   27
r  2351   2353   2304   27
r  2205   2203   2304   27
r  2106   2203   2304   27
r  2452   2203   2304   27
r  2206   2353   2304   27
r  2251   2353   2304   27
r  2412   2363   2304   27
r  900   1148   948   27
r  898   1148   999   27
r  946   1148   997   27
r  2406   2304   2353   27
r  2405   2304   2203   27
r  2360   2304   2203   27
r  2404   2304   2203   27
r  2306   2304   2203   27
r  2158   2304   2203   27
r  1050   1148   1098   27
r  1150   999   1098   27
r  2366   2313   2315   27
r  1250   1248   1546   27
r  1299   1499   1546   27
r  1724   1675   1825   27
r  1818   1918   1917   27
r  2418   2469   2370   27
r  2317   2366   2266   27
r  1394   1445   1546   27
r  2419   2318   2421   27
r  2470   2472   2320   27
r  1548   1594   1546   27
r  1500   1549   1546   27
r  1288   1339   1389   27
r  1497   1399   1499   27
r  1498   1594   1447   27
r  2422   2371   2322   27
r  1697   1798   1596   27
r  1650   1749   1699   27
r  1749   1747   1798   27
r  1699   1798   1696   27
r  1797   1846   1898   27
r  1700   1649   1798   27
r  2324   2224   2427   27
r  1949   1998   1947   27
r  2328   2427   2376   27
r  2381   2432   2427   27
r  1999   1898   1947   27
r  2097   2100   2396   27
r  2050   1898   1999   27
r  1841   1790   1941   27
r  2481   2479   2430   27
r  2147   2396   2249   27
r  2150   2396   2249   27
r  2146   2197   2396   27
r  2148   2396   2449   27
r  2199   2197   2398   27
r  2196   2145   2396   27
r  2495   2397   2396   27
r  2347   2396   2249   27
r  2346   2449   2249   27
r  2195   2146   2249   27
r  2445   2349   2249   27
r  2494   2396   2249   27
r  2447   2449   2249   27
r  2493   2396   2249   27
r  2398   2249   2396   27
r  2198   2249   2449   27
r  2497   2398   2449   27
r  2247   2249   2396   27
r  2500   2249   2396   27
r  2444   2249   2396   27
r  2145   2249   2396   27
r  2389   2438   2396   27
r  2391   2439   2396   27
r  2489   2391   2396   27
r  2441   2488   2396   27
r  2044   1992   2396   27
r  2243   2292   2396   27
r  2093   2042   1994   27
r  2490   2396   2392   27
r  2290   2341   2339   27
r  1   105   54   28
r  51   104   105   28
r  52   105   54   28
r  101   202   105   28
r  251   203   105   28
r  302   203   105   28
r  309   159   105   28
r  151   202   105   28
r  256   157   105   28
r  110   105   54   28
r  9   105   54   28
r  351   105   54   28
r  252   152   54   28
r  205   105   54   28
r  59   105   54   28
r  258   256   54   28
r  451   554   54   28
r  457   559   54   28
r  460   462   54   28
r  211   213   54   28
r  557   559   54   28
r  403   54   105   28
r  114   214   65   28
r  702   902   803   28
r  66   164   17   28
r  67   164   167   28
r  902   854   954   28
r  16   164   67   28
r  754   902   803   28
r  901   903   803   28
r  801   803   954   28
r  1051   803   902   28
r  323   271   123   28
r  1005   902   954   28
r  171   123   119   28
r  126   123   174   28
r  26   81   126   28
r  667   618   620   28
r  78   179   80   28
r  1059   1008   1160   28
r  28   81   179   28
r  328   376   377   28
r  30   182   179   28
r  129   131   80   28
r  85   184   81   28
r  1351   1402   1353   28
r  1404   1302   1402   28
r  33   81   82   28
r  86   134   149   28
r  87   188   149   28
r  1752   1653   1602   28
r  400   349   247   28
r  90   39   247   28
r  549   498   247   28
r  40   88   149   28
r  293   247   149   28
r  191   247   149   28
r  347   298   149   28
r  242   196   149   28
r  42   247   149   28
r  449   247   149   28
r  341   292   149   28
r  597   497   149   28
r  444   547   149   28
r  491   442   149   28
r  489   538   149   28
r  544   593   149   28
r  648   697   149   28
r  140   149   247   28
r  1362   1211   1309   28
r  631   531   532   28
r  599   149   247   28
r  50   149   247   28
r  500   149   247   28
r  1608   1560   1606   28
r  800   999   699   28
r  1028   1077   929   28
r  1857   1757   1808   28
r  1953   2304   2203   28
r  786   835   737   28
r  900   999   798   28
r  1029   1130   1081   28
r  1955   2103   2203   28
r  2311   2259   2203   28
r  2453   2203   2353   28
r  2401   2203   2353   28
r  2355   2353   2203   28
r  2356   2203   2353   28
r  2209   2058   2203   28
r  2361   2410   2203   28
r  2452   2353   2203   28
r  2412   2261   2203   28
r  2405   2203   2304   28
r  2360   2459   2304   28
r  2404   2203   2304   28
r  2306   2257   2304   28
r  2158   2107   2304   28
r  2363   2414   2304   28
r  2406   2353   2304   28
r  2214   2313   2304   28
r  2411   2304   2203   28
r  2108   2304   2203   28
r  2205   2304   2203   28
r  2106   2304   2203   28
r  2415   2315   2313   28
r  1050   1098   1148   28
r  1150   1098   999   28
r  1100   1148   999   28
r  1282   1333   1382   28
r  1962   2011   2010   28
r  2467   2469   2368   28
r  1300   1400   1448   28
r  1343   1292   1391   28
r  1348   1546   1296   28
r  1350   1499   1546   28
r  1970   2070   2071   28
r  2419   2421   2373   28
r  2170   2219   2218   28
r  1497   1499   1546   28
r  1498   1447   1546   28
r  1650   1747   1546   28
r  1400   1546   1448   28
r  2471   2370   2373   28
r  2422   2322   2469   28
r  2470   2322   2370   28
r  2322   2471   2370   28
r  2473   2427   2475   28
r  2125   2127   2174   28
r  2328   2228   2427   28
r  1950   1947   1898   28
r  1999   2048   1898   28
r  2050   2048   1898   28
r  2479   2430   2376   28
r  2476   2378   2427   28
r  2481   2381   2427   28
r  2281   2233   2427   28
r  2429   2427   2476   28
r  2148   2449   2396   28
r  2350   2396   2398   28
r  2493   2393   2396   28
r  2398   2449   2249   28
r  2198   2396   2249   28
r  2497   2449   2249   28
r  2247   2396   2249   28
r  2500   2398   2249   28
r  2294   2245   2249   28
r  2386   2435   2287   28
r  2346   2249   2349   28
r  2343   2294   2292   28
r  2494   2249   2396   28
r  2392   2441   2396   28
r  2293   2242   2396   28
r  2490   2391   2396   28
r  2242   2191   2244   28
r  1   54   105   29
r  51   105   102   29
r  52   55   105   29
r  156   54   52   29
r  153   54   102   29
r  158   109   54   29
r  403   554   54   29
r  257   54   105   29
r  260   309   105   29
r  306   54   105   29
r  355   54   105   29
r  161   112   105   29
r  307   54   105   29
r  8   54   105   29
r  9   108   105   29
r  205   101   105   29
r  59   54   105   29
r  454   602   105   29
r  351   253   105   29
r  301   105   252   29
r  204   105   153   29
r  107   105   54   29
r  11   113   54   29
r  556   655   54   29
r  113   164   54   29
r  166   164   54   29
r  63   12   164   29
r  16   67   164   29
r  67   116   164   29
r  702   654   902   29
r  66   167   115   29
r  851   902   954   29
r  1101   1002   902   29
r  1052   1101   902   29
r  951   954   803   29
r  1002   902   803   29
r  1051   902   803   29
r  854   953   803   29
r  856   854   803   29
r  903   803   954   29
r  806   804   902   29
r  69   170   123   29
r  174   176   123   29
r  24   123   72   29
r  1201   1153   1152   29
r  78   80   179   29
r  1354   1253   1302   29
r  28   179   81   29
r  134   127   149   29
r  33   82   81   29
r  181   179   81   29
r  132   181   81   29
r  34   32   81   29
r  1214   1163   1216   29
r  623   574   572   29
r  1304   1302   1503   29
r  1402   1502   1353   29
r  1552   1503   1353   29
r  1451   1503   1353   29
r  83   81   179   29
r  186   134   149   29
r  86   35   247   29
r  920   969   972   29
r  1356   1305   1257   29
r  1501   1452   1353   29
r  236   137   149   29
r  88   190   247   29
r  141   190   247   29
r  238   189   247   29
r  497   596   247   29
r  288   339   247   29
r  593   642   247   29
r  293   595   247   29
r  191   91   247   29
r  449   549   247   29
r  140   40   149   29
r  50   247   149   29
r  500   247   149   29
r  492   543   149   29
r  598   549   149   29
r  545   594   149   29
r  594   543   149   29
r  542   593   149   29
r  543   494   149   29
r  292   194   149   29
r  1360   1408   1461   29
r  1457   1459   1508   29
r  189   149   247   29
r  38   149   247   29
r  549   149   398   29
r  394   149   247   29
r  498   149   247   29
r  450   149   247   29
r  42   149   247   29
r  698   798   1148   29
r  1316   1267   1367   29
r  1803   1854   1902   29
r  750   850   699   29
r  940   1038   991   29
r  793   842   795   29
r  898   999   1148   29
r  895   1045   1148   29
r  897   946   1148   29
r  946   846   1148   29
r  1100   1098   1148   29
r  1953   2203   2304   29
r  1954   2053   2203   29
r  1050   1148   1098   29
r  1045   1047   1098   29
r  1250   1546   1447   29
r  2006   2156   2203   29
r  2453   2353   2203   29
r  2057   2055   2203   29
r  2401   2353   2203   29
r  2356   2353   2203   29
r  2058   2007   2203   29
r  2351   2203   2353   29
r  2363   2314   2203   29
r  2411   2203   2304   29
r  2205   2254   2304   29
r  2106   2203   2304   29
r  2312   2263   2304   29
r  2212   2263   2304   29
r  2463   2363   2304   29
r  2211   2260   2304   29
r  1349   1447   1546   29
r  1132   1183   1232   29
r  2154   2304   2105   29
r  2452   2304   2353   29
r  2310   2304   2203   29
r  2405   2304   2203   29
r  2404   2304   2203   29
r  1499   1446   1546   29
r  1400   1448   1546   29
r  1497   1448   1499   29
r  2366   2315   2417   29
r  2114   2213   2163   29
r  1392   1440   1293   29
r  1550   1546   1599   29
r  1595   1695   1798   29
r  1648   1596   1747   29
r  1698   1747   1696   29
r  1749   1798   1747   29
r  2316   2367   2267   29
r  2368   2469   2417   29
r  1847   1898   1948   29
r  1846   1746   1745   29
r  2372   2472   2421   29
r  2050   1898   1948   29
r  2147   2096   2396   29
r  2150   2249   2396   29
r  2246   2249   2097   29
r  2347   2398   2396   29
r  2346   2349   2249   29
r  2443   2396   2249   29
r  1931   1880   1928   29
r  2032   1880   1981   29
r  2300   2249   2400   29
r  2247   2249   2396   29
r  2198   2249   2396   29
r  2244   2141   2396   29
r  2442   2439   2396   29
r  2292   2191   2396   29
r  2242   2244   2396   29
r  2291   2240   2396   29
r  2241   2290   2396   29
r  2178   2130   2180   29
r  2477   2429   2376   29
r  2484   2435   2427   29
r  2329   2429   2479   29
r  2476   2427   2479   29
r  2378   2427   2479   29
r  2132   2134   2034   29
r  2084   2133   2035   29
r  2481   2427   2479   29
r  1   52   54   30
r  51   54   105   30
r  58   54   9   30
r  307   206   54   30
r  8   60   54   30
r  301   54   105   30
r  353   54   105   30
r  352   403   105   30
r  209   160   105   30
r  204   153   105   30
r  259   208   105   30
r  402   54   105   30
r  107   54   105   30
r  308   356   105   30
r  61   112   105   30
r  263   260   105   30
r  156   105   54   30
r  153   105   54   30
r  257   105   54   30
r  306   105   54   30
r  355   105   54   30
r  59   105   54   30
r  504   602   54   30
r  408   359   54   30
r  555   506   54   30
r  262   213   54   30
r  63   164   167   30
r  705   753   803   30
r  701   954   803   30
r  805   754   954   30
r  754   705   902   30
r  951   902   954   30
r  903   802   803   30
r  1004   953   803   30
r  905   803   902   30
r  1002   803   902   30
r  854   803   902   30
r  72   123   120   30
r  959   908   858   30
r  175   123   126   30
r  26   126   81   30
r  423   375   374   30
r  1201   1152   1153   30
r  77   80   179   30
r  522   524   473   30
r  1354   1251   1503   30
r  1254   1252   1354   30
r  181   230   179   30
r  83   134   81   30
r  1161   1210   1214   30
r  1257   1306   1408   30
r  1503   1653   1353   30
r  135   86   149   30
r  1015   1115   1066   30
r  1501   1353   1402   30
r  287   236   149   30
r  87   149   247   30
r  138   140   247   30
r  237   188   149   30
r  447   546   247   30
r  290   440   247   30
r  650   448   247   30
r  342   444   247   30
r  444   493   247   30
r  38   247   149   30
r  549   398   149   30
r  394   247   149   30
r  498   247   149   30
r  450   247   149   30
r  42   247   149   30
r  494   546   149   30
r  493   544   149   30
r  338   289   149   30
r  540   542   149   30
r  337   536   149   30
r  50   149   99   30
r  190   149   247   30
r  340   149   247   30
r  550   149   247   30
r  341   149   247   30
r  644   693   591   30
r  1317   1368   1217   30
r  538   637   587   30
r  1902   1806   2304   30
r  799   699   797   30
r  947   847   1148   30
r  1050   999   1148   30
r  1095   1194   1148   30
r  1042   943   1094   30
r  1145   1045   1094   30
r  1953   2304   2203   30
r  2301   2203   2353   30
r  2351   2353   2203   30
r  2154   2105   2304   30
r  2310   2411   2304   30
r  2405   2353   2304   30
r  2404   2203   2304   30
r  2262   2162   2304   30
r  2414   2313   2304   30
r  2161   2058   2304   30
r  2162   2113   2304   30
r  1396   1546   1296   30
r  1398   1499   1299   30
r  1449   1546   1299   30
r  1080   932   980   30
r  2362   2304   2203   30
r  1448   1499   1546   30
r  1650   1699   1798   30
r  1550   1599   1546   30
r  1242   1291   1141   30
r  1646   1798   1597   30
r  1647   1696   1798   30
r  1798   1649   1696   30
r  2270   2218   2417   30
r  1849   1800   1947   30
r  1900   1947   1897   30
r  2050   1999   1898   30
r  2373   2371   2427   30
r  2422   2469   2322   30
r  2172   2121   2223   30
r  1586   1589   1538   30
r  1997   1898   2249   30
r  1950   1898   1999   30
r  2000   1898   2249   30
r  1690   1739   1638   30
r  1739   1788   1589   30
r  2150   2396   2249   30
r  2196   2396   2449   30
r  2443   2391   2396   30
r  2246   2097   2249   30
r  2300   2396   2249   30
r  2247   2148   2249   30
r  2194   2245   2249   30
r  2494   2396   2249   30
r  2343   2396   2249   30
r  2292   2396   2249   30
r  2277   2174   2427   30
r  2477   2376   2430   30
r  2476   2479   2427   30
r  2378   2479   2427   30
r  2400   2249   2449   30
r  2350   2249   2396   30
r  2440   2392   2396   30
r  2483   2334   2384   30
r  2390   2388   2339   30
