c  1   -1   3   1
c  1   -1   52   1
c  51   -1   102   1
c  2   -1   51   1
c  2   -1   53   1
c  3   -1   54   1
c  3   -1   52   1
c  52   -1   103   1
c  101   -1   152   1
c  101   -1   52   1
c  103   -1   101   1
c  103   -1   51   1
c  54   -1   101   1
c  54   -1   51   1
c  102   -1   53   1
c  53   -1   251   1
c  4   -1   55   1
c  4   -1   56   1
c  151   -1   202   1
c  151   -1   102   1
c  304   -1   302   1
c  304   -1   101   1
c  152   -1   201   1
c  152   -1   254   1
c  153   -1   102   1
c  104   -1   155   1
c  104   -1   153   1
c  55   -1   53   1
c  55   -1   153   1
c  56   -1   54   1
c  56   -1   105   1
c  251   -1   202   1
c  251   -1   302   1
c  5   -1   7   1
c  5   -1   8   1
c  106   -1   4   1
c  106   -1   55   1
c  201   -1   252   1
c  201   -1   302   1
c  202   -1   253   1
c  254   -1   354   1
c  303   -1   254   1
c  303   -1   354   1
c  354   -1   403   1
c  354   -1   452   1
c  305   -1   356   1
c  305   -1   406   1
c  353   -1   302   1
c  353   -1   304   1
c  255   -1   304   1
c  255   -1   204   1
c  302   -1   204   1
c  302   -1   451   1
c  203   -1   154   1
c  203   -1   254   1
c  154   -1   205   1
c  154   -1   255   1
c  252   -1   203   1
c  252   -1   153   1
c  105   -1   205   1
c  105   -1   206   1
c  155   -1   55   1
c  155   -1   56   1
c  6   -1   55   1
c  6   -1   106   1
c  57   -1   106   1
c  57   -1   105   1
c  107   -1   156   1
c  107   -1   56   1
c  108   -1   57   1
c  108   -1   56   1
c  301   -1   401   1
c  301   -1   352   1
c  253   -1   251   1
c  7   -1   59   1
c  7   -1   108   1
c  8   -1   57   1
c  8   -1   59   1
c  156   -1   154   1
c  156   -1   255   1
c  204   -1   155   1
c  204   -1   253   1
c  205   -1   254   1
c  205   -1   306   1
c  206   -1   255   1
c  206   -1   254   1
c  404   -1   355   1
c  404   -1   254   1
c  352   -1   403   1
c  352   -1   303   1
c  355   -1   353   1
c  355   -1   206   1
c  403   -1   454   1
c  403   -1   451   1
c  452   -1   401   1
c  452   -1   305   1
c  306   -1   206   1
c  306   -1   255   1
c  356   -1   307   1
c  356   -1   407   1
c  406   -1   457   1
c  406   -1   458   1
c  402   -1   353   1
c  256   -1   307   1
c  351   -1   302   1
c  351   -1   402   1
c  451   -1   402   1
c  451   -1   351   1
c  58   -1   107   1
c  58   -1   109   1
c  157   -1   206   1
c  157   -1   208   1
c  158   -1   107   1
c  158   -1   210   1
c  109   -1   158   1
c  109   -1   210   1
c  9   -1   58   1
c  9   -1   108   1
c  159   -1   108   1
c  159   -1   111   1
c  401   -1   403   1
c  401   -1   352   1
c  59   -1   110   1
c  59   -1   61   1
c  207   -1   256   1
c  207   -1   156   1
c  258   -1   207   1
c  258   -1   206   1
c  454   -1   452   1
c  454   -1   502   1
c  405   -1   356   1
c  405   -1   456   1
c  453   -1   504   1
c  453   -1   551   1
c  502   -1   602   1
c  502   -1   603   1
c  307   -1   358   1
c  307   -1   309   1
c  257   -1   306   1
c  257   -1   357   1
c  357   -1   258   1
c  357   -1   259   1
c  407   -1   409   1
c  407   -1   359   1
c  456   -1   505   1
c  456   -1   507   1
c  506   -1   406   1
c  506   -1   407   1
c  457   -1   357   1
c  457   -1   460   1
c  458   -1   460   1
c  501   -1   503   1
c  501   -1   601   1
c  11   -1   60   1
c  11   -1   58   1
c  208   -1   259   1
c  208   -1   309   1
c  210   -1   310   1
c  210   -1   261   1
c  110   -1   159   1
c  110   -1   9   1
c  60   -1   109   1
c  60   -1   159   1
c  10   -1   61   1
c  10   -1   112   1
c  209   -1   358   1
c  209   -1   307   1
c  160   -1   211   1
c  160   -1   259   1
c  111   -1   160   1
c  111   -1   59   1
c  61   -1   112   1
c  308   -1   259   1
c  308   -1   359   1
c  259   -1   257   1
c  259   -1   361   1
c  358   -1   258   1
c  504   -1   553   1
c  455   -1   506   1
c  455   -1   504   1
c  503   -1   454   1
c  551   -1   602   1
c  551   -1   651   1
c  552   -1   501   1
c  552   -1   601   1
c  603   -1   552   1
c  603   -1   504   1
c  309   -1   209   1
c  408   -1   357   1
c  408   -1   457   1
c  409   -1   460   1
c  409   -1   358   1
c  359   -1   311   1
c  359   -1   261   1
c  556   -1   456   1
c  505   -1   554   1
c  505   -1   556   1
c  507   -1   559   1
c  507   -1   658   1
c  460   -1   509   1
c  460   -1   359   1
c  508   -1   510   1
c  508   -1   408   1
c  459   -1   461   1
c  459   -1   408   1
c  509   -1   409   1
c  509   -1   458   1
c  410   -1   408   1
c  410   -1   458   1
c  601   -1   652   1
c  12   -1   61   1
c  12   -1   63   1
c  260   -1   311   1
c  211   -1   260   1
c  211   -1   111   1
c  310   -1   261   1
c  310   -1   161   1
c  261   -1   259   1
c  261   -1   263   1
c  112   -1   161   1
c  112   -1   211   1
c  161   -1   113   1
c  62   -1   64   1
c  62   -1   65   1
c  63   -1   61   1
c  361   -1   412   1
c  361   -1   461   1
c  554   -1   503   1
c  554   -1   603   1
c  555   -1   504   1
c  555   -1   558   1
c  553   -1   602   1
c  553   -1   551   1
c  651   -1   702   1
c  651   -1   602   1
c  652   -1   753   1
c  652   -1   752   1
c  702   -1   753   1
c  702   -1   602   1
c  653   -1   753   1
c  653   -1   704   1
c  604   -1   553   1
c  604   -1   704   1
c  605   -1   603   1
c  605   -1   554   1
c  360   -1   411   1
c  311   -1   411   1
c  311   -1   360   1
c  606   -1   655   1
c  606   -1   652   1
c  557   -1   608   1
c  557   -1   606   1
c  607   -1   507   1
c  607   -1   558   1
c  559   -1   659   1
c  559   -1   608   1
c  658   -1   558   1
c  658   -1   508   1
c  510   -1   561   1
c  510   -1   513   1
c  461   -1   512   1
c  461   -1   509   1
c  411   -1   462   1
c  411   -1   460   1
c  511   -1   460   1
c  511   -1   410   1
c  558   -1   609   1
c  558   -1   709   1
c  560   -1   509   1
c  560   -1   711   1
c  701   -1   652   1
c  701   -1   601   1
c  13   -1   62   1
c  13   -1   113   1
c  212   -1   161   1
c  212   -1   312   1
c  162   -1   211   1
c  162   -1   213   1
c  262   -1   214   1
c  312   -1   261   1
c  312   -1   162   1
c  263   -1   314   1
c  263   -1   212   1
c  113   -1   62   1
c  113   -1   164   1
c  114   -1   65   1
c  114   -1   112   1
c  64   -1   115   1
c  64   -1   116   1
c  65   -1   116   1
c  65   -1   165   1
c  362   -1   313   1
c  362   -1   415   1
c  363   -1   361   1
c  363   -1   262   1
c  412   -1   463   1
c  412   -1   464   1
c  802   -1   751   1
c  802   -1   652   1
c  704   -1   652   1
c  753   -1   802   1
c  753   -1   801   1
c  752   -1   801   1
c  703   -1   752   1
c  703   -1   654   1
c  751   -1   702   1
c  751   -1   851   1
c  654   -1   605   1
c  654   -1   802   1
c  655   -1   704   1
c  656   -1   705   1
c  656   -1   654   1
c  756   -1   856   1
c  756   -1   557   1
c  608   -1   659   1
c  657   -1   706   1
c  657   -1   608   1
c  609   -1   660   1
c  609   -1   560   1
c  659   -1   657   1
c  659   -1   707   1
c  708   -1   710   1
c  708   -1   760   1
c  707   -1   658   1
c  561   -1   512   1
c  513   -1   562   1
c  513   -1   665   1
c  462   -1   362   1
c  462   -1   363   1
c  512   -1   412   1
c  709   -1   711   1
c  709   -1   610   1
c  610   -1   659   1
c  610   -1   758   1
c  611   -1   662   1
c  611   -1   560   1
c  711   -1   760   1
c  711   -1   611   1
c  14   -1   65   1
c  14   -1   66   1
c  213   -1   262   1
c  213   -1   312   1
c  163   -1   212   1
c  163   -1   312   1
c  214   -1   265   1
c  214   -1   212   1
c  313   -1   366   1
c  413   -1   415   1
c  413   -1   312   1
c  264   -1   215   1
c  264   -1   313   1
c  314   -1   265   1
c  314   -1   316   1
c  164   -1   215   1
c  164   -1   115   1
c  115   -1   166   1
c  115   -1   16   1
c  15   -1   64   1
c  15   -1   66   1
c  17   -1   65   1
c  17   -1   64   1
c  66   -1   17   1
c  66   -1   117   1
c  165   -1   214   1
c  165   -1   213   1
c  415   -1   464   1
c  415   -1   515   1
c  364   -1   264   1
c  364   -1   366   1
c  414   -1   363   1
c  414   -1   314   1
c  464   -1   413   1
c  464   -1   363   1
c  463   -1   465   1
c  463   -1   514   1
c  801   -1   852   1
c  801   -1   803   1
c  852   -1   754   1
c  803   -1   903   1
c  803   -1   852   1
c  851   -1   902   1
c  851   -1   802   1
c  804   -1   802   1
c  804   -1   753   1
c  855   -1   852   1
c  855   -1   802   1
c  906   -1   807   1
c  906   -1   802   1
c  754   -1   805   1
c  754   -1   806   1
c  705   -1   756   1
c  705   -1   757   1
c  805   -1   704   1
c  755   -1   655   1
c  755   -1   806   1
c  706   -1   655   1
c  706   -1   754   1
c  806   -1   854   1
c  806   -1   853   1
c  757   -1   808   1
c  757   -1   858   1
c  758   -1   756   1
c  758   -1   755   1
c  856   -1   907   1
c  660   -1   709   1
c  660   -1   708   1
c  710   -1   712   1
c  710   -1   759   1
c  760   -1   811   1
c  760   -1   709   1
c  562   -1   611   1
c  563   -1   663   1
c  563   -1   612   1
c  514   -1   465   1
c  514   -1   314   1
c  564   -1   513   1
c  759   -1   810   1
c  759   -1   811   1
c  661   -1   710   1
c  661   -1   610   1
c  612   -1   712   1
c  612   -1   663   1
c  662   -1   713   1
c  662   -1   714   1
c  761   -1   712   1
c  761   -1   710   1
c  712   -1   763   1
c  712   -1   764   1
c  215   -1   166   1
c  265   -1   316   1
c  366   -1   318   1
c  366   -1   319   1
c  465   -1   413   1
c  465   -1   364   1
c  315   -1   264   1
c  315   -1   364   1
c  216   -1   264   1
c  216   -1   164   1
c  316   -1   267   1
c  166   -1   168   1
c  166   -1   117   1
c  16   -1   116   1
c  16   -1   18   1
c  67   -1   116   1
c  67   -1   118   1
c  18   -1   69   1
c  18   -1   118   1
c  68   -1   117   1
c  68   -1   17   1
c  117   -1   168   1
c  167   -1   67   1
c  167   -1   116   1
c  267   -1   166   1
c  267   -1   116   1
c  365   -1   414   1
c  365   -1   316   1
c  416   -1   467   1
c  416   -1   516   1
c  515   -1   564   1
c  515   -1   464   1
c  902   -1   1002   1
c  902   -1   1103   1
c  853   -1   902   1
c  853   -1   1003   1
c  903   -1   854   1
c  901   -1   952   1
c  901   -1   903   1
c  854   -1   905   1
c  854   -1   805   1
c  905   -1   956   1
c  905   -1   957   1
c  904   -1   955   1
c  904   -1   855   1
c  956   -1   1004   1
c  907   -1   909   1
c  908   -1   906   1
c  908   -1   1008   1
c  807   -1   907   1
c  807   -1   858   1
c  857   -1   806   1
c  857   -1   1006   1
c  808   -1   810   1
c  808   -1   859   1
c  858   -1   907   1
c  858   -1   909   1
c  762   -1   760   1
c  762   -1   759   1
c  811   -1   860   1
c  811   -1   859   1
c  613   -1   564   1
c  613   -1   562   1
c  663   -1   712   1
c  663   -1   714   1
c  614   -1   565   1
c  614   -1   665   1
c  565   -1   516   1
c  565   -1   665   1
c  616   -1   565   1
c  616   -1   564   1
c  615   -1   566   1
c  664   -1   764   1
c  664   -1   814   1
c  715   -1   814   1
c  715   -1   813   1
c  666   -1   717   1
c  666   -1   766   1
c  716   -1   767   1
c  716   -1   665   1
c  667   -1   665   1
c  667   -1   616   1
c  567   -1   615   1
c  567   -1   665   1
c  809   -1   909   1
c  809   -1   811   1
c  713   -1   613   1
c  713   -1   614   1
c  714   -1   765   1
c  714   -1   816   1
c  860   -1   809   1
c  860   -1   761   1
c  763   -1   714   1
c  763   -1   812   1
c  764   -1   815   1
c  764   -1   813   1
c  266   -1   215   1
c  266   -1   317   1
c  367   -1   418   1
c  367   -1   468   1
c  318   -1   316   1
c  318   -1   320   1
c  319   -1   419   1
c  319   -1   317   1
c  466   -1   566   1
c  466   -1   616   1
c  217   -1   268   1
c  217   -1   316   1
c  317   -1   217   1
c  317   -1   466   1
c  168   -1   170   1
c  118   -1   69   1
c  118   -1   167   1
c  19   -1   68   1
c  19   -1   70   1
c  69   -1   20   1
c  218   -1   267   1
c  218   -1   167   1
c  268   -1   317   1
c  268   -1   367   1
c  417   -1   466   1
c  417   -1   317   1
c  467   -1   518   1
c  516   -1   467   1
c  952   -1   1001   1
c  951   -1   902   1
c  951   -1   1002   1
c  954   -1   952   1
c  954   -1   902   1
c  1002   -1   1051   1
c  1002   -1   1102   1
c  1103   -1   1105   1
c  1103   -1   1055   1
c  1003   -1   1052   1
c  1003   -1   1102   1
c  953   -1   1004   1
c  953   -1   1052   1
c  955   -1   953   1
c  955   -1   1004   1
c  957   -1   955   1
c  1006   -1   1057   1
c  1006   -1   1054   1
c  1005   -1   956   1
c  1005   -1   954   1
c  1004   -1   1055   1
c  1004   -1   1056   1
c  909   -1   911   1
c  909   -1   861   1
c  958   -1   909   1
c  958   -1   960   1
c  1156   -1   957   1
c  1156   -1   908   1
c  1008   -1   959   1
c  1008   -1   960   1
c  859   -1   959   1
c  859   -1   910   1
c  910   -1   810   1
c  910   -1   811   1
c  812   -1   713   1
c  813   -1   862   1
c  813   -1   762   1
c  861   -1   812   1
c  861   -1   910   1
c  912   -1   812   1
c  912   -1   811   1
c  566   -1   568   1
c  566   -1   467   1
c  617   -1   568   1
c  617   -1   516   1
c  814   -1   765   1
c  814   -1   912   1
c  765   -1   813   1
c  669   -1   666   1
c  669   -1   566   1
c  717   -1   766   1
c  717   -1   816   1
c  766   -1   817   1
c  816   -1   716   1
c  816   -1   767   1
c  767   -1   718   1
c  767   -1   865   1
c  668   -1   619   1
c  618   -1   669   1
c  618   -1   667   1
c  517   -1   566   1
c  517   -1   318   1
c  568   -1   668   1
c  568   -1   718   1
c  913   -1   764   1
c  815   -1   766   1
c  815   -1   768   1
c  368   -1   319   1
c  368   -1   268   1
c  418   -1   318   1
c  468   -1   470   1
c  468   -1   520   1
c  269   -1   318   1
c  269   -1   168   1
c  369   -1   318   1
c  369   -1   418   1
c  422   -1   322   1
c  422   -1   318   1
c  320   -1   322   1
c  320   -1   269   1
c  270   -1   319   1
c  270   -1   321   1
c  419   -1   468   1
c  169   -1   118   1
c  169   -1   218   1
c  119   -1   168   1
c  119   -1   271   1
c  170   -1   119   1
c  170   -1   172   1
c  71   -1   19   1
c  71   -1   118   1
c  20   -1   120   1
c  20   -1   170   1
c  70   -1   21   1
c  70   -1   72   1
c  22   -1   71   1
c  22   -1   69   1
c  219   -1   270   1
c  219   -1   268   1
c  518   -1   420   1
c  1001   -1   1102   1
c  1052   -1   1152   1
c  1052   -1   1101   1
c  1051   -1   1102   1
c  1102   -1   1053   1
c  1053   -1   1055   1
c  1053   -1   1005   1
c  1153   -1   1202   1
c  1153   -1   1155   1
c  1104   -1   1155   1
c  1104   -1   1106   1
c  1105   -1   1206   1
c  1105   -1   1207   1
c  1055   -1   1104   1
c  1007   -1   1058   1
c  1007   -1   1108   1
c  959   -1   957   1
c  959   -1   1010   1
c  1056   -1   1107   1
c  1056   -1   1054   1
c  1107   -1   1006   1
c  1057   -1   1108   1
c  1057   -1   1106   1
c  1054   -1   1105   1
c  1054   -1   1052   1
c  911   -1   960   1
c  960   -1   1060   1
c  1106   -1   1155   1
c  1155   -1   1055   1
c  1206   -1   1155   1
c  1206   -1   1104   1
c  1157   -1   1108   1
c  1157   -1   1106   1
c  1205   -1   1156   1
c  1205   -1   1207   1
c  1208   -1   1159   1
c  1208   -1   1156   1
c  1308   -1   1158   1
c  1308   -1   1156   1
c  1058   -1   1109   1
c  1058   -1   1009   1
c  1009   -1   960   1
c  1009   -1   1060   1
c  1059   -1   1008   1
c  1059   -1   1159   1
c  1060   -1   1008   1
c  1060   -1   959   1
c  961   -1   912   1
c  961   -1   910   1
c  862   -1   913   1
c  862   -1   911   1
c  863   -1   912   1
c  863   -1   865   1
c  962   -1   1011   1
c  962   -1   1060   1
c  1011   -1   912   1
c  1011   -1   862   1
c  963   -1   912   1
c  963   -1   1063   1
c  864   -1   913   1
c  864   -1   915   1
c  619   -1   670   1
c  619   -1   621   1
c  719   -1   770   1
c  719   -1   721   1
c  670   -1   719   1
c  670   -1   621   1
c  718   -1   669   1
c  718   -1   670   1
c  867   -1   865   1
c  867   -1   766   1
c  817   -1   868   1
c  866   -1   864   1
c  866   -1   817   1
c  865   -1   816   1
c  865   -1   917   1
c  768   -1   817   1
c  768   -1   770   1
c  569   -1   618   1
c  569   -1   469   1
c  519   -1   568   1
c  519   -1   468   1
c  914   -1   965   1
c  914   -1   963   1
c  964   -1   1013   1
c  964   -1   913   1
c  915   -1   966   1
c  915   -1   913   1
c  469   -1   518   1
c  469   -1   418   1
c  370   -1   419   1
c  370   -1   418   1
c  470   -1   419   1
c  470   -1   371   1
c  520   -1   469   1
c  520   -1   471   1
c  221   -1   270   1
c  221   -1   269   1
c  372   -1   323   1
c  372   -1   222   1
c  421   -1   521   1
c  421   -1   571   1
c  472   -1   521   1
c  423   -1   372   1
c  423   -1   472   1
c  473   -1   422   1
c  473   -1   421   1
c  424   -1   373   1
c  424   -1   422   1
c  322   -1   271   1
c  322   -1   371   1
c  321   -1   372   1
c  321   -1   421   1
c  371   -1   320   1
c  220   -1   271   1
c  220   -1   222   1
c  271   -1   273   1
c  272   -1   270   1
c  272   -1   220   1
c  420   -1   520   1
c  420   -1   521   1
c  471   -1   420   1
c  471   -1   419   1
c  120   -1   221   1
c  120   -1   219   1
c  171   -1   222   1
c  172   -1   223   1
c  21   -1   72   1
c  21   -1   73   1
c  121   -1   172   1
c  121   -1   70   1
c  72   -1   74   1
c  72   -1   124   1
c  122   -1   71   1
c  122   -1   171   1
c  23   -1   74   1
c  23   -1   122   1
c  73   -1   22   1
c  1152   -1   1053   1
c  1101   -1   1104   1
c  1203   -1   1254   1
c  1203   -1   1154   1
c  1154   -1   1254   1
c  1154   -1   1255   1
c  1151   -1   1202   1
c  1151   -1   1153   1
c  1202   -1   1302   1
c  1202   -1   1301   1
c  1207   -1   1256   1
c  1207   -1   1209   1
c  1108   -1   1059   1
c  1108   -1   1009   1
c  1010   -1   1109   1
c  1256   -1   1307   1
c  1255   -1   1206   1
c  1257   -1   1206   1
c  1257   -1   1254   1
c  1158   -1   1209   1
c  1158   -1   1109   1
c  1159   -1   1108   1
c  1159   -1   1157   1
c  1359   -1   1308   1
c  1359   -1   1157   1
c  1204   -1   1255   1
c  1204   -1   1305   1
c  1306   -1   1255   1
c  1306   -1   1205   1
c  1258   -1   1307   1
c  1258   -1   1108   1
c  1209   -1   1260   1
c  1209   -1   1309   1
c  1259   -1   1208   1
c  1259   -1   1210   1
c  1358   -1   1307   1
c  1358   -1   1208   1
c  1307   -1   1305   1
c  1307   -1   1255   1
c  1309   -1   1260   1
c  1309   -1   1358   1
c  1310   -1   1359   1
c  1310   -1   1308   1
c  1109   -1   1060   1
c  1061   -1   961   1
c  1061   -1   1009   1
c  1110   -1   1210   1
c  1110   -1   1262   1
c  1160   -1   1060   1
c  1160   -1   1154   1
c  1111   -1   1060   1
c  1111   -1   1010   1
c  1012   -1   1063   1
c  1012   -1   1112   1
c  965   -1   963   1
c  965   -1   962   1
c  1013   -1   1015   1
c  1013   -1   1064   1
c  1014   -1   965   1
c  1014   -1   963   1
c  1063   -1   1014   1
c  1063   -1   1065   1
c  620   -1   671   1
c  620   -1   622   1
c  621   -1   672   1
c  621   -1   722   1
c  769   -1   818   1
c  769   -1   720   1
c  720   -1   620   1
c  720   -1   622   1
c  819   -1   719   1
c  819   -1   870   1
c  770   -1   870   1
c  721   -1   723   1
c  721   -1   770   1
c  671   -1   622   1
c  917   -1   968   1
c  917   -1   1017   1
c  868   -1   919   1
c  868   -1   920   1
c  818   -1   867   1
c  916   -1   1016   1
c  916   -1   918   1
c  968   -1   920   1
c  968   -1   865   1
c  570   -1   621   1
c  570   -1   622   1
c  966   -1   917   1
c  521   -1   470   1
c  521   -1   524   1
c  426   -1   474   1
c  426   -1   470   1
c  273   -1   222   1
c  273   -1   221   1
c  373   -1   324   1
c  373   -1   274   1
c  323   -1   473   1
c  323   -1   523   1
c  571   -1   620   1
c  571   -1   622   1
c  522   -1   573   1
c  522   -1   623   1
c  523   -1   472   1
c  523   -1   572   1
c  474   -1   476   1
c  474   -1   526   1
c  475   -1   524   1
c  475   -1   473   1
c  623   -1   523   1
c  623   -1   473   1
c  374   -1   325   1
c  425   -1   376   1
c  425   -1   377   1
c  324   -1   375   1
c  324   -1   424   1
c  524   -1   424   1
c  173   -1   224   1
c  173   -1   225   1
c  123   -1   172   1
c  123   -1   125   1
c  176   -1   172   1
c  223   -1   122   1
c  74   -1   125   1
c  74   -1   25   1
c  124   -1   75   1
c  124   -1   73   1
c  24   -1   73   1
c  24   -1   76   1
c  1253   -1   1302   1
c  1253   -1   1255   1
c  1254   -1   1303   1
c  1201   -1   1252   1
c  1201   -1   1301   1
c  1252   -1   1151   1
c  1251   -1   1253   1
c  1251   -1   1202   1
c  1302   -1   1353   1
c  1301   -1   1352   1
c  1301   -1   1402   1
c  1305   -1   1254   1
c  1305   -1   1256   1
c  1356   -1   1256   1
c  1356   -1   1257   1
c  1409   -1   1309   1
c  1409   -1   1360   1
c  1360   -1   1411   1
c  1360   -1   1311   1
c  1410   -1   1361   1
c  1410   -1   1359   1
c  1411   -1   1359   1
c  1261   -1   1361   1
c  1261   -1   1258   1
c  1210   -1   1261   1
c  1210   -1   1212   1
c  1211   -1   1260   1
c  1211   -1   1209   1
c  1357   -1   1408   1
c  1357   -1   1409   1
c  1408   -1   1457   1
c  1408   -1   1507   1
c  1407   -1   1456   1
c  1407   -1   1307   1
c  1311   -1   1411   1
c  1311   -1   1362   1
c  1062   -1   1113   1
c  1062   -1   1163   1
c  1262   -1   1264   1
c  1262   -1   1211   1
c  1161   -1   1212   1
c  1161   -1   1213   1
c  1112   -1   1161   1
c  1112   -1   1160   1
c  1015   -1   1064   1
c  1064   -1   1066   1
c  1113   -1   1064   1
c  1113   -1   1164   1
c  1065   -1   1114   1
c  1065   -1   1113   1
c  622   -1   573   1
c  572   -1   621   1
c  572   -1   521   1
c  672   -1   723   1
c  672   -1   674   1
c  722   -1   724   1
c  722   -1   675   1
c  822   -1   769   1
c  820   -1   720   1
c  820   -1   822   1
c  821   -1   720   1
c  821   -1   721   1
c  869   -1   920   1
c  869   -1   969   1
c  919   -1   970   1
c  919   -1   819   1
c  771   -1   820   1
c  771   -1   819   1
c  870   -1   919   1
c  870   -1   921   1
c  772   -1   721   1
c  772   -1   770   1
c  723   -1   725   1
c  723   -1   774   1
c  967   -1   969   1
c  967   -1   1068   1
c  918   -1   969   1
c  918   -1   970   1
c  1017   -1   968   1
c  1017   -1   918   1
c  970   -1   1021   1
c  970   -1   868   1
c  920   -1   922   1
c  920   -1   820   1
c  1016   -1   1067   1
c  1016   -1   967   1
c  1018   -1   1069   1
c  1018   -1   970   1
c  969   -1   920   1
c  969   -1   972   1
c  376   -1   427   1
c  376   -1   327   1
c  476   -1   427   1
c  476   -1   428   1
c  427   -1   429   1
c  427   -1   378   1
c  477   -1   426   1
c  477   -1   526   1
c  428   -1   426   1
c  428   -1   430   1
c  274   -1   225   1
c  274   -1   323   1
c  224   -1   324   1
c  224   -1   273   1
c  325   -1   274   1
c  325   -1   273   1
c  573   -1   673   1
c  573   -1   672   1
c  525   -1   576   1
c  525   -1   474   1
c  526   -1   575   1
c  526   -1   475   1
c  673   -1   722   1
c  673   -1   771   1
c  624   -1   672   1
c  624   -1   726   1
c  574   -1   525   1
c  574   -1   623   1
c  674   -1   623   1
c  674   -1   723   1
c  625   -1   674   1
c  625   -1   623   1
c  375   -1   275   1
c  375   -1   274   1
c  275   -1   324   1
c  275   -1   374   1
c  377   -1   428   1
c  575   -1   675   1
c  575   -1   524   1
c  174   -1   176   1
c  174   -1   226   1
c  225   -1   174   1
c  225   -1   176   1
c  125   -1   174   1
c  125   -1   25   1
c  126   -1   77   1
c  175   -1   226   1
c  175   -1   227   1
c  226   -1   277   1
c  226   -1   375   1
c  177   -1   228   1
c  177   -1   229   1
c  127   -1   176   1
c  127   -1   175   1
c  75   -1   24   1
c  25   -1   76   1
c  25   -1   29   1
c  27   -1   25   1
c  27   -1   24   1
c  76   -1   127   1
c  76   -1   125   1
c  1303   -1   1403   1
c  1303   -1   1402   1
c  1304   -1   1356   1
c  1304   -1   1406   1
c  1352   -1   1303   1
c  1352   -1   1304   1
c  1353   -1   1406   1
c  1353   -1   1456   1
c  1351   -1   1402   1
c  1351   -1   1403   1
c  1402   -1   1353   1
c  1355   -1   1455   1
c  1355   -1   1353   1
c  1406   -1   1357   1
c  1406   -1   1455   1
c  1354   -1   1356   1
c  1354   -1   1406   1
c  1459   -1   1510   1
c  1459   -1   1408   1
c  1509   -1   1409   1
c  1509   -1   1410   1
c  1361   -1   1412   1
c  1361   -1   1413   1
c  1460   -1   1511   1
c  1460   -1   1561   1
c  1461   -1   1561   1
c  1461   -1   1412   1
c  1412   -1   1463   1
c  1412   -1   1363   1
c  1263   -1   1314   1
c  1263   -1   1261   1
c  1212   -1   1214   1
c  1212   -1   1362   1
c  1458   -1   1559   1
c  1458   -1   1510   1
c  1559   -1   1408   1
c  1457   -1   1455   1
c  1457   -1   1505   1
c  1507   -1   1556   1
c  1507   -1   1606   1
c  1456   -1   1405   1
c  1456   -1   1505   1
c  1312   -1   1363   1
c  1312   -1   1413   1
c  1362   -1   1262   1
c  1163   -1   1214   1
c  1163   -1   1114   1
c  1162   -1   1213   1
c  1162   -1   1262   1
c  1313   -1   1262   1
c  1313   -1   1461   1
c  1264   -1   1164   1
c  1264   -1   1315   1
c  1213   -1   1313   1
c  1115   -1   1166   1
c  1115   -1   1015   1
c  1114   -1   1066   1
c  1114   -1   1016   1
c  1066   -1   1117   1
c  1066   -1   1115   1
c  1164   -1   1162   1
c  724   -1   825   1
c  675   -1   724   1
c  872   -1   874   1
c  872   -1   823   1
c  823   -1   874   1
c  823   -1   923   1
c  773   -1   724   1
c  773   -1   822   1
c  871   -1   771   1
c  871   -1   920   1
c  921   -1   923   1
c  921   -1   821   1
c  725   -1   825   1
c  725   -1   774   1
c  774   -1   825   1
c  1068   -1   1017   1
c  1068   -1   1119   1
c  1067   -1   1118   1
c  1067   -1   1167   1
c  1019   -1   970   1
c  1019   -1   1017   1
c  1020   -1   1075   1
c  1020   -1   1025   1
c  971   -1   920   1
c  971   -1   1022   1
c  1124   -1   1075   1
c  1124   -1   970   1
c  1021   -1   1072   1
c  922   -1   973   1
c  1069   -1   1071   1
c  1069   -1   1120   1
c  972   -1   974   1
c  972   -1   923   1
c  326   -1   275   1
c  326   -1   277   1
c  327   -1   276   1
c  327   -1   428   1
c  429   -1   378   1
c  429   -1   431   1
c  378   -1   326   1
c  527   -1   578   1
c  527   -1   576   1
c  478   -1   429   1
c  478   -1   527   1
c  328   -1   377   1
c  328   -1   428   1
c  430   -1   378   1
c  430   -1   328   1
c  276   -1   225   1
c  276   -1   325   1
c  576   -1   627   1
c  576   -1   625   1
c  577   -1   526   1
c  577   -1   575   1
c  578   -1   526   1
c  726   -1   728   1
c  726   -1   626   1
c  626   -1   677   1
c  626   -1   675   1
c  676   -1   625   1
c  676   -1   576   1
c  528   -1   576   1
c  528   -1   625   1
c  78   -1   129   1
c  78   -1   126   1
c  77   -1   128   1
c  227   -1   278   1
c  227   -1   178   1
c  277   -1   228   1
c  277   -1   328   1
c  178   -1   180   1
c  178   -1   80   1
c  228   -1   279   1
c  228   -1   231   1
c  229   -1   329   1
c  229   -1   328   1
c  128   -1   179   1
c  128   -1   180   1
c  26   -1   75   1
c  26   -1   77   1
c  29   -1   80   1
c  29   -1   78   1
c  28   -1   128   1
c  28   -1   77   1
c  1403   -1   1352   1
c  1453   -1   1502   1
c  1453   -1   1353   1
c  1404   -1   1353   1
c  1404   -1   1504   1
c  1401   -1   1452   1
c  1401   -1   1552   1
c  1452   -1   1403   1
c  1455   -1   1452   1
c  1455   -1   1402   1
c  1405   -1   1505   1
c  1405   -1   1504   1
c  1510   -1   1559   1
c  1510   -1   1561   1
c  1508   -1   1457   1
c  1508   -1   1456   1
c  1560   -1   1509   1
c  1611   -1   1560   1
c  1611   -1   1509   1
c  1413   -1   1464   1
c  1511   -1   1560   1
c  1561   -1   1563   1
c  1561   -1   1612   1
c  1462   -1   1562   1
c  1462   -1   1513   1
c  1512   -1   1461   1
c  1414   -1   1412   1
c  1414   -1   1463   1
c  1463   -1   1512   1
c  1363   -1   1414   1
c  1363   -1   1264   1
c  1314   -1   1316   1
c  1314   -1   1266   1
c  1214   -1   1165   1
c  1558   -1   1458   1
c  1558   -1   1510   1
c  1609   -1   1658   1
c  1609   -1   1606   1
c  1505   -1   1605   1
c  1505   -1   1606   1
c  1506   -1   1557   1
c  1506   -1   1555   1
c  1557   -1   1555   1
c  1557   -1   1554   1
c  1454   -1   1505   1
c  1454   -1   1507   1
c  1556   -1   1607   1
c  1556   -1   1558   1
c  1606   -1   1657   1
c  1265   -1   1267   1
c  1265   -1   1216   1
c  1215   -1   1266   1
c  1215   -1   1264   1
c  1315   -1   1415   1
c  1315   -1   1364   1
c  1165   -1   1265   1
c  1165   -1   1216   1
c  1116   -1   1167   1
c  1116   -1   1168   1
c  1166   -1   1117   1
c  1166   -1   1215   1
c  1117   -1   1068   1
c  1117   -1   1168   1
c  1216   -1   1164   1
c  775   -1   724   1
c  775   -1   824   1
c  776   -1   725   1
c  776   -1   724   1
c  825   -1   874   1
c  873   -1   922   1
c  873   -1   924   1
c  874   -1   923   1
c  824   -1   826   1
c  826   -1   823   1
c  923   -1   974   1
c  923   -1   975   1
c  1118   -1   1167   1
c  1118   -1   1069   1
c  1167   -1   1218   1
c  1070   -1   1119   1
c  1070   -1   1170   1
c  1071   -1   1120   1
c  1071   -1   1020   1
c  1075   -1   1175   1
c  1075   -1   1225   1
c  1025   -1   973   1
c  1022   -1   973   1
c  1022   -1   923   1
c  1074   -1   1025   1
c  1074   -1   1076   1
c  1123   -1   1125   1
c  1123   -1   1121   1
c  1174   -1   1223   1
c  1174   -1   1172   1
c  1125   -1   1174   1
c  1125   -1   1176   1
c  1175   -1   1124   1
c  1175   -1   1027   1
c  1072   -1   1123   1
c  1072   -1   1023   1
c  973   -1   1073   1
c  973   -1   1072   1
c  1219   -1   1069   1
c  1219   -1   1070   1
c  1120   -1   1171   1
c  974   -1   1025   1
c  974   -1   875   1
c  278   -1   327   1
c  278   -1   378   1
c  379   -1   328   1
c  379   -1   432   1
c  479   -1   528   1
c  479   -1   481   1
c  380   -1   429   1
c  380   -1   331   1
c  431   -1   483   1
c  431   -1   532   1
c  329   -1   378   1
c  329   -1   479   1
c  480   -1   431   1
c  480   -1   330   1
c  529   -1   578   1
c  529   -1   430   1
c  627   -1   676   1
c  627   -1   726   1
c  677   -1   577   1
c  628   -1   728   1
c  628   -1   680   1
c  579   -1   528   1
c  579   -1   680   1
c  778   -1   827   1
c  778   -1   578   1
c  727   -1   778   1
c  678   -1   727   1
c  678   -1   726   1
c  728   -1   679   1
c  728   -1   777   1
c  79   -1   128   1
c  79   -1   28   1
c  132   -1   181   1
c  132   -1   78   1
c  129   -1   178   1
c  129   -1   131   1
c  179   -1   228   1
c  179   -1   278   1
c  130   -1   79   1
c  130   -1   178   1
c  180   -1   182   1
c  180   -1   84   1
c  279   -1   330   1
c  279   -1   331   1
c  231   -1   229   1
c  231   -1   280   1
c  230   -1   279   1
c  230   -1   329   1
c  30   -1   79   1
c  30   -1   129   1
c  1503   -1   1452   1
c  1503   -1   1454   1
c  1451   -1   1551   1
c  1451   -1   1453   1
c  1504   -1   1453   1
c  1504   -1   1552   1
c  1502   -1   1553   1
c  1502   -1   1554   1
c  1552   -1   1452   1
c  1552   -1   1503   1
c  1501   -1   1452   1
c  1501   -1   1552   1
c  1610   -1   1561   1
c  1610   -1   1511   1
c  1661   -1   1663   1
c  1661   -1   1761   1
c  1612   -1   1661   1
c  1612   -1   1512   1
c  1710   -1   1661   1
c  1710   -1   1611   1
c  1364   -1   1464   1
c  1364   -1   1413   1
c  1464   -1   1415   1
c  1464   -1   1515   1
c  1562   -1   1513   1
c  1562   -1   1613   1
c  1563   -1   1512   1
c  1563   -1   1612   1
c  1513   -1   1564   1
c  1513   -1   1614   1
c  1564   -1   1562   1
c  1564   -1   1512   1
c  1415   -1   1364   1
c  1365   -1   1416   1
c  1365   -1   1363   1
c  1316   -1   1265   1
c  1316   -1   1166   1
c  1266   -1   1317   1
c  1266   -1   1315   1
c  1608   -1   1708   1
c  1608   -1   1758   1
c  1659   -1   1710   1
c  1659   -1   1759   1
c  1709   -1   1609   1
c  1709   -1   1760   1
c  1660   -1   1609   1
c  1660   -1   1608   1
c  1658   -1   1707   1
c  1555   -1   1606   1
c  1605   -1   1656   1
c  1605   -1   1705   1
c  1607   -1   1658   1
c  1607   -1   1659   1
c  1554   -1   1603   1
c  1554   -1   1602   1
c  1656   -1   1654   1
c  1656   -1   1705   1
c  1657   -1   1608   1
c  1267   -1   1318   1
c  1168   -1   1217   1
c  1168   -1   1166   1
c  1217   -1   1268   1
c  1217   -1   1318   1
c  829   -1   827   1
c  829   -1   775   1
c  777   -1   677   1
c  777   -1   828   1
c  876   -1   925   1
c  876   -1   776   1
c  875   -1   926   1
c  875   -1   976   1
c  924   -1   875   1
c  924   -1   825   1
c  925   -1   874   1
c  827   -1   878   1
c  877   -1   826   1
c  877   -1   928   1
c  975   -1   1024   1
c  1218   -1   1267   1
c  1218   -1   1118   1
c  1169   -1   1167   1
c  1169   -1   1218   1
c  1121   -1   1072   1
c  1121   -1   1170   1
c  1122   -1   1171   1
c  1122   -1   1071   1
c  1073   -1   1024   1
c  1073   -1   1071   1
c  1076   -1   1025   1
c  1076   -1   1024   1
c  1026   -1   1126   1
c  1026   -1   1075   1
c  1126   -1   1075   1
c  1225   -1   1223   1
c  1225   -1   1173   1
c  1024   -1   976   1
c  1023   -1   1025   1
c  1023   -1   975   1
c  1173   -1   1122   1
c  1173   -1   1276   1
c  1172   -1   1123   1
c  1172   -1   1073   1
c  1224   -1   1175   1
c  1224   -1   1123   1
c  1176   -1   1276   1
c  1176   -1   1174   1
c  1226   -1   1175   1
c  1226   -1   1174   1
c  1223   -1   1272   1
c  1223   -1   1324   1
c  1274   -1   1223   1
c  1274   -1   1175   1
c  1027   -1   927   1
c  1269   -1   1218   1
c  1269   -1   1267   1
c  1220   -1   1223   1
c  1171   -1   1220   1
c  1171   -1   1222   1
c  432   -1   434   1
c  432   -1   381   1
c  481   -1   530   1
c  481   -1   580   1
c  330   -1   281   1
c  330   -1   282   1
c  381   -1   332   1
c  381   -1   383   1
c  483   -1   380   1
c  331   -1   280   1
c  331   -1   230   1
c  532   -1   583   1
c  532   -1   483   1
c  530   -1   581   1
c  530   -1   532   1
c  629   -1   680   1
c  629   -1   681   1
c  680   -1   678   1
c  580   -1   631   1
c  630   -1   579   1
c  630   -1   679   1
c  531   -1   580   1
c  531   -1   579   1
c  828   -1   1078   1
c  779   -1   828   1
c  779   -1   680   1
c  729   -1   778   1
c  729   -1   632   1
c  679   -1   730   1
c  82   -1   33   1
c  82   -1   34   1
c  131   -1   231   1
c  131   -1   281   1
c  182   -1   233   1
c  133   -1   182   1
c  133   -1   82   1
c  81   -1   132   1
c  81   -1   130   1
c  32   -1   132   1
c  32   -1   80   1
c  83   -1   132   1
c  181   -1   179   1
c  181   -1   230   1
c  84   -1   135   1
c  84   -1   35   1
c  31   -1   80   1
c  31   -1   131   1
c  280   -1   181   1
c  281   -1   381   1
c  281   -1   382   1
c  232   -1   230   1
c  232   -1   283   1
c  1553   -1   1555   1
c  1553   -1   1501   1
c  1551   -1   1651   1
c  1551   -1   1652   1
c  1751   -1   1802   1
c  1751   -1   1502   1
c  1602   -1   1653   1
c  1602   -1   1551   1
c  1711   -1   1762   1
c  1711   -1   1763   1
c  1662   -1   1713   1
c  1662   -1   1664   1
c  1712   -1   1661   1
c  1712   -1   1814   1
c  1663   -1   1612   1
c  1761   -1   1812   1
c  1613   -1   1513   1
c  1613   -1   1564   1
c  1713   -1   1612   1
c  1760   -1   1809   1
c  1514   -1   1563   1
c  1514   -1   1566   1
c  1465   -1   1366   1
c  1515   -1   1466   1
c  1614   -1   1663   1
c  1614   -1   1563   1
c  1565   -1   1563   1
c  1565   -1   1613   1
c  1615   -1   1564   1
c  1615   -1   1664   1
c  1466   -1   1566   1
c  1466   -1   1564   1
c  1416   -1   1465   1
c  1416   -1   1467   1
c  1366   -1   1415   1
c  1366   -1   1467   1
c  1417   -1   1468   1
c  1417   -1   1415   1
c  1317   -1   1217   1
c  1317   -1   1218   1
c  1367   -1   1418   1
c  1367   -1   1316   1
c  1708   -1   1808   1
c  1708   -1   1659   1
c  1758   -1   1707   1
c  1758   -1   1858   1
c  1759   -1   1708   1
c  1759   -1   1811   1
c  1860   -1   1811   1
c  1860   -1   1709   1
c  1707   -1   1656   1
c  1707   -1   1607   1
c  1604   -1   1553   1
c  1604   -1   1704   1
c  1655   -1   1604   1
c  1655   -1   1704   1
c  1654   -1   1605   1
c  1705   -1   1754   1
c  1705   -1   1757   1
c  1653   -1   1655   1
c  1653   -1   1554   1
c  1603   -1   1654   1
c  1603   -1   1704   1
c  1706   -1   1755   1
c  1706   -1   1757   1
c  1757   -1   1657   1
c  1757   -1   1857   1
c  1268   -1   1319   1
c  1268   -1   1271   1
c  1369   -1   1318   1
c  1369   -1   1267   1
c  1318   -1   1218   1
c  879   -1   979   1
c  879   -1   930   1
c  830   -1   879   1
c  830   -1   929   1
c  780   -1   829   1
c  780   -1   731   1
c  926   -1   977   1
c  926   -1   975   1
c  976   -1   876   1
c  976   -1   877   1
c  927   -1   876   1
c  927   -1   976   1
c  878   -1   779   1
c  878   -1   780   1
c  928   -1   979   1
c  928   -1   926   1
c  977   -1   975   1
c  1077   -1   1026   1
c  1077   -1   1126   1
c  1127   -1   1027   1
c  1127   -1   1026   1
c  1178   -1   1127   1
c  1178   -1   1126   1
c  1275   -1   1273   1
c  1275   -1   1224   1
c  1276   -1   1274   1
c  1276   -1   1224   1
c  1222   -1   1271   1
c  1222   -1   1321   1
c  1221   -1   1223   1
c  1221   -1   1172   1
c  1177   -1   1228   1
c  1177   -1   1229   1
c  1227   -1   1176   1
c  1227   -1   1127   1
c  1128   -1   1177   1
c  1128   -1   1176   1
c  1228   -1   1226   1
c  1228   -1   1277   1
c  1273   -1   1322   1
c  1273   -1   1271   1
c  1272   -1   1221   1
c  1272   -1   1275   1
c  1324   -1   1326   1
c  1324   -1   1376   1
c  1323   -1   1274   1
c  1323   -1   1275   1
c  1028   -1   979   1
c  1028   -1   977   1
c  978   -1   1027   1
c  978   -1   929   1
c  1078   -1   1027   1
c  1078   -1   1030   1
c  1319   -1   1370   1
c  1319   -1   1270   1
c  1270   -1   1272   1
c  1270   -1   1371   1
c  382   -1   433   1
c  382   -1   483   1
c  482   -1   533   1
c  482   -1   384   1
c  433   -1   482   1
c  433   -1   481   1
c  434   -1   436   1
c  434   -1   486   1
c  282   -1   284   1
c  282   -1   333   1
c  283   -1   332   1
c  283   -1   381   1
c  332   -1   383   1
c  332   -1   334   1
c  383   -1   434   1
c  533   -1   582   1
c  533   -1   581   1
c  484   -1   584   1
c  484   -1   384   1
c  384   -1   433   1
c  384   -1   483   1
c  582   -1   631   1
c  582   -1   630   1
c  534   -1   634   1
c  534   -1   532   1
c  584   -1   582   1
c  584   -1   532   1
c  583   -1   634   1
c  583   -1   581   1
c  581   -1   632   1
c  581   -1   681   1
c  681   -1   679   1
c  681   -1   730   1
c  730   -1   630   1
c  631   -1   633   1
c  631   -1   731   1
c  632   -1   681   1
c  632   -1   630   1
c  633   -1   682   1
c  633   -1   531   1
c  634   -1   531   1
c  880   -1   832   1
c  880   -1   828   1
c  930   -1   828   1
c  930   -1   730   1
c  781   -1   730   1
c  781   -1   779   1
c  731   -1   782   1
c  731   -1   729   1
c  33   -1   86   1
c  33   -1   135   1
c  34   -1   83   1
c  34   -1   134   1
c  183   -1   181   1
c  183   -1   235   1
c  233   -1   284   1
c  233   -1   235   1
c  134   -1   85   1
c  134   -1   185   1
c  135   -1   133   1
c  86   -1   84   1
c  86   -1   83   1
c  85   -1   185   1
c  85   -1   34   1
c  35   -1   135   1
c  35   -1   134   1
c  234   -1   232   1
c  234   -1   334   1
c  1601   -1   1652   1
c  1601   -1   1702   1
c  1651   -1   1602   1
c  1652   -1   1701   1
c  1701   -1   1703   1
c  1801   -1   1901   1
c  1801   -1   1752   1
c  1752   -1   1703   1
c  1752   -1   1653   1
c  1803   -1   1852   1
c  1803   -1   1751   1
c  1802   -1   1652   1
c  1802   -1   1651   1
c  1762   -1   1862   1
c  1762   -1   1863   1
c  1763   -1   1714   1
c  1763   -1   1664   1
c  1664   -1   1715   1
c  1664   -1   1815   1
c  1811   -1   1762   1
c  1811   -1   1712   1
c  1814   -1   1763   1
c  1814   -1   1765   1
c  1812   -1   1763   1
c  1714   -1   1765   1
c  1714   -1   1613   1
c  1810   -1   1859   1
c  1810   -1   2058   1
c  1809   -1   1758   1
c  1566   -1   1665   1
c  1566   -1   1715   1
c  1516   -1   1465   1
c  1516   -1   1615   1
c  1467   -1   1516   1
c  1467   -1   1515   1
c  1665   -1   1565   1
c  1616   -1   1665   1
c  1616   -1   1567   1
c  1418   -1   1467   1
c  1418   -1   1469   1
c  1368   -1   1417   1
c  1368   -1   1467   1
c  1419   -1   1417   1
c  1419   -1   1320   1
c  1468   -1   1568   1
c  1468   -1   1618   1
c  1808   -1   1806   1
c  1808   -1   1757   1
c  1856   -1   1805   1
c  1856   -1   1758   1
c  1858   -1   1807   1
c  1858   -1   1757   1
c  1859   -1   1910   1
c  1859   -1   1911   1
c  1910   -1   1959   1
c  1861   -1   1812   1
c  1861   -1   1810   1
c  1862   -1   1911   1
c  1862   -1   1860   1
c  1704   -1   1753   1
c  1704   -1   1755   1
c  1703   -1   1754   1
c  1703   -1   1654   1
c  1753   -1   1654   1
c  1755   -1   1654   1
c  1754   -1   1706   1
c  1756   -1   1807   1
c  1756   -1   1856   1
c  1806   -1   1706   1
c  1806   -1   1755   1
c  1807   -1   1856   1
c  1857   -1   1859   1
c  1857   -1   1855   1
c  1271   -1   1371   1
c  1271   -1   1320   1
c  1370   -1   1421   1
c  1370   -1   1419   1
c  1320   -1   1318   1
c  1320   -1   1368   1
c  929   -1   927   1
c  929   -1   932   1
c  979   -1   1079   1
c  979   -1   1129   1
c  831   -1   782   1
c  831   -1   834   1
c  1079   -1   1128   1
c  1079   -1   1077   1
c  1179   -1   1130   1
c  1179   -1   1079   1
c  1325   -1   1276   1
c  1325   -1   1277   1
c  1326   -1   1277   1
c  1326   -1   1278   1
c  1277   -1   1328   1
c  1277   -1   1279   1
c  1321   -1   1372   1
c  1321   -1   1270   1
c  1229   -1   1180   1
c  1229   -1   1129   1
c  1129   -1   1078   1
c  1129   -1   1180   1
c  1278   -1   1327   1
c  1278   -1   1179   1
c  1374   -1   1323   1
c  1374   -1   1273   1
c  1322   -1   1271   1
c  1376   -1   1378   1
c  1376   -1   1427   1
c  1373   -1   1322   1
c  1373   -1   1371   1
c  1029   -1   980   1
c  1029   -1   1130   1
c  1030   -1   1081   1
c  1030   -1   931   1
c  1371   -1   1422   1
c  1371   -1   1423   1
c  435   -1   386   1
c  435   -1   486   1
c  334   -1   434   1
c  334   -1   385   1
c  436   -1   536   1
c  436   -1   535   1
c  486   -1   586   1
c  486   -1   587   1
c  284   -1   333   1
c  284   -1   336   1
c  333   -1   384   1
c  333   -1   335   1
c  385   -1   336   1
c  385   -1   383   1
c  683   -1   632   1
c  683   -1   533   1
c  485   -1   436   1
c  485   -1   534   1
c  535   -1   435   1
c  585   -1   636   1
c  585   -1   534   1
c  635   -1   584   1
c  635   -1   534   1
c  586   -1   637   1
c  586   -1   584   1
c  682   -1   733   1
c  682   -1   631   1
c  732   -1   681   1
c  732   -1   736   1
c  684   -1   733   1
c  684   -1   633   1
c  734   -1   634   1
c  734   -1   635   1
c  881   -1   932   1
c  881   -1   982   1
c  980   -1   1031   1
c  980   -1   880   1
c  832   -1   932   1
c  832   -1   883   1
c  931   -1   980   1
c  931   -1   1081   1
c  932   -1   930   1
c  932   -1   981   1
c  1080   -1   980   1
c  1080   -1   930   1
c  782   -1   833   1
c  782   -1   784   1
c  184   -1   135   1
c  184   -1   186   1
c  136   -1   187   1
c  136   -1   237   1
c  36   -1   85   1
c  36   -1   135   1
c  186   -1   135   1
c  186   -1   235   1
c  87   -1   36   1
c  37   -1   86   1
c  37   -1   139   1
c  1702   -1   1753   1
c  1702   -1   1704   1
c  1851   -1   1853   1
c  1851   -1   1803   1
c  1901   -1   1903   1
c  1901   -1   1952   1
c  1853   -1   1902   1
c  1853   -1   1855   1
c  1804   -1   1806   1
c  1804   -1   1955   1
c  1855   -1   1803   1
c  1855   -1   1956   1
c  1852   -1   1753   1
c  1863   -1   1814   1
c  1863   -1   1914   1
c  1813   -1   1765   1
c  1764   -1   1813   1
c  1764   -1   1864   1
c  1715   -1   1666   1
c  1715   -1   1717   1
c  1815   -1   1766   1
c  1815   -1   1716   1
c  1911   -1   1811   1
c  1864   -1   1967   1
c  1864   -1   1917   1
c  1765   -1   1716   1
c  1765   -1   1717   1
c  2058   -1   2060   1
c  2058   -1   2009   1
c  1909   -1   1809   1
c  1909   -1   1960   1
c  1567   -1   1467   1
c  1567   -1   1618   1
c  1517   -1   1566   1
c  1517   -1   1617   1
c  1666   -1   1566   1
c  1666   -1   1516   1
c  1618   -1   1566   1
c  1518   -1   1467   1
c  1518   -1   1567   1
c  1617   -1   1668   1
c  1617   -1   1717   1
c  1717   -1   1666   1
c  1717   -1   1616   1
c  1469   -1   1371   1
c  1469   -1   1372   1
c  1420   -1   1469   1
c  1420   -1   1471   1
c  1470   -1   1419   1
c  1470   -1   1370   1
c  1568   -1   1517   1
c  1568   -1   1519   1
c  1906   -1   1857   1
c  1906   -1   1858   1
c  1805   -1   1854   1
c  1805   -1   1905   1
c  1908   -1   1857   1
c  1908   -1   1957   1
c  1960   -1   1911   1
c  1959   -1   2008   1
c  1959   -1   2060   1
c  1912   -1   1961   1
c  1912   -1   2011   1
c  1907   -1   1958   1
c  1907   -1   1956   1
c  1421   -1   1472   1
c  1421   -1   1521   1
c  834   -1   734   1
c  834   -1   684   1
c  1180   -1   1231   1
c  1130   -1   1181   1
c  1375   -1   1426   1
c  1375   -1   1424   1
c  1327   -1   1378   1
c  1327   -1   1376   1
c  1329   -1   1277   1
c  1329   -1   1232   1
c  1279   -1   1330   1
c  1279   -1   1328   1
c  1471   -1   1321   1
c  1471   -1   1322   1
c  1372   -1   1421   1
c  1372   -1   1472   1
c  1230   -1   1130   1
c  1424   -1   1473   1
c  1424   -1   1471   1
c  1423   -1   1374   1
c  1423   -1   1375   1
c  1426   -1   1428   1
c  1426   -1   1429   1
c  1377   -1   1328   1
c  1377   -1   1425   1
c  1425   -1   1376   1
c  1425   -1   1476   1
c  1378   -1   1380   1
c  1378   -1   1429   1
c  1427   -1   1478   1
c  1427   -1   1527   1
c  1031   -1   1082   1
c  1031   -1   1182   1
c  1081   -1   1130   1
c  1081   -1   1132   1
c  1422   -1   1471   1
c  386   -1   337   1
c  386   -1   335   1
c  335   -1   236   1
c  335   -1   340   1
c  285   -1   334   1
c  285   -1   385   1
c  437   -1   488   1
c  437   -1   489   1
c  387   -1   436   1
c  387   -1   438   1
c  536   -1   636   1
c  536   -1   437   1
c  487   -1   485   1
c  487   -1   538   1
c  587   -1   636   1
c  587   -1   635   1
c  336   -1   387   1
c  336   -1   437   1
c  636   -1   736   1
c  685   -1   736   1
c  685   -1   937   1
c  735   -1   635   1
c  735   -1   636   1
c  688   -1   586   1
c  637   -1   639   1
c  637   -1   686   1
c  783   -1   734   1
c  783   -1   732   1
c  784   -1   836   1
c  784   -1   837   1
c  882   -1   833   1
c  882   -1   834   1
c  982   -1   931   1
c  982   -1   980   1
c  981   -1   1081   1
c  981   -1   1032   1
c  833   -1   784   1
c  833   -1   885   1
c  883   -1   983   1
c  883   -1   934   1
c  933   -1   833   1
c  933   -1   784   1
c  936   -1   885   1
c  936   -1   932   1
c  236   -1   185   1
c  236   -1   184   1
c  137   -1   88   1
c  137   -1   186   1
c  187   -1   87   1
c  187   -1   88   1
c  237   -1   188   1
c  237   -1   239   1
c  88   -1   90   1
c  88   -1   91   1
c  38   -1   87   1
c  38   -1   137   1
c  89   -1   87   1
c  89   -1   138   1
c  39   -1   37   1
c  39   -1   87   1
c  238   -1   287   1
c  238   -1   87   1
c  139   -1   90   1
c  139   -1   239   1
c  1951   -1   2002   1
c  1951   -1   2003   1
c  1902   -1   1953   1
c  1902   -1   2004   1
c  1903   -1   1854   1
c  1903   -1   2003   1
c  1952   -1   1954   1
c  1952   -1   2003   1
c  1854   -1   1905   1
c  1904   -1   1853   1
c  1904   -1   1852   1
c  1955   -1   2004   1
c  1955   -1   1906   1
c  1956   -1   1905   1
c  1913   -1   1962   1
c  1913   -1   2013   1
c  1964   -1   1913   1
c  1964   -1   1863   1
c  1716   -1   1767   1
c  1716   -1   1817   1
c  1766   -1   1715   1
c  1766   -1   1717   1
c  1865   -1   1914   1
c  1865   -1   1816   1
c  1816   -1   1767   1
c  1816   -1   1765   1
c  1866   -1   1915   1
c  1866   -1   1815   1
c  1961   -1   1913   1
c  1915   -1   1964   1
c  1915   -1   1864   1
c  1967   -1   2016   1
c  1967   -1   2066   1
c  1917   -1   1966   1
c  1917   -1   1817   1
c  2008   -1   2010   1
c  2008   -1   2059   1
c  2057   -1   2106   1
c  2057   -1   2008   1
c  2108   -1   2157   1
c  2108   -1   2060   1
c  2059   -1   2108   1
c  2059   -1   2110   1
c  2007   -1   2058   1
c  2007   -1   2009   1
c  2011   -1   2008   1
c  2011   -1   2058   1
c  2160   -1   2208   1
c  2160   -1   2058   1
c  2060   -1   2109   1
c  2060   -1   2009   1
c  2009   -1   1958   1
c  1958   -1   1956   1
c  1958   -1   1909   1
c  1520   -1   1518   1
c  1520   -1   1517   1
c  1667   -1   1618   1
c  1667   -1   1619   1
c  1668   -1   1719   1
c  1668   -1   1717   1
c  1619   -1   1668   1
c  1619   -1   1568   1
c  1569   -1   1620   1
c  1569   -1   1618   1
c  1519   -1   1570   1
c  1519   -1   1618   1
c  1767   -1   1667   1
c  1767   -1   1718   1
c  1718   -1   1818   1
c  1718   -1   1769   1
c  1472   -1   1470   1
c  1472   -1   1469   1
c  1573   -1   1571   1
c  1573   -1   1470   1
c  1957   -1   2008   1
c  2010   -1   2110   1
c  2010   -1   2061   1
c  1962   -1   1964   1
c  1962   -1   2014   1
c  1521   -1   1570   1
c  1521   -1   1572   1
c  884   -1   833   1
c  884   -1   783   1
c  835   -1   786   1
c  835   -1   833   1
c  785   -1   834   1
c  785   -1   836   1
c  885   -1   834   1
c  885   -1   883   1
c  1181   -1   1230   1
c  1181   -1   1183   1
c  1131   -1   1180   1
c  1131   -1   1230   1
c  1231   -1   1280   1
c  1232   -1   1131   1
c  1232   -1   1130   1
c  1379   -1   1428   1
c  1379   -1   1479   1
c  1330   -1   1381   1
c  1330   -1   1382   1
c  1280   -1   1329   1
c  1280   -1   1379   1
c  1331   -1   1329   1
c  1331   -1   1430   1
c  1522   -1   1471   1
c  1522   -1   1422   1
c  1281   -1   1230   1
c  1281   -1   1381   1
c  1474   -1   1525   1
c  1474   -1   1523   1
c  1473   -1   1475   1
c  1473   -1   1522   1
c  1476   -1   1427   1
c  1476   -1   1378   1
c  1475   -1   1524   1
c  1475   -1   1426   1
c  1428   -1   1477   1
c  1428   -1   1528   1
c  1429   -1   1480   1
c  1429   -1   1530   1
c  1525   -1   1425   1
c  1380   -1   1480   1
c  1380   -1   1232   1
c  1477   -1   1577   1
c  1477   -1   1379   1
c  1526   -1   1577   1
c  1526   -1   1427   1
c  1478   -1   1529   1
c  1478   -1   1429   1
c  1527   -1   1525   1
c  1527   -1   1575   1
c  1032   -1   1081   1
c  1032   -1   1083   1
c  1082   -1   1084   1
c  1082   -1   1085   1
c  1182   -1   1282   1
c  1182   -1   1133   1
c  1132   -1   1181   1
c  337   -1   388   1
c  337   -1   438   1
c  286   -1   237   1
c  286   -1   335   1
c  287   -1   336   1
c  287   -1   335   1
c  340   -1   240   1
c  340   -1   338   1
c  438   -1   389   1
c  537   -1   437   1
c  537   -1   588   1
c  488   -1   537   1
c  488   -1   388   1
c  489   -1   589   1
c  489   -1   688   1
c  388   -1   336   1
c  389   -1   338   1
c  389   -1   387   1
c  538   -1   589   1
c  538   -1   438   1
c  588   -1   637   1
c  588   -1   636   1
c  686   -1   688   1
c  686   -1   737   1
c  638   -1   636   1
c  638   -1   686   1
c  937   -1   988   1
c  937   -1   1039   1
c  687   -1   638   1
c  687   -1   689   1
c  738   -1   740   1
c  738   -1   837   1
c  689   -1   738   1
c  689   -1   788   1
c  639   -1   688   1
c  639   -1   588   1
c  786   -1   788   1
c  786   -1   888   1
c  737   -1   788   1
c  737   -1   639   1
c  836   -1   887   1
c  837   -1   888   1
c  837   -1   889   1
c  983   -1   934   1
c  983   -1   1032   1
c  934   -1   885   1
c  934   -1   1034   1
c  1033   -1   933   1
c  1033   -1   1082   1
c  886   -1   835   1
c  886   -1   837   1
c  935   -1   986   1
c  935   -1   937   1
c  986   -1   937   1
c  887   -1   936   1
c  1037   -1   986   1
c  1037   -1   936   1
c  989   -1   937   1
c  989   -1   936   1
c  138   -1   189   1
c  141   -1   192   1
c  141   -1   137   1
c  338   -1   138   1
c  338   -1   137   1
c  188   -1   239   1
c  188   -1   289   1
c  290   -1   241   1
c  290   -1   237   1
c  239   -1   142   1
c  239   -1   141   1
c  90   -1   190   1
c  90   -1   192   1
c  91   -1   93   1
c  91   -1   143   1
c  40   -1   91   1
c  40   -1   89   1
c  288   -1   188   1
c  288   -1   138   1
c  189   -1   290   1
c  140   -1   189   1
c  140   -1   239   1
c  190   -1   239   1
c  190   -1   139   1
c  2001   -1   1952   1
c  2001   -1   1902   1
c  2051   -1   1951   1
c  1953   -1   1951   1
c  1953   -1   2002   1
c  2053   -1   2102   1
c  2053   -1   1951   1
c  2002   -1   2051   1
c  2002   -1   1902   1
c  2003   -1   1904   1
c  2004   -1   2002   1
c  2004   -1   1952   1
c  1954   -1   2005   1
c  1954   -1   2055   1
c  2005   -1   2056   1
c  2005   -1   2003   1
c  2006   -1   1955   1
c  2006   -1   2055   1
c  1963   -1   1961   1
c  1963   -1   2012   1
c  2013   -1   1914   1
c  2014   -1   2063   1
c  2014   -1   2065   1
c  1965   -1   1967   1
c  1965   -1   2017   1
c  1817   -1   1766   1
c  1817   -1   1768   1
c  1768   -1   1766   1
c  1768   -1   1719   1
c  1867   -1   1767   1
c  1867   -1   1766   1
c  1916   -1   1918   1
c  1916   -1   2016   1
c  1966   -1   2017   1
c  1966   -1   1968   1
c  2017   -1   2066   1
c  2017   -1   2116   1
c  1968   -1   1919   1
c  1968   -1   1917   1
c  2016   -1   2067   1
c  2016   -1   2065   1
c  2066   -1   2064   1
c  1918   -1   1870   1
c  2056   -1   2054   1
c  2107   -1   2158   1
c  2107   -1   2156   1
c  2106   -1   2155   1
c  2158   -1   2305   1
c  2109   -1   2158   1
c  2109   -1   2160   1
c  2208   -1   2259   1
c  2208   -1   2108   1
c  2110   -1   2159   1
c  2110   -1   2108   1
c  2157   -1   2208   1
c  2061   -1   2063   1
c  2061   -1   2012   1
c  2012   -1   2112   1
c  2012   -1   2162   1
c  2112   -1   2061   1
c  2112   -1   2011   1
c  2159   -1   2210   1
c  2159   -1   2161   1
c  2210   -1   2261   1
c  2210   -1   2212   1
c  2161   -1   2262   1
c  2161   -1   2312   1
c  2164   -1   2113   1
c  2164   -1   2160   1
c  2111   -1   2060   1
c  2111   -1   2162   1
c  1570   -1   1621   1
c  1570   -1   1623   1
c  1620   -1   1520   1
c  1669   -1   1769   1
c  1669   -1   1721   1
c  1720   -1   1669   1
c  1720   -1   1668   1
c  1719   -1   1770   1
c  1719   -1   1670   1
c  1770   -1   1721   1
c  1770   -1   1718   1
c  1818   -1   1869   1
c  1818   -1   1919   1
c  1769   -1   1820   1
c  1769   -1   1621   1
c  1523   -1   1574   1
c  1523   -1   1624   1
c  1572   -1   1621   1
c  1572   -1   1671   1
c  1623   -1   1672   1
c  1623   -1   1621   1
c  1574   -1   1572   1
c  1574   -1   1623   1
c  1576   -1   1574   1
c  1576   -1   1573   1
c  1571   -1   1622   1
c  1571   -1   1620   1
c  1183   -1   1132   1
c  1183   -1   1131   1
c  1133   -1   1184   1
c  1133   -1   1131   1
c  1282   -1   1382   1
c  1282   -1   1233   1
c  1233   -1   1135   1
c  1233   -1   1136   1
c  1283   -1   1334   1
c  1283   -1   1232   1
c  1235   -1   1233   1
c  1235   -1   1232   1
c  1479   -1   1481   1
c  1479   -1   1579   1
c  1381   -1   1332   1
c  1382   -1   1431   1
c  1332   -1   1334   1
c  1332   -1   1383   1
c  1431   -1   1331   1
c  1431   -1   1631   1
c  1334   -1   1385   1
c  1334   -1   1331   1
c  1430   -1   1481   1
c  1430   -1   1479   1
c  1622   -1   1522   1
c  1622   -1   1624   1
c  1524   -1   1624   1
c  1528   -1   1477   1
c  1480   -1   1478   1
c  1480   -1   1528   1
c  1530   -1   1579   1
c  1530   -1   1629   1
c  1575   -1   1526   1
c  1575   -1   1626   1
c  1577   -1   1626   1
c  1577   -1   1677   1
c  1529   -1   1580   1
c  1529   -1   1630   1
c  1083   -1   1034   1
c  1084   -1   1033   1
c  1085   -1   985   1
c  1085   -1   1036   1
c  339   -1   337   1
c  339   -1   290   1
c  390   -1   439   1
c  390   -1   438   1
c  341   -1   292   1
c  341   -1   290   1
c  240   -1   189   1
c  240   -1   188   1
c  439   -1   539   1
c  439   -1   540   1
c  539   -1   588   1
c  490   -1   539   1
c  490   -1   541   1
c  540   -1   489   1
c  540   -1   591   1
c  589   -1   540   1
c  391   -1   442   1
c  391   -1   389   1
c  987   -1   1038   1
c  987   -1   1087   1
c  938   -1   839   1
c  938   -1   789   1
c  888   -1   839   1
c  888   -1   937   1
c  988   -1   1037   1
c  988   -1   1039   1
c  1039   -1   1041   1
c  1039   -1   991   1
c  788   -1   739   1
c  788   -1   888   1
c  739   -1   691   1
c  789   -1   889   1
c  789   -1   738   1
c  839   -1   788   1
c  839   -1   738   1
c  740   -1   689   1
c  740   -1   742   1
c  690   -1   790   1
c  690   -1   739   1
c  691   -1   689   1
c  691   -1   590   1
c  640   -1   691   1
c  640   -1   740   1
c  787   -1   887   1
c  787   -1   789   1
c  838   -1   787   1
c  838   -1   739   1
c  889   -1   887   1
c  889   -1   938   1
c  984   -1   1084   1
c  984   -1   1035   1
c  1034   -1   985   1
c  1034   -1   986   1
c  985   -1   1037   1
c  985   -1   1087   1
c  1036   -1   985   1
c  1036   -1   1087   1
c  1087   -1   1038   1
c  1087   -1   1136   1
c  1038   -1   888   1
c  1136   -1   1138   1
c  1136   -1   1037   1
c  939   -1   890   1
c  939   -1   840   1
c  990   -1   1039   1
c  990   -1   988   1
c  940   -1   989   1
c  940   -1   841   1
c  1040   -1   989   1
c  1040   -1   1087   1
c  191   -1   240   1
c  191   -1   292   1
c  142   -1   91   1
c  142   -1   42   1
c  192   -1   140   1
c  289   -1   338   1
c  289   -1   240   1
c  291   -1   342   1
c  291   -1   343   1
c  241   -1   292   1
c  241   -1   190   1
c  41   -1   92   1
c  41   -1   93   1
c  92   -1   45   1
c  92   -1   95   1
c  93   -1   44   1
c  143   -1   192   1
c  143   -1   92   1
c  42   -1   40   1
c  42   -1   190   1
c  2052   -1   2054   1
c  2052   -1   2001   1
c  2101   -1   2052   1
c  2101   -1   2053   1
c  2152   -1   2101   1
c  2152   -1   2051   1
c  2153   -1   2101   1
c  2153   -1   2051   1
c  2103   -1   2052   1
c  2103   -1   2204   1
c  2054   -1   2003   1
c  2054   -1   2005   1
c  2104   -1   2053   1
c  2104   -1   2153   1
c  2102   -1   2153   1
c  2055   -1   2107   1
c  2062   -1   2013   1
c  2062   -1   1963   1
c  2063   -1   2012   1
c  2063   -1   2114   1
c  2064   -1   2016   1
c  2015   -1   2064   1
c  2015   -1   2063   1
c  2065   -1   2116   1
c  2065   -1   2167   1
c  1868   -1   1817   1
c  1868   -1   1916   1
c  1869   -1   1918   1
c  1869   -1   1768   1
c  1771   -1   1820   1
c  1771   -1   1768   1
c  2067   -1   2015   1
c  2067   -1   1867   1
c  2018   -1   1969   1
c  2018   -1   2069   1
c  2019   -1   2017   1
c  2019   -1   2067   1
c  2116   -1   2119   1
c  2116   -1   2069   1
c  1969   -1   2020   1
c  1969   -1   2070   1
c  1919   -1   1970   1
c  1919   -1   2072   1
c  2114   -1   2065   1
c  2114   -1   2066   1
c  1870   -1   1770   1
c  1870   -1   1721   1
c  2207   -1   2107   1
c  2207   -1   2259   1
c  2156   -1   2205   1
c  2156   -1   2204   1
c  2105   -1   2154   1
c  2105   -1   2205   1
c  2155   -1   2255   1
c  2155   -1   2157   1
c  2258   -1   2158   1
c  2258   -1   2157   1
c  2305   -1   2307   1
c  2305   -1   2357   1
c  2209   -1   2260   1
c  2209   -1   2261   1
c  2206   -1   2208   1
c  2206   -1   2209   1
c  2259   -1   2308   1
c  2162   -1   2213   1
c  2162   -1   2262   1
c  2113   -1   2115   1
c  2113   -1   2315   1
c  2163   -1   2212   1
c  2163   -1   2112   1
c  2211   -1   2260   1
c  2211   -1   2159   1
c  2260   -1   2258   1
c  2260   -1   2257   1
c  2309   -1   2409   1
c  2309   -1   2210   1
c  2261   -1   2310   1
c  2212   -1   2261   1
c  2262   -1   2311   1
c  2262   -1   2314   1
c  2312   -1   2363   1
c  2312   -1   2413   1
c  2214   -1   2263   1
c  2214   -1   2216   1
c  2165   -1   2214   1
c  2165   -1   2264   1
c  2213   -1   2164   1
c  2215   -1   2164   1
c  2215   -1   2213   1
c  1621   -1   1523   1
c  1670   -1   1672   1
c  1670   -1   1721   1
c  1721   -1   1574   1
c  1819   -1   1821   1
c  1819   -1   1720   1
c  1820   -1   1869   1
c  1820   -1   1723   1
c  1821   -1   1770   1
c  1821   -1   1769   1
c  1624   -1   1675   1
c  1624   -1   1725   1
c  1673   -1   1624   1
c  1673   -1   1572   1
c  1671   -1   1673   1
c  1671   -1   1622   1
c  1672   -1   1721   1
c  1672   -1   1626   1
c  1726   -1   1574   1
c  1626   -1   1628   1
c  1184   -1   1136   1
c  1134   -1   1183   1
c  1134   -1   1136   1
c  1234   -1   1283   1
c  1135   -1   1084   1
c  1135   -1   1184   1
c  1333   -1   1284   1
c  1333   -1   1382   1
c  1284   -1   1384   1
c  1284   -1   1335   1
c  1383   -1   1483   1
c  1383   -1   1283   1
c  1185   -1   1236   1
c  1185   -1   1234   1
c  1285   -1   1336   1
c  1285   -1   1236   1
c  1236   -1   1287   1
c  1481   -1   1532   1
c  1481   -1   1581   1
c  1579   -1   1528   1
c  1432   -1   1481   1
c  1432   -1   1383   1
c  1531   -1   1480   1
c  1531   -1   1431   1
c  1631   -1   1682   1
c  1631   -1   1629   1
c  1384   -1   1484   1
c  1384   -1   1386   1
c  1335   -1   1337   1
c  1335   -1   1386   1
c  1433   -1   1333   1
c  1433   -1   1334   1
c  1385   -1   1336   1
c  1578   -1   1575   1
c  1578   -1   1676   1
c  1629   -1   1578   1
c  1629   -1   1528   1
c  1534   -1   1434   1
c  1534   -1   1480   1
c  1580   -1   1582   1
c  1580   -1   1629   1
c  1625   -1   1627   1
c  1625   -1   1678   1
c  1675   -1   1575   1
c  1675   -1   1726   1
c  1674   -1   1625   1
c  1674   -1   1575   1
c  1627   -1   1578   1
c  1627   -1   1678   1
c  1677   -1   1726   1
c  1630   -1   1681   1
c  1630   -1   1731   1
c  1035   -1   1084   1
c  1086   -1   1137   1
c  1086   -1   1035   1
c  440   -1   540   1
c  440   -1   391   1
c  441   -1   490   1
c  441   -1   390   1
c  392   -1   390   1
c  342   -1   391   1
c  342   -1   441   1
c  292   -1   243   1
c  491   -1   391   1
c  491   -1   392   1
c  541   -1   492   1
c  590   -1   641   1
c  590   -1   491   1
c  591   -1   542   1
c  591   -1   593   1
c  393   -1   391   1
c  393   -1   444   1
c  492   -1   441   1
c  492   -1   391   1
c  442   -1   342   1
c  1089   -1   1138   1
c  1089   -1   1087   1
c  991   -1   940   1
c  991   -1   942   1
c  790   -1   739   1
c  741   -1   790   1
c  741   -1   739   1
c  840   -1   889   1
c  840   -1   940   1
c  742   -1   791   1
c  641   -1   592   1
c  641   -1   690   1
c  791   -1   691   1
c  791   -1   690   1
c  692   -1   643   1
c  692   -1   741   1
c  890   -1   841   1
c  890   -1   844   1
c  1137   -1   1188   1
c  1088   -1   1188   1
c  1088   -1   1187   1
c  1138   -1   1087   1
c  1138   -1   1086   1
c  1186   -1   1184   1
c  1186   -1   1137   1
c  1187   -1   1138   1
c  1187   -1   1136   1
c  1139   -1   1137   1
c  1139   -1   1136   1
c  891   -1   840   1
c  891   -1   939   1
c  941   -1   990   1
c  941   -1   992   1
c  1143   -1   1192   1
c  1143   -1   990   1
c  841   -1   792   1
c  841   -1   892   1
c  1090   -1   1041   1
c  1090   -1   1141   1
c  1140   -1   1091   1
c  1140   -1   1040   1
c  1091   -1   1142   1
c  1091   -1   1040   1
c  43   -1   41   1
c  43   -1   191   1
c  193   -1   142   1
c  193   -1   242   1
c  242   -1   293   1
c  242   -1   194   1
c  343   -1   392   1
c  343   -1   443   1
c  45   -1   96   1
c  45   -1   47   1
c  95   -1   146   1
c  94   -1   145   1
c  94   -1   96   1
c  44   -1   95   1
c  44   -1   145   1
c  144   -1   195   1
c  144   -1   193   1
c  2151   -1   2202   1
c  2151   -1   2302   1
c  2202   -1   2153   1
c  2201   -1   2152   1
c  2201   -1   2102   1
c  2203   -1   2103   1
c  2203   -1   2205   1
c  2154   -1   2254   1
c  2154   -1   2253   1
c  2205   -1   2154   1
c  2205   -1   2153   1
c  2204   -1   2206   1
c  2204   -1   2305   1
c  2115   -1   2166   1
c  2115   -1   2266   1
c  2117   -1   2166   1
c  2117   -1   2065   1
c  2168   -1   2217   1
c  2168   -1   2065   1
c  2167   -1   2118   1
c  2167   -1   2169   1
c  1871   -1   1869   1
c  1772   -1   1823   1
c  1724   -1   1773   1
c  1724   -1   1771   1
c  2068   -1   2119   1
c  2068   -1   2120   1
c  2069   -1   2120   1
c  2069   -1   2071   1
c  2020   -1   2120   1
c  2021   -1   2070   1
c  2021   -1   2019   1
c  2166   -1   2215   1
c  2166   -1   2217   1
c  2119   -1   2168   1
c  2119   -1   2170   1
c  1970   -1   2070   1
c  1970   -1   2069   1
c  1920   -1   1971   1
c  1920   -1   1969   1
c  2070   -1   1922   1
c  2072   -1   2023   1
c  2072   -1   1973   1
c  1921   -1   1870   1
c  1921   -1   1872   1
c  2257   -1   2306   1
c  2257   -1   2255   1
c  2255   -1   2304   1
c  2255   -1   2306   1
c  2308   -1   2310   1
c  2256   -1   2307   1
c  2256   -1   2258   1
c  2304   -1   2355   1
c  2304   -1   2356   1
c  2355   -1   2353   1
c  2306   -1   2308   1
c  2306   -1   2304   1
c  2303   -1   2254   1
c  2303   -1   2305   1
c  2307   -1   2356   1
c  2357   -1   2257   1
c  2357   -1   2308   1
c  2410   -1   2310   1
c  2410   -1   2259   1
c  2315   -1   2215   1
c  2315   -1   2317   1
c  2310   -1   2358   1
c  2310   -1   2408   1
c  2311   -1   2260   1
c  2311   -1   2364   1
c  2359   -1   2361   1
c  2359   -1   2411   1
c  2360   -1   2309   1
c  2360   -1   2460   1
c  2409   -1   2358   1
c  2409   -1   2407   1
c  2263   -1   2312   1
c  2263   -1   2311   1
c  2313   -1   2362   1
c  2313   -1   2262   1
c  2314   -1   2414   1
c  2314   -1   2365   1
c  2362   -1   2360   1
c  2361   -1   2410   1
c  2361   -1   2312   1
c  2363   -1   2365   1
c  2363   -1   2415   1
c  2413   -1   2462   1
c  2413   -1   2461   1
c  2264   -1   2213   1
c  2264   -1   2215   1
c  2216   -1   2318   1
c  2216   -1   2324   1
c  2265   -1   2267   1
c  2265   -1   2217   1
c  2266   -1   2215   1
c  2266   -1   2366   1
c  1722   -1   1621   1
c  1722   -1   1923   1
c  1773   -1   1722   1
c  1773   -1   1721   1
c  1723   -1   1772   1
c  1723   -1   1774   1
c  1822   -1   1871   1
c  1822   -1   1922   1
c  1725   -1   1825   1
c  1725   -1   1774   1
c  1676   -1   1674   1
c  1676   -1   1723   1
c  1776   -1   1827   1
c  1776   -1   1727   1
c  1727   -1   1676   1
c  1727   -1   1675   1
c  1777   -1   1726   1
c  1777   -1   1728   1
c  1728   -1   1726   1
c  1877   -1   1826   1
c  1877   -1   1726   1
c  1678   -1   1727   1
c  1678   -1   1626   1
c  1628   -1   1728   1
c  1628   -1   1727   1
c  1434   -1   1383   1
c  1434   -1   1333   1
c  1483   -1   1434   1
c  1483   -1   1385   1
c  1286   -1   1386   1
c  1286   -1   1436   1
c  1338   -1   1287   1
c  1338   -1   1285   1
c  1336   -1   1387   1
c  1336   -1   1340   1
c  1237   -1   1288   1
c  1237   -1   1239   1
c  1188   -1   1239   1
c  1188   -1   1236   1
c  1287   -1   1336   1
c  1482   -1   1433   1
c  1482   -1   1434   1
c  1532   -1   1581   1
c  1581   -1   1630   1
c  1581   -1   1632   1
c  1729   -1   1680   1
c  1729   -1   1579   1
c  1681   -1   1730   1
c  1681   -1   1732   1
c  1632   -1   1583   1
c  1632   -1   1683   1
c  1680   -1   1631   1
c  1680   -1   1732   1
c  1682   -1   1733   1
c  1682   -1   1783   1
c  1484   -1   1535   1
c  1484   -1   1487   1
c  1386   -1   1337   1
c  1337   -1   1339   1
c  1435   -1   1486   1
c  1435   -1   1487   1
c  1436   -1   1385   1
c  1436   -1   1485   1
c  1679   -1   1730   1
c  1679   -1   1628   1
c  1533   -1   1482   1
c  1533   -1   1485   1
c  1584   -1   1635   1
c  1584   -1   1633   1
c  1485   -1   1434   1
c  1485   -1   1534   1
c  1585   -1   1534   1
c  1585   -1   1536   1
c  1582   -1   1682   1
c  1582   -1   1633   1
c  1775   -1   1675   1
c  1775   -1   1625   1
c  1731   -1   1783   1
c  1731   -1   1833   1
c  544   -1   442   1
c  544   -1   441   1
c  443   -1   392   1
c  443   -1   492   1
c  293   -1   342   1
c  293   -1   394   1
c  344   -1   342   1
c  344   -1   295   1
c  244   -1   293   1
c  244   -1   292   1
c  243   -1   144   1
c  542   -1   593   1
c  542   -1   642   1
c  592   -1   541   1
c  592   -1   643   1
c  642   -1   541   1
c  593   -1   493   1
c  394   -1   443   1
c  394   -1   197   1
c  493   -1   542   1
c  493   -1   393   1
c  444   -1   493   1
c  444   -1   395   1
c  1042   -1   942   1
c  1042   -1   1044   1
c  992   -1   1041   1
c  992   -1   892   1
c  1092   -1   991   1
c  1092   -1   891   1
c  942   -1   944   1
c  942   -1   995   1
c  792   -1   741   1
c  792   -1   693   1
c  842   -1   840   1
c  842   -1   891   1
c  743   -1   794   1
c  743   -1   792   1
c  793   -1   742   1
c  793   -1   745   1
c  744   -1   742   1
c  693   -1   593   1
c  693   -1   744   1
c  643   -1   694   1
c  892   -1   890   1
c  892   -1   743   1
c  844   -1   795   1
c  844   -1   793   1
c  1189   -1   1140   1
c  1189   -1   1240   1
c  1190   -1   1241   1
c  1190   -1   1139   1
c  843   -1   892   1
c  843   -1   891   1
c  993   -1   942   1
c  993   -1   941   1
c  1093   -1   1193   1
c  1093   -1   1142   1
c  1142   -1   1144   1
c  1142   -1   1194   1
c  1193   -1   1144   1
c  1193   -1   1195   1
c  1144   -1   1195   1
c  1144   -1   1245   1
c  1141   -1   1092   1
c  1141   -1   1143   1
c  1191   -1   1140   1
c  1191   -1   1143   1
c  1094   -1   1143   1
c  1094   -1   1145   1
c  1194   -1   1143   1
c  1194   -1   1145   1
c  1192   -1   1141   1
c  1192   -1   1241   1
c  1244   -1   1192   1
c  1244   -1   1140   1
c  194   -1   243   1
c  194   -1   294   1
c  295   -1   293   1
c  295   -1   343   1
c  46   -1   95   1
c  46   -1   94   1
c  146   -1   45   1
c  96   -1   47   1
c  47   -1   98   1
c  47   -1   149   1
c  145   -1   196   1
c  145   -1   147   1
c  195   -1   146   1
c  195   -1   148   1
c  2302   -1   2253   1
c  2302   -1   2251   1
c  2252   -1   2201   1
c  2252   -1   2303   1
c  2251   -1   2351   1
c  2251   -1   2202   1
c  2253   -1   2202   1
c  2254   -1   2203   1
c  2254   -1   2252   1
c  2118   -1   2218   1
c  2118   -1   2216   1
c  2218   -1   2267   1
c  2218   -1   2317   1
c  2169   -1   2218   1
c  2219   -1   2168   1
c  2219   -1   2167   1
c  2217   -1   2266   1
c  2217   -1   2264   1
c  2267   -1   2316   1
c  2267   -1   2167   1
c  1872   -1   1823   1
c  1872   -1   1775   1
c  1873   -1   1822   1
c  1873   -1   1772   1
c  1823   -1   1775   1
c  1774   -1   1825   1
c  1774   -1   1823   1
c  1824   -1   1773   1
c  1824   -1   1724   1
c  2120   -1   2169   1
c  2120   -1   2222   1
c  2071   -1   2022   1
c  2071   -1   1972   1
c  2022   -1   2020   1
c  1972   -1   2021   1
c  1972   -1   2020   1
c  1971   -1   1922   1
c  1971   -1   2022   1
c  2170   -1   2219   1
c  2170   -1   2173   1
c  1922   -1   1924   1
c  1922   -1   1974   1
c  2122   -1   2171   1
c  2122   -1   2220   1
c  2073   -1   2024   1
c  2073   -1   2124   1
c  2121   -1   2072   1
c  2121   -1   2022   1
c  2123   -1   2223   1
c  2123   -1   2072   1
c  2023   -1   1972   1
c  1973   -1   1924   1
c  1973   -1   2022   1
c  2358   -1   2407   1
c  2358   -1   2458   1
c  2459   -1   2359   1
c  2459   -1   2308   1
c  2354   -1   2356   1
c  2354   -1   2405   1
c  2356   -1   2407   1
c  2356   -1   2253   1
c  2405   -1   2454   1
c  2405   -1   2403   1
c  2404   -1   2406   1
c  2404   -1   2355   1
c  2353   -1   2302   1
c  2353   -1   2301   1
c  2407   -1   2458   1
c  2407   -1   2456   1
c  2458   -1   2357   1
c  2460   -1   2411   1
c  2411   -1   2362   1
c  2411   -1   2413   1
c  2316   -1   2265   1
c  2316   -1   2367   1
c  2364   -1   2415   1
c  2364   -1   2315   1
c  2319   -1   2264   1
c  2319   -1   2315   1
c  2317   -1   2268   1
c  2317   -1   2265   1
c  2408   -1   2457   1
c  2408   -1   2459   1
c  2412   -1   2363   1
c  2412   -1   2311   1
c  2414   -1   2365   1
c  2414   -1   2366   1
c  2462   -1   2363   1
c  2415   -1   2366   1
c  2415   -1   2413   1
c  2463   -1   2465   1
c  2463   -1   2415   1
c  2465   -1   2416   1
c  2465   -1   2413   1
c  2461   -1   2412   1
c  2318   -1   2367   1
c  2318   -1   2366   1
c  2324   -1   2373   1
c  2324   -1   2424   1
c  2366   -1   2317   1
c  2366   -1   2417   1
c  1923   -1   1972   1
c  1923   -1   2022   1
c  1825   -1   1874   1
c  1825   -1   1924   1
c  1826   -1   1875   1
c  1826   -1   1828   1
c  1827   -1   1825   1
c  1827   -1   1727   1
c  1778   -1   1829   1
c  1778   -1   1928   1
c  1876   -1   1927   1
c  1876   -1   2076   1
c  1927   -1   1875   1
c  1878   -1   1829   1
c  1878   -1   1827   1
c  1874   -1   1925   1
c  1874   -1   1877   1
c  1730   -1   1678   1
c  1288   -1   1239   1
c  1288   -1   1286   1
c  1388   -1   1288   1
c  1388   -1   1237   1
c  1339   -1   1288   1
c  1339   -1   1239   1
c  1387   -1   1438   1
c  1387   -1   1338   1
c  1289   -1   1338   1
c  1289   -1   1337   1
c  1438   -1   1338   1
c  1389   -1   1338   1
c  1389   -1   1189   1
c  1340   -1   1291   1
c  1340   -1   1391   1
c  1238   -1   1289   1
c  1238   -1   1287   1
c  1239   -1   1290   1
c  1239   -1   1391   1
c  1583   -1   1532   1
c  1583   -1   1581   1
c  1783   -1   1732   1
c  1783   -1   1581   1
c  1779   -1   1828   1
c  1779   -1   1927   1
c  1732   -1   1781   1
c  1633   -1   1585   1
c  1683   -1   1783   1
c  1781   -1   1783   1
c  1781   -1   1682   1
c  1684   -1   1682   1
c  1684   -1   1584   1
c  1733   -1   1735   1
c  1487   -1   1538   1
c  1487   -1   1739   1
c  1536   -1   1584   1
c  1536   -1   1435   1
c  1486   -1   1537   1
c  1486   -1   1535   1
c  1437   -1   1486   1
c  1437   -1   1536   1
c  1634   -1   1585   1
c  1634   -1   1685   1
c  1635   -1   1684   1
c  1586   -1   1686   1
c  1586   -1   1486   1
c  1780   -1   1731   1
c  1780   -1   1831   1
c  1782   -1   1731   1
c  1782   -1   1730   1
c  1833   -1   1835   1
c  1833   -1   1884   1
c  494   -1   545   1
c  494   -1   443   1
c  543   -1   494   1
c  543   -1   643   1
c  594   -1   643   1
c  594   -1   645   1
c  545   -1   543   1
c  545   -1   547   1
c  495   -1   544   1
c  495   -1   543   1
c  595   -1   544   1
c  595   -1   547   1
c  294   -1   345   1
c  294   -1   347   1
c  345   -1   394   1
c  245   -1   145   1
c  245   -1   196   1
c  395   -1   397   1
c  395   -1   347   1
c  445   -1   396   1
c  445   -1   394   1
c  197   -1   146   1
c  1043   -1   994   1
c  1043   -1   893   1
c  1044   -1   944   1
c  994   -1   943   1
c  994   -1   992   1
c  894   -1   845   1
c  894   -1   992   1
c  943   -1   945   1
c  943   -1   895   1
c  944   -1   844   1
c  944   -1   892   1
c  995   -1   944   1
c  995   -1   894   1
c  794   -1   894   1
c  794   -1   845   1
c  745   -1   796   1
c  745   -1   944   1
c  694   -1   696   1
c  694   -1   745   1
c  795   -1   744   1
c  795   -1   846   1
c  644   -1   695   1
c  644   -1   745   1
c  893   -1   944   1
c  893   -1   945   1
c  845   -1   745   1
c  845   -1   746   1
c  846   -1   844   1
c  846   -1   895   1
c  1240   -1   1291   1
c  1240   -1   1289   1
c  1241   -1   1292   1
c  1243   -1   1245   1
c  1243   -1   1341   1
c  1195   -1   1244   1
c  1145   -1   1147   1
c  1245   -1   1296   1
c  1245   -1   1396   1
c  1095   -1   1044   1
c  1095   -1   997   1
c  1242   -1   1291   1
c  1242   -1   1293   1
c  1292   -1   1192   1
c  1292   -1   1392   1
c  1294   -1   1245   1
c  1294   -1   1343   1
c  1246   -1   1195   1
c  1246   -1   1244   1
c  296   -1   245   1
c  196   -1   200   1
c  147   -1   198   1
c  147   -1   199   1
c  97   -1   48   1
c  97   -1   196   1
c  48   -1   198   1
c  48   -1   197   1
c  98   -1   49   1
c  149   -1   200   1
c  148   -1   199   1
c  148   -1   197   1
c  2301   -1   2352   1
c  2301   -1   2253   1
c  2352   -1   2252   1
c  2351   -1   2402   1
c  2351   -1   2302   1
c  2268   -1   2270   1
c  2268   -1   2368   1
c  2269   -1   2369   1
c  2269   -1   2370   1
c  2220   -1   2269   1
c  2220   -1   2320   1
c  2222   -1   2271   1
c  2222   -1   2174   1
c  2171   -1   2225   1
c  2173   -1   2222   1
c  2173   -1   2175   1
c  1924   -1   2024   1
c  1924   -1   2075   1
c  1974   -1   1976   1
c  1974   -1   2025   1
c  2172   -1   2221   1
c  2172   -1   2220   1
c  2074   -1   2076   1
c  2074   -1   2176   1
c  2124   -1   2173   1
c  2124   -1   2175   1
c  2223   -1   2321   1
c  2223   -1   2371   1
c  1975   -1   2024   1
c  1975   -1   2023   1
c  2457   -1   2459   1
c  2406   -1   2408   1
c  2406   -1   2457   1
c  2455   -1   2404   1
c  2455   -1   2406   1
c  2454   -1   2406   1
c  2403   -1   2452   1
c  2403   -1   2454   1
c  2402   -1   2453   1
c  2402   -1   2353   1
c  2453   -1   2353   1
c  2456   -1   2458   1
c  2416   -1   2365   1
c  2416   -1   2316   1
c  2367   -1   2268   1
c  2369   -1   2420   1
c  2369   -1   2317   1
c  2320   -1   2371   1
c  2320   -1   2472   1
c  2368   -1   2319   1
c  2368   -1   2320   1
c  2464   -1   2415   1
c  2464   -1   2416   1
c  2417   -1   2466   1
c  2417   -1   2415   1
c  2466   -1   2366   1
c  2274   -1   2325   1
c  2274   -1   2375   1
c  2323   -1   2272   1
c  2323   -1   2274   1
c  2374   -1   2323   1
c  2374   -1   2273   1
c  2325   -1   2425   1
c  2325   -1   2424   1
c  2275   -1   2324   1
c  2275   -1   2375   1
c  2373   -1   2424   1
c  2424   -1   2475   1
c  1926   -1   1875   1
c  1926   -1   1923   1
c  1875   -1   1975   1
c  1828   -1   1879   1
c  1829   -1   1880   1
c  1829   -1   1931   1
c  1928   -1   1979   1
c  1928   -1   1879   1
c  2076   -1   2127   1
c  2076   -1   2176   1
c  1977   -1   1926   1
c  1977   -1   2028   1
c  1976   -1   1978   1
c  1976   -1   1927   1
c  2027   -1   1927   1
c  2027   -1   1878   1
c  1879   -1   1830   1
c  1925   -1   1974   1
c  1290   -1   1339   1
c  1290   -1   1292   1
c  1390   -1   1439   1
c  1390   -1   1339   1
c  1488   -1   1537   1
c  1488   -1   1486   1
c  1439   -1   1490   1
c  1439   -1   1488   1
c  1440   -1   1389   1
c  1440   -1   1391   1
c  1490   -1   1389   1
c  1341   -1   1392   1
c  1341   -1   1292   1
c  1291   -1   1391   1
c  1291   -1   1392   1
c  1391   -1   1442   1
c  1391   -1   1292   1
c  1784   -1   1733   1
c  1784   -1   1735   1
c  1831   -1   1882   1
c  1831   -1   1880   1
c  1830   -1   1781   1
c  1830   -1   1782   1
c  1881   -1   1832   1
c  1881   -1   1781   1
c  1734   -1   1785   1
c  1685   -1   1736   1
c  1685   -1   1734   1
c  1735   -1   1836   1
c  1735   -1   1837   1
c  1537   -1   1586   1
c  1537   -1   1588   1
c  1538   -1   1589   1
c  1538   -1   1540   1
c  1739   -1   1788   1
c  1739   -1   1787   1
c  1587   -1   1536   1
c  1587   -1   1636   1
c  1637   -1   1537   1
c  1637   -1   1536   1
c  1636   -1   1736   1
c  1636   -1   1737   1
c  1686   -1   1635   1
c  1686   -1   1637   1
c  1588   -1   1586   1
c  1832   -1   1883   1
c  1832   -1   1932   1
c  1883   -1   1934   1
c  1883   -1   1935   1
c  1834   -1   1785   1
c  1834   -1   1832   1
c  1933   -1   1833   1
c  1934   -1   1833   1
c  1835   -1   1784   1
c  1835   -1   1786   1
c  1884   -1   1882   1
c  1884   -1   1932   1
c  645   -1   796   1
c  546   -1   597   1
c  546   -1   647   1
c  496   -1   545   1
c  496   -1   445   1
c  547   -1   447   1
c  547   -1   596   1
c  446   -1   495   1
c  446   -1   497   1
c  396   -1   496   1
c  396   -1   495   1
c  397   -1   495   1
c  596   -1   496   1
c  596   -1   495   1
c  695   -1   746   1
c  695   -1   595   1
c  347   -1   349   1
c  347   -1   296   1
c  346   -1   397   1
c  346   -1   348   1
c  246   -1   197   1
c  246   -1   298   1
c  247   -1   198   1
c  247   -1   296   1
c  198   -1   98   1
c  198   -1   149   1
c  248   -1   197   1
c  248   -1   246   1
c  49   -1   100   1
c  49   -1   197   1
c  1045   -1   1096   1
c  895   -1   796   1
c  945   -1   894   1
c  945   -1   996   1
c  996   -1   1045   1
c  1046   -1   995   1
c  1046   -1   1097   1
c  947   -1   945   1
c  947   -1   995   1
c  746   -1   847   1
c  696   -1   647   1
c  696   -1   745   1
c  747   -1   696   1
c  747   -1   745   1
c  796   -1   798   1
c  897   -1   846   1
c  897   -1   845   1
c  896   -1   945   1
c  896   -1   996   1
c  847   -1   898   1
c  847   -1   949   1
c  1293   -1   1196   1
c  1293   -1   1198   1
c  1343   -1   1243   1
c  1196   -1   1296   1
c  1196   -1   1247   1
c  1146   -1   1195   1
c  1146   -1   1097   1
c  1096   -1   1147   1
c  1096   -1   1145   1
c  1295   -1   1246   1
c  1295   -1   1396   1
c  1247   -1   1245   1
c  1247   -1   1249   1
c  1296   -1   1247   1
c  1296   -1   1292   1
c  1396   -1   1447   1
c  1396   -1   1348   1
c  997   -1   1048   1
c  997   -1   1045   1
c  1342   -1   1393   1
c  1342   -1   1291   1
c  1392   -1   1492   1
c  1392   -1   1443   1
c  1344   -1   1444   1
c  1344   -1   1445   1
c  1197   -1   1246   1
c  1197   -1   1149   1
c  297   -1   346   1
c  297   -1   248   1
c  298   -1   347   1
c  298   -1   296   1
c  200   -1   198   1
c  150   -1   148   1
c  150   -1   147   1
c  199   -1   150   1
c  199   -1   250   1
c  99   -1   48   1
c  99   -1   148   1
c  50   -1   48   1
c  50   -1   99   1
c  249   -1   198   1
c  249   -1   98   1
c  100   -1   149   1
c  100   -1   199   1
c  2401   -1   2452   1
c  2401   -1   2352   1
c  2270   -1   2321   1
c  2270   -1   2421   1
c  2370   -1   2421   1
c  2370   -1   2422   1
c  2221   -1   2272   1
c  2221   -1   2322   1
c  2272   -1   2224   1
c  2271   -1   2322   1
c  2271   -1   2274   1
c  2174   -1   2125   1
c  2174   -1   2126   1
c  2225   -1   2176   1
c  2225   -1   2174   1
c  2224   -1   2173   1
c  2224   -1   2275   1
c  2175   -1   2075   1
c  2175   -1   2126   1
c  2075   -1   2127   1
c  2075   -1   2128   1
c  2025   -1   1976   1
c  2025   -1   1925   1
c  2125   -1   2074   1
c  2125   -1   2024   1
c  2176   -1   2178   1
c  2176   -1   2227   1
c  2273   -1   2322   1
c  2273   -1   2372   1
c  2321   -1   2272   1
c  2321   -1   2421   1
c  2371   -1   2322   1
c  2371   -1   2323   1
c  2026   -1   1975   1
c  2026   -1   1925   1
c  2452   -1   2454   1
c  2451   -1   2453   1
c  2451   -1   2403   1
c  2467   -1   2416   1
c  2467   -1   2367   1
c  2419   -1   2468   1
c  2419   -1   2467   1
c  2418   -1   2369   1
c  2418   -1   2469   1
c  2469   -1   2369   1
c  2469   -1   2368   1
c  2471   -1   2469   1
c  2471   -1   2369   1
c  2420   -1   2471   1
c  2472   -1   2421   1
c  2472   -1   2424   1
c  2468   -1   2470   1
c  2468   -1   2368   1
c  2375   -1   2474   1
c  2322   -1   2373   1
c  2425   -1   2373   1
c  2425   -1   2323   1
c  2474   -1   2374   1
c  2474   -1   2425   1
c  2326   -1   2375   1
c  2276   -1   2225   1
c  2276   -1   2224   1
c  2277   -1   2275   1
c  2277   -1   2326   1
c  2372   -1   2423   1
c  2372   -1   2424   1
c  2423   -1   2472   1
c  2423   -1   2471   1
c  2473   -1   2424   1
c  2473   -1   2422   1
c  2376   -1   2425   1
c  2376   -1   2424   1
c  2475   -1   2426   1
c  2475   -1   2477   1
c  2029   -1   2129   1
c  2029   -1   1926   1
c  1980   -1   1829   1
c  1931   -1   1980   1
c  1931   -1   2031   1
c  1978   -1   2027   1
c  1978   -1   2078   1
c  1929   -1   1978   1
c  1929   -1   2029   1
c  1979   -1   1977   1
c  1979   -1   2030   1
c  2126   -1   2128   1
c  2126   -1   2226   1
c  2077   -1   2030   1
c  2077   -1   2131   1
c  2127   -1   2176   1
c  2028   -1   2077   1
c  2028   -1   2127   1
c  1441   -1   1439   1
c  1441   -1   1390   1
c  1489   -1   1440   1
c  1489   -1   1538   1
c  1540   -1   1591   1
c  1540   -1   1592   1
c  1491   -1   1489   1
c  1491   -1   1540   1
c  1442   -1   1342   1
c  1442   -1   1343   1
c  1785   -1   1685   1
c  1882   -1   1933   1
c  1882   -1   1983   1
c  1736   -1   1687   1
c  1736   -1   1787   1
c  1786   -1   1737   1
c  1786   -1   1735   1
c  1836   -1   1887   1
c  1836   -1   1888   1
c  1837   -1   1786   1
c  1837   -1   1736   1
c  1539   -1   1541   1
c  1539   -1   1639   1
c  1589   -1   1640   1
c  1589   -1   1638   1
c  1689   -1   1640   1
c  1689   -1   1638   1
c  1738   -1   1689   1
c  1738   -1   1639   1
c  1789   -1   1738   1
c  1789   -1   1791   1
c  1740   -1   1840   1
c  1740   -1   1789   1
c  1737   -1   1739   1
c  1737   -1   1791   1
c  1688   -1   1739   1
c  1688   -1   1691   1
c  1937   -1   1988   1
c  1937   -1   1739   1
c  1788   -1   1790   1
c  1788   -1   1837   1
c  1787   -1   1687   1
c  1687   -1   1587   1
c  1687   -1   1689   1
c  1638   -1   1641   1
c  1638   -1   1541   1
c  1932   -1   1883   1
c  1932   -1   1983   1
c  1935   -1   2085   1
c  1935   -1   2084   1
c  1885   -1   1834   1
c  1885   -1   1785   1
c  1983   -1   2032   1
c  1983   -1   2082   1
c  1982   -1   1984   1
c  1982   -1   1933   1
c  1984   -1   1933   1
c  1984   -1   2033   1
c  1985   -1   2034   1
c  1985   -1   1934   1
c  1886   -1   1935   1
c  1886   -1   1835   1
c  1887   -1   1935   1
c  1887   -1   1884   1
c  646   -1   597   1
c  646   -1   698   1
c  597   -1   648   1
c  597   -1   599   1
c  647   -1   598   1
c  647   -1   497   1
c  497   -1   448   1
c  497   -1   398   1
c  447   -1   449   1
c  447   -1   496   1
c  548   -1   499   1
c  548   -1   500   1
c  448   -1   548   1
c  448   -1   547   1
c  549   -1   397   1
c  549   -1   446   1
c  398   -1   447   1
c  398   -1   449   1
c  598   -1   600   1
c  598   -1   596   1
c  348   -1   399   1
c  348   -1   598   1
c  299   -1   348   1
c  299   -1   347   1
c  349   -1   298   1
c  349   -1   198   1
c  946   -1   895   1
c  946   -1   997   1
c  1047   -1   1096   1
c  1047   -1   1098   1
c  1100   -1   1149   1
c  1100   -1   1046   1
c  1097   -1   997   1
c  948   -1   849   1
c  1049   -1   997   1
c  1049   -1   947   1
c  697   -1   748   1
c  697   -1   798   1
c  797   -1   799   1
c  797   -1   748   1
c  748   -1   699   1
c  748   -1   700   1
c  798   -1   698   1
c  798   -1   699   1
c  898   -1   900   1
c  898   -1   999   1
c  848   -1   897   1
c  848   -1   948   1
c  949   -1   998   1
c  949   -1   898   1
c  1198   -1   1297   1
c  1198   -1   1299   1
c  1393   -1   1493   1
c  1393   -1   1492   1
c  1148   -1   1197   1
c  1148   -1   1196   1
c  1050   -1   1149   1
c  1050   -1   1147   1
c  1348   -1   1299   1
c  1348   -1   1147   1
c  1345   -1   1396   1
c  1345   -1   1448   1
c  1297   -1   1346   1
c  1297   -1   1200   1
c  1248   -1   1199   1
c  1248   -1   1297   1
c  1249   -1   1300   1
c  1249   -1   1350   1
c  1346   -1   1298   1
c  1395   -1   1346   1
c  1395   -1   1499   1
c  1446   -1   1395   1
c  1397   -1   1446   1
c  1397   -1   1445   1
c  1394   -1   1396   1
c  1394   -1   1447   1
c  1445   -1   1494   1
c  1445   -1   1396   1
c  1444   -1   1493   1
c  1444   -1   1396   1
c  1347   -1   1396   1
c  1347   -1   1344   1
c  1496   -1   1445   1
c  1496   -1   1396   1
c  1447   -1   1498   1
c  1447   -1   1496   1
c  998   -1   898   1
c  998   -1   899   1
c  1048   -1   1099   1
c  1048   -1   1097   1
c  1492   -1   1494   1
c  1492   -1   1444   1
c  1443   -1   1494   1
c  1443   -1   1445   1
c  1149   -1   1200   1
c  250   -1   350   1
c  250   -1   349   1
c  449   -1   349   1
c  449   -1   199   1
c  300   -1   249   1
c  300   -1   349   1
c  2421   -1   2272   1
c  2422   -1   2371   1
c  2422   -1   2471   1
c  2177   -1   2228   1
c  2177   -1   2271   1
c  2226   -1   2175   1
c  2128   -1   2077   1
c  2178   -1   2129   1
c  2178   -1   2127   1
c  2227   -1   2276   1
c  2470   -1   2419   1
c  2426   -1   2326   1
c  2426   -1   2377   1
c  2476   -1   2425   1
c  2476   -1   2474   1
c  2327   -1   2376   1
c  2327   -1   2425   1
c  2478   -1   2427   1
c  2478   -1   2425   1
c  2477   -1   2474   1
c  2377   -1   2326   1
c  2377   -1   2328   1
c  2278   -1   2327   1
c  2278   -1   2326   1
c  2427   -1   2376   1
c  2427   -1   2378   1
c  2079   -1   2128   1
c  2079   -1   1979   1
c  2030   -1   1981   1
c  2078   -1   2029   1
c  2078   -1   1979   1
c  2129   -1   2080   1
c  2129   -1   2082   1
c  1930   -1   1981   1
c  1930   -1   2031   1
c  1981   -1   1929   1
c  2031   -1   2080   1
c  2031   -1   2082   1
c  2080   -1   2078   1
c  2080   -1   2077   1
c  2131   -1   2231   1
c  2131   -1   2182   1
c  1590   -1   1541   1
c  1590   -1   1641   1
c  1541   -1   1543   1
c  1541   -1   1593   1
c  1591   -1   1642   1
c  1591   -1   1691   1
c  1592   -1   1641   1
c  1592   -1   1640   1
c  1494   -1   1442   1
c  1838   -1   1787   1
c  1838   -1   1786   1
c  1888   -1   1937   1
c  1888   -1   1839   1
c  1639   -1   1641   1
c  1639   -1   1642   1
c  1640   -1   1691   1
c  1640   -1   1591   1
c  1690   -1   1641   1
c  1690   -1   1642   1
c  1839   -1   1788   1
c  1839   -1   1890   1
c  1790   -1   1839   1
c  1889   -1   1789   1
c  1889   -1   1838   1
c  1840   -1   1789   1
c  1840   -1   1791   1
c  1791   -1   1740   1
c  1791   -1   1891   1
c  1741   -1   1640   1
c  1691   -1   1740   1
c  1936   -1   1887   1
c  1936   -1   1838   1
c  1987   -1   1938   1
c  1987   -1   1936   1
c  1938   -1   2040   1
c  1938   -1   2090   1
c  1988   -1   1990   1
c  1988   -1   1940   1
c  1641   -1   1541   1
c  1986   -1   1935   1
c  1986   -1   1984   1
c  2085   -1   2134   1
c  2085   -1   2184   1
c  2084   -1   2033   1
c  2084   -1   1984   1
c  2033   -1   2031   1
c  2033   -1   2030   1
c  2032   -1   2030   1
c  2032   -1   2081   1
c  2082   -1   2133   1
c  2082   -1   2033   1
c  2034   -1   1986   1
c  2035   -1   2084   1
c  2035   -1   2086   1
c  698   -1   647   1
c  698   -1   649   1
c  648   -1   600   1
c  599   -1   648   1
c  599   -1   798   1
c  498   -1   449   1
c  498   -1   447   1
c  499   -1   450   1
c  500   -1   549   1
c  500   -1   600   1
c  399   -1   499   1
c  399   -1   448   1
c  550   -1   499   1
c  550   -1   449   1
c  700   -1   549   1
c  400   -1   349   1
c  400   -1   398   1
c  600   -1   649   1
c  600   -1   449   1
c  350   -1   348   1
c  350   -1   399   1
c  450   -1   399   1
c  450   -1   349   1
c  1098   -1   1149   1
c  1099   -1   1050   1
c  1150   -1   1199   1
c  1150   -1   1249   1
c  1000   -1   1100   1
c  1000   -1   1049   1
c  1200   -1   1100   1
c  1200   -1   1099   1
c  999   -1   948   1
c  849   -1   900   1
c  849   -1   898   1
c  950   -1   999   1
c  950   -1   1049   1
c  799   -1   748   1
c  799   -1   698   1
c  749   -1   798   1
c  749   -1   848   1
c  699   -1   750   1
c  699   -1   799   1
c  899   -1   950   1
c  900   -1   949   1
c  1199   -1   1099   1
c  1299   -1   1248   1
c  1493   -1   1542   1
c  1493   -1   1591   1
c  1298   -1   1300   1
c  1298   -1   1349   1
c  1398   -1   1347   1
c  1398   -1   1500   1
c  1349   -1   1398   1
c  1399   -1   1348   1
c  1399   -1   1450   1
c  1300   -1   1349   1
c  1300   -1   1348   1
c  1448   -1   1497   1
c  1448   -1   1499   1
c  1250   -1   1199   1
c  1250   -1   1299   1
c  1350   -1   1399   1
c  1350   -1   1449   1
c  1499   -1   1548   1
c  1497   -1   1446   1
c  1497   -1   1397   1
c  1495   -1   1498   1
c  1495   -1   1642   1
c  1400   -1   1349   1
c  1400   -1   1347   1
c  1546   -1   1548   1
c  1546   -1   1543   1
c  1598   -1   1647   1
c  1598   -1   1496   1
c  1498   -1   1398   1
c  1498   -1   1449   1
c  1542   -1   1544   1
c  1543   -1   1492   1
c  1543   -1   1641   1
c  2228   -1   2226   1
c  2179   -1   2128   1
c  2179   -1   2079   1
c  2428   -1   2426   1
c  2428   -1   2377   1
c  2328   -1   2330   1
c  2328   -1   2379   1
c  2479   -1   2428   1
c  2479   -1   2477   1
c  2431   -1   2480   1
c  2431   -1   2478   1
c  2378   -1   2430   1
c  2378   -1   2434   1
c  2279   -1   2281   1
c  2279   -1   2331   1
c  2229   -1   2278   1
c  2329   -1   2278   1
c  2329   -1   2229   1
c  2429   -1   2378   1
c  2429   -1   2427   1
c  2130   -1   2079   1
c  2180   -1   2229   1
c  2180   -1   2129   1
c  2232   -1   2130   1
c  2232   -1   2129   1
c  2081   -1   1981   1
c  2081   -1   2130   1
c  2181   -1   2232   1
c  2181   -1   2133   1
c  2132   -1   2181   1
c  2132   -1   2180   1
c  2231   -1   2280   1
c  2231   -1   2330   1
c  2182   -1   2231   1
c  2182   -1   2133   1
c  1593   -1   1493   1
c  1593   -1   1642   1
c  1642   -1   1693   1
c  1643   -1   1592   1
c  1643   -1   1542   1
c  1544   -1   1595   1
c  1544   -1   1546   1
c  1939   -1   1888   1
c  1941   -1   1990   1
c  1941   -1   1888   1
c  1890   -1   1939   1
c  1890   -1   1988   1
c  1841   -1   1790   1
c  1841   -1   1741   1
c  1792   -1   1843   1
c  1792   -1   1743   1
c  1842   -1   1791   1
c  1842   -1   1891   1
c  1891   -1   1991   1
c  1891   -1   2040   1
c  1742   -1   1841   1
c  1692   -1   1641   1
c  1692   -1   1741   1
c  1892   -1   1843   1
c  1892   -1   1741   1
c  2037   -1   1986   1
c  2037   -1   2085   1
c  2038   -1   1987   1
c  2038   -1   2187   1
c  1940   -1   1938   1
c  1940   -1   1989   1
c  2040   -1   2089   1
c  2040   -1   1939   1
c  2090   -1   2141   1
c  2090   -1   2092   1
c  1989   -1   1991   1
c  1989   -1   2037   1
c  1990   -1   2038   1
c  2036   -1   2135   1
c  2036   -1   2185   1
c  2135   -1   2184   1
c  2135   -1   2234   1
c  2086   -1   2037   1
c  2136   -1   2085   1
c  2136   -1   2036   1
c  2087   -1   2136   1
c  2087   -1   2085   1
c  2134   -1   2083   1
c  2134   -1   2033   1
c  2184   -1   2235   1
c  2083   -1   2034   1
c  2083   -1   2035   1
c  2133   -1   2184   1
c  2133   -1   2135   1
c  649   -1   700   1
c  649   -1   799   1
c  650   -1   648   1
c  650   -1   699   1
c  750   -1   799   1
c  850   -1   799   1
c  850   -1   899   1
c  800   -1   849   1
c  800   -1   749   1
c  1500   -1   1549   1
c  1500   -1   1449   1
c  1449   -1   1349   1
c  1450   -1   1350   1
c  1549   -1   1498   1
c  1597   -1   1549   1
c  1597   -1   1499   1
c  1548   -1   1497   1
c  1547   -1   1549   1
c  1547   -1   1599   1
c  1545   -1   1596   1
c  1545   -1   1594   1
c  1596   -1   1598   1
c  1596   -1   1548   1
c  1648   -1   1697   1
c  1648   -1   1596   1
c  1599   -1   1648   1
c  1599   -1   1698   1
c  1600   -1   1549   1
c  1600   -1   1598   1
c  1647   -1   1698   1
c  1647   -1   1696   1
c  2330   -1   2279   1
c  2330   -1   2379   1
c  2379   -1   2279   1
c  2480   -1   2432   1
c  2381   -1   2430   1
c  2381   -1   2429   1
c  2430   -1   2379   1
c  2481   -1   2430   1
c  2481   -1   2429   1
c  2432   -1   2483   1
c  2432   -1   2381   1
c  2380   -1   2480   1
c  2380   -1   2431   1
c  2235   -1   2286   1
c  2235   -1   2431   1
c  2434   -1   2436   1
c  2280   -1   2329   1
c  2280   -1   2379   1
c  2230   -1   2279   1
c  2230   -1   2281   1
c  2281   -1   2283   1
c  2281   -1   2233   1
c  2331   -1   2282   1
c  2331   -1   2232   1
c  2282   -1   2231   1
c  2282   -1   2382   1
c  2233   -1   2182   1
c  2233   -1   2133   1
c  2183   -1   2234   1
c  2183   -1   2284   1
c  1594   -1   1643   1
c  1594   -1   1642   1
c  1595   -1   1593   1
c  1595   -1   1646   1
c  1644   -1   1544   1
c  1644   -1   1642   1
c  1693   -1   1742   1
c  1693   -1   1792   1
c  1695   -1   1746   1
c  1695   -1   1643   1
c  1991   -1   1942   1
c  1991   -1   1892   1
c  1942   -1   1891   1
c  1942   -1   1890   1
c  2092   -1   1991   1
c  2092   -1   1941   1
c  1843   -1   1841   1
c  1793   -1   1744   1
c  1793   -1   1742   1
c  1743   -1   1794   1
c  1743   -1   1844   1
c  1794   -1   1845   1
c  1794   -1   1842   1
c  1744   -1   1693   1
c  1744   -1   1692   1
c  1893   -1   1944   1
c  1893   -1   1994   1
c  1944   -1   1892   1
c  2088   -1   2188   1
c  2088   -1   2137   1
c  2039   -1   2088   1
c  2039   -1   2087   1
c  2187   -1   2185   1
c  2187   -1   2238   1
c  2041   -1   1990   1
c  2041   -1   2039   1
c  2089   -1   1989   1
c  2140   -1   2191   1
c  2091   -1   2142   1
c  2091   -1   2140   1
c  2139   -1   2090   1
c  2139   -1   2088   1
c  2093   -1   2091   1
c  2093   -1   2090   1
c  2141   -1   2092   1
c  2141   -1   2093   1
c  2185   -1   2134   1
c  2185   -1   2234   1
c  2234   -1   2334   1
c  2234   -1   2285   1
c  2186   -1   2237   1
c  2186   -1   2238   1
c  2137   -1   2237   1
c  2137   -1   2186   1
c  2237   -1   2136   1
c  2138   -1   2189   1
c  2138   -1   2087   1
c  2334   -1   2184   1
c  1550   -1   1548   1
c  1550   -1   1450   1
c  1649   -1   1549   1
c  1649   -1   1600   1
c  1646   -1   1597   1
c  1646   -1   1648   1
c  1645   -1   1647   1
c  1645   -1   1596   1
c  1698   -1   1700   1
c  1698   -1   1650   1
c  1747   -1   1796   1
c  1747   -1   1648   1
c  1699   -1   1648   1
c  1697   -1   1745   1
c  1697   -1   1796   1
c  1650   -1   1599   1
c  1650   -1   1699   1
c  1750   -1   1748   1
c  1750   -1   1600   1
c  1746   -1   1697   1
c  1746   -1   1647   1
c  1696   -1   1747   1
c  1696   -1   1748   1
c  2382   -1   2333   1
c  2382   -1   2380   1
c  2482   -1   2433   1
c  2482   -1   2381   1
c  2433   -1   2382   1
c  2433   -1   2333   1
c  2333   -1   2432   1
c  2483   -1   2434   1
c  2285   -1   2385   1
c  2285   -1   2287   1
c  2236   -1   2285   1
c  2236   -1   2287   1
c  2286   -1   2335   1
c  2286   -1   2337   1
c  2384   -1   2484   1
c  2384   -1   2435   1
c  2484   -1   2486   1
c  2484   -1   2435   1
c  2435   -1   2486   1
c  2435   -1   2437   1
c  2383   -1   2434   1
c  2383   -1   2385   1
c  2436   -1   2438   1
c  2436   -1   2441   1
c  2283   -1   2234   1
c  2283   -1   2332   1
c  2332   -1   2233   1
c  2284   -1   2333   1
c  2284   -1   2335   1
c  1694   -1   1645   1
c  1694   -1   1646   1
c  1745   -1   1845   1
c  1745   -1   1844   1
c  1992   -1   2043   1
c  1992   -1   2041   1
c  1943   -1   1894   1
c  1943   -1   1945   1
c  2042   -1   1993   1
c  2042   -1   1943   1
c  2142   -1   2042   1
c  2142   -1   2041   1
c  1844   -1   1893   1
c  1844   -1   1744   1
c  1795   -1   1846   1
c  1795   -1   1896   1
c  1845   -1   1945   1
c  1894   -1   1845   1
c  1894   -1   1846   1
c  1994   -1   2094   1
c  1994   -1   2144   1
c  1945   -1   1896   1
c  1945   -1   1947   1
c  2188   -1   2139   1
c  2188   -1   2140   1
c  2238   -1   2289   1
c  2238   -1   2290   1
c  2189   -1   2240   1
c  2189   -1   2089   1
c  2190   -1   2239   1
c  2190   -1   2241   1
c  2191   -1   2242   1
c  2191   -1   2091   1
c  2043   -1   1994   1
c  2143   -1   2194   1
c  2143   -1   2244   1
c  2094   -1   2145   1
c  2094   -1   2143   1
c  2193   -1   2144   1
c  2193   -1   2093   1
c  2144   -1   2093   1
c  2144   -1   2095   1
c  2287   -1   2336   1
c  2239   -1   2138   1
c  2335   -1   2384   1
c  2335   -1   2386   1
c  2485   -1   2436   1
c  2485   -1   2334   1
c  1700   -1   1649   1
c  1700   -1   1748   1
c  1748   -1   1697   1
c  1797   -1   1748   1
c  1797   -1   1846   1
c  1749   -1   1747   1
c  1749   -1   1798   1
c  1796   -1   1748   1
c  1796   -1   1699   1
c  1798   -1   1697   1
c  1798   -1   1900   1
c  1800   -1   1749   1
c  1800   -1   1700   1
c  1799   -1   1750   1
c  1799   -1   1898   1
c  2385   -1   2436   1
c  2336   -1   2385   1
c  2336   -1   2284   1
c  2337   -1   2388   1
c  2337   -1   2437   1
c  2486   -1   2386   1
c  2486   -1   2389   1
c  2437   -1   2386   1
c  2437   -1   2486   1
c  2386   -1   2337   1
c  2386   -1   2487   1
c  2387   -1   2438   1
c  2387   -1   2436   1
c  2489   -1   2436   1
c  2438   -1   2489   1
c  2438   -1   2389   1
c  2441   -1   2439   1
c  2441   -1   2388   1
c  1993   -1   2044   1
c  1993   -1   2094   1
c  2192   -1   2243   1
c  2192   -1   2292   1
c  1846   -1   1895   1
c  1846   -1   1897   1
c  1896   -1   1993   1
c  1896   -1   1947   1
c  1895   -1   1898   1
c  1895   -1   1847   1
c  2044   -1   1995   1
c  1995   -1   2095   1
c  2045   -1   2096   1
c  2045   -1   1994   1
c  1946   -1   1995   1
c  1946   -1   1994   1
c  1947   -1   1898   1
c  1947   -1   1848   1
c  2288   -1   2388   1
c  2288   -1   2389   1
c  2289   -1   2291   1
c  2290   -1   2341   1
c  2290   -1   2391   1
c  2240   -1   2291   1
c  2240   -1   2341   1
c  2241   -1   2290   1
c  2242   -1   2291   1
c  2242   -1   2293   1
c  2145   -1   2143   1
c  2194   -1   2094   1
c  2194   -1   2044   1
c  2244   -1   2144   1
c  2244   -1   2195   1
c  2095   -1   2044   1
c  2095   -1   2046   1
c  2146   -1   2144   1
c  2146   -1   2094   1
c  2243   -1   2294   1
c  2243   -1   1995   1
c  2338   -1   2239   1
c  2338   -1   2487   1
c  2389   -1   2338   1
c  2389   -1   2239   1
c  2391   -1   2239   1
c  2391   -1   2288   1
c  1847   -1   1898   1
c  1847   -1   1849   1
c  1848   -1   1948   1
c  1848   -1   1950   1
c  1900   -1   1800   1
c  1850   -1   1899   1
c  1850   -1   1799   1
c  1849   -1   1900   1
c  1849   -1   1949   1
c  1898   -1   1896   1
c  2388   -1   2488   1
c  2388   -1   2489   1
c  2487   -1   2438   1
c  2487   -1   2489   1
c  2339   -1   2388   1
c  2339   -1   2387   1
c  2439   -1   2490   1
c  2439   -1   2488   1
c  2488   -1   2389   1
c  2490   -1   2438   1
c  2440   -1   2389   1
c  2440   -1   2391   1
c  2491   -1   2341   1
c  2491   -1   2340   1
c  2442   -1   2491   1
c  2442   -1   2490   1
c  2390   -1   2441   1
c  2390   -1   2341   1
c  2392   -1   2441   1
c  2392   -1   2291   1
c  2492   -1   2490   1
c  2492   -1   2441   1
c  2292   -1   2290   1
c  2292   -1   2340   1
c  1897   -1   1899   1
c  1897   -1   1900   1
c  1996   -1   2045   1
c  1996   -1   1948   1
c  2046   -1   1995   1
c  2046   -1   2097   1
c  2096   -1   2145   1
c  1997   -1   1946   1
c  1997   -1   2048   1
c  1948   -1   1899   1
c  1948   -1   1999   1
c  2340   -1   2291   1
c  2340   -1   2289   1
c  2291   -1   2339   1
c  2342   -1   2291   1
c  2342   -1   2290   1
c  2341   -1   2392   1
c  2341   -1   2292   1
c  2293   -1   2396   1
c  2293   -1   2496   1
c  2195   -1   2295   1
c  2195   -1   2296   1
c  2196   -1   2147   1
c  2196   -1   2145   1
c  2294   -1   2343   1
c  2294   -1   2245   1
c  2245   -1   2247   1
c  2245   -1   2297   1
c  2147   -1   2095   1
c  1950   -1   1897   1
c  1950   -1   1847   1
c  1899   -1   1998   1
c  1949   -1   2000   1
c  1949   -1   2050   1
c  2443   -1   2392   1
c  2443   -1   2492   1
c  2393   -1   2493   1
c  2393   -1   2342   1
c  2493   -1   2394   1
c  2047   -1   2096   1
c  2047   -1   1996   1
c  2048   -1   2097   1
c  2048   -1   2046   1
c  2097   -1   2148   1
c  1998   -1   1949   1
c  1998   -1   2049   1
c  1999   -1   2048   1
c  1999   -1   2050   1
c  2343   -1   2394   1
c  2343   -1   2291   1
c  2396   -1   2496   1
c  2396   -1   2495   1
c  2496   -1   2447   1
c  2496   -1   2498   1
c  2295   -1   2395   1
c  2295   -1   2396   1
c  2296   -1   2298   1
c  2296   -1   2345   1
c  2246   -1   2295   1
c  2246   -1   2346   1
c  2197   -1   2297   1
c  2197   -1   2248   1
c  2344   -1   2393   1
c  2344   -1   2346   1
c  2345   -1   2294   1
c  2345   -1   2245   1
c  2346   -1   2295   1
c  2346   -1   2294   1
c  2247   -1   2296   1
c  2297   -1   2248   1
c  2297   -1   2249   1
c  2148   -1   2099   1
c  2148   -1   2246   1
c  2098   -1   2049   1
c  2098   -1   2147   1
c  2000   -1   2049   1
c  2050   -1   2099   1
c  2050   -1   2149   1
c  2444   -1   2495   1
c  2444   -1   2496   1
c  2394   -1   2443   1
c  2394   -1   2445   1
c  2494   -1   2443   1
c  2494   -1   2393   1
c  2445   -1   2443   1
c  2445   -1   2496   1
c  2100   -1   1999   1
c  2100   -1   2047   1
c  2150   -1   2250   1
c  2150   -1   2048   1
c  2099   -1   2150   1
c  2099   -1   1999   1
c  2395   -1   2344   1
c  2395   -1   2447   1
c  2446   -1   2495   1
c  2446   -1   2498   1
c  2397   -1   2497   1
c  2397   -1   2496   1
c  2447   -1   2347   1
c  2447   -1   2396   1
c  2398   -1   2396   1
c  2398   -1   2449   1
c  2495   -1   2449   1
c  2495   -1   2450   1
c  2497   -1   2446   1
c  2497   -1   2448   1
c  2498   -1   2449   1
c  2498   -1   2397   1
c  2298   -1   2247   1
c  2298   -1   2246   1
c  2198   -1   2247   1
c  2198   -1   2297   1
c  2248   -1   2299   1
c  2248   -1   2348   1
c  2347   -1   2400   1
c  2347   -1   2450   1
c  2249   -1   2300   1
c  2249   -1   2198   1
c  2149   -1   2198   1
c  2149   -1   2098   1
c  2200   -1   2300   1
c  2200   -1   2299   1
c  2250   -1   2298   1
c  2250   -1   2348   1
c  2448   -1   2399   1
c  2448   -1   2499   1
c  2348   -1   2399   1
c  2348   -1   2400   1
c  2399   -1   2350   1
c  2399   -1   2298   1
c  2350   -1   2348   1
c  2350   -1   2398   1
c  2449   -1   2349   1
c  2450   -1   2349   1
c  2450   -1   2348   1
c  2499   -1   2497   1
c  2500   -1   2498   1
c  2500   -1   2449   1
c  2299   -1   2198   1
c  2349   -1   2298   1
c  2349   -1   2248   1
c  2199   -1   2299   1
c  2199   -1   2248   1
c  2400   -1   2349   1
c  2400   -1   2449   1
c  2300   -1   2349   1
c  2300   -1   2399   1
r  1   52   103   2
c  51   -1   304   2
r  2   53   103   2
r  3   54   102   2
r  103   101   152   2
r  101   52   53   2
c  52   -1   54   2
c  53   -1   51   2
c  102   -1   254   2
c  153   -1   302   2
c  254   -1   52   2
r  55   53   154   2
r  5   7   54   2
r  6   55   54   2
r  251   202   204   2
r  203   154   304   2
r  302   204   403   2
r  154   205   206   2
c  202   -1   254   2
c  253   -1   206   2
r  57   106   55   2
r  7   59   58   2
r  301   401   402   2
r  452   305   353   2
c  402   -1   302   2
r  205   254   156   2
c  256   -1   259   2
r  401   352   302   2
r  451   402   352   2
r  58   107   106   2
r  110   159   108   2
r  351   302   403   2
c  602   -1   452   2
c  602   -1   453   2
r  307   309   258   2
c  458   -1   409   2
c  61   -1   58   2
c  358   -1   259   2
c  504   -1   456   2
c  503   -1   603   2
r  159   108   61   2
r  10   61   109   2
r  60   109   12   2
r  551   651   504   2
c  601   -1   654   2
r  553   551   601   2
r  701   601   602   2
c  556   -1   455   2
r  410   458   457   2
r  459   408   410   2
r  461   512   458   2
c  309   -1   311   2
c  260   -1   160   2
c  360   -1   259   2
r  12   63   112   2
c  63   -1   112   2
r  310   261   211   2
c  161   -1   261   2
r  654   802   554   2
c  704   -1   755   2
r  703   654   652   2
r  751   851   652   2
c  655   -1   652   2
c  752   -1   654   2
r  558   709   659   2
c  561   -1   461   2
c  262   -1   264   2
r  65   165   166   2
c  852   -1   654   2
r  801   803   854   2
r  851   902   753   2
c  805   -1   802   2
c  608   -1   709   2
r  610   758   559   2
c  707   -1   608   2
c  512   -1   463   2
c  562   -1   713   2
c  313   -1   316   2
r  413   415   514   2
r  164   215   65   2
r  17   65   116   2
r  66   117   64   2
r  67   118   64   2
r  115   166   66   2
c  116   -1   317   2
c  116   -1   69   2
r  853   1003   801   2
c  903   -1   852   2
c  856   -1   807   2
c  956   -1   1055   2
c  907   -1   757   2
c  564   -1   463   2
c  665   -1   566   2
c  665   -1   717   2
c  215   -1   15   2
c  265   -1   164   2
c  316   -1   364   2
r  365   414   314   2
r  416   516   317   2
r  68   117   167   2
c  117   -1   17   2
r  167   67   66   2
c  69   -1   71   2
c  168   -1   69   2
c  952   -1   903   2
r  951   1002   1102   2
r  1003   1102   902   2
c  957   -1   1005   2
c  1055   -1   1052   2
c  810   -1   710   2
c  810   -1   758   2
c  615   -1   516   2
c  467   -1   665   2
c  913   -1   712   2
c  812   -1   910   2
c  516   -1   366   2
c  1051   -1   952   2
c  1001   -1   1052   2
c  1102   -1   1055   2
r  1053   1055   1002   2
c  1101   -1   1003   2
r  1052   1101   1004   2
c  1107   -1   1007   2
c  1155   -1   1255   2
c  911   -1   863   2
c  960   -1   861   2
c  1106   -1   1206   2
r  1207   1256   1156   2
c  766   -1   663   2
c  765   -1   763   2
c  817   -1   716   2
c  668   -1   569   2
c  518   -1   470   2
r  963   1063   1012   2
r  965   963   913   2
r  368   268   419   2
c  418   -1   268   2
c  419   -1   472   2
c  271   -1   170   2
r  23   122   25   2
c  73   -1   71   2
r  220   271   320   2
c  171   -1   220   2
c  172   -1   225   2
c  1152   -1   1054   2
c  1252   -1   1153   2
c  1010   -1   1059   2
c  1256   -1   1155   2
c  1255   -1   1356   2
c  1109   -1   1106   2
r  866   864   968   2
c  818   -1   870   2
r  520   471   419   2
r  420   521   469   2
c  1015   -1   963   2
c  1064   -1   963   2
c  966   -1   970   2
c  472   -1   420   2
c  371   -1   473   2
r  221   269   219   2
c  222   -1   270   2
c  222   -1   224   2
c  223   -1   121   2
r  74   25   77   2
c  75   -1   73   2
c  176   -1   125   2
c  1254   -1   1402   2
c  1302   -1   1255   2
r  1303   1402   1202   2
r  1355   1455   1255   2
r  1261   1258   1109   2
c  1411   -1   1409   2
c  1260   -1   1258   2
c  1260   -1   1161   2
c  770   -1   920   2
c  671   -1   623   2
r  521   470   623   2
c  374   -1   274   2
c  524   -1   573   2
r  76   127   74   2
c  77   -1   79   2
r  27   24   75   2
c  126   -1   25   2
r  29   80   131   2
c  1402   -1   1453   2
c  1403   -1   1455   2
r  1405   1504   1353   2
r  1312   1363   1260   2
c  1559   -1   1561   2
c  1362   -1   1413   2
c  1213   -1   1262   2
c  1214   -1   1262   2
c  622   -1   522   2
c  822   -1   920   2
r  771   820   921   2
c  1021   -1   972   2
c  922   -1   874   2
c  1164   -1   1065   2
r  1165   1265   1117   2
c  377   -1   275   2
c  1452   -1   1551   2
r  1313   1262   1264   2
c  1413   -1   1415   2
c  1560   -1   1659   2
c  1511   -1   1611   2
c  1512   -1   1561   2
c  1463   -1   1612   2
r  1556   1558   1505   2
c  1606   -1   1456   2
r  1215   1266   1315   2
c  1216   -1   1214   2
c  724   -1   874   2
c  675   -1   726   2
r  823   874   825   2
c  774   -1   826   2
c  1025   -1   923   2
r  1174   1223   1075   2
c  874   -1   876   2
c  378   -1   280   2
c  578   -1   477   2
c  1167   -1   1267   2
c  1119   -1   1170   2
c  1119   -1   1171   2
c  80   -1   131   2
c  80   -1   28   2
r  31   131   130   2
r  1552   1452   1453   2
c  1555   -1   1552   2
r  1501   1452   1505   2
c  1415   -1   1515   2
c  1658   -1   1604   2
c  1657   -1   1605   2
c  825   -1   776   2
c  824   -1   725   2
c  826   -1   725   2
c  1170   -1   1072   2
c  1170   -1   1069   2
c  1120   -1   1224   2
c  975   -1   973   2
r  1171   1220   1071   2
c  1126   -1   1174   2
r  1175   1124   1126   2
c  1024   -1   1072   2
c  977   -1   1025   2
c  925   -1   974   2
c  280   -1   232   2
r  1366   1415   1364   2
c  677   -1   726   2
c  727   -1   627   2
c  182   -1   135   2
r  133   182   32   2
c  83   -1   36   2
r  282   284   331   2
r  330   282   230   2
r  1601   1702   1704   2
c  1651   -1   1803   2
c  1652   -1   1703   2
c  1654   -1   1554   2
c  1465   -1   1467   2
c  1515   -1   1416   2
c  1760   -1   1659   2
c  1663   -1   1711   2
c  1761   -1   1712   2
c  1713   -1   1710   2
r  1614   1563   1612   2
r  1615   1564   1513   2
c  1755   -1   1656   2
c  1318   -1   1269   2
c  827   -1   976   2
r  877   928   926   2
c  1220   -1   1218   2
c  1027   -1   1029   2
c  680   -1   479   2
c  483   -1   381   2
r  532   483   581   2
c  580   -1   682   2
c  828   -1   728   2
c  679   -1   731   2
r  33   86   134   2
r  34   83   135   2
c  135   -1   86   2
c  235   -1   283   2
c  235   -1   184   2
c  383   -1   483   2
c  1701   -1   1752   2
r  1702   1753   1705   2
c  1754   -1   1655   2
c  1753   -1   1653   2
r  1806   1755   1654   2
c  1809   -1   1860   2
c  1812   -1   1863   2
c  1665   -1   1766   2
c  1910   -1   1809   2
c  1807   -1   1706   2
r  879   930   780   2
r  1229   1129   1130   2
c  730   -1   782   2
c  634   -1   631   2
r  1518   1567   1618   2
c  185   -1   237   2
c  185   -1   286   2
c  87   -1   135   2
r  1751   1502   1852   2
c  1852   -1   2003   2
c  1854   -1   1806   2
r  1715   1666   1815   2
c  1620   -1   1468   2
r  1568   1517   1667   2
c  1911   -1   1810   2
c  1813   -1   1815   2
r  1909   1809   2009   2
c  1960   -1   1963   2
c  1905   -1   1903   2
c  1905   -1   2002   2
c  1322   -1   1371   2
r  880   828   932   2
r  1372   1421   1471   2
c  1130   -1   1078   2
c  1180   -1   1183   2
c  1328   -1   1331   2
c  1328   -1   1381   2
c  1230   -1   1129   2
r  584   532   533   2
c  535   -1   486   2
c  733   -1   633   2
c  733   -1   632   2
r  139   239   88   2
r  287   336   188   2
r  1901   1903   2003   2
c  2003   -1   2051   2
r  1903   1854   1951   2
c  1956   -1   2009   2
c  1961   -1   2010   2
c  2009   -1   2110   2
c  1914   -1   1962   2
c  1914   -1   2012   2
c  1957   -1   2056   2
c  1422   -1   1424   2
r  1521   1570   1621   2
c  1132   -1   1130   2
r  1031   1082   1084   2
r  981   1032   1082   2
c  1231   -1   1282   2
r  1425   1376   1427   2
c  1381   -1   1334   2
r  536   636   485   2
c  636   -1   486   2
c  736   -1   588   2
c  736   -1   637   2
c  388   -1   538   2
r  389   338   336   2
c  138   -1   190   2
r  190   239   137   2
c  189   -1   90   2
r  1954   2055   1902   2
r  1953   1951   2004   2
c  1626   -1   1573   2
r  1671   1673   1574   2
c  1721   -1   1621   2
c  2056   -1   2004   2
c  2106   -1   2157   2
c  2158   -1   2156   2
r  2208   2259   2159   2
c  2157   -1   2259   2
r  2159   2161   2261   2
c  2013   -1   1962   2
r  1965   2017   2016   2
c  2066   -1   1966   2
c  1918   -1   1768   2
r  1868   1817   1917   2
r  2052   2001   1951   2
c  2102   -1   2002   2
r  883   983   936   2
r  835   786   887   2
c  836   -1   834   2
r  1182   1282   1131   2
r  1282   1382   1334   2
c  1184   -1   1181   2
c  1084   -1   985   2
c  1234   -1   1183   2
c  1525   -1   1675   2
c  986   -1   1084   2
c  887   -1   885   2
c  1382   -1   1331   2
c  438   -1   338   2
c  688   -1   737   2
r  439   540   588   2
c  292   -1   389   2
c  192   -1   391   2
r  42   40   91   2
r  143   192   90   2
r  41   92   142   2
c  93   -1   142   2
r  440   391   438   2
c  392   -1   441   2
c  2055   -1   1952   2
r  2103   2052   2254   2
r  2153   2101   2254   2
c  1524   -1   1572   2
c  1726   -1   1624   2
c  1772   -1   1721   2
r  2155   2157   2107   2
c  2259   -1   2158   2
c  2212   -1   2260   2
c  2213   -1   2315   2
c  2064   -1   2017   2
c  1871   -1   1922   2
r  2201   2152   2205   2
r  2151   2202   2102   2
c  1083   -1   1085   2
c  1236   -1   1239   2
c  1035   -1   1087   2
c  1528   -1   1628   2
c  1579   -1   1478   2
c  1038   -1   1040   2
c  1385   -1   1333   2
c  539   -1   739   2
c  589   -1   439   2
c  739   -1   688   2
r  343   392   391   2
c  442   -1   394   2
c  243   -1   145   2
r  43   191   92   2
r  45   96   145   2
c  95   -1   195   2
r  44   95   96   2
r  493   542   392   2
c  2202   -1   2101   2
c  2253   -1   2152   2
c  1677   -1   1625   2
c  1728   -1   1730   2
c  1730   -1   1628   2
c  1823   -1   1825   2
r  1973   1924   2073   2
r  1926   1875   2078   2
c  2022   -1   1922   2
r  2255   2304   2253   2
c  2308   -1   2407   2
r  2256   2307   2209   2
r  2309   2210   2358   2
c  2355   -1   2403   2
c  2307   -1   2406   2
c  2362   -1   2413   2
c  2365   -1   2312   2
c  2365   -1   2413   2
r  2414   2365   2312   2
c  2462   -1   2312   2
r  2413   2462   2311   2
c  2020   -1   2072   2
c  2070   -1   2022   2
r  2251   2351   2353   2
c  1137   -1   1189   2
r  1088   1188   1136   2
r  1482   1433   1383   2
c  1386   -1   1236   2
c  1287   -1   1387   2
r  1775   1625   1822   2
c  1041   -1   1140   2
c  1041   -1   1141   2
c  1532   -1   1731   2
c  1732   -1   1631   2
c  1683   -1   1631   2
c  1337   -1   1286   2
c  541   -1   543   2
c  642   -1   540   2
r  591   542   493   2
c  790   -1   738   2
r  294   347   242   2
r  46   95   198   2
c  146   -1   245   2
r  47   98   49   2
c  96   -1   197   2
c  593   -1   541   2
c  345   -1   296   2
r  2301   2352   2252   2
c  1828   -1   1776   2
c  1927   -1   1878   2
r  1680   1631   1783   2
c  2023   -1   2020   2
c  1925   -1   1973   2
c  2024   -1   2176   2
c  2024   -1   2127   2
r  1976   1927   1925   2
r  2029   2129   2027   2
r  2358   2407   2406   2
r  2409   2358   2457   2
c  2460   -1   2362   2
r  2411   2362   2363   2
c  2461   -1   2410   2
r  2354   2405   2302   2
r  2404   2406   2353   2
r  2353   2302   2252   2
c  2457   -1   2303   2
c  2458   -1   2406   2
r  2464   2415   2314   2
c  2169   -1   2118   2
c  2352   -1   2452   2
r  2351   2402   2353   2
c  1535   -1   1434   2
c  1535   -1   1533   2
c  1633   -1   1482   2
c  1438   -1   1440   2
r  1238   1289   1338   2
r  1340   1291   1292   2
r  1191   1140   1292   2
c  1195   -1   1091   2
c  1733   -1   1782   2
c  1734   -1   1682   2
c  643   -1   545   2
c  742   -1   892   2
c  197   -1   199   2
c  296   -1   197   2
c  196   -1   198   2
r  198   98   49   2
r  97   48   198   2
c  149   -1   48   2
r  49   100   148   2
c  645   -1   593   2
c  397   -1   497   2
r  497   448   495   2
r  346   348   349   2
c  1875   -1   1976   2
c  1879   -1   1979   2
c  2127   -1   2029   2
c  2128   -1   2176   2
c  2030   -1   1978   2
r  1929   1978   1829   2
r  2080   2077   1981   2
c  2171   -1   2222   2
c  2456   -1   2408   2
r  2455   2404   2354   2
c  2454   -1   2402   2
c  2453   -1   2352   2
r  2401   2452   2353   2
r  2451   2453   2402   2
c  2452   -1   2351   2
c  2367   -1   2416   2
r  2465   2413   2366   2
c  2466   -1   2415   2
r  2417   2415   2471   2
r  2368   2319   2419   2
r  2323   2272   2372   2
c  2373   -1   2474   2
r  2172   2221   2322   2
c  2272   -1   2320   2
c  1241   -1   1391   2
c  1635   -1   1536   2
c  1490   -1   1441   2
r  1341   1392   1241   2
c  1044   -1   997   2
c  895   -1   942   2
r  794   894   745   2
c  796   -1   844   2
r  795   744   945   2
c  1145   -1   1196   2
c  1343   -1   1192   2
c  744   -1   792   2
r  1246   1195   1145   2
c  1147   -1   1195   2
c  1147   -1   1196   2
c  1880   -1   1781   2
c  1880   -1   1981   2
c  1785   -1   1833   2
r  1537   1586   1686   2
r  396   495   347   2
r  247   198   196   2
r  248   246   296   2
c  98   -1   197   2
r  100   199   197   2
r  297   346   198   2
c  200   -1   148   2
r  150   147   198   2
r  250   350   148   2
r  99   148   198   2
r  50   99   199   2
r  398   449   347   2
c  746   -1   795   2
c  1980   -1   2031   2
c  1933   -1   1884   2
c  1934   -1   1882   2
c  2226   -1   2174   2
r  2178   2127   2077   2
c  2227   -1   2128   2
c  2228   -1   2127   2
c  2130   -1   2128   2
c  1981   -1   2033   2
r  2468   2470   2369   2
c  2470   -1   2369   2
c  2421   -1   2369   2
c  2420   -1   2368   2
r  2471   2369   2371   2
r  2275   2324   2425   2
c  2322   -1   2274   2
c  2375   -1   2424   2
c  2326   -1   2424   2
r  2423   2472   2421   2
r  2476   2474   2424   2
c  1588   -1   1639   2
r  1443   1445   1492   2
c  1494   -1   1591   2
c  1045   -1   1145   2
c  996   -1   1097   2
r  797   748   698   2
r  1197   1246   1200   2
r  1148   1197   1146   2
c  1097   -1   898   2
r  1050   1149   1199   2
c  1787   -1   1937   2
r  300   249   399   2
r  450   399   350   2
r  697   798   597   2
c  648   -1   449   2
c  499   -1   448   2
c  700   -1   648   2
r  649   799   598   2
c  2034   -1   1884   2
r  2278   2327   2379   2
c  2229   -1   2129   2
r  2132   2180   2231   2
r  2231   2280   2331   2
r  2426   2377   2327   2
c  2477   -1   2426   2
r  2328   2330   2326   2
c  1641   -1   1540   2
c  1691   -1   1540   2
r  1592   1640   1691   2
c  1346   -1   1444   2
r  1297   1200   1348   2
r  1345   1396   1296   2
c  1542   -1   1642   2
r  998   899   847   2
c  1149   -1   1046   2
c  948   -1   899   2
r  848   897   799   2
c  900   -1   847   2
r  748   700   849   2
r  749   848   648   2
c  750   -1   798   2
r  800   849   798   2
c  1446   -1   1347   2
r  1398   1347   1396   2
c  1349   -1   1396   2
r  1300   1349   1396   2
c  1449   -1   1396   2
r  1399   1348   1396   2
r  1447   1498   1449   2
c  1098   -1   1100   2
r  1000   1049   1149   2
c  1099   -1   1150   2
c  1199   -1   1100   2
c  1299   -1   1350   2
r  1640   1591   1541   2
c  1790   -1   1890   2
r  1890   1988   1789   2
c  1741   -1   1641   2
r  650   648   599   2
r  2085   2134   2036   2
r  2331   2282   2233   2
c  2184   -1   2285   2
c  2334   -1   2231   2
r  2427   2376   2379   2
c  1642   -1   1640   2
r  1448   1497   1446   2
r  1498   1398   1496   2
c  999   -1   849   2
r  950   1049   998   2
r  1150   1199   1299   2
c  899   -1   999   2
r  850   799   898   2
r  1250   1199   1248   2
r  1350   1399   1398   2
c  1499   -1   1349   2
c  1450   -1   1398   2
c  1939   -1   1990   2
c  1742   -1   1744   2
c  1990   -1   1938   2
c  2086   -1   1986   2
r  2380   2480   2481   2
c  2430   -1   2432   2
c  2332   -1   2383   2
c  2333   -1   2233   2
c  2237   -1   2185   2
r  2485   2436   2384   2
c  2480   -1   2381   2
c  2434   -1   2382   2
r  1550   1548   1448   2
r  1547   1549   1499   2
c  1548   -1   1597   2
c  1549   -1   1648   2
r  1648   1596   1696   2
r  1600   1549   1648   2
c  1843   -1   1742   2
r  1893   1994   1845   2
c  1944   -1   1993   2
r  2187   2185   2389   2
c  2089   -1   2087   2
c  2140   -1   2189   2
r  2189   2240   2090   2
r  2482   2381   2430   2
c  2483   -1   2333   2
r  2236   2285   2187   2
c  2385   -1   2286   2
c  2287   -1   2284   2
c  2289   -1   2237   2
c  1845   -1   1744   2
r  1746   1647   1748   2
c  1699   -1   1547   2
r  1649   1600   1748   2
r  1698   1650   1649   2
r  1650   1599   1648   2
r  1700   1748   1599   2
r  1993   2094   2144   2
c  2043   -1   2041   2
c  2239   -1   2290   2
r  2337   2437   2436   2
r  2438   2489   2385   2
c  2291   -1   2443   2
r  2387   2438   2441   2
c  2489   -1   2389   2
r  2440   2391   2436   2
c  2488   -1   2436   2
r  2441   2439   2341   2
r  1749   1798   1796   2
r  1800   1700   1849   2
c  2044   -1   2145   2
c  1995   -1   2144   2
c  2147   -1   1994   2
c  2490   -1   2389   2
r  2338   2487   2438   2
c  2241   -1   2340   2
r  2193   2093   2244   2
c  2145   -1   1995   2
c  2096   -1   2144   2
r  2391   2288   2388   2
r  2340   2289   2492   2
r  2392   2441   2290   2
c  2493   -1   2441   2
c  1898   -1   1997   2
r  1848   1950   1846   2
c  1899   -1   1846   2
r  1897   1899   1848   2
r  1799   1750   1897   2
r  1849   1900   1798   2
c  1900   -1   1799   2
r  1948   1999   2050   2
c  2097   -1   1996   2
r  2048   2046   2147   2
r  2195   2296   2246   2
r  2196   2147   2248   2
r  2245   2247   2396   2
r  2343   2291   2443   2
r  2444   2495   2447   2
r  2494   2393   2394   2
r  2445   2496   2447   2
r  1950   1847   1899   2
c  2049   -1   1899   2
c  2049   -1   1948   2
c  2247   -1   2299   2
r  2149   2098   2297   2
c  2000   -1   2098   2
r  2100   1999   2048   2
r  2395   2447   2294   2
c  2299   -1   2150   2
r  2249   2300   2298   2
r  2347   2400   2349   2
r  2298   2247   2400   2
r  2250   2348   2297   2
r  2348   2399   2449   2
r  2200   2300   2349   2
r  2397   2497   2446   2
r  2398   2449   2498   2
c  2449   -1   2396   2
r  2450   2349   2396   2
r  2497   2448   2449   2
r  2448   2499   2496   2
r  2498   2449   2447   2
r  2400   2349   2299   2
r  2350   2398   2449   2
c  2499   -1   2399   2
r  2500   2498   2399   2
r  1   103   102   3
r  51   304   254   3
r  2   103   53   3
r  3   52   103   3
r  52   103   101   3
r  152   201   55   3
r  151   102   253   3
r  54   51   204   3
r  153   102   254   3
r  104   153   55   3
r  204   253   152   3
r  253   206   302   3
r  404   355   353   3
r  156   154   254   3
r  252   203   254   3
r  5   54   56   3
r  202   254   302   3
r  57   55   54   3
r  301   402   353   3
r  205   156   56   3
r  352   403   354   3
r  452   401   403   3
r  58   109   110   3
r  402   302   451   3
r  351   402   302   3
r  401   302   352   3
r  503   603   551   3
r  602   453   752   3
r  551   602   451   3
r  359   311   259   3
r  310   211   259   3
r  553   601   502   3
r  603   504   601   3
r  701   652   603   3
r  11   58   9   3
r  60   12   112   3
r  12   61   59   3
r  213   262   261   3
r  263   212   312   3
r  557   606   657   3
r  654   554   753   3
r  655   704   756   3
r  851   753   652   3
r  703   652   802   3
r  751   652   753   3
r  14   66   62   3
r  64   115   112   3
r  803   903   801   3
r  804   753   852   3
r  853   801   802   3
r  706   655   704   3
r  15   64   115   3
r  16   18   65   3
r  711   611   810   3
r  365   314   264   3
r  661   610   659   3
r  903   852   855   3
r  951   902   1002   3
r  952   903   1052   3
r  18   118   71   3
r  1003   1052   952   3
r  1001   1102   902   3
r  1051   952   902   3
r  19   70   170   3
r  170   119   69   3
r  21   73   69   3
r  566   568   617   3
r  809   811   910   3
r  1152   1053   1055   3
r  1155   1055   1207   3
r  72   124   75   3
r  768   817   716   3
r  568   718   667   3
r  519   568   418   3
r  962   1060   862   3
r  1151   1153   1255   3
r  1309   1260   1258   3
r  75   24   123   3
r  24   76   125   3
r  25   76   78   3
r  964   913   1064   3
r  1251   1253   1151   3
r  1062   1163   1064   3
r  125   174   77   3
r  76   74   79   3
r  26   77   125   3
r  29   131   77   3
r  620   622   623   3
r  720   622   771   3
r  771   819   870   3
r  1016   1067   970   3
r  572   621   524   3
r  1303   1202   1402   3
r  1304   1406   1353   3
r  1406   1357   1355   3
r  1458   1510   1561   3
r  28   77   178   3
r  132   181   31   3
r  228   279   230   3
r  822   769   921   3
r  328   428   427   3
r  1453   1502   1455   3
r  1505   1605   1507   3
r  1503   1452   1456   3
r  31   130   79   3
r  81   130   32   3
r  83   36   135   3
r  727   627   626   3
r  1451   1551   1552   3
r  1365   1363   1413   3
r  1610   1561   1510   3
r  1608   1708   1659   3
c  1267   -1   1118   3
r  330   281   181   3
r  826   823   976   3
r  924   875   973   3
r  875   976   923   3
r  1124   970   1175   3
r  1366   1364   1415   3
r  532   581   580   3
r  1652   1703   1654   3
r  1416   1465   1367   3
r  1713   1612   1661   3
r  1564   1512   1612   3
r  85   185   87   3
r  284   336   235   3
r  1226   1175   1125   3
r  1077   1026   1128   3
r  682   631   581   3
r  1701   1703   1704   3
r  1702   1705   1753   3
r  1752   1703   1652   3
r  1616   1567   1517   3
r  1858   1757   1856   3
r  1755   1656   1655   3
r  1419   1417   1318   3
r  285   334   237   3
r  39   37   88   3
r  40   89   87   3
r  1617   1717   1467   3
r  980   1031   932   3
r  1079   1077   1130   3
r  831   782   882   3
c  1618   -1   1717   3
r  1862   1860   1811   3
r  138   190   90   3
r  91   93   43   3
r  984   1035   932   3
r  1031   1084   1130   3
r  1901   1952   2002   3
r  1902   1953   2003   3
r  1904   1853   1902   3
r  1670   1721   1770   3
c  1621   -1   1473   3
r  2010   2110   2058   3
r  1967   2066   2065   3
r  291   343   391   3
r  43   41   142   3
r  1427   1478   1378   3
r  837   889   788   3
r  737   639   638   3
r  1084   985   1136   3
r  1133   1131   1085   3
r  2002   2051   1954   3
r  1954   1902   2003   3
r  2001   1902   2003   3
c  2051   -1   1903   3
r  1572   1621   1624   3
c  2261   -1   2060   3
r  2013   1914   1964   3
r  1965   2016   2017   3
r  439   588   490   3
r  94   96   45   3
r  589   439   541   3
r  691   590   688   3
r  838   739   738   3
r  839   788   737   3
r  988   1039   1087   3
r  1083   1034   1087   3
r  1036   1087   1084   3
r  1086   1137   1084   3
r  2101   2053   2153   3
r  2153   2254   2253   3
r  1725   1825   1721   3
r  343   391   394   3
r  393   444   441   3
r  194   243   293   3
r  145   147   296   3
r  96   197   45   3
r  47   49   198   3
r  1432   1383   1331   3
r  640   691   689   3
r  740   689   792   3
r  2201   2205   2153   3
r  2154   2254   2156   3
r  2151   2102   2253   3
r  2253   2202   2304   3
r  1920   1969   1922   3
r  2362   2360   2410   3
r  2365   2413   2412   3
r  2461   2412   2312   3
r  2413   2461   2314   3
r  1730   1678   1781   3
r  493   393   394   3
r  245   145   197   3
r  198   49   145   3
r  97   196   148   3
r  48   197   148   3
r  149   200   197   3
r  992   1041   944   3
r  1093   1193   1141   3
r  2302   2251   2353   3
r  2301   2252   2402   3
r  1971   1922   2072   3
r  1825   1874   1822   3
r  2024   2176   2124   3
r  2359   2361   2408   3
r  2460   2411   2413   3
r  2354   2356   2454   3
r  2403   2452   2351   3
r  2457   2303   2357   3
r  2464   2416   2365   3
r  2415   2413   2367   3
r  2416   2316   2368   3
r  2462   2312   2415   3
r  2459   2308   2407   3
r  1681   1732   1581   3
r  247   196   198   3
r  98   197   198   3
r  100   149   198   3
r  297   198   349   3
r  150   198   197   3
r  49   148   199   3
r  99   198   197   3
r  50   48   149   3
r  1732   1781   1784   3
r  895   796   944   3
r  1342   1393   1391   3
r  2352   2452   2454   3
r  2351   2353   2252   3
r  2402   2353   2351   3
r  2454   2402   2353   3
r  2455   2354   2457   3
r  2401   2352   2403   3
r  2451   2403   2353   3
r  2452   2454   2353   3
r  2453   2353   2351   3
r  2468   2369   2317   3
r  2467   2367   2366   3
r  2470   2369   2366   3
c  2424   -1   2322   3
r  1832   1932   1935   3
r  645   593   745   3
r  497   398   448   3
r  596   495   648   3
r  450   350   399   3
r  447   449   349   3
r  996   1045   1096   3
r  1344   1444   1396   3
r  1197   1200   1348   3
r  1491   1540   1440   3
r  2177   2271   2128   3
r  1981   1929   2032   3
r  2469   2369   2420   3
r  2273   2372   2371   3
r  2275   2425   2424   3
r  2423   2421   2371   3
r  2426   2326   2424   3
r  2475   2477   2479   3
r  550   499   447   3
r  598   596   698   3
r  998   898   849   3
r  600   449   798   3
r  1198   1297   1149   3
r  1345   1296   1396   3
r  1297   1348   1396   3
r  1395   1499   1398   3
r  1394   1447   1449   3
r  1448   1446   1396   3
r  1497   1446   1396   3
r  1445   1396   1493   3
r  1099   1150   1097   3
r  1300   1396   1248   3
r  1539   1541   1641   3
r  1541   1543   1642   3
r  1544   1546   1642   3
r  2473   2424   2471   3
r  2477   2426   2425   3
r  2377   2326   2425   3
r  2427   2378   2430   3
r  649   700   597   3
r  599   798   700   3
r  800   798   648   3
r  650   699   648   3
r  950   999   898   3
r  1150   1299   1199   3
r  750   798   698   3
r  1500   1449   1350   3
r  1450   1398   1349   3
r  1499   1349   1497   3
r  1498   1496   1447   3
r  1550   1450   1499   3
r  1690   1641   1592   3
r  1843   1742   1641   3
r  1545   1594   1548   3
c  2379   -1   2381   3
r  2135   2234   2083   3
r  2035   2086   1986   3
r  2330   2279   2281   3
r  2331   2232   2382   3
r  2480   2381   2379   3
r  1597   1549   1648   3
r  1892   1843   1791   3
r  2380   2481   2279   3
r  2382   2333   2430   3
r  2237   2136   2188   3
r  2333   2233   2434   3
r  1700   1599   1648   3
r  1750   1600   1648   3
r  1992   2043   1891   3
r  2092   1991   1993   3
r  2482   2430   2382   3
r  2336   2385   2436   3
r  2189   2090   2088   3
c  1748   -1   1846   3
r  2389   2338   2436   3
r  2142   2041   2093   3
r  2239   2138   2291   3
r  2290   2391   2443   3
r  2387   2436   2438   3
r  2487   2438   2436   3
r  2488   2436   2486   3
r  2489   2389   2438   3
r  2439   2490   2436   3
r  1848   1948   1799   3
r  1900   1800   1898   3
r  2147   2095   2244   3
r  2342   2291   2441   3
r  2442   2490   2290   3
r  2343   2394   2290   3
r  2443   2392   2340   3
r  2494   2443   2291   3
r  1997   2048   1948   3
r  2050   2099   1899   3
r  2045   1994   2145   3
r  2195   2246   2297   3
r  2395   2294   2443   3
r  2000   2049   2048   3
r  2049   1899   2047   3
r  2297   2249   2299   3
r  2246   2346   2297   3
r  2396   2495   2445   3
r  2446   2498   2449   3
r  2449   2396   2298   3
r  2450   2396   2399   3
r  2199   2248   2349   3
r  2347   2450   2449   3
r  2250   2298   2349   3
r  2349   2248   2297   3
r  2398   2498   2449   3
r  2448   2399   2396   3
r  2498   2447   2396   3
r  2400   2449   2447   3
r  2500   2399   2447   3
r  2499   2497   2349   3
r  2350   2348   2298   3
r  2300   2399   2298   3
r  1   3   53   4
r  2   51   102   4
r  102   53   54   4
r  101   152   3   4
r  103   152   54   4
r  3   103   51   4
r  253   251   53   4
r  251   204   254   4
r  151   202   254   4
r  153   254   204   4
r  252   153   204   4
r  305   406   254   4
r  201   252   254   4
r  354   403   302   4
r  202   302   251   4
r  301   352   403   4
r  154   255   105   4
r  155   55   206   4
r  5   56   108   4
r  207   256   259   4
r  257   306   206   4
r  352   303   403   4
r  6   54   55   4
r  7   108   59   4
r  401   352   302   4
r  402   451   502   4
r  307   258   259   4
r  502   602   554   4
r  407   409   460   4
r  210   261   259   4
r  409   460   259   4
r  553   502   605   4
r  702   753   801   4
r  11   60   112   4
r  653   753   802   4
r  651   602   802   4
r  751   753   652   4
r  703   802   652   4
r  13   62   112   4
r  165   213   112   4
r  212   312   264   4
r  363   361   463   4
r  608   659   610   4
r  656   654   802   4
r  852   654   903   4
r  804   852   855   4
r  805   704   852   4
r  854   905   802   4
r  903   855   802   4
r  164   115   166   4
r  15   66   116   4
r  16   65   64   4
r  414   314   514   4
r  610   559   710   4
r  856   807   858   4
r  902   1002   1102   4
r  951   1002   1052   4
r  67   64   115   4
r  612   712   713   4
r  1003   952   1052   4
r  1103   1105   952   4
r  1102   1055   1004   4
r  1001   902   1055   4
r  1051   902   952   4
r  369   318   317   4
r  22   71   74   4
r  170   172   71   4
r  120   219   69   4
r  859   910   911   4
r  1053   1002   1055   4
r  1157   1106   1057   4
r  1356   1256   1156   4
r  1058   1009   1060   4
r  73   71   125   4
r  963   1012   965   4
r  914   963   962   4
r  1151   1255   1353   4
r  1257   1254   1255   4
r  1355   1353   1456   4
r  24   125   75   4
r  125   25   79   4
r  77   128   25   4
r  373   324   371   4
r  323   523   374   4
r  173   225   222   4
r  721   770   920   4
r  819   719   920   4
r  820   822   921   4
r  771   870   920   4
r  1201   1301   1353   4
r  1352   1304   1202   4
r  1402   1353   1255   4
r  27   75   125   4
r  127   176   79   4
r  28   178   77   4
r  375   275   225   4
r  773   822   825   4
r  1452   1403   1552   4
r  1264   1315   1163   4
r  226   277   325   4
r  30   129   78   4
r  327   276   378   4
r  724   825   826   4
r  1116   1167   1118   4
r  823   923   724   4
r  1451   1552   1505   4
r  1501   1505   1453   4
r  1508   1456   1505   4
r  1557   1554   1505   4
r  1364   1413   1264   4
r  83   135   87   4
r  677   726   576   4
r  924   825   975   4
r  1076   1025   975   4
r  1226   1125   1075   4
r  1225   1173   1174   4
r  1651   1602   1752   4
r  33   134   86   4
r  281   381   230   4
r  232   230   279   4
r  729   632   680   4
r  1701   1704   1803   4
r  1752   1652   1654   4
r  1702   1704   1654   4
r  1751   1802   1652   4
r  1703   1654   1655   4
r  1807   1706   1758   4
r  1801   1901   1653   4
r  1319   1370   1267   4
r  35   135   87   4
r  36   85   134   4
r  39   88   90   4
r  583   634   534   4
r  731   729   632   4
r  1804   1806   1855   4
r  1908   1957   1956   4
r  90   192   188   4
r  239   142   192   4
r  931   1081   1029   4
r  831   834   932   4
r  1568   1667   1668   4
r  1901   2002   2004   4
r  1764   1864   1815   4
r  140   189   138   4
r  143   92   145   4
r  43   92   143   4
r  386   335   438   4
r  587   635   638   4
r  685   736   636   4
r  981   1081   1130   4
r  1031   1130   932   4
r  1426   1429   1378   4
r  1670   1770   1721   4
r  2004   1952   1951   4
r  2006   1955   2003   4
r  2005   2003   1952   4
r  2011   2008   2009   4
r  2110   2159   2058   4
r  1964   1913   1961   4
r  144   193   198   4
r  45   145   143   4
r  145   196   197   4
r  95   195   148   4
r  44   96   95   4
r  785   836   885   4
r  886   835   834   4
r  2103   2254   2253   4
r  2101   2052   2253   4
r  46   94   146   4
r  96   47   198   4
r  47   149   197   4
r  146   45   199   4
r  296   245   198   4
r  197   199   200   4
r  984   932   1033   4
r  1284   1384   1386   4
r  1530   1629   1479   4
r  1529   1630   1581   4
r  2202   2153   2253   4
r  2305   2307   2253   4
r  2167   2118   2119   4
r  1677   1625   1626   4
r  393   391   492   4
r  248   296   349   4
r  199   250   48   4
r  150   197   198   4
r  250   148   198   4
r  49   197   198   4
r  50   199   198   4
r  97   198   197   4
r  100   198   48   4
r  99   48   148   4
r  98   198   197   4
r  791   691   739   4
r  1086   1035   1088   4
r  1434   1383   1486   4
r  1338   1287   1236   4
r  1237   1239   1338   4
r  1873   1822   1773   4
r  2251   2353   2253   4
r  2252   2201   2403   4
r  2352   2252   2253   4
r  2412   2311   2312   4
r  2413   2311   2464   4
r  2409   2457   2310   4
r  2358   2458   2407   4
r  2021   2070   2072   4
r  1824   1773   1775   4
r  1678   1626   1629   4
r  594   643   543   4
r  249   198   349   4
r  400   398   347   4
r  447   496   499   4
r  498   449   349   4
r  1582   1682   1781   4
r  1971   2072   1922   4
r  2351   2302   2353   4
r  2403   2351   2452   4
r  2402   2351   2353   4
r  2454   2353   2355   4
r  2401   2353   2304   4
r  2359   2411   2410   4
r  2460   2413   2411   4
r  2461   2312   2415   4
r  2317   2265   2368   4
r  2465   2416   2365   4
r  2462   2363   2413   4
r  2459   2407   2406   4
r  500   549   449   4
r  548   499   599   4
r  943   895   992   4
r  1146   1097   1149   4
r  1438   1338   1389   4
r  1734   1682   1783   4
r  2028   2077   1979   4
r  2453   2352   2353   4
r  2451   2353   2453   4
r  2468   2368   2369   4
r  2419   2468   2317   4
r  2373   2424   2274   4
r  2174   2126   2176   4
r  597   599   698   4
r  647   598   600   4
r  700   549   698   4
r  650   648   598   4
r  1045   1096   1146   4
r  846   844   946   4
r  1148   1146   1145   4
r  1491   1489   1439   4
r  1639   1641   1538   4
r  1688   1691   1641   4
r  2228   2127   2128   4
r  2469   2420   2369   4
r  2472   2424   2371   4
r  2224   2275   2424   4
r  2322   2373   2425   4
r  2375   2424   2423   4
r  2423   2471   2421   4
r  2476   2425   2474   4
r  2473   2422   2424   4
r  2327   2425   2424   4
r  2477   2474   2424   4
r  2479   2428   2424   4
r  2428   2377   2424   4
r  748   699   898   4
r  799   748   649   4
r  948   849   900   4
r  898   900   998   4
r  848   948   899   4
r  1497   1397   1449   4
r  1445   1493   1396   4
r  1400   1349   1396   4
r  1550   1499   1396   4
r  1447   1449   1347   4
r  1541   1642   1691   4
r  1691   1740   1642   4
r  1690   1592   1641   4
r  2035   1986   2033   4
r  2426   2424   2474   4
r  900   847   999   4
r  950   898   948   4
r  1500   1350   1648   4
r  1547   1499   1648   4
r  1600   1598   1649   4
r  1593   1642   1641   4
r  1595   1646   1642   4
r  2281   2233   2379   4
r  2431   2478   2382   4
r  2432   2483   2379   4
r  1599   1648   1597   4
r  1699   1648   1697   4
r  1793   1742   1844   4
r  1794   1842   1792   4
r  2482   2382   2430   4
r  1747   1796   1698   4
r  1748   1846   1648   4
r  2486   2389   2438   4
r  2437   2486   2388   4
r  2489   2438   2338   4
r  2440   2389   2438   4
r  2387   2441   2436   4
r  2488   2486   2436   4
r  2388   2488   2436   4
r  2288   2388   2436   4
r  2441   2388   2443   4
r  1798   1697   1898   4
r  2044   2145   2144   4
r  2144   2093   2046   4
r  2145   1995   1994   4
r  2490   2438   2441   4
r  2487   2436   2337   4
r  2391   2388   2290   4
r  2491   2340   2290   4
r  2292   2290   2441   4
r  2392   2290   2441   4
r  1900   1898   1849   4
r  1897   1848   1899   4
r  2340   2492   2239   4
r  2045   2145   2144   4
r  2096   2144   1995   4
r  2493   2441   2491   4
r  2445   2447   2496   4
r  1998   1949   2050   4
r  2000   2048   1948   4
r  2099   2150   1948   4
r  2048   2147   1949   4
r  2248   2348   2449   4
r  2149   2198   2299   4
r  2396   2445   2449   4
r  2496   2498   2449   4
r  2345   2245   2396   4
r  2346   2295   2297   4
r  2447   2396   2449   4
r  2395   2443   2496   4
r  2100   2048   1999   4
r  2347   2349   2298   4
r  2298   2246   2447   4
r  2150   2048   2297   4
r  2348   2449   2297   4
r  2399   2350   2297   4
r  2300   2349   2297   4
r  2448   2496   2348   4
r  2498   2397   2449   4
r  2450   2348   2298   4
r  2499   2399   2447   4
r  2250   2297   2299   4
r  2350   2298   2299   4
r  2200   2299   2298   4
r  2398   2396   2349   4
r  1   102   101   5
r  51   254   54   5
r  2   102   254   5
r  53   51   254   5
r  101   53   254   5
r  52   54   304   5
r  3   102   54   5
r  102   254   302   5
r  54   101   254   5
r  103   51   254   5
r  251   254   353   5
r  151   254   102   5
r  302   403   254   5
r  104   155   254   5
r  55   153   57   5
r  57   105   59   5
r  204   152   55   5
r  404   353   302   5
r  202   251   254   5
r  154   105   254   5
r  203   254   154   5
r  252   254   153   5
r  301   403   451   5
r  5   108   56   5
r  351   403   353   5
r  402   502   302   5
r  451   351   402   5
r  7   58   55   5
r  108   57   106   5
r  59   61   112   5
r  355   353   403   5
r  403   451   354   5
r  8   57   110   5
r  158   210   259   5
r  109   158   111   5
r  60   112   111   5
r  13   112   59   5
r  502   554   602   5
r  601   652   502   5
r  552   501   605   5
r  62   64   13   5
r  66   17   112   5
r  15   115   112   5
r  311   411   259   5
r  554   603   453   5
r  702   801   802   5
r  654   753   652   5
r  312   261   212   5
r  115   16   64   5
r  262   264   313   5
r  653   802   752   5
r  801   852   754   5
r  704   652   802   5
r  169   118   166   5
r  754   805   802   5
r  904   855   802   5
r  901   952   1052   5
r  71   118   120   5
r  218   167   69   5
r  903   802   1004   5
r  804   802   806   5
r  954   952   1055   5
r  951   1052   1002   5
r  122   171   222   5
r  468   470   420   5
r  271   273   222   5
r  663   712   665   5
r  567   615   667   5
r  952   1052   1004   5
r  953   1052   1102   5
r  909   861   1008   5
r  958   909   809   5
r  1001   1055   1102   5
r  1002   1102   1004   5
r  1003   902   1102   5
r  519   468   419   5
r  518   420   419   5
r  421   571   468   5
r  373   274   422   5
r  24   75   77   5
r  25   78   74   5
r  78   129   73   5
r  809   909   811   5
r  866   968   717   5
r  1007   1058   1056   5
r  224   324   325   5
r  225   176   125   5
r  76   125   25   5
r  27   125   75   5
r  569   469   669   5
r  126   77   79   5
r  29   77   125   5
r  128   179   80   5
r  127   175   125   5
r  962   862   913   5
r  1256   1307   1356   5
r  1204   1255   1155   5
r  1158   1209   1206   5
r  1159   1108   1060   5
r  672   674   623   5
r  130   79   128   5
r  1013   1015   1113   5
r  965   913   1064   5
r  870   919   720   5
r  1354   1356   1456   5
r  1262   1264   1260   5
r  1401   1552   1353   5
r  478   429   526   5
r  723   774   825   5
r  132   78   80   5
r  84   135   87   5
r  1451   1505   1402   5
r  1502   1553   1453   5
r  677   577   776   5
r  874   876   974   5
r  826   976   874   5
r  33   86   132   5
r  83   87   32   5
r  135   86   35   5
r  34   135   86   5
r  35   87   86   5
r  1508   1505   1606   5
r  1462   1562   1612   5
r  1558   1510   1507   5
r  1555   1606   1607   5
r  1215   1315   1267   5
r  829   827   778   5
r  39   90   188   5
r  139   88   87   5
r  138   90   87   5
r  1167   1218   1318   5
r  1219   1070   1118   5
r  1224   1123   1075   5
r  1178   1126   1075   5
r  926   975   1025   5
r  1315   1364   1264   5
r  1601   1652   1753   5
r  1651   1752   1653   5
r  1652   1701   1554   5
r  1610   1511   1561   5
r  1513   1564   1612   5
r  1705   1754   1654   5
r  681   730   733   5
r  830   929   932   5
r  237   188   235   5
r  41   142   43   5
r  240   188   138   5
r  1169   1167   1118   5
r  1269   1267   1217   5
r  1173   1276   1073   5
r  1223   1272   1275   5
r  1701   1803   1753   5
r  1702   1654   1803   5
r  1761   1812   1659   5
r  1762   1862   1661   5
r  1703   1754   1654   5
r  1756   1856   1858   5
r  1857   1855   1758   5
r  683   632   581   5
r  1129   1180   1229   5
r  1320   1368   1371   5
r  1420   1469   1318   5
r  1367   1316   1467   5
r  1801   1653   1852   5
r  1853   1855   2003   5
r  1370   1421   1469   5
r  1182   1133   1130   5
r  94   145   142   5
r  144   198   197   5
r  45   143   145   5
r  1469   1372   1471   5
r  1715   1815   1814   5
r  1903   2003   2002   5
r  1955   1906   2003   5
r  934   1034   1033   5
r  194   293   292   5
r  195   148   198   5
r  197   200   199   5
r  146   199   198   5
r  46   198   197   5
r  96   198   197   5
r  47   198   148   5
r  1377   1328   1426   5
r  1234   1283   1136   5
r  1952   2003   1903   5
r  2004   1951   1904   5
r  2053   2102   2002   5
r  2052   1951   2003   5
r  1915   1864   1815   5
r  1817   1768   1815   5
r  787   789   888   5
r  1085   985   1033   5
r  985   1037   1084   5
r  1035   1087   1037   5
r  939   890   841   5
r  245   196   198   5
r  590   641   541   5
r  642   541   591   5
r  246   298   198   5
r  149   48   146   5
r  99   148   198   5
r  97   148   198   5
r  98   49   198   5
r  48   148   197   5
r  49   198   197   5
r  50   149   197   5
r  150   148   197   5
r  200   148   146   5
r  100   197   198   5
r  249   98   198   5
r  1382   1331   1481   5
r  1720   1668   1820   5
r  1672   1721   1574   5
r  2001   2003   2004   5
r  2063   2012   2065   5
r  692   741   592   5
r  1088   1136   1137   5
r  1188   1236   1136   5
r  1338   1236   1438   5
r  1288   1286   1236   5
r  1287   1387   1338   5
r  399   448   347   5
r  350   348   347   5
r  400   347   499   5
r  397   495   349   5
r  398   347   349   5
r  500   449   349   5
r  396   347   349   5
r  498   349   347   5
r  2201   2153   2253   5
r  2151   2302   2202   5
r  2207   2259   2158   5
r  2262   2314   2415   5
r  2117   2166   2115   5
r  993   942   944   5
r  1337   1286   1288   5
r  1585   1534   1434   5
r  1291   1391   1239   5
r  1290   1292   1391   5
r  550   447   599   5
r  447   349   399   5
r  549   397   500   5
r  600   649   698   5
r  1679   1730   1579   5
r  2252   2303   2355   5
r  2303   2305   2355   5
r  2302   2353   2403   5
r  2301   2402   2252   5
r  2356   2407   2308   5
r  2355   2353   2253   5
r  2351   2353   2253   5
r  2454   2355   2253   5
r  2257   2306   2253   5
r  2309   2409   2407   5
r  2414   2366   2416   5
r  2413   2464   2415   5
r  2358   2407   2456   5
r  2408   2459   2357   5
r  1043   893   944   5
r  1044   997   995   5
r  994   943   942   5
r  995   894   997   5
r  794   745   746   5
r  796   798   845   5
r  1343   1243   1292   5
r  1441   1390   1389   5
r  649   597   647   5
r  700   698   597   5
r  650   598   648   5
r  1874   1877   1825   5
r  2075   2128   2024   5
r  2456   2458   2356   5
r  2402   2353   2351   5
r  2453   2353   2352   5
r  2354   2302   2403   5
r  2452   2353   2355   5
r  2401   2403   2353   5
r  2455   2406   2408   5
r  2407   2458   2307   5
r  2359   2410   2407   5
r  2409   2310   2406   5
r  2465   2366   2413   5
r  2463   2465   2366   5
r  2464   2365   2363   5
r  2324   2424   2371   5
r  947   995   944   5
r  847   949   845   5
r  1830   1782   1783   5
r  749   648   698   5
r  799   698   898   5
r  750   698   798   5
r  850   899   948   5
r  2026   1975   1974   5
r  2124   2173   2075   5
r  2451   2402   2403   5
r  2459   2359   2407   5
r  2467   2416   2317   5
r  2417   2466   2469   5
r  2323   2372   2424   5
r  2374   2323   2274   5
r  2373   2274   2424   5
r  2270   2421   2322   5
r  2221   2322   2172   5
r  998   847   900   5
r  1397   1445   1449   5
r  1398   1500   1347   5
r  1495   1642   1396   5
r  1450   1350   1396   5
r  1700   1648   1396   5
r  1447   1496   1346   5
r  1493   1542   1642   5
r  1199   1099   1300   5
r  1200   1100   1249   5
r  1000   1149   1199   5
r  1589   1640   1641   5
r  1687   1587   1739   5
r  900   999   898   5
r  899   950   998   5
r  1931   1980   2030   5
r  1930   1981   2030   5
r  2273   2322   2424   5
r  2375   2423   2424   5
r  2327   2424   2374   5
r  2473   2424   2371   5
r  950   948   849   5
r  1250   1248   1298   5
r  1400   1396   1449   5
r  1650   1648   1549   5
r  1699   1697   1648   5
r  1649   1549   1697   5
r  2426   2327   2424   5
r  2377   2328   2424   5
r  2479   2424   2425   5
r  2478   2425   2424   5
r  2427   2379   2424   5
r  2476   2424   2427   5
r  1648   1696   1548   5
r  1599   1597   1648   5
r  1647   1698   1649   5
r  1749   1747   1697   5
r  1800   1849   1648   5
r  1646   1597   1642   5
r  1792   1843   1744   5
r  1989   2037   1938   5
r  1645   1647   1648   5
r  2279   2331   2330   5
r  2429   2378   2380   5
r  1746   1748   1648   5
r  1799   1897   1899   5
r  1846   1897   1898   5
r  1798   1898   1896   5
r  2335   2384   2436   5
r  2485   2384   2385   5
r  2481   2429   2382   5
r  2482   2433   2382   5
r  2433   2333   2430   5
r  1849   1798   1898   5
r  1848   1846   1948   5
r  2094   2145   1995   5
r  2385   2286   2389   5
r  2483   2333   2382   5
r  1950   1897   1849   5
r  2388   2436   2239   5
r  2390   2341   2291   5
r  2488   2436   2386   5
r  2145   1994   2044   5
r  2437   2388   2489   5
r  2487   2337   2436   5
r  2441   2443   2290   5
r  1999   2048   1948   5
r  2048   2097   2050   5
r  2148   2246   1948   5
r  2047   2096   1948   5
r  2046   1995   2044   5
r  2442   2491   2341   5
r  2292   2340   2290   5
r  2392   2291   2290   5
r  2196   2248   2244   5
r  2490   2389   2341   5
r  2491   2290   2391   5
r  2342   2290   2443   5
r  2198   2247   2298   5
r  2199   2349   2297   5
r  2248   2449   2447   5
r  2444   2496   2393   5
r  2343   2290   2394   5
r  2396   2449   2294   5
r  2249   2298   2297   5
r  2200   2349   2297   5
r  2250   2349   2297   5
r  2347   2298   2299   5
r  2499   2447   2297   5
r  2350   2299   2297   5
r  2397   2496   2297   5
r  2300   2297   2349   5
r  2447   2347   2349   5
r  2498   2449   2447   5
r  2497   2446   2396   5
r  2500   2449   2496   5
r  2399   2297   2447   5
r  2400   2299   2449   5
r  1   101   254   6
r  51   102   254   6
r  2   254   54   6
r  53   254   302   6
r  101   254   302   6
r  52   304   206   6
r  3   54   254   6
r  103   254   3   6
r  251   302   254   6
r  302   254   403   6
r  303   354   301   6
r  206   255   204   6
r  201   302   102   6
r  102   54   254   6
r  151   253   254   6
r  153   204   254   6
r  203   154   254   6
r  252   204   254   6
r  301   353   254   6
r  353   304   254   6
r  55   57   108   6
r  6   55   54   6
r  202   254   302   6
r  351   353   354   6
r  152   254   302   6
r  452   403   302   6
r  451   352   403   6
r  208   259   206   6
r  355   206   353   6
r  356   407   259   6
r  402   302   354   6
r  58   106   112   6
r  602   752   551   6
r  501   503   603   6
r  307   358   207   6
r  308   359   207   6
r  8   59   108   6
r  60   159   112   6
r  13   113   112   6
r  603   601   554   6
r  651   802   602   6
r  211   111   259   6
r  159   61   259   6
r  556   456   504   6
r  114   65   116   6
r  14   62   116   6
r  852   754   652   6
r  703   652   655   6
r  410   408   458   6
r  115   66   166   6
r  67   115   168   6
r  803   852   854   6
r  804   806   802   6
r  657   706   558   6
r  609   660   658   6
r  659   657   608   6
r  951   1102   1004   6
r  1052   1152   952   6
r  1102   1053   1055   6
r  953   1102   1052   6
r  611   662   663   6
r  710   712   811   6
r  367   418   318   6
r  368   419   317   6
r  121   172   69   6
r  1002   1004   1102   6
r  1051   952   1055   6
r  1101   1003   1052   6
r  612   713   714   6
r  662   713   613   6
r  72   75   78   6
r  22   69   125   6
r  959   957   1059   6
r  1203   1254   1255   6
r  1154   1255   1202   6
r  1252   1151   1402   6
r  617   516   665   6
r  668   569   665   6
r  519   419   472   6
r  322   371   421   6
r  78   73   80   6
r  23   25   125   6
r  224   325   226   6
r  1108   1009   1060   6
r  1110   1210   1010   6
r  1353   1406   1452   6
r  1301   1352   1353   6
r  962   1011   862   6
r  471   419   469   6
r  373   422   274   6
r  425   377   327   6
r  24   77   125   6
r  75   123   79   6
r  26   75   74   6
r  28   77   30   6
r  128   180   131   6
r  127   79   28   6
r  25   74   125   6
r  27   25   125   6
r  174   226   125   6
r  1310   1308   1411   6
r  1210   1261   1262   6
r  1352   1202   1453   6
r  1401   1353   1453   6
r  1351   1402   1453   6
r  818   867   920   6
r  571   622   573   6
r  720   620   920   6
r  178   80   131   6
r  326   275   375   6
r  1362   1413   1261   6
r  1459   1408   1561   6
r  1312   1260   1213   6
r  1555   1607   1453   6
r  869   920   970   6
r  724   874   825   6
r  277   228   231   6
r  83   32   134   6
r  1068   1119   968   6
r  1651   1803   1753   6
r  330   230   231   6
r  1414   1412   1264   6
r  1706   1755   1655   6
r  1267   1118   1166   6
r  1703   1654   1554   6
r  1704   1755   1653   6
r  1753   1654   1652   6
r  1701   1753   1654   6
r  1751   1652   1651   6
r  35   134   87   6
r  284   333   232   6
r  333   384   483   6
r  136   187   87   6
r  37   86   135   6
r  1220   1223   1118   6
r  1752   1653   1852   6
r  1805   1854   1654   6
r  1801   1852   1803   6
r  1176   1276   1075   6
r  1171   1071   1072   6
r  927   976   975   6
r  190   137   87   6
r  139   87   88   6
r  1808   1757   1856   6
r  1862   1911   1860   6
r  1851   1803   2003   6
r  1903   2002   1852   6
r  1901   2004   1852   6
r  2003   1904   1903   6
r  978   929   976   6
r  633   531   581   6
r  41   43   142   6
r  191   240   142   6
r  1517   1566   1618   6
r  1952   1954   2004   6
r  2053   1951   2253   6
r  2001   1952   2003   6
r  2055   1952   2003   6
r  2051   1903   2253   6
r  487   538   586   6
r  339   337   240   6
r  92   95   43   6
r  1423   1375   1471   6
r  1519   1618   1620   6
r  2052   2003   2004   6
r  537   437   636   6
r  638   636   738   6
r  144   195   198   6
r  45   145   197   6
r  44   95   197   6
r  95   146   43   6
r  94   142   146   6
r  294   345   197   6
r  1720   1820   1769   6
r  1572   1624   1523   6
r  2258   2157   2108   6
r  2102   2002   2253   6
r  1426   1378   1424   6
r  2204   2305   2253   6
r  2252   2403   2304   6
r  2301   2252   2403   6
r  2356   2308   2407   6
r  2352   2454   2403   6
r  2201   2102   2153   6
r  2351   2252   2403   6
r  2357   2257   2253   6
r  2403   2454   2253   6
r  2402   2351   2253   6
r  2404   2353   2253   6
r  2401   2353   2253   6
r  2353   2301   2253   6
r  2453   2351   2253   6
r  2354   2454   2253   6
r  2406   2457   2253   6
r  2405   2403   2253   6
r  2304   2356   2403   6
r  195   146   197   6
r  46   197   198   6
r  47   148   198   6
r  96   45   198   6
r  1723   1774   1721   6
r  1576   1573   1572   6
r  2206   2209   2258   6
r  2260   2257   2208   6
r  2306   2304   2157   6
r  2312   2363   2411   6
r  2019   2067   2022   6
r  2302   2253   2355   6
r  2355   2253   2353   6
r  2452   2355   2352   6
r  2451   2403   2351   6
r  2307   2356   2408   6
r  2358   2456   2407   6
r  2457   2459   2409   6
r  2456   2356   2357   6
r  2454   2253   2407   6
r  2409   2407   2358   6
r  2455   2457   2406   6
r  2359   2408   2406   6
r  1089   1087   1136   6
r  1086   1088   985   6
r  841   892   790   6
r  642   591   541   6
r  247   296   199   6
r  97   198   199   6
r  49   199   198   6
r  200   146   197   6
r  100   198   197   6
r  349   198   197   6
r  250   198   197   6
r  299   347   197   6
r  199   150   146   6
r  48   197   146   6
r  150   197   146   6
r  246   197   199   6
r  350   399   198   6
r  1922   1974   2021   6
r  1972   2021   1969   6
r  2362   2410   2415   6
r  2313   2262   2311   6
r  2414   2416   2363   6
r  2465   2413   2312   6
r  992   892   995   6
r  1290   1391   1338   6
r  1438   1440   1339   6
r  1291   1392   1391   6
r  499   448   349   6
r  447   499   349   6
r  498   347   349   6
r  549   446   349   6
r  450   349   347   6
r  398   349   347   6
r  546   647   648   6
r  2073   2124   2022   6
r  2461   2415   2363   6
r  2316   2265   2415   6
r  2462   2413   2363   6
r  2417   2471   2415   6
r  2464   2314   2413   6
r  2324   2373   2424   6
r  1632   1583   1580   6
r  744   792   746   6
r  1043   994   942   6
r  995   944   1147   6
r  448   547   399   6
r  500   349   599   6
r  548   599   648   6
r  2125   2024   2176   6
r  2027   1927   2078   6
r  2173   2175   2371   6
r  2221   2172   2274   6
r  2272   2224   2371   6
r  2271   2322   2171   6
r  2369   2317   2471   6
r  2419   2467   2471   6
r  2470   2366   2317   6
r  2469   2368   2366   6
r  2274   2375   2424   6
r  2323   2424   2374   6
r  1833   1884   1882   6
r  1197   1348   1100   6
r  1149   1200   1050   6
r  1538   1589   1490   6
r  1489   1538   1537   6
r  698   649   799   6
r  748   849   648   6
r  2180   2229   2128   6
r  2420   2471   2371   6
r  2327   2376   2424   6
r  2427   2430   2425   6
r  2476   2427   2424   6
r  2429   2380   2424   6
r  1835   1784   1884   6
r  1098   1100   997   6
r  949   898   997   6
r  1248   1199   1396   6
r  1346   1444   1449   6
r  1400   1347   1396   6
r  1546   1548   1396   6
r  1598   1647   1396   6
r  1499   1497   1396   6
r  1250   1298   1396   6
r  1498   1447   1396   6
r  1650   1549   1396   6
r  1500   1648   1396   6
r  1347   1396   1450   6
r  1099   1050   1047   6
r  1839   1788   1739   6
r  1590   1541   1691   6
r  699   750   600   6
r  850   948   899   6
r  2228   2128   2176   6
r  2084   1984   2135   6
r  1932   1983   2033   6
r  2478   2424   2425   6
r  2479   2425   2379   6
r  900   898   999   6
r  950   849   898   6
r  849   900   949   6
r  1496   1396   1449   6
r  1600   1648   1596   6
r  1700   1396   1648   6
r  1987   1936   1990   6
r  1594   1643   1641   6
r  1595   1593   1643   6
r  2278   2326   2382   6
r  2233   2133   2231   6
r  2480   2379   2382   6
r  1646   1642   1649   6
r  1647   1696   1699   6
r  1796   1699   1648   6
r  1750   1648   1697   6
r  1797   1846   1697   6
r  2286   2335   2234   6
r  2287   2336   2436   6
r  2386   2487   2438   6
r  2339   2387   2436   6
r  2388   2239   2436   6
r  2488   2389   2436   6
r  2338   2239   2436   6
r  2292   2290   2436   6
r  1848   1799   1899   6
r  1895   1847   1798   6
r  2190   2241   2443   6
r  2387   2436   2290   6
r  2487   2436   2438   6
r  2490   2441   2443   6
r  2340   2291   2191   6
r  2342   2441   2290   6
r  2442   2341   2291   6
r  1897   1900   1948   6
r  1946   1995   2144   6
r  1947   1848   2100   6
r  1949   2000   1898   6
r  2100   1999   1898   6
r  1998   2050   1949   6
r  2492   2441   2341   6
r  2393   2342   2341   6
r  2047   1996   2050   6
r  2048   2050   1948   6
r  2149   2299   1948   6
r  2046   2044   1948   6
r  2196   2244   2044   6
r  2096   2145   2047   6
r  2495   2450   2298   6
r  2394   2443   2294   6
r  2344   2346   2396   6
r  2295   2395   2297   6
r  2346   2294   2299   6
r  2446   2449   2297   6
r  2397   2297   2449   6
r  2448   2348   2349   6
r  2345   2294   2496   6
r  2497   2396   2298   6
r  2447   2349   2297   6
r  2449   2349   2297   6
r  2198   2298   2349   6
r  2199   2297   2298   6
r  2200   2298   2349   6
r  2250   2299   2298   6
r  2247   2299   2447   6
r  2347   2299   2447   6
r  2398   2349   2297   6
r  2499   2349   2299   6
r  2400   2449   2297   6
r  2500   2496   2298   6
r  2348   2297   2447   6
r  2399   2447   2297   6
r  2450   2399   2297   6
r  2249   2198   2298   6
r  2350   2449   2298   6
r  2300   2349   2297   6
r  1   254   54   7
r  51   254   304   7
r  53   302   254   7
r  54   254   302   7
r  101   302   254   7
r  52   206   54   7
r  102   302   51   7
r  3   51   102   7
r  103   3   254   7
r  251   254   302   7
r  104   55   302   7
r  55   154   254   7
r  6   106   55   7
r  151   102   302   7
r  152   55   254   7
r  153   254   102   7
r  203   254   302   7
r  201   102   152   7
r  301   451   353   7
r  154   206   105   7
r  202   253   254   7
r  352   354   254   7
r  256   307   254   7
r  355   403   254   7
r  403   354   254   7
r  105   205   254   7
r  106   4   8   7
r  155   56   55   7
r  351   354   353   7
r  404   254   255   7
r  156   254   205   7
r  158   259   206   7
r  9   58   259   7
r  110   9   112   7
r  159   259   108   7
r  157   206   259   7
r  61   58   59   7
r  208   206   259   7
r  209   358   357   7
r  551   451   553   7
r  603   554   454   7
r  66   64   166   7
r  14   116   112   7
r  701   603   802   7
r  554   453   602   7
r  310   259   209   7
r  262   313   264   7
r  801   754   603   7
r  651   602   802   7
r  656   705   652   7
r  703   655   654   7
r  658   558   710   7
r  315   364   166   7
r  902   1103   1004   7
r  70   72   19   7
r  170   71   70   7
r  20   120   71   7
r  120   69   168   7
r  807   858   856   7
r  951   1004   1055   7
r  22   125   77   7
r  72   78   125   7
r  222   270   121   7
r  1001   1052   1055   7
r  1002   1102   1055   7
r  1051   1055   952   7
r  1103   952   1052   7
r  1003   1052   952   7
r  1101   1052   1004   7
r  1152   1054   1252   7
r  714   765   613   7
r  23   125   79   7
r  77   79   75   7
r  867   865   816   7
r  914   962   963   7
r  915   966   912   7
r  864   913   912   7
r  26   125   75   7
r  76   79   125   7
r  325   274   225   7
r  1357   1409   1309   7
r  1305   1254   1356   7
r  1302   1353   1453   7
r  1253   1302   1402   7
r  769   818   920   7
r  621   722   623   7
r  1013   1113   1065   7
r  571   573   623   7
r  428   430   328   7
r  276   325   274   7
r  80   131   129   7
r  1303   1402   1453   7
r  1112   1160   1064   7
r  819   920   868   7
r  918   969   920   7
r  869   969   920   7
r  820   921   771   7
r  277   231   378   7
r  772   770   825   7
r  821   720   920   7
r  130   178   230   7
r  32   132   131   7
r  84   87   80   7
r  1506   1557   1606   7
r  1503   1456   1554   7
r  1554   1603   1453   7
r  1551   1652   1753   7
r  826   874   775   7
r  33   132   84   7
r  83   134   32   7
r  34   86   87   7
r  1363   1264   1415   7
r  1607   1659   1505   7
r  1654   1605   1753   7
r  1703   1655   1654   7
r  1601   1753   1654   7
r  873   924   973   7
r  432   434   331   7
r  1464   1415   1561   7
r  1513   1614   1561   7
r  1706   1757   1654   7
r  1652   1554   1852   7
r  1702   1753   1653   7
r  1752   1852   1655   7
r  1756   1807   1654   7
r  1701   1654   1704   7
r  1801   1803   1753   7
r  1121   1170   1069   7
r  1219   1069   1318   7
r  1125   1174   1025   7
r  1227   1127   1075   7
r  283   381   234   7
r  38   137   135   7
r  90   190   87   7
r  1712   1814   1861   7
r  1806   1654   1905   7
r  1751   1651   2003   7
r  1902   2004   1954   7
r  2002   1902   1852   7
r  1177   1228   1174   7
r  1419   1320   1471   7
r  91   143   190   7
r  188   239   338   7
r  40   87   142   7
r  338   137   389   7
r  191   142   240   7
r  92   43   90   7
r  1854   1806   2003   7
r  1952   2004   2003   7
r  1954   2005   2053   7
r  1953   2002   1951   7
r  2001   2004   1954   7
r  2052   2004   2253   7
r  2005   2056   2003   7
r  1517   1617   1566   7
r  1666   1516   1467   7
r  1231   1282   1130   7
r  1183   1131   1130   7
r  436   535   438   7
r  487   586   535   7
r  192   391   292   7
r  41   142   92   7
r  42   190   93   7
r  242   293   342   7
r  144   198   199   7
r  45   47   198   7
r  437   488   486   7
r  1715   1717   1815   7
r  2104   2153   2253   7
r  1322   1271   1422   7
r  1182   1130   1180   7
r  1032   1081   1084   7
r  935   986   1033   7
r  95   148   197   7
r  243   145   198   7
r  94   45   197   7
r  296   198   349   7
r  46   198   197   7
r  2303   2254   2252   7
r  2301   2403   2355   7
r  2305   2357   2403   7
r  2351   2403   2453   7
r  2205   2154   2253   7
r  2206   2258   2253   7
r  2306   2308   2253   7
r  2302   2355   2253   7
r  2355   2353   2253   7
r  2451   2453   2253   7
r  2456   2408   2253   7
r  2454   2406   2253   7
r  2452   2351   2253   7
r  2455   2406   2253   7
r  2151   2253   2403   7
r  2251   2253   2153   7
r  1083   1087   985   7
r  393   441   391   7
r  247   199   349   7
r  299   348   198   7
r  48   146   197   7
r  150   198   197   7
r  246   198   197   7
r  249   349   197   7
r  297   248   197   7
r  298   347   197   7
r  398   347   197   7
r  399   499   197   7
r  97   197   198   7
r  98   197   199   7
r  50   197   199   7
r  100   197   198   7
r  250   197   198   7
r  1721   1621   1769   7
r  1966   2017   2065   7
r  2064   2016   2067   7
r  2406   2253   2357   7
r  2401   2253   2403   7
r  2352   2253   2304   7
r  2404   2253   2304   7
r  2457   2357   2406   7
r  1530   1479   1528   7
r  1335   1337   1387   7
r  1433   1334   1386   7
r  1575   1526   1624   7
r  1088   1137   1136   7
r  1238   1287   1236   7
r  1239   1391   1338   7
r  499   450   347   7
r  450   399   349   7
r  1819   1720   1721   7
r  1821   1769   1721   7
r  1820   1723   1721   7
r  2261   2060   2208   7
r  2312   2411   2415   7
r  2458   2357   2358   7
r  2409   2358   2407   7
r  1729   1680   1629   7
r  1681   1581   1781   7
r  1674   1625   1726   7
r  1776   1727   1728   7
r  543   643   592   7
r  1533   1482   1581   7
r  1438   1389   1337   7
r  549   349   648   7
r  800   749   798   7
r  650   599   597   7
r  547   447   648   7
r  799   649   648   7
r  697   597   648   7
r  750   799   648   7
r  1824   1724   1773   7
r  1970   2070   1922   7
r  2362   2415   2365   7
r  2461   2410   2312   7
r  2070   2022   2019   7
r  2411   2363   2462   7
r  696   745   698   7
r  695   595   647   7
r  850   899   950   7
r  2075   2024   2176   7
r  2365   2312   2413   7
r  2319   2264   2366   7
r  2464   2413   2415   7
r  2467   2317   2415   7
r  2466   2415   2317   7
r  2269   2370   2368   7
r  2027   2078   1979   7
r  946   895   944   7
r  1146   1195   1100   7
r  1148   1145   1097   7
r  1636   1737   1537   7
r  1587   1536   1686   7
r  900   999   898   7
r  950   898   899   7
r  2026   1974   1975   7
r  2124   2175   2176   7
r  2077   2030   2176   7
r  2080   1981   2128   7
r  2369   2471   2371   7
r  2420   2371   2317   7
r  2469   2366   2317   7
r  2323   2274   2424   7
r  2374   2273   2425   7
r  2270   2321   2371   7
r  1786   1735   1739   7
r  1639   1642   1641   7
r  1149   1050   1249   7
r  1398   1347   1449   7
r  1500   1549   1548   7
r  1347   1450   1396   7
r  1350   1398   1396   7
r  1496   1445   1396   7
r  1549   1498   1396   7
r  1299   1248   1396   7
r  1199   1300   1396   7
r  1541   1691   1642   7
r  1595   1643   1540   7
r  2177   2128   2226   7
r  2421   2272   2424   7
r  2470   2317   2368   7
r  2375   2474   2427   7
r  2474   2425   2371   7
r  2422   2471   2424   7
r  2428   2426   2425   7
r  2478   2425   2424   7
r  1984   1933   1882   7
r  1982   1933   1934   7
r  1887   1884   1786   7
r  1640   1691   1591   7
r  1450   1396   1448   7
r  1543   1492   1642   7
r  2231   2331   2183   7
r  2477   2424   2474   7
r  2476   2424   2425   7
r  2429   2424   2425   7
r  2086   2037   2135   7
r  1650   1396   1648   7
r  1647   1699   1748   7
r  1749   1796   1648   7
r  1696   1747   1648   7
r  1793   1844   1742   7
r  2430   2379   2434   7
r  2434   2436   2432   7
r  2480   2382   2379   7
r  2136   2085   2037   7
r  1750   1748   1649   7
r  1746   1648   1649   7
r  1797   1697   1749   7
r  1798   1900   1898   7
r  1799   1898   1949   7
r  1850   1799   1898   7
r  1894   1845   1744   7
r  2431   2382   2379   7
r  2484   2486   2382   7
r  2284   2333   2436   7
r  2333   2434   2234   7
r  2481   2382   2432   7
r  2385   2436   2434   7
r  1847   1849   1948   7
r  1848   1899   2050   7
r  2336   2284   2438   7
r  1946   1994   1948   7
r  2439   2436   2386   7
r  2145   2044   2094   7
r  2050   2149   1898   7
r  2100   2047   1948   7
r  1997   1948   1949   7
r  1950   1899   1948   7
r  2048   1949   1899   7
r  1999   1948   2047   7
r  2489   2338   2438   7
r  2387   2290   2436   7
r  2487   2438   2436   7
r  2392   2290   2436   7
r  2441   2341   2291   7
r  2196   2145   2144   7
r  2097   1996   2144   7
r  2096   2047   1948   7
r  2197   2248   2298   7
r  2442   2291   2341   7
r  2492   2490   2290   7
r  2341   2392   2443   7
r  2099   1999   2047   7
r  2000   1948   2049   7
r  2150   2250   2298   7
r  2247   2447   2298   7
r  2198   2349   2298   7
r  2344   2396   2447   7
r  2494   2291   2445   7
r  2447   2449   2396   7
r  2495   2298   2396   7
r  2496   2449   2297   7
r  2396   2496   2297   7
r  2199   2298   2297   7
r  2200   2349   2299   7
r  2299   2150   2449   7
r  2347   2447   2298   7
r  2346   2299   2449   7
r  2350   2298   2449   7
r  2450   2298   2447   7
r  2399   2298   2447   7
r  2397   2449   2297   7
r  2448   2349   2297   7
r  2345   2396   2297   7
r  2497   2298   2297   7
r  2500   2447   2297   7
r  2348   2447   2297   7
r  2349   2297   2447   7
r  2300   2297   2449   7
r  2249   2297   2447   7
r  2250   2297   2447   7
r  2498   2396   2298   7
r  2400   2297   2299   7
r  2398   2297   2447   7
r  2499   2297   2447   7
r  1   54   254   8
r  51   54   254   8
r  2   54   254   8
r  53   251   302   8
r  254   52   302   8
r  101   3   302   8
r  52   54   302   8
r  102   254   304   8
r  3   254   54   8
r  103   254   302   8
r  54   302   254   8
r  253   302   102   8
r  151   254   53   8
r  204   55   302   8
r  355   353   302   8
r  251   302   254   8
r  56   105   254   8
r  153   102   254   8
r  203   304   254   8
r  4   56   254   8
r  155   206   254   8
r  205   56   254   8
r  351   353   254   8
r  404   255   254   8
r  106   8   254   8
r  401   302   254   8
r  354   302   403   8
r  5   56   54   8
r  201   254   302   8
r  452   353   403   8
r  402   353   302   8
r  159   111   259   8
r  210   310   112   8
r  310   161   259   8
r  411   462   259   8
r  455   504   553   8
r  109   210   112   8
r  9   259   112   8
r  551   504   603   8
r  552   605   504   8
r  601   654   553   8
r  603   454   601   8
r  602   452   504   8
r  13   59   110   8
r  605   603   504   8
r  115   166   112   8
r  653   704   605   8
r  604   704   602   8
r  509   409   511   8
r  464   363   264   8
r  14   112   166   8
r  655   756   802   8
r  67   116   166   8
r  165   112   116   8
r  703   654   802   8
r  851   802   752   8
r  801   603   652   8
r  414   514   465   8
r  657   558   659   8
r  705   756   802   8
r  18   69   70   8
r  68   17   166   8
r  803   854   852   8
r  804   855   801   8
r  806   853   802   8
r  20   71   168   8
r  807   856   858   8
r  953   1004   904   8
r  951   1002   1004   8
r  952   1001   1055   8
r  1102   1055   1002   8
r  368   317   268   8
r  568   667   665   8
r  808   859   811   8
r  1011   912   811   8
r  171   220   71   8
r  22   74   125   8
r  122   222   125   8
r  1006   1057   1055   8
r  1156   957   1255   8
r  1003   952   1055   8
r  1002   1051   1004   8
r  1051   1102   1055   8
r  1053   1055   1004   8
r  1101   1104   1055   8
r  1056   1054   1206   8
r  520   419   418   8
r  960   1060   1059   8
r  23   74   75   8
r  123   125   222   8
r  174   176   172   8
r  27   75   74   8
r  78   126   74   8
r  124   73   126   8
r  126   25   80   8
r  26   75   125   8
r  325   225   277   8
r  1154   1254   1255   8
r  1204   1305   1255   8
r  1203   1255   1155   8
r  1159   1060   1108   8
r  1304   1353   1456   8
r  1254   1402   1203   8
r  275   324   226   8
r  819   868   920   8
r  869   970   818   8
r  1014   963   1113   8
r  131   281   79   8
r  1303   1403   1402   8
r  1451   1453   1353   8
r  1351   1403   1353   8
r  577   526   625   8
r  1018   1069   969   8
r  1019   1017   968   8
r  971   1022   923   8
r  1362   1262   1210   8
r  132   80   32   8
r  1412   1363   1612   8
r  1404   1353   1453   8
r  1551   1651   1654   8
r  874   923   973   8
r  1605   1656   1654   8
r  1657   1605   1654   8
r  1553   1501   1653   8
r  1602   1551   1654   8
r  1601   1654   1753   8
r  532   580   634   8
r  927   876   923   8
r  1316   1166   1264   8
r  1268   1271   1270   8
r  84   80   135   8
r  34   134   135   8
r  1614   1663   1561   8
r  1658   1604   1758   8
r  1651   1753   1654   8
r  1701   1704   1653   8
r  1752   1654   1852   8
r  1801   1752   1852   8
r  1751   2003   1753   8
r  583   581   631   8
r  1178   1075   1026   8
r  1319   1267   1217   8
r  1419   1471   1472   8
r  136   237   84   8
r  37   139   138   8
r  137   88   135   8
r  237   239   87   8
r  1757   1657   1856   8
r  1756   1654   1655   8
r  1802   1652   1704   8
r  1804   1855   1905   8
r  733   632   581   8
r  880   832   931   8
r  1326   1278   1427   8
r  1466   1564   1366   8
r  1566   1715   1467   8
r  1904   1852   2003   8
r  1903   1852   2002   8
r  1901   1852   1903   8
r  1954   2053   1903   8
r  2052   2253   2003   8
r  1131   1230   1183   8
r  1373   1371   1273   8
r  1519   1620   1467   8
r  239   192   338   8
r  289   338   138   8
r  191   292   189   8
r  241   190   192   8
r  2103   2253   2403   8
r  2105   2154   2253   8
r  2107   2156   2253   8
r  686   688   689   8
r  884   783   887   8
r  687   638   636   8
r  983   1032   883   8
r  934   885   1084   8
r  387   438   338   8
r  1425   1476   1376   8
r  41   93   197   8
r  143   90   198   8
r  1718   1818   1817   8
r  2204   2206   2403   8
r  2154   2156   2205   8
r  2303   2252   2403   8
r  2254   2252   2355   8
r  2351   2453   2304   8
r  2354   2403   2252   8
r  2451   2351   2403   8
r  2151   2202   2253   8
r  2251   2153   2253   8
r  2406   2408   2253   8
r  2256   2258   2253   8
r  2401   2403   2253   8
r  2352   2304   2253   8
r  2404   2355   2253   8
r  2407   2456   2253   8
r  987   1087   1136   8
r  985   1084   1085   8
r  1631   1629   1633   8
r  44   197   198   8
r  95   197   198   8
r  94   146   198   8
r  46   146   198   8
r  144   197   198   8
r  1918   1870   1721   8
r  2017   2066   2065   8
r  2160   2058   2108   8
r  2402   2253   2355   8
r  2355   2253   2352   8
r  2302   2253   2304   8
r  2405   2253   2403   8
r  2301   2253   2304   8
r  2457   2406   2357   8
r  2308   2310   2406   8
r  2458   2358   2407   8
r  2310   2408   2406   8
r  2459   2406   2408   8
r  1286   1436   1338   8
r  1682   1783   1730   8
r  1724   1773   1721   8
r  1679   1579   1727   8
r  196   198   349   8
r  296   349   198   8
r  246   199   198   8
r  298   296   198   8
r  398   447   349   8
r  97   198   197   8
r  50   199   197   8
r  100   48   197   8
r  250   349   197   8
r  348   598   197   8
r  300   349   197   8
r  499   349   197   8
r  98   199   197   8
r  350   347   197   8
r  96   197   199   8
r  47   197   199   8
r  99   197   199   8
r  49   197   199   8
r  150   197   198   8
r  2018   1969   2119   8
r  2163   2112   2261   8
r  2211   2260   2209   8
r  1042   1044   944   8
r  992   944   1044   8
r  1238   1236   1339   8
r  1388   1237   1239   8
r  1684   1584   1581   8
r  1780   1831   1783   8
r  500   600   349   8
r  448   399   349   8
r  400   349   347   8
r  2020   2120   1922   8
r  2071   1972   1922   8
r  2411   2462   2312   8
r  2361   2312   2363   8
r  2313   2362   2415   8
r  2461   2312   2362   8
r  2362   2413   2415   8
r  1043   944   992   8
r  994   942   894   8
r  995   997   944   8
r  1685   1736   1584   8
r  546   648   698   8
r  1875   1975   1926   8
r  446   495   648   8
r  599   700   698   8
r  2267   2167   2215   8
r  2314   2365   2415   8
r  2414   2312   2365   8
r  2465   2312   2363   8
r  2463   2366   2365   8
r  2417   2469   2368   8
r  2464   2363   2413   8
r  2412   2312   2415   8
r  2466   2317   2415   8
r  996   1097   944   8
r  896   996   847   8
r  1293   1198   1391   8
r  1246   1244   1396   8
r  1096   1145   997   8
r  1197   1100   1199   8
r  1489   1537   1441   8
r  1588   1586   1539   8
r  646   698   648   8
r  647   600   598   8
r  1687   1689   1786   8
r  2125   2176   2226   8
r  2175   2126   2124   8
r  700   597   600   8
r  650   597   599   8
r  750   798   698   8
r  798   699   648   8
r  749   698   648   8
r  699   799   648   8
r  2321   2272   2222   8
r  2469   2369   2368   8
r  2418   2369   2317   8
r  2468   2317   2366   8
r  1046   995   997   8
r  1446   1347   1449   8
r  1500   1548   1449   8
r  1300   1248   1396   8
r  1450   1349   1396   8
r  1547   1648   1396   8
r  1200   1249   1396   8
r  1647   1649   1396   8
r  1492   1444   1642   8
r  1049   947   1098   8
r  1150   1249   997   8
r  1493   1642   1641   8
r  2178   2129   2130   8
r  2080   2078   2033   8
r  850   950   998   8
r  2424   2322   2371   8
r  2372   2423   2425   8
r  2420   2317   2371   8
r  2373   2424   2371   8
r  2327   2374   2371   8
r  2470   2419   2369   8
r  949   997   898   8
r  999   849   900   8
r  950   998   898   8
r  1550   1396   1449   8
r  1543   1642   1591   8
r  1544   1642   1641   8
r  1593   1493   1642   8
r  1644   1544   1641   8
r  2423   2371   2425   8
r  2477   2474   2424   8
r  2476   2425   2424   8
r  2479   2379   2424   8
r  2475   2426   2427   8
r  2478   2424   2425   8
r  1600   1596   1648   8
r  1750   1649   1648   8
r  1797   1749   1648   8
r  1700   1648   1697   8
r  1650   1648   1697   8
r  1747   1648   1796   8
r  1800   1648   1697   8
r  2093   2091   2144   8
r  1799   1949   1898   8
r  1850   1898   1948   8
r  1894   1744   1896   8
r  2286   2337   2436   8
r  2384   2435   2436   8
r  2385   2389   2436   8
r  2389   2436   2489   8
r  2482   2430   2434   8
r  2483   2434   2430   8
r  2481   2430   2382   8
r  1849   1949   1948   8
r  1897   1948   1849   8
r  1900   1799   1948   8
r  1949   2050   1896   8
r  1995   2144   1948   8
r  2147   2244   1948   8
r  2388   2489   2386   8
r  2439   2386   2436   8
r  2438   2385   2441   8
r  2489   2438   2386   8
r  2241   2340   2341   8
r  2095   2044   1948   8
r  2145   2143   1995   8
r  2097   2148   2297   8
r  1998   1949   2050   8
r  1950   1948   2050   8
r  2048   1899   1949   8
r  1999   2047   1948   8
r  2098   2147   1948   8
r  2000   2049   2047   8
r  2340   2191   2291   8
r  2437   2386   2439   8
r  2490   2341   2436   8
r  2487   2436   2438   8
r  2491   2391   2290   8
r  2494   2445   2443   8
r  2294   2343   2297   8
r  2198   2297   2447   8
r  2200   2299   2298   8
r  2247   2296   2299   8
r  2447   2297   2449   8
r  2395   2496   2297   8
r  2496   2297   2396   8
r  2344   2393   2297   8
r  2396   2297   2298   8
r  2295   2396   2449   8
r  2296   2345   2447   8
r  2347   2449   2447   8
r  2450   2447   2298   8
r  2399   2447   2397   8
r  2448   2396   2298   8
r  2349   2447   2297   8
r  2249   2298   2297   8
r  2250   2298   2297   8
r  2498   2298   2297   8
r  2400   2299   2297   8
r  2398   2449   2297   8
r  2499   2447   2297   8
r  2248   2299   2496   8
r  2299   2449   2447   8
r  2348   2297   2447   8
r  2300   2449   2447   8
r  2500   2297   2447   8
r  2350   2297   2447   8
r  2346   2297   2447   8
r  1   254   302   9
r  51   254   302   9
r  2   254   302   9
r  52   302   254   9
r  102   304   302   9
r  3   54   254   9
r  103   54   254   9
r  253   102   302   9
r  303   254   403   9
r  151   53   254   9
r  402   354   254   9
r  255   304   302   9
r  154   254   302   9
r  251   254   302   9
r  401   254   302   9
r  354   452   302   9
r  405   456   302   9
r  205   254   302   9
r  451   402   254   9
r  4   254   108   9
r  57   59   254   9
r  6   55   254   9
r  206   204   259   9
r  351   302   403   9
r  201   302   254   9
r  108   56   254   9
r  452   302   254   9
r  7   59   254   9
r  107   156   254   9
r  156   205   257   9
r  501   603   403   9
r  453   551   553   9
r  8   110   112   9
r  9   112   61   9
r  504   456   603   9
r  503   551   603   9
r  505   554   553   9
r  506   406   457   9
r  553   602   752   9
r  551   603   502   9
r  409   358   460   9
r  162   213   259   9
r  11   112   110   9
r  554   503   601   9
r  62   65   166   9
r  113   164   116   9
r  14   166   112   9
r  653   605   802   9
r  701   802   652   9
r  803   801   752   9
r  462   362   464   9
r  117   168   64   9
r  67   166   116   9
r  851   752   802   9
r  609   560   710   9
r  755   806   802   9
r  706   754   802   9
r  660   709   608   9
r  903   1004   802   9
r  611   560   613   9
r  169   218   69   9
r  69   71   166   9
r  18   70   69   9
r  465   364   363   9
r  901   1052   1055   9
r  902   1004   1055   9
r  661   710   610   9
r  906   802   858   9
r  905   956   902   9
r  953   1052   1055   9
r  563   663   714   9
r  120   168   69   9
r  951   1055   1052   9
r  1055   1104   905   9
r  1102   1004   1055   9
r  1006   1054   1004   9
r  1003   1055   1155   9
r  567   667   618   9
r  122   71   224   9
r  1001   1055   1004   9
r  1051   952   1004   9
r  1053   1004   1055   9
r  519   472   419   9
r  23   79   125   9
r  74   77   25   9
r  123   222   125   9
r  1057   1108   1156   9
r  1252   1402   1453   9
r  1058   1060   960   9
r  1013   1064   1114   9
r  1203   1154   1255   9
r  770   870   921   9
r  570   622   623   9
r  24   125   75   9
r  75   79   78   9
r  76   125   73   9
r  27   74   75   9
r  127   28   79   9
r  78   74   125   9
r  26   74   77   9
r  425   327   474   9
r  1201   1353   1453   9
r  1251   1151   1353   9
r  1302   1453   1353   9
r  1014   1113   1065   9
r  1113   1164   1013   9
r  1162   1262   1064   9
r  720   771   822   9
r  1017   968   920   9
r  28   30   131   9
r  31   80   131   9
r  376   327   378   9
r  1451   1402   1455   9
r  1402   1255   1353   9
r  1552   1503   1554   9
r  1401   1452   1552   9
r  674   623   774   9
r  675   726   825   9
r  1501   1453   1452   9
r  1551   1654   1554   9
r  1553   1653   1654   9
r  1215   1267   1164   9
r  1412   1612   1561   9
r  1363   1414   1264   9
r  1509   1409   1561   9
r  1070   1170   1072   9
r  1071   1020   923   9
r  82   33   135   9
r  83   32   135   9
r  677   576   726   9
r  1601   1704   1654   9
r  1705   1654   1653   9
r  1702   1653   1654   9
r  1754   1706   1654   9
r  1852   1753   1654   9
r  1751   1852   1654   9
r  1752   1655   1654   9
r  1119   1171   1072   9
r  1316   1264   1267   9
r  1464   1561   1415   9
r  1511   1560   1612   9
r  824   725   724   9
r  1275   1273   1075   9
r  926   977   975   9
r  84   135   87   9
r  134   85   87   9
r  86   84   135   9
r  779   680   728   9
r  1701   1653   1753   9
r  1802   1704   1753   9
r  1755   1654   1704   9
r  1902   2003   2002   9
r  1219   1118   1270   9
r  1221   1172   1270   9
r  1171   1072   1073   9
r  1514   1563   1467   9
r  979   1129   932   9
r  332   383   483   9
r  37   138   85   9
r  236   184   135   9
r  1760   1809   1911   9
r  1952   1903   1954   9
r  1954   1903   1951   9
r  2001   1954   1903   9
r  1953   1951   2002   9
r  1373   1273   1471   9
r  39   87   90   9
r  141   192   138   9
r  732   681   581   9
r  1908   1857   2009   9
r  2103   2403   2253   9
r  2253   2304   2355   9
r  2056   2004   2107   9
r  2101   2253   2403   9
r  1616   1665   1467   9
r  1618   1717   1467   9
r  1812   1763   1712   9
r  1376   1378   1424   9
r  1182   1131   1130   9
r  983   934   1084   9
r  139   90   240   9
r  140   138   189   9
r  42   93   90   9
r  2203   2205   2403   9
r  2202   2101   2403   9
r  2201   2153   2203   9
r  2351   2304   2355   9
r  2206   2208   2204   9
r  2451   2403   2352   9
r  2401   2304   2403   9
r  2155   2107   2253   9
r  2207   2107   2253   9
r  2402   2355   2253   9
r  2302   2304   2253   9
r  2405   2403   2253   9
r  2301   2304   2253   9
r  2457   2409   2253   9
r  2458   2407   2253   9
r  2307   2408   2253   9
r  2308   2406   2253   9
r  2259   2158   2253   9
r  2108   2157   2261   9
r  2156   2205   2107   9
r  2353   2253   2153   9
r  1913   1962   2012   9
r  1429   1530   1528   9
r  1036   985   1034   9
r  888   839   738   9
r  1035   1084   1086   9
r  1085   1033   1136   9
r  387   338   438   9
r  92   90   198   9
r  2304   2355   2353   9
r  2404   2253   2355   9
r  2452   2253   2302   9
r  2408   2357   2406   9
r  2359   2407   2408   9
r  1676   1723   1624   9
r  1236   1239   1338   9
r  1088   1187   1137   9
r  1190   1241   1136   9
r  638   738   689   9
r  93   142   198   9
r  44   198   197   9
r  144   198   197   9
r  194   292   198   9
r  294   242   292   9
r  393   492   493   9
r  687   636   739   9
r  589   540   490   9
r  2210   2212   2208   9
r  2411   2312   2415   9
r  2361   2363   2415   9
r  1773   1722   1775   9
r  1678   1629   1726   9
r  1630   1731   1682   9
r  1732   1784   1730   9
r  1582   1781   1631   9
r  1336   1340   1338   9
r  1237   1338   1239   9
r  992   1044   944   9
r  844   793   745   9
r  1193   1195   1145   9
r  196   349   198   9
r  247   349   199   9
r  245   198   199   9
r  46   198   199   9
r  297   349   198   9
r  298   198   199   9
r  250   198   349   9
r  499   347   198   9
r  95   43   197   9
r  96   199   197   9
r  47   198   197   9
r  99   199   197   9
r  150   146   197   9
r  347   349   197   9
r  449   349   197   9
r  450   349   197   9
r  49   198   197   9
r  396   496   197   9
r  48   197   249   9
r  98   197   199   9
r  97   197   198   9
r  300   197   198   9
r  346   349   198   9
r  295   293   394   9
r  345   296   396   9
r  2461   2362   2415   9
r  2362   2365   2411   9
r  2018   2069   2120   9
r  1533   1581   1434   9
r  1486   1535   1386   9
r  1635   1684   1633   9
r  1339   1239   1287   9
r  1043   942   944   9
r  894   845   995   9
r  1241   1292   1342   9
r  1294   1245   1396   9
r  400   499   349   9
r  549   648   698   9
r  500   349   648   9
r  594   543   541   9
r  2462   2415   2362   9
r  2465   2365   2413   9
r  1832   1935   1781   9
r  2024   2124   2026   9
r  2218   2267   2119   9
r  1735   1837   1783   9
r  1636   1736   1536   9
r  896   945   845   9
r  846   946   745   9
r  747   696   648   9
r  1295   1396   1247   9
r  1247   1249   1396   9
r  1344   1396   1494   9
r  1197   1199   1097   9
r  1348   1299   1449   9
r  1149   1249   1147   9
r  550   449   698   9
r  647   598   599   9
r  649   598   698   9
r  750   698   599   9
r  699   600   598   9
r  546   698   648   9
r  848   799   648   9
r  2419   2471   2470   9
r  2468   2366   2317   9
r  2470   2368   2317   9
r  2418   2317   2366   9
r  1978   2027   2029   9
r  1930   2031   1981   9
r  2125   2226   2176   9
r  1588   1539   1641   9
r  1889   1838   1739   9
r  1297   1346   1449   9
r  1395   1398   1449   9
r  1249   1350   1396   9
r  1298   1349   1396   9
r  1550   1449   1396   9
r  1545   1548   1396   9
r  1150   1199   1396   9
r  1198   1299   1396   9
r  1648   1548   1396   9
r  1049   1098   1046   9
r  1000   1199   997   9
r  1493   1641   1642   9
r  700   648   698   9
r  800   648   698   9
r  2370   2421   2424   9
r  2472   2371   2424   9
r  2274   2325   2323   9
r  2374   2425   2371   9
r  1983   2082   1883   9
r  1885   1834   1836   9
r  2081   2130   2033   9
r  2180   2128   2079   9
r  2322   2274   2424   9
r  2273   2371   2425   9
r  1590   1691   1642   9
r  1988   1940   1939   9
r  1890   1789   1791   9
r  950   899   998   9
r  1549   1396   1449   9
r  1699   1648   1697   9
r  1646   1649   1697   9
r  1600   1648   1697   9
r  1544   1595   1642   9
r  1696   1748   1599   9
r  1797   1748   1898   9
r  1700   1697   1648   9
r  1650   1697   1648   9
r  1747   1698   1648   9
r  1800   1697   1648   9
r  2423   2425   2371   9
r  2425   2373   2371   9
r  2426   2474   2371   9
r  2473   2371   2424   9
r  2373   2371   2424   9
r  2476   2424   2374   9
r  2326   2424   2425   9
r  2479   2477   2425   9
r  2277   2275   2424   9
r  2429   2425   2424   9
r  2478   2425   2424   9
r  2084   2135   2031   9
r  2181   2232   2233   9
r  1985   1934   2084   9
r  1792   1743   1642   9
r  1940   1989   1987   9
r  1850   1899   1898   9
r  2378   2430   2432   9
r  2480   2379   2382   9
r  2279   2330   2430   9
r  1793   1742   1693   9
r  2041   1990   1993   9
r  1897   1899   1948   9
r  1997   1946   1948   9
r  2380   2279   2432   9
r  2383   2434   2436   9
r  2483   2430   2434   9
r  2384   2436   2382   9
r  2334   2231   2436   9
r  2238   2290   2436   9
r  2389   2489   2436   9
r  1950   2050   1948   9
r  2148   2099   2297   9
r  2046   2097   2050   9
r  2045   2144   1948   9
r  2000   2047   1948   9
r  1999   1948   2144   9
r  2150   2298   2447   9
r  1995   1948   2144   9
r  2147   1948   2144   9
r  2390   2441   2290   9
r  2241   2341   2239   9
r  2242   2293   2443   9
r  2244   2144   2297   9
r  2196   2044   2297   9
r  2198   2298   2297   9
r  2199   2297   2298   9
r  2200   2298   2447   9
r  2447   2396   2297   9
r  2437   2439   2386   9
r  2392   2441   2290   9
r  2487   2489   2436   9
r  2493   2394   2290   9
r  2444   2447   2297   9
r  2342   2290   2291   9
r  2246   2297   2298   9
r  2347   2447   2449   9
r  2446   2495   2298   9
r  2399   2397   2447   9
r  2448   2298   2397   9
r  2249   2447   2298   9
r  2396   2298   2297   9
r  2348   2400   2297   9
r  2500   2298   2297   9
r  2394   2294   2297   9
r  2350   2449   2297   9
r  2496   2396   2297   9
r  2300   2298   2297   9
r  2250   2297   2298   9
r  2497   2297   2396   9
r  2398   2297   2298   9
r  2295   2297   2447   9
r  2349   2297   2447   9
r  2395   2297   2447   9
r  2491   2341   2291   9
r  2346   2447   2298   9
r  2345   2297   2298   9
r  1   53   254   10
r  51   304   254   10
r  2   302   254   10
r  52   254   302   10
r  3   102   302   10
r  252   254   203   10
r  303   301   254   10
r  102   51   254   10
r  251   353   254   10
r  401   403   254   10
r  305   254   302   10
r  105   254   302   10
r  155   254   302   10
r  201   152   302   10
r  256   254   302   10
r  351   403   302   10
r  156   255   302   10
r  7   55   302   10
r  107   254   302   10
r  253   302   403   10
r  152   302   403   10
r  154   302   254   10
r  4   108   254   10
r  5   54   254   10
r  356   259   254   10
r  205   302   254   10
r  8   108   254   10
r  502   602   254   10
r  306   206   254   10
r  207   259   254   10
r  57   254   108   10
r  158   206   259   10
r  501   403   603   10
r  453   553   603   10
r  9   108   112   10
r  552   601   555   10
r  503   603   601   10
r  603   552   802   10
r  553   605   602   10
r  261   263   310   10
r  11   110   112   10
r  14   65   116   10
r  116   317   112   10
r  602   551   802   10
r  555   504   553   10
r  604   553   504   10
r  606   652   802   10
r  64   112   166   10
r  605   504   802   10
r  701   602   802   10
r  703   752   652   10
r  654   605   802   10
r  753   802   806   10
r  561   512   460   10
r  215   15   316   10
r  217   268   166   10
r  704   802   652   10
r  804   802   852   10
r  902   1055   1004   10
r  905   957   1004   10
r  856   907   807   10
r  904   802   1055   10
r  953   1055   1004   10
r  708   710   659   10
r  709   610   658   10
r  22   125   75   10
r  954   1055   1052   10
r  1004   1055   1102   10
r  955   953   1055   10
r  951   1004   1055   10
r  1003   1102   1055   10
r  23   75   25   10
r  73   125   77   10
r  224   273   125   10
r  1001   1004   1055   10
r  1105   1207   1156   10
r  957   955   1055   10
r  517   318   665   10
r  618   667   665   10
r  24   75   125   10
r  27   75   74   10
r  76   73   125   10
r  26   125   75   10
r  29   78   131   10
r  28   128   125   10
r  128   131   125   10
r  1202   1302   1453   10
r  1252   1453   1255   10
r  962   913   1064   10
r  915   913   963   10
r  668   665   620   10
r  867   816   717   10
r  522   623   672   10
r  324   375   276   10
r  670   719   623   10
r  80   28   131   10
r  31   131   82   10
r  1201   1252   1353   10
r  1301   1353   1453   10
r  1302   1255   1453   10
r  1306   1205   1206   10
r  1064   963   1013   10
r  964   1064   1015   10
r  622   573   571   10
r  377   428   326   10
r  132   32   135   10
r  182   233   131   10
r  1354   1406   1453   10
r  1351   1453   1455   10
r  1401   1552   1353   10
r  1503   1554   1456   10
r  1501   1552   1453   10
r  1309   1358   1208   10
r  1261   1109   1060   10
r  1311   1362   1359   10
r  966   970   920   10
r  1065   1114   965   10
r  820   771   921   10
r  33   135   87   10
r  84   35   135   10
r  83   132   87   10
r  1451   1353   1552   10
r  1556   1505   1554   10
r  1557   1505   1506   10
r  1604   1553   1653   10
r  1603   1704   1554   10
r  773   724   826   10
r  774   825   823   10
r  184   186   87   10
r  235   283   135   10
r  187   87   135   10
r  382   433   331   10
r  86   135   84   10
r  1705   1653   1654   10
r  1651   1654   1753   10
r  1754   1655   1653   10
r  1752   1852   1651   10
r  1701   1753   1654   10
r  1802   1651   1654   10
r  1755   1704   1654   10
r  1803   1751   1654   10
r  1702   1654   1753   10
r  1462   1513   1561   10
r  1463   1612   1561   10
r  972   923   975   10
r  1069   1120   1072   10
r  874   974   923   10
r  925   874   923   10
r  824   724   725   10
r  875   923   973   10
r  629   680   731   10
r  680   678   728   10
r  532   634   481   10
r  89   138   189   10
r  39   90   87   10
r  188   338   87   10
r  240   138   87   10
r  286   335   235   10
r  1707   1656   1705   10
r  1801   1852   2003   10
r  1804   1955   2003   10
r  1905   1903   2003   10
r  1902   1954   2003   10
r  1853   2003   2002   10
r  1564   1562   1561   10
r  1178   1026   1075   10
r  780   829   932   10
r  583   631   634   10
r  139   240   237   10
r  288   138   189   10
r  287   335   138   10
r  42   91   197   10
r  1860   1811   1911   10
r  1904   1902   2002   10
r  1955   2004   2002   10
r  2005   2003   1905   10
r  1901   1903   2054   10
r  1952   1954   2004   10
r  1903   2002   1954   10
r  1953   2004   1902   10
r  2001   2003   2004   10
r  2052   2003   2253   10
r  2056   2107   2003   10
r  1565   1563   1467   10
r  1319   1217   1218   10
r  1029   1130   932   10
r  633   682   582   10
r  684   733   581   10
r  41   197   198   10
r  292   389   391   10
r  1957   2008   2009   10
r  2106   2155   2253   10
r  2101   2153   2253   10
r  1566   1467   1465   10
r  1418   1469   1515   10
r  1321   1270   1374   10
r  1327   1378   1427   10
r  1374   1273   1471   10
r  93   198   197   10
r  44   145   198   10
r  195   198   199   10
r  299   198   199   10
r  246   198   199   10
r  298   199   198   10
r  398   349   198   10
r  250   349   198   10
r  144   199   198   10
r  243   198   197   10
r  194   198   197   10
r  48   198   197   10
r  300   198   197   10
r  346   198   197   10
r  400   349   197   10
r  98   199   197   10
r  97   199   197   10
r  446   648   197   10
r  1961   2010   2012   10
r  2011   2058   2060   10
r  2252   2304   2403   10
r  2254   2203   2403   10
r  2154   2205   2203   10
r  2201   2203   2403   10
r  2351   2355   2403   10
r  2251   2202   2403   10
r  2458   2406   2407   10
r  2157   2208   2253   10
r  2304   2403   2253   10
r  2258   2108   2253   10
r  2358   2406   2253   10
r  2404   2304   2253   10
r  2452   2352   2253   10
r  2359   2406   2253   10
r  2459   2408   2253   10
r  2353   2153   2253   10
r  2408   2457   2253   10
r  2208   2159   2253   10
r  1569   1618   1467   10
r  1280   1379   1381   10
r  1032   1084   1085   10
r  786   888   737   10
r  785   834   887   10
r  837   888   834   10
r  148   197   249   10
r  248   197   199   10
r  50   197   199   10
r  99   197   199   10
r  249   197   200   10
r  96   197   199   10
r  150   197   199   10
r  499   197   648   10
r  245   197   198   10
r  349   197   198   10
r  46   197   198   10
r  347   197   198   10
r  449   197   198   10
r  49   197   198   10
r  345   396   198   10
r  589   490   540   10
r  448   349   698   10
r  500   599   349   10
r  2160   2108   2261   10
r  2301   2253   2352   10
r  2456   2253   2407   10
r  2457   2253   2406   10
r  2453   2253   2355   10
r  2451   2253   2403   10
r  2405   2253   2403   10
r  2455   2253   2403   10
r  2409   2407   2358   10
r  1527   1575   1579   10
r  1432   1481   1434   10
r  1525   1675   1426   10
r  543   592   443   10
r  548   648   599   10
r  550   698   648   10
r  2062   2013   1962   10
r  2461   2415   2362   10
r  2067   2015   1967   10
r  2066   1966   1967   10
r  1673   1624   1726   10
r  1335   1387   1338   10
r  889   887   738   10
r  841   790   740   10
r  1237   1288   1338   10
r  650   599   698   10
r  749   798   698   10
r  699   598   599   10
r  797   698   648   10
r  700   698   648   10
r  800   698   648   10
r  899   998   648   10
r  750   648   698   10
r  2414   2363   2411   10
r  2462   2362   2415   10
r  1772   1823   1775   10
r  1871   1922   1820   10
r  1682   1733   1783   10
r  1585   1536   1484   10
r  892   890   841   10
r  993   944   942   10
r  849   949   948   10
r  850   998   949   10
r  949   898   997   10
r  900   949   997   10
r  950   998   899   10
r  2463   2415   2412   10
r  2318   2366   2415   10
r  2366   2417   2368   10
r  1824   1775   1822   10
r  1876   1927   1878   10
r  1680   1783   1682   10
r  1635   1536   1537   10
r  1143   990   1145   10
r  1244   1140   1142   10
r  947   945   898   10
r  1048   1097   898   10
r  997   1045   1396   10
r  1049   997   1097   10
r  2320   2371   2424   10
r  2468   2369   2368   10
r  2420   2371   2317   10
r  2024   2026   2022   10
r  2223   2321   2424   10
r  1929   2029   1828   10
r  1296   1247   1396   10
r  1243   1341   1292   10
r  1392   1443   1493   10
r  1441   1389   1390   10
r  1099   1047   997   10
r  1199   1396   997   10
r  2321   2421   2424   10
r  2472   2424   2371   10
r  2471   2469   2424   10
r  2272   2320   2424   10
r  2126   2128   2074   10
r  2273   2425   2371   10
r  1738   1689   1641   10
r  1837   1736   1739   10
r  1344   1494   1396   10
r  1549   1648   1396   10
r  1596   1548   1396   10
r  1597   1499   1396   10
r  1494   1591   1396   10
r  1447   1346   1449   10
r  2474   2374   2425   10
r  2473   2424   2371   10
r  2376   2425   2371   10
r  2427   2424   2371   10
r  2275   2424   2371   10
r  2373   2474   2425   10
r  2478   2427   2425   10
r  2476   2474   2424   10
r  2179   2128   2176   10
r  1884   1932   1984   10
r  1982   1934   2033   10
r  1691   1540   1593   10
r  1542   1642   1641   10
r  1497   1396   1499   10
r  1548   1497   1449   10
r  1599   1648   1697   10
r  1699   1697   1648   10
r  1600   1697   1648   10
r  1749   1697   1649   10
r  1700   1649   1599   10
r  1800   1749   1748   10
r  1746   1649   1648   10
r  1695   1643   1648   10
r  1799   1898   1648   10
r  2480   2382   2381   10
r  2430   2432   2379   10
r  2230   2279   2379   10
r  2135   2184   2033   10
r  1893   1944   1744   10
r  1846   1895   1948   10
r  1898   1997   2048   10
r  2434   2432   2436   10
r  2431   2379   2382   10
r  2482   2382   2381   10
r  2282   2382   2279   10
r  2087   2136   2135   10
r  2283   2332   2231   10
r  1947   2100   1846   10
r  1895   1798   1948   10
r  1945   1947   1898   10
r  2047   2050   1898   10
r  1900   1948   1898   10
r  1998   2050   1898   10
r  1950   1849   1898   10
r  2384   2382   2436   10
r  1994   2094   2095   10
r  2045   2096   2094   10
r  1999   2144   1948   10
r  2099   1948   2050   10
r  2485   2385   2436   10
r  2437   2386   2439   10
r  2337   2388   2438   10
r  2439   2488   2386   10
r  2443   2340   2436   10
r  2390   2291   2436   10
r  2342   2443   2436   10
r  2491   2290   2436   10
r  2239   2291   2436   10
r  2441   2291   2341   10
r  2198   2447   2298   10
r  2149   1948   2447   10
r  2200   2297   2298   10
r  2489   2436   2438   10
r  2293   2496   2297   10
r  2393   2341   2297   10
r  2442   2290   2493   10
r  2493   2290   2291   10
r  2444   2393   2298   10
r  2494   2394   2447   10
r  2392   2436   2441   10
r  2197   2298   2447   10
r  2195   2297   2298   10
r  2245   2396   2298   10
r  2246   2295   2297   10
r  2199   2298   2447   10
r  2247   2298   2447   10
r  2347   2298   2447   10
r  2450   2298   2447   10
r  2397   2446   2298   10
r  2400   2447   2449   10
r  2499   2299   2447   10
r  2396   2294   2447   10
r  2500   2447   2298   10
r  2250   2447   2297   10
r  2497   2449   2297   10
r  2398   2298   2297   10
r  2295   2447   2297   10
r  2349   2298   2297   10
r  2395   2344   2297   10
r  2496   2297   2298   10
r  2498   2297   2298   10
r  2350   2297   2298   10
r  2300   2297   2298   10
r  2399   2297   2298   10
r  2445   2443   2447   10
r  2249   2297   2447   10
r  2495   2449   2447   10
r  2346   2449   2447   10
r  2345   2496   2447   10
r  2449   2297   2397   10
r  2   53   302   11
r  52   302   254   11
r  3   254   103   11
r  252   203   254   11
r  105   206   254   11
r  201   254   101   11
r  156   257   254   11
r  107   56   254   11
r  253   53   302   11
r  152   403   302   11
r  55   108   302   11
r  54   204   302   11
r  6   54   302   11
r  4   55   302   11
r  205   254   302   11
r  306   254   302   11
r  108   254   302   11
r  154   254   302   11
r  452   254   302   11
r  103   302   152   11
r  251   302   403   11
r  405   302   254   11
r  305   302   254   11
r  155   302   254   11
r  256   302   254   11
r  454   452   254   11
r  57   108   254   11
r  501   601   254   11
r  307   259   254   11
r  157   259   254   11
r  453   603   553   11
r  601   553   504   11
r  10   112   111   11
r  408   357   259   11
r  457   357   259   11
r  361   412   359   11
r  554   602   802   11
r  604   602   553   11
r  12   112   116   11
r  459   461   457   11
r  67   116   166   11
r  705   757   652   11
r  753   801   802   11
r  704   652   802   11
r  804   852   802   11
r  901   903   802   11
r  557   608   659   11
r  264   313   316   11
r  560   711   460   11
r  465   363   412   11
r  464   264   363   11
r  607   558   659   11
r  17   116   166   11
r  118   69   166   11
r  217   166   264   11
r  120   221   222   11
r  71   120   69   11
r  655   802   806   11
r  754   802   652   11
r  609   710   707   11
r  902   1004   1055   11
r  953   904   1055   11
r  951   1055   1004   11
r  414   465   463   11
r  562   713   714   11
r  366   319   317   11
r  708   760   710   11
r  22   75   125   11
r  954   1052   1055   11
r  955   1055   1052   11
r  906   858   1006   11
r  1004   1102   1055   11
r  1001   1102   952   11
r  1053   1005   1004   11
r  616   564   665   11
r  809   811   710   11
r  519   419   369   11
r  272   270   221   11
r  73   22   125   11
r  74   25   77   11
r  1103   1055   1004   11
r  956   1055   1052   11
r  1151   1202   1453   11
r  1202   1453   1353   11
r  664   814   617   11
r  520   418   419   11
r  24   73   77   11
r  76   25   73   11
r  127   125   80   11
r  26   75   125   11
r  226   325   274   11
r  1301   1402   1353   11
r  1061   961   960   11
r  1552   1554   1353   11
r  1455   1452   1353   11
r  1405   1353   1453   11
r  1351   1353   1453   11
r  1451   1455   1453   11
r  1605   1705   1453   11
r  917   1017   920   11
r  1112   1161   1013   11
r  572   521   623   11
r  1410   1361   1311   11
r  1704   1653   1554   11
r  1018   970   920   11
r  822   921   825   11
r  477   426   576   11
r  33   87   135   11
r  34   135   138   11
r  379   328   331   11
r  1652   1852   1703   11
r  1651   1753   1654   11
r  1752   1651   1653   11
r  1701   1752   1753   11
r  1702   1753   1654   11
r  1801   2003   1654   11
r  1756   1655   1654   11
r  823   825   826   11
r  774   823   825   11
r  677   726   675   11
r  134   87   235   11
r  233   235   135   11
r  185   286   87   11
r  37   85   34   11
r  137   186   84   11
r  187   88   87   11
r  86   83   135   11
r  35   86   84   11
r  36   135   84   11
r  1611   1560   1510   11
r  1462   1561   1513   11
r  1751   1654   2003   11
r  1853   1902   2003   11
r  874   923   975   11
r  824   826   776   11
r  186   135   87   11
r  40   91   87   11
r  1901   2003   2002   11
r  1952   2003   2054   11
r  1903   1954   2002   11
r  2001   2004   2003   11
r  2004   2002   2253   11
r  1176   1174   1224   11
r  1173   1122   1072   11
r  877   826   925   11
r  1270   1272   1318   11
r  731   782   581   11
r  879   780   932   11
r  91   190   192   11
r  41   92   197   11
r  142   42   197   11
r  1367   1418   1415   11
r  1713   1710   1612   11
r  1907   1958   2009   11
r  2102   2153   2403   11
r  2056   2003   2253   11
r  2152   2101   2403   11
r  1960   1963   1859   11
r  1177   1174   1129   11
r  978   976   1029   11
r  43   142   197   11
r  143   145   197   11
r  1566   1465   1467   11
r  1815   1766   1767   11
r  2252   2403   2352   11
r  2156   2107   2253   11
r  2158   2305   2253   11
r  2457   2406   2253   11
r  2451   2403   2253   11
r  2405   2403   2253   11
r  2455   2408   2253   11
r  2409   2358   2253   11
r  2309   2358   2253   11
r  2456   2357   2253   11
r  2453   2355   2253   11
r  2310   2358   2253   11
r  2154   2253   2403   11
r  2155   2253   2157   11
r  2205   2253   2403   11
r  1323   1275   1471   11
r  1329   1232   1381   11
r  93   197   198   11
r  195   199   198   11
r  246   199   198   11
r  100   198   199   11
r  95   198   199   11
r  47   199   198   11
r  144   198   199   11
r  194   294   198   11
r  293   394   197   11
r  148   249   197   11
r  248   349   197   11
r  50   199   197   11
r  99   198   197   11
r  249   198   197   11
r  96   198   197   11
r  150   199   197   11
r  46   199   197   11
r  49   198   197   11
r  448   698   197   11
r  500   349   197   11
r  349   298   197   11
r  347   198   197   11
r  497   495   197   11
r  295   394   197   11
r  548   599   197   11
r  243   197   294   11
r  296   197   199   11
r  297   197   199   11
r  97   197   199   11
r  298   197   399   11
r  250   197   199   11
r  299   197   198   11
r  399   197   198   11
r  48   197   198   11
r  397   349   198   11
r  348   197   198   11
r  300   197   198   11
r  447   399   198   11
r  145   197   199   11
r  393   493   342   11
r  1913   2012   1964   11
r  2302   2253   2355   11
r  2401   2253   2352   11
r  2251   2253   2302   11
r  2454   2253   2403   11
r  2301   2352   2403   11
r  2306   2253   2403   11
r  2357   2253   2403   11
r  2358   2253   2406   11
r  1032   1085   1184   11
r  935   1033   1084   11
r  786   788   887   11
r  836   887   833   11
r  550   599   698   11
r  549   500   648   11
r  1718   1817   1721   11
r  1916   1918   1967   11
r  1965   1967   2065   11
r  2461   2363   2415   11
r  2313   2415   2411   11
r  1476   1378   1425   11
r  1429   1528   1427   11
r  984   1033   1085   11
r  1034   986   1085   11
r  985   1087   1084   11
r  1035   1086   1136   11
r  1622   1624   1574   11
r  1480   1528   1581   11
r  1285   1336   1386   11
r  646   597   698   11
r  696   698   648   11
r  750   698   648   11
r  850   949   648   11
r  691   688   738   11
r  642   540   740   11
r  2064   2017   1967   11
r  2165   2264   2216   11
r  2462   2415   2413   11
r  2264   2213   2315   11
r  1383   1283   1434   11
r  1089   1136   1040   11
r  1237   1338   1386   11
r  1336   1387   1236   11
r  700   648   698   11
r  898   999   997   11
r  848   648   999   11
r  949   998   898   11
r  998   849   899   11
r  999   900   997   11
r  1821   1770   1870   11
r  2319   2366   2368   11
r  2317   2268   2415   11
r  2463   2412   2415   11
r  2466   2366   2413   11
r  2368   2419   2415   11
r  2418   2469   2415   11
r  1630   1681   1730   11
r  843   891   841   11
r  1533   1434   1486   11
r  1288   1236   1290   11
r  1290   1339   1241   11
r  947   898   999   11
r  1049   1097   997   11
r  1971   2022   1969   11
r  2369   2371   2317   11
r  2469   2368   2369   11
r  2470   2369   2368   11
r  1782   1731   1682   11
r  1241   1342   1292   11
r  1244   1192   1396   11
r  1927   1878   1979   11
r  1878   1829   1979   11
r  1340   1391   1342   11
r  1148   1196   1396   11
r  1197   1149   1396   11
r  2173   2371   2424   11
r  2472   2371   2424   11
r  2274   2323   2371   11
r  2374   2274   2425   11
r  2325   2425   2274   11
r  1295   1247   1396   11
r  1250   1299   1147   11
r  1300   1348   1449   11
r  1298   1300   1449   11
r  1344   1445   1449   11
r  1544   1641   1396   11
r  1442   1342   1396   11
r  1497   1499   1396   11
r  1548   1449   1396   11
r  1595   1642   1396   11
r  2271   2274   2424   11
r  2224   2424   2371   11
r  2473   2371   2424   11
r  2376   2371   2425   11
r  2428   2425   2371   11
r  2377   2425   2371   11
r  2373   2425   2371   11
r  2478   2425   2371   11
r  2427   2371   2424   11
r  2275   2375   2424   11
r  2326   2375   2424   11
r  2475   2479   2371   11
r  2375   2424   2371   11
r  2476   2424   2371   11
r  1689   1638   1641   11
r  1788   1790   1839   11
r  1589   1641   1541   11
r  1885   1785   1882   11
r  1495   1396   1449   11
r  1550   1396   1648   11
r  1599   1697   1648   11
r  1546   1396   1648   11
r  1699   1648   1748   11
r  1698   1700   1650   11
r  1645   1596   1697   11
r  1750   1697   1698   11
r  1600   1649   1697   11
r  1746   1697   1748   11
r  1542   1641   1642   11
r  1838   1786   1789   11
r  1749   1648   1599   11
r  1898   2048   2098   11
r  2432   2379   2434   11
r  2380   2431   2480   11
r  2382   2380   2379   11
r  2482   2434   2382   11
r  1950   1948   1850   11
r  1997   1949   1898   11
r  2049   2047   1898   11
r  2000   2098   1898   11
r  1999   1948   1898   11
r  2098   1948   2050   11
r  1900   1898   1948   11
r  2330   2379   2279   11
r  2484   2382   2436   11
r  2435   2486   2438   11
r  2385   2436   2484   11
r  1944   1993   1991   11
r  2285   2385   2436   11
r  2099   2050   1948   11
r  1995   2144   1948   11
r  2097   2144   1948   11
r  2150   2447   2298   11
r  2437   2489   2386   11
r  2335   2436   2438   11
r  2289   2291   2436   11
r  2489   2438   2436   11
r  2341   2292   2436   11
r  2493   2291   2436   11
r  2442   2341   2436   11
r  2198   2298   2447   11
r  2149   2297   2298   11
r  2096   1948   2144   11
r  2200   2447   2297   11
r  2338   2436   2389   11
r  2444   2298   2447   11
r  2492   2341   2291   11
r  2391   2290   2291   11
r  2494   2443   2297   11
r  2146   2094   2297   11
r  2199   2299   2297   11
r  2299   2447   2396   11
r  2247   2299   2298   11
r  2296   2298   2449   11
r  2347   2449   2298   11
r  2400   2449   2447   11
r  2499   2447   2298   11
r  2196   2144   2447   11
r  2394   2445   2298   11
r  2497   2396   2298   11
r  2195   2298   2297   11
r  2496   2298   2297   11
r  2498   2298   2297   11
r  2350   2447   2297   11
r  2399   2298   2297   11
r  2445   2447   2297   11
r  2495   2447   2297   11
r  2346   2298   2297   11
r  2345   2447   2297   11
r  2449   2298   2297   11
r  2300   2298   2297   11
r  2249   2298   2297   11
r  2294   2297   2447   11
r  2250   2297   2447   11
r  2246   2297   2299   11
r  2500   2297   2447   11
r  2450   2297   2298   11
r  2398   2297   2298   11
r  2295   2297   2298   11
r  2349   2297   2298   11
r  2395   2297   2298   11
r  2396   2297   2298   11
r  2448   2297   2298   11
r  52   254   302   12
r  3   302   254   12
r  252   153   403   12
r  205   306   254   12
r  154   105   254   12
r  206   259   302   12
r  56   254   302   12
r  251   403   302   12
r  356   254   302   12
r  405   356   302   12
r  155   254   302   12
r  57   254   302   12
r  103   152   302   12
r  5   8   302   12
r  207   156   302   12
r  256   259   302   12
r  202   302   403   12
r  307   207   259   12
r  201   302   254   12
r  306   302   254   12
r  452   302   254   12
r  357   259   254   12
r  308   259   254   12
r  208   259   254   12
r  158   259   254   12
r  501   254   553   12
r  502   254   553   12
r  10   111   112   12
r  13   112   116   12
r  61   112   10   12
r  15   116   64   12
r  12   116   112   12
r  16   116   112   12
r  65   116   112   12
r  261   310   360   12
r  17   166   116   12
r  118   166   116   12
r  412   464   514   12
r  655   806   802   12
r  753   806   801   12
r  801   854   704   12
r  852   903   854   12
r  806   854   652   12
r  903   854   652   12
r  704   755   652   12
r  901   1055   1004   12
r  754   652   802   12
r  216   164   265   12
r  119   168   166   12
r  20   170   166   12
r  70   21   168   12
r  854   802   652   12
r  415   515   463   12
r  711   760   658   12
r  905   1004   956   12
r  953   1004   1052   12
r  904   1055   1004   12
r  951   1004   1055   12
r  367   318   418   12
r  954   1055   1052   12
r  955   1004   1055   12
r  956   1004   1055   12
r  1001   952   1004   12
r  1054   1052   1155   12
r  320   269   219   12
r  23   25   77   12
r  77   75   124   12
r  73   125   80   12
r  224   226   172   12
r  717   816   817   12
r  764   813   613   12
r  809   710   811   12
r  861   910   810   12
r  1101   1004   1052   12
r  1103   1004   1055   12
r  1104   1155   1255   12
r  421   521   372   12
r  76   73   74   12
r  26   125   73   12
r  28   125   77   12
r  1012   1063   1064   12
r  1252   1255   1353   12
r  1058   960   1060   12
r  30   79   131   12
r  1403   1455   1202   12
r  1253   1255   1453   12
r  1254   1303   1453   12
r  1307   1305   1356   12
r  573   673   621   12
r  82   34   131   12
r  33   135   87   12
r  428   426   277   12
r  967   969   920   12
r  1068   1017   920   12
r  1552   1453   1654   12
r  1351   1453   1353   12
r  1451   1552   1353   12
r  1602   1653   1453   12
r  1505   1606   1453   12
r  1457   1505   1453   12
r  1310   1411   1410   12
r  674   723   825   12
r  34   138   135   12
r  1116   1118   1165   12
r  1551   1554   1654   12
r  1555   1453   1606   12
r  1655   1704   1554   12
r  724   825   824   12
r  677   675   576   12
r  36   134   135   12
r  138   87   135   12
r  186   87   135   12
r  40   142   135   12
r  39   188   135   12
r  283   332   334   12
r  139   88   87   12
r  287   138   87   12
r  288   189   87   12
r  140   189   87   12
r  285   237   87   12
r  432   331   483   12
r  1217   1268   1118   12
r  1219   1318   1118   12
r  1264   1164   1213   12
r  1751   1753   1654   12
r  1557   1555   1606   12
r  1651   1654   1753   12
r  1754   1654   2003   12
r  1802   1654   1653   12
r  1702   1654   1753   12
r  1462   1612   1561   12
r  289   138   189   12
r  1027   1029   1075   12
r  1270   1318   1471   12
r  1464   1515   1467   12
r  1851   1853   1753   12
r  1613   1564   1561   12
r  730   630   581   12
r  92   198   197   12
r  193   142   198   12
r  1469   1371   1318   12
r  1901   2054   2003   12
r  1953   2002   2054   12
r  2051   1951   2403   12
r  634   531   533   12
r  94   197   199   12
r  97   199   197   12
r  245   199   197   12
r  298   399   197   12
r  399   347   197   12
r  100   199   198   12
r  95   197   198   12
r  144   199   198   12
r  450   347   198   12
r  396   349   198   12
r  346   197   198   12
r  400   197   198   12
r  446   497   198   12
r  99   199   198   12
r  249   200   198   12
r  96   197   198   12
r  448   197   198   12
r  347   197   198   12
r  497   197   198   12
r  49   197   198   12
r  145   199   197   12
r  196   198   199   12
r  195   198   199   12
r  44   198   199   12
r  98   198   199   12
r  50   198   199   12
r  349   198   199   12
r  93   198   197   12
r  243   294   197   12
r  244   292   197   12
r  296   198   197   12
r  297   198   197   12
r  449   198   197   12
r  250   198   197   12
r  48   198   197   12
r  397   198   197   12
r  348   198   197   12
r  300   198   197   12
r  447   198   197   12
r  498   349   197   12
r  299   198   197   12
r  1324   1376   1322   12
r  1322   1422   1374   12
r  1031   1182   1130   12
r  1423   1374   1372   12
r  1373   1322   1422   12
r  1616   1517   1618   12
r  1520   1518   1467   12
r  1667   1619   1467   12
r  1668   1719   1467   12
r  2105   2205   2403   12
r  1714   1613   1814   12
r  1133   1184   1130   12
r  1426   1428   1477   12
r  884   833   933   12
r  2008   2010   2060   12
r  2057   2106   2009   12
r  2252   2352   2403   12
r  2202   2403   2204   12
r  2207   2158   2403   12
r  2405   2454   2403   12
r  2455   2403   2407   12
r  2154   2403   2253   12
r  2155   2255   2253   12
r  2205   2403   2253   12
r  2302   2355   2253   12
r  2401   2352   2253   12
r  2251   2302   2253   12
r  2301   2403   2253   12
r  2357   2403   2253   12
r  2358   2407   2253   12
r  2410   2310   2253   12
r  2454   2407   2253   12
r  2306   2157   2253   12
r  2355   2352   2406   12
r  2453   2253   2355   12
r  2201   2253   2355   12
r  2354   2253   2403   12
r  2304   2253   2403   12
r  2451   2253   2403   12
r  2308   2253   2403   12
r  2456   2253   2403   12
r  2309   2253   2403   12
r  1912   1961   1964   12
r  599   698   748   12
r  799   898   600   12
r  700   600   648   12
r  985   1084   1136   12
r  1768   1766   1721   12
r  1719   1670   1721   12
r  2359   2253   2407   12
r  1962   1964   1913   12
r  689   738   637   12
r  741   790   689   12
r  798   648   599   12
r  850   648   698   12
r  849   948   997   12
r  948   900   997   12
r  950   898   997   12
r  991   942   944   12
r  1188   1239   1338   12
r  1627   1578   1629   12
r  1870   1721   1769   12
r  1869   1768   1721   12
r  1871   1820   1721   12
r  2364   2315   2413   12
r  690   739   738   12
r  997   1048   1147   12
r  794   746   745   12
r  1681   1730   1783   12
r  1775   1822   1726   12
r  1773   1721   1825   12
r  2462   2413   2415   12
r  2464   2415   2365   12
r  2463   2415   2363   12
r  2420   2368   2415   12
r  993   941   944   12
r  1100   1046   1396   12
r  1586   1486   1637   12
r  1587   1636   1486   12
r  1043   944   994   12
r  1094   1145   1141   12
r  1196   1296   1396   12
r  1824   1773   1775   12
r  2120   2169   1922   12
r  2467   2415   2368   12
r  2369   2420   2424   12
r  2419   2470   2368   12
r  2320   2424   2371   12
r  2469   2369   2367   12
r  1149   1046   1396   12
r  1249   1300   1449   12
r  1345   1448   1449   12
r  1445   1494   1449   12
r  1296   1292   1449   12
r  1495   1449   1396   12
r  1550   1648   1396   12
r  1546   1648   1396   12
r  1697   1745   1396   12
r  1828   1776   1979   12
r  1295   1396   1449   12
r  1926   1923   1979   12
r  2222   2174   2371   12
r  2471   2371   2425   12
r  2472   2424   2371   12
r  2172   2220   2424   12
r  1347   1396   1449   12
r  1548   1396   1449   12
r  1699   1748   1648   12
r  1646   1648   1748   12
r  1700   1599   1649   12
r  1650   1699   1697   12
r  1600   1697   1698   12
r  1749   1599   1648   12
r  1543   1591   1642   12
r  1689   1641   1642   12
r  2221   2272   2424   12
r  2271   2424   2371   12
r  2226   2175   2125   12
r  2225   2174   2424   12
r  2325   2424   2371   12
r  2474   2371   2326   12
r  2376   2425   2371   12
r  2273   2371   2425   12
r  2373   2371   2425   12
r  2473   2471   2371   12
r  2326   2425   2371   12
r  2375   2371   2424   12
r  2476   2371   2424   12
r  2276   2224   2424   12
r  2477   2424   2371   12
r  1798   1898   1948   12
r  1800   1648   1948   12
r  1799   1648   1898   12
r  1643   1592   1641   12
r  1840   1789   1838   12
r  2430   2434   2432   12
r  2034   1884   2031   12
r  1850   1948   2050   12
r  1950   1850   1948   12
r  2048   1948   1898   12
r  2046   2050   1898   12
r  2099   1948   1898   12
r  1900   1849   1898   12
r  2098   2050   1948   12
r  1793   1744   1742   12
r  1743   1794   1845   12
r  1940   1987   1791   12
r  2280   2329   2328   12
r  2481   2432   2430   12
r  2380   2432   2382   12
r  2330   2279   2379   12
r  1843   1641   1744   12
r  1998   1898   2050   12
r  2097   2297   1946   12
r  1999   1898   1948   12
r  2150   2298   2447   12
r  1995   1948   2144   12
r  2096   2144   2044   12
r  2149   2298   2297   12
r  2091   2140   2143   12
r  2483   2434   2432   12
r  2384   2484   2386   12
r  2283   2231   2436   12
r  2188   2139   2087   12
r  2235   2431   2436   12
r  2093   2090   2042   12
r  2147   1994   2297   12
r  2198   2447   2298   12
r  2200   2297   2447   12
r  2146   2144   2298   12
r  2194   2094   2297   12
r  2199   2447   2298   12
r  2485   2334   2386   12
r  2335   2386   2436   12
r  2440   2438   2386   12
r  2490   2443   2438   12
r  2487   2438   2386   12
r  2390   2290   2441   12
r  2338   2389   2436   12
r  2291   2339   2436   12
r  2290   2443   2436   12
r  2492   2291   2436   12
r  2392   2441   2436   12
r  2240   2291   2436   12
r  2391   2291   2436   12
r  2340   2291   2436   12
r  2299   2396   2447   12
r  2298   2400   2496   12
r  2296   2447   2298   12
r  2245   2298   2447   12
r  2400   2447   2449   12
r  2344   2447   2298   12
r  2499   2298   2447   12
r  2196   2447   2298   12
r  2494   2447   2443   12
r  2346   2447   2298   12
r  2300   2447   2298   12
r  2249   2447   2298   12
r  2443   2436   2297   12
r  2193   2144   2297   12
r  2250   2447   2297   12
r  2246   2298   2297   12
r  2450   2447   2297   12
r  2295   2449   2297   12
r  2349   2298   2297   12
r  2395   2447   2297   12
r  2396   2447   2297   12
r  2294   2245   2297   12
r  2500   2447   2297   12
r  2448   2298   2297   12
r  2398   2447   2297   12
r  2498   2297   2298   12
r  2399   2297   2298   12
r  2343   2443   2447   12
r  2394   2297   2447   12
r  2350   2297   2447   12
r  2445   2297   2447   12
r  2345   2297   2447   12
r  2495   2297   2447   12
r  2449   2297   2298   12
r  2244   2297   2298   12
r  2442   2436   2438   12
r  52   101   254   13
r  3   103   302   13
r  304   101   403   13
r  204   155   101   13
r  356   307   254   13
r  57   54   254   13
r  103   254   403   13
r  202   254   302   13
r  106   55   302   13
r  201   254   302   13
r  454   502   302   13
r  307   254   302   13
r  452   254   302   13
r  153   302   403   13
r  56   302   254   13
r  155   302   254   13
r  108   302   254   13
r  258   206   254   13
r  502   553   254   13
r  501   603   601   13
r  503   454   603   13
r  604   553   802   13
r  601   502   553   13
r  161   261   259   13
r  61   10   112   13
r  15   64   116   13
r  16   64   166   13
r  13   116   112   13
r  64   166   112   13
r  117   17   112   13
r  163   212   112   13
r  653   752   751   13
r  409   259   457   13
r  605   554   553   13
r  12   112   60   13
r  67   166   19   13
r  167   116   69   13
r  17   64   166   13
r  118   167   166   13
r  215   166   116   13
r  751   702   854   13
r  803   852   652   13
r  706   704   652   13
r  903   652   1055   13
r  901   1004   1055   13
r  854   652   802   13
r  902   1102   802   13
r  313   316   264   13
r  514   314   415   13
r  170   70   121   13
r  120   222   71   13
r  951   1055   1004   13
r  952   1055   954   13
r  954   1052   956   13
r  708   710   608   13
r  660   608   658   13
r  757   808   856   13
r  414   363   514   13
r  21   69   70   13
r  367   418   318   13
r  1003   1055   1052   13
r  1005   954   1052   13
r  1101   1052   1004   13
r  1001   1055   1052   13
r  761   710   810   13
r  712   764   714   13
r  565   665   664   13
r  123   172   224   13
r  73   77   125   13
r  1103   1055   1004   13
r  1202   1301   1453   13
r  1252   1153   1453   13
r  23   77   79   13
r  28   131   125   13
r  80   131   77   13
r  867   766   920   13
r  1356   1156   1155   13
r  1251   1353   1453   13
r  914   963   912   13
r  375   225   323   13
r  522   672   623   13
r  31   82   131   13
r  130   128   178   13
r  1355   1255   1453   13
r  1304   1456   1453   13
r  1404   1453   1353   13
r  1456   1505   1453   13
r  1401   1353   1352   13
r  1351   1353   1453   13
r  1551   1654   1453   13
r  1062   1064   1013   13
r  1112   1013   1065   13
r  672   723   670   13
r  572   623   621   13
r  477   576   474   13
r  180   84   131   13
r  231   280   279   13
r  1411   1409   1561   13
r  1310   1359   1411   13
r  1556   1554   1456   13
r  1701   1753   1551   13
r  1063   1065   965   13
r  1014   965   1113   13
r  1114   1066   1065   13
r  722   675   774   13
r  674   825   725   13
r  626   675   728   13
r  874   973   923   13
r  1706   1655   1905   13
r  1803   1852   2003   13
r  1756   1858   1856   13
r  1651   1753   1654   13
r  1754   2003   1654   13
r  1802   1653   1654   13
r  1851   2003   1654   13
r  1702   1753   2003   13
r  1751   1654   1753   13
r  773   826   724   13
r  138   189   87   13
r  186   235   87   13
r  284   235   135   13
r  88   91   135   13
r  90   188   135   13
r  139   87   135   13
r  286   235   87   13
r  236   135   87   13
r  239   338   87   13
r  1168   1166   1318   13
r  1218   1267   1270   13
r  1216   1164   1118   13
r  1363   1415   1467   13
r  2002   1954   2253   13
r  338   138   240   13
r  337   388   436   13
r  1120   1171   1072   13
r  1074   1076   975   13
r  1172   1073   1072   13
r  1365   1416   1467   13
r  1904   2002   2253   13
r  2001   1903   1905   13
r  1952   2054   2003   13
r  1953   2054   2002   13
r  2004   2253   2002   13
r  2055   2107   2253   13
r  42   90   198   13
r  43   197   198   13
r  242   194   197   13
r  386   438   388   13
r  193   198   197   13
r  1370   1419   1318   13
r  1568   1668   1467   13
r  1570   1623   1467   13
r  1957   2056   2008   13
r  2103   2204   2403   13
r  2356   2407   2403   13
r  2202   2204   2403   13
r  2104   2053   2403   13
r  2458   2407   2403   13
r  2208   2108   2403   13
r  2405   2403   2407   13
r  2455   2407   2403   13
r  2453   2355   2253   13
r  2201   2355   2253   13
r  2354   2403   2253   13
r  2304   2403   2253   13
r  2451   2403   2253   13
r  2308   2407   2253   13
r  2456   2407   2253   13
r  2359   2408   2253   13
r  2360   2460   2253   13
r  2309   2407   2253   13
r  2159   2210   2253   13
r  2153   2253   2403   13
r  1810   2058   1960   13
r  1910   1809   2009   13
r  1030   1081   932   13
r  46   197   199   13
r  345   394   197   13
r  246   197   199   13
r  399   197   199   13
r  400   347   197   13
r  196   199   198   13
r  195   197   198   13
r  98   197   198   13
r  349   199   198   13
r  93   197   198   13
r  296   197   198   13
r  297   199   198   13
r  449   197   198   13
r  250   199   198   13
r  48   249   198   13
r  397   197   198   13
r  348   399   198   13
r  300   399   198   13
r  447   197   198   13
r  498   197   198   13
r  299   197   198   13
r  44   197   198   13
r  50   199   198   13
r  293   197   198   13
r  145   296   199   13
r  45   198   199   13
r  398   198   199   13
r  350   198   199   13
r  144   198   199   13
r  99   198   199   13
r  298   198   199   13
r  245   198   199   13
r  94   198   197   13
r  499   198   197   13
r  95   198   197   13
r  346   198   197   13
r  96   198   197   13
r  448   198   197   13
r  347   198   197   13
r  49   198   197   13
r  343   443   197   13
r  444   395   197   13
r  294   197   199   13
r  1374   1323   1422   13
r  1620   1520   1721   13
r  1569   1467   1618   13
r  1765   1716   1767   13
r  2255   2253   2403   13
r  2256   2253   2403   13
r  2351   2253   2355   13
r  2407   2253   2403   13
r  2106   2253   2403   13
r  2259   2253   2403   13
r  2408   2253   2403   13
r  2211   2209   2208   13
r  1184   1136   1130   13
r  548   197   648   13
r  986   937   1136   13
r  2362   2415   2413   13
r  2313   2311   2415   13
r  2363   2415   2411   13
r  1962   1913   1964   13
r  696   648   698   13
r  599   648   698   13
r  799   600   599   13
r  800   798   599   13
r  899   999   997   13
r  750   599   698   13
r  798   599   648   13
r  850   698   648   13
r  847   845   648   13
r  1382   1431   1331   13
r  984   1084   1136   13
r  1036   1084   1136   13
r  988   1037   1136   13
r  1870   1770   1721   13
r  2462   2363   2413   13
r  2263   2311   2415   13
r  2314   2414   2363   13
r  2414   2411   2363   13
r  2465   2413   2412   13
r  2463   2365   2415   13
r  2466   2415   2363   13
r  2464   2365   2415   13
r  2417   2368   2317   13
r  2418   2366   2317   13
r  2467   2366   2415   13
r  2468   2368   2415   13
r  2470   2368   2415   13
r  1625   1678   1628   13
r  2072   2023   1922   13
r  2268   2270   2317   13
r  2269   2369   2371   13
r  2469   2367   2368   13
r  2420   2415   2424   13
r  2471   2425   2371   13
r  1237   1239   1338   13
r  744   742   795   13
r  999   948   898   13
r  947   999   898   13
r  1048   898   997   13
r  1047   1096   1147   13
r  1097   898   1396   13
r  1050   1147   997   13
r  1147   1196   1396   13
r  1630   1682   1783   13
r  1827   1825   1726   13
r  2073   2024   2020   13
r  2123   2223   2371   13
r  2370   2424   2421   13
r  2472   2421   2424   13
r  1533   1486   1484   13
r  1389   1338   1441   13
r  994   992   942   13
r  893   945   992   13
r  1349   1398   1298   13
r  1299   1350   1449   13
r  1246   1145   1449   13
r  1597   1648   1449   13
r  1195   1091   1396   13
r  1295   1449   1396   13
r  1347   1449   1396   13
r  1548   1597   1396   13
r  1599   1648   1396   13
r  1699   1648   1396   13
r  1779   1927   1979   13
r  1680   1682   1781   13
r  1780   1783   1682   13
r  1586   1637   1537   13
r  1043   992   995   13
r  2222   2371   2424   13
r  2171   2222   2371   13
r  2325   2371   2424   13
r  2474   2326   2371   13
r  2375   2427   2371   13
r  2224   2371   2424   13
r  2477   2425   2424   13
r  2275   2424   2425   13
r  2478   2424   2425   13
r  2373   2424   2371   13
r  2476   2424   2371   13
r  2273   2424   2371   13
r  1340   1342   1291   13
r  1248   1396   1449   13
r  1495   1396   1449   13
r  1646   1697   1648   13
r  1897   1849   1648   13
r  1798   1896   1697   13
r  1739   1788   1838   13
r  2129   2082   2176   13
r  2480   2432   2382   13
r  1883   1934   1984   13
r  1834   1785   1882   13
r  1881   1781   1833   13
r  1896   1993   1948   13
r  1590   1642   1592   13
r  1980   2031   2033   13
r  1884   1882   1832   13
r  1589   1638   1641   13
r  2481   2382   2432   13
r  2331   2233   2379   13
r  2433   2430   2381   13
r  1850   2050   1948   13
r  1794   1845   1742   13
r  1894   1896   1744   13
r  2050   1899   1896   13
r  2048   1949   1948   13
r  2046   1948   1995   13
r  1946   2144   1898   13
r  1998   2050   1898   13
r  1996   1948   1898   13
r  2096   1995   1898   13
r  2098   2049   2050   13
r  2148   2297   2447   13
r  2099   1898   1948   13
r  2147   2297   1948   13
r  1793   1742   1744   13
r  2282   2279   2233   13
r  2385   2484   2436   13
r  1843   1841   1845   13
r  2150   2447   2298   13
r  2198   2297   2447   13
r  2149   2297   2298   13
r  2145   2094   2044   13
r  2197   2297   2298   13
r  2486   2386   2441   13
r  2440   2386   2438   13
r  2286   2234   2386   13
r  2487   2386   2438   13
r  2291   2443   2441   13
r  2187   2389   2436   13
r  2236   2287   2436   13
r  2190   2443   2436   13
r  2137   2186   2436   13
r  2443   2297   2436   13
r  2086   1986   2037   13
r  2200   2447   2297   13
r  2196   2297   2447   13
r  2199   2298   2447   13
r  2448   2297   2298   13
r  2294   2297   2298   13
r  2343   2394   2297   13
r  2249   2298   2447   13
r  2250   2298   2447   13
r  2395   2298   2447   13
r  2500   2297   2447   13
r  2398   2298   2447   13
r  2344   2298   2447   13
r  2450   2297   2447   13
r  2396   2298   2447   13
r  2195   2295   2447   13
r  2449   2298   2297   13
r  2139   2088   2188   13
r  2489   2436   2438   13
r  2339   2436   2438   13
r  2293   2396   2298   13
r  2494   2297   2298   13
r  2442   2438   2297   13
r  2444   2447   2298   13
r  2245   2447   2298   13
r  2400   2449   2298   13
r  2499   2447   2298   13
r  2349   2447   2298   13
r  2243   1995   2297   13
r  2498   2447   2297   13
r  2399   2447   2297   13
r  2394   2447   2297   13
r  2350   2447   2297   13
r  2445   2447   2297   13
r  2345   2447   2297   13
r  2495   2447   2297   13
r  2244   2195   2297   13
r  2300   2297   2496   13
r  2246   2297   2298   13
r  101   254   403   14
r  7   254   403   14
r  152   254   403   14
r  103   403   254   14
r  202   403   254   14
r  201   101   254   14
r  452   403   254   14
r  153   254   302   14
r  305   254   302   14
r  306   254   302   14
r  158   254   302   14
r  56   254   302   14
r  155   254   302   14
r  108   254   302   14
r  502   603   302   14
r  157   208   302   14
r  53   302   403   14
r  102   302   403   14
r  251   302   403   14
r  401   302   403   14
r  307   302   254   14
r  58   110   254   14
r  453   553   254   14
r  60   112   254   14
r  357   254   259   14
r  159   259   112   14
r  551   553   603   14
r  553   602   802   14
r  554   601   652   14
r  115   64   166   14
r  12   60   112   14
r  167   66   112   14
r  752   654   854   14
r  607   659   658   14
r  658   710   610   14
r  854   805   652   14
r  901   1055   652   14
r  853   802   652   14
r  18   69   166   14
r  70   19   68   14
r  709   711   609   14
r  661   610   658   14
r  904   955   1055   14
r  905   956   1052   14
r  951   1004   1055   14
r  954   902   1055   14
r  955   1052   1004   14
r  1003   1155   1055   14
r  1101   1004   1052   14
r  1103   1004   1055   14
r  1106   1155   1055   14
r  1104   1106   1055   14
r  1001   1052   952   14
r  272   220   270   14
r  22   77   74   14
r  809   811   911   14
r  863   865   810   14
r  1102   1055   1004   14
r  1202   1353   1402   14
r  471   469   419   14
r  26   73   125   14
r  80   129   125   14
r  76   125   73   14
r  24   125   76   14
r  27   125   79   14
r  668   619   569   14
r  865   917   920   14
r  1207   1156   1255   14
r  1305   1356   1206   14
r  1302   1353   1402   14
r  1303   1402   1255   14
r  521   524   621   14
r  28   125   80   14
r  30   78   79   14
r  32   131   79   14
r  1061   1009   1008   14
r  1406   1455   1453   14
r  1501   1453   1353   14
r  1401   1453   1353   14
r  1404   1353   1453   14
r  1606   1657   1453   14
r  1507   1556   1453   14
r  571   623   670   14
r  572   621   623   14
r  573   672   571   14
r  133   82   87   14
r  1063   1014   1065   14
r  1014   1065   1112   14
r  1016   970   920   14
r  873   973   920   14
r  1551   1453   1654   14
r  1555   1606   1654   14
r  1556   1607   1654   14
r  478   527   578   14
r  183   181   87   14
r  134   185   87   14
r  1460   1511   1512   14
r  1851   1753   2003   14
r  1804   2003   1654   14
r  1751   2003   1654   14
r  677   776   728   14
r  628   728   679   14
r  776   725   774   14
r  380   429   280   14
r  37   34   35   14
r  139   237   87   14
r  234   232   135   14
r  89   189   135   14
r  237   87   135   14
r  236   185   135   14
r  189   290   135   14
r  288   87   135   14
r  235   135   87   14
r  186   135   84   14
r  141   138   87   14
r  289   189   87   14
r  1117   1068   1217   14
r  1123   1121   973   14
r  1512   1461   1510   14
r  1901   2002   1903   14
r  1415   1364   1467   14
r  140   87   189   14
r  91   192   197   14
r  1275   1224   1174   14
r  1077   1128   1075   14
r  1713   1661   1762   14
r  2052   2253   2403   14
r  1954   1951   2002   14
r  2054   2005   2253   14
r  2056   2054   2003   14
r  1417   1415   1515   14
r  1717   1616   1467   14
r  781   730   581   14
r  42   197   199   14
r  92   45   198   14
r  43   198   199   14
r  292   391   197   14
r  387   438   486   14
r  978   1027   932   14
r  1763   1714   1765   14
r  2006   2003   2253   14
r  2107   2158   2403   14
r  2307   2406   2403   14
r  2258   2158   2403   14
r  2459   2407   2403   14
r  2409   2406   2403   14
r  2357   2308   2403   14
r  2358   2406   2403   14
r  2354   2252   2403   14
r  2304   2353   2403   14
r  2153   2051   2253   14
r  2255   2403   2253   14
r  2256   2209   2253   14
r  2351   2403   2253   14
r  2407   2307   2253   14
r  2106   2157   2253   14
r  2259   2403   2253   14
r  2408   2403   2253   14
r  2460   2362   2253   14
r  2209   2260   2253   14
r  633   582   533   14
r  981   1082   930   14
r  982   931   930   14
r  97   197   199   14
r  345   197   199   14
r  196   200   199   14
r  195   199   197   14
r  98   199   197   14
r  349   197   199   14
r  93   44   197   14
r  296   199   197   14
r  250   197   199   14
r  348   197   199   14
r  498   447   197   14
r  50   197   199   14
r  45   199   198   14
r  398   199   198   14
r  350   199   198   14
r  144   199   198   14
r  99   199   198   14
r  244   197   198   14
r  298   199   198   14
r  245   197   198   14
r  346   197   198   14
r  96   197   198   14
r  448   197   198   14
r  347   197   198   14
r  49   197   198   14
r  95   199   198   14
r  550   698   198   14
r  295   343   198   14
r  343   197   198   14
r  100   198   199   14
r  47   198   199   14
r  396   198   199   14
r  150   198   199   14
r  300   198   199   14
r  400   198   199   14
r  46   198   197   14
r  246   198   197   14
r  399   198   197   14
r  497   198   197   14
r  397   198   197   14
r  447   198   197   14
r  299   198   197   14
r  44   198   197   14
r  344   295   197   14
r  395   397   197   14
r  496   445   197   14
r  294   199   197   14
r  487   535   436   14
r  1178   1075   1129   14
r  1814   1765   1816   14
r  2306   2253   2355   14
r  2257   2253   2403   14
r  2156   2253   2403   14
r  2457   2253   2403   14
r  2405   2253   2403   14
r  2155   2253   2403   14
r  2205   2253   2403   14
r  2301   2253   2403   14
r  2451   2253   2403   14
r  2359   2253   2403   14
r  2406   2253   2403   14
r  2154   2253   2403   14
r  2360   2253   2403   14
r  2310   2253   2208   14
r  2159   2253   2260   14
r  1962   1964   1913   14
r  2012   2112   1964   14
r  684   581   635   14
r  1965   2017   1967   14
r  1818   1869   1721   14
r  2361   2410   2413   14
r  2362   2413   2415   14
r  2313   2415   2413   14
r  2462   2413   2317   14
r  1672   1626   1726   14
r  2067   1967   2065   14
r  1134   1136   1085   14
r  699   599   647   14
r  800   599   698   14
r  696   698   648   14
r  695   647   648   14
r  599   698   648   14
r  898   998   648   14
r  1525   1426   1427   14
r  1429   1427   1477   14
r  1334   1331   1434   14
r  1188   1338   986   14
r  938   789   840   14
r  787   888   738   14
r  1919   2072   1922   14
r  2465   2363   2413   14
r  2363   2411   2415   14
r  2464   2415   2363   14
r  2466   2363   2368   14
r  2417   2317   2368   14
r  2467   2368   2317   14
r  2468   2317   2368   14
r  2216   2318   2415   14
r  2268   2368   2415   14
r  2419   2368   2415   14
r  2469   2317   2415   14
r  2266   2215   2415   14
r  1677   1726   1728   14
r  1284   1335   1236   14
r  747   648   698   14
r  950   899   898   14
r  1089   1138   1140   14
r  2166   2217   2065   14
r  1969   2070   1922   14
r  2319   2368   2371   14
r  2369   2317   2371   14
r  2470   2415   2371   14
r  2420   2424   2371   14
r  1826   1875   1726   14
r  1971   1969   2020   14
r  1287   1336   1386   14
r  1098   1149   1396   14
r  1046   1097   1396   14
r  1148   1396   997   14
r  743   792   745   14
r  1633   1585   1581   14
r  1533   1485   1434   14
r  2370   2421   2424   14
r  2325   2424   2371   14
r  1732   1631   1781   14
r  2222   2424   2371   14
r  2171   2225   2424   14
r  1146   1100   1396   14
r  1100   1396   1147   14
r  1199   997   1396   14
r  1598   1496   1449   14
r  1294   1343   1449   14
r  1545   1596   1449   14
r  1596   1598   1449   14
r  1550   1448   1449   14
r  1248   1449   1396   14
r  1495   1498   1396   14
r  1696   1648   1396   14
r  1144   1245   1396   14
r  1748   1697   1396   14
r  893   992   942   14
r  1586   1686   1637   14
r  2275   2425   2424   14
r  2377   2424   2425   14
r  2478   2425   2424   14
r  2172   2424   2371   14
r  2479   2425   2371   14
r  2427   2424   2371   14
r  2221   2424   2371   14
r  2224   2173   2371   14
r  2428   2371   2425   14
r  2327   2371   2425   14
r  2473   2371   2323   14
r  2271   2371   2424   14
r  2373   2371   2424   14
r  2476   2371   2424   14
r  2273   2371   2424   14
r  1347   1396   1449   14
r  1295   1396   1449   14
r  1443   1494   1392   14
r  1493   1642   1641   14
r  1600   1698   1649   14
r  1542   1642   1641   14
r  1700   1648   1697   14
r  1800   1948   1898   14
r  1931   2031   2033   14
r  1883   1984   2031   14
r  1884   1984   1882   14
r  2179   2176   2130   14
r  1750   1648   1948   14
r  1795   1896   1898   14
r  1799   1899   1948   14
r  1592   1641   1640   14
r  1589   1541   1642   14
r  1689   1642   1641   14
r  1839   1890   1791   14
r  2481   2432   2382   14
r  2431   2480   2433   14
r  1982   2033   2084   14
r  1845   1744   1894   14
r  2045   2094   1898   14
r  2097   1946   1898   14
r  1999   1948   1898   14
r  2099   2047   1898   14
r  2147   2144   1898   14
r  2096   1898   1948   14
r  2046   1898   1948   14
r  2482   2381   2436   14
r  2183   2284   2436   14
r  2149   2298   2297   14
r  2146   2298   2447   14
r  2197   2447   2297   14
r  2198   2447   2297   14
r  2288   2389   2438   14
r  2286   2386   2438   14
r  2390   2441   2290   14
r  2240   2341   2441   14
r  2391   2239   2290   14
r  2333   2432   2436   14
r  2489   2438   2436   14
r  2339   2438   2436   14
r  2237   2188   2436   14
r  2241   2239   2436   14
r  2442   2493   2436   14
r  2186   2237   2436   14
r  2136   2037   2085   14
r  2200   2297   2447   14
r  2194   2297   2298   14
r  2199   2447   2298   14
r  2196   2447   2297   14
r  2448   2298   2297   14
r  2250   2297   2298   14
r  2395   2297   2298   14
r  2500   2298   2297   14
r  2398   2297   2298   14
r  2450   2298   2297   14
r  2245   2298   2447   14
r  2400   2298   2447   14
r  2499   2297   2447   14
r  2346   2298   2447   14
r  2295   2298   2447   14
r  2349   2297   2447   14
r  2498   2297   2447   14
r  2394   2297   2447   14
r  2345   2298   2447   14
r  2444   2298   2447   14
r  2296   2298   2447   14
r  2350   2297   2447   14
r  2449   2397   2298   14
r  2195   2447   2298   14
r  2287   2436   2386   14
r  2490   2436   2386   14
r  2392   2436   2443   14
r  2343   2447   2298   14
r  2494   2443   2297   14
r  2344   2447   2298   14
r  2249   2447   2298   14
r  2396   2447   2298   14
r  2300   2496   2297   14
r  2246   2298   2297   14
r  2445   2297   2298   14
r  2495   2297   2298   14
r  1   302   403   15
r  51   254   403   15
r  101   403   254   15
r  52   254   403   15
r  3   302   403   15
r  251   403   302   15
r  401   403   302   15
r  256   302   403   15
r  208   309   302   15
r  57   302   403   15
r  258   207   302   15
r  7   403   254   15
r  152   302   254   15
r  153   302   254   15
r  305   302   254   15
r  306   302   254   15
r  158   302   254   15
r  56   302   254   15
r  108   106   254   15
r  155   302   254   15
r  551   502   254   15
r  53   254   302   15
r  102   254   302   15
r  151   254   403   15
r  203   254   403   15
r  351   254   403   15
r  54   254   403   15
r  6   254   403   15
r  205   254   403   15
r  201   254   403   15
r  206   254   403   15
r  8   254   302   15
r  307   254   302   15
r  58   254   302   15
r  257   206   302   15
r  159   108   302   15
r  308   254   259   15
r  552   504   802   15
r  556   504   802   15
r  60   254   112   15
r  653   802   752   15
r  604   504   652   15
r  115   166   69   15
r  17   116   112   15
r  606   655   652   15
r  557   657   658   15
r  855   852   652   15
r  704   652   753   15
r  754   806   652   15
r  853   902   802   15
r  1003   1055   802   15
r  67   19   69   15
r  18   166   69   15
r  509   458   410   15
r  804   802   652   15
r  805   802   652   15
r  904   1004   1052   15
r  1055   1052   1155   15
r  952   1004   1055   15
r  216   265   316   15
r  19   68   70   15
r  266   317   264   15
r  515   564   463   15
r  1105   1206   1255   15
r  1101   1052   1004   15
r  1001   952   1055   15
r  1102   1002   1055   15
r  122   224   77   15
r  565   516   665   15
r  417   317   318   15
r  616   665   618   15
r  859   959   810   15
r  1356   1257   1206   15
r  77   25   79   15
r  372   323   473   15
r  816   716   665   15
r  669   666   620   15
r  1304   1453   1255   15
r  1110   1262   1059   15
r  126   80   77   15
r  76   73   125   15
r  24   77   125   15
r  27   79   125   15
r  127   80   125   15
r  28   77   125   15
r  963   965   1064   15
r  817   868   920   15
r  768   770   920   15
r  619   621   668   15
r  866   817   767   15
r  1502   1453   1353   15
r  1351   1453   1353   15
r  1404   1453   1353   15
r  1504   1552   1353   15
r  1452   1551   1654   15
r  1554   1602   1753   15
r  1602   1654   2003   15
r  1552   1353   1453   15
r  1501   1353   1453   15
r  1401   1353   1453   15
r  1555   1552   1453   15
r  1506   1555   1453   15
r  1652   1654   1453   15
r  1553   1555   1453   15
r  1754   1654   1453   15
r  226   274   277   15
r  25   125   80   15
r  129   131   180   15
r  425   474   427   15
r  964   1015   1064   15
r  916   918   920   15
r  571   620   623   15
r  1802   1654   1554   15
r  1651   1654   1753   15
r  1702   1803   1654   15
r  228   230   131   15
r  33   87   135   15
r  327   378   427   15
r  1014   1112   1065   15
r  1019   970   920   15
r  823   826   920   15
r  772   825   774   15
r  723   725   775   15
r  1461   1412   1512   15
r  1953   2002   1905   15
r  2053   2002   2403   15
r  2054   2253   2403   15
r  1954   2002   1903   15
r  1854   2003   2002   15
r  183   87   135   15
r  578   477   576   15
r  675   825   775   15
r  874   975   973   15
r  773   825   776   15
r  1511   1612   1661   15
r  2052   2054   2253   15
r  1906   1858   2009   15
r  1265   1216   1314   15
r  1266   1315   1264   15
r  184   87   84   15
r  36   84   34   15
r  284   232   87   15
r  88   90   84   15
r  234   334   87   15
r  189   90   87   15
r  235   184   135   15
r  186   87   135   15
r  188   289   135   15
r  141   87   135   15
r  190   87   135   15
r  285   385   135   15
r  239   87   135   15
r  289   87   135   15
r  233   135   87   15
r  283   334   332   15
r  37   135   84   15
r  138   135   84   15
r  40   135   84   15
r  237   135   87   15
r  288   135   87   15
r  140   189   87   15
r  678   726   626   15
r  875   926   975   15
r  826   775   824   15
r  1565   1467   1513   15
r  2206   2204   2403   15
r  2352   2403   2355   15
r  2157   2259   2403   15
r  2351   2355   2403   15
r  2306   2355   2253   15
r  2257   2403   2253   15
r  2156   2403   2253   15
r  2457   2403   2253   15
r  2405   2403   2253   15
r  2155   2403   2253   15
r  2205   2403   2253   15
r  2301   2355   2253   15
r  2359   2407   2253   15
r  2406   2403   2253   15
r  2154   2403   2253   15
r  2360   2309   2253   15
r  2210   2208   2253   15
r  2451   2403   2253   15
r  2255   2253   2403   15
r  2259   2253   2403   15
r  2408   2253   2403   15
r  2209   2253   2403   15
r  2310   2208   2403   15
r  2361   2415   2403   15
r  1809   1758   1911   15
r  1569   1618   1467   15
r  91   197   198   15
r  142   91   199   15
r  333   335   434   15
r  41   197   199   15
r  531   580   533   15
r  1026   1126   975   15
r  1270   1371   1318   15
r  1909   1960   2008   15
r  1766   1715   1815   15
r  630   579   681   15
r  92   197   199   15
r  43   199   197   15
r  192   140   197   15
r  143   198   199   15
r  42   198   197   15
r  1028   977   932   15
r  930   828   1029   15
r  2313   2413   2415   15
r  1964   1863   1962   15
r  1720   1669   1718   15
r  683   581   681   15
r  44   197   198   15
r  97   199   197   15
r  296   197   199   15
r  449   199   197   15
r  250   199   197   15
r  348   199   197   15
r  398   197   199   15
r  144   197   199   15
r  298   197   199   15
r  96   199   197   15
r  95   197   199   15
r  100   197   198   15
r  47   197   198   15
r  396   197   198   15
r  150   197   198   15
r  500   197   198   15
r  243   144   198   15
r  300   197   198   15
r  193   242   198   15
r  94   199   198   15
r  400   197   198   15
r  46   199   198   15
r  246   197   198   15
r  399   199   198   15
r  447   349   198   15
r  299   197   198   15
r  344   342   198   15
r  395   347   198   15
r  294   197   198   15
r  45   198   199   15
r  350   198   199   15
r  99   198   199   15
r  295   198   199   15
r  195   198   199   15
r  345   198   197   15
r  50   198   197   15
r  293   198   197   15
r  244   198   197   15
r  346   198   197   15
r  448   198   197   15
r  49   198   197   15
r  445   394   197   15
r  349   198   197   15
r  245   198   197   15
r  347   198   197   15
r  440   540   389   15
r  536   437   534   15
r  535   486   636   15
r  1323   1471   1374   15
r  981   1130   1030   15
r  1080   930   932   15
r  2214   2216   2315   15
r  2464   2413   2415   15
r  2466   2413   2415   15
r  2315   2215   2415   15
r  2267   2215   2415   15
r  2470   2317   2415   15
r  1871   1869   1769   15
r  1673   1726   1721   15
r  393   391   441   15
r  493   394   342   15
r  1280   1381   1380   15
r  1033   1082   1085   15
r  986   1084   1085   15
r  1919   1922   2072   15
r  2369   2371   2317   15
r  2469   2415   2317   15
r  2320   2371   2424   15
r  2420   2371   2424   15
r  1773   1775   1822   15
r  1677   1728   1726   15
r  737   788   637   15
r  596   496   698   15
r  747   698   648   15
r  599   648   698   15
r  798   648   898   15
r  1034   985   1136   15
r  2220   2320   2371   15
r  2325   2371   2424   15
r  2377   2425   2424   15
r  2172   2322   2424   15
r  2427   2425   2424   15
r  2221   2274   2424   15
r  2173   2222   2371   15
r  2473   2323   2371   15
r  2276   2225   2371   15
r  2373   2425   2371   15
r  2476   2374   2371   15
r  2273   2425   2371   15
r  2170   2219   2371   15
r  2277   2326   2371   15
r  1971   1922   2022   15
r  2073   2020   1922   15
r  2024   2022   1925   15
r  900   997   1396   15
r  848   899   997   15
r  1086   1084   1137   15
r  991   940   1040   15
r  1778   1829   1979   15
r  1680   1732   1783   15
r  1681   1781   1730   15
r  1926   1979   2025   15
r  2026   1975   1926   15
r  1048   1099   1396   15
r  1049   1046   1396   15
r  1050   1199   1396   15
r  1148   1097   1396   15
r  1100   1147   997   15
r  1199   1396   997   15
r  1386   1337   1338   15
r  1585   1484   1536   15
r  2328   2326   2382   15
r  2381   2429   2330   15
r  2329   2229   2281   15
r  1832   1781   1783   15
r  1595   1540   1449   15
r  1195   1244   1449   15
r  1599   1698   1648   15
r  1248   1297   1449   15
r  1096   997   1396   15
r  1347   1344   1396   15
r  1295   1246   1396   15
r  1600   1648   1396   15
r  1193   1144   1396   15
r  1293   1391   1396   15
r  1698   1650   1396   15
r  1197   1396   1449   15
r  1250   1396   1449   15
r  994   942   992   15
r  1043   995   944   15
r  1340   1291   1338   15
r  2280   2379   2329   15
r  2482   2436   2430   15
r  2435   2437   2386   15
r  2028   2127   2077   15
r  1247   1396   1449   15
r  1547   1396   1449   15
r  1697   1396   1749   15
r  1699   1396   1648   15
r  1749   1648   1698   15
r  1750   1948   1649   15
r  1639   1641   1439   15
r  2488   2386   2290   15
r  2339   2388   2290   15
r  2234   2334   2436   15
r  2185   2134   2436   15
r  2136   2036   2436   15
r  2287   2386   2436   15
r  2490   2386   2436   15
r  2392   2443   2436   15
r  2184   2235   2436   15
r  1592   1640   1641   15
r  1590   1641   1642   15
r  1788   1837   1739   15
r  2390   2436   2438   15
r  2342   2436   2297   15
r  2494   2297   2447   15
r  2444   2297   2298   15
r  2083   2035   2031   15
r  1985   2034   2085   15
r  1845   1945   1744   15
r  1996   2045   1948   15
r  1999   2050   1948   15
r  2095   1948   1898   15
r  2096   2044   1898   15
r  1945   1898   1948   15
r  2148   2447   2297   15
r  2145   2044   1948   15
r  1995   2095   1948   15
r  2243   2297   2447   15
r  2294   2298   2297   15
r  2193   2297   2447   15
r  2495   2396   2447   15
r  2394   2447   2297   15
r  2445   2496   2297   15
r  2296   2449   2298   15
r  2245   2447   2298   15
r  2400   2447   2298   15
r  2344   2298   2447   15
r  2346   2447   2298   15
r  2146   2447   2298   15
r  2249   2298   2447   15
r  2399   2298   2447   15
r  2345   2447   2298   15
r  2198   2298   2447   15
r  2197   2298   2447   15
r  2500   2447   2298   15
r  2200   2447   2297   15
r  2250   2298   2297   15
r  2398   2298   2297   15
r  2499   2447   2297   15
r  2349   2298   2297   15
r  2498   2447   2297   15
r  2350   2447   2297   15
r  2395   2298   2297   15
r  1944   1892   1891   15
r  2150   2297   2447   15
r  2149   2297   2298   15
r  1942   1891   1791   15
r  2295   2297   2298   15
r  2196   2297   2447   15
r  2300   2297   2447   15
r  2199   2297   2447   15
r  2396   2297   2447   15
r  2448   2297   2298   15
r  2246   2297   2298   15
r  2450   2297   2298   15
r  1   254   302   16
r  51   403   254   16
r  2   302   403   16
r  101   254   403   16
r  52   403   254   16
r  3   254   302   16
r  453   504   302   16
r  153   254   302   16
r  53   302   254   16
r  152   254   302   16
r  151   302   254   16
r  6   302   254   16
r  204   302   403   16
r  104   254   403   16
r  301   254   403   16
r  251   302   403   16
r  401   254   403   16
r  4   254   403   16
r  207   254   403   16
r  405   302   403   16
r  452   302   403   16
r  7   254   403   16
r  305   356   403   16
r  355   302   403   16
r  105   254   403   16
r  157   254   403   16
r  154   254   403   16
r  356   302   403   16
r  55   302   403   16
r  106   254   403   16
r  203   403   254   16
r  351   403   254   16
r  54   403   254   16
r  205   403   254   16
r  206   403   254   16
r  201   403   254   16
r  102   403   254   16
r  159   112   254   16
r  256   403   302   16
r  158   107   302   16
r  56   54   302   16
r  155   55   302   16
r  501   553   302   16
r  306   255   302   16
r  57   403   302   16
r  504   553   254   16
r  551   254   652   16
r  601   553   802   16
r  602   802   553   16
r  603   802   652   16
r  555   553   802   16
r  62   13   116   16
r  15   116   166   16
r  16   166   69   16
r  65   166   116   16
r  164   65   112   16
r  165   116   112   16
r  215   316   112   16
r  651   802   801   16
r  653   752   802   16
r  509   410   457   16
r  508   408   460   16
r  605   553   652   16
r  803   752   702   16
r  654   652   752   16
r  1003   1052   1055   16
r  804   801   802   16
r  805   852   802   16
r  67   168   166   16
r  118   166   69   16
r  18   69   166   16
r  412   514   464   16
r  703   802   752   16
r  704   802   652   16
r  607   658   652   16
r  559   608   658   16
r  657   608   708   16
r  904   1052   1004   16
r  903   802   1052   16
r  953   1052   1004   16
r  19   170   166   16
r  263   312   316   16
r  660   708   608   16
r  757   858   810   16
r  709   658   707   16
r  955   1055   1052   16
r  1052   1004   1055   16
r  1001   1055   1052   16
r  1153   1202   1055   16
r  21   72   125   16
r  414   463   363   16
r  762   759   810   16
r  1203   1255   1154   16
r  123   125   77   16
r  74   125   174   16
r  1204   1155   1453   16
r  1304   1356   1453   16
r  1009   960   1109   16
r  23   125   74   16
r  75   73   77   16
r  124   75   80   16
r  175   226   276   16
r  26   77   74   16
r  76   74   79   16
r  25   29   125   16
r  30   131   125   16
r  31   79   125   16
r  27   125   79   16
r  127   125   80   16
r  28   125   77   16
r  24   125   79   16
r  1012   1064   1014   16
r  1404   1504   1453   16
r  1454   1505   1353   16
r  1552   1453   1353   16
r  1401   1453   1353   16
r  1605   1654   1554   16
r  1652   1703   1654   16
r  1754   1653   1654   16
r  1407   1307   1453   16
r  1502   1353   1453   16
r  1351   1353   1453   16
r  1557   1506   1453   16
r  1556   1456   1453   16
r  1753   1652   1453   16
r  1656   1705   1453   16
r  324   276   378   16
r  128   125   131   16
r  32   79   135   16
r  129   178   80   16
r  325   273   274   16
r  719   770   920   16
r  1062   1013   1064   16
r  1602   1453   1654   16
r  1802   1753   1654   16
r  1702   1654   1554   16
r  1801   1753   1554   16
r  1651   1753   1654   16
r  1804   1654   2003   16
r  1701   1654   1753   16
r  1212   1214   1260   16
r  33   135   87   16
r  524   424   522   16
r  622   571   524   16
r  872   823   920   16
r  1851   2003   2002   16
r  1658   1758   1654   16
r  1854   1905   2003   16
r  1855   1956   2003   16
r  1164   1065   1264   16
r  379   432   230   16
r  329   479   331   16
r  183   135   87   16
r  185   87   84   16
r  184   84   87   16
r  36   34   84   16
r  89   87   84   16
r  289   240   87   16
r  233   87   135   16
r  37   84   135   16
r  138   87   135   16
r  40   84   135   16
r  238   287   135   16
r  237   87   135   16
r  140   87   135   16
r  287   87   135   16
r  286   237   135   16
r  288   188   135   16
r  1510   1559   1461   16
r  1953   1905   2002   16
r  1902   2002   1905   16
r  1901   2003   2002   16
r  186   135   87   16
r  239   135   87   16
r  91   198   197   16
r  142   199   198   16
r  41   199   197   16
r  1268   1319   1118   16
r  1124   1175   973   16
r  1564   1561   1513   16
r  2054   2003   2253   16
r  2006   2253   2403   16
r  2055   2003   2403   16
r  2152   2403   2355   16
r  1620   1468   1467   16
r  1419   1318   1467   16
r  1619   1668   1467   16
r  241   292   197   16
r  385   383   483   16
r  92   198   197   16
r  43   143   198   16
r  143   197   198   16
r  42   197   198   16
r  679   730   581   16
r  1125   1176   975   16
r  976   876   1025   16
r  1219   1118   1318   16
r  1171   1073   1123   16
r  2352   2355   2403   16
r  2257   2255   2403   16
r  2457   2357   2403   16
r  2205   2153   2403   16
r  2406   2357   2403   16
r  2154   2203   2403   16
r  2255   2403   2253   16
r  2259   2403   2253   16
r  2408   2406   2253   16
r  2209   2261   2253   16
r  2310   2403   2253   16
r  2361   2413   2253   16
r  2461   2362   2253   16
r  2159   2260   2253   16
r  2410   2253   2403   16
r  2156   2253   2403   16
r  2405   2253   2403   16
r  2451   2253   2403   16
r  2155   2253   2403   16
r  630   679   581   16
r  93   198   199   16
r  44   199   197   16
r  45   199   198   16
r  194   198   199   16
r  99   199   198   16
r  295   199   198   16
r  94   198   199   16
r  292   243   199   16
r  399   198   199   16
r  497   448   648   16
r  195   199   198   16
r  98   198   199   16
r  397   497   199   16
r  447   198   199   16
r  345   199   198   16
r  250   198   199   16
r  50   199   198   16
r  49   199   198   16
r  445   396   198   16
r  96   198   199   16
r  296   198   197   16
r  398   198   197   16
r  144   199   197   16
r  95   198   197   16
r  343   394   197   16
r  100   199   197   16
r  396   199   197   16
r  150   199   197   16
r  300   199   197   16
r  400   199   197   16
r  246   199   197   16
r  299   198   197   16
r  294   292   197   16
r  298   199   197   16
r  47   198   197   16
r  547   648   197   16
r  193   197   199   16
r  97   197   199   16
r  450   197   199   16
r  348   197   199   16
r  46   197   199   16
r  395   197   199   16
r  350   197   198   16
r  499   197   198   16
r  244   197   198   16
r  346   197   198   16
r  349   197   198   16
r  245   197   198   16
r  444   197   198   16
r  1764   1815   1715   16
r  2311   2260   2415   16
r  1921   1870   1721   16
r  683   681   581   16
r  347   197   199   16
r  546   648   698   16
r  595   544   648   16
r  492   441   342   16
r  981   1030   1029   16
r  882   833   885   16
r  2416   2365   2317   16
r  2368   2320   2413   16
r  2214   2315   2415   16
r  2264   2215   2415   16
r  2469   2317   2415   16
r  2265   2267   2415   16
r  1822   1922   1775   16
r  1971   2022   1922   16
r  599   698   648   16
r  798   898   648   16
r  687   689   736   16
r  887   885   784   16
r  2015   2063   1967   16
r  2464   2415   2413   16
r  2316   2415   2368   16
r  2467   2415   2368   16
r  2420   2317   2371   16
r  749   648   599   16
r  900   1396   997   16
r  998   900   1396   16
r  950   997   1396   16
r  1000   997   898   16
r  643   545   541   16
r  984   1136   1084   16
r  2167   2119   2218   16
r  2270   2322   2424   16
r  2220   2371   2424   16
r  2274   2371   2425   16
r  2325   2274   2371   16
r  2376   2424   2425   16
r  2222   2271   2424   16
r  2120   1922   2371   16
r  2122   2171   2371   16
r  2429   2424   2371   16
r  2271   2424   2371   16
r  2428   2424   2371   16
r  2327   2424   2371   16
r  1579   1478   1429   16
r  744   746   845   16
r  1095   1044   944   16
r  1099   1097   1396   16
r  1199   1100   1396   16
r  1089   1040   1091   16
r  2226   2174   2424   16
r  2328   2379   2430   16
r  894   995   942   16
r  1444   1493   1449   16
r  1544   1642   1641   16
r  1146   1149   1449   16
r  1197   1449   1396   16
r  1145   1196   1396   16
r  1250   1147   1396   16
r  1243   1245   1396   16
r  1247   1449   1396   16
r  1443   1392   1396   16
r  1547   1449   1396   16
r  1646   1648   1396   16
r  1697   1796   1396   16
r  1649   1697   1396   16
r  1492   1642   1396   16
r  1798   1948   1396   16
r  1700   1697   1396   16
r  1747   1796   1396   16
r  1198   1396   1449   16
r  1239   1290   1337   16
r  2126   2074   2128   16
r  2481   2382   2432   16
r  2329   2281   2382   16
r  2330   2281   2382   16
r  2482   2382   2379   16
r  2331   2379   2430   16
r  2433   2382   2430   16
r  1733   1782   1682   16
r  2077   2176   1979   16
r  1931   2030   2032   16
r  1930   2030   2033   16
r  1245   1396   1449   16
r  1196   1396   1449   16
r  1546   1396   1449   16
r  1749   1698   1648   16
r  1343   1292   1391   16
r  1594   1642   1691   16
r  1800   1898   1948   16
r  1750   1698   1748   16
r  1387   1438   1288   16
r  1337   1339   1386   16
r  2180   2079   2128   16
r  1795   1846   1948   16
r  1692   1741   1792   16
r  1639   1439   1641   16
r  1590   1592   1641   16
r  1636   1537   1587   16
r  2485   2436   2438   16
r  2238   2289   2290   16
r  2285   2287   2438   16
r  2290   2341   2438   16
r  2390   2290   2436   16
r  2242   2443   2436   16
r  1982   2084   2033   16
r  2095   2046   1948   16
r  2046   1948   1898   16
r  1788   1739   1888   16
r  2489   2436   2438   16
r  2440   2436   2386   16
r  2494   2298   2297   16
r  2393   2493   2298   16
r  2444   2298   2297   16
r  2243   2447   2298   16
r  2150   2298   2297   16
r  2146   2298   2447   16
r  2197   2447   2298   16
r  2148   1948   2298   16
r  2195   2298   2447   16
r  2343   2297   2447   16
r  2294   2447   2298   16
r  2495   2447   2297   16
r  2394   2297   2447   16
r  2445   2297   2447   16
r  2245   2298   2447   16
r  2244   2298   2447   16
r  2198   2447   2298   16
r  2200   2298   2447   16
r  2250   2447   2298   16
r  2398   2447   2298   16
r  2395   2447   2298   16
r  2295   2447   2297   16
r  2196   2447   2297   16
r  2300   2298   2297   16
r  2199   2447   2297   16
r  2396   2298   2297   16
r  2246   2299   2297   16
r  2450   2298   2297   16
r  2448   2298   2297   16
r  2344   2297   2298   16
r  2350   2297   2447   16
r  2498   2297   2447   16
r  2499   2297   2447   16
r  2400   2297   2447   16
r  2345   2297   2447   16
r  2346   2297   2447   16
r  2249   2297   2298   16
r  2399   2297   2298   16
r  2349   2297   2298   16
r  1   403   254   17
r  51   254   403   17
r  2   403   302   17
r  101   403   254   17
r  52   254   403   17
r  3   302   254   17
r  301   403   254   17
r  203   254   403   17
r  104   403   254   17
r  105   403   254   17
r  7   403   254   17
r  107   254   403   17
r  4   403   254   17
r  206   254   403   17
r  202   254   403   17
r  157   403   254   17
r  401   403   254   17
r  256   254   403   17
r  306   254   403   17
r  53   254   302   17
r  151   254   302   17
r  6   403   302   17
r  204   101   302   17
r  251   254   302   17
r  405   403   302   17
r  452   254   302   17
r  305   254   302   17
r  355   254   302   17
r  356   254   302   17
r  55   403   302   17
r  308   207   302   17
r  5   302   403   17
r  156   302   403   17
r  57   302   403   17
r  158   302   403   17
r  56   302   403   17
r  108   302   403   17
r  155   302   403   17
r  351   302   403   17
r  54   302   403   17
r  205   302   403   17
r  201   302   403   17
r  102   302   403   17
r  153   302   254   17
r  207   302   254   17
r  106   302   254   17
r  58   302   254   17
r  152   302   254   17
r  154   302   254   17
r  307   302   254   17
r  501   302   254   17
r  309   209   254   17
r  504   254   652   17
r  551   652   802   17
r  601   802   652   17
r  602   553   802   17
r  603   601   802   17
r  555   558   652   17
r  114   116   166   17
r  115   69   64   17
r  11   9   59   17
r  16   69   116   17
r  17   166   69   17
r  166   117   112   17
r  68   167   112   17
r  262   214   112   17
r  651   801   802   17
r  703   752   802   17
r  755   655   652   17
r  654   802   652   17
r  805   652   801   17
r  704   652   802   17
r  63   112   116   17
r  164   112   116   17
r  67   166   71   17
r  118   69   166   17
r  18   166   69   17
r  120   69   166   17
r  508   460   457   17
r  558   609   658   17
r  952   954   1004   17
r  953   1004   1052   17
r  462   363   465   17
r  363   262   514   17
r  513   665   464   17
r  709   609   658   17
r  1001   1004   1055   17
r  955   1052   1055   17
r  956   1052   1004   17
r  1007   1056   1055   17
r  22   74   79   17
r  911   960   810   17
r  1153   1055   1453   17
r  74   174   79   17
r  616   618   665   17
r  123   77   125   17
r  173   222   125   17
r  23   79   125   17
r  75   78   79   17
r  29   131   80   17
r  25   80   79   17
r  31   131   79   17
r  27   74   125   17
r  28   77   125   17
r  24   79   125   17
r  614   665   714   17
r  1209   1309   1262   17
r  26   125   79   17
r  76   125   74   17
r  325   274   323   17
r  226   277   427   17
r  275   374   277   17
r  914   965   963   17
r  1012   1014   1113   17
r  1401   1352   1453   17
r  1351   1453   1353   17
r  1652   1654   1753   17
r  1552   1353   1453   17
r  1603   1554   1453   17
r  1604   1653   1453   17
r  623   523   524   17
r  671   622   669   17
r  178   180   231   17
r  82   135   87   17
r  33   84   135   17
r  1501   1453   1654   17
r  1702   2003   1654   17
r  1751   1654   1554   17
r  1651   1654   1753   17
r  1804   2003   1654   17
r  1803   1654   2002   17
r  1701   1551   1654   17
r  477   526   576   17
r  622   522   573   17
r  183   87   135   17
r  83   87   284   17
r  185   84   87   17
r  89   84   87   17
r  237   235   87   17
r  287   188   87   17
r  186   87   135   17
r  239   87   135   17
r  191   189   135   17
r  290   241   135   17
r  821   721   870   17
r  772   721   920   17
r  1114   1016   1014   17
r  1601   1753   1653   17
r  1805   1654   2003   17
r  677   728   625   17
r  233   135   87   17
r  138   135   87   17
r  140   135   87   17
r  339   290   87   17
r  190   135   84   17
r  241   192   198   17
r  192   197   198   17
r  1902   2003   2002   17
r  1901   1903   2003   17
r  1951   2002   2004   17
r  1954   1903   2002   17
r  2005   1952   2003   17
r  2001   2003   2253   17
r  1216   1214   1264   17
r  1464   1467   1264   17
r  432   483   383   17
r  43   198   199   17
r  143   198   197   17
r  42   199   197   17
r  242   197   198   17
r  193   198   197   17
r  292   199   198   17
r  826   725   775   17
r  1713   1612   1661   17
r  2152   2355   2403   17
r  1908   2009   2008   17
r  2056   2003   2403   17
r  2158   2156   2403   17
r  2210   2261   2403   17
r  2255   2306   2403   17
r  2259   2308   2403   17
r  2159   2261   2403   17
r  2410   2403   2253   17
r  2156   2403   2253   17
r  2405   2403   2253   17
r  2451   2352   2253   17
r  2155   2157   2253   17
r  2260   2208   2253   17
r  2160   2261   2253   17
r  2211   2159   2253   17
r  629   731   581   17
r  580   682   533   17
r  876   925   975   17
r  731   581   680   17
r  93   199   198   17
r  44   197   199   17
r  45   198   199   17
r  99   198   199   17
r  295   198   199   17
r  447   199   198   17
r  250   199   198   17
r  448   548   198   17
r  49   198   199   17
r  96   199   198   17
r  296   199   198   17
r  398   199   198   17
r  95   199   198   17
r  100   198   199   17
r  294   198   199   17
r  47   199   198   17
r  547   596   198   17
r  97   198   197   17
r  348   199   197   17
r  395   199   197   17
r  350   198   197   17
r  346   198   197   17
r  349   198   197   17
r  245   198   197   17
r  347   199   197   17
r  46   199   197   17
r  499   198   197   17
r  450   198   197   17
r  144   197   199   17
r  297   197   199   17
r  298   197   199   17
r  396   197   199   17
r  150   197   199   17
r  243   197   199   17
r  300   197   199   17
r  344   197   199   17
r  195   197   199   17
r  345   197   199   17
r  445   197   199   17
r  194   197   198   17
r  94   197   198   17
r  399   197   198   17
r  397   197   198   17
r  293   197   198   17
r  299   197   198   17
r  1074   1025   1072   17
r  1024   1072   1075   17
r  1173   1073   1071   17
r  2261   2208   2403   17
r  2108   2060   2009   17
r  682   733   633   17
r  244   198   199   17
r  545   547   648   17
r  1271   1371   1275   17
r  929   927   1030   17
r  1764   1813   1767   17
r  1913   1964   2012   17
r  2463   2363   2412   17
r  2417   2368   2413   17
r  2216   2324   2424   17
r  2464   2413   2415   17
r  2316   2367   2415   17
r  2467   2317   2415   17
r  2319   2371   2415   17
r  2269   2371   2415   17
r  2217   2264   2415   17
r  2118   2218   2415   17
r  2113   2115   2065   17
r  1768   1719   1869   17
r  599   748   698   17
r  749   599   648   17
r  796   845   648   17
r  900   997   648   17
r  2267   2415   2368   17
r  2369   2424   2371   17
r  2320   2424   2371   17
r  2117   2065   2066   17
r  1724   1721   1769   17
r  1475   1426   1427   17
r  1919   2072   1922   17
r  1373   1471   1322   17
r  747   648   698   17
r  849   898   900   17
r  948   997   1396   17
r  899   648   1396   17
r  1377   1426   1424   17
r  2015   2064   2067   17
r  2478   2371   2425   17
r  2476   2371   2425   17
r  2376   2371   2424   17
r  2429   2371   2424   17
r  2271   2371   2424   17
r  2428   2371   2424   17
r  2327   2371   2424   17
r  2174   2176   2424   17
r  2122   2220   2424   17
r  2272   2424   2425   17
r  2225   2424   2371   17
r  2274   2424   2371   17
r  1526   1427   1426   17
r  1924   2024   2025   17
r  1874   1925   1773   17
r  1083   1085   1136   17
r  949   898   1396   17
r  1100   997   1396   17
r  1047   1147   1396   17
r  1479   1579   1581   17
r  2480   2381   2379   17
r  2328   2430   2379   17
r  1777   1726   1678   17
r  1730   1628   1783   17
r  1095   997   1396   17
r  1045   1145   944   17
r  1200   1099   1449   17
r  1244   1142   1449   17
r  1149   1147   1449   17
r  1599   1648   1449   17
r  1193   1145   1449   17
r  1197   1097   1449   17
r  1247   1245   1449   17
r  1547   1599   1449   17
r  1198   1149   1396   17
r  1245   1449   1396   17
r  1196   1247   1396   17
r  1546   1449   1396   17
r  1650   1697   1396   17
r  1699   1648   1396   17
r  1493   1641   1396   17
r  1194   1143   1396   17
r  1392   1493   1396   17
r  1241   1292   1396   17
r  1385   1333   1434   17
r  2481   2432   2382   17
r  2432   2381   2379   17
r  2380   2480   2432   17
r  2482   2430   2382   17
r  2431   2382   2379   17
r  2433   2381   2436   17
r  2483   2432   2430   17
r  1928   1979   1828   17
r  1530   1528   1581   17
r  1494   1396   1449   17
r  1297   1396   1447   17
r  1600   1396   1449   17
r  1648   1396   1449   17
r  1594   1641   1642   17
r  1491   1439   1389   17
r  1542   1544   1642   17
r  1797   1648   1948   17
r  1240   1291   1338   17
r  1683   1783   1581   17
r  1435   1487   1537   17
r  2332   2233   2436   17
r  2384   2436   2438   17
r  1684   1581   1783   17
r  1540   1591   1640   17
r  1800   1748   1898   17
r  1634   1585   1686   17
r  2485   2386   2436   17
r  2391   2290   2438   17
r  2443   2492   2297   17
r  2489   2438   2436   17
r  2440   2386   2436   17
r  2393   2298   2436   17
r  2192   2243   2436   17
r  2188   2087   2436   17
r  2139   2188   2436   17
r  1884   1832   1833   17
r  1882   1983   2033   17
r  1736   1687   1739   17
r  1894   1744   1948   17
r  1793   1744   1845   17
r  2046   1995   1948   17
r  1945   1896   1898   17
r  2145   1948   1898   17
r  2043   2041   1898   17
r  2100   1898   2447   17
r  1636   1587   1537   17
r  2035   2084   2031   17
r  1983   2032   1981   17
r  2338   2436   2290   17
r  2235   2436   2438   17
r  2339   2436   2438   17
r  2340   2436   2438   17
r  2293   2297   2447   17
r  2494   2297   2298   17
r  2444   2297   2298   17
r  2243   2298   2297   17
r  2343   2298   2297   17
r  2394   2298   2297   17
r  2193   2244   2297   17
r  1890   1939   1789   17
r  1889   1739   1838   17
r  2149   2298   2297   17
r  2148   2298   2447   17
r  2195   2447   2298   17
r  2150   2447   2298   17
r  2143   2194   1995   17
r  1986   1984   2085   17
r  2495   2298   2447   17
r  2445   2298   2297   17
r  2245   2447   2298   17
r  2198   2298   2447   17
r  2200   2447   2298   17
r  2250   2298   2447   17
r  2196   2298   2447   17
r  2199   2298   2447   17
r  2396   2447   2298   17
r  2246   2298   2447   17
r  2450   2447   2298   17
r  2448   2397   2298   17
r  2344   2447   2297   17
r  2345   2298   2297   17
r  2346   2298   2297   17
r  2249   2298   2297   17
r  2399   2298   2297   17
r  2349   2447   2297   17
r  2350   2447   2297   17
r  2498   2447   2297   17
r  2499   2298   2297   17
r  2400   2447   2297   17
r  2395   2297   2447   17
r  2194   2298   2447   17
r  2300   2297   2298   17
r  2500   2297   2447   17
r  2398   2297   2447   17
r  1   302   403   18
r  51   403   254   18
r  2   302   403   18
r  101   254   403   18
r  52   403   254   18
r  3   254   302   18
r  255   302   403   18
r  55   302   403   18
r  156   403   302   18
r  57   403   302   18
r  103   302   403   18
r  56   403   302   18
r  108   403   302   18
r  155   403   302   18
r  6   302   403   18
r  205   403   302   18
r  301   353   403   18
r  105   302   403   18
r  106   403   302   18
r  58   112   403   18
r  157   302   403   18
r  154   403   302   18
r  203   403   254   18
r  107   302   254   18
r  206   403   254   18
r  202   403   254   18
r  256   302   254   18
r  53   403   254   18
r  151   403   254   18
r  251   403   254   18
r  308   302   254   18
r  257   302   254   18
r  452   403   254   18
r  356   302   254   18
r  355   302   254   18
r  305   403   254   18
r  153   254   302   18
r  152   254   302   18
r  207   254   302   18
r  351   254   302   18
r  5   254   302   18
r  201   254   302   18
r  102   254   302   18
r  158   254   302   18
r  54   254   302   18
r  104   254   403   18
r  7   254   403   18
r  4   254   403   18
r  502   254   403   18
r  401   254   403   18
r  208   254   403   18
r  159   254   403   18
r  405   254   403   18
r  209   307   302   18
r  358   259   302   18
r  504   603   802   18
r  503   603   652   18
r  601   504   802   18
r  552   802   652   18
r  160   211   112   18
r  505   553   802   18
r  553   752   652   18
r  61   59   110   18
r  651   802   753   18
r  15   166   64   18
r  117   64   166   18
r  63   116   112   18
r  212   264   112   18
r  67   71   112   18
r  118   116   112   18
r  217   264   112   18
r  264   215   112   18
r  20   168   112   18
r  805   802   652   18
r  704   802   652   18
r  654   652   802   18
r  905   1052   802   18
r  412   464   514   18
r  164   116   264   18
r  66   112   69   18
r  68   112   19   18
r  70   168   166   18
r  21   125   69   18
r  903   1052   1004   18
r  951   1055   1004   18
r  1004   1055   1052   18
r  414   363   463   18
r  515   463   413   18
r  169   166   71   18
r  1001   1055   1004   18
r  954   956   1052   18
r  1152   1252   1453   18
r  1103   1055   1004   18
r  322   421   473   18
r  320   322   222   18
r  23   125   79   18
r  764   815   665   18
r  420   520   418   18
r  123   125   77   18
r  74   79   125   18
r  24   76   79   18
r  124   126   79   18
r  126   79   80   18
r  26   79   125   18
r  76   79   125   18
r  130   178   125   18
r  25   125   77   18
r  762   810   811   18
r  960   861   1060   18
r  1305   1206   1356   18
r  1304   1453   1353   18
r  1306   1255   1453   18
r  1503   1456   1353   18
r  1351   1455   1453   18
r  1702   1654   1453   18
r  1501   1654   1453   18
r  1602   2003   1453   18
r  1752   1654   1453   18
r  1551   1654   1453   18
r  1654   1554   1453   18
r  1704   1753   1453   18
r  1705   1757   1453   18
r  471   419   469   18
r  523   472   623   18
r  620   623   571   18
r  32   80   87   18
r  82   87   135   18
r  1012   1113   1064   18
r  1605   1453   1654   18
r  1751   1753   1654   18
r  1701   1753   1554   18
r  1804   1905   2003   18
r  1803   2002   1654   18
r  1652   1453   1654   18
r  1801   1554   1653   18
r  1651   1753   1654   18
r  1161   1213   1210   18
r  183   135   87   18
r  83   284   87   18
r  964   1013   1065   18
r  1360   1311   1561   18
r  1902   2002   2003   18
r  1113   1064   965   18
r  327   428   378   18
r  723   825   774   18
r  185   87   84   18
r  136   87   35   18
r  89   87   84   18
r  141   137   87   18
r  238   87   137   18
r  191   240   87   18
r  290   237   87   18
r  138   84   135   18
r  140   239   135   18
r  233   87   135   18
r  240   189   135   18
r  186   135   87   18
r  190   139   87   18
r  1613   1513   1512   18
r  1953   2002   1905   18
r  1951   2003   2002   18
r  1067   1167   1217   18
r  724   824   825   18
r  142   198   199   18
r  192   292   197   18
r  432   383   483   18
r  2006   2055   2253   18
r  2310   2406   2403   18
r  2260   2258   2403   18
r  2160   2208   2403   18
r  2211   2208   2403   18
r  2057   2009   2253   18
r  2411   2415   2253   18
r  2161   2312   2253   18
r  2109   2160   2253   18
r  1908   1956   2009   18
r  1121   1072   1070   18
r  629   581   680   18
r  92   199   198   18
r  43   197   198   18
r  143   199   198   18
r  42   197   199   18
r  242   342   197   18
r  193   199   198   18
r  1960   1911   2009   18
r  2302   2253   2355   18
r  2256   2253   2355   18
r  2361   2253   2415   18
r  2460   2253   2403   18
r  2410   2253   2403   18
r  2156   2253   2403   18
r  2405   2253   2403   18
r  2462   2415   2413   18
r  1171   1222   1072   18
r  1319   1270   1217   18
r  582   630   534   18
r  731   680   581   18
r  1078   1027   932   18
r  93   198   199   18
r  44   198   197   18
r  45   199   198   18
r  99   199   198   18
r  295   199   198   18
r  498   198   199   18
r  449   198   199   18
r  50   198   199   18
r  49   199   198   18
r  96   198   199   18
r  95   198   199   18
r  100   199   198   18
r  400   198   199   18
r  246   198   199   18
r  47   198   199   18
r  350   199   198   18
r  346   397   198   18
r  349   199   198   18
r  450   199   198   18
r  144   199   197   18
r  297   199   197   18
r  150   199   197   18
r  243   199   197   18
r  300   199   197   18
r  344   199   197   18
r  195   198   197   18
r  345   198   197   18
r  445   199   197   18
r  194   198   197   18
r  94   198   197   18
r  399   199   197   18
r  397   198   197   18
r  298   199   197   18
r  396   198   197   18
r  299   199   197   18
r  245   197   198   18
r  97   197   198   18
r  98   197   198   18
r  244   293   198   18
r  294   197   198   18
r  446   197   199   18
r  250   197   199   18
r  296   197   199   18
r  348   197   199   18
r  347   197   199   18
r  447   197   199   18
r  448   197   199   18
r  398   197   199   18
r  343   197   199   18
r  46   197   199   18
r  394   197   198   18
r  441   490   198   18
r  443   492   342   18
r  2061   2012   2162   18
r  2364   2415   2317   18
r  2365   2412   2368   18
r  2319   2315   2371   18
r  2165   2216   2415   18
r  2267   2316   2415   18
r  2369   2371   2415   18
r  2213   2315   2415   18
r  2166   2065   2415   18
r  2417   2415   2368   18
r  1324   1326   1275   18
r  880   931   1030   18
r  548   648   698   18
r  546   698   648   18
r  544   441   392   18
r  2470   2415   2424   18
r  2320   2371   2424   18
r  2117   2066   2065   18
r  1672   1574   1721   18
r  1821   1870   1769   18
r  1375   1424   1427   18
r  1371   1423   1471   18
r  1280   1329   1130   18
r  881   982   980   18
r  650   698   647   18
r  747   745   648   18
r  848   999   648   18
r  2421   2369   2425   18
r  2478   2425   2371   18
r  2220   2269   2371   18
r  2376   2425   2371   18
r  2271   2171   2371   18
r  2174   2125   2371   18
r  2272   2371   2424   18
r  2274   2425   2424   18
r  2225   2176   2424   18
r  2479   2424   2425   18
r  2427   2424   2425   18
r  2476   2424   2371   18
r  2428   2424   2371   18
r  2327   2424   2371   18
r  2121   2022   2371   18
r  2175   2124   2371   18
r  2125   2074   2371   18
r  1673   1721   1574   18
r  1773   1825   1775   18
r  1774   1825   1822   18
r  1032   1184   1084   18
r  785   885   834   18
r  849   900   1396   18
r  896   845   944   18
r  948   1396   1449   18
r  999   997   1396   18
r  950   898   1449   18
r  2378   2434   2430   18
r  2022   1922   1970   18
r  1778   1928   1726   18
r  1874   1773   1822   18
r  985   1136   1036   18
r  1000   898   1396   18
r  996   944   1396   18
r  1098   1396   1449   18
r  1096   1396   997   18
r  2279   2430   2381   18
r  2432   2379   2381   18
r  2431   2433   2382   18
r  2481   2430   2379   18
r  2331   2382   2379   18
r  2280   2328   2379   18
r  2483   2382   2436   18
r  2482   2379   2430   18
r  1089   1140   1040   18
r  1647   1748   1449   18
r  1150   997   1449   18
r  1050   997   1449   18
r  1148   997   1449   18
r  1443   1492   1449   18
r  1700   1649   1749   18
r  1393   1493   1396   18
r  1494   1449   1396   18
r  1297   1447   1396   18
r  1600   1449   1396   18
r  1645   1697   1396   18
r  1750   1748   1396   18
r  1694   1646   1396   18
r  1343   1391   1396   18
r  1142   1144   1396   18
r  1100   1396   1449   18
r  1243   1396   1449   18
r  1245   1396   1449   18
r  1546   1396   1449   18
r  1650   1396   1449   18
r  2179   2079   2128   18
r  2282   2231   2382   18
r  1731   1783   1682   18
r  1732   1781   1581   18
r  1733   1735   1730   18
r  1388   1239   1386   18
r  1291   1391   1338   18
r  1594   1691   1641   18
r  1342   1391   1241   18
r  1242   1293   1391   18
r  1693   1742   1641   18
r  2384   2438   2436   18
r  2385   2436   2438   18
r  2234   2285   2438   18
r  2239   2290   2438   18
r  2341   2443   2438   18
r  2291   2441   2438   18
r  2240   2441   2438   18
r  2187   2238   2438   18
r  2338   2438   2436   18
r  2235   2438   2436   18
r  2340   2239   2436   18
r  2342   2297   2436   18
r  2191   2242   2436   18
r  2339   2290   2436   18
r  2036   2185   2436   18
r  1785   1833   1783   18
r  1489   1441   1389   18
r  1689   1640   1642   18
r  1740   1789   1641   18
r  1540   1592   1639   18
r  1883   2031   2033   18
r  2287   2436   2438   18
r  2489   2436   2438   18
r  2487   2436   2290   18
r  2293   2447   2297   18
r  2492   2436   2441   18
r  2494   2298   2297   18
r  2444   2447   2297   18
r  2243   2294   2447   18
r  2343   2447   2298   18
r  2394   2447   2298   18
r  1885   1836   1833   18
r  1835   1786   1882   18
r  1836   1887   1787   18
r  2100   1948   1898   18
r  1949   1898   1998   18
r  2294   2298   2447   18
r  2495   2297   2298   18
r  2039   2088   2090   18
r  2445   2297   2298   18
r  2397   2298   2348   18
r  2198   2447   2298   18
r  2197   2298   2447   18
r  2200   2298   2447   18
r  2150   2298   2447   18
r  2295   2298   2447   18
r  2196   2447   2298   18
r  2396   2298   2447   18
r  2246   2447   2298   18
r  2450   2298   2447   18
r  2344   2298   2447   18
r  2345   2447   2298   18
r  2346   2447   2298   18
r  2249   2447   2298   18
r  2349   2298   2447   18
r  2395   2447   2297   18
r  2300   2298   2297   18
r  2500   2447   2297   18
r  2398   2298   2297   18
r  2149   2297   2298   18
r  2195   2297   2447   18
r  2350   2297   2447   18
r  2498   2297   2447   18
r  2400   2297   2447   18
r  2245   2297   2447   18
r  2250   2297   2298   18
r  2199   2297   2298   18
r  2399   2297   2298   18
r  2499   2297   2298   18
r  1   403   302   19
r  51   254   403   19
r  2   403   302   19
r  101   302   254   19
r  52   254   403   19
r  3   403   254   19
r  204   403   352   19
r  255   204   302   19
r  55   403   302   19
r  156   302   403   19
r  57   302   403   19
r  103   403   302   19
r  56   302   403   19
r  6   403   302   19
r  205   302   403   19
r  58   403   302   19
r  157   403   302   19
r  307   259   302   19
r  206   302   403   19
r  202   302   403   19
r  53   302   403   19
r  151   302   403   19
r  308   259   403   19
r  305   302   403   19
r  152   403   254   19
r  207   302   254   19
r  351   403   254   19
r  5   403   254   19
r  201   302   254   19
r  102   302   254   19
r  158   302   254   19
r  306   403   254   19
r  54   403   254   19
r  104   403   254   19
r  7   302   254   19
r  405   302   254   19
r  358   302   254   19
r  153   302   254   19
r  401   403   254   19
r  208   403   254   19
r  159   302   254   19
r  4   403   254   19
r  502   302   254   19
r  209   357   254   19
r  203   254   403   19
r  108   254   403   19
r  155   254   403   19
r  106   254   403   19
r  154   254   403   19
r  105   254   302   19
r  107   254   302   19
r  256   254   302   19
r  257   254   302   19
r  356   254   302   19
r  503   652   802   19
r  551   603   652   19
r  552   555   802   19
r  651   753   802   19
r  10   109   110   19
r  13   110   116   19
r  117   166   69   19
r  67   69   166   19
r  164   264   112   19
r  66   166   112   19
r  265   164   112   19
r  19   70   112   19
r  702   802   753   19
r  607   507   658   19
r  805   801   802   19
r  654   802   652   19
r  704   652   802   19
r  904   1004   802   19
r  15   112   116   19
r  167   112   116   19
r  118   112   69   19
r  214   212   316   19
r  120   71   69   19
r  21   70   166   19
r  169   71   166   19
r  902   802   1004   19
r  951   1004   1055   19
r  953   1055   1004   19
r  1004   1056   1055   19
r  558   658   707   19
r  462   465   514   19
r  414   463   465   19
r  22   125   24   19
r  417   318   317   19
r  72   125   79   19
r  609   658   709   19
r  1001   1004   1055   19
r  710   811   658   19
r  1103   1004   1055   19
r  612   714   713   19
r  516   366   665   19
r  122   125   79   19
r  23   74   125   19
r  24   79   77   19
r  319   317   418   19
r  74   77   79   19
r  1104   1055   1155   19
r  1205   1156   1453   19
r  1203   1154   1453   19
r  664   617   613   19
r  766   817   814   19
r  123   77   125   19
r  29   125   77   19
r  127   80   125   19
r  76   125   79   19
r  25   79   125   19
r  27   79   74   19
r  1305   1356   1453   19
r  1306   1453   1255   19
r  1251   1453   1353   19
r  1554   1753   1654   19
r  1405   1505   1353   19
r  1406   1355   1654   19
r  1702   1554   1654   19
r  1602   1654   1554   19
r  1304   1255   1453   19
r  1655   1604   1453   19
r  1607   1658   1453   19
r  1508   1606   1453   19
r  1601   1654   1453   19
r  1653   1655   1453   19
r  1703   1554   1453   19
r  1605   1554   1453   19
r  1751   1654   1453   19
r  1652   1753   1453   19
r  1801   1654   1453   19
r  1651   1654   1453   19
r  1253   1453   1353   19
r  1355   1453   1353   19
r  1209   1262   1212   19
r  866   767   920   19
r  26   74   77   19
r  373   371   473   19
r  82   135   31   19
r  668   569   623   19
r  1301   1453   1654   19
r  1504   1453   1654   19
r  1752   1453   1654   19
r  1551   1453   1654   19
r  1901   2002   1654   19
r  1855   1803   1654   19
r  524   522   620   19
r  426   470   378   19
r  133   87   84   19
r  183   235   135   19
r  282   333   231   19
r  1015   1064   1013   19
r  1610   1510   1661   19
r  1951   2002   2253   19
r  185   237   87   19
r  136   35   87   19
r  238   137   87   19
r  237   87   84   19
r  239   141   87   19
r  186   87   135   19
r  190   87   135   19
r  338   389   135   19
r  283   332   135   19
r  233   135   87   19
r  89   135   87   19
r  340   240   87   19
r  1514   1467   1561   19
r  1953   1905   2002   19
r  1903   1951   1905   19
r  724   825   824   19
r  91   43   198   19
r  142   199   198   19
r  339   87   438   19
r  41   197   199   19
r  241   198   199   19
r  1117   1168   1318   19
r  1811   1712   1661   19
r  1910   2009   1810   19
r  1956   1905   2008   19
r  2302   2355   2253   19
r  2256   2355   2253   19
r  2261   2403   2253   19
r  2460   2411   2253   19
r  2410   2403   2253   19
r  2156   2403   2253   19
r  2405   2403   2253   19
r  2108   2009   2253   19
r  2110   2108   2253   19
r  2361   2415   2253   19
r  1075   1175   975   19
r  1269   1218   1118   19
r  629   680   581   19
r  92   198   199   19
r  143   198   199   19
r  42   199   197   19
r  342   441   198   19
r  1909   2009   2060   19
r  2109   2253   2403   19
r  2057   2253   2403   19
r  2362   2411   2403   19
r  1957   2009   2060   19
r  2411   2253   2415   19
r  2462   2413   2415   19
r  1667   1618   1815   19
r  1121   1069   1072   19
r  1172   1123   1075   19
r  93   199   198   19
r  295   198   199   19
r  498   199   198   19
r  449   199   198   19
r  50   199   198   19
r  49   198   199   19
r  95   199   198   19
r  100   198   199   19
r  400   199   198   19
r  246   199   198   19
r  395   198   199   19
r  346   198   199   19
r  144   198   199   19
r  297   198   199   19
r  150   198   199   19
r  243   198   199   19
r  195   199   198   19
r  194   199   198   19
r  94   199   198   19
r  298   198   199   19
r  43   199   197   19
r  245   198   197   19
r  97   198   197   19
r  98   199   197   19
r  294   199   197   19
r  446   199   197   19
r  250   199   197   19
r  348   199   197   19
r  447   198   197   19
r  398   199   197   19
r  343   198   197   19
r  46   199   197   19
r  500   648   197   19
r  293   198   197   19
r  244   199   197   19
r  296   199   197   19
r  448   199   197   19
r  300   197   199   19
r  344   197   199   19
r  445   197   199   19
r  399   197   199   19
r  299   197   199   19
r  45   197   199   19
r  99   197   199   19
r  349   197   199   19
r  450   197   199   19
r  44   197   198   19
r  96   197   198   19
r  47   197   198   19
r  499   197   198   19
r  345   197   198   19
r  397   197   198   19
r  396   197   198   19
r  347   296   198   19
r  1816   1767   1715   19
r  1962   2014   2065   19
r  1913   2012   1964   19
r  2364   2413   2415   19
r  2365   2368   2317   19
r  2465   2412   2368   19
r  2268   2317   2368   19
r  2466   2368   2413   19
r  2164   2160   2415   19
r  2215   2213   2415   19
r  2113   2065   2415   19
r  2417   2368   2415   19
r  2366   2368   2413   19
r  1274   1175   1225   19
r  1079   1128   932   19
r  548   500   648   19
r  550   198   698   19
r  540   591   593   19
r  638   689   736   19
r  1371   1471   1472   19
r  2419   2415   2368   19
r  2319   2415   2424   19
r  1672   1726   1572   19
r  1771   1820   1769   19
r  1422   1471   1322   19
r  1373   1422   1471   19
r  981   930   1030   19
r  650   647   698   19
r  746   795   648   19
r  790   738   689   19
r  2067   1867   1967   19
r  2423   2371   2425   19
r  2274   2371   2425   19
r  2427   2425   2424   19
r  2170   2371   2424   19
r  2476   2425   2424   19
r  2428   2371   2424   19
r  2327   2425   2424   19
r  2121   2371   2424   19
r  2175   2075   2424   19
r  1923   2022   2023   19
r  1873   1773   1822   19
r  1379   1479   1427   19
r  1083   1136   1085   19
r  1185   1236   1136   19
r  887   784   834   19
r  897   845   944   19
r  948   899   1396   19
r  997   1147   1449   19
r  2479   2425   2430   19
r  2473   2424   2425   19
r  2429   2424   2371   19
r  2272   2424   2371   19
r  2019   2017   2072   19
r  1526   1426   1427   19
r  1973   2073   1922   19
r  2023   1972   1922   19
r  2022   1970   1922   19
r  1432   1331   1381   19
r  1034   1085   1032   19
r  985   1085   1136   19
r  1188   986   1085   19
r  944   892   1396   19
r  998   1396   1449   19
r  949   1396   1449   19
r  1049   997   1449   19
r  1000   1396   1449   19
r  996   1096   944   19
r  1099   1396   1449   19
r  1048   1396   1449   19
r  1199   1396   1449   19
r  2228   2226   2128   19
r  2279   2281   2382   19
r  2329   2382   2430   19
r  1927   1875   1879   19
r  1878   1827   1927   19
r  1697   1749   1449   19
r  1098   997   1396   19
r  1096   997   1396   19
r  1045   944   1396   19
r  1648   1449   1396   19
r  1100   1149   1396   19
r  1243   1449   1396   19
r  1245   1296   1396   19
r  1546   1449   1396   19
r  1650   1449   1396   19
r  1746   1648   1396   19
r  1749   1649   1396   19
r  1796   1648   1396   19
r  1094   1141   1396   19
r  1745   1845   1396   19
r  1044   995   992   19
r  1093   1142   944   19
r  1293   1396   1449   19
r  1646   1396   1449   19
r  1494   1396   1449   19
r  1600   1396   1449   19
r  1645   1396   1449   19
r  1147   1396   1449   19
r  2481   2382   2430   19
r  2431   2379   2436   19
r  2331   2430   2382   19
r  2482   2430   2379   19
r  2282   2233   2379   19
r  1926   2025   1979   19
r  1928   1879   1979   19
r  1681   1730   1733   19
r  1543   1642   1541   19
r  2484   2435   2438   19
r  2333   2436   2438   19
r  2384   2436   2438   19
r  2385   2438   2436   19
r  1437   1486   1537   19
r  1489   1389   1441   19
r  1794   1792   1693   19
r  1792   1642   1845   19
r  1742   1841   1642   19
r  1793   1693   1844   19
r  2491   2291   2438   19
r  2190   2239   2438   19
r  2393   2297   2298   19
r  2192   2292   2438   19
r  2287   2438   2436   19
r  2489   2386   2436   19
r  2487   2438   2436   19
r  2492   2441   2436   19
r  2189   2088   2436   19
r  2133   2135   2436   19
r  2082   2133   1981   19
r  1984   2033   2031   19
r  1932   1883   1934   19
r  1741   1641   1642   19
r  1788   1888   1791   19
r  2100   2447   1948   19
r  1949   1998   1898   19
r  2144   2046   1898   19
r  2149   2447   1948   19
r  2145   1898   1948   19
r  2338   2436   2438   19
r  2186   2436   2438   19
r  2342   2436   2438   19
r  2494   2297   2298   19
r  2241   2436   2438   19
r  2292   2436   2438   19
r  2138   2189   2089   19
r  2444   2297   2447   19
r  2243   2447   2298   19
r  2343   2298   2447   19
r  2394   2298   2447   19
r  2197   2447   2298   19
r  2148   2447   2298   19
r  2199   2298   2297   19
r  2195   2298   2297   19
r  2495   2298   2297   19
r  2445   2447   2297   19
r  2347   2447   2198   19
r  2397   2348   2298   19
r  2294   2447   2298   19
r  2295   2447   2298   19
r  2196   2298   2447   19
r  2450   2447   2298   19
r  2345   2298   2447   19
r  2249   2298   2447   19
r  2349   2447   2298   19
r  2395   2298   2447   19
r  2500   2298   2447   19
r  2398   2447   2298   19
r  2498   2298   2297   19
r  2245   2447   2297   19
r  2250   2298   2297   19
r  2399   2447   2297   19
r  2499   2447   2297   19
r  2350   2447   2297   19
r  2400   2298   2297   19
r  2244   2297   2298   19
r  2198   2297   2447   19
r  2246   2297   2447   19
r  2346   2297   2447   19
r  2200   2297   2298   19
r  2300   2297   2298   19
r  2396   2297   2298   19
r  1   302   403   20
r  51   403   254   20
r  2   254   403   20
r  101   403   302   20
r  52   302   254   20
r  3   254   403   20
r  204   302   403   20
r  156   403   302   20
r  258   302   403   20
r  103   302   403   20
r  157   302   403   20
r  501   601   403   20
r  202   403   302   20
r  53   403   302   20
r  151   403   302   20
r  308   403   302   20
r  452   302   403   20
r  305   403   302   20
r  152   302   403   20
r  351   302   403   20
r  5   302   403   20
r  102   403   302   20
r  158   403   302   20
r  306   302   403   20
r  401   302   403   20
r  8   112   254   20
r  106   302   254   20
r  154   403   254   20
r  105   302   254   20
r  256   302   254   20
r  257   302   254   20
r  356   302   254   20
r  503   601   254   20
r  203   302   254   20
r  155   403   254   20
r  107   302   254   20
r  153   254   302   20
r  207   254   302   20
r  355   254   302   20
r  201   254   302   20
r  7   254   302   20
r  159   254   302   20
r  405   254   302   20
r  57   254   302   20
r  56   254   302   20
r  108   302   112   20
r  205   254   302   20
r  206   254   302   20
r  55   254   403   20
r  6   254   403   20
r  307   254   403   20
r  251   254   403   20
r  54   254   403   20
r  104   254   403   20
r  4   254   403   20
r  506   457   458   20
r  458   460   259   20
r  312   162   112   20
r  904   1055   652   20
r  702   753   802   20
r  654   652   802   20
r  115   64   69   20
r  15   116   112   20
r  18   69   112   20
r  214   316   112   20
r  216   264   112   20
r  263   314   112   20
r  68   19   112   20
r  119   271   112   20
r  701   802   653   20
r  901   802   1055   20
r  951   1052   652   20
r  704   802   652   20
r  412   514   464   20
r  63   112   116   20
r  114   112   61   20
r  905   802   1004   20
r  856   807   907   20
r  657   708   608   20
r  903   1004   1052   20
r  953   1004   1055   20
r  67   112   116   20
r  71   69   166   20
r  314   316   214   20
r  1001   1052   1004   20
r  558   659   658   20
r  462   514   465   20
r  759   810   658   20
r  1101   1004   1052   20
r  268   317   319   20
r  72   79   125   20
r  609   707   658   20
r  660   658   709   20
r  1203   1453   1353   20
r  122   79   125   20
r  24   77   79   20
r  73   80   79   20
r  74   125   77   20
r  715   813   766   20
r  1251   1353   1453   20
r  1403   1202   1654   20
r  1454   1353   1654   20
r  1505   1507   1654   20
r  1502   1554   1353   20
r  1552   1654   1554   20
r  1351   1353   1654   20
r  1602   1554   1654   20
r  1751   1554   1654   20
r  1651   1653   1654   20
r  1253   1402   1453   20
r  1301   1353   1453   20
r  1504   1654   1453   20
r  1701   1554   1453   20
r  1804   1654   1453   20
r  1752   1653   1453   20
r  1803   2003   1453   20
r  1551   1654   1453   20
r  1706   1905   1453   20
r  1355   1353   1453   20
r  1802   1554   1453   20
r  1408   1507   1453   20
r  1852   2003   1453   20
r  223   121   125   20
r  519   369   419   20
r  29   77   125   20
r  76   74   125   20
r  27   74   79   20
r  26   77   79   20
r  180   131   79   20
r  25   125   79   20
r  128   131   125   20
r  28   125   77   20
r  471   469   419   20
r  1352   1453   1654   20
r  1404   1453   1654   20
r  1401   1453   1654   20
r  1606   1453   1353   20
r  1652   1453   1353   20
r  1501   1453   1654   20
r  1558   1458   1654   20
r  1601   1453   1654   20
r  1801   1453   1654   20
r  1707   1607   1654   20
r  1805   1905   1654   20
r  1902   1905   1853   20
r  82   31   87   20
r  1951   2253   2003   20
r  1954   2002   2253   20
r  2001   1905   2403   20
r  1311   1359   1412   20
r  232   283   181   20
r  133   84   87   20
r  426   378   377   20
r  922   874   1072   20
r  1709   1609   1758   20
r  2405   2407   2403   20
r  2108   2261   2403   20
r  2110   2058   2403   20
r  2109   2158   2253   20
r  2057   2403   2253   20
r  233   87   135   20
r  38   87   84   20
r  289   87   84   20
r  186   84   87   20
r  337   436   135   20
r  89   87   135   20
r  188   135   84   20
r  235   135   84   20
r  139   135   84   20
r  138   135   84   20
r  239   135   84   20
r  237   135   87   20
r  190   135   87   20
r  1021   1072   923   20
r  972   975   1072   20
r  773   776   824   20
r  1165   1216   1066   20
r  1613   1561   1513   20
r  1564   1513   1613   20
r  1414   1264   1467   20
r  1908   2008   2060   20
r  2161   2253   2403   20
r  2261   2253   2403   20
r  2410   2253   2403   20
r  2156   2253   2403   20
r  530   581   533   20
r  142   197   199   20
r  41   199   197   20
r  192   197   199   20
r  1220   1218   1318   20
r  2412   2415   2368   20
r  2162   2262   2060   20
r  2163   2212   2415   20
r  2265   2217   2317   20
r  2218   2119   2415   20
r  2419   2368   2415   20
r  2115   2166   2415   20
r  2366   2413   2368   20
r  92   199   198   20
r  143   197   198   20
r  42   198   199   20
r  242   197   199   20
r  392   441   198   20
r  1175   1126   1075   20
r  1127   1027   1075   20
r  877   925   975   20
r  1169   1118   1318   20
r  1764   1767   1766   20
r  2417   2415   2317   20
r  2068   2120   2065   20
r  93   198   199   20
r  496   545   198   20
r  50   198   199   20
r  49   199   198   20
r  95   198   199   20
r  100   199   198   20
r  400   198   199   20
r  547   198   648   20
r  350   198   199   20
r  150   199   198   20
r  94   198   199   20
r  97   199   198   20
r  98   198   199   20
r  446   198   199   20
r  447   199   198   20
r  398   198   199   20
r  46   198   199   20
r  448   198   199   20
r  300   198   197   20
r  445   199   197   20
r  399   199   197   20
r  299   198   197   20
r  394   198   197   20
r  45   198   197   20
r  99   199   197   20
r  450   199   197   20
r  44   199   197   20
r  96   198   197   20
r  47   198   197   20
r  345   198   197   20
r  397   198   197   20
r  396   198   197   20
r  347   199   197   20
r  344   198   197   20
r  349   198   197   20
r  348   197   199   20
r  250   197   199   20
r  296   197   199   20
r  43   197   199   20
r  244   197   199   20
r  449   197   199   20
r  246   197   199   20
r  195   197   199   20
r  498   197   199   20
r  295   197   198   20
r  395   197   198   20
r  346   197   198   20
r  144   197   198   20
r  297   197   198   20
r  245   197   198   20
r  343   197   198   20
r  293   197   198   20
r  393   342   198   20
r  497   197   198   20
r  243   197   198   20
r  298   197   198   20
r  2320   2472   2371   20
r  2423   2425   2371   20
r  2274   2425   2371   20
r  2170   2173   2371   20
r  2123   2371   2424   20
r  2473   2371   2424   20
r  2125   2371   2424   20
r  2272   2425   2424   20
r  2422   2424   2425   20
r  1723   1772   1822   20
r  1422   1424   1471   20
r  594   645   592   20
r  880   1030   1029   20
r  2221   2424   2425   20
r  2378   2430   2371   20
r  2019   2072   1922   20
r  1626   1628   1578   20
r  1576   1574   1624   20
r  1873   1822   1825   20
r  931   1029   880   20
r  596   648   647   20
r  598   600   647   20
r  740   742   689   20
r  2480   2379   2381   20
r  2432   2381   2379   20
r  2382   2430   2436   20
r  2329   2278   2382   20
r  1625   1627   1726   20
r  1877   1826   1979   20
r  835   887   837   20
r  1032   1084   1085   20
r  797   648   698   20
r  849   1396   1449   20
r  900   648   1396   20
r  899   1396   1449   20
r  947   944   1396   20
r  1380   1480   1331   20
r  1083   1085   1136   20
r  2481   2430   2382   20
r  2331   2382   2430   20
r  2280   2329   2430   20
r  2026   1926   1978   20
r  998   1449   1396   20
r  949   1449   1396   20
r  1047   1396   1449   20
r  1046   1396   1449   20
r  1048   1449   1396   20
r  1098   1396   997   20
r  1038   1040   1136   20
r  1034   1032   1085   20
r  1631   1633   1730   20
r  2483   2430   2438   20
r  2384   2438   2436   20
r  2385   2436   2438   20
r  2333   2234   2436   20
r  2238   2290   2438   20
r  2289   2237   2438   20
r  2183   2234   2438   20
r  2235   2286   2438   20
r  2338   2290   2436   20
r  2186   2438   2436   20
r  2342   2438   2436   20
r  2241   2438   2436   20
r  2292   2438   2436   20
r  2140   2191   2436   20
r  2138   2087   2436   20
r  2088   2188   2436   20
r  2087   2085   2436   20
r  1732   1581   1781   20
r  1044   992   1396   20
r  1000   1100   1396   20
r  1199   997   1396   20
r  1646   1748   1396   20
r  1600   1649   1396   20
r  1645   1648   1396   20
r  1099   997   1396   20
r  999   898   1449   20
r  1748   1648   1449   20
r  1649   1748   1449   20
r  1699   1396   1449   20
r  1343   1192   1449   20
r  1096   1396   1449   20
r  1698   1649   1449   20
r  1145   1147   1449   20
r  1747   1648   1449   20
r  1750   1396   1449   20
r  1045   1396   1449   20
r  1749   1648   1449   20
r  1700   1396   1449   20
r  1293   1449   1396   20
r  1494   1449   1396   20
r  1147   1449   1396   20
r  1543   1641   1396   20
r  1695   1648   1396   20
r  1143   1145   1396   20
r  1242   1291   1396   20
r  1484   1487   1383   20
r  2284   2436   2438   20
r  2334   2436   2438   20
r  2487   2436   2438   20
r  2236   2436   2438   20
r  2390   2436   2290   20
r  2492   2436   2438   20
r  2494   2447   2297   20
r  2242   2436   2438   20
r  2392   2436   2438   20
r  2137   2436   2438   20
r  2393   2436   2297   20
r  2444   2447   2297   20
r  2185   2436   2438   20
r  2343   2447   2298   20
r  1043   944   992   20
r  1796   1396   1948   20
r  1340   1292   1241   20
r  1387   1288   1339   20
r  1239   1337   1339   20
r  1585   1434   1537   20
r  1881   1832   1981   20
r  2495   2297   2298   20
r  2243   2298   2447   20
r  2394   2297   2298   20
r  2445   2297   2447   20
r  2347   2198   2447   20
r  2294   2298   2447   20
r  2150   2447   2298   20
r  2295   2298   2447   20
r  2196   2447   2298   20
r  2450   2298   2447   20
r  2245   2298   2447   20
r  2250   2447   2298   20
r  2399   2298   2447   20
r  2499   2298   2447   20
r  2195   2447   2298   20
r  2244   2298   2297   20
r  2198   2298   2297   20
r  2246   2447   2297   20
r  2346   2447   2297   20
r  2200   2298   2297   20
r  2300   2447   2297   20
r  2396   2298   2297   20
r  2149   2298   2297   20
r  1592   1691   1541   20
r  1540   1640   1642   20
r  2350   2297   2447   20
r  2349   2297   2447   20
r  2345   2297   2298   20
r  2395   2297   2298   20
r  2500   2297   2298   20
r  2498   2297   2298   20
r  2199   2297   2298   20
r  2249   2297   2298   20
r  2400   2297   2298   20
r  1995   2144   1898   20
r  2043   1898   1948   20
r  2044   1995   1948   20
r  1897   1648   1849   20
r  1900   1898   2049   20
r  1   403   302   21
r  51   254   403   21
r  2   403   254   21
r  101   254   403   21
r  52   403   302   21
r  3   403   254   21
r  204   352   302   21
r  156   302   403   21
r  58   302   403   21
r  157   403   302   21
r  501   403   302   21
r  202   302   403   21
r  151   302   403   21
r  452   403   302   21
r  5   403   302   21
r  102   302   403   21
r  158   302   403   21
r  306   403   302   21
r  401   403   302   21
r  208   302   403   21
r  502   403   302   21
r  8   302   403   21
r  106   403   302   21
r  154   302   403   21
r  256   403   302   21
r  257   357   302   21
r  503   802   403   21
r  203   403   302   21
r  355   302   254   21
r  7   403   254   21
r  405   403   254   21
r  57   403   254   21
r  56   403   254   21
r  205   403   254   21
r  206   403   254   21
r  55   302   254   21
r  307   403   254   21
r  104   403   254   21
r  357   259   254   21
r  153   302   254   21
r  207   403   254   21
r  159   403   254   21
r  6   302   254   21
r  251   403   254   21
r  54   403   254   21
r  4   403   254   21
r  155   254   403   21
r  53   254   403   21
r  308   254   403   21
r  305   254   403   21
r  103   254   302   21
r  152   254   302   21
r  105   254   302   21
r  107   254   302   21
r  108   403   302   21
r  258   254   302   21
r  351   254   302   21
r  11   59   110   21
r  115   69   166   21
r  117   69   166   21
r  12   59   116   21
r  17   69   166   21
r  15   64   116   21
r  18   71   69   21
r  63   116   112   21
r  114   61   112   21
r  67   166   112   21
r  118   166   112   21
r  266   215   112   21
r  70   166   112   21
r  701   653   802   21
r  901   1055   802   21
r  654   802   652   21
r  902   1055   652   21
r  756   856   652   21
r  903   1055   652   21
r  704   652   802   21
r  413   514   462   21
r  66   112   166   21
r  170   121   166   21
r  607   652   659   21
r  953   1055   1004   21
r  558   707   709   21
r  560   460   658   21
r  22   79   125   21
r  72   74   80   21
r  1051   1055   1053   21
r  1003   802   1052   21
r  1107   1007   1055   21
r  1101   1055   1004   21
r  564   463   464   21
r  612   663   714   21
r  23   79   77   21
r  24   125   77   21
r  809   910   811   21
r  1104   1155   1453   21
r  1255   1356   1453   21
r  1109   1060   1008   21
r  470   371   418   21
r  74   77   125   21
r  25   77   125   21
r  126   77   79   21
r  26   79   80   21
r  129   180   125   21
r  28   77   125   21
r  81   32   135   21
r  127   125   80   21
r  518   419   420   21
r  667   665   566   21
r  1307   1356   1453   21
r  1058   1109   1010   21
r  1203   1155   1453   21
r  1402   1453   1654   21
r  1503   1454   1654   21
r  1303   1255   1654   21
r  1302   1402   1654   21
r  1451   1353   1654   21
r  1457   1455   1654   21
r  1507   1606   1654   21
r  1502   1353   1654   21
r  1557   1606   1654   21
r  1552   1554   1654   21
r  1607   1505   1654   21
r  1504   1353   1654   21
r  1551   1753   1654   21
r  1357   1309   1453   21
r  1404   1353   1453   21
r  1401   1353   1453   21
r  1606   1353   1453   21
r  1652   1654   1453   21
r  1755   1654   1453   21
r  1657   1608   1453   21
r  1601   1653   1453   21
r  1801   1653   1453   21
r  1707   1654   1453   21
r  1352   1303   1453   21
r  1851   2002   1453   21
r  1855   2003   1453   21
r  1455   1402   1654   21
r  1009   1109   960   21
r  275   277   375   21
r  32   87   84   21
r  82   87   135   21
r  1405   1453   1654   21
r  1553   1453   1353   21
r  1501   1654   1353   21
r  1506   1453   1654   21
r  1804   1453   1654   21
r  1901   2003   2002   21
r  1853   2003   1654   21
r  1062   1064   1065   21
r  278   378   377   21
r  33   135   84   21
r  232   181   230   21
r  38   84   87   21
r  187   87   84   21
r  90   87   84   21
r  37   35   84   21
r  140   87   84   21
r  186   87   84   21
r  283   234   87   21
r  233   284   87   21
r  89   84   87   21
r  188   84   135   21
r  235   84   135   21
r  139   84   135   21
r  138   84   135   21
r  239   87   135   21
r  340   87   135   21
r  237   87   135   21
r  190   87   135   21
r  339   438   135   21
r  526   475   524   21
r  964   1064   1013   21
r  1951   2003   2253   21
r  2004   1904   2253   21
r  1113   1013   1064   21
r  281   230   330   21
r  429   378   328   21
r  289   135   87   21
r  184   135   84   21
r  234   135   84   21
r  381   383   384   21
r  335   340   87   21
r  91   198   199   21
r  142   199   197   21
r  41   198   199   21
r  241   199   198   21
r  192   198   197   21
r  1564   1613   1561   21
r  2005   1905   2403   21
r  1954   2003   2403   21
r  1956   2008   2060   21
r  2461   2415   2403   21
r  2410   2259   2253   21
r  2156   2403   2253   21
r  2058   2060   2253   21
r  2261   2310   2253   21
r  1313   1264   1214   21
r  1118   1069   1318   21
r  874   973   975   21
r  383   434   332   21
r  92   198   199   21
r  143   199   197   21
r  42   197   198   21
r  193   197   199   21
r  292   198   199   21
r  487   436   388   21
r  628   679   581   21
r  1615   1664   1467   21
r  1515   1466   1468   21
r  2057   2253   2403   21
r  2212   2261   2403   21
r  1957   2060   2009   21
r  2462   2317   2413   21
r  2007   2009   2060   21
r  1958   1956   2060   21
r  1316   1267   1264   21
r  1071   1120   1119   21
r  924   975   1072   21
r  875   975   923   21
r  1268   1270   1217   21
r  1023   1025   1075   21
r  93   199   198   21
r  496   198   199   21
r  49   198   199   21
r  95   199   198   21
r  100   198   199   21
r  400   199   198   21
r  350   199   198   21
r  98   199   198   21
r  294   198   199   21
r  447   198   199   21
r  398   199   198   21
r  448   199   198   21
r  300   199   198   21
r  399   198   199   21
r  299   199   198   21
r  394   443   198   21
r  450   198   199   21
r  44   198   199   21
r  96   199   198   21
r  397   199   198   21
r  344   199   198   21
r  349   199   198   21
r  348   198   197   21
r  444   198   197   21
r  250   198   197   21
r  244   198   197   21
r  449   199   197   21
r  246   199   197   21
r  195   199   197   21
r  395   198   197   21
r  346   198   197   21
r  144   198   197   21
r  296   198   197   21
r  43   199   197   21
r  499   198   197   21
r  295   198   197   21
r  297   198   197   21
r  245   198   197   21
r  243   198   197   21
r  298   198   197   21
r  345   197   198   21
r  396   197   198   21
r  47   197   198   21
r  45   197   198   21
r  50   197   198   21
r  46   197   198   21
r  94   197   198   21
r  446   197   198   21
r  194   197   199   21
r  97   197   199   21
r  445   197   199   21
r  347   197   199   21
r  293   342   199   21
r  99   197   199   21
r  150   197   199   21
r  443   342   198   21
r  494   545   198   21
r  546   597   198   21
r  2412   2368   2415   21
r  2112   2061   2060   21
r  2313   2415   2368   21
r  1120   1072   1075   21
r  1077   1126   975   21
r  1171   1072   1075   21
r  1218   1118   1370   21
r  583   534   581   21
r  596   698   648   21
r  1913   1964   2012   21
r  2314   2415   2317   21
r  2464   2363   2413   21
r  2417   2413   2415   21
r  2319   2371   2415   21
r  2114   2066   2415   21
r  2466   2415   2317   21
r  2316   2415   2413   21
r  1273   1322   1275   21
r  929   932   980   21
r  1371   1472   1471   21
r  797   799   648   21
r  642   740   593   21
r  2469   2415   2317   21
r  2217   2415   2368   21
r  2419   2415   2368   21
r  1373   1322   1472   21
r  849   1449   1396   21
r  900   898   1449   21
r  899   997   1396   21
r  1184   1181   1136   21
r  2423   2421   2425   21
r  2373   2371   2425   21
r  2121   2072   1922   21
r  2422   2425   2424   21
r  2221   2425   2424   21
r  2378   2371   2424   21
r  2072   1922   2424   21
r  2429   2427   2424   21
r  1626   1578   1628   21
r  1871   1721   1869   21
r  1380   1331   1329   21
r  998   1396   1449   21
r  949   1396   1449   21
r  1047   1098   1396   21
r  1097   1396   1449   21
r  1048   1396   1449   21
r  1098   1449   1396   21
r  945   894   992   21
r  1134   1085   1136   21
r  1083   1136   1085   21
r  2473   2424   2371   21
r  2428   2424   2371   21
r  2476   2424   2425   21
r  2122   2424   2425   21
r  2472   2424   2421   21
r  2123   2424   2371   21
r  2070   2019   2022   21
r  1628   1728   1726   21
r  1725   1721   1822   21
r  1873   1772   1822   21
r  1777   1728   1726   21
r  1828   1879   1726   21
r  994   894   942   21
r  1044   1396   1449   21
r  1095   1396   1449   21
r  1043   992   944   21
r  1696   1599   1449   21
r  1493   1591   1449   21
r  1142   1194   1449   21
r  1746   1748   1449   21
r  1147   1195   1449   21
r  1699   1547   1396   21
r  1096   1449   1396   21
r  1750   1649   1396   21
r  1700   1449   1396   21
r  1046   997   1396   21
r  1342   1291   1396   21
r  1045   1146   1396   21
r  1391   1442   1396   21
r  1292   1392   1396   21
r  1341   1241   1396   21
r  1393   1396   1449   21
r  1648   1396   1449   21
r  1546   1396   1449   21
r  1650   1396   1449   21
r  1293   1396   1449   21
r  995   944   1449   21
r  1392   1396   1449   21
r  1094   1396   1449   21
r  1036   1136   1087   21
r  2179   2130   2176   21
r  2431   2382   2379   21
r  2331   2379   2382   21
r  2280   2379   2382   21
r  1543   1396   1642   21
r  1796   1748   1898   21
r  2078   2029   2027   21
r  2026   1925   1979   21
r  2283   2436   2438   21
r  2384   2436   2438   21
r  1780   1731   1783   21
r  1681   1733   1730   21
r  1532   1581   1480   21
r  1633   1482   1631   21
r  1485   1534   1533   21
r  1638   1541   1642   21
r  1742   1744   1641   21
r  1489   1441   1389   21
r  2385   2434   2436   21
r  2188   2140   2438   21
r  2287   2284   2438   21
r  2189   2089   2438   21
r  2241   2290   2438   21
r  2138   2089   2438   21
r  2284   2438   2436   21
r  2334   2184   2436   21
r  2487   2290   2436   21
r  2236   2438   2436   21
r  2390   2290   2436   21
r  2492   2438   2436   21
r  2242   2291   2436   21
r  2392   2438   2436   21
r  2137   2237   2436   21
r  2185   2438   2436   21
r  2091   2143   2436   21
r  1788   1791   1888   21
r  2148   2297   1898   21
r  2149   2297   1898   21
r  2044   2144   1898   21
r  1900   2049   1898   21
r  2147   1898   2297   21
r  2094   1995   1948   21
r  1994   2144   1948   21
r  1982   2033   2031   21
r  2036   2436   2033   21
r  1985   2085   2033   21
r  2186   2436   2438   21
r  2292   2436   2438   21
r  2393   2297   2438   21
r  2442   2436   2438   21
r  2444   2298   2447   21
r  2343   2298   2447   21
r  2243   2297   2298   21
r  1636   1537   1587   21
r  2198   2447   2298   21
r  2199   2298   2297   21
r  2197   2297   2447   21
r  2195   2297   2447   21
r  2495   2298   2297   21
r  2293   2298   2447   21
r  2394   2298   2297   21
r  2445   2298   2297   21
r  2245   2447   2298   21
r  2399   2447   2298   21
r  2244   2447   2298   21
r  2346   2298   2447   21
r  2200   2447   2298   21
r  2396   2447   2298   21
r  2350   2447   2297   21
r  2395   2298   2297   21
r  2498   2298   2297   21
r  2249   2298   2297   21
r  2400   2298   2297   21
r  2349   2298   2297   21
r  2345   2447   2297   21
r  2500   2298   2297   21
r  2344   2297   2298   21
r  2246   2297   2447   21
r  2300   2297   2447   21
r  2398   2297   2447   21
r  2250   2297   2447   21
r  2294   2297   2298   21
r  2450   2297   2298   21
r  2499   2297   2298   21
r  2295   2297   2298   21
r  1   302   403   22
r  51   302   254   22
r  2   302   403   22
r  101   302   254   22
r  52   254   403   22
r  3   254   403   22
r  156   403   302   22
r  58   403   302   22
r  157   302   403   22
r  202   403   302   22
r  5   302   403   22
r  102   403   302   22
r  401   302   403   22
r  502   302   403   22
r  209   302   403   22
r  106   302   403   22
r  154   403   302   22
r  203   302   403   22
r  55   403   302   22
r  307   302   403   22
r  153   403   302   22
r  207   302   403   22
r  6   403   302   22
r  4   302   403   22
r  155   302   254   22
r  53   302   254   22
r  305   403   254   22
r  201   302   254   22
r  103   403   254   22
r  152   302   254   22
r  105   403   254   22
r  107   403   254   22
r  108   302   254   22
r  258   302   254   22
r  351   403   254   22
r  308   403   254   22
r  355   254   302   22
r  151   254   302   22
r  158   254   302   22
r  208   254   302   22
r  8   254   302   22
r  503   254   302   22
r  452   254   403   22
r  306   254   403   22
r  256   254   403   22
r  57   254   403   22
r  56   254   403   22
r  205   254   403   22
r  251   254   403   22
r  54   254   403   22
r  7   254   403   22
r  206   254   403   22
r  104   254   403   22
r  357   254   302   22
r  9   61   110   22
r  505   802   652   22
r  11   110   116   22
r  17   166   117   22
r  20   166   116   22
r  18   69   166   22
r  63   61   116   22
r  213   261   112   22
r  66   69   112   22
r  267   166   112   22
r  69   166   112   22
r  21   69   112   22
r  167   69   112   22
r  314   265   112   22
r  315   166   112   22
r  556   455   652   22
r  654   752   802   22
r  704   753   652   22
r  856   858   652   22
r  903   652   802   22
r  413   462   514   22
r  214   112   316   22
r  265   112   166   22
r  70   112   166   22
r  121   70   166   22
r  171   222   69   22
r  22   24   77   22
r  951   652   1004   22
r  905   902   1052   22
r  953   1052   1055   22
r  558   658   659   22
r  515   464   463   22
r  467   518   317   22
r  172   223   125   22
r  1051   1053   1055   22
r  1101   1004   1055   22
r  711   810   659   22
r  660   709   658   22
r  610   659   709   22
r  320   222   271   22
r  123   224   79   22
r  24   77   125   22
r  75   77   80   22
r  175   276   79   22
r  26   80   79   22
r  74   79   77   22
r  127   80   125   22
r  76   125   80   22
r  28   125   77   22
r  859   810   910   22
r  1152   1453   1654   22
r  1103   1052   1453   22
r  81   132   87   22
r  25   125   80   22
r  520   469   420   22
r  667   616   665   22
r  717   766   920   22
r  32   84   87   22
r  1202   1402   1654   22
r  1154   1255   1453   22
r  1353   1452   1654   22
r  522   573   524   22
r  620   671   623   22
r  33   84   135   22
r  231   229   280   22
r  1356   1155   1453   22
r  1306   1206   1453   22
r  1252   1453   1654   22
r  1203   1353   1654   22
r  1251   1453   1654   22
r  1553   1353   1453   22
r  1658   1707   1453   22
r  1901   2002   1453   22
r  1804   2003   1453   22
r  1456   1453   1654   22
r  1304   1453   1654   22
r  1508   1453   1654   22
r  1253   1353   1654   22
r  1355   1453   1654   22
r  1354   1456   1654   22
r  1652   1353   1654   22
r  1407   1453   1654   22
r  1552   1654   1353   22
r  1605   1654   1554   22
r  1551   1654   1353   22
r  1402   1654   1453   22
r  1405   1654   1453   22
r  1501   1353   1453   22
r  1506   1654   1453   22
r  1558   1654   1453   22
r  1806   1905   1453   22
r  1609   1606   1453   22
r  38   87   84   22
r  39   87   84   22
r  90   84   87   22
r  236   87   84   22
r  287   87   84   22
r  288   87   84   22
r  89   87   84   22
r  188   87   84   22
r  139   87   84   22
r  138   87   84   22
r  339   240   87   22
r  289   84   135   22
r  184   87   135   22
r  234   87   135   22
r  286   135   84   22
r  189   135   84   22
r  284   135   84   22
r  183   135   84   22
r  140   135   87   22
r  186   135   87   22
r  239   135   87   22
r  237   135   87   22
r  190   135   87   22
r  187   135   87   22
r  340   135   87   22
r  282   231   330   22
r  1951   2253   2403   22
r  1905   2003   2403   22
r  142   197   199   22
r  41   197   198   22
r  192   197   198   22
r  291   342   198   22
r  1015   963   1064   22
r  1410   1359   1561   22
r  1952   2004   2253   22
r  1955   2003   2403   22
r  2004   2002   2403   22
r  1904   2253   2403   22
r  2005   2403   2253   22
r  92   197   198   22
r  143   197   199   22
r  42   198   197   22
r  242   198   197   22
r  193   198   197   22
r  292   197   198   22
r  1070   1119   1075   22
r  1216   1264   1318   22
r  1123   1125   1075   22
r  1073   1071   975   22
r  1121   1070   1075   22
r  1120   1224   1072   22
r  1565   1613   1561   22
r  2058   2009   2060   22
r  2161   2403   2253   22
r  2057   2403   2253   22
r  2059   2110   2253   22
r  2156   2253   2403   22
r  1464   1415   1467   22
r  1166   1215   1217   22
r  93   198   199   22
r  95   198   199   22
r  100   199   198   22
r  400   198   199   22
r  350   198   199   22
r  294   199   198   22
r  448   198   199   22
r  299   198   199   22
r  450   199   198   22
r  344   198   199   22
r  348   199   198   22
r  244   199   198   22
r  246   198   199   22
r  195   198   199   22
r  395   199   198   22
r  144   199   198   22
r  296   199   198   22
r  43   198   199   22
r  243   199   198   22
r  345   198   197   22
r  396   198   197   22
r  47   199   197   22
r  45   198   197   22
r  50   198   197   22
r  498   199   197   22
r  94   198   197   22
r  446   199   197   22
r  194   198   197   22
r  97   199   197   22
r  445   198   197   22
r  347   199   197   22
r  293   198   197   22
r  99   199   197   22
r  150   199   197   22
r  497   198   197   22
r  46   199   197   22
r  393   441   197   22
r  343   198   197   22
r  245   197   198   22
r  346   197   198   22
r  297   197   198   22
r  298   197   198   22
r  295   197   198   22
r  250   197   198   22
r  49   197   198   22
r  447   197   198   22
r  399   197   198   22
r  44   197   198   22
r  98   197   199   22
r  398   197   199   22
r  300   197   199   22
r  96   197   199   22
r  349   197   199   22
r  449   197   199   22
r  500   197   199   22
r  397   197   199   22
r  444   197   198   22
r  492   342   198   22
r  680   479   581   22
r  927   923   1075   22
r  1222   1271   1075   22
r  1228   1277   1075   22
r  1178   1129   1075   22
r  1027   1075   975   22
r  1812   1863   1713   22
r  2363   2365   2317   22
r  1371   1422   1472   22
r  2313   2368   2415   22
r  2314   2317   2415   22
r  2414   2363   2317   22
r  2468   2368   2413   22
r  2165   2214   2413   22
r  2466   2317   2415   22
r  2316   2413   2415   22
r  2217   2368   2415   22
r  2419   2368   2415   22
r  2469   2368   2415   22
r  650   698   647   22
r  700   698   647   22
r  694   696   648   22
r  600   698   647   22
r  750   648   647   22
r  749   648   647   22
r  930   1029   881   22
r  929   1030   932   22
r  1279   1328   1331   22
r  1323   1274   1471   22
r  1473   1522   1471   22
r  2265   2415   2413   22
r  2417   2415   2368   22
r  2266   2415   2317   22
r  2268   2415   2317   22
r  2119   2168   2065   22
r  1724   1769   1721   22
r  1822   1871   1721   22
r  1920   1971   1721   22
r  850   648   1449   22
r  1281   1230   1130   22
r  1378   1429   1477   22
r  1626   1628   1624   22
r  883   936   834   22
r  1916   1967   2065   22
r  2373   2425   2371   22
r  2125   2176   2128   22
r  2378   2432   2371   22
r  2473   2425   2424   22
r  2428   2371   2424   22
r  2122   2371   2424   22
r  2472   2421   2424   22
r  2476   2371   2424   22
r  1821   1721   1869   22
r  1825   1924   1774   22
r  1873   1825   1775   22
r  998   1449   1396   22
r  949   1449   1396   22
r  1097   1449   1396   22
r  1048   1449   1396   22
r  1098   1396   1449   22
r  940   841   891   22
r  985   1036   1084   22
r  983   883   1136   22
r  1429   1480   1427   22
r  1625   1628   1676   22
r  1627   1678   1726   22
r  2273   2424   2425   22
r  2071   2022   2020   22
r  2072   2424   1922   22
r  1095   1449   1396   22
r  1492   1494   1449   22
r  1798   1697   1449   22
r  1194   1145   1449   22
r  1243   1292   1449   22
r  1494   1442   1449   22
r  1143   1192   1449   22
r  1342   1241   1449   22
r  1391   1292   1449   22
r  1393   1449   1396   22
r  1648   1697   1396   22
r  1546   1449   1396   22
r  1650   1648   1396   22
r  1293   1196   1396   22
r  995   1449   1396   22
r  1392   1449   1396   22
r  1094   1449   1396   22
r  1594   1641   1396   22
r  1440   1391   1396   22
r  1442   1396   1449   22
r  1144   1396   1449   22
r  1096   1396   1449   22
r  1700   1396   1449   22
r  1292   1396   1449   22
r  1036   1087   1136   22
r  2382   2436   2430   22
r  2281   2283   2381   22
r  2280   2382   2379   22
r  1926   2078   1978   22
r  1543   1541   1641   22
r  1593   1642   1542   22
r  1488   1537   1440   22
r  1681   1783   1781   22
r  1683   1581   1783   22
r  2383   2385   2438   22
r  2027   1878   1978   22
r  2283   2438   2436   22
r  2433   2430   2438   22
r  1977   1926   2029   22
r  1741   1642   1641   22
r  1239   1338   1290   22
r  1288   1290   1386   22
r  2384   2386   2436   22
r  2182   2133   2436   22
r  1984   1882   2033   22
r  2135   2083   2436   22
r  1982   2031   2033   22
r  1933   1833   2033   22
r  2284   2436   2438   22
r  2493   2491   2438   22
r  2443   2297   2298   22
r  2237   2185   2438   22
r  2184   2285   2438   22
r  2140   2189   2438   22
r  2236   2187   2438   22
r  2492   2290   2438   22
r  2392   2290   2438   22
r  2292   2438   2436   22
r  2442   2438   2436   22
r  2186   2238   2436   22
r  1788   1839   1739   22
r  1790   1839   1838   22
r  2149   1948   2298   22
r  2094   1948   1898   22
r  1994   2095   1898   22
r  2343   2297   2438   22
r  2494   2297   2447   22
r  2038   1987   1938   22
r  2444   2447   2298   22
r  2193   2447   2298   22
r  2243   2447   2297   22
r  2293   2447   2298   22
r  1889   1838   1791   22
r  1890   1791   1839   22
r  1942   1890   1891   22
r  2147   1948   2298   22
r  2146   2447   2298   22
r  2150   2298   2447   22
r  2148   1898   2447   22
r  2199   2447   2298   22
r  2195   2447   2297   22
r  2394   2297   2298   22
r  2344   2298   2297   22
r  2495   2447   2298   22
r  2445   2447   2298   22
r  2350   2297   2447   22
r  2197   2447   2297   22
r  2300   2447   2297   22
r  2398   2447   2297   22
r  2196   2297   2447   22
r  2250   2447   2297   22
r  2450   2447   2297   22
r  2499   2447   2297   22
r  2346   2297   2298   22
r  2498   2447   2298   22
r  2249   2447   2298   22
r  2400   2297   2298   22
r  2349   2447   2298   22
r  2500   2297   2298   22
r  2244   2298   2447   22
r  2294   2298   2297   22
r  2245   2298   2447   22
r  2399   2298   2447   22
r  2198   2298   2447   22
r  2200   2298   2447   22
r  2396   2298   2447   22
r  2345   2298   2447   22
r  2246   2298   2297   22
r  2295   2298   2297   22
r  1   403   302   23
r  51   403   302   23
r  2   403   302   23
r  101   254   302   23
r  52   403   254   23
r  3   403   254   23
r  156   302   403   23
r  58   302   403   23
r  157   403   302   23
r  309   311   403   23
r  202   302   403   23
r  5   403   302   23
r  102   302   403   23
r  401   403   302   23
r  502   403   302   23
r  154   302   403   23
r  257   302   403   23
r  356   403   302   23
r  55   302   403   23
r  153   302   403   23
r  207   403   302   23
r  159   302   403   23
r  6   302   403   23
r  4   403   302   23
r  155   403   302   23
r  53   403   302   23
r  305   302   403   23
r  152   403   302   23
r  105   302   403   23
r  108   112   302   23
r  308   302   403   23
r  355   302   254   23
r  151   302   254   23
r  158   302   254   23
r  8   403   254   23
r  452   403   254   23
r  306   403   254   23
r  256   302   254   23
r  57   403   254   23
r  56   403   254   23
r  251   302   254   23
r  104   403   254   23
r  208   403   254   23
r  503   403   254   23
r  205   302   254   23
r  54   403   254   23
r  7   403   254   23
r  206   302   254   23
r  405   254   403   23
r  103   254   403   23
r  107   254   403   23
r  351   254   403   23
r  358   254   302   23
r  209   254   302   23
r  106   254   302   23
r  203   254   302   23
r  307   254   302   23
r  201   254   302   23
r  258   254   302   23
r  357   302   403   23
r  408   259   460   23
r  505   556   802   23
r  456   507   652   23
r  902   1004   802   23
r  903   1052   652   23
r  807   858   652   23
r  856   652   802   23
r  608   610   802   23
r  20   116   166   23
r  214   265   112   23
r  265   166   112   23
r  70   166   112   23
r  168   170   112   23
r  170   69   112   23
r  171   69   112   23
r  953   1055   1052   23
r  661   658   608   23
r  22   77   79   23
r  462   465   413   23
r  363   514   465   23
r  1001   1004   1052   23
r  909   1008   810   23
r  122   125   79   23
r  414   514   463   23
r  1101   1055   1004   23
r  862   913   811   23
r  959   1010   1108   23
r  73   125   80   23
r  123   79   80   23
r  75   80   77   23
r  176   172   79   23
r  174   172   79   23
r  74   77   79   23
r  76   80   125   23
r  28   77   125   23
r  25   80   125   23
r  27   125   80   23
r  180   182   131   23
r  128   125   77   23
r  1206   1155   1453   23
r  1151   1453   1654   23
r  1153   1155   1654   23
r  1256   1356   1453   23
r  1010   1109   1008   23
r  1012   1064   1113   23
r  373   274   422   23
r  569   669   668   23
r  181   230   135   23
r  1356   1453   1654   23
r  1254   1453   1654   23
r  1257   1206   1453   23
r  1201   1453   1654   23
r  1252   1353   1453   23
r  1251   1654   1453   23
r  1756   1856   1453   23
r  1355   1456   1453   23
r  1204   1255   1654   23
r  1552   1353   1654   23
r  1605   1554   1654   23
r  1606   1453   1654   23
r  1755   1655   1654   23
r  1707   1453   1654   23
r  1402   1453   1654   23
r  1405   1453   1654   23
r  1501   1453   1654   23
r  1506   1606   1654   23
r  1757   1857   1654   23
r  1551   1453   1654   23
r  1558   1453   1654   23
r  1304   1654   1453   23
r  1508   1654   1453   23
r  1407   1654   1453   23
r  1456   1654   1453   23
r  1805   1654   1453   23
r  183   84   135   23
r  1902   1853   2002   23
r  1905   2002   2253   23
r  1903   1905   2403   23
r  1015   1064   1113   23
r  38   84   87   23
r  39   84   87   23
r  236   84   87   23
r  285   87   84   23
r  40   87   84   23
r  288   84   87   23
r  89   84   87   23
r  188   84   87   23
r  235   87   84   23
r  138   84   87   23
r  339   87   84   23
r  289   87   84   23
r  286   84   135   23
r  189   87   135   23
r  140   87   135   23
r  186   87   135   23
r  239   87   135   23
r  237   87   135   23
r  187   87   135   23
r  284   87   135   23
r  190   87   135   23
r  238   135   84   23
r  233   135   84   23
r  287   135   87   23
r  139   135   87   23
r  184   135   87   23
r  234   135   87   23
r  1020   1075   920   23
r  725   774   920   23
r  922   973   975   23
r  675   775   774   23
r  1955   2403   2253   23
r  1953   1902   2253   23
r  1709   1760   1911   23
r  1165   1117   1217   23
r  142   199   197   23
r  338   135   389   23
r  192   198   197   23
r  871   920   820   23
r  972   974   975   23
r  773   824   775   23
r  1072   1123   1075   23
r  677   625   728   23
r  2005   2003   2403   23
r  2058   2060   2403   23
r  2057   2008   2060   23
r  2059   2108   2403   23
r  2156   2204   2253   23
r  2007   2058   2253   23
r  2111   2162   2253   23
r  2008   2060   2253   23
r  2362   2403   2253   23
r  2212   2260   2415   23
r  2161   2253   2403   23
r  1166   1117   1118   23
r  1364   1264   1467   23
r  92   199   197   23
r  143   199   197   23
r  42   197   198   23
r  242   199   198   23
r  193   197   198   23
r  342   391   197   23
r  924   973   975   23
r  1076   1024   1025   23
r  1122   1071   1075   23
r  1171   1123   1072   23
r  582   534   634   23
r  1665   1766   1467   23
r  1714   1765   1815   23
r  1219   1270   1217   23
r  1667   1815   1618   23
r  93   197   198   23
r  496   199   198   23
r  95   199   198   23
r  448   199   198   23
r  299   199   198   23
r  450   198   199   23
r  344   199   198   23
r  348   198   199   23
r  195   199   198   23
r  395   198   199   23
r  144   198   199   23
r  499   648   199   23
r  243   198   199   23
r  396   199   198   23
r  498   198   199   23
r  194   199   198   23
r  97   198   199   23
r  445   199   198   23
r  347   198   199   23
r  293   199   198   23
r  343   199   198   23
r  245   198   197   23
r  346   198   197   23
r  297   199   197   23
r  298   199   197   23
r  250   198   197   23
r  49   199   197   23
r  447   198   197   23
r  399   198   197   23
r  44   199   197   23
r  98   199   197   23
r  398   199   197   23
r  96   199   197   23
r  449   198   197   23
r  397   198   197   23
r  295   198   197   23
r  300   199   197   23
r  345   197   198   23
r  45   197   198   23
r  50   197   198   23
r  94   197   198   23
r  400   197   198   23
r  350   197   198   23
r  246   197   198   23
r  43   197   198   23
r  100   197   199   23
r  294   197   199   23
r  394   197   199   23
r  244   197   199   23
r  296   197   199   23
r  99   197   199   23
r  150   197   199   23
r  47   197   199   23
r  46   197   199   23
r  393   197   199   23
r  442   394   198   23
r  493   392   198   23
r  539   739   541   23
r  1027   975   1075   23
r  1272   1221   1075   23
r  830   879   980   23
r  1223   1324   1272   23
r  631   731   533   23
r  2313   2415   2317   23
r  2465   2368   2317   23
r  2468   2413   2368   23
r  2264   2315   2413   23
r  2265   2317   2415   23
r  2417   2368   2415   23
r  2266   2317   2415   23
r  2268   2317   2415   23
r  2168   2065   2415   23
r  2367   2416   2413   23
r  1621   1473   1574   23
r  591   593   642   23
r  590   491   593   23
r  1029   932   931   23
r  2466   2415   2317   23
r  2014   2065   1962   23
r  2319   2415   2371   23
r  2068   2119   2116   23
r  1323   1374   1321   23
r  1771   1768   1820   23
r  1871   1869   1721   23
r  1821   1769   1721   23
r  1824   1775   1721   23
r  700   647   698   23
r  798   698   647   23
r  750   698   648   23
r  749   647   648   23
r  600   647   698   23
r  650   648   698   23
r  748   648   647   23
r  800   648   647   23
r  747   648   647   23
r  641   690   541   23
r  687   739   638   23
r  2226   2125   2371   23
r  2273   2425   2424   23
r  1623   1621   1572   23
r  1826   1726   1822   23
r  847   648   698   23
r  849   1396   1449   23
r  947   1396   1449   23
r  888   937   839   23
r  837   788   885   23
r  1033   1085   1136   23
r  2223   2424   2425   23
r  2275   2424   2425   23
r  2221   2424   2425   23
r  2325   2424   2425   23
r  2428   2424   2371   23
r  2122   2424   2371   23
r  2476   2424   2371   23
r  2177   2228   2128   23
r  998   1396   1449   23
r  949   1396   1449   23
r  946   944   1396   23
r  996   1396   1449   23
r  1097   1396   1449   23
r  895   944   992   23
r  1040   989   1136   23
r  1284   1386   1338   23
r  2480   2382   2379   23
r  2279   2382   2430   23
r  2329   2382   2381   23
r  2431   2436   2382   23
r  2331   2430   2379   23
r  1095   1396   1449   23
r  1098   997   1396   23
r  1048   997   1449   23
r  1695   1746   1449   23
r  1341   1396   1449   23
r  1393   1396   1449   23
r  1546   1543   1449   23
r  1392   1396   1449   23
r  1094   1143   1449   23
r  1594   1396   1449   23
r  1191   1143   1449   23
r  1442   1449   1396   23
r  1144   1449   1396   23
r  1096   1449   1396   23
r  1700   1449   1396   23
r  1292   1449   1396   23
r  1340   1338   1396   23
r  1385   1434   1338   23
r  2332   2436   2438   23
r  2281   2379   2382   23
r  2283   2436   2438   23
r  1680   1781   1682   23
r  1339   1288   1386   23
r  1239   1339   1338   23
r  1984   2031   1882   23
r  1986   2085   2033   23
r  2284   2438   2436   23
r  1932   2033   1833   23
r  1538   1490   1641   23
r  1793   1845   1693   23
r  2139   2090   2438   23
r  2342   2291   2438   23
r  2185   2436   2438   23
r  2135   2033   2438   23
r  2443   2436   2438   23
r  2088   2436   2438   23
r  2292   2436   2438   23
r  2442   2436   2438   23
r  1836   1787   1838   23
r  1786   1737   1738   23
r  2149   2298   2447   23
r  2043   1948   1898   23
r  1993   2144   1948   23
r  1636   1536   1537   23
r  2243   2298   2447   23
r  2393   2438   2297   23
r  2494   2298   2297   23
r  2343   2438   2297   23
r  2444   2297   2447   23
r  2293   2298   2447   23
r  1888   1839   1739   23
r  2146   2298   2447   23
r  2150   2447   2298   23
r  2194   2447   2297   23
r  2148   2447   2297   23
r  2195   2297   2447   23
r  2394   2298   2297   23
r  2495   2298   2447   23
r  2344   2297   2298   23
r  2445   2298   2447   23
r  2350   2447   2297   23
r  2300   2297   2447   23
r  2450   2297   2447   23
r  2346   2447   2297   23
r  2249   2297   2447   23
r  2500   2447   2297   23
r  2294   2297   2298   23
r  2245   2447   2298   23
r  2399   2447   2298   23
r  2198   2447   2298   23
r  2200   2297   2298   23
r  2396   2447   2298   23
r  2395   2447   2298   23
r  2345   2297   2298   23
r  2246   2447   2298   23
r  2295   2447   2298   23
r  2498   2298   2447   23
r  2349   2298   2447   23
r  2197   2298   2447   23
r  2250   2298   2447   23
r  2499   2298   2447   23
r  2398   2298   2447   23
r  2196   2298   2297   23
r  2400   2298   2297   23
r  1   302   403   24
r  51   254   403   24
r  101   403   254   24
r  52   254   403   24
r  3   254   403   24
r  156   403   302   24
r  157   302   403   24
r  202   403   302   24
r  257   403   302   24
r  356   302   403   24
r  159   403   302   24
r  4   302   403   24
r  305   403   302   24
r  152   302   403   24
r  105   403   302   24
r  308   403   302   24
r  355   403   302   24
r  151   403   302   24
r  158   403   302   24
r  57   302   403   24
r  56   302   403   24
r  251   403   302   24
r  205   403   302   24
r  206   403   302   24
r  405   403   254   24
r  103   403   254   24
r  107   403   254   24
r  351   302   254   24
r  106   403   254   24
r  203   302   254   24
r  201   302   254   24
r  258   302   254   24
r  307   403   254   24
r  256   254   302   24
r  58   254   302   24
r  102   254   302   24
r  154   254   302   24
r  55   254   302   24
r  153   254   302   24
r  6   254   302   24
r  357   258   302   24
r  5   254   403   24
r  401   254   403   24
r  155   254   403   24
r  53   254   403   24
r  452   254   403   24
r  306   254   403   24
r  208   254   403   24
r  502   254   403   24
r  207   254   403   24
r  108   254   403   24
r  8   254   403   24
r  104   254   403   24
r  54   254   403   24
r  7   254   403   24
r  259   257   112   24
r  311   360   211   24
r  13   116   166   24
r  17   117   116   24
r  165   214   116   24
r  67   116   166   24
r  118   69   166   24
r  69   20   166   24
r  214   316   166   24
r  70   68   166   24
r  120   166   112   24
r  169   69   112   24
r  71   166   112   24
r  365   264   112   24
r  953   1052   1055   24
r  857   806   1055   24
r  558   709   658   24
r  660   658   709   24
r  415   464   413   24
r  12   112   166   24
r  65   112   166   24
r  171   112   166   24
r  22   125   80   24
r  72   80   79   24
r  512   412   464   24
r  1001   1052   1004   24
r  955   1004   1052   24
r  711   658   709   24
r  515   413   464   24
r  122   77   125   24
r  368   319   419   24
r  23   77   79   24
r  73   79   125   24
r  1054   1105   1654   24
r  1101   1004   1055   24
r  1155   1207   1453   24
r  859   911   810   24
r  762   760   810   24
r  565   665   516   24
r  123   125   79   24
r  223   125   79   24
r  173   125   79   24
r  520   419   418   24
r  24   125   77   24
r  75   77   80   24
r  76   125   80   24
r  128   80   125   24
r  28   125   77   24
r  27   79   125   24
r  127   79   80   24
r  31   79   135   24
r  1151   1654   1453   24
r  1154   1453   1654   24
r  1205   1207   1654   24
r  1058   1060   959   24
r  518   420   419   24
r  82   135   87   24
r  325   277   274   24
r  32   87   84   24
r  767   865   920   24
r  1356   1206   1453   24
r  1606   1456   1453   24
r  1402   1353   1453   24
r  1405   1353   1453   24
r  1501   1452   1453   24
r  1305   1256   1654   24
r  1251   1202   1654   24
r  1806   1706   1654   24
r  1304   1353   1654   24
r  1407   1453   1654   24
r  1456   1405   1654   24
r  1854   2003   1654   24
r  1856   1758   1654   24
r  1256   1155   1654   24
r  1306   1255   1654   24
r  1708   1659   1654   24
r  1254   1654   1453   24
r  1201   1654   1453   24
r  1551   1654   1453   24
r  1558   1654   1453   24
r  1707   1654   1453   24
r  1808   1806   1453   24
r  1013   1114   1113   24
r  965   962   1013   24
r  522   524   573   24
r  330   231   328   24
r  133   32   84   24
r  232   230   84   24
r  183   135   84   24
r  39   87   84   24
r  236   87   84   24
r  290   87   84   24
r  235   84   87   24
r  239   84   87   24
r  237   84   87   24
r  187   84   87   24
r  238   87   135   24
r  233   87   135   24
r  287   84   135   24
r  139   87   135   24
r  184   87   135   24
r  234   87   135   24
r  33   135   84   24
r  38   135   84   24
r  288   135   84   24
r  89   135   84   24
r  138   135   84   24
r  188   135   84   24
r  289   135   87   24
r  140   135   87   24
r  190   135   87   24
r  189   135   87   24
r  186   135   87   24
r  475   473   623   24
r  1902   2002   2403   24
r  2002   2253   2403   24
r  1951   2403   2253   24
r  1904   2003   2253   24
r  2003   2051   2253   24
r  725   825   774   24
r  871   820   920   24
r  91   197   198   24
r  41   198   197   24
r  192   199   198   24
r  478   578   576   24
r  577   575   676   24
r  1955   2253   2403   24
r  1953   2002   2403   24
r  1954   2253   2003   24
r  1956   2009   2253   24
r  1908   2060   2403   24
r  825   874   724   24
r  383   332   432   24
r  92   197   199   24
r  143   197   199   24
r  42   198   197   24
r  242   198   199   24
r  193   198   197   24
r  292   199   197   24
r  579   680   581   24
r  2007   2060   2403   24
r  2162   2213   2403   24
r  2008   2253   2403   24
r  1957   2008   2253   24
r  2411   2413   2253   24
r  532   481   581   24
r  1022   973   975   24
r  974   1025   1023   24
r  1219   1217   1118   24
r  1073   975   1075   24
r  1173   1071   1075   24
r  580   533   681   24
r  93   198   197   24
r  245   197   198   24
r  295   197   198   24
r  50   198   197   24
r  250   197   198   24
r  94   198   197   24
r  399   197   198   24
r  400   198   197   24
r  350   198   197   24
r  246   198   197   24
r  43   198   197   24
r  450   197   198   24
r  348   197   198   24
r  395   197   198   24
r  499   197   198   24
r  97   197   198   24
r  99   198   197   24
r  95   198   199   24
r  344   198   199   24
r  396   198   199   24
r  446   198   199   24
r  194   197   199   24
r  445   197   199   24
r  293   197   199   24
r  297   197   199   24
r  49   198   199   24
r  44   197   199   24
r  398   197   199   24
r  96   197   199   24
r  300   197   199   24
r  448   198   199   24
r  299   198   199   24
r  195   197   199   24
r  343   197   199   24
r  298   197   199   24
r  98   197   199   24
r  443   198   199   24
r  150   199   197   24
r  47   199   197   24
r  349   199   197   24
r  46   199   197   24
r  100   199   197   24
r  296   199   197   24
r  294   199   197   24
r  244   199   197   24
r  345   199   197   24
r  45   199   197   24
r  144   199   198   24
r  243   199   198   24
r  498   199   198   24
r  347   199   198   24
r  346   199   198   24
r  397   199   198   24
r  495   544   198   24
r  449   199   198   24
r  543   443   198   24
r  545   543   198   24
r  444   198   197   24
r  494   198   197   24
r  489   688   541   24
r  1763   1765   1715   24
r  1419   1472   1318   24
r  1271   1320   1075   24
r  1274   1225   1075   24
r  978   1029   980   24
r  830   932   881   24
r  681   679   633   24
r  549   648   647   24
r  596   647   698   24
r  594   592   648   24
r  2263   2312   2317   24
r  2416   2368   2413   24
r  2468   2368   2317   24
r  2467   2368   2317   24
r  2313   2411   2415   24
r  2466   2317   2415   24
r  2319   2371   2415   24
r  1764   1715   1815   24
r  1224   1075   1226   24
r  798   647   698   24
r  645   745   648   24
r  650   698   648   24
r  748   898   648   24
r  747   647   648   24
r  750   648   698   24
r  799   648   647   24
r  786   737   834   24
r  640   689   790   24
r  2265   2415   2317   24
r  1917   1966   1815   24
r  1573   1571   1721   24
r  1672   1572   1574   24
r  1918   1768   1769   24
r  1029   980   932   24
r  844   795   743   24
r  898   648   1449   24
r  849   997   1396   24
r  2373   2371   2425   24
r  2121   1922   2371   24
r  2223   2371   2424   24
r  2275   2371   2424   24
r  2479   2371   2424   24
r  2221   2425   2424   24
r  2325   2425   2424   24
r  2428   2425   2424   24
r  2476   2425   2424   24
r  1424   1471   1427   24
r  1971   1922   2022   24
r  1824   1721   1775   24
r  1133   1130   1136   24
r  843   841   745   24
r  944   844   1449   24
r  996   1449   1396   24
r  998   899   1396   24
r  949   1449   1396   24
r  2274   2424   2425   24
r  2272   2424   2425   24
r  2171   2424   2323   24
r  2126   2128   2075   24
r  2071   2020   2022   24
r  2480   2381   2382   24
r  1969   1922   2022   24
r  1476   1425   1376   24
r  1332   1334   1434   24
r  1044   1449   1396   24
r  1095   1449   1396   24
r  1097   997   1396   24
r  1392   1492   1396   24
r  1093   944   1449   24
r  1694   1396   1449   24
r  1242   1391   1449   24
r  1442   1396   1449   24
r  1144   1195   1449   24
r  1096   1396   1449   24
r  1700   1749   1449   24
r  1292   1396   1449   24
r  1141   1092   1449   24
r  1341   1449   1396   24
r  1393   1449   1396   24
r  1192   1141   1396   24
r  1543   1641   1396   24
r  2076   2176   1979   24
r  2481   2382   2381   24
r  2281   2382   2379   24
r  2381   2430   2432   24
r  1594   1449   1641   24
r  2434   2436   2438   24
r  2282   2379   2381   24
r  2181   2133   2436   24
r  1683   1631   1730   24
r  1681   1730   1783   24
r  1387   1339   1287   24
r  1438   1339   1386   24
r  1692   1641   1844   24
r  1742   1642   1744   24
r  2283   2438   2436   24
r  2233   2182   2438   24
r  1932   1934   2033   24
r  1934   1882   2033   24
r  1685   1584   1783   24
r  2145   1995   1898   24
r  2144   1898   1948   24
r  1786   1739   1838   24
r  1840   1838   1789   24
r  2292   2441   2436   24
r  2284   2436   2438   24
r  2136   2085   2438   24
r  2191   2091   2438   24
r  2442   2438   2436   24
r  2090   2092   2436   24
r  2185   2438   2436   24
r  2147   2297   2447   24
r  2149   1898   2297   24
r  2150   2297   2447   24
r  2195   2447   2297   24
r  1890   1789   1791   24
r  2193   2298   2447   24
r  2243   2447   2298   24
r  2443   2438   2447   24
r  2494   2297   2298   24
r  2343   2297   2298   24
r  2197   2447   2298   24
r  2199   2297   2447   24
r  2196   2297   2298   24
r  2200   2447   2297   24
r  2244   2447   2298   24
r  2245   2297   2447   24
r  2198   2297   2447   24
r  2394   2297   2298   24
r  2444   2447   2297   24
r  2495   2297   2298   24
r  2344   2298   2297   24
r  2294   2298   2297   24
r  2399   2298   2447   24
r  2445   2447   2298   24
r  2246   2298   2447   24
r  2250   2447   2298   24
r  2499   2447   2298   24
r  2398   2447   2298   24
r  2300   2447   2297   24
r  2450   2447   2297   24
r  2249   2298   2297   24
r  2345   2298   2297   24
r  2350   2297   2447   24
r  2346   2297   2447   24
r  2500   2297   2447   24
r  2396   2297   2447   24
r  2395   2297   2447   24
r  2295   2297   2447   24
r  2498   2297   2298   24
r  2400   2297   2298   24
r  2349   2297   2298   24
r  1   403   302   25
r  51   403   254   25
r  2   254   403   25
r  101   302   403   25
r  52   403   254   25
r  3   302   254   25
r  156   302   403   25
r  501   302   403   25
r  202   302   403   25
r  257   302   403   25
r  356   403   302   25
r  4   403   302   25
r  152   403   302   25
r  355   302   403   25
r  151   302   403   25
r  158   302   403   25
r  57   403   302   25
r  206   302   403   25
r  107   302   403   25
r  106   302   403   25
r  256   302   254   25
r  209   302   254   25
r  102   302   254   25
r  154   302   254   25
r  55   302   254   25
r  6   302   254   25
r  357   403   254   25
r  5   302   254   25
r  401   403   254   25
r  208   403   254   25
r  502   403   254   25
r  207   403   254   25
r  108   403   254   25
r  104   403   254   25
r  54   302   254   25
r  58   403   254   25
r  153   403   254   25
r  452   403   254   25
r  306   403   254   25
r  8   302   254   25
r  7   302   254   25
r  358   302   254   25
r  405   254   403   25
r  103   254   403   25
r  307   254   403   25
r  305   254   403   25
r  105   254   403   25
r  251   254   403   25
r  157   254   302   25
r  56   254   302   25
r  351   254   302   25
r  203   254   302   25
r  201   254   302   25
r  258   254   302   25
r  310   209   211   25
r  407   460   458   25
r  60   112   166   25
r  10   110   61   25
r  460   359   458   25
r  852   854   702   25
r  854   802   702   25
r  756   652   802   25
r  113   116   166   25
r  215   116   166   25
r  15   116   166   25
r  120   69   166   25
r  71   19   166   25
r  12   166   112   25
r  65   116   112   25
r  171   166   112   25
r  218   69   112   25
r  316   267   112   25
r  363   465   112   25
r  560   658   460   25
r  657   659   709   25
r  660   709   658   25
r  63   112   166   25
r  415   413   464   25
r  64   112   166   25
r  17   112   166   25
r  18   112   116   25
r  118   112   116   25
r  22   80   125   25
r  72   79   80   25
r  513   464   613   25
r  1003   1055   1054   25
r  956   1004   1052   25
r  122   79   80   25
r  417   466   318   25
r  73   80   79   25
r  173   224   125   25
r  1054   1654   1453   25
r  123   80   125   25
r  518   470   418   25
r  24   77   125   25
r  75   80   77   25
r  26   125   80   25
r  27   80   79   25
r  28   80   125   25
r  74   79   80   25
r  25   79   80   25
r  76   79   125   25
r  227   278   125   25
r  177   229   125   25
r  816   767   920   25
r  1104   1453   1654   25
r  1106   1055   1453   25
r  1255   1453   1654   25
r  1206   1104   1654   25
r  1152   1055   1453   25
r  1151   1453   1654   25
r  1154   1202   1453   25
r  1012   1112   1065   25
r  520   418   419   25
r  420   418   519   25
r  132   31   84   25
r  82   87   135   25
r  32   135   87   25
r  522   573   669   25
r  1357   1408   1654   25
r  1508   1457   1654   25
r  1808   1856   1654   25
r  1757   1654   1453   25
r  1407   1456   1453   25
r  1854   1654   1453   25
r  1708   1654   1453   25
r  1358   1307   1453   25
r  1807   1758   1453   25
r  1254   1453   1654   25
r  1201   1453   1654   25
r  718   670   920   25
r  183   87   135   25
r  33   84   135   25
r  236   84   87   25
r  285   84   87   25
r  286   87   84   25
r  239   87   84   25
r  237   87   84   25
r  187   87   84   25
r  284   84   87   25
r  238   84   87   25
r  139   84   87   25
r  38   87   135   25
r  288   87   135   25
r  138   84   135   25
r  188   87   135   25
r  189   87   135   25
r  186   87   135   25
r  140   87   135   25
r  191   135   84   25
r  335   236   84   25
r  287   135   84   25
r  235   135   84   25
r  233   135   87   25
r  184   135   87   25
r  723   775   920   25
r  1609   1453   1654   25
r  1805   1453   1654   25
r  1551   1453   1654   25
r  1707   1453   1654   25
r  1608   1659   1654   25
r  1758   1858   1654   25
r  1558   1453   1654   25
r  2002   2403   2253   25
r  1951   2004   2403   25
r  1112   1065   1013   25
r  1164   1264   1065   25
r  1361   1413   1561   25
r  483   380   331   25
r  91   199   197   25
r  142   198   199   25
r  41   197   198   25
r  677   728   625   25
r  192   197   199   25
r  874   923   1072   25
r  1903   2002   2253   25
r  2003   2253   2403   25
r  1952   2003   2403   25
r  1955   2403   2253   25
r  1954   2003   2253   25
r  481   530   581   25
r  92   199   197   25
r  143   198   197   25
r  42   197   198   25
r  292   197   199   25
r  391   389   198   25
r  242   199   198   25
r  727   626   581   25
r  193   197   198   25
r  1071   923   1075   25
r  1022   923   1075   25
r  973   1072   1075   25
r  924   975   1075   25
r  974   875   1075   25
r  1216   1318   1267   25
r  1219   1318   1217   25
r  1319   1217   1118   25
r  1369   1267   1118   25
r  1074   1072   1123   25
r  1956   2060   2403   25
r  1514   1566   1467   25
r  1613   1512   1561   25
r  2161   2262   2253   25
r  2008   2059   2253   25
r  1957   2253   2403   25
r  2411   2415   2403   25
r  2262   2415   2403   25
r  2057   2060   2403   25
r  2111   2060   2403   25
r  2011   2009   2403   25
r  1958   1909   2253   25
r  1413   1415   1467   25
r  93   199   198   25
r  150   197   199   25
r  394   199   197   25
r  96   199   197   25
r  46   197   199   25
r  296   197   199   25
r  298   199   197   25
r  294   197   199   25
r  297   199   197   25
r  496   197   199   25
r  345   197   199   25
r  45   197   199   25
r  343   199   197   25
r  493   342   199   25
r  450   199   197   25
r  395   199   197   25
r  499   199   197   25
r  97   199   197   25
r  245   199   197   25
r  250   199   197   25
r  399   199   197   25
r  397   197   199   25
r  295   199   197   25
r  50   199   198   25
r  400   199   198   25
r  350   197   198   25
r  246   197   198   25
r  99   199   198   25
r  95   199   198   25
r  344   197   198   25
r  396   199   198   25
r  49   197   198   25
r  448   199   198   25
r  299   199   198   25
r  444   493   198   25
r  494   443   198   25
r  94   199   198   25
r  447   199   198   25
r  43   197   198   25
r  446   197   198   25
r  443   199   198   25
r  144   198   199   25
r  243   198   199   25
r  498   198   648   25
r  347   198   199   25
r  346   198   199   25
r  100   198   199   25
r  47   198   199   25
r  348   198   197   25
r  194   198   197   25
r  293   198   197   25
r  44   198   197   25
r  398   198   197   25
r  300   198   197   25
r  98   198   197   25
r  445   198   197   25
r  195   198   197   25
r  497   197   199   25
r  492   198   443   25
r  1223   1272   1075   25
r  1276   1224   1075   25
r  1224   1226   1075   25
r  830   881   932   25
r  928   926   932   25
r  1664   1715   1661   25
r  1565   1561   1467   25
r  1763   1664   1815   25
r  1617   1668   1566   25
r  733   581   682   25
r  549   698   648   25
r  590   593   642   25
r  2463   2415   2317   25
r  2413   2314   2317   25
r  2269   2368   2317   25
r  2314   2363   2317   25
r  2316   2368   2413   25
r  2266   2366   2317   25
r  2265   2413   2415   25
r  2219   2168   2415   25
r  2167   2218   2415   25
r  696   647   698   25
r  750   698   648   25
r  799   647   648   25
r  800   698   648   25
r  591   493   643   25
r  645   648   698   25
r  650   648   698   25
r  785   887   837   25
r  2315   2415   2413   25
r  2215   2415   2317   25
r  2116   2069   1967   25
r  1622   1522   1721   25
r  848   648   1449   25
r  850   898   1396   25
r  789   889   689   25
r  1425   1427   1476   25
r  1082   1085   1136   25
r  2125   2128   2371   25
r  2273   2371   2425   25
r  2223   2425   2371   25
r  2325   2371   2425   25
r  2274   2425   2424   25
r  2272   2371   2424   25
r  2171   2323   2424   25
r  2227   2276   2424   25
r  2221   2424   2425   25
r  1821   1721   1769   25
r  1971   2022   1922   25
r  1824   1775   1773   25
r  1874   1825   1775   25
r  1873   1775   1922   25
r  898   1449   1396   25
r  945   996   1396   25
r  1040   1136   1141   25
r  1526   1427   1477   25
r  1579   1429   1477   25
r  1083   985   1136   25
r  984   1084   1136   25
r  1969   2020   1922   25
r  2373   2424   2371   25
r  2275   2424   2371   25
r  2327   2424   2425   25
r  2328   2379   2430   25
r  1972   2020   2072   25
r  1729   1579   1726   25
r  2020   1922   1973   25
r  946   1396   1449   25
r  1044   1396   1449   25
r  1191   1292   1396   25
r  1442   1343   1396   25
r  1292   1192   1396   25
r  949   997   1449   25
r  1095   944   1449   25
r  995   1396   1449   25
r  1544   1396   1449   25
r  1341   1396   1449   25
r  1393   1492   1449   25
r  1192   1241   1449   25
r  1543   1642   1449   25
r  1798   1449   1898   25
r  1096   1449   1396   25
r  1093   1449   1396   25
r  1291   1239   1396   25
r  1238   1338   1386   25
r  2382   2379   2481   25
r  2180   2129   2176   25
r  2330   2382   2281   25
r  2482   2382   2436   25
r  2281   2381   2430   25
r  2280   2379   2382   25
r  1593   1542   1642   25
r  2332   2438   2436   25
r  2434   2438   2436   25
r  1731   1833   1783   25
r  1880   1981   2033   25
r  1931   2032   2031   25
r  1742   1744   1693   25
r  1639   1538   1642   25
r  2042   1993   1898   25
r  2283   2436   2438   25
r  2233   2231   2436   25
r  2088   2137   2436   25
r  2284   2438   2436   25
r  1985   2084   2031   25
r  1932   1833   1883   25
r  1884   1882   2033   25
r  1588   1641   1642   25
r  2094   1898   1948   25
r  1790   1838   1839   25
r  2147   2298   2297   25
r  2149   2447   2298   25
r  2146   2447   2298   25
r  2195   2298   2447   25
r  2148   2297   2447   25
r  2442   2436   2438   25
r  2185   2436   2438   25
r  2039   2087   2438   25
r  2443   2447   2297   25
r  2494   2298   2297   25
r  2193   2297   2298   25
r  2343   2298   2297   25
r  2243   2298   2447   25
r  2393   2297   2447   25
r  2194   2044   2298   25
r  2197   2297   2447   25
r  2199   2298   2297   25
r  2196   2447   2297   25
r  2200   2298   2447   25
r  2245   2447   2297   25
r  2198   2447   2297   25
r  2444   2297   2447   25
r  2495   2447   2297   25
r  2344   2447   2298   25
r  2394   2298   2297   25
r  2294   2447   2298   25
r  1937   1739   1990   25
r  1887   1786   1838   25
r  2446   2298   2199   25
r  2400   2298   2297   25
r  2345   2297   2298   25
r  2498   2298   2297   25
r  2349   2298   2297   25
r  2249   2297   2298   25
r  2500   2298   2297   25
r  2399   2297   2298   25
r  2246   2297   2298   25
r  2295   2298   2297   25
r  2346   2298   2297   25
r  2445   2298   2447   25
r  2250   2298   2447   25
r  2499   2297   2447   25
r  2398   2298   2447   25
r  2300   2298   2447   25
r  2450   2297   2447   25
r  2350   2447   2297   25
r  2395   2447   2297   25
r  2396   2447   2297   25
r  1   254   403   26
r  51   254   403   26
r  2   403   254   26
r  101   403   302   26
r  52   254   403   26
r  3   254   302   26
r  301   254   352   26
r  104   254   403   26
r  452   254   403   26
r  306   254   403   26
r  401   254   403   26
r  502   254   403   26
r  207   254   403   26
r  153   254   403   26
r  159   254   403   26
r  308   254   403   26
r  251   403   254   26
r  157   403   254   26
r  152   254   403   26
r  309   254   302   26
r  202   403   302   26
r  355   403   302   26
r  151   403   302   26
r  158   403   302   26
r  206   403   302   26
r  256   254   302   26
r  102   403   302   26
r  154   403   302   26
r  55   403   302   26
r  6   403   302   26
r  54   254   302   26
r  156   254   302   26
r  257   254   302   26
r  107   254   302   26
r  106   403   302   26
r  5   403   302   26
r  7   403   302   26
r  201   302   254   26
r  203   302   254   26
r  351   302   254   26
r  155   302   254   26
r  53   302   254   26
r  56   302   254   26
r  105   302   254   26
r  103   302   254   26
r  307   302   254   26
r  305   302   254   26
r  4   302   403   26
r  57   302   403   26
r  205   302   403   26
r  357   302   403   26
r  208   302   403   26
r  455   506   802   26
r  458   259   509   26
r  60   166   112   26
r  161   259   166   26
r  410   458   259   26
r  10   112   166   26
r  756   557   652   26
r  14   116   166   26
r  262   264   166   26
r  213   312   166   26
r  313   264   112   26
r  64   116   112   26
r  17   166   112   26
r  18   116   112   26
r  118   116   112   26
r  63   116   112   26
r  121   166   112   26
r  11   112   166   26
r  412   463   415   26
r  951   1055   1052   26
r  952   1004   1003   26
r  558   658   709   26
r  660   658   709   26
r  610   710   608   26
r  12   112   166   26
r  16   112   166   26
r  218   112   166   26
r  72   80   79   26
r  122   125   79   26
r  1001   1055   1052   26
r  1003   1054   1055   26
r  711   709   658   26
r  661   608   710   26
r  710   658   659   26
r  367   318   418   26
r  369   418   318   26
r  73   79   75   26
r  173   125   80   26
r  123   125   80   26
r  223   79   125   26
r  1105   1255   1654   26
r  1155   1255   1654   26
r  961   910   811   26
r  26   80   125   26
r  174   125   80   26
r  130   230   79   26
r  74   80   79   26
r  127   125   79   26
r  76   125   79   26
r  227   178   79   26
r  177   228   79   26
r  25   80   79   26
r  28   125   80   26
r  75   79   80   26
r  27   79   80   26
r  275   226   326   26
r  81   135   84   26
r  1151   1654   1453   26
r  962   862   1013   26
r  1010   1059   959   26
r  1255   1654   1453   26
r  520   420   471   26
r  179   278   131   26
r  132   84   87   26
r  82   135   87   26
r  31   125   84   26
r  521   621   524   26
r  815   766   920   26
r  1757   1856   1654   26
r  1854   2002   1654   26
r  1254   1654   1453   26
r  1201   1654   1453   26
r  1805   1654   1453   26
r  1551   1353   1453   26
r  1707   1705   1453   26
r  1858   1807   1453   26
r  1857   1758   1453   26
r  1856   1654   1453   26
r  1758   1707   1453   26
r  1558   1654   1453   26
r  1307   1453   1654   26
r  1408   1453   1654   26
r  1708   1453   1654   26
r  1207   1255   1654   26
r  183   84   87   26
r  32   84   135   26
r  240   135   84   26
r  33   135   84   26
r  235   84   135   26
r  289   84   135   26
r  190   84   135   26
r  238   135   84   26
r  233   84   135   26
r  139   135   84   26
r  286   135   87   26
r  239   84   87   26
r  237   135   87   26
r  234   135   87   26
r  188   84   87   26
r  189   135   87   26
r  186   135   87   26
r  140   135   87   26
r  39   135   87   26
r  187   135   87   26
r  184   87   135   26
r  89   87   135   26
r  287   87   135   26
r  191   87   198   26
r  90   87   84   26
r  236   87   84   26
r  141   87   84   26
r  1902   2403   2253   26
r  2003   2403   2253   26
r  1908   2403   2253   26
r  1014   1065   1063   26
r  1112   1064   1065   26
r  677   576   726   26
r  341   290   198   26
r  41   199   197   26
r  291   198   197   26
r  142   199   198   26
r  923   974   1075   26
r  1069   1072   1075   26
r  1955   2002   2403   26
r  1958   2060   2403   26
r  2009   2110   2253   26
r  1861   1812   1859   26
r  1164   1065   1264   26
r  386   337   437   26
r  292   199   197   26
r  42   198   197   26
r  193   198   197   26
r  500   199   197   26
r  441   390   199   26
r  392   390   197   26
r  394   197   199   26
r  96   197   199   26
r  546   648   197   26
r  296   199   197   26
r  297   197   199   26
r  496   199   197   26
r  45   199   197   26
r  442   342   197   26
r  395   197   199   26
r  245   197   199   26
r  250   197   199   26
r  399   197   199   26
r  495   543   197   26
r  50   197   199   26
r  99   197   199   26
r  95   197   199   26
r  344   199   197   26
r  299   197   199   26
r  494   197   199   26
r  94   197   199   26
r  43   199   197   26
r  443   392   199   26
r  143   197   198   26
r  144   199   198   26
r  243   197   198   26
r  498   197   198   26
r  346   199   198   26
r  100   199   198   26
r  47   199   198   26
r  194   199   198   26
r  293   199   198   26
r  44   197   198   26
r  398   197   198   26
r  300   199   198   26
r  98   199   198   26
r  445   199   198   26
r  195   197   198   26
r  544   442   198   26
r  347   197   198   26
r  348   199   198   26
r  1119   1072   1075   26
r  1170   1072   1075   26
r  926   975   1075   26
r  976   877   1075   26
r  1123   1075   1072   26
r  1514   1467   1612   26
r  2010   2061   2403   26
r  1315   1415   1467   26
r  634   631   581   26
r  547   648   199   26
r  448   198   199   26
r  396   198   199   26
r  447   198   199   26
r  93   198   199   26
r  400   198   199   26
r  349   198   199   26
r  97   198   199   26
r  450   198   199   26
r  298   198   199   26
r  150   198   197   26
r  393   198   197   26
r  46   198   197   26
r  294   198   197   26
r  345   198   197   26
r  397   198   197   26
r  246   198   197   26
r  49   198   197   26
r  446   198   197   26
r  545   198   197   26
r  350   198   197   26
r  492   443   197   26
r  549   648   698   26
r  1221   1270   1075   26
r  1273   1271   1075   26
r  1370   1469   1217   26
r  1320   1318   1472   26
r  879   932   980   26
r  2311   2364   2413   26
r  2262   2403   2415   26
r  2312   2413   2317   26
r  2213   2415   2317   26
r  1913   2012   1964   26
r  1366   1415   1516   26
r  749   698   647   26
r  650   698   648   26
r  692   643   541   26
r  2463   2317   2415   26
r  2468   2317   2413   26
r  2264   2413   2317   26
r  2464   2413   2317   26
r  2467   2317   2413   26
r  2315   2413   2415   26
r  2215   2164   2415   26
r  2014   1962   1963   26
r  590   541   592   26
r  744   845   844   26
r  848   1449   1396   26
r  846   745   1449   26
r  847   698   1449   26
r  1373   1471   1371   26
r  2466   2415   2317   26
r  2268   2415   2317   26
r  2319   2415   2317   26
r  1672   1721   1572   26
r  1821   1869   1721   26
r  786   834   837   26
r  835   833   784   26
r  836   834   885   26
r  898   1396   1449   26
r  897   846   1449   26
r  1425   1476   1427   26
r  1183   1130   1136   26
r  1626   1624   1726   26
r  1032   1085   1136   26
r  2067   2065   2116   26
r  2326   2371   2425   26
r  2273   2425   2371   26
r  2373   2425   2424   26
r  2122   2371   2424   26
r  2275   2371   2424   26
r  2327   2425   2424   26
r  2221   2371   2424   26
r  947   898   1396   26
r  996   944   1449   26
r  946   1449   1396   26
r  995   1449   1396   26
r  1544   1449   1396   26
r  1341   1449   1396   26
r  1044   944   1396   26
r  1694   1645   1396   26
r  1096   1396   1449   26
r  1140   1040   1449   26
r  1441   1439   1449   26
r  1085   1136   1037   26
r  1238   1339   1136   26
r  2321   2424   2425   26
r  2473   2424   2425   26
r  2272   2424   2371   26
r  2325   2424   2371   26
r  2328   2382   2371   26
r  2379   2279   2382   26
r  2023   1922   1972   26
r  1578   1575   1726   26
r  2020   1973   1922   26
r  1043   944   992   26
r  2280   2382   2379   26
r  2100   1948   2447   26
r  2094   2143   1898   26
r  1743   1844   1843   26
r  1793   1844   1744   26
r  1692   1844   1641   26
r  1588   1639   1641   26
r  2332   2383   2438   26
r  2434   2436   2438   26
r  2081   2033   1833   26
r  2147   2297   2298   26
r  2149   2298   2447   26
r  2150   2298   2297   26
r  2195   2447   2298   26
r  2148   2298   2297   26
r  2283   2438   2436   26
r  2132   2231   2436   26
r  2133   2184   2438   26
r  2442   2297   2436   26
r  2185   2438   2436   26
r  1881   1981   2033   26
r  1935   2084   2033   26
r  2085   2036   2033   26
r  2194   2298   2447   26
r  2197   2298   2297   26
r  2199   2297   2298   26
r  2196   2297   2447   26
r  2200   2447   2298   26
r  2446   2199   2298   26
r  2345   2298   2297   26
r  2293   2297   2298   26
r  2498   2297   2298   26
r  2349   2297   2298   26
r  2193   2298   2297   26
r  2500   2297   2298   26
r  2246   2298   2297   26
r  2393   2298   2297   26
r  2444   2298   2297   26
r  2443   2298   2447   26
r  2244   2298   2447   26
r  2198   2297   2447   26
r  2495   2297   2447   26
r  2344   2298   2447   26
r  2294   2297   2447   26
r  2395   2297   2447   26
r  2396   2298   2447   26
r  2245   2297   2447   26
r  2350   2297   2447   26
r  1890   1839   1789   26
r  1786   1738   1739   26
r  1834   1882   1883   26
r  2284   2436   2438   26
r  2494   2447   2298   26
r  2450   2447   2297   26
r  2499   2447   2297   26
r  2399   2447   2297   26
r  2249   2447   2297   26
r  2394   2447   2298   26
r  2400   2447   2298   26
r  2295   2447   2298   26
r  2346   2447   2298   26
r  2398   2447   2298   26
r  2300   2447   2298   26
r  2250   2447   2298   26
r  1   302   254   27
r  51   302   254   27
r  2   302   403   27
r  101   302   403   27
r  52   403   254   27
r  3   403   254   27
r  301   352   254   27
r  258   302   254   27
r  256   302   254   27
r  351   254   302   27
r  155   254   302   27
r  53   254   302   27
r  56   254   302   27
r  501   254   302   27
r  257   302   254   27
r  105   254   302   27
r  307   254   302   27
r  405   302   254   27
r  4   254   302   27
r  104   302   254   27
r  452   302   254   27
r  306   302   254   27
r  207   302   254   27
r  503   254   403   27
r  58   302   403   27
r  157   302   403   27
r  356   254   403   27
r  202   302   403   27
r  151   254   403   27
r  158   254   403   27
r  206   302   403   27
r  102   302   403   27
r  154   302   403   27
r  6   302   403   27
r  7   302   403   27
r  552   802   403   27
r  251   302   403   27
r  355   302   403   27
r  55   254   403   27
r  106   302   403   27
r  5   302   403   27
r  57   403   302   27
r  205   403   302   27
r  208   403   302   27
r  8   403   302   27
r  103   403   302   27
r  305   403   302   27
r  203   403   302   27
r  201   403   302   27
r  401   403   254   27
r  502   403   254   27
r  153   403   254   27
r  152   403   254   27
r  54   403   254   27
r  156   403   254   27
r  107   403   254   27
r  359   261   458   27
r  455   802   652   27
r  311   211   112   27
r  456   505   802   27
r  110   108   166   27
r  856   802   652   27
r  757   810   652   27
r  10   166   112   27
r  212   112   166   27
r  412   415   463   27
r  163   312   166   27
r  266   264   166   27
r  12   166   112   27
r  16   116   112   27
r  218   166   112   27
r  11   166   112   27
r  366   317   112   27
r  854   652   802   27
r  807   652   802   27
r  61   112   166   27
r  657   608   659   27
r  607   659   709   27
r  952   1003   1004   27
r  953   1004   1052   27
r  559   659   608   27
r  558   709   658   27
r  17   112   166   27
r  315   112   166   27
r  72   79   80   27
r  172   225   79   27
r  122   80   125   27
r  1001   1052   1055   27
r  759   811   810   27
r  414   463   514   27
r  515   464   413   27
r  23   125   80   27
r  73   75   79   27
r  173   79   125   27
r  123   80   125   27
r  223   125   79   27
r  1105   1654   1453   27
r  863   912   811   27
r  911   810   811   27
r  663   665   562   27
r  713   614   562   27
r  24   79   80   27
r  77   124   74   27
r  26   125   80   27
r  127   80   125   27
r  75   80   79   27
r  27   80   79   27
r  28   77   125   27
r  25   79   80   27
r  177   79   80   27
r  76   79   125   27
r  81   84   135   27
r  1104   1255   1453   27
r  1255   1206   1654   27
r  716   767   920   27
r  82   131   84   27
r  570   623   524   27
r  962   1013   1065   27
r  1013   1113   912   27
r  1201   1353   1654   27
r  1558   1507   1654   27
r  1608   1758   1453   27
r  1307   1255   1453   27
r  1708   1654   1453   27
r  1408   1654   1453   27
r  1807   1453   1654   27
r  1254   1453   1654   27
r  1805   1453   1654   27
r  1857   1453   1654   27
r  1709   1911   1654   27
r  1110   1059   1009   27
r  1062   1065   1013   27
r  182   131   87   27
r  278   377   378   27
r  32   135   84   27
r  622   573   620   27
r  235   135   84   27
r  190   135   84   27
r  238   84   135   27
r  286   84   135   27
r  237   84   135   27
r  188   135   84   27
r  183   135   84   27
r  187   84   135   27
r  184   135   87   27
r  339   84   87   27
r  38   135   87   27
r  89   135   87   27
r  287   84   87   27
r  191   198   87   27
r  40   135   87   27
r  236   135   87   27
r  285   87   84   27
r  337   438   389   27
r  239   87   84   27
r  138   87   84   27
r  289   87   84   27
r  139   87   135   27
r  234   87   135   27
r  189   87   135   27
r  186   87   135   27
r  140   87   135   27
r  39   87   135   27
r  33   87   135   27
r  1902   2003   2403   27
r  2002   2253   2403   27
r  1906   2009   2403   27
r  1409   1309   1411   27
r  2003   1903   2403   27
r  1907   1956   2403   27
r  1021   972   920   27
r  922   1072   1075   27
r  387   486   84   27
r  192   198   197   27
r  41   197   199   27
r  91   197   199   27
r  142   197   199   27
r  291   197   198   27
r  1410   1561   1510   27
r  2009   2253   2403   27
r  1957   2403   2253   27
r  1861   1859   1910   27
r  242   198   199   27
r  391   442   199   27
r  439   539   541   27
r  342   197   199   27
r  292   197   199   27
r  193   197   198   27
r  42   197   198   27
r  143   199   197   27
r  1166   1118   1318   27
r  2162   2060   2253   27
r  1959   2008   2253   27
r  2311   2415   2253   27
r  2061   2063   2253   27
r  2010   2058   2253   27
r  2060   2109   2403   27
r  1664   1815   1612   27
r  1265   1314   1213   27
r  1267   1318   1118   27
r  926   1075   975   27
r  925   923   1075   27
r  977   1025   1075   27
r  876   776   1075   27
r  1123   1072   1075   27
r  1128   1177   1075   27
r  1324   1322   1075   27
r  1326   1277   1075   27
r  582   634   633   27
r  243   198   197   27
r  448   199   198   27
r  449   198   199   27
r  93   199   198   27
r  400   199   198   27
r  100   198   199   27
r  244   198   199   27
r  194   198   199   27
r  450   199   198   27
r  298   199   198   27
r  393   199   198   27
r  46   199   198   27
r  296   198   199   27
r  345   199   198   27
r  397   199   198   27
r  344   198   199   27
r  43   198   199   27
r  446   199   198   27
r  496   198   199   27
r  495   198   199   27
r  492   391   198   27
r  394   199   197   27
r  96   198   197   27
r  297   198   197   27
r  395   199   197   27
r  245   198   197   27
r  250   198   197   27
r  399   199   197   27
r  50   199   197   27
r  99   199   197   27
r  95   198   197   27
r  299   199   197   27
r  443   199   197   27
r  398   199   197   27
r  347   198   197   27
r  494   199   197   27
r  94   199   197   27
r  44   198   197   27
r  497   648   197   27
r  500   197   648   27
r  45   197   199   27
r  442   197   199   27
r  295   197   199   27
r  444   197   199   27
r  144   197   199   27
r  346   197   199   27
r  47   197   199   27
r  293   197   199   27
r  300   197   199   27
r  98   197   199   27
r  445   197   199   27
r  348   197   199   27
r  396   197   198   27
r  349   197   198   27
r  97   197   198   27
r  150   197   198   27
r  294   197   198   27
r  49   197   198   27
r  545   197   198   27
r  350   197   198   27
r  447   197   198   27
r  246   197   198   27
r  547   197   698   27
r  2462   2415   2317   27
r  2412   2415   2317   27
r  2213   2164   2415   27
r  1320   1371   1471   27
r  879   979   932   27
r  733   633   581   27
r  549   698   648   27
r  2463   2415   2317   27
r  2468   2413   2317   27
r  2214   2263   2317   27
r  2464   2317   2413   27
r  2165   2413   2317   27
r  2469   2317   2413   27
r  2466   2317   2415   27
r  2268   2368   2415   27
r  2169   2118   2415   27
r  2467   2415   2317   27
r  1915   1815   1962   27
r  1477   1577   1376   27
r  699   647   748   27
r  799   599   647   27
r  645   698   648   27
r  600   698   647   27
r  650   648   698   27
r  800   648   698   27
r  798   648   647   27
r  700   648   798   27
r  2319   2424   2371   27
r  2216   2415   2317   27
r  2217   2415   2317   27
r  2167   2415   2317   27
r  2067   2116   2065   27
r  1575   1624   1726   27
r  689   788   737   27
r  836   885   834   27
r  846   1449   1396   27
r  847   1449   1396   27
r  848   1396   1449   27
r  2221   2424   2371   27
r  1874   1775   1823   27
r  897   1449   1396   27
r  898   1449   1396   27
r  893   942   992   27
r  2321   2222   2424   27
r  2324   2424   2425   27
r  2224   2424   2425   27
r  2276   2424   2425   27
r  2225   2424   2425   27
r  2473   2425   2424   27
r  2273   2424   2425   27
r  2326   2424   2371   27
r  2479   2430   2371   27
r  2227   2128   2371   27
r  2275   2425   2371   27
r  2223   2371   2425   27
r  2373   2371   2425   27
r  2272   2371   2424   27
r  2325   2371   2424   27
r  2328   2371   2424   27
r  2070   1922   2021   27
r  2023   1972   1922   27
r  1827   1727   1979   27
r  1033   933   1085   27
r  1085   1037   1136   27
r  1235   1232   1136   27
r  1632   1580   1783   27
r  994   942   1449   27
r  995   1396   1449   27
r  946   1396   1449   27
r  1798   1898   1948   27
r  1093   1141   1449   27
r  1291   1338   1449   27
r  1544   1641   1449   27
r  1096   1147   1396   27
r  1441   1449   1396   27
r  1092   991   1396   27
r  1043   992   1396   27
r  1491   1440   1396   27
r  1241   1396   1449   27
r  1390   1339   1449   27
r  1341   1396   1449   27
r  2329   2430   2432   27
r  1976   1925   2024   27
r  1681   1781   1730   27
r  1833   1835   2033   27
r  1784   1735   1730   27
r  1439   1488   1338   27
r  1489   1440   1491   27
r  2279   2381   2379   27
r  2330   2281   2430   27
r  2481   2381   2430   27
r  2229   2278   2379   27
r  2381   2432   2430   27
r  1834   1883   2033   27
r  1884   2033   1882   27
r  2043   1898   1948   27
r  2100   1898   1948   27
r  2042   1943   1948   27
r  2078   1979   2029   27
r  2181   2233   2438   27
r  2282   2382   2436   27
r  1993   1948   1898   27
r  1943   1945   1898   27
r  2147   2447   2297   27
r  2148   2297   2298   27
r  2149   2297   2298   27
r  2146   2297   2447   27
r  2195   2298   2447   27
r  2194   2297   2298   27
r  2132   2436   2438   27
r  2087   2135   2438   27
r  2284   2335   2436   27
r  2089   1989   2436   27
r  2134   2033   2438   27
r  2086   2135   2438   27
r  1839   1739   1890   27
r  1790   1890   1741   27
r  2197   2297   2298   27
r  2198   2298   2297   27
r  2199   2447   2297   27
r  2196   2447   2297   27
r  2244   2447   2298   27
r  2245   2298   2297   27
r  2200   2298   2447   27
r  2343   2297   2298   27
r  2345   2297   2298   27
r  2498   2298   2297   27
r  2349   2298   2297   27
r  2243   2297   2298   27
r  2444   2297   2298   27
r  2445   2297   2298   27
r  2344   2297   2298   27
r  2395   2298   2297   27
r  2396   2297   2298   27
r  2450   2297   2447   27
r  2499   2297   2447   27
r  2249   2297   2447   27
r  2394   2297   2447   27
r  2400   2297   2447   27
r  2295   2298   2447   27
r  2346   2297   2447   27
r  2398   2297   2447   27
r  2494   2297   2447   27
r  2399   2297   2447   27
r  2300   2298   2447   27
r  2250   2297   2447   27
r  2185   2436   2438   27
r  2443   2447   2298   27
r  2393   2447   2298   27
r  2350   2447   2297   27
r  2495   2447   2297   27
r  2294   2447   2297   27
r  2500   2447   2297   27
r  2246   2447   2298   27
r  1   254   302   28
r  51   254   302   28
r  2   254   302   28
r  101   403   302   28
r  52   254   403   28
r  3   254   403   28
r  258   254   302   28
r  351   302   254   28
r  155   302   254   28
r  257   254   302   28
r  307   302   254   28
r  405   254   302   28
r  159   302   254   28
r  4   302   254   28
r  104   254   302   28
r  503   302   254   28
r  157   254   302   28
r  151   302   254   28
r  206   254   302   28
r  102   254   302   28
r  154   254   302   28
r  6   254   302   28
r  355   254   302   28
r  55   302   254   28
r  106   254   302   28
r  5   254   302   28
r  57   254   403   28
r  208   302   403   28
r  103   302   403   28
r  305   302   403   28
r  201   302   403   28
r  401   302   403   28
r  502   302   403   28
r  153   254   403   28
r  152   254   403   28
r  54   254   403   28
r  156   254   403   28
r  205   254   403   28
r  203   302   403   28
r  107   302   403   28
r  308   403   254   28
r  356   403   254   28
r  158   403   254   28
r  53   403   254   28
r  56   403   254   28
r  105   403   254   28
r  452   403   302   28
r  306   403   302   28
r  207   403   302   28
r  58   403   302   28
r  202   403   302   28
r  7   403   302   28
r  310   259   112   28
r  552   403   802   28
r  260   160   112   28
r  111   59   166   28
r  10   112   166   28
r  212   166   112   28
r  362   313   112   28
r  264   316   166   28
r  365   316   166   28
r  12   116   166   28
r  218   267   166   28
r  61   166   112   28
r  17   166   112   28
r  315   166   112   28
r  757   652   802   28
r  854   802   652   28
r  907   909   652   28
r  462   413   415   28
r  512   464   413   28
r  267   112   166   28
r  19   112   116   28
r  265   112   166   28
r  22   125   80   28
r  72   125   79   28
r  607   658   659   28
r  951   1052   1055   28
r  414   514   463   28
r  513   613   714   28
r  660   608   658   28
r  23   79   125   28
r  73   79   80   28
r  173   125   79   28
r  123   125   80   28
r  1001   1055   1052   28
r  24   80   79   28
r  126   80   77   28
r  26   80   125   28
r  174   80   125   28
r  176   125   80   28
r  127   125   80   28
r  177   125   79   28
r  76   125   79   28
r  25   80   79   28
r  128   125   80   28
r  81   135   84   28
r  74   79   80   28
r  75   79   80   28
r  27   79   80   28
r  1105   1156   1654   28
r  1102   1055   1453   28
r  1101   1055   1004   28
r  860   761   812   28
r  861   812   910   28
r  813   862   811   28
r  1058   959   960   28
r  669   620   623   28
r  132   87   84   28
r  82   87   135   28
r  522   623   524   28
r  570   524   623   28
r  1151   1353   1654   28
r  1110   1010   960   28
r  1358   1208   1654   28
r  1254   1654   1453   28
r  32   84   135   28
r  329   331   280   28
r  326   375   328   28
r  240   84   135   28
r  235   84   135   28
r  190   84   135   28
r  284   135   84   28
r  237   135   84   28
r  188   84   135   28
r  183   84   135   28
r  187   135   84   28
r  184   84   135   28
r  38   84   135   28
r  236   84   135   28
r  285   84   87   28
r  288   84   87   28
r  138   84   87   28
r  234   135   87   28
r  186   84   87   28
r  140   135   87   28
r  39   135   87   28
r  33   84   87   28
r  282   331   87   28
r  90   135   87   28
r  290   84   87   28
r  139   135   87   28
r  189   135   87   28
r  141   135   87   28
r  40   87   135   28
r  89   87   135   28
r  238   87   84   28
r  233   87   84   28
r  286   87   84   28
r  339   87   84   28
r  283   87   84   28
r  287   87   84   28
r  1257   1255   1654   28
r  1858   1856   1654   28
r  1408   1457   1654   28
r  1853   1654   1453   28
r  1807   1856   1453   28
r  1805   2003   1453   28
r  1906   2403   1453   28
r  1856   1453   1654   28
r  1759   1811   1654   28
r  1708   1453   1654   28
r  1020   1025   1075   28
r  725   774   826   28
r  1021   923   1075   28
r  774   826   920   28
r  341   292   197   28
r  192   197   198   28
r  91   198   197   28
r  291   391   199   28
r  41   198   197   28
r  333   483   433   28
r  2002   2403   2253   28
r  1908   2253   2403   28
r  1907   2009   2253   28
r  1410   1311   1561   28
r  972   1072   1075   28
r  1067   1118   1318   28
r  873   920   1075   28
r  383   432   381   28
r  242   199   198   28
r  391   199   197   28
r  342   199   197   28
r  193   198   197   28
r  292   198   197   28
r  143   198   199   28
r  42   198   197   28
r  677   625   728   28
r  1911   1811   1962   28
r  2009   2403   2253   28
r  1957   2009   2403   28
r  1562   1513   1463   28
r  1463   1512   1467   28
r  1565   1513   1561   28
r  875   923   1075   28
r  1319   1218   1217   28
r  1267   1166   1318   28
r  926   1025   1075   28
r  1179   1130   1075   28
r  1323   1321   1075   28
r  1124   1075   975   28
r  584   582   581   28
r  243   197   198   28
r  448   198   199   28
r  400   198   199   28
r  244   199   198   28
r  450   198   199   28
r  343   198   199   28
r  298   198   199   28
r  46   198   199   28
r  296   199   198   28
r  345   198   199   28
r  43   199   198   28
r  446   198   199   28
r  496   199   198   28
r  492   198   199   28
r  546   198   199   28
r  395   198   199   28
r  245   199   198   28
r  250   199   198   28
r  50   198   199   28
r  95   199   198   28
r  299   198   199   28
r  443   198   199   28
r  494   198   199   28
r  94   198   199   28
r  44   199   198   28
r  45   198   197   28
r  295   199   197   28
r  444   199   197   28
r  144   199   197   28
r  346   199   197   28
r  300   198   197   28
r  445   198   197   28
r  195   199   197   28
r  544   198   197   28
r  348   199   197   28
r  396   199   197   28
r  150   198   197   28
r  294   199   197   28
r  49   198   197   28
r  350   198   197   28
r  447   199   197   28
r  246   199   197   28
r  493   198   197   28
r  293   198   197   28
r  98   198   197   28
r  349   198   197   28
r  97   198   197   28
r  392   197   199   28
r  394   197   199   28
r  499   197   199   28
r  399   197   199   28
r  99   197   199   28
r  498   648   199   28
r  398   197   199   28
r  93   197   199   28
r  393   197   199   28
r  397   197   199   28
r  449   197   198   28
r  100   197   198   28
r  194   197   198   28
r  344   197   198   28
r  495   197   198   28
r  497   197   198   28
r  491   392   198   28
r  96   197   198   28
r  297   197   198   28
r  347   197   198   28
r  540   593   438   28
r  545   198   199   28
r  2212   2415   2253   28
r  2060   2403   2253   28
r  2311   2253   2403   28
r  2061   2253   2403   28
r  2112   2011   2403   28
r  1812   1713   1661   28
r  1613   1561   1512   28
r  1219   1118   1318   28
r  928   979   980   28
r  1322   1371   1472   28
r  1373   1371   1471   28
r  878   779   932   28
r  547   199   648   28
r  590   592   541   28
r  693   744   541   28
r  781   581   932   28
r  2462   2317   2415   28
r  1621   1574   1721   28
r  1029   932   980   28
r  1526   1477   1427   28
r  600   798   698   28
r  645   796   698   28
r  798   647   648   28
r  700   798   648   28
r  650   647   648   28
r  750   648   698   28
r  749   648   698   28
r  786   887   835   28
r  2463   2412   2415   28
r  2164   2415   2317   28
r  2214   2317   2413   28
r  2464   2413   2317   28
r  2166   2215   2317   28
r  2115   2266   2317   28
r  2469   2413   2317   28
r  2168   2217   2317   28
r  2467   2317   2415   28
r  2216   2317   2415   28
r  2167   2169   2415   28
r  2319   2371   2415   28
r  2217   2266   2415   28
r  2466   2415   2317   28
r  1770   1721   1821   28
r  1672   1574   1721   28
r  1868   1917   1721   28
r  1673   1572   1721   28
r  1525   1427   1523   28
r  1577   1626   1726   28
r  846   1396   745   28
r  848   1449   1396   28
r  2270   2424   2425   28
r  1626   1726   1624   28
r  1824   1773   1775   28
r  1382   1481   1434   28
r  1628   1727   1777   28
r  985   1084   1085   28
r  1238   1386   1338   28
r  895   942   944   28
r  897   1396   1449   28
r  898   1396   1449   28
r  1091   1040   1039   28
r  2271   2424   2425   28
r  2221   2425   2424   28
r  2423   2371   2272   28
r  2376   2371   2425   28
r  2223   2425   2371   28
r  2227   2371   2425   28
r  2373   2425   2371   28
r  2473   2371   2425   28
r  2272   2425   2371   28
r  2324   2371   2424   28
r  2224   2371   2424   28
r  2276   2371   2424   28
r  2225   2371   2424   28
r  2273   2425   2424   28
r  2326   2371   2424   28
r  1969   2022   2072   28
r  2070   2022   1922   28
r  2021   2072   1973   28
r  1631   1730   1783   28
r  1190   1136   1396   28
r  994   992   1396   28
r  946   1449   1396   28
r  992   944   1396   28
r  1745   1844   1449   28
r  1441   1390   1449   28
r  1043   994   1449   28
r  1141   1143   1396   28
r  1241   1391   1396   28
r  1390   1449   1396   28
r  1341   1292   1396   28
r  1092   1396   1449   28
r  1290   1338   1449   28
r  1042   944   1449   28
r  2275   2424   2425   28
r  2122   2424   2371   28
r  2325   2424   2371   28
r  2124   2075   2371   28
r  2379   2382   2231   28
r  2329   2432   2430   28
r  1784   1733   1682   28
r  1289   1338   1386   28
r  1744   1693   1742   28
r  2330   2430   2382   28
r  2482   2436   2430   28
r  2280   2430   2382   28
r  2231   2330   2436   28
r  2081   1981   2033   28
r  1592   1541   1691   28
r  2144   2095   1898   28
r  2043   1994   1898   28
r  1993   2044   1948   28
r  1944   1891   1948   28
r  1539   1639   1642   28
r  1586   1637   1686   28
r  1884   1833   2033   28
r  1885   1833   2033   28
r  1894   1948   1898   28
r  2148   2298   2297   28
r  2149   2298   2297   28
r  2146   2298   2297   28
r  2195   2297   2298   28
r  2194   2298   2297   28
r  2150   2447   2298   28
r  2182   2231   2438   28
r  2283   2234   2438   28
r  2037   1986   2436   28
r  2039   2090   2436   28
r  2185   2234   2436   28
r  2134   2438   2436   28
r  2086   2037   2436   28
r  1938   2040   1791   28
r  2197   2447   2297   28
r  2198   2447   2298   28
r  2199   2298   2447   28
r  2196   2297   2447   28
r  2193   2297   2298   28
r  2244   2298   2447   28
r  2245   2297   2298   28
r  2200   2297   2298   28
r  2343   2298   2297   28
r  2498   2297   2298   28
r  2349   2297   2298   28
r  2444   2298   2297   28
r  2445   2298   2297   28
r  2395   2297   2298   28
r  2396   2298   2297   28
r  2249   2298   2297   28
r  2400   2298   2297   28
r  2346   2298   2297   28
r  2399   2298   2297   28
r  2300   2297   2298   28
r  2250   2298   2297   28
r  2350   2298   2447   28
r  2495   2297   2447   28
r  2294   2297   2447   28
r  2500   2297   2447   28
r  2246   2297   2447   28
r  2393   2298   2447   28
r  2494   2447   2297   28
r  2247   2447   2347   28
r  2450   2447   2297   28
r  2499   2447   2297   28
r  2394   2447   2297   28
r  2398   2447   2297   28
r  2344   2447   2297   28
r  2295   2447   2298   28
r  1   403   254   29
r  51   302   254   29
r  2   302   254   29
r  101   302   403   29
r  52   302   254   29
r  3   302   254   29
r  108   254   403   29
r  153   403   254   29
r  308   254   403   29
r  356   254   403   29
r  309   403   254   29
r  158   254   403   29
r  156   403   254   29
r  53   254   403   29
r  56   254   403   29
r  105   254   403   29
r  205   403   254   29
r  258   403   254   29
r  257   403   254   29
r  405   403   254   29
r  104   403   254   29
r  452   254   403   29
r  306   254   403   29
r  58   254   403   29
r  154   403   254   29
r  106   403   254   29
r  5   403   254   29
r  206   403   254   29
r  7   254   403   29
r  256   403   302   29
r  351   254   302   29
r  155   254   302   29
r  159   403   302   29
r  4   254   302   29
r  357   403   302   29
r  503   254   302   29
r  151   254   302   29
r  251   254   302   29
r  55   403   302   29
r  208   403   302   29
r  103   254   302   29
r  305   403   302   29
r  203   254   302   29
r  107   254   302   29
r  401   254   302   29
r  202   302   403   29
r  8   302   403   29
r  358   258   403   29
r  207   302   403   29
r  501   302   254   29
r  157   302   254   29
r  6   302   254   29
r  57   302   254   29
r  152   302   254   29
r  54   302   254   29
r  102   302   254   29
r  355   302   254   29
r  109   112   166   29
r  359   458   460   29
r  457   460   559   29
r  409   457   509   29
r  60   111   166   29
r  603   802   702   29
r  10   61   112   29
r  854   652   802   29
r  905   1004   802   29
r  657   659   802   29
r  607   709   802   29
r  162   259   166   29
r  212   112   166   29
r  263   316   166   29
r  314   214   166   29
r  121   69   166   29
r  11   112   166   29
r  366   318   166   29
r  17   112   166   29
r  315   112   166   29
r  171   71   166   29
r  313   112   166   29
r  511   410   458   29
r  19   166   112   29
r  265   166   112   29
r  364   366   112   29
r  951   1004   1052   29
r  955   1055   1004   29
r  22   80   125   29
r  72   79   125   29
r  367   468   419   29
r  417   317   366   29
r  462   415   413   29
r  1001   1004   1055   29
r  1054   1453   1654   29
r  1101   1004   1055   29
r  23   80   79   29
r  73   125   79   29
r  123   80   125   29
r  223   122   125   29
r  173   80   125   29
r  910   811   809   29
r  1110   960   1008   29
r  1103   1055   1654   29
r  1156   908   1453   29
r  24   79   80   29
r  126   77   80   29
r  175   227   80   29
r  127   80   125   29
r  74   125   79   29
r  27   80   79   29
r  75   77   79   29
r  128   77   125   29
r  28   125   77   29
r  30   79   77   29
r  130   79   28   29
r  26   79   80   29
r  174   79   80   29
r  177   79   125   29
r  76   79   125   29
r  81   87   135   29
r  519   418   468   29
r  565   664   665   29
r  1011   811   912   29
r  1062   1113   1064   29
r  1254   1203   1654   29
r  1906   1453   1654   29
r  1660   1609   1654   29
r  1853   2002   2253   29
r  1759   1654   1453   29
r  1708   1654   1453   29
r  1856   1654   1453   29
r  31   84   87   29
r  82   135   87   29
r  569   618   620   29
r  570   623   670   29
r  1211   1260   1264   29
r  1311   1411   1561   29
r  1014   1063   1065   29
r  1113   965   1013   29
r  2002   2253   2403   29
r  1409   1360   1561   29
r  182   135   84   29
r  379   331   328   29
r  32   87   84   29
r  477   576   526   29
r  619   668   623   29
r  40   135   87   29
r  89   135   87   29
r  238   135   87   29
r  233   135   87   29
r  284   87   135   29
r  187   87   135   29
r  287   135   87   29
r  190   87   84   29
r  188   87   84   29
r  183   135   84   29
r  184   87   84   29
r  38   87   84   29
r  236   87   84   29
r  288   87   84   29
r  138   87   84   29
r  186   135   84   29
r  33   87   84   29
r  235   87   84   29
r  437   486   84   29
r  283   84   87   29
r  239   84   87   29
r  286   84   87   29
r  335   84   135   29
r  237   84   135   29
r  191   84   135   29
r  39   84   135   29
r  90   84   135   29
r  189   84   135   29
r  234   84   135   29
r  140   84   135   29
r  139   84   135   29
r  571   623   524   29
r  873   1075   920   29
r  1310   1411   1561   29
r  1114   1014   965   29
r  1066   1115   1113   29
r  1909   2060   2403   29
r  1960   2009   2253   29
r  2009   1958   2403   29
r  2112   2060   2253   29
r  2011   2403   2253   29
r  2061   2162   2253   29
r  429   328   378   29
r  41   199   198   29
r  91   199   198   29
r  142   199   197   29
r  333   433   483   29
r  241   198   199   29
r  192   199   197   29
r  773   724   824   29
r  1462   1561   1612   29
r  1464   1264   1561   29
r  1613   1512   1561   29
r  1116   1165   1217   29
r  2462   2415   2317   29
r  2362   2253   2317   29
r  2412   2317   2415   29
r  2113   2415   2317   29
r  2012   2162   2014   29
r  529   578   576   29
r  341   198   199   29
r  42   199   198   29
r  92   198   199   29
r  143   199   198   29
r  292   197   198   29
r  242   197   199   29
r  193   199   198   29
r  1178   1127   975   29
r  1123   973   975   29
r  1124   975   1075   29
r  1466   1366   1515   29
r  2164   2317   2415   29
r  2214   2415   2317   29
r  683   581   681   29
r  632   630   533   29
r  681   633   533   29
r  342   197   199   29
r  400   199   198   29
r  244   198   199   29
r  296   198   199   29
r  345   199   198   29
r  496   198   199   29
r  546   199   198   29
r  395   199   198   29
r  245   198   199   29
r  250   198   199   29
r  95   198   199   29
r  443   199   198   29
r  44   198   199   29
r  45   199   198   29
r  444   198   199   29
r  144   198   199   29
r  346   198   199   29
r  300   199   198   29
r  544   392   199   29
r  348   198   199   29
r  294   198   199   29
r  49   199   198   29
r  447   198   199   29
r  246   198   199   29
r  293   199   198   29
r  349   199   198   29
r  97   199   198   29
r  243   198   197   29
r  392   198   197   29
r  394   198   197   29
r  399   198   197   29
r  543   494   197   29
r  99   198   197   29
r  47   199   197   29
r  398   198   197   29
r  397   199   197   29
r  449   199   197   29
r  100   199   197   29
r  194   198   197   29
r  495   198   197   29
r  297   198   197   29
r  347   198   197   29
r  499   198   197   29
r  93   199   197   29
r  344   199   197   29
r  96   198   197   29
r  393   199   197   29
r  442   198   197   29
r  295   197   199   29
r  195   197   199   29
r  396   197   199   29
r  448   197   198   29
r  450   197   198   29
r  298   197   198   29
r  46   197   198   29
r  446   197   198   29
r  50   197   198   29
r  94   197   198   29
r  445   197   198   29
r  150   197   198   29
r  98   197   198   29
r  343   197   198   29
r  350   197   198   29
r  493   197   198   29
r  1716   1817   1765   29
r  2466   2317   2415   29
r  2467   2415   2317   29
r  1965   2065   2016   29
r  2066   1967   2015   29
r  1766   1717   1814   29
r  2216   2415   2317   29
r  2219   2167   2317   29
r  2118   2216   2317   29
r  596   698   647   29
r  595   547   698   29
r  743   745   792   29
r  1029   980   932   29
r  1377   1424   1426   29
r  1572   1523   1721   29
r  1770   1821   1721   29
r  1873   1922   1721   29
r  1874   1823   1721   29
r  2270   2425   2424   29
r  699   748   647   29
r  797   698   647   29
r  750   698   648   29
r  749   698   648   29
r  747   648   647   29
r  650   648   647   29
r  791   690   689   29
r  1576   1572   1726   29
r  1579   1477   1581   29
r  1723   1721   1775   29
r  1575   1726   1676   29
r  1969   2072   2022   29
r  2019   2022   2072   29
r  2171   2424   2425   29
r  2422   2424   2425   29
r  2271   2371   2424   29
r  2423   2425   2371   29
r  2173   2371   2425   29
r  2376   2425   2371   29
r  2223   2371   2425   29
r  2476   2371   2425   29
r  2274   2371   2425   29
r  2373   2371   2425   29
r  2221   2371   2425   29
r  2324   2425   2371   29
r  2224   2425   2371   29
r  2276   2425   2371   29
r  2326   2425   2371   29
r  2122   2425   2424   29
r  2325   2371   2424   29
r  2275   2425   2424   29
r  942   995   1449   29
r  1238   1338   1386   29
r  1040   1141   1136   29
r  2123   2371   1922   29
r  2377   2424   2425   29
r  2174   2424   2425   29
r  2479   2424   2425   29
r  2473   2424   2371   29
r  2328   2424   2371   29
r  2225   2424   2371   29
r  2176   2227   2371   29
r  897   1449   1396   29
r  898   1449   1396   29
r  1091   1142   1449   29
r  943   945   1396   29
r  992   1396   1449   29
r  1042   1449   1396   29
r  993   944   1396   29
r  1335   1338   1287   29
r  1630   1783   1682   29
r  1140   1449   1396   29
r  2127   2176   1979   29
r  1977   2029   2078   29
r  2279   2430   2382   29
r  2382   2481   2379   29
r  2231   2183   2438   29
r  2482   2379   2382   29
r  2330   2379   2430   29
r  2432   2379   2436   29
r  995   1147   1396   29
r  946   1396   1449   29
r  1340   1241   1449   29
r  1390   1439   1449   29
r  1290   1241   1396   29
r  1389   1189   1396   29
r  1440   1396   1449   29
r  1683   1783   1781   29
r  2078   2029   1979   29
r  2434   2438   2436   29
r  2282   2381   2438   29
r  1693   1641   1744   29
r  1934   2033   1882   29
r  1984   1882   1833   29
r  1736   1787   1687   29
r  1835   1882   2033   29
r  2132   2438   2436   29
r  2090   2141   2438   29
r  2037   2085   2438   29
r  2134   2083   2438   29
r  2089   2436   2438   29
r  1845   1744   1898   29
r  1538   1540   1642   29
r  2035   2031   2084   29
r  2443   2297   2447   29
r  2193   2298   2297   29
r  2243   2447   2297   29
r  2293   2298   2297   29
r  1944   1948   1898   29
r  2093   2144   1898   29
r  2100   1948   2298   29
r  2147   2297   2447   29
r  2148   2297   2298   29
r  2149   2297   2298   29
r  2146   2447   2298   29
r  2195   2447   2297   29
r  2143   1995   2447   29
r  2194   2297   2298   29
r  1890   1789   1739   29
r  2444   2447   2298   29
r  2495   2298   2297   29
r  2344   2297   2447   29
r  2394   2298   2447   29
r  2294   2298   2297   29
r  1942   1791   1939   29
r  2150   2298   2447   29
r  2197   2297   2447   29
r  2198   2298   2447   29
r  2199   2447   2298   29
r  2196   2447   2297   29
r  2245   2447   2297   29
r  2445   2297   2298   29
r  2247   2347   2447   29
r  2499   2297   2447   29
r  2500   2447   2297   29
r  2345   2447   2297   29
r  2246   2447   2297   29
r  2200   2447   2297   29
r  2300   2447   2297   29
r  2396   2297   2298   29
r  2400   2297   2298   29
r  2346   2297   2298   29
r  2399   2447   2298   29
r  2250   2297   2298   29
r  2249   2297   2298   29
r  2350   2447   2298   29
r  2498   2298   2297   29
r  2349   2298   2297   29
r  2395   2298   2297   29
r  2450   2298   2447   29
r  2398   2298   2447   29
r  2295   2298   2447   29
r  1   302   403   30
r  51   254   302   30
r  2   254   302   30
r  101   403   302   30
r  52   254   302   30
r  3   254   302   30
r  202   403   302   30
r  209   403   302   30
r  357   302   403   30
r  208   302   403   30
r  358   403   302   30
r  502   403   302   30
r  207   403   302   30
r  256   302   403   30
r  307   403   302   30
r  159   302   403   30
r  258   302   403   30
r  157   403   302   30
r  152   403   302   30
r  205   302   403   30
r  102   403   302   30
r  206   302   403   30
r  308   302   254   30
r  356   403   254   30
r  158   403   254   30
r  53   403   254   30
r  56   403   254   30
r  105   403   254   30
r  452   302   254   30
r  7   403   254   30
r  351   403   254   30
r  155   302   254   30
r  4   302   254   30
r  151   302   254   30
r  251   302   254   30
r  103   302   254   30
r  203   403   254   30
r  107   302   254   30
r  108   403   254   30
r  306   302   254   30
r  501   254   302   30
r  6   254   302   30
r  355   254   302   30
r  57   254   302   30
r  201   254   302   30
r  54   254   302   30
r  8   254   302   30
r  309   254   403   30
r  156   254   403   30
r  257   254   403   30
r  154   254   403   30
r  106   254   403   30
r  5   254   403   30
r  55   254   403   30
r  305   254   403   30
r  153   254   403   30
r  104   254   403   30
r  408   460   509   30
r  109   166   112   30
r  160   259   166   30
r  9   112   166   30
r  59   112   166   30
r  261   360   112   30
r  211   260   166   30
r  459   457   408   30
r  603   702   802   30
r  807   802   652   30
r  854   802   652   30
r  953   1052   652   30
r  906   1006   652   30
r  758   756   802   30
r  951   1052   802   30
r  312   112   166   30
r  212   166   112   30
r  559   608   659   30
r  61   110   166   30
r  265   316   166   30
r  267   166   112   30
r  11   166   112   30
r  17   166   112   30
r  315   166   112   30
r  313   366   112   30
r  20   112   116   30
r  316   112   166   30
r  19   112   166   30
r  1002   1055   953   30
r  1055   905   1654   30
r  955   1052   1055   30
r  462   413   465   30
r  22   79   80   30
r  122   79   80   30
r  611   663   714   30
r  1107   1006   1654   30
r  1102   1004   1654   30
r  860   812   911   30
r  23   79   80   30
r  73   80   125   30
r  173   79   80   30
r  564   464   714   30
r  1106   1206   1654   30
r  1157   1057   1654   30
r  1906   1857   1453   30
r  1660   1608   1453   30
r  1708   1453   1654   30
r  1856   1453   1654   30
r  813   811   912   30
r  468   420   470   30
r  24   80   79   30
r  76   80   79   30
r  176   80   125   30
r  74   80   125   30
r  28   80   125   30
r  228   131   125   30
r  30   125   79   30
r  130   125   79   30
r  177   125   79   30
r  26   125   79   30
r  25   125   80   30
r  27   125   80   30
r  178   231   79   30
r  520   471   420   30
r  1858   1654   2403   30
r  1207   1654   1453   30
r  31   135   84   30
r  82   87   135   30
r  375   274   427   30
r  132   135   87   30
r  522   669   623   30
r  965   1064   1113   30
r  1066   1113   1013   30
r  1908   2403   2253   30
r  1909   2008   2253   30
r  326   328   427   30
r  32   84   87   30
r  187   135   87   30
r  183   87   135   30
r  184   135   87   30
r  138   135   87   30
r  186   87   135   30
r  290   87   84   30
r  239   135   84   30
r  240   135   84   30
r  237   87   84   30
r  90   135   84   30
r  189   135   84   30
r  234   87   84   30
r  285   135   84   30
r  335   87   84   30
r  140   135   84   30
r  288   84   87   30
r  289   84   87   30
r  33   84   87   30
r  235   84   87   30
r  188   84   87   30
r  38   84   87   30
r  190   84   87   30
r  284   84   87   30
r  40   84   135   30
r  89   84   135   30
r  238   84   135   30
r  287   84   135   30
r  182   84   135   30
r  571   524   623   30
r  872   874   870   30
r  824   725   920   30
r  776   724   920   30
r  1314   1266   1467   30
r  1116   1217   1318   30
r  2002   1852   2253   30
r  1959   2060   2403   30
r  2060   2253   2403   30
r  2011   2253   2403   30
r  1462   1612   1561   30
r  969   920   1075   30
r  386   388   438   30
r  291   199   197   30
r  334   385   483   30
r  192   198   199   30
r  41   198   199   30
r  874   975   1075   30
r  1215   1264   1267   30
r  2262   2415   2317   30
r  2462   2317   2415   30
r  2213   2415   2413   30
r  2412   2415   2317   30
r  2312   2415   2413   30
r  1913   1964   2062   30
r  2014   2063   1962   30
r  1764   1766   1816   30
r  1715   1815   1766   30
r  341   199   198   30
r  92   197   198   30
r  143   197   199   30
r  292   199   197   30
r  242   199   197   30
r  193   198   199   30
r  42   198   199   30
r  433   482   381   30
r  1216   1267   1318   30
r  974   1023   1072   30
r  1177   1129   1075   30
r  1270   1318   1217   30
r  2164   2113   2317   30
r  2214   2317   2415   30
r  2368   2415   2268   30
r  2466   2415   2317   30
r  2366   2317   2413   30
r  2369   2317   2413   30
r  2468   2317   2413   30
r  1965   2016   2065   30
r  2116   1967   2415   30
r  391   198   199   30
r  342   198   197   30
r  93   198   199   30
r  200   198   146   30
r  400   198   199   30
r  244   199   198   30
r  345   198   199   30
r  43   198   199   30
r  546   198   199   30
r  395   198   199   30
r  245   199   198   30
r  494   199   198   30
r  45   198   199   30
r  444   199   198   30
r  346   199   198   30
r  300   198   199   30
r  348   199   198   30
r  293   198   199   30
r  97   198   199   30
r  243   199   198   30
r  392   199   198   30
r  47   198   199   30
r  398   199   198   30
r  397   198   199   30
r  449   198   199   30
r  499   199   198   30
r  96   199   198   30
r  393   198   199   30
r  442   199   198   30
r  295   199   197   30
r  498   198   197   30
r  396   198   197   30
r  497   198   197   30
r  448   199   197   30
r  450   199   197   30
r  298   199   197   30
r  46   198   197   30
r  94   199   197   30
r  445   198   197   30
r  150   198   197   30
r  98   199   197   30
r  343   199   197   30
r  350   199   197   30
r  493   198   197   30
r  441   199   197   30
r  195   198   197   30
r  446   198   197   30
r  50   198   197   30
r  500   648   199   30
r  100   197   199   30
r  344   197   199   30
r  443   197   199   30
r  49   197   199   30
r  349   197   199   30
r  496   197   198   30
r  250   197   198   30
r  299   197   198   30
r  44   197   198   30
r  144   197   198   30
r  544   197   198   30
r  447   197   198   30
r  246   197   198   30
r  394   197   198   30
r  99   197   198   30
r  194   197   198   30
r  297   197   198   30
r  347   197   198   30
r  545   199   198   30
r  296   197   198   30
r  95   197   198   30
r  294   197   198   30
r  399   197   198   30
r  495   197   198   30
r  683   681   581   30
r  830   980   881   30
r  2169   2218   2317   30
r  2467   2413   2415   30
r  2216   2424   2415   30
r  596   648   698   30
r  549   647   698   30
r  548   698   647   30
r  550   648   647   30
r  640   790   689   30
r  689   637   738   30
r  630   581   632   30
r  1823   1825   1721   30
r  2422   2425   2424   30
r  2070   2021   2072   30
r  2171   2371   2424   30
r  696   698   647   30
r  798   698   647   30
r  700   698   647   30
r  800   698   648   30
r  747   698   648   30
r  650   647   648   30
r  750   648   698   30
r  645   648   647   30
r  892   841   792   30
r  783   732   834   30
r  1184   1136   1084   30
r  1575   1626   1726   30
r  2271   2424   2371   30
r  2221   2424   2371   30
r  2377   2425   2424   30
r  2472   2424   2425   30
r  2378   2424   2425   30
r  2275   2424   2425   30
r  2423   2272   2425   30
r  2324   2424   2425   30
r  2326   2424   2425   30
r  2173   2425   2371   30
r  2223   2424   2371   30
r  2476   2425   2371   30
r  2274   2425   2371   30
r  2373   2425   2371   30
r  2325   2424   2371   30
r  2277   2371   2425   30
r  2478   2371   2425   30
r  2172   2371   2425   30
r  2376   2371   2425   30
r  2224   2371   2425   30
r  2174   2371   2424   30
r  2479   2371   2424   30
r  2473   2371   2424   30
r  2225   2371   2424   30
r  847   898   1449   30
r  848   1396   1449   30
r  942   944   1396   30
r  934   1084   1136   30
r  1529   1580   1480   30
r  1626   1573   1726   30
r  1089   1091   1136   30
r  2023   1922   2072   30
r  1876   2076   1979   30
r  1679   1628   1726   30
r  2329   2381   2382   30
r  945   992   1449   30
r  896   847   1396   30
r  895   992   1396   30
r  897   944   1449   30
r  898   1396   1449   30
r  1090   1141   1039   30
r  1041   1140   1449   30
r  1384   1484   1533   30
r  1335   1287   1338   30
r  1385   1336   1434   30
r  2481   2430   2382   30
r  2331   2382   2430   30
r  2330   2430   2379   30
r  2279   2379   2430   30
r  946   997   1396   30
r  1491   1389   1449   30
r  993   942   1449   30
r  1389   1441   1449   30
r  1440   1389   1396   30
r  1489   1389   1396   30
r  1240   1289   1396   30
r  1490   1441   1449   30
r  1593   1641   1449   30
r  1683   1730   1783   30
r  1634   1685   1783   30
r  1289   1386   1338   30
r  2482   2430   2436   30
r  2434   2436   2438   30
r  1798   1396   1898   30
r  1691   1642   1639   30
r  1832   1783   2033   30
r  1933   1884   1833   30
r  1831   1880   2033   30
r  2089   2087   2436   30
r  2085   2033   2436   30
r  2039   2436   1938   30
r  2036   2033   2438   30
r  2141   2092   2438   30
r  1982   2033   2031   30
r  1934   1833   2033   30
r  1886   1835   2033   30
r  1845   1894   1948   30
r  1688   1641   1642   30
r  1739   1787   1791   30
r  2443   2447   2297   30
r  2494   2298   2447   30
r  2193   2297   2298   30
r  2243   2298   2447   30
r  2393   2447   2298   30
r  2092   1993   1898   30
r  2040   2089   1938   30
r  1944   1898   1948   30
r  2444   2298   2447   30
r  2495   2297   2298   30
r  2194   2298   2297   30
r  2344   2298   2297   30
r  2244   2297   2298   30
r  2394   2297   2298   30
r  2294   2447   2298   30
r  2100   2298   2297   30
r  2149   2298   2297   30
r  2195   2297   2447   30
r  2445   2447   2297   30
r  2348   2297   2299   30
r  2499   2447   2297   30
r  2196   2297   2447   30
r  2500   2297   2447   30
r  2197   2447   2297   30
r  2345   2297   2447   30
r  2246   2297   2447   30
r  2245   2297   2447   30
r  2200   2297   2447   30
r  2199   2297   2447   30
r  2396   2447   2297   30
r  2249   2447   2297   30
r  2198   2447   2298   30
r  2349   2297   2298   30
r  2395   2447   2298   30
r  2450   2297   2298   30
r  2398   2297   2298   30
r  2295   2447   2298   30
r  2350   2298   2447   30
r  2399   2298   2447   30
r  2300   2298   2447   30
r  2400   2298   2297   30
r  2346   2298   2297   30
r  2250   2298   2297   30
