c  1   -1   102   1
c  1   -1   105   1
c  51   -1   53   1
c  51   -1   2   1
c  2   -1   53   1
c  2   -1   102   1
c  52   -1   1   1
c  52   -1   101   1
c  102   -1   153   1
c  102   -1   151   1
c  105   -1   5   1
c  101   -1   201   1
c  3   -1   51   1
c  3   -1   101   1
c  204   -1   153   1
c  204   -1   51   1
c  53   -1   104   1
c  53   -1   101   1
c  152   -1   52   1
c  152   -1   101   1
c  103   -1   154   1
c  103   -1   52   1
c  54   -1   56   1
c  54   -1   102   1
c  153   -1   104   1
c  151   -1   202   1
c  55   -1   106   1
c  55   -1   6   1
c  104   -1   56   1
c  155   -1   56   1
c  106   -1   155   1
c  106   -1   157   1
c  4   -1   55   1
c  4   -1   105   1
c  154   -1   205   1
c  154   -1   105   1
c  56   -1   105   1
c  5   -1   54   1
c  5   -1   53   1
c  201   -1   252   1
c  201   -1   152   1
c  203   -1   103   1
c  203   -1   252   1
c  254   -1   154   1
c  254   -1   302   1
c  205   -1   354   1
c  205   -1   353   1
c  202   -1   302   1
c  202   -1   204   1
c  253   -1   153   1
c  253   -1   204   1
c  304   -1   204   1
c  304   -1   203   1
c  255   -1   257   1
c  255   -1   204   1
c  251   -1   151   1
c  251   -1   202   1
c  6   -1   57   1
c  6   -1   107   1
c  57   -1   108   1
c  57   -1   104   1
c  208   -1   157   1
c  208   -1   104   1
c  156   -1   205   1
c  156   -1   207   1
c  107   -1   156   1
c  107   -1   256   1
c  206   -1   106   1
c  206   -1   257   1
c  157   -1   108   1
c  157   -1   57   1
c  7   -1   107   1
c  7   -1   56   1
c  252   -1   301   1
c  405   -1   255   1
c  405   -1   254   1
c  302   -1   253   1
c  302   -1   351   1
c  256   -1   205   1
c  256   -1   305   1
c  354   -1   405   1
c  354   -1   403   1
c  353   -1   402   1
c  353   -1   302   1
c  303   -1   305   1
c  303   -1   356   1
c  305   -1   354   1
c  305   -1   404   1
c  355   -1   304   1
c  355   -1   303   1
c  306   -1   304   1
c  306   -1   258   1
c  257   -1   157   1
c  257   -1   158   1
c  301   -1   354   1
c  58   -1   7   1
c  108   -1   11   1
c  158   -1   109   1
c  158   -1   58   1
c  207   -1   258   1
c  207   -1   109   1
c  258   -1   157   1
c  209   -1   207   1
c  209   -1   157   1
c  260   -1   211   1
c  260   -1   208   1
c  159   -1   157   1
c  159   -1   210   1
c  8   -1   59   1
c  8   -1   10   1
c  452   -1   503   1
c  452   -1   252   1
c  404   -1   453   1
c  404   -1   451   1
c  455   -1   406   1
c  455   -1   357   1
c  406   -1   355   1
c  406   -1   354   1
c  407   -1   356   1
c  407   -1   405   1
c  357   -1   406   1
c  357   -1   405   1
c  352   -1   401   1
c  352   -1   354   1
c  351   -1   353   1
c  351   -1   402   1
c  403   -1   452   1
c  403   -1   352   1
c  502   -1   402   1
c  502   -1   353   1
c  402   -1   451   1
c  356   -1   305   1
c  356   -1   456   1
c  307   -1   356   1
c  307   -1   355   1
c  556   -1   408   1
c  556   -1   257   1
c  59   -1   108   1
c  9   -1   58   1
c  9   -1   108   1
c  109   -1   160   1
c  109   -1   60   1
c  11   -1   62   1
c  11   -1   60   1
c  308   -1   359   1
c  308   -1   409   1
c  259   -1   261   1
c  259   -1   211   1
c  309   -1   258   1
c  309   -1   260   1
c  210   -1   109   1
c  160   -1   209   1
c  310   -1   210   1
c  310   -1   410   1
c  261   -1   310   1
c  261   -1   308   1
c  211   -1   162   1
c  211   -1   262   1
c  10   -1   59   1
c  10   -1   110   1
c  451   -1   453   1
c  453   -1   502   1
c  453   -1   552   1
c  401   -1   452   1
c  401   -1   502   1
c  503   -1   403   1
c  454   -1   503   1
c  454   -1   506   1
c  456   -1   454   1
c  456   -1   404   1
c  505   -1   556   1
c  505   -1   402   1
c  504   -1   455   1
c  504   -1   456   1
c  457   -1   557   1
c  457   -1   555   1
c  408   -1   459   1
c  408   -1   457   1
c  358   -1   409   1
c  358   -1   458   1
c  501   -1   402   1
c  501   -1   403   1
c  552   -1   603   1
c  552   -1   503   1
c  602   -1   653   1
c  602   -1   502   1
c  506   -1   555   1
c  506   -1   457   1
c  555   -1   604   1
c  555   -1   707   1
c  606   -1   657   1
c  606   -1   507   1
c  557   -1   555   1
c  557   -1   506   1
c  60   -1   160   1
c  13   -1   9   1
c  13   -1   59   1
c  110   -1   62   1
c  110   -1   63   1
c  162   -1   62   1
c  162   -1   109   1
c  61   -1   63   1
c  61   -1   13   1
c  12   -1   112   1
c  12   -1   14   1
c  62   -1   13   1
c  62   -1   14   1
c  359   -1   310   1
c  359   -1   361   1
c  409   -1   458   1
c  409   -1   460   1
c  161   -1   163   1
c  161   -1   112   1
c  360   -1   460   1
c  360   -1   461   1
c  311   -1   362   1
c  410   -1   461   1
c  410   -1   359   1
c  262   -1   311   1
c  262   -1   265   1
c  212   -1   261   1
c  212   -1   263   1
c  163   -1   261   1
c  213   -1   211   1
c  213   -1   161   1
c  554   -1   453   1
c  554   -1   655   1
c  553   -1   602   1
c  553   -1   652   1
c  507   -1   505   1
c  507   -1   503   1
c  458   -1   456   1
c  508   -1   457   1
c  508   -1   460   1
c  459   -1   410   1
c  551   -1   602   1
c  551   -1   652   1
c  603   -1   554   1
c  601   -1   652   1
c  601   -1   701   1
c  652   -1   654   1
c  702   -1   602   1
c  702   -1   801   1
c  653   -1   651   1
c  653   -1   701   1
c  605   -1   654   1
c  605   -1   607   1
c  655   -1   555   1
c  655   -1   604   1
c  604   -1   653   1
c  604   -1   553   1
c  707   -1   705   1
c  707   -1   704   1
c  656   -1   707   1
c  656   -1   605   1
c  607   -1   558   1
c  607   -1   658   1
c  657   -1   608   1
c  558   -1   509   1
c  558   -1   609   1
c  608   -1   559   1
c  608   -1   557   1
c  111   -1   162   1
c  111   -1   60   1
c  63   -1   65   1
c  63   -1   115   1
c  14   -1   114   1
c  14   -1   164   1
c  112   -1   114   1
c  112   -1   115   1
c  164   -1   162   1
c  164   -1   166   1
c  113   -1   62   1
c  113   -1   12   1
c  65   -1   14   1
c  65   -1   62   1
c  361   -1   312   1
c  361   -1   313   1
c  509   -1   458   1
c  509   -1   409   1
c  461   -1   459   1
c  461   -1   409   1
c  460   -1   411   1
c  460   -1   513   1
c  411   -1   360   1
c  411   -1   413   1
c  312   -1   412   1
c  312   -1   411   1
c  263   -1   314   1
c  263   -1   315   1
c  265   -1   263   1
c  265   -1   166   1
c  264   -1   215   1
c  264   -1   163   1
c  214   -1   315   1
c  214   -1   115   1
c  363   -1   213   1
c  363   -1   562   1
c  559   -1   610   1
c  559   -1   507   1
c  510   -1   459   1
c  510   -1   508   1
c  701   -1   551   1
c  651   -1   702   1
c  651   -1   751   1
c  654   -1   703   1
c  654   -1   753   1
c  752   -1   754   1
c  752   -1   803   1
c  703   -1   655   1
c  704   -1   702   1
c  704   -1   803   1
c  801   -1   852   1
c  801   -1   703   1
c  705   -1   656   1
c  705   -1   605   1
c  706   -1   755   1
c  706   -1   805   1
c  757   -1   706   1
c  757   -1   806   1
c  708   -1   659   1
c  708   -1   710   1
c  709   -1   707   1
c  756   -1   656   1
c  756   -1   805   1
c  805   -1   656   1
c  609   -1   607   1
c  609   -1   611   1
c  658   -1   609   1
c  658   -1   709   1
c  759   -1   657   1
c  759   -1   654   1
c  560   -1   509   1
c  560   -1   558   1
c  659   -1   610   1
c  659   -1   608   1
c  64   -1   366   1
c  114   -1   63   1
c  165   -1   114   1
c  165   -1   63   1
c  115   -1   66   1
c  115   -1   15   1
c  15   -1   64   1
c  15   -1   66   1
c  166   -1   66   1
c  166   -1   65   1
c  16   -1   65   1
c  16   -1   113   1
c  270   -1   268   1
c  270   -1   113   1
c  66   -1   68   1
c  68   -1   117   1
c  68   -1   65   1
c  313   -1   362   1
c  313   -1   316   1
c  511   -1   560   1
c  511   -1   460   1
c  462   -1   464   1
c  462   -1   411   1
c  412   -1   461   1
c  412   -1   363   1
c  513   -1   564   1
c  513   -1   510   1
c  413   -1   362   1
c  413   -1   315   1
c  314   -1   312   1
c  314   -1   214   1
c  364   -1   362   1
c  364   -1   264   1
c  315   -1   215   1
c  315   -1   216   1
c  215   -1   266   1
c  215   -1   313   1
c  266   -1   165   1
c  365   -1   265   1
c  365   -1   416   1
c  267   -1   167   1
c  267   -1   265   1
c  216   -1   214   1
c  216   -1   114   1
c  463   -1   363   1
c  463   -1   465   1
c  562   -1   611   1
c  562   -1   711   1
c  561   -1   559   1
c  561   -1   609   1
c  610   -1   661   1
c  610   -1   612   1
c  751   -1   851   1
c  753   -1   804   1
c  753   -1   755   1
c  802   -1   853   1
c  802   -1   854   1
c  852   -1   752   1
c  852   -1   952   1
c  754   -1   803   1
c  754   -1   805   1
c  803   -1   903   1
c  851   -1   753   1
c  901   -1   852   1
c  901   -1   801   1
c  951   -1   902   1
c  951   -1   801   1
c  755   -1   806   1
c  807   -1   756   1
c  807   -1   805   1
c  758   -1   809   1
c  758   -1   807   1
c  808   -1   757   1
c  808   -1   708   1
c  806   -1   857   1
c  806   -1   858   1
c  710   -1   659   1
c  710   -1   759   1
c  660   -1   611   1
c  660   -1   709   1
c  809   -1   709   1
c  804   -1   853   1
c  855   -1   906   1
c  855   -1   806   1
c  854   -1   803   1
c  854   -1   805   1
c  957   -1   805   1
c  957   -1   803   1
c  611   -1   662   1
c  611   -1   710   1
c  760   -1   809   1
c  810   -1   759   1
c  810   -1   758   1
c  366   -1   417   1
c  366   -1   368   1
c  217   -1   266   1
c  217   -1   165   1
c  116   -1   67   1
c  116   -1   68   1
c  167   -1   116   1
c  167   -1   118   1
c  17   -1   66   1
c  17   -1   117   1
c  220   -1   222   1
c  220   -1   269   1
c  320   -1   420   1
c  320   -1   371   1
c  271   -1   322   1
c  271   -1   323   1
c  221   -1   270   1
c  221   -1   272   1
c  371   -1   270   1
c  268   -1   219   1
c  268   -1   319   1
c  67   -1   118   1
c  67   -1   69   1
c  117   -1   66   1
c  18   -1   69   1
c  18   -1   118   1
c  69   -1   118   1
c  69   -1   169   1
c  19   -1   70   1
c  19   -1   68   1
c  119   -1   19   1
c  119   -1   68   1
c  168   -1   119   1
c  168   -1   68   1
c  316   -1   216   1
c  316   -1   267   1
c  512   -1   463   1
c  512   -1   563   1
c  464   -1   415   1
c  464   -1   416   1
c  563   -1   612   1
c  514   -1   563   1
c  514   -1   463   1
c  564   -1   515   1
c  414   -1   365   1
c  414   -1   315   1
c  415   -1   364   1
c  415   -1   466   1
c  367   -1   267   1
c  367   -1   364   1
c  416   -1   367   1
c  416   -1   368   1
c  317   -1   516   1
c  317   -1   515   1
c  465   -1   615   1
c  465   -1   614   1
c  612   -1   661   1
c  612   -1   711   1
c  662   -1   613   1
c  662   -1   562   1
c  614   -1   563   1
c  614   -1   562   1
c  711   -1   760   1
c  711   -1   811   1
c  661   -1   712   1
c  853   -1   753   1
c  902   -1   851   1
c  902   -1   853   1
c  952   -1   1003   1
c  952   -1   904   1
c  903   -1   954   1
c  903   -1   901   1
c  1001   -1   952   1
c  1001   -1   953   1
c  1002   -1   951   1
c  1002   -1   902   1
c  857   -1   958   1
c  856   -1   858   1
c  856   -1   807   1
c  858   -1   809   1
c  858   -1   957   1
c  908   -1   859   1
c  908   -1   808   1
c  859   -1   857   1
c  859   -1   910   1
c  905   -1   954   1
c  905   -1   856   1
c  904   -1   855   1
c  904   -1   856   1
c  906   -1   957   1
c  906   -1   904   1
c  907   -1   958   1
c  907   -1   858   1
c  956   -1   958   1
c  956   -1   861   1
c  1007   -1   1107   1
c  1007   -1   1058   1
c  958   -1   909   1
c  955   -1   906   1
c  955   -1   957   1
c  712   -1   663   1
c  712   -1   611   1
c  761   -1   712   1
c  761   -1   661   1
c  861   -1   810   1
c  861   -1   760   1
c  860   -1   909   1
c  860   -1   911   1
c  811   -1   762   1
c  811   -1   862   1
c  812   -1   761   1
c  812   -1   810   1
c  960   -1   860   1
c  960   -1   810   1
c  417   -1   468   1
c  417   -1   420   1
c  368   -1   417   1
c  368   -1   370   1
c  218   -1   269   1
c  218   -1   319   1
c  219   -1   168   1
c  219   -1   217   1
c  170   -1   121   1
c  170   -1   122   1
c  222   -1   273   1
c  222   -1   371   1
c  319   -1   317   1
c  370   -1   419   1
c  370   -1   469   1
c  321   -1   372   1
c  321   -1   373   1
c  420   -1   471   1
c  272   -1   372   1
c  272   -1   323   1
c  322   -1   373   1
c  322   -1   425   1
c  323   -1   274   1
c  171   -1   222   1
c  171   -1   71   1
c  421   -1   472   1
c  421   -1   522   1
c  372   -1   421   1
c  372   -1   423   1
c  471   -1   522   1
c  471   -1   371   1
c  318   -1   418   1
c  318   -1   419   1
c  20   -1   69   1
c  20   -1   67   1
c  169   -1   118   1
c  169   -1   218   1
c  70   -1   21   1
c  120   -1   171   1
c  120   -1   72   1
c  515   -1   464   1
c  515   -1   415   1
c  466   -1   515   1
c  466   -1   464   1
c  613   -1   664   1
c  613   -1   564   1
c  565   -1   514   1
c  565   -1   516   1
c  566   -1   666   1
c  566   -1   564   1
c  467   -1   416   1
c  467   -1   415   1
c  418   -1   416   1
c  516   -1   567   1
c  516   -1   617   1
c  615   -1   664   1
c  615   -1   714   1
c  663   -1   763   1
c  663   -1   661   1
c  664   -1   713   1
c  762   -1   711   1
c  762   -1   813   1
c  1003   -1   902   1
c  953   -1   1002   1
c  953   -1   1052   1
c  954   -1   956   1
c  954   -1   1006   1
c  1051   -1   1151   1
c  1051   -1   1003   1
c  1052   -1   1001   1
c  1052   -1   1101   1
c  1102   -1   1051   1
c  1102   -1   1002   1
c  1101   -1   1002   1
c  909   -1   858   1
c  959   -1   1008   1
c  959   -1   859   1
c  910   -1   912   1
c  910   -1   761   1
c  1004   -1   1053   1
c  1004   -1   904   1
c  1006   -1   1004   1
c  1006   -1   1053   1
c  1005   -1   956   1
c  1005   -1   1058   1
c  1057   -1   1106   1
c  1057   -1   1156   1
c  1008   -1   1059   1
c  1008   -1   1110   1
c  1056   -1   1007   1
c  1056   -1   1058   1
c  1107   -1   1156   1
c  1107   -1   1158   1
c  1058   -1   958   1
c  1058   -1   1107   1
c  1156   -1   1005   1
c  1156   -1   955   1
c  713   -1   814   1
c  764   -1   712   1
c  764   -1   613   1
c  763   -1   761   1
c  763   -1   765   1
c  911   -1   1011   1
c  862   -1   911   1
c  862   -1   913   1
c  813   -1   862   1
c  813   -1   861   1
c  1010   -1   910   1
c  1010   -1   860   1
c  961   -1   912   1
c  961   -1   913   1
c  1009   -1   1058   1
c  1009   -1   960   1
c  1059   -1   1010   1
c  1059   -1   960   1
c  469   -1   418   1
c  469   -1   417   1
c  468   -1   466   1
c  369   -1   418   1
c  369   -1   420   1
c  419   -1   470   1
c  419   -1   368   1
c  172   -1   223   1
c  172   -1   219   1
c  121   -1   72   1
c  121   -1   70   1
c  122   -1   124   1
c  122   -1   74   1
c  223   -1   124   1
c  273   -1   174   1
c  571   -1   370   1
c  473   -1   422   1
c  473   -1   370   1
c  470   -1   521   1
c  470   -1   571   1
c  274   -1   223   1
c  274   -1   272   1
c  327   -1   376   1
c  327   -1   322   1
c  425   -1   525   1
c  425   -1   476   1
c  324   -1   326   1
c  324   -1   375   1
c  278   -1   229   1
c  278   -1   171   1
c  71   -1   120   1
c  71   -1   20   1
c  422   -1   471   1
c  422   -1   571   1
c  472   -1   521   1
c  472   -1   423   1
c  522   -1   571   1
c  522   -1   671   1
c  275   -1   273   1
c  275   -1   372   1
c  423   -1   425   1
c  423   -1   475   1
c  521   -1   519   1
c  21   -1   23   1
c  21   -1   73   1
c  72   -1   23   1
c  72   -1   123   1
c  665   -1   565   1
c  665   -1   714   1
c  616   -1   565   1
c  567   -1   616   1
c  567   -1   565   1
c  666   -1   715   1
c  666   -1   717   1
c  517   -1   617   1
c  517   -1   668   1
c  518   -1   567   1
c  518   -1   516   1
c  617   -1   668   1
c  714   -1   766   1
c  1053   -1   953   1
c  1151   -1   1003   1
c  1152   -1   1201   1
c  1152   -1   1052   1
c  1103   -1   1152   1
c  1103   -1   1052   1
c  912   -1   963   1
c  1054   -1   1103   1
c  1054   -1   1006   1
c  1055   -1   1004   1
c  1055   -1   1107   1
c  1106   -1   1055   1
c  1106   -1   1005   1
c  1110   -1   1059   1
c  1110   -1   1062   1
c  1105   -1   1054   1
c  1105   -1   1056   1
c  1157   -1   1056   1
c  1108   -1   1208   1
c  1108   -1   1157   1
c  1158   -1   1209   1
c  1158   -1   1207   1
c  1155   -1   1206   1
c  1155   -1   1157   1
c  1206   -1   1157   1
c  1206   -1   1356   1
c  814   -1   763   1
c  814   -1   863   1
c  765   -1   814   1
c  765   -1   915   1
c  962   -1   911   1
c  962   -1   1015   1
c  913   -1   911   1
c  913   -1   1013   1
c  1011   -1   1062   1
c  1011   -1   1063   1
c  863   -1   912   1
c  863   -1   914   1
c  1062   -1   1014   1
c  1062   -1   862   1
c  1060   -1   1111   1
c  1060   -1   1112   1
c  1061   -1   1010   1
c  1061   -1   1112   1
c  1111   -1   1011   1
c  1111   -1   1010   1
c  1109   -1   1111   1
c  1109   -1   1061   1
c  519   -1   570   1
c  519   -1   568   1
c  570   -1   469   1
c  173   -1   273   1
c  123   -1   174   1
c  123   -1   223   1
c  124   -1   224   1
c  124   -1   173   1
c  74   -1   76   1
c  224   -1   175   1
c  224   -1   173   1
c  174   -1   225   1
c  174   -1   223   1
c  621   -1   570   1
c  572   -1   521   1
c  572   -1   621   1
c  523   -1   572   1
c  523   -1   574   1
c  474   -1   574   1
c  474   -1   573   1
c  424   -1   473   1
c  424   -1   373   1
c  573   -1   522   1
c  573   -1   473   1
c  374   -1   425   1
c  374   -1   423   1
c  520   -1   522   1
c  520   -1   618   1
c  276   -1   274   1
c  276   -1   376   1
c  226   -1   177   1
c  226   -1   274   1
c  277   -1   328   1
c  277   -1   376   1
c  326   -1   277   1
c  326   -1   375   1
c  377   -1   277   1
c  377   -1   328   1
c  328   -1   228   1
c  328   -1   379   1
c  329   -1   327   1
c  329   -1   278   1
c  376   -1   374   1
c  375   -1   277   1
c  475   -1   526   1
c  475   -1   524   1
c  426   -1   375   1
c  426   -1   377   1
c  525   -1   576   1
c  525   -1   474   1
c  476   -1   577   1
c  476   -1   629   1
c  325   -1   376   1
c  325   -1   374   1
c  228   -1   277   1
c  228   -1   128   1
c  279   -1   230   1
c  279   -1   180   1
c  178   -1   278   1
c  178   -1   277   1
c  280   -1   278   1
c  280   -1   228   1
c  229   -1   329   1
c  229   -1   281   1
c  22   -1   73   1
c  22   -1   71   1
c  574   -1   472   1
c  671   -1   669   1
c  671   -1   574   1
c  225   -1   176   1
c  225   -1   177   1
c  670   -1   570   1
c  670   -1   521   1
c  23   -1   123   1
c  23   -1   74   1
c  715   -1   667   1
c  716   -1   767   1
c  716   -1   665   1
c  668   -1   666   1
c  668   -1   616   1
c  568   -1   617   1
c  568   -1   667   1
c  667   -1   718   1
c  667   -1   768   1
c  717   -1   668   1
c  717   -1   720   1
c  618   -1   718   1
c  618   -1   667   1
c  619   -1   568   1
c  619   -1   617   1
c  766   -1   717   1
c  766   -1   817   1
c  1104   -1   1204   1
c  1104   -1   1053   1
c  1201   -1   1203   1
c  1201   -1   1153   1
c  1202   -1   1251   1
c  1202   -1   1253   1
c  1153   -1   1104   1
c  1153   -1   1204   1
c  1154   -1   1152   1
c  1154   -1   1203   1
c  963   -1   1014   1
c  963   -1   864   1
c  1160   -1   1111   1
c  1160   -1   1112   1
c  1207   -1   1108   1
c  1207   -1   1159   1
c  1208   -1   1308   1
c  1208   -1   1257   1
c  1159   -1   1208   1
c  1159   -1   1258   1
c  1209   -1   1160   1
c  1209   -1   1309   1
c  1205   -1   1256   1
c  1205   -1   1257   1
c  1256   -1   1204   1
c  1204   -1   1206   1
c  1356   -1   1407   1
c  1356   -1   1457   1
c  864   -1   866   1
c  864   -1   715   1
c  815   -1   867   1
c  815   -1   868   1
c  865   -1   765   1
c  865   -1   814   1
c  767   -1   765   1
c  767   -1   715   1
c  915   -1   966   1
c  915   -1   964   1
c  1012   -1   963   1
c  1012   -1   914   1
c  1015   -1   1066   1
c  1015   -1   1115   1
c  914   -1   963   1
c  914   -1   965   1
c  1013   -1   1062   1
c  1013   -1   1015   1
c  1063   -1   1012   1
c  1112   -1   1358   1
c  1113   -1   1064   1
c  1113   -1   1062   1
c  1213   -1   1112   1
c  1213   -1   1062   1
c  1014   -1   1065   1
c  1014   -1   1115   1
c  1161   -1   1159   1
c  1161   -1   1210   1
c  1210   -1   1208   1
c  1210   -1   1109   1
c  569   -1   620   1
c  569   -1   621   1
c  620   -1   720   1
c  620   -1   671   1
c  125   -1   174   1
c  125   -1   173   1
c  24   -1   73   1
c  24   -1   123   1
c  75   -1   24   1
c  75   -1   124   1
c  77   -1   75   1
c  77   -1   74   1
c  76   -1   125   1
c  76   -1   25   1
c  175   -1   126   1
c  175   -1   226   1
c  622   -1   573   1
c  622   -1   624   1
c  524   -1   575   1
c  524   -1   677   1
c  725   -1   624   1
c  725   -1   523   1
c  623   -1   574   1
c  623   -1   674   1
c  673   -1   622   1
c  673   -1   573   1
c  625   -1   623   1
c  625   -1   573   1
c  176   -1   227   1
c  176   -1   178   1
c  227   -1   229   1
c  227   -1   230   1
c  127   -1   227   1
c  127   -1   226   1
c  177   -1   126   1
c  177   -1   175   1
c  427   -1   479   1
c  427   -1   529   1
c  378   -1   427   1
c  378   -1   329   1
c  428   -1   477   1
c  428   -1   377   1
c  379   -1   428   1
c  379   -1   280   1
c  330   -1   379   1
c  330   -1   433   1
c  281   -1   330   1
c  281   -1   329   1
c  575   -1   475   1
c  477   -1   475   1
c  477   -1   526   1
c  526   -1   575   1
c  526   -1   577   1
c  627   -1   575   1
c  627   -1   525   1
c  576   -1   574   1
c  478   -1   476   1
c  478   -1   480   1
c  577   -1   677   1
c  629   -1   678   1
c  629   -1   529   1
c  128   -1   29   1
c  128   -1   30   1
c  230   -1   78   1
c  180   -1   131   1
c  180   -1   231   1
c  179   -1   230   1
c  179   -1   177   1
c  126   -1   178   1
c  126   -1   25   1
c  129   -1   178   1
c  129   -1   126   1
c  231   -1   280   1
c  282   -1   233   1
c  282   -1   280   1
c  624   -1   626   1
c  624   -1   675   1
c  721   -1   672   1
c  721   -1   772   1
c  672   -1   723   1
c  672   -1   623   1
c  669   -1   667   1
c  669   -1   718   1
c  720   -1   820   1
c  720   -1   769   1
c  25   -1   23   1
c  25   -1   73   1
c  718   -1   569   1
c  768   -1   817   1
c  768   -1   668   1
c  719   -1   770   1
c  719   -1   668   1
c  769   -1   818   1
c  769   -1   668   1
c  817   -1   717   1
c  817   -1   917   1
c  816   -1   865   1
c  816   -1   916   1
c  1251   -1   1302   1
c  1252   -1   1301   1
c  1252   -1   1201   1
c  1203   -1   1205   1
c  1253   -1   1302   1
c  1254   -1   1154   1
c  1254   -1   1203   1
c  964   -1   967   1
c  964   -1   1117   1
c  1257   -1   1209   1
c  1307   -1   1207   1
c  1307   -1   1356   1
c  1258   -1   1256   1
c  1258   -1   1407   1
c  1260   -1   1258   1
c  1260   -1   1208   1
c  1308   -1   1161   1
c  1308   -1   1162   1
c  1259   -1   1310   1
c  1259   -1   1358   1
c  1309   -1   1360   1
c  1309   -1   1357   1
c  1255   -1   1355   1
c  1255   -1   1304   1
c  1306   -1   1355   1
c  1306   -1   1204   1
c  1406   -1   1357   1
c  1406   -1   1256   1
c  1355   -1   1307   1
c  1357   -1   1408   1
c  1357   -1   1409   1
c  1354   -1   1403   1
c  1354   -1   1356   1
c  1305   -1   1254   1
c  1305   -1   1356   1
c  1407   -1   1456   1
c  1407   -1   1506   1
c  1457   -1   1406   1
c  866   -1   915   1
c  866   -1   868   1
c  867   -1   916   1
c  867   -1   915   1
c  868   -1   870   1
c  868   -1   968   1
c  965   -1   865   1
c  965   -1   917   1
c  818   -1   867   1
c  818   -1   865   1
c  968   -1   866   1
c  968   -1   865   1
c  916   -1   965   1
c  916   -1   1015   1
c  966   -1   917   1
c  1065   -1   1067   1
c  1016   -1   1065   1
c  1016   -1   1115   1
c  1064   -1   1015   1
c  1064   -1   1112   1
c  1017   -1   966   1
c  1017   -1   1015   1
c  1066   -1   964   1
c  1115   -1   1113   1
c  1115   -1   1164   1
c  1162   -1   1164   1
c  1162   -1   1214   1
c  1358   -1   1258   1
c  1358   -1   1307   1
c  1163   -1   1212   1
c  1163   -1   1161   1
c  1114   -1   1165   1
c  1114   -1   1116   1
c  1212   -1   1261   1
c  1212   -1   1210   1
c  1263   -1   1312   1
c  1263   -1   1163   1
c  1214   -1   1114   1
c  1214   -1   1212   1
c  1211   -1   1260   1
c  1211   -1   1213   1
c  26   -1   75   1
c  26   -1   125   1
c  27   -1   128   1
c  27   -1   129   1
c  78   -1   27   1
c  78   -1   29   1
c  28   -1   77   1
c  28   -1   127   1
c  79   -1   77   1
c  79   -1   128   1
c  677   -1   726   1
c  677   -1   679   1
c  675   -1   724   1
c  675   -1   726   1
c  724   -1   775   1
c  724   -1   776   1
c  775   -1   822   1
c  775   -1   772   1
c  774   -1   725   1
c  774   -1   726   1
c  676   -1   776   1
c  676   -1   725   1
c  674   -1   723   1
c  674   -1   773   1
c  723   -1   772   1
c  723   -1   774   1
c  722   -1   673   1
c  722   -1   624   1
c  626   -1   577   1
c  626   -1   628   1
c  479   -1   530   1
c  479   -1   580   1
c  529   -1   480   1
c  529   -1   578   1
c  429   -1   378   1
c  429   -1   531   1
c  527   -1   478   1
c  527   -1   428   1
c  380   -1   382   1
c  380   -1   481   1
c  430   -1   381   1
c  430   -1   379   1
c  331   -1   380   1
c  331   -1   379   1
c  381   -1   332   1
c  381   -1   330   1
c  433   -1   484   1
c  433   -1   384   1
c  232   -1   183   1
c  232   -1   281   1
c  332   -1   281   1
c  332   -1   334   1
c  628   -1   579   1
c  628   -1   529   1
c  678   -1   727   1
c  678   -1   627   1
c  528   -1   628   1
c  528   -1   576   1
c  480   -1   531   1
c  480   -1   532   1
c  578   -1   527   1
c  579   -1   679   1
c  579   -1   531   1
c  679   -1   730   1
c  630   -1   730   1
c  630   -1   679   1
c  29   -1   81   1
c  29   -1   82   1
c  30   -1   81   1
c  30   -1   32   1
c  130   -1   81   1
c  130   -1   30   1
c  181   -1   132   1
c  181   -1   130   1
c  131   -1   79   1
c  283   -1   184   1
c  283   -1   186   1
c  284   -1   233   1
c  284   -1   282   1
c  233   -1   181   1
c  771   -1   773   1
c  771   -1   724   1
c  770   -1   721   1
c  772   -1   821   1
c  772   -1   672   1
c  820   -1   769   1
c  869   -1   918   1
c  869   -1   719   1
c  819   -1   821   1
c  819   -1   817   1
c  917   -1   1067   1
c  917   -1   819   1
c  1301   -1   1352   1
c  1301   -1   1401   1
c  1402   -1   1351   1
c  1402   -1   1251   1
c  1302   -1   1351   1
c  1303   -1   1252   1
c  1303   -1   1254   1
c  1304   -1   1353   1
c  1304   -1   1352   1
c  967   -1   916   1
c  967   -1   965   1
c  1117   -1   1069   1
c  1261   -1   1310   1
c  1311   -1   1260   1
c  1359   -1   1308   1
c  1359   -1   1512   1
c  1458   -1   1309   1
c  1458   -1   1310   1
c  1360   -1   1411   1
c  1360   -1   1412   1
c  1405   -1   1456   1
c  1405   -1   1407   1
c  1456   -1   1458   1
c  1455   -1   1406   1
c  1455   -1   1504   1
c  1408   -1   1457   1
c  1408   -1   1456   1
c  1409   -1   1458   1
c  1409   -1   1509   1
c  1353   -1   1405   1
c  1353   -1   1455   1
c  1404   -1   1304   1
c  1404   -1   1352   1
c  1403   -1   1452   1
c  1403   -1   1502   1
c  1506   -1   1457   1
c  1506   -1   1455   1
c  1507   -1   1458   1
c  1507   -1   1456   1
c  918   -1   818   1
c  918   -1   920   1
c  870   -1   921   1
c  870   -1   822   1
c  1018   -1   967   1
c  1018   -1   969   1
c  969   -1   918   1
c  969   -1   917   1
c  1067   -1   1069   1
c  1067   -1   1019   1
c  1069   -1   1118   1
c  1069   -1   1017   1
c  1116   -1   1067   1
c  1116   -1   1165   1
c  1165   -1   1214   1
c  1165   -1   1216   1
c  1166   -1   1215   1
c  1166   -1   1115   1
c  1164   -1   1166   1
c  1164   -1   1117   1
c  1262   -1   1311   1
c  1262   -1   1313   1
c  1313   -1   1311   1
c  1313   -1   1362   1
c  1264   -1   1262   1
c  1264   -1   1312   1
c  1363   -1   1263   1
c  1363   -1   1262   1
c  1312   -1   1363   1
c  1312   -1   1314   1
c  1215   -1   1266   1
c  1215   -1   1264   1
c  1266   -1   1214   1
c  80   -1   131   1
c  727   -1   729   1
c  727   -1   826   1
c  776   -1   727   1
c  776   -1   728   1
c  825   -1   827   1
c  825   -1   823   1
c  773   -1   775   1
c  773   -1   825   1
c  822   -1   824   1
c  822   -1   773   1
c  824   -1   875   1
c  824   -1   826   1
c  530   -1   430   1
c  580   -1   578   1
c  580   -1   681   1
c  531   -1   580   1
c  531   -1   630   1
c  431   -1   380   1
c  431   -1   331   1
c  382   -1   433   1
c  382   -1   385   1
c  481   -1   532   1
c  481   -1   530   1
c  432   -1   381   1
c  432   -1   435   1
c  383   -1   283   1
c  383   -1   284   1
c  483   -1   532   1
c  483   -1   531   1
c  434   -1   334   1
c  482   -1   433   1
c  482   -1   582   1
c  484   -1   482   1
c  384   -1   435   1
c  384   -1   233   1
c  182   -1   233   1
c  182   -1   135   1
c  133   -1   184   1
c  133   -1   232   1
c  183   -1   234   1
c  183   -1   284   1
c  333   -1   284   1
c  333   -1   382   1
c  285   -1   184   1
c  285   -1   332   1
c  334   -1   283   1
c  334   -1   436   1
c  728   -1   730   1
c  728   -1   779   1
c  680   -1   729   1
c  680   -1   678   1
c  532   -1   583   1
c  532   -1   534   1
c  729   -1   780   1
c  729   -1   778   1
c  730   -1   782   1
c  730   -1   833   1
c  631   -1   580   1
c  631   -1   530   1
c  681   -1   632   1
c  681   -1   630   1
c  82   -1   131   1
c  82   -1   130   1
c  31   -1   131   1
c  31   -1   80   1
c  32   -1   83   1
c  32   -1   34   1
c  132   -1   184   1
c  132   -1   134   1
c  184   -1   83   1
c  186   -1   188   1
c  186   -1   235   1
c  234   -1   134   1
c  821   -1   870   1
c  821   -1   920   1
c  871   -1   920   1
c  871   -1   771   1
c  823   -1   772   1
c  823   -1   821   1
c  919   -1   970   1
c  919   -1   971   1
c  920   -1   869   1
c  1351   -1   1303   1
c  1352   -1   1452   1
c  1352   -1   1403   1
c  1401   -1   1452   1
c  1401   -1   1453   1
c  1452   -1   1503   1
c  1452   -1   1454   1
c  1453   -1   1402   1
c  1453   -1   1504   1
c  1167   -1   1118   1
c  1167   -1   1216   1
c  1118   -1   1169   1
c  1118   -1   1170   1
c  1068   -1   1117   1
c  1068   -1   970   1
c  1361   -1   1363   1
c  1361   -1   1413   1
c  1512   -1   1461   1
c  1512   -1   1563   1
c  1508   -1   1557   1
c  1508   -1   1556   1
c  1459   -1   1461   1
c  1459   -1   1411   1
c  1559   -1   1510   1
c  1559   -1   1458   1
c  1410   -1   1461   1
c  1410   -1   1412   1
c  1411   -1   1510   1
c  1411   -1   1463   1
c  1412   -1   1361   1
c  1454   -1   1503   1
c  1454   -1   1405   1
c  1505   -1   1554   1
c  1505   -1   1503   1
c  1504   -1   1404   1
c  1509   -1   1507   1
c  1509   -1   1408   1
c  1460   -1   1409   1
c  1460   -1   1509   1
c  1502   -1   1453   1
c  1556   -1   1505   1
c  1556   -1   1608   1
c  1557   -1   1606   1
c  1557   -1   1506   1
c  1558   -1   1607   1
c  1558   -1   1506   1
c  1019   -1   919   1
c  1019   -1   918   1
c  970   -1   1019   1
c  970   -1   870   1
c  921   -1   970   1
c  921   -1   1020   1
c  1119   -1   1168   1
c  1119   -1   1219   1
c  1070   -1   1119   1
c  1070   -1   1121   1
c  1120   -1   1071   1
c  1120   -1   1069   1
c  1216   -1   1267   1
c  1216   -1   1316   1
c  1218   -1   1267   1
c  1218   -1   1166   1
c  1314   -1   1365   1
c  1314   -1   1414   1
c  1413   -1   1313   1
c  1413   -1   1362   1
c  1315   -1   1264   1
c  1315   -1   1313   1
c  1362   -1   1410   1
c  1362   -1   1460   1
c  1265   -1   1316   1
c  1265   -1   1314   1
c  1364   -1   1264   1
c  1364   -1   1265   1
c  1365   -1   1363   1
c  1316   -1   1318   1
c  1267   -1   1265   1
c  1217   -1   1266   1
c  1217   -1   1118   1
c  1268   -1   1168   1
c  1268   -1   1266   1
c  777   -1   826   1
c  777   -1   828   1
c  826   -1   875   1
c  826   -1   925   1
c  875   -1   924   1
c  875   -1   872   1
c  874   -1   825   1
c  874   -1   876   1
c  925   -1   976   1
c  925   -1   825   1
c  876   -1   827   1
c  876   -1   825   1
c  827   -1   878   1
c  827   -1   875   1
c  872   -1   921   1
c  872   -1   823   1
c  581   -1   681   1
c  581   -1   532   1
c  732   -1   683   1
c  732   -1   531   1
c  385   -1   383   1
c  385   -1   434   1
c  435   -1   386   1
c  435   -1   486   1
c  533   -1   535   1
c  533   -1   585   1
c  436   -1   434   1
c  436   -1   287   1
c  534   -1   585   1
c  534   -1   482   1
c  486   -1   537   1
c  486   -1   482   1
c  582   -1   631   1
c  582   -1   533   1
c  485   -1   534   1
c  485   -1   586   1
c  536   -1   485   1
c  536   -1   484   1
c  635   -1   684   1
c  635   -1   484   1
c  336   -1   385   1
c  336   -1   384   1
c  135   -1   86   1
c  135   -1   187   1
c  83   -1   81   1
c  134   -1   85   1
c  134   -1   83   1
c  235   -1   335   1
c  235   -1   436   1
c  335   -1   337   1
c  335   -1   286   1
c  286   -1   235   1
c  286   -1   234   1
c  185   -1   285   1
c  185   -1   234   1
c  778   -1   830   1
c  778   -1   831   1
c  779   -1   730   1
c  779   -1   828   1
c  583   -1   683   1
c  583   -1   733   1
c  828   -1   830   1
c  828   -1   729   1
c  632   -1   683   1
c  632   -1   729   1
c  780   -1   831   1
c  780   -1   731   1
c  731   -1   682   1
c  731   -1   631   1
c  830   -1   730   1
c  830   -1   779   1
c  781   -1   730   1
c  781   -1   732   1
c  782   -1   882   1
c  782   -1   784   1
c  833   -1   782   1
c  833   -1   882   1
c  682   -1   633   1
c  682   -1   583   1
c  33   -1   82   1
c  33   -1   31   1
c  34   -1   83   1
c  34   -1   135   1
c  84   -1   135   1
c  84   -1   132   1
c  136   -1   185   1
c  136   -1   84   1
c  236   -1   238   1
c  187   -1   189   1
c  187   -1   236   1
c  86   -1   186   1
c  85   -1   186   1
c  85   -1   187   1
c  188   -1   239   1
c  188   -1   190   1
c  873   -1   922   1
c  873   -1   871   1
c  971   -1   922   1
c  971   -1   1022   1
c  1451   -1   1502   1
c  1451   -1   1552   1
c  1501   -1   1452   1
c  1501   -1   1552   1
c  1503   -1   1552   1
c  1602   -1   1453   1
c  1168   -1   1170   1
c  1168   -1   1120   1
c  1220   -1   1118   1
c  1220   -1   1369   1
c  1169   -1   1120   1
c  1170   -1   1119   1
c  1170   -1   1219   1
c  1461   -1   1361   1
c  1461   -1   1362   1
c  1462   -1   1513   1
c  1462   -1   1511   1
c  1511   -1   1560   1
c  1511   -1   1460   1
c  1562   -1   1613   1
c  1562   -1   1610   1
c  1513   -1   1464   1
c  1561   -1   1512   1
c  1561   -1   1513   1
c  1514   -1   1463   1
c  1514   -1   1512   1
c  1563   -1   1561   1
c  1563   -1   1411   1
c  1607   -1   1508   1
c  1609   -1   1558   1
c  1609   -1   1508   1
c  1560   -1   1461   1
c  1608   -1   1557   1
c  1608   -1   1559   1
c  1510   -1   1610   1
c  1510   -1   1561   1
c  1463   -1   1412   1
c  1463   -1   1515   1
c  1555   -1   1557   1
c  1555   -1   1606   1
c  1554   -1   1552   1
c  1554   -1   1603   1
c  1552   -1   1601   1
c  1552   -1   1652   1
c  1606   -1   1604   1
c  1606   -1   1603   1
c  1657   -1   1608   1
c  1657   -1   1557   1
c  1658   -1   1607   1
c  1658   -1   1557   1
c  1020   -1   971   1
c  1020   -1   1071   1
c  1021   -1   970   1
c  922   -1   925   1
c  1219   -1   1319   1
c  1071   -1   1022   1
c  1071   -1   972   1
c  1121   -1   1072   1
c  1121   -1   1222   1
c  1318   -1   1369   1
c  1318   -1   1218   1
c  1414   -1   1465   1
c  1414   -1   1416   1
c  1366   -1   1315   1
c  1366   -1   1317   1
c  1317   -1   1315   1
c  1317   -1   1368   1
c  1415   -1   1364   1
c  1415   -1   1418   1
c  1416   -1   1365   1
c  1416   -1   1364   1
c  1464   -1   1415   1
c  1464   -1   1365   1
c  1367   -1   1316   1
c  1367   -1   1318   1
c  1269   -1   1320   1
c  1269   -1   1369   1
c  1320   -1   1271   1
c  1320   -1   1268   1
c  877   -1   875   1
c  877   -1   926   1
c  924   -1   973   1
c  924   -1   873   1
c  975   -1   924   1
c  975   -1   1024   1
c  926   -1   924   1
c  926   -1   923   1
c  976   -1   1025   1
c  976   -1   1024   1
c  829   -1   827   1
c  829   -1   876   1
c  878   -1   778   1
c  878   -1   830   1
c  733   -1   684   1
c  733   -1   835   1
c  683   -1   734   1
c  683   -1   685   1
c  386   -1   486   1
c  386   -1   335   1
c  287   -1   387   1
c  287   -1   435   1
c  535   -1   486   1
c  535   -1   587   1
c  585   -1   536   1
c  585   -1   636   1
c  437   -1   386   1
c  437   -1   486   1
c  584   -1   635   1
c  584   -1   535   1
c  487   -1   438   1
c  487   -1   485   1
c  586   -1   486   1
c  537   -1   488   1
c  537   -1   539   1
c  636   -1   685   1
c  636   -1   536   1
c  587   -1   536   1
c  634   -1   636   1
c  634   -1   683   1
c  685   -1   634   1
c  637   -1   635   1
c  637   -1   685   1
c  684   -1   686   1
c  337   -1   388   1
c  337   -1   386   1
c  338   -1   389   1
c  338   -1   336   1
c  87   -1   136   1
c  87   -1   135   1
c  35   -1   84   1
c  35   -1   83   1
c  387   -1   286   1
c  831   -1   880   1
c  633   -1   684   1
c  633   -1   586   1
c  880   -1   929   1
c  880   -1   931   1
c  879   -1   830   1
c  879   -1   927   1
c  832   -1   883   1
c  832   -1   830   1
c  783   -1   832   1
c  783   -1   887   1
c  882   -1   931   1
c  882   -1   930   1
c  784   -1   835   1
c  784   -1   884   1
c  883   -1   834   1
c  834   -1   885   1
c  834   -1   886   1
c  36   -1   34   1
c  36   -1   85   1
c  137   -1   188   1
c  137   -1   85   1
c  237   -1   239   1
c  237   -1   188   1
c  238   -1   338   1
c  238   -1   337   1
c  88   -1   188   1
c  88   -1   187   1
c  189   -1   140   1
c  189   -1   142   1
c  37   -1   88   1
c  37   -1   86   1
c  138   -1   189   1
c  138   -1   140   1
c  239   -1   139   1
c  239   -1   190   1
c  190   -1   241   1
c  190   -1   143   1
c  923   -1   975   1
c  923   -1   1025   1
c  972   -1   1072   1
c  972   -1   1021   1
c  1123   -1   1074   1
c  1123   -1   971   1
c  1022   -1   1073   1
c  1022   -1   1074   1
c  1551   -1   1602   1
c  1551   -1   1603   1
c  1553   -1   1602   1
c  1553   -1   1703   1
c  1601   -1   1752   1
c  1652   -1   1701   1
c  1652   -1   1603   1
c  1603   -1   1552   1
c  1603   -1   1703   1
c  1651   -1   1602   1
c  1651   -1   1654   1
c  1701   -1   1752   1
c  1701   -1   1602   1
c  1703   -1   1652   1
c  1703   -1   1602   1
c  1270   -1   1272   1
c  1270   -1   1319   1
c  1221   -1   1273   1
c  1221   -1   1174   1
c  1369   -1   1417   1
c  1369   -1   1467   1
c  1171   -1   1020   1
c  1612   -1   1563   1
c  1612   -1   1561   1
c  1613   -1   1664   1
c  1613   -1   1665   1
c  1610   -1   1661   1
c  1610   -1   1710   1
c  1611   -1   1711   1
c  1611   -1   1664   1
c  1564   -1   1615   1
c  1564   -1   1665   1
c  1515   -1   1466   1
c  1515   -1   1616   1
c  1663   -1   1563   1
c  1663   -1   1665   1
c  1758   -1   1707   1
c  1758   -1   1607   1
c  1659   -1   1661   1
c  1659   -1   1657   1
c  1605   -1   1654   1
c  1605   -1   1603   1
c  1604   -1   1655   1
c  1604   -1   1555   1
c  1704   -1   1655   1
c  1704   -1   1554   1
c  1656   -1   1605   1
c  1656   -1   1755   1
c  1655   -1   1706   1
c  1655   -1   1606   1
c  1707   -1   1656   1
c  1707   -1   1655   1
c  1760   -1   1657   1
c  1760   -1   1656   1
c  1708   -1   1759   1
c  1708   -1   1809   1
c  1023   -1   923   1
c  1023   -1   922   1
c  1025   -1   922   1
c  1319   -1   1368   1
c  1319   -1   1367   1
c  1072   -1   1172   1
c  1073   -1   1071   1
c  1122   -1   1171   1
c  1122   -1   1221   1
c  1172   -1   1121   1
c  1172   -1   1272   1
c  1222   -1   1224   1
c  1368   -1   1417   1
c  1465   -1   1516   1
c  1468   -1   1516   1
c  1468   -1   1366   1
c  1417   -1   1468   1
c  1417   -1   1415   1
c  1418   -1   1469   1
c  1418   -1   1369   1
c  1466   -1   1517   1
c  1466   -1   1569   1
c  1370   -1   1470   1
c  1370   -1   1421   1
c  1321   -1   1421   1
c  1321   -1   1422   1
c  1322   -1   1320   1
c  1322   -1   1373   1
c  1271   -1   1222   1
c  1271   -1   1223   1
c  927   -1   878   1
c  927   -1   976   1
c  979   -1   877   1
c  974   -1   1023   1
c  974   -1   1022   1
c  1024   -1   924   1
c  973   -1   1073   1
c  973   -1   1074   1
c  1026   -1   1075   1
c  1026   -1   977   1
c  977   -1   929   1
c  1027   -1   1076   1
c  1027   -1   976   1
c  928   -1   979   1
c  928   -1   977   1
c  734   -1   685   1
c  734   -1   783   1
c  835   -1   935   1
c  835   -1   886   1
c  288   -1   239   1
c  288   -1   88   1
c  735   -1   784   1
c  735   -1   585   1
c  438   -1   440   1
c  438   -1   489   1
c  488   -1   439   1
c  488   -1   440   1
c  538   -1   438   1
c  538   -1   587   1
c  686   -1   637   1
c  686   -1   537   1
c  738   -1   587   1
c  738   -1   537   1
c  539   -1   439   1
c  539   -1   337   1
c  687   -1   636   1
c  687   -1   639   1
c  588   -1   539   1
c  588   -1   738   1
c  786   -1   735   1
c  786   -1   685   1
c  638   -1   589   1
c  638   -1   640   1
c  489   -1   588   1
c  489   -1   637   1
c  388   -1   339   1
c  388   -1   289   1
c  339   -1   290   1
c  339   -1   239   1
c  289   -1   338   1
c  289   -1   240   1
c  389   -1   289   1
c  881   -1   981   1
c  881   -1   933   1
c  930   -1   979   1
c  930   -1   1029   1
c  929   -1   978   1
c  931   -1   933   1
c  887   -1   936   1
c  887   -1   986   1
c  932   -1   881   1
c  932   -1   883   1
c  933   -1   984   1
c  933   -1   882   1
c  785   -1   734   1
c  785   -1   836   1
c  836   -1   784   1
c  836   -1   734   1
c  884   -1   835   1
c  934   -1   983   1
c  934   -1   883   1
c  885   -1   936   1
c  885   -1   837   1
c  886   -1   837   1
c  886   -1   787   1
c  38   -1   89   1
c  38   -1   137   1
c  89   -1   41   1
c  140   -1   88   1
c  139   -1   190   1
c  139   -1   90   1
c  240   -1   189   1
c  240   -1   140   1
c  290   -1   239   1
c  290   -1   189   1
c  142   -1   93   1
c  142   -1   42   1
c  191   -1   242   1
c  191   -1   240   1
c  241   -1   290   1
c  241   -1   141   1
c  143   -1   243   1
c  143   -1   192   1
c  1173   -1   1222   1
c  1173   -1   1221   1
c  1124   -1   1175   1
c  1124   -1   1176   1
c  1074   -1   1025   1
c  1074   -1   1026   1
c  1752   -1   1703   1
c  1752   -1   1655   1
c  1702   -1   1751   1
c  1702   -1   1801   1
c  1653   -1   1753   1
c  1653   -1   1802   1
c  1654   -1   1853   1
c  1751   -1   1802   1
c  1751   -1   1803   1
c  1753   -1   1704   1
c  1753   -1   1604   1
c  1272   -1   1221   1
c  1272   -1   1321   1
c  1273   -1   1324   1
c  1273   -1   1172   1
c  1174   -1   1176   1
c  1174   -1   1226   1
c  1419   -1   1468   1
c  1419   -1   1470   1
c  1467   -1   1516   1
c  1467   -1   1518   1
c  1662   -1   1711   1
c  1662   -1   1761   1
c  1661   -1   1612   1
c  1614   -1   1714   1
c  1614   -1   1713   1
c  1714   -1   1613   1
c  1664   -1   1764   1
c  1664   -1   1666   1
c  1665   -1   1714   1
c  1660   -1   1709   1
c  1660   -1   1708   1
c  1710   -1   1761   1
c  1710   -1   1809   1
c  1711   -1   1762   1
c  1565   -1   1666   1
c  1565   -1   1518   1
c  1615   -1   1666   1
c  1615   -1   1566   1
c  1516   -1   1567   1
c  1616   -1   1667   1
c  1616   -1   1518   1
c  1713   -1   1764   1
c  1713   -1   1662   1
c  1712   -1   1663   1
c  1712   -1   1761   1
c  1757   -1   1708   1
c  1757   -1   1755   1
c  1808   -1   1757   1
c  1808   -1   1759   1
c  1759   -1   1710   1
c  1759   -1   1810   1
c  1709   -1   1758   1
c  1709   -1   1757   1
c  1754   -1   1903   1
c  1754   -1   1955   1
c  1705   -1   1654   1
c  1705   -1   1653   1
c  1706   -1   1704   1
c  1755   -1   1806   1
c  1755   -1   1803   1
c  1856   -1   1858   1
c  1856   -1   1655   1
c  1810   -1   1761   1
c  1810   -1   1711   1
c  1761   -1   1709   1
c  1811   -1   1760   1
c  1811   -1   1710   1
c  1756   -1   1807   1
c  1756   -1   1708   1
c  1809   -1   1811   1
c  1809   -1   1861   1
c  1075   -1   1127   1
c  1223   -1   1174   1
c  1223   -1   1172   1
c  1224   -1   1275   1
c  1224   -1   1173   1
c  1518   -1   1567   1
c  1518   -1   1469   1
c  1469   -1   1570   1
c  1517   -1   1568   1
c  1517   -1   1566   1
c  1569   -1   1620   1
c  1569   -1   1618   1
c  1420   -1   1520   1
c  1420   -1   1471   1
c  1371   -1   1322   1
c  1371   -1   1472   1
c  1470   -1   1519   1
c  1421   -1   1472   1
c  1421   -1   1473   1
c  1372   -1   1321   1
c  1372   -1   1420   1
c  1422   -1   1473   1
c  1422   -1   1371   1
c  1323   -1   1272   1
c  1323   -1   1224   1
c  1373   -1   1422   1
c  1373   -1   1371   1
c  978   -1   927   1
c  978   -1   1029   1
c  1029   -1   981   1
c  980   -1   931   1
c  980   -1   1031   1
c  1030   -1   979   1
c  1030   -1   981   1
c  1125   -1   1024   1
c  1125   -1   974   1
c  1076   -1   1125   1
c  1076   -1   1028   1
c  1028   -1   977   1
c  1028   -1   1128   1
c  1077   -1   1177   1
c  1077   -1   1126   1
c  736   -1   734   1
c  736   -1   785   1
c  936   -1   835   1
c  935   -1   986   1
c  935   -1   886   1
c  439   -1   441   1
c  440   -1   489   1
c  440   -1   391   1
c  490   -1   488   1
c  490   -1   439   1
c  589   -1   540   1
c  589   -1   538   1
c  688   -1   690   1
c  688   -1   739   1
c  737   -1   688   1
c  737   -1   739   1
c  788   -1   737   1
c  788   -1   736   1
c  739   -1   790   1
c  739   -1   791   1
c  787   -1   738   1
c  787   -1   688   1
c  540   -1   491   1
c  540   -1   441   1
c  590   -1   541   1
c  590   -1   539   1
c  639   -1   690   1
c  639   -1   688   1
c  837   -1   786   1
c  837   -1   737   1
c  640   -1   642   1
c  340   -1   389   1
c  340   -1   291   1
c  390   -1   439   1
c  390   -1   441   1
c  981   -1   1032   1
c  981   -1   983   1
c  1032   -1   1081   1
c  1032   -1   930   1
c  937   -1   888   1
c  937   -1   886   1
c  888   -1   840   1
c  838   -1   887   1
c  838   -1   787   1
c  938   -1   889   1
c  938   -1   887   1
c  839   -1   888   1
c  839   -1   887   1
c  986   -1   1035   1
c  986   -1   1085   1
c  982   -1   1031   1
c  982   -1   1030   1
c  983   -1   1034   1
c  983   -1   1083   1
c  1033   -1   933   1
c  1033   -1   934   1
c  984   -1   935   1
c  1034   -1   934   1
c  1034   -1   1133   1
c  39   -1   41   1
c  39   -1   91   1
c  40   -1   89   1
c  40   -1   38   1
c  90   -1   143   1
c  90   -1   193   1
c  41   -1   90   1
c  41   -1   140   1
c  141   -1   90   1
c  141   -1   40   1
c  291   -1   293   1
c  291   -1   294   1
c  92   -1   43   1
c  92   -1   44   1
c  192   -1   144   1
c  91   -1   93   1
c  91   -1   142   1
c  43   -1   94   1
c  43   -1   142   1
c  93   -1   44   1
c  42   -1   93   1
c  42   -1   94   1
c  242   -1   291   1
c  242   -1   144   1
c  244   -1   193   1
c  244   -1   241   1
c  193   -1   242   1
c  193   -1   145   1
c  144   -1   195   1
c  144   -1   197   1
c  94   -1   194   1
c  94   -1   143   1
c  95   -1   44   1
c  95   -1   143   1
c  243   -1   292   1
c  243   -1   192   1
c  1126   -1   1175   1
c  1126   -1   1124   1
c  1175   -1   1226   1
c  1175   -1   1224   1
c  1176   -1   1227   1
c  1176   -1   1125   1
c  1802   -1   1851   1
c  1802   -1   1753   1
c  1851   -1   1752   1
c  1801   -1   1901   1
c  1853   -1   1753   1
c  1853   -1   1754   1
c  1803   -1   1903   1
c  1803   -1   1854   1
c  1852   -1   1803   1
c  1852   -1   1753   1
c  1804   -1   1753   1
c  1804   -1   1755   1
c  1274   -1   1223   1
c  1274   -1   1323   1
c  1324   -1   1275   1
c  1324   -1   1326   1
c  1226   -1   1177   1
c  1226   -1   1224   1
c  1764   -1   1815   1
c  1764   -1   1766   1
c  1715   -1   1766   1
c  1715   -1   1764   1
c  1762   -1   1811   1
c  1762   -1   1714   1
c  1667   -1   1714   1
c  1865   -1   1867   1
c  1865   -1   1714   1
c  1666   -1   1617   1
c  1666   -1   1717   1
c  1566   -1   1568   1
c  1567   -1   1616   1
c  1617   -1   1568   1
c  1617   -1   1519   1
c  1763   -1   1913   1
c  1763   -1   1914   1
c  1717   -1   1766   1
c  1717   -1   1712   1
c  1807   -1   1858   1
c  1807   -1   1856   1
c  1806   -1   1757   1
c  1858   -1   1959   1
c  1858   -1   2009   1
c  1908   -1   1808   1
c  1908   -1   1959   1
c  1859   -1   1810   1
c  1859   -1   1759   1
c  1903   -1   1854   1
c  1903   -1   1852   1
c  1955   -1   2006   1
c  1955   -1   2007   1
c  1805   -1   1857   1
c  1805   -1   1907   1
c  1855   -1   1755   1
c  1855   -1   1806   1
c  1854   -1   1755   1
c  1906   -1   1857   1
c  1906   -1   1959   1
c  1857   -1   1908   1
c  1857   -1   1859   1
c  1905   -1   1907   1
c  1905   -1   1856   1
c  1907   -1   1807   1
c  1907   -1   1856   1
c  1860   -1   1960   1
c  1860   -1   1862   1
c  1861   -1   1912   1
c  1812   -1   1863   1
c  1812   -1   1861   1
c  1913   -1   1862   1
c  1913   -1   1811   1
c  1127   -1   1176   1
c  1127   -1   1078   1
c  1225   -1   1276   1
c  1225   -1   1176   1
c  1275   -1   1226   1
c  1275   -1   1375   1
c  1519   -1   1568   1
c  1519   -1   1570   1
c  1570   -1   1518   1
c  1570   -1   1517   1
c  1619   -1   1570   1
c  1619   -1   1670   1
c  1520   -1   1569   1
c  1620   -1   1671   1
c  1618   -1   1520   1
c  1471   -1   1522   1
c  1471   -1   1372   1
c  1473   -1   1424   1
c  1374   -1   1372   1
c  1374   -1   1425   1
c  1423   -1   1472   1
c  1423   -1   1323   1
c  1424   -1   1422   1
c  1424   -1   1426   1
c  1325   -1   1274   1
c  1325   -1   1323   1
c  1079   -1   1028   1
c  1079   -1   1180   1
c  1078   -1   1029   1
c  1078   -1   1080   1
c  1080   -1   1129   1
c  1080   -1   1029   1
c  1031   -1   1082   1
c  1031   -1   1132   1
c  1128   -1   1077   1
c  1178   -1   1127   1
c  1178   -1   1077   1
c  1177   -1   1228   1
c  1177   -1   1229   1
c  985   -1   1085   1
c  985   -1   1036   1
c  1036   -1   1085   1
c  1036   -1   935   1
c  492   -1   490   1
c  492   -1   439   1
c  441   -1   392   1
c  441   -1   541   1
c  391   -1   342   1
c  391   -1   292   1
c  491   -1   442   1
c  491   -1   591   1
c  591   -1   540   1
c  591   -1   589   1
c  689   -1   789   1
c  689   -1   640   1
c  690   -1   641   1
c  690   -1   642   1
c  789   -1   838   1
c  740   -1   789   1
c  740   -1   839   1
c  741   -1   692   1
c  741   -1   739   1
c  790   -1   839   1
c  790   -1   838   1
c  791   -1   740   1
c  791   -1   693   1
c  541   -1   492   1
c  541   -1   493   1
c  542   -1   540   1
c  542   -1   590   1
c  543   -1   491   1
c  543   -1   590   1
c  641   -1   741   1
c  641   -1   592   1
c  691   -1   740   1
c  691   -1   640   1
c  642   -1   691   1
c  642   -1   741   1
c  341   -1   390   1
c  341   -1   392   1
c  1082   -1   1131   1
c  1082   -1   1133   1
c  1081   -1   1181   1
c  987   -1   1036   1
c  987   -1   1086   1
c  889   -1   789   1
c  889   -1   790   1
c  840   -1   891   1
c  840   -1   940   1
c  988   -1   1039   1
c  988   -1   990   1
c  939   -1   988   1
c  939   -1   990   1
c  940   -1   938   1
c  940   -1   1038   1
c  1039   -1   938   1
c  890   -1   939   1
c  890   -1   839   1
c  1037   -1   986   1
c  1035   -1   1037   1
c  1085   -1   1136   1
c  1085   -1   1037   1
c  1083   -1   1132   1
c  1083   -1   1134   1
c  1133   -1   1033   1
c  1084   -1   1035   1
c  1084   -1   1133   1
c  292   -1   392   1
c  292   -1   192   1
c  342   -1   291   1
c  342   -1   242   1
c  293   -1   242   1
c  293   -1   193   1
c  294   -1   343   1
c  294   -1   245   1
c  44   -1   195   1
c  44   -1   196   1
c  45   -1   94   1
c  45   -1   43   1
c  145   -1   94   1
c  145   -1   43   1
c  194   -1   245   1
c  194   -1   295   1
c  245   -1   196   1
c  245   -1   247   1
c  195   -1   246   1
c  197   -1   246   1
c  197   -1   248   1
c  96   -1   47   1
c  96   -1   48   1
c  46   -1   97   1
c  46   -1   95   1
c  1129   -1   1126   1
c  1129   -1   1176   1
c  1227   -1   1178   1
c  1227   -1   1179   1
c  1901   -1   1852   1
c  1901   -1   1952   1
c  1953   -1   1853   1
c  1902   -1   1951   1
c  1902   -1   2001   1
c  1952   -1   2052   1
c  1952   -1   1852   1
c  1279   -1   1330   1
c  1279   -1   1324   1
c  1326   -1   1377   1
c  1326   -1   1426   1
c  1276   -1   1374   1
c  1277   -1   1226   1
c  1277   -1   1225   1
c  1180   -1   1229   1
c  1180   -1   1226   1
c  1814   -1   1763   1
c  1814   -1   1866   1
c  1765   -1   1716   1
c  1765   -1   1666   1
c  1815   -1   1763   1
c  1815   -1   2012   1
c  1766   -1   1667   1
c  1716   -1   1767   1
c  1716   -1   1667   1
c  1813   -1   1864   1
c  1813   -1   1762   1
c  1668   -1   1717   1
c  1668   -1   1719   1
c  1864   -1   1964   1
c  1864   -1   1913   1
c  1915   -1   1913   1
c  1915   -1   2069   1
c  1866   -1   1864   1
c  1866   -1   1767   1
c  1862   -1   1864   1
c  1862   -1   1865   1
c  1916   -1   1865   1
c  1916   -1   1867   1
c  1867   -1   1816   1
c  1867   -1   1767   1
c  1914   -1   1912   1
c  1914   -1   1963   1
c  1767   -1   1818   1
c  1767   -1   1769   1
c  1718   -1   1720   1
c  1718   -1   1818   1
c  1817   -1   1768   1
c  1817   -1   1717   1
c  1959   -1   1961   1
c  1959   -1   1957   1
c  2009   -1   1909   1
c  1958   -1   2007   1
c  1958   -1   2057   1
c  1909   -1   1911   1
c  1909   -1   1861   1
c  2059   -1   2008   1
c  2059   -1   1908   1
c  1904   -1   1955   1
c  1904   -1   1953   1
c  1951   -1   1953   1
c  1951   -1   1903   1
c  1954   -1   1854   1
c  1954   -1   1855   1
c  2005   -1   2007   1
c  2005   -1   2057   1
c  1956   -1   2005   1
c  1956   -1   2055   1
c  2004   -1   1955   1
c  2004   -1   2105   1
c  2006   -1   2057   1
c  2007   -1   2009   1
c  2007   -1   2108   1
c  1957   -1   2006   1
c  1957   -1   2004   1
c  2057   -1   2008   1
c  2057   -1   1907   1
c  1910   -1   1961   1
c  1910   -1   2010   1
c  1960   -1   2011   1
c  1911   -1   1960   1
c  1911   -1   1962   1
c  1912   -1   1863   1
c  1863   -1   1963   1
c  1963   -1   2063   1
c  1963   -1   2014   1
c  1375   -1   1424   1
c  1375   -1   1326   1
c  1571   -1   1520   1
c  1571   -1   1620   1
c  1521   -1   1570   1
c  1521   -1   1621   1
c  1670   -1   1672   1
c  1670   -1   1570   1
c  1669   -1   1618   1
c  1669   -1   1671   1
c  1621   -1   1721   1
c  1621   -1   1672   1
c  1671   -1   1720   1
c  1671   -1   1719   1
c  1522   -1   1571   1
c  1522   -1   1621   1
c  1572   -1   1472   1
c  1572   -1   1521   1
c  1523   -1   1572   1
c  1523   -1   1521   1
c  1474   -1   1523   1
c  1474   -1   1423   1
c  1425   -1   1427   1
c  1425   -1   1428   1
c  1426   -1   1527   1
c  1426   -1   1577   1
c  1130   -1   1081   1
c  1130   -1   1182   1
c  1132   -1   1183   1
c  1228   -1   1279   1
c  1179   -1   1228   1
c  1179   -1   1230   1
c  1229   -1   1278   1
c  1086   -1   1186   1
c  1086   -1   988   1
c  1038   -1   987   1
c  1038   -1   1036   1
c  442   -1   393   1
c  442   -1   444   1
c  493   -1   544   1
c  493   -1   444   1
c  392   -1   343   1
c  592   -1   543   1
c  592   -1   594   1
c  593   -1   591   1
c  593   -1   644   1
c  742   -1   691   1
c  742   -1   791   1
c  792   -1   741   1
c  792   -1   894   1
c  692   -1   743   1
c  692   -1   641   1
c  841   -1   790   1
c  841   -1   792   1
c  891   -1   940   1
c  891   -1   790   1
c  842   -1   840   1
c  842   -1   790   1
c  743   -1   792   1
c  743   -1   791   1
c  843   -1   841   1
c  843   -1   791   1
c  693   -1   642   1
c  693   -1   644   1
c  544   -1   546   1
c  643   -1   692   1
c  643   -1   694   1
c  644   -1   642   1
c  644   -1   743   1
c  645   -1   545   1
c  645   -1   642   1
c  1131   -1   1182   1
c  1181   -1   1132   1
c  1181   -1   1130   1
c  989   -1   1040   1
c  989   -1   991   1
c  990   -1   1041   1
c  990   -1   1090   1
c  941   -1   892   1
c  941   -1   990   1
c  942   -1   893   1
c  942   -1   940   1
c  1089   -1   1087   1
c  1089   -1   1091   1
c  1040   -1   1140   1
c  1040   -1   941   1
c  1087   -1   1136   1
c  1087   -1   1186   1
c  1136   -1   1035   1
c  1135   -1   1184   1
c  1135   -1   1235   1
c  1183   -1   1085   1
c  1184   -1   1133   1
c  1184   -1   1083   1
c  1134   -1   1132   1
c  1134   -1   1186   1
c  1182   -1   1133   1
c  1182   -1   1233   1
c  343   -1   345   1
c  343   -1   394   1
c  394   -1   342   1
c  344   -1   395   1
c  344   -1   393   1
c  295   -1   344   1
c  295   -1   297   1
c  196   -1   147   1
c  196   -1   148   1
c  146   -1   97   1
c  146   -1   197   1
c  246   -1   346   1
c  247   -1   198   1
c  247   -1   298   1
c  147   -1   98   1
c  147   -1   96   1
c  198   -1   200   1
c  198   -1   249   1
c  346   -1   197   1
c  248   -1   199   1
c  97   -1   48   1
c  98   -1   47   1
c  98   -1   96   1
c  47   -1   99   1
c  47   -1   149   1
c  48   -1   149   1
c  48   -1   100   1
c  2003   -1   2001   1
c  2003   -1   2054   1
c  2002   -1   1953   1
c  2002   -1   2053   1
c  2054   -1   1953   1
c  2001   -1   2052   1
c  2001   -1   2101   1
c  2052   -1   2103   1
c  2052   -1   2152   1
c  1278   -1   1329   1
c  1329   -1   1229   1
c  1329   -1   1179   1
c  1280   -1   1331   1
c  1280   -1   1332   1
c  1330   -1   1378   1
c  1327   -1   1378   1
c  1327   -1   1376   1
c  1377   -1   1375   1
c  1230   -1   1281   1
c  1230   -1   1379   1
c  1231   -1   1180   1
c  1231   -1   1130   1
c  1816   -1   1767   1
c  1816   -1   1916   1
c  2012   -1   1963   1
c  2012   -1   2063   1
c  1719   -1   1721   1
c  1719   -1   1770   1
c  1964   -1   1915   1
c  1964   -1   2015   1
c  1965   -1   1914   1
c  1965   -1   1963   1
c  2069   -1   2118   1
c  2069   -1   2168   1
c  1966   -1   1964   1
c  1966   -1   2017   1
c  1917   -1   2017   1
c  1917   -1   1968   1
c  2016   -1   1965   1
c  2016   -1   1916   1
c  1868   -1   1819   1
c  1868   -1   1967   1
c  2013   -1   1964   1
c  2013   -1   1914   1
c  1768   -1   1770   1
c  1768   -1   1719   1
c  1818   -1   1869   1
c  1818   -1   1923   1
c  1769   -1   1820   1
c  1769   -1   1869   1
c  1720   -1   1771   1
c  1720   -1   1769   1
c  1869   -1   1817   1
c  2011   -1   1959   1
c  1961   -1   2010   1
c  1961   -1   2111   1
c  2008   -1   2010   1
c  2008   -1   1957   1
c  2010   -1   2059   1
c  2010   -1   2111   1
c  2058   -1   1958   1
c  2058   -1   2007   1
c  2109   -1   2061   1
c  2060   -1   2011   1
c  2060   -1   2109   1
c  2055   -1   2052   1
c  2055   -1   2102   1
c  2053   -1   2004   1
c  2053   -1   2155   1
c  2103   -1   2003   1
c  2103   -1   2004   1
c  2056   -1   2105   1
c  2056   -1   2004   1
c  2105   -1   2156   1
c  2105   -1   2206   1
c  2108   -1   2157   1
c  2108   -1   2057   1
c  2107   -1   2105   1
c  2107   -1   2206   1
c  1962   -1   2013   1
c  1962   -1   2010   1
c  2063   -1   2163   1
c  2063   -1   2162   1
c  2014   -1   2063   1
c  2014   -1   2065   1
c  1672   -1   1623   1
c  1672   -1   1721   1
c  1770   -1   1819   1
c  1770   -1   1669   1
c  1622   -1   1773   1
c  1622   -1   1823   1
c  1721   -1   1772   1
c  1673   -1   1671   1
c  1573   -1   1624   1
c  1573   -1   1522   1
c  1524   -1   1522   1
c  1524   -1   1572   1
c  1575   -1   1524   1
c  1575   -1   1522   1
c  1475   -1   1527   1
c  1475   -1   1576   1
c  1427   -1   1476   1
c  1427   -1   1327   1
c  1428   -1   1328   1
c  1428   -1   1327   1
c  1476   -1   1527   1
c  1476   -1   1525   1
c  1477   -1   1426   1
c  1477   -1   1376   1
c  1527   -1   1479   1
c  1577   -1   1575   1
c  1577   -1   1677   1
c  1088   -1   1086   1
c  1088   -1   1139   1
c  1186   -1   1286   1
c  1186   -1   1335   1
c  443   -1   392   1
c  443   -1   343   1
c  393   -1   395   1
c  393   -1   494   1
c  444   -1   495   1
c  444   -1   545   1
c  494   -1   445   1
c  494   -1   395   1
c  545   -1   596   1
c  545   -1   493   1
c  594   -1   545   1
c  594   -1   546   1
c  445   -1   344   1
c  445   -1   593   1
c  793   -1   693   1
c  793   -1   692   1
c  894   -1   945   1
c  894   -1   995   1
c  892   -1   943   1
c  892   -1   843   1
c  893   -1   891   1
c  893   -1   842   1
c  744   -1   844   1
c  744   -1   843   1
c  694   -1   745   1
c  694   -1   743   1
c  794   -1   743   1
c  794   -1   846   1
c  844   -1   893   1
c  844   -1   793   1
c  495   -1   544   1
c  546   -1   497   1
c  546   -1   595   1
c  595   -1   597   1
c  595   -1   793   1
c  695   -1   746   1
c  695   -1   646   1
c  646   -1   595   1
c  646   -1   649   1
c  596   -1   696   1
c  596   -1   645   1
c  1234   -1   1183   1
c  1234   -1   1131   1
c  1233   -1   1231   1
c  1233   -1   1181   1
c  991   -1   1042   1
c  991   -1   1092   1
c  1041   -1   1139   1
c  1090   -1   1041   1
c  1090   -1   991   1
c  992   -1   1043   1
c  992   -1   1092   1
c  943   -1   894   1
c  943   -1   895   1
c  993   -1   942   1
c  993   -1   893   1
c  1139   -1   1239   1
c  1139   -1   1190   1
c  1138   -1   1187   1
c  1138   -1   1089   1
c  1091   -1   1193   1
c  1091   -1   1243   1
c  1140   -1   1142   1
c  1140   -1   1143   1
c  1137   -1   1140   1
c  1137   -1   1141   1
c  1185   -1   1234   1
c  1185   -1   1236   1
c  1235   -1   1334   1
c  1235   -1   1333   1
c  1232   -1   1234   1
c  1232   -1   1184   1
c  296   -1   345   1
c  296   -1   343   1
c  345   -1   396   1
c  345   -1   445   1
c  395   -1   447   1
c  395   -1   443   1
c  297   -1   346   1
c  148   -1   99   1
c  148   -1   97   1
c  298   -1   300   1
c  298   -1   347   1
c  100   -1   147   1
c  199   -1   148   1
c  149   -1   100   1
c  149   -1   198   1
c  448   -1   445   1
c  448   -1   198   1
c  200   -1   300   1
c  200   -1   350   1
c  249   -1   298   1
c  249   -1   348   1
c  396   -1   347   1
c  347   -1   398   1
c  347   -1   399   1
c  299   -1   248   1
c  299   -1   347   1
c  99   -1   150   1
c  99   -1   199   1
c  49   -1   98   1
c  49   -1   100   1
c  2051   -1   2002   1
c  2051   -1   2102   1
c  2102   -1   2002   1
c  2104   -1   2155   1
c  2104   -1   2156   1
c  2101   -1   2052   1
c  2101   -1   2152   1
c  2152   -1   2203   1
c  2152   -1   2201   1
c  1328   -1   1379   1
c  1328   -1   1376   1
c  1379   -1   1430   1
c  1379   -1   1431   1
c  1378   -1   1329   1
c  1281   -1   1232   1
c  1380   -1   1280   1
c  1380   -1   1431   1
c  1331   -1   1382   1
c  1331   -1   1282   1
c  1332   -1   1381   1
c  1332   -1   1431   1
c  1382   -1   1330   1
c  1282   -1   1382   1
c  1282   -1   1231   1
c  2062   -1   2111   1
c  2062   -1   1962   1
c  2015   -1   2066   1
c  2019   -1   2017   1
c  2019   -1   2067   1
c  2068   -1   2017   1
c  2068   -1   2019   1
c  2119   -1   2070   1
c  2119   -1   2219   1
c  2070   -1   2072   1
c  2070   -1   2122   1
c  2071   -1   2069   1
c  2071   -1   1922   1
c  2118   -1   2020   1
c  2118   -1   1970   1
c  2168   -1   2217   1
c  2168   -1   2117   1
c  1967   -1   2016   1
c  1967   -1   1919   1
c  2017   -1   1968   1
c  2017   -1   2066   1
c  1918   -1   2018   1
c  1918   -1   1970   1
c  1968   -1   2019   1
c  1968   -1   2020   1
c  2066   -1   2117   1
c  2115   -1   2016   1
c  2114   -1   2016   1
c  1819   -1   1821   1
c  1819   -1   1822   1
c  1969   -1   1971   1
c  1969   -1   1768   1
c  1923   -1   1921   1
c  1771   -1   1820   1
c  1771   -1   1872   1
c  1919   -1   1921   1
c  1919   -1   2021   1
c  1870   -1   1919   1
c  1870   -1   1918   1
c  1921   -1   1972   1
c  1921   -1   1869   1
c  2061   -1   2063   1
c  2061   -1   2110   1
c  2161   -1   2112   1
c  2161   -1   1961   1
c  2111   -1   2162   1
c  2113   -1   2058   1
c  2113   -1   2109   1
c  2159   -1   2210   1
c  2159   -1   2161   1
c  2110   -1   2108   1
c  2110   -1   2258   1
c  2155   -1   2256   1
c  2155   -1   2306   1
c  2153   -1   2204   1
c  2153   -1   2151   1
c  2154   -1   2103   1
c  2154   -1   2152   1
c  2106   -1   2157   1
c  2106   -1   2155   1
c  2156   -1   2107   1
c  2206   -1   2255   1
c  2206   -1   2357   1
c  2158   -1   2107   1
c  2158   -1   2207   1
c  2157   -1   2208   1
c  2064   -1   2115   1
c  2064   -1   2067   1
c  2112   -1   2063   1
c  2112   -1   2064   1
c  2163   -1   2165   1
c  2163   -1   2166   1
c  2162   -1   2062   1
c  2162   -1   2165   1
c  2065   -1   2114   1
c  1722   -1   1771   1
c  1722   -1   1824   1
c  1723   -1   1672   1
c  1723   -1   1771   1
c  1821   -1   1672   1
c  1623   -1   1723   1
c  1623   -1   1675   1
c  1773   -1   1724   1
c  1773   -1   1675   1
c  1823   -1   1772   1
c  1823   -1   1673   1
c  1772   -1   1821   1
c  1772   -1   1876   1
c  1674   -1   1723   1
c  1674   -1   1773   1
c  1624   -1   1673   1
c  1624   -1   1575   1
c  1574   -1   1525   1
c  1574   -1   1625   1
c  1724   -1   1623   1
c  1724   -1   1573   1
c  1525   -1   1576   1
c  1525   -1   1680   1
c  1625   -1   1725   1
c  1576   -1   1627   1
c  1576   -1   1527   1
c  1526   -1   1575   1
c  1526   -1   1626   1
c  1478   -1   1527   1
c  1478   -1   1629   1
c  1429   -1   1378   1
c  1429   -1   1328   1
c  1479   -1   1528   1
c  1479   -1   1477   1
c  1528   -1   1577   1
c  1528   -1   1576   1
c  1529   -1   1580   1
c  1529   -1   1527   1
c  1627   -1   1728   1
c  1627   -1   1679   1
c  1578   -1   1627   1
c  1578   -1   1478   1
c  1626   -1   1577   1
c  1626   -1   1578   1
c  1677   -1   1626   1
c  1677   -1   1625   1
c  1236   -1   1284   1
c  1236   -1   1283   1
c  1187   -1   1236   1
c  1286   -1   1284   1
c  1286   -1   1337   1
c  1335   -1   1384   1
c  1335   -1   1236   1
c  446   -1   495   1
c  446   -1   393   1
c  944   -1   946   1
c  944   -1   995   1
c  895   -1   995   1
c  895   -1   944   1
c  994   -1   1043   1
c  994   -1   894   1
c  945   -1   1045   1
c  995   -1   946   1
c  745   -1   646   1
c  696   -1   745   1
c  696   -1   744   1
c  796   -1   745   1
c  796   -1   744   1
c  795   -1   746   1
c  795   -1   694   1
c  846   -1   897   1
c  846   -1   848   1
c  845   -1   796   1
c  845   -1   797   1
c  496   -1   398   1
c  496   -1   399   1
c  547   -1   496   1
c  547   -1   596   1
c  548   -1   546   1
c  548   -1   649   1
c  497   -1   448   1
c  497   -1   548   1
c  597   -1   548   1
c  597   -1   496   1
c  746   -1   748   1
c  647   -1   698   1
c  647   -1   747   1
c  649   -1   600   1
c  649   -1   698   1
c  1284   -1   1235   1
c  1284   -1   1335   1
c  1283   -1   1332   1
c  1283   -1   1382   1
c  1042   -1   1093   1
c  1042   -1   1094   1
c  1092   -1   1141   1
c  1043   -1   1143   1
c  1044   -1   995   1
c  1044   -1   993   1
c  1189   -1   1138   1
c  1189   -1   1289   1
c  1239   -1   1241   1
c  1190   -1   1239   1
c  1190   -1   1386   1
c  1188   -1   1237   1
c  1188   -1   1287   1
c  1238   -1   1287   1
c  1238   -1   1138   1
c  1141   -1   1189   1
c  1193   -1   1144   1
c  1193   -1   1141   1
c  1243   -1   1192   1
c  1243   -1   1191   1
c  1142   -1   1095   1
c  1143   -1   1092   1
c  1143   -1   1044   1
c  1285   -1   1336   1
c  1285   -1   1287   1
c  1334   -1   1385   1
c  1334   -1   1386   1
c  1333   -1   1382   1
c  1333   -1   1433   1
c  447   -1   347   1
c  447   -1   549   1
c  348   -1   297   1
c  150   -1   148   1
c  50   -1   99   1
c  50   -1   148   1
c  349   -1   298   1
c  349   -1   449   1
c  300   -1   199   1
c  250   -1   299   1
c  250   -1   199   1
c  398   -1   447   1
c  398   -1   449   1
c  498   -1   547   1
c  498   -1   549   1
c  449   -1   498   1
c  449   -1   549   1
c  350   -1   299   1
c  350   -1   250   1
c  397   -1   348   1
c  397   -1   299   1
c  399   -1   397   1
c  399   -1   499   1
c  2151   -1   2202   1
c  2151   -1   2203   1
c  2202   -1   2251   1
c  2202   -1   2303   1
c  2253   -1   2202   1
c  2253   -1   2152   1
c  2203   -1   2201   1
c  2203   -1   2252   1
c  2201   -1   2353   1
c  2201   -1   2403   1
c  1430   -1   1479   1
c  1430   -1   1432   1
c  1431   -1   1429   1
c  1431   -1   1479   1
c  1381   -1   1481   1
c  1383   -1   1332   1
c  1383   -1   1432   1
c  1432   -1   1483   1
c  1432   -1   1533   1
c  2018   -1   2067   1
c  2018   -1   2118   1
c  2020   -1   1971   1
c  2020   -1   1972   1
c  1970   -1   1870   1
c  1970   -1   2019   1
c  2067   -1   2118   1
c  2067   -1   2119   1
c  2169   -1   2218   1
c  2169   -1   2217   1
c  2120   -1   2171   1
c  2120   -1   2220   1
c  2121   -1   2119   1
c  2121   -1   2070   1
c  2219   -1   2268   1
c  2219   -1   2267   1
c  2220   -1   2222   1
c  2220   -1   2070   1
c  2123   -1   2070   1
c  2072   -1   2123   1
c  2072   -1   2023   1
c  2122   -1   2124   1
c  2122   -1   2174   1
c  2021   -1   2072   1
c  2021   -1   1922   1
c  1922   -1   1874   1
c  2117   -1   2115   1
c  2117   -1   2114   1
c  2167   -1   2216   1
c  2167   -1   2067   1
c  2218   -1   2167   1
c  2218   -1   2067   1
c  2217   -1   2268   1
c  2217   -1   2219   1
c  2116   -1   2114   1
c  2116   -1   2165   1
c  2165   -1   2216   1
c  2165   -1   2217   1
c  2215   -1   2115   1
c  2215   -1   2264   1
c  2164   -1   2113   1
c  2164   -1   2216   1
c  1822   -1   1922   1
c  1822   -1   1771   1
c  1971   -1   2022   1
c  1971   -1   1924   1
c  1873   -1   1973   1
c  1873   -1   1974   1
c  1973   -1   2024   1
c  1973   -1   2073   1
c  1924   -1   1875   1
c  1924   -1   1873   1
c  1872   -1   1874   1
c  1872   -1   1923   1
c  2023   -1   2074   1
c  2023   -1   1923   1
c  1920   -1   1872   1
c  1920   -1   1772   1
c  1871   -1   1920   1
c  1871   -1   1873   1
c  1972   -1   1974   1
c  1972   -1   2024   1
c  2160   -1   2213   1
c  2160   -1   2106   1
c  2211   -1   2162   1
c  2211   -1   2160   1
c  2212   -1   2161   1
c  2212   -1   2312   1
c  2214   -1   2265   1
c  2214   -1   2161   1
c  2209   -1   2158   1
c  2209   -1   2207   1
c  2210   -1   2259   1
c  2210   -1   2261   1
c  2258   -1   2209   1
c  2258   -1   2410   1
c  2205   -1   2154   1
c  2205   -1   2156   1
c  2208   -1   2155   1
c  2256   -1   2204   1
c  2256   -1   2154   1
c  2306   -1   2355   1
c  2306   -1   2206   1
c  2204   -1   2253   1
c  2204   -1   2255   1
c  2207   -1   2156   1
c  2207   -1   2407   1
c  2255   -1   2203   1
c  2255   -1   2202   1
c  2357   -1   2406   1
c  2357   -1   2305   1
c  2213   -1   2162   1
c  2213   -1   2112   1
c  2166   -1   2117   1
c  2166   -1   2217   1
c  1824   -1   1924   1
c  1824   -1   1822   1
c  1774   -1   1674   1
c  1774   -1   1723   1
c  1675   -1   1726   1
c  1675   -1   1724   1
c  1775   -1   1675   1
c  1775   -1   1772   1
c  1876   -1   1878   1
c  1876   -1   1776   1
c  1725   -1   1776   1
c  1725   -1   1824   1
c  1680   -1   1729   1
c  1680   -1   1731   1
c  1480   -1   1529   1
c  1480   -1   1478   1
c  1629   -1   1676   1
c  1629   -1   1675   1
c  1481   -1   1479   1
c  1481   -1   1532   1
c  1580   -1   1578   1
c  1580   -1   1479   1
c  1531   -1   1580   1
c  1531   -1   1479   1
c  1579   -1   1627   1
c  1579   -1   1481   1
c  1530   -1   1481   1
c  1530   -1   1630   1
c  1628   -1   1677   1
c  1628   -1   1728   1
c  1728   -1   1679   1
c  1728   -1   1578   1
c  1679   -1   1630   1
c  1679   -1   1632   1
c  1676   -1   1776   1
c  1676   -1   1727   1
c  1727   -1   1776   1
c  1727   -1   1827   1
c  1678   -1   1729   1
c  1678   -1   1727   1
c  1726   -1   1677   1
c  1726   -1   1777   1
c  1237   -1   1288   1
c  1237   -1   1289   1
c  1439   -1   1336   1
c  1439   -1   1236   1
c  1287   -1   1336   1
c  1287   -1   1385   1
c  1337   -1   1288   1
c  1337   -1   1487   1
c  1385   -1   1434   1
c  1385   -1   1283   1
c  1386   -1   1335   1
c  1386   -1   1435   1
c  1384   -1   1433   1
c  1384   -1   1483   1
c  946   -1   897   1
c  896   -1   948   1
c  896   -1   995   1
c  897   -1   895   1
c  897   -1   796   1
c  1146   -1   896   1
c  1146   -1   895   1
c  996   -1   947   1
c  996   -1   1045   1
c  1095   -1   1044   1
c  1095   -1   995   1
c  1096   -1   1045   1
c  1096   -1   995   1
c  697   -1   597   1
c  697   -1   548   1
c  648   -1   599   1
c  648   -1   696   1
c  797   -1   748   1
c  797   -1   698   1
c  847   -1   896   1
c  847   -1   947   1
c  848   -1   899   1
c  848   -1   799   1
c  598   -1   699   1
c  598   -1   749   1
c  549   -1   600   1
c  549   -1   698   1
c  499   -1   548   1
c  747   -1   847   1
c  747   -1   698   1
c  698   -1   746   1
c  748   -1   847   1
c  748   -1   647   1
c  599   -1   650   1
c  599   -1   700   1
c  699   -1   748   1
c  699   -1   648   1
c  650   -1   550   1
c  600   -1   498   1
c  1093   -1   1144   1
c  1093   -1   1142   1
c  1094   -1   1142   1
c  1094   -1   1097   1
c  1192   -1   1092   1
c  1192   -1   1093   1
c  1240   -1   1189   1
c  1240   -1   1440   1
c  1289   -1   1291   1
c  1289   -1   1342   1
c  1191   -1   1240   1
c  1191   -1   1239   1
c  1241   -1   1192   1
c  1241   -1   1190   1
c  1288   -1   1339   1
c  1288   -1   1340   1
c  1194   -1   1245   1
c  1194   -1   1243   1
c  1144   -1   1095   1
c  1144   -1   1096   1
c  1242   -1   1291   1
c  1242   -1   1191   1
c  1293   -1   1194   1
c  1244   -1   1195   1
c  1244   -1   1143   1
c  1294   -1   1243   1
c  1294   -1   1292   1
c  1290   -1   1341   1
c  1290   -1   1142   1
c  1433   -1   1334   1
c  1433   -1   1485   1
c  400   -1   449   1
c  400   -1   349   1
c  450   -1   550   1
c  450   -1   549   1
c  500   -1   449   1
c  500   -1   400   1
c  550   -1   599   1
c  550   -1   449   1
c  2252   -1   2303   1
c  2252   -1   2301   1
c  2301   -1   2202   1
c  2251   -1   2253   1
c  2303   -1   2355   1
c  2303   -1   2405   1
c  2254   -1   2203   1
c  2254   -1   2302   1
c  2302   -1   2251   1
c  2302   -1   2203   1
c  2353   -1   2356   1
c  2353   -1   2307   1
c  2403   -1   2454   1
c  2403   -1   2405   1
c  1482   -1   1531   1
c  1482   -1   1533   1
c  1532   -1   1432   1
c  1532   -1   1483   1
c  1584   -1   1633   1
c  1584   -1   1432   1
c  1483   -1   1534   1
c  1483   -1   1583   1
c  1533   -1   1584   1
c  1533   -1   1484   1
c  2170   -1   2121   1
c  2170   -1   2221   1
c  2172   -1   2169   1
c  2172   -1   2219   1
c  2171   -1   2272   1
c  2221   -1   2270   1
c  2221   -1   2121   1
c  2269   -1   2320   1
c  2269   -1   2220   1
c  2268   -1   2368   1
c  2268   -1   2418   1
c  2267   -1   2318   1
c  2267   -1   2316   1
c  2270   -1   2321   1
c  2270   -1   2171   1
c  2222   -1   2173   1
c  2222   -1   2273   1
c  2073   -1   2122   1
c  2073   -1   2171   1
c  2173   -1   2122   1
c  2173   -1   2076   1
c  2124   -1   2224   1
c  2124   -1   2324   1
c  2223   -1   2174   1
c  2223   -1   2123   1
c  2022   -1   1973   1
c  2022   -1   1922   1
c  2272   -1   2172   1
c  2272   -1   2122   1
c  2174   -1   2074   1
c  1874   -1   1774   1
c  1874   -1   1775   1
c  2216   -1   2267   1
c  2265   -1   2314   1
c  2265   -1   2313   1
c  2315   -1   2215   1
c  2261   -1   2214   1
c  2261   -1   2215   1
c  2264   -1   2315   1
c  2264   -1   2363   1
c  1974   -1   2075   1
c  1974   -1   2077   1
c  2025   -1   1974   1
c  2025   -1   1973   1
c  2024   -1   1925   1
c  1925   -1   1974   1
c  1925   -1   1927   1
c  1975   -1   1924   1
c  1975   -1   2024   1
c  1875   -1   1926   1
c  1875   -1   1927   1
c  2074   -1   2025   1
c  2074   -1   2125   1
c  2262   -1   2311   1
c  2262   -1   2412   1
c  2263   -1   2312   1
c  2263   -1   2212   1
c  2312   -1   2411   1
c  2312   -1   2408   1
c  2259   -1   2310   1
c  2259   -1   2308   1
c  2260   -1   2209   1
c  2260   -1   2208   1
c  2257   -1   2308   1
c  2257   -1   2208   1
c  2308   -1   2359   1
c  2308   -1   2360   1
c  2309   -1   2258   1
c  2309   -1   2307   1
c  2359   -1   2258   1
c  2410   -1   2359   1
c  2410   -1   2361   1
c  2307   -1   2205   1
c  2305   -1   2254   1
c  2305   -1   2307   1
c  2356   -1   2254   1
c  2356   -1   2403   1
c  2355   -1   2404   1
c  2355   -1   2403   1
c  2304   -1   2204   1
c  2304   -1   2255   1
c  2407   -1   2456   1
c  2407   -1   2356   1
c  2358   -1   2307   1
c  2358   -1   2310   1
c  2408   -1   2357   1
c  2408   -1   2410   1
c  2406   -1   2457   1
c  2406   -1   2358   1
c  1825   -1   1776   1
c  1825   -1   1725   1
c  1776   -1   1778   1
c  1776   -1   1779   1
c  1826   -1   1877   1
c  1826   -1   1775   1
c  1926   -1   1977   1
c  1926   -1   1974   1
c  1877   -1   1926   1
c  1777   -1   1826   1
c  1777   -1   1876   1
c  1927   -1   1978   1
c  1927   -1   1876   1
c  1878   -1   1927   1
c  1878   -1   1829   1
c  1630   -1   1581   1
c  1630   -1   1579   1
c  1730   -1   1781   1
c  1730   -1   1681   1
c  1681   -1   1683   1
c  1681   -1   1732   1
c  1729   -1   1778   1
c  1731   -1   1729   1
c  1731   -1   1679   1
c  1581   -1   1532   1
c  1581   -1   1482   1
c  1778   -1   1780   1
c  1632   -1   1732   1
c  1632   -1   1581   1
c  1827   -1   1776   1
c  1827   -1   1778   1
c  1389   -1   1438   1
c  1438   -1   1487   1
c  1438   -1   1440   1
c  1489   -1   1440   1
c  1489   -1   1438   1
c  1440   -1   1590   1
c  1388   -1   1439   1
c  1388   -1   1287   1
c  1390   -1   1439   1
c  1390   -1   1490   1
c  1490   -1   1439   1
c  1436   -1   1336   1
c  1436   -1   1385   1
c  1387   -1   1438   1
c  1387   -1   1486   1
c  1338   -1   1389   1
c  1338   -1   1387   1
c  1487   -1   1436   1
c  1487   -1   1489   1
c  1435   -1   1384   1
c  1435   -1   1486   1
c  1485   -1   1385   1
c  1434   -1   1485   1
c  947   -1   998   1
c  948   -1   899   1
c  948   -1   849   1
c  898   -1   949   1
c  898   -1   947   1
c  997   -1   897   1
c  997   -1   1098   1
c  1145   -1   1196   1
c  1145   -1   1194   1
c  1196   -1   1245   1
c  1196   -1   1198   1
c  1147   -1   1145   1
c  1147   -1   1195   1
c  1046   -1   1095   1
c  1046   -1   997   1
c  1097   -1   1149   1
c  798   -1   847   1
c  798   -1   747   1
c  849   -1   949   1
c  899   -1   950   1
c  899   -1   800   1
c  799   -1   698   1
c  749   -1   698   1
c  749   -1   700   1
c  700   -1   600   1
c  750   -1   799   1
c  750   -1   699   1
c  1342   -1   1242   1
c  1342   -1   1192   1
c  1339   -1   1290   1
c  1339   -1   1240   1
c  1292   -1   1290   1
c  1292   -1   1240   1
c  1291   -1   1293   1
c  1340   -1   1291   1
c  1340   -1   1342   1
c  1195   -1   1197   1
c  1195   -1   1198   1
c  1245   -1   1145   1
c  1343   -1   1392   1
c  1343   -1   1292   1
c  1344   -1   1395   1
c  1344   -1   1445   1
c  1295   -1   1344   1
c  1295   -1   1394   1
c  1393   -1   1342   1
c  1393   -1   1294   1
c  1341   -1   1392   1
c  1341   -1   1395   1
c  2351   -1   2402   1
c  2351   -1   2452   1
c  2401   -1   2352   1
c  2401   -1   2303   1
c  2405   -1   2454   1
c  2405   -1   2456   1
c  2352   -1   2403   1
c  2352   -1   2452   1
c  2354   -1   2405   1
c  2354   -1   2403   1
c  2453   -1   2353   1
c  2404   -1   2353   1
c  2402   -1   2453   1
c  2451   -1   2402   1
c  2451   -1   2403   1
c  2454   -1   2456   1
c  1582   -1   1633   1
c  1582   -1   1634   1
c  1534   -1   1583   1
c  1534   -1   1634   1
c  1583   -1   1585   1
c  1583   -1   1631   1
c  1634   -1   1585   1
c  1634   -1   1685   1
c  1585   -1   1485   1
c  1585   -1   1536   1
c  1535   -1   1584   1
c  1633   -1   1684   1
c  1484   -1   1535   1
c  1484   -1   1585   1
c  2271   -1   2222   1
c  2271   -1   2172   1
c  2319   -1   2270   1
c  2320   -1   2318   1
c  2320   -1   2268   1
c  2318   -1   2369   1
c  2318   -1   2417   1
c  2368   -1   2319   1
c  2368   -1   2320   1
c  2418   -1   2467   1
c  2418   -1   2469   1
c  2266   -1   2365   1
c  2266   -1   2415   1
c  2317   -1   2368   1
c  2317   -1   2319   1
c  2316   -1   2265   1
c  2316   -1   2367   1
c  2321   -1   2372   1
c  2321   -1   2422   1
c  2273   -1   2322   1
c  2224   -1   2173   1
c  2224   -1   2273   1
c  2076   -1   2127   1
c  2076   -1   1977   1
c  2125   -1   2174   1
c  2324   -1   2373   1
c  2324   -1   2375   1
c  2276   -1   2223   1
c  2322   -1   2373   1
c  2322   -1   2424   1
c  2323   -1   2372   1
c  2323   -1   2272   1
c  2175   -1   2275   1
c  2175   -1   2276   1
c  2225   -1   2276   1
c  2225   -1   2174   1
c  2314   -1   2363   1
c  2314   -1   2262   1
c  2313   -1   2362   1
c  2313   -1   2413   1
c  2365   -1   2416   1
c  2365   -1   2367   1
c  2364   -1   2413   1
c  2364   -1   2315   1
c  2415   -1   2315   1
c  2415   -1   2366   1
c  2416   -1   2418   1
c  2416   -1   2315   1
c  2311   -1   2360   1
c  2311   -1   2410   1
c  2363   -1   2312   1
c  2363   -1   2414   1
c  2075   -1   2024   1
c  2077   -1   2028   1
c  2077   -1   2128   1
c  2026   -1   2126   1
c  2026   -1   2075   1
c  1976   -1   2025   1
c  1976   -1   2075   1
c  1928   -1   1926   1
c  1928   -1   1925   1
c  2412   -1   2461   1
c  2412   -1   2463   1
c  2362   -1   2364   1
c  2411   -1   2462   1
c  2411   -1   2463   1
c  2310   -1   2359   1
c  2310   -1   2361   1
c  2455   -1   2406   1
c  2455   -1   2308   1
c  2360   -1   2411   1
c  2360   -1   2412   1
c  2409   -1   2460   1
c  2409   -1   2407   1
c  2460   -1   2411   1
c  2459   -1   2408   1
c  2459   -1   2410   1
c  2361   -1   2412   1
c  2361   -1   2462   1
c  2456   -1   2356   1
c  2457   -1   2404   1
c  2458   -1   2456   1
c  2458   -1   2407   1
c  1779   -1   1828   1
c  1779   -1   1830   1
c  1977   -1   2028   1
c  1977   -1   2078   1
c  1828   -1   1777   1
c  1828   -1   1877   1
c  1978   -1   2029   1
c  1978   -1   1929   1
c  1879   -1   1928   1
c  1879   -1   1828   1
c  1829   -1   1729   1
c  1829   -1   1881   1
c  1631   -1   1682   1
c  1631   -1   1683   1
c  1780   -1   1829   1
c  1780   -1   1630   1
c  1781   -1   1783   1
c  1781   -1   1882   1
c  1682   -1   1733   1
c  1682   -1   1734   1
c  1683   -1   1732   1
c  1683   -1   1784   1
c  1732   -1   1781   1
c  1732   -1   1832   1
c  1782   -1   1731   1
c  1782   -1   1831   1
c  1932   -1   1981   1
c  1932   -1   1731   1
c  1830   -1   1778   1
c  1437   -1   1388   1
c  1437   -1   1488   1
c  1488   -1   1539   1
c  1488   -1   1588   1
c  1537   -1   1488   1
c  1537   -1   1438   1
c  1539   -1   1591   1
c  1539   -1   1641   1
c  1441   -1   1390   1
c  1441   -1   1490   1
c  1536   -1   1388   1
c  1536   -1   1440   1
c  1590   -1   1641   1
c  1590   -1   1639   1
c  1391   -1   1340   1
c  1391   -1   1343   1
c  1540   -1   1491   1
c  1540   -1   1492   1
c  1491   -1   1542   1
c  1491   -1   1391   1
c  1486   -1   1484   1
c  1486   -1   1434   1
c  998   -1   1047   1
c  949   -1   1000   1
c  949   -1   998   1
c  999   -1   948   1
c  999   -1   1050   1
c  1100   -1   948   1
c  1047   -1   1098   1
c  1047   -1   1198   1
c  1098   -1   1198   1
c  1098   -1   1147   1
c  1246   -1   1197   1
c  1246   -1   1198   1
c  1197   -1   1249   1
c  1197   -1   1250   1
c  1198   -1   1249   1
c  1198   -1   1247   1
c  1148   -1   1097   1
c  1148   -1   1099   1
c  1048   -1   999   1
c  1048   -1   1097   1
c  1149   -1   1200   1
c  1149   -1   1198   1
c  800   -1   798   1
c  800   -1   849   1
c  850   -1   949   1
c  850   -1   798   1
c  950   -1   849   1
c  900   -1   949   1
c  900   -1   1000   1
c  1392   -1   1443   1
c  1442   -1   1393   1
c  1442   -1   1343   1
c  1394   -1   1396   1
c  1394   -1   1445   1
c  1345   -1   1347   1
c  1345   -1   1444   1
c  1395   -1   1346   1
c  1395   -1   1295   1
c  1445   -1   1494   1
c  1445   -1   1447   1
c  1296   -1   1345   1
c  1296   -1   1496   1
c  1347   -1   1295   1
c  1443   -1   1494   1
c  1443   -1   1495   1
c  2452   -1   2401   1
c  1733   -1   1633   1
c  1733   -1   1583   1
c  1684   -1   1733   1
c  1635   -1   1535   1
c  1635   -1   1637   1
c  1685   -1   1683   1
c  1685   -1   1736   1
c  1586   -1   1635   1
c  1586   -1   1589   1
c  2369   -1   2418   1
c  2369   -1   2320   1
c  2370   -1   2419   1
c  2370   -1   2418   1
c  2419   -1   2320   1
c  2417   -1   2468   1
c  2417   -1   2365   1
c  2367   -1   2369   1
c  2367   -1   2419   1
c  2366   -1   2417   1
c  2366   -1   2368   1
c  2466   -1   2367   1
c  2466   -1   2368   1
c  2469   -1   2368   1
c  2468   -1   2466   1
c  2467   -1   2416   1
c  2467   -1   2465   1
c  2371   -1   2373   1
c  2371   -1   2423   1
c  2372   -1   2421   1
c  2422   -1   2473   1
c  2422   -1   2424   1
c  2274   -1   2276   1
c  2274   -1   2226   1
c  2373   -1   2375   1
c  2373   -1   2273   1
c  2472   -1   2273   1
c  2226   -1   2224   1
c  2226   -1   2275   1
c  2325   -1   2274   1
c  2325   -1   2224   1
c  2126   -1   2077   1
c  2126   -1   2128   1
c  2027   -1   2076   1
c  2027   -1   2125   1
c  2127   -1   2227   1
c  2127   -1   2178   1
c  2374   -1   2323   1
c  2374   -1   2423   1
c  2424   -1   2373   1
c  2424   -1   2324   1
c  2375   -1   2474   1
c  2375   -1   2473   1
c  2275   -1   2176   1
c  2326   -1   2428   1
c  2326   -1   2429   1
c  2277   -1   2226   1
c  2277   -1   2225   1
c  2328   -1   2277   1
c  2328   -1   2276   1
c  2176   -1   2127   1
c  2176   -1   2128   1
c  2464   -1   2415   1
c  2464   -1   2314   1
c  2413   -1   2411   1
c  2414   -1   2412   1
c  2414   -1   2463   1
c  2465   -1   2416   1
c  2465   -1   2414   1
c  2463   -1   2363   1
c  2461   -1   2363   1
c  2078   -1   2129   1
c  2078   -1   2127   1
c  2128   -1   2130   1
c  2128   -1   2080   1
c  1929   -1   2029   1
c  1929   -1   1980   1
c  2462   -1   2464   1
c  1979   -1   2028   1
c  1979   -1   2030   1
c  2029   -1   2129   1
c  2029   -1   2080   1
c  1880   -1   1931   1
c  1880   -1   1831   1
c  1881   -1   1830   1
c  1881   -1   1879   1
c  1931   -1   1830   1
c  1931   -1   1829   1
c  1832   -1   1881   1
c  1832   -1   1780   1
c  1831   -1   1833   1
c  1831   -1   1834   1
c  1783   -1   1683   1
c  1882   -1   1933   1
c  1882   -1   1880   1
c  1734   -1   1685   1
c  1734   -1   1783   1
c  1784   -1   1835   1
c  1784   -1   1836   1
c  1833   -1   1782   1
c  1833   -1   1732   1
c  1982   -1   2034   1
c  1982   -1   1882   1
c  1933   -1   1881   1
c  1983   -1   1932   1
c  1983   -1   1981   1
c  1981   -1   2032   1
c  1981   -1   1881   1
c  1538   -1   1536   1
c  1538   -1   1587   1
c  1588   -1   1539   1
c  1588   -1   1590   1
c  1587   -1   1687   1
c  1637   -1   1537   1
c  1637   -1   1686   1
c  1589   -1   1689   1
c  1589   -1   1739   1
c  1591   -1   1640   1
c  1591   -1   1639   1
c  1641   -1   1692   1
c  1641   -1   1694   1
c  1640   -1   1691   1
c  1640   -1   1541   1
c  1639   -1   1637   1
c  1639   -1   1687   1
c  1541   -1   1642   1
c  1541   -1   1643   1
c  1492   -1   1543   1
c  1492   -1   1392   1
c  1542   -1   1392   1
c  1049   -1   998   1
c  1049   -1   1100   1
c  1000   -1   1049   1
c  1050   -1   1099   1
c  1050   -1   1098   1
c  1099   -1   1048   1
c  1099   -1   1047   1
c  1150   -1   1249   1
c  1150   -1   1299   1
c  1247   -1   1149   1
c  1248   -1   1246   1
c  1249   -1   1300   1
c  1249   -1   1349   1
c  1250   -1   1299   1
c  1250   -1   1248   1
c  1199   -1   1150   1
c  1199   -1   1248   1
c  1299   -1   1248   1
c  1299   -1   1198   1
c  1448   -1   1397   1
c  1448   -1   1149   1
c  1200   -1   1249   1
c  1200   -1   1298   1
c  1493   -1   1442   1
c  1493   -1   1542   1
c  1444   -1   1395   1
c  1444   -1   1495   1
c  1396   -1   1447   1
c  1396   -1   1297   1
c  1346   -1   1444   1
c  1446   -1   1395   1
c  1446   -1   1345   1
c  1447   -1   1398   1
c  1447   -1   1395   1
c  1495   -1   1544   1
c  1496   -1   1445   1
c  1496   -1   1595   1
c  1494   -1   1543   1
c  1494   -1   1593   1
c  1297   -1   1348   1
c  1297   -1   1346   1
c  1397   -1   1346   1
c  1348   -1   1399   1
c  1348   -1   1397   1
c  1298   -1   1347   1
c  1298   -1   1346   1
c  1785   -1   1685   1
c  1785   -1   1684   1
c  1636   -1   1687   1
c  1636   -1   1737   1
c  1735   -1   1635   1
c  1735   -1   1636   1
c  1686   -1   1635   1
c  1686   -1   1739   1
c  1736   -1   1738   1
c  1736   -1   1788   1
c  2470   -1   2370   1
c  2470   -1   2369   1
c  2420   -1   2471   1
c  2420   -1   2372   1
c  2421   -1   2370   1
c  2421   -1   2472   1
c  2471   -1   2422   1
c  2471   -1   2371   1
c  2423   -1   2472   1
c  2473   -1   2471   1
c  2473   -1   2374   1
c  2474   -1   2374   1
c  2474   -1   2274   1
c  2227   -1   2176   1
c  2227   -1   2278   1
c  2376   -1   2325   1
c  2376   -1   2425   1
c  2177   -1   2228   1
c  2177   -1   2126   1
c  2129   -1   2127   1
c  2129   -1   2126   1
c  2178   -1   2229   1
c  2178   -1   2227   1
c  2425   -1   2326   1
c  2475   -1   2375   1
c  2475   -1   2376   1
c  2426   -1   2375   1
c  2426   -1   2477   1
c  2327   -1   2329   1
c  2327   -1   2427   1
c  2428   -1   2479   1
c  2428   -1   2377   1
c  2429   -1   2378   1
c  2429   -1   2328   1
c  2278   -1   2327   1
c  2378   -1   2427   1
c  2378   -1   2280   1
c  2329   -1   2378   1
c  2329   -1   2380   1
c  2228   -1   2328   1
c  2228   -1   2279   1
c  2377   -1   2328   1
c  2377   -1   2278   1
c  2079   -1   2128   1
c  2079   -1   2081   1
c  2179   -1   2128   1
c  2179   -1   2228   1
c  2130   -1   2179   1
c  2130   -1   2031   1
c  2080   -1   2131   1
c  2080   -1   2082   1
c  1930   -1   1981   1
c  1930   -1   1979   1
c  1980   -1   2080   1
c  1980   -1   2029   1
c  2031   -1   2082   1
c  2031   -1   1979   1
c  2030   -1   1981   1
c  2030   -1   1982   1
c  1883   -1   1832   1
c  1883   -1   1831   1
c  1834   -1   1885   1
c  1834   -1   1935   1
c  1835   -1   1786   1
c  1835   -1   1735   1
c  1836   -1   1789   1
c  1836   -1   1840   1
c  2032   -1   2081   1
c  2032   -1   2080   1
c  2033   -1   1982   1
c  2033   -1   1981   1
c  2132   -1   2081   1
c  2132   -1   1982   1
c  2034   -1   1983   1
c  1934   -1   2034   1
c  1934   -1   1983   1
c  1884   -1   1933   1
c  1884   -1   1983   1
c  1984   -1   2033   1
c  1984   -1   2132   1
c  1638   -1   1687   1
c  1638   -1   1686   1
c  1687   -1   1738   1
c  1688   -1   1637   1
c  1688   -1   1739   1
c  1689   -1   1789   1
c  1689   -1   1738   1
c  1739   -1   1790   1
c  1739   -1   1737   1
c  1592   -1   1594   1
c  1592   -1   1595   1
c  1691   -1   1740   1
c  1691   -1   1790   1
c  1642   -1   1691   1
c  1642   -1   1742   1
c  1692   -1   1690   1
c  1694   -1   1794   1
c  1694   -1   1893   1
c  1690   -1   1739   1
c  1690   -1   1738   1
c  1741   -1   1792   1
c  1741   -1   1639   1
c  1543   -1   1541   1
c  1593   -1   1542   1
c  1593   -1   1541   1
c  1643   -1   1743   1
c  1643   -1   1692   1
c  1300   -1   1298   1
c  1300   -1   1349   1
c  1349   -1   1400   1
c  1350   -1   1299   1
c  1350   -1   1399   1
c  1498   -1   1549   1
c  1498   -1   1299   1
c  1398   -1   1298   1
c  1398   -1   1297   1
c  1449   -1   1398   1
c  1449   -1   1348   1
c  1399   -1   1448   1
c  1399   -1   1450   1
c  1546   -1   1544   1
c  1546   -1   1446   1
c  1497   -1   1546   1
c  1497   -1   1596   1
c  1547   -1   1447   1
c  1547   -1   1648   1
c  1545   -1   1543   1
c  1545   -1   1594   1
c  1544   -1   1645   1
c  1544   -1   1647   1
c  1596   -1   1645   1
c  1596   -1   1496   1
c  1595   -1   1546   1
c  1595   -1   1547   1
c  1786   -1   1737   1
c  1786   -1   1687   1
c  1737   -1   1688   1
c  1737   -1   1689   1
c  1788   -1   1737   1
c  1788   -1   1688   1
c  2476   -1   2474   1
c  2229   -1   2231   1
c  2229   -1   2280   1
c  2427   -1   2478   1
c  2427   -1   2476   1
c  2480   -1   2478   1
c  2480   -1   2426   1
c  2477   -1   2428   1
c  2478   -1   2429   1
c  2478   -1   2430   1
c  2479   -1   2431   1
c  2379   -1   2330   1
c  2379   -1   2229   1
c  2430   -1   2432   1
c  2430   -1   2479   1
c  2380   -1   2429   1
c  2279   -1   2330   1
c  2280   -1   2231   1
c  2280   -1   2380   1
c  2330   -1   2281   1
c  2330   -1   2382   1
c  2081   -1   2130   1
c  2081   -1   2180   1
c  2180   -1   2229   1
c  2180   -1   2279   1
c  2131   -1   2182   1
c  2131   -1   2180   1
c  2082   -1   2131   1
c  1885   -1   1936   1
c  1885   -1   1934   1
c  1935   -1   1835   1
c  1935   -1   1986   1
c  1887   -1   1987   1
c  1887   -1   1835   1
c  1886   -1   1935   1
c  1886   -1   1934   1
c  1837   -1   1788   1
c  1837   -1   1786   1
c  1787   -1   1836   1
c  1787   -1   1838   1
c  1789   -1   1740   1
c  1789   -1   1741   1
c  1840   -1   1789   1
c  2083   -1   2132   1
c  2083   -1   2086   1
c  2084   -1   2033   1
c  2182   -1   2133   1
c  2182   -1   2184   1
c  2133   -1   2184   1
c  2133   -1   2185   1
c  2232   -1   2132   1
c  2232   -1   2082   1
c  2233   -1   2133   1
c  2233   -1   2132   1
c  2035   -1   2084   1
c  2035   -1   2138   1
c  1985   -1   1936   1
c  1985   -1   2034   1
c  1988   -1   1985   1
c  1988   -1   1934   1
c  1740   -1   1738   1
c  1740   -1   1737   1
c  1790   -1   1839   1
c  1790   -1   1788   1
c  1594   -1   1643   1
c  1594   -1   1645   1
c  1792   -1   1691   1
c  1693   -1   1642   1
c  1693   -1   1644   1
c  1742   -1   1793   1
c  1742   -1   1744   1
c  1644   -1   1695   1
c  1644   -1   1595   1
c  1744   -1   1793   1
c  1744   -1   1843   1
c  1695   -1   1744   1
c  1695   -1   1794   1
c  1794   -1   1842   1
c  1893   -1   1942   1
c  1791   -1   1789   1
c  1791   -1   1840   1
c  1743   -1   1792   1
c  1743   -1   1794   1
c  1400   -1   1449   1
c  1400   -1   1300   1
c  1548   -1   1497   1
c  1548   -1   1599   1
c  1499   -1   1450   1
c  1499   -1   1550   1
c  1450   -1   1498   1
c  1549   -1   1598   1
c  1597   -1   1697   1
c  1597   -1   1650   1
c  1598   -1   1649   1
c  1598   -1   1547   1
c  1797   -1   1848   1
c  1797   -1   1547   1
c  1648   -1   1600   1
c  1645   -1   1696   1
c  1645   -1   1697   1
c  1647   -1   1596   1
c  1647   -1   1698   1
c  1646   -1   1697   1
c  1646   -1   1597   1
c  1848   -1   1596   1
c  1838   -1   1887   1
c  2230   -1   2281   1
c  2231   -1   2282   1
c  2231   -1   2381   1
c  2431   -1   2331   1
c  2431   -1   2482   1
c  2432   -1   2381   1
c  2432   -1   2481   1
c  2381   -1   2481   1
c  2381   -1   2482   1
c  2281   -1   2232   1
c  2281   -1   2279   1
c  2331   -1   2333   1
c  2331   -1   2282   1
c  2382   -1   2331   1
c  2181   -1   2230   1
c  2181   -1   2233   1
c  2282   -1   2333   1
c  2282   -1   2180   1
c  1936   -1   1987   1
c  1936   -1   2086   1
c  1986   -1   1937   1
c  1937   -1   1787   1
c  1888   -1   1988   1
c  1888   -1   1937   1
c  1938   -1   1887   1
c  1938   -1   1889   1
c  1987   -1   1985   1
c  1987   -1   1888   1
c  1839   -1   1888   1
c  1839   -1   1787   1
c  1940   -1   1889   1
c  1940   -1   1789   1
c  1890   -1   1839   1
c  1890   -1   1942   1
c  1841   -1   1941   1
c  1841   -1   1940   1
c  1891   -1   1942   1
c  1891   -1   1840   1
c  2183   -1   2134   1
c  2183   -1   2083   1
c  2136   -1   2036   1
c  2136   -1   2083   1
c  2086   -1   2037   1
c  2086   -1   1987   1
c  2134   -1   2136   1
c  2134   -1   2235   1
c  2085   -1   2087   1
c  2085   -1   1987   1
c  2237   -1   2085   1
c  2237   -1   2084   1
c  2184   -1   2284   1
c  2184   -1   2283   1
c  2185   -1   2234   1
c  2185   -1   2183   1
c  2283   -1   2383   1
c  2283   -1   2332   1
c  2234   -1   2283   1
c  2332   -1   2233   1
c  2285   -1   2234   1
c  2285   -1   2233   1
c  2036   -1   2085   1
c  2036   -1   2087   1
c  2138   -1   2189   1
c  2138   -1   2186   1
c  2038   -1   1989   1
c  2038   -1   2089   1
c  1989   -1   2089   1
c  1989   -1   2139   1
c  2039   -1   1988   1
c  2039   -1   1939   1
c  1842   -1   1742   1
c  1842   -1   1740   1
c  1793   -1   1893   1
c  1793   -1   1943   1
c  1745   -1   1794   1
c  1745   -1   1845   1
c  1843   -1   1794   1
c  1843   -1   1845   1
c  1696   -1   1597   1
c  1696   -1   1749   1
c  1746   -1   1795   1
c  1746   -1   1695   1
c  1844   -1   1892   1
c  1844   -1   1942   1
c  1795   -1   1797   1
c  1795   -1   1849   1
c  1892   -1   1890   1
c  1892   -1   1843   1
c  1943   -1   1994   1
c  1943   -1   1945   1
c  1894   -1   1845   1
c  1894   -1   1945   1
c  1991   -1   1891   1
c  1991   -1   1791   1
c  1550   -1   1400   1
c  1599   -1   1648   1
c  1599   -1   1597   1
c  1500   -1   1549   1
c  1500   -1   1697   1
c  1600   -1   1549   1
c  1600   -1   1649   1
c  1649   -1   1597   1
c  1697   -1   1648   1
c  1697   -1   1895   1
c  1650   -1   1599   1
c  1650   -1   1648   1
c  1747   -1   1796   1
c  1747   -1   1846   1
c  1796   -1   1745   1
c  1796   -1   1696   1
c  1847   -1   1796   1
c  1847   -1   1746   1
c  1798   -1   1698   1
c  1798   -1   1746   1
c  1748   -1   1697   1
c  1748   -1   1797   1
c  1698   -1   1649   1
c  1698   -1   1848   1
c  1800   -1   1849   1
c  1800   -1   1648   1
c  1898   -1   1949   1
c  1898   -1   1947   1
c  1849   -1   1898   1
c  1849   -1   1900   1
c  1845   -1   1848   1
c  1896   -1   1898   1
c  1896   -1   1848   1
c  2433   -1   2382   1
c  2484   -1   2432   1
c  2484   -1   2436   1
c  2383   -1   2381   1
c  2383   -1   2434   1
c  2284   -1   2434   1
c  2284   -1   2281   1
c  2333   -1   2382   1
c  2434   -1   2382   1
c  1889   -1   1941   1
c  1889   -1   1990   1
c  1939   -1   1890   1
c  1939   -1   1841   1
c  2037   -1   2137   1
c  2037   -1   2138   1
c  2087   -1   1987   1
c  1990   -1   1992   1
c  1990   -1   2041   1
c  1941   -1   1943   1
c  1941   -1   2042   1
c  2040   -1   1940   1
c  2040   -1   1939   1
c  1992   -1   1941   1
c  1992   -1   1940   1
c  2042   -1   1990   1
c  2042   -1   1940   1
c  2135   -1   2086   1
c  2135   -1   2038   1
c  2186   -1   2285   1
c  2186   -1   2335   1
c  2137   -1   2086   1
c  2137   -1   2036   1
c  2187   -1   2138   1
c  2187   -1   2136   1
c  2235   -1   2237   1
c  2235   -1   2286   1
c  2236   -1   2285   1
c  2236   -1   2336   1
c  2287   -1   2285   1
c  2287   -1   2335   1
c  2238   -1   2289   1
c  2238   -1   2189   1
c  2286   -1   2237   1
c  2286   -1   2337   1
c  2334   -1   2285   1
c  2334   -1   2283   1
c  2336   -1   2287   1
c  2336   -1   2234   1
c  2335   -1   2435   1
c  2335   -1   2284   1
c  2088   -1   2139   1
c  2088   -1   2137   1
c  2188   -1   2139   1
c  2188   -1   2089   1
c  2139   -1   2090   1
c  2089   -1   2138   1
c  2089   -1   2040   1
c  2189   -1   2187   1
c  2189   -1   2290   1
c  1749   -1   1798   1
c  1749   -1   1800   1
c  1944   -1   1942   1
c  1944   -1   1844   1
c  1846   -1   1895   1
c  1846   -1   1795   1
c  1993   -1   1944   1
c  1993   -1   1946   1
c  1994   -1   1945   1
c  1994   -1   1992   1
c  1945   -1   1996   1
c  1945   -1   1947   1
c  1895   -1   1995   1
c  1895   -1   1944   1
c  2041   -1   2043   1
c  2041   -1   1941   1
c  2090   -1   1990   1
c  2090   -1   1991   1
c  1699   -1   1748   1
c  1699   -1   1800   1
c  1700   -1   1749   1
c  1700   -1   1748   1
c  1897   -1   1946   1
c  1897   -1   1948   1
c  1799   -1   1699   1
c  1850   -1   1799   1
c  1850   -1   1798   1
c  1750   -1   1799   1
c  1750   -1   1699   1
c  1948   -1   1997   1
c  1948   -1   2047   1
c  1899   -1   1950   1
c  1899   -1   1999   1
c  1949   -1   1947   1
c  1949   -1   2049   1
c  1947   -1   1896   1
c  1950   -1   1849   1
c  1900   -1   1949   1
c  1946   -1   1997   1
c  2483   -1   2434   1
c  2483   -1   2384   1
c  2384   -1   2433   1
c  2384   -1   2435   1
c  2435   -1   2484   1
c  2435   -1   2433   1
c  2436   -1   2434   1
c  2436   -1   2433   1
c  2485   -1   2483   1
c  2485   -1   2434   1
c  2385   -1   2383   1
c  2385   -1   2434   1
c  2437   -1   2435   1
c  2437   -1   2434   1
c  2092   -1   2041   1
c  2092   -1   1941   1
c  2043   -1   2045   1
c  2043   -1   2094   1
c  2337   -1   2236   1
c  2288   -1   2286   1
c  2288   -1   2336   1
c  2239   -1   2339   1
c  2239   -1   2337   1
c  2289   -1   2389   1
c  2289   -1   2439   1
c  2387   -1   2339   1
c  2387   -1   2286   1
c  2386   -1   2337   1
c  2386   -1   2438   1
c  2140   -1   2142   1
c  2140   -1   2089   1
c  2190   -1   2090   1
c  2190   -1   2139   1
c  2290   -1   2339   1
c  2290   -1   2390   1
c  2044   -1   2095   1
c  2044   -1   2145   1
c  1995   -1   1946   1
c  1995   -1   1998   1
c  2045   -1   1994   1
c  2045   -1   2096   1
c  1996   -1   2045   1
c  2091   -1   2142   1
c  2091   -1   2143   1
c  2141   -1   2090   1
c  2141   -1   2190   1
c  1998   -1   1949   1
c  1998   -1   1996   1
c  2048   -1   1948   1
c  2048   -1   2147   1
c  1997   -1   2046   1
c  1997   -1   1995   1
c  2047   -1   2098   1
c  2047   -1   2198   1
c  2050   -1   1949   1
c  2050   -1   1899   1
c  1999   -1   2048   1
c  1999   -1   2098   1
c  2000   -1   1949   1
c  2000   -1   1900   1
c  2049   -1   1998   1
c  2486   -1   2489   1
c  2486   -1   2439   1
c  2487   -1   2387   1
c  2487   -1   2436   1
c  2438   -1   2489   1
c  2438   -1   2338   1
c  2488   -1   2437   1
c  2488   -1   2439   1
c  2142   -1   2191   1
c  2093   -1   2144   1
c  2093   -1   2292   1
c  2192   -1   2141   1
c  2192   -1   2092   1
c  2094   -1   2145   1
c  2094   -1   2146   1
c  2338   -1   2389   1
c  2338   -1   2439   1
c  2240   -1   2340   1
c  2240   -1   2243   1
c  2339   -1   2341   1
c  2388   -1   2339   1
c  2388   -1   2289   1
c  2389   -1   2438   1
c  2439   -1   2390   1
c  2439   -1   2490   1
c  2191   -1   2140   1
c  2340   -1   2389   1
c  2340   -1   2338   1
c  2291   -1   2340   1
c  2291   -1   2339   1
c  2241   -1   2290   1
c  2241   -1   2141   1
c  2390   -1   2341   1
c  2390   -1   2392   1
c  2095   -1   2146   1
c  2145   -1   2194   1
c  2145   -1   2296   1
c  2046   -1   2146   1
c  2046   -1   2147   1
c  2096   -1   2148   1
c  2096   -1   2048   1
c  2143   -1   2094   1
c  2143   -1   2194   1
c  2098   -1   2049   1
c  2097   -1   2048   1
c  2097   -1   2196   1
c  2148   -1   2048   1
c  2147   -1   2096   1
c  2147   -1   2095   1
c  2198   -1   2098   1
c  2100   -1   2200   1
c  2100   -1   2199   1
c  2099   -1   2148   1
c  2099   -1   2046   1
c  2150   -1   2099   1
c  2150   -1   2049   1
c  2489   -1   2389   1
c  2193   -1   2142   1
c  2193   -1   2191   1
c  2144   -1   2193   1
c  2144   -1   2195   1
c  2292   -1   2241   1
c  2292   -1   2243   1
c  2242   -1   2342   1
c  2242   -1   2343   1
c  2243   -1   2192   1
c  2243   -1   2343   1
c  2194   -1   2192   1
c  2146   -1   2195   1
c  2146   -1   2197   1
c  2341   -1   2343   1
c  2341   -1   2293   1
c  2440   -1   2491   1
c  2440   -1   2442   1
c  2490   -1   2391   1
c  2490   -1   2493   1
c  2391   -1   2440   1
c  2391   -1   2491   1
c  2392   -1   2441   1
c  2195   -1   2147   1
c  2244   -1   2144   1
c  2244   -1   2145   1
c  2296   -1   2247   1
c  2296   -1   2395   1
c  2149   -1   2098   1
c  2149   -1   2198   1
c  2196   -1   2245   1
c  2196   -1   2247   1
c  2197   -1   2148   1
c  2197   -1   2248   1
c  2248   -1   2297   1
c  2199   -1   2250   1
c  2199   -1   2248   1
c  2249   -1   2198   1
c  2249   -1   2200   1
c  2200   -1   2149   1
c  2200   -1   2198   1
c  2293   -1   2193   1
c  2293   -1   2144   1
c  2246   -1   2295   1
c  2246   -1   2193   1
c  2342   -1   2391   1
c  2342   -1   2293   1
c  2343   -1   2392   1
c  2343   -1   2391   1
c  2245   -1   2294   1
c  2245   -1   2194   1
c  2441   -1   2492   1
c  2491   -1   2442   1
c  2491   -1   2443   1
c  2442   -1   2393   1
c  2442   -1   2343   1
c  2493   -1   2393   1
c  2493   -1   2444   1
c  2393   -1   2444   1
c  2393   -1   2492   1
c  2492   -1   2392   1
c  2492   -1   2443   1
c  2394   -1   2343   1
c  2394   -1   2392   1
c  2294   -1   2345   1
c  2295   -1   2196   1
c  2346   -1   2446   1
c  2346   -1   2297   1
c  2297   -1   2348   1
c  2297   -1   2398   1
c  2344   -1   2295   1
c  2344   -1   2296   1
c  2347   -1   2398   1
c  2347   -1   2296   1
c  2247   -1   2245   1
c  2395   -1   2344   1
c  2395   -1   2247   1
c  2298   -1   2300   1
c  2298   -1   2200   1
c  2299   -1   2248   1
c  2299   -1   2348   1
c  2398   -1   2447   1
c  2398   -1   2248   1
c  2250   -1   2299   1
c  2250   -1   2349   1
c  2443   -1   2394   1
c  2443   -1   2494   1
c  2494   -1   2445   1
c  2494   -1   2394   1
c  2444   -1   2495   1
c  2444   -1   2446   1
c  2345   -1   2394   1
c  2345   -1   2247   1
c  2348   -1   2346   1
c  2348   -1   2294   1
c  2396   -1   2447   1
c  2396   -1   2445   1
c  2446   -1   2397   1
c  2446   -1   2495   1
c  2397   -1   2448   1
c  2397   -1   2297   1
c  2349   -1   2347   1
c  2349   -1   2297   1
c  2300   -1   2398   1
c  2300   -1   2347   1
c  2445   -1   2496   1
c  2350   -1   2299   1
c  2350   -1   2348   1
c  2448   -1   2399   1
c  2399   -1   2348   1
c  2399   -1   2450   1
c  2496   -1   2498   1
c  2496   -1   2398   1
c  2447   -1   2399   1
c  2447   -1   2450   1
c  2495   -1   2396   1
c  2449   -1   2446   1
c  2400   -1   2449   1
c  2400   -1   2499   1
c  2498   -1   2447   1
c  2498   -1   2399   1
c  2497   -1   2495   1
c  2497   -1   2448   1
c  2499   -1   2448   1
c  2499   -1   2447   1
c  2450   -1   2499   1
c  2450   -1   2448   1
c  2500   -1   2498   1
c  2500   -1   2448   1
r  1   105   153   2
r  51   53   102   2
c  104   -1   1   2
c  153   -1   54   2
c  101   -1   2   2
r  3   51   102   2
r  152   101   204   2
r  54   102   105   2
c  105   -1   53   2
r  5   54   104   2
c  56   -1   53   2
r  202   302   102   2
r  204   51   102   2
c  155   -1   102   2
c  151   -1   252   2
r  253   204   201   2
r  4   55   53   2
c  58   -1   157   2
c  59   -1   57   2
c  258   -1   359   2
c  252   -1   204   2
r  251   202   302   2
c  301   -1   201   2
c  60   -1   108   2
r  10   59   108   2
c  210   -1   162   2
c  160   -1   310   2
c  402   -1   354   2
r  501   403   353   2
r  63   115   161   2
c  362   -1   411   2
c  362   -1   359   2
c  311   -1   265   2
c  163   -1   112   2
c  451   -1   502   2
r  453   552   402   2
c  503   -1   506   2
r  551   602   702   2
c  64   -1   62   2
c  114   -1   65   2
c  458   -1   510   2
c  459   -1   508   2
r  312   411   461   2
r  263   315   214   2
r  553   602   453   2
c  603   -1   654   2
r  601   701   653   2
c  652   -1   751   2
c  701   -1   652   2
c  657   -1   805   2
c  266   -1   264   2
c  66   -1   119   2
r  16   113   67   2
r  415   466   516   2
c  751   -1   702   2
c  703   -1   604   2
c  709   -1   758   2
c  805   -1   904   2
c  755   -1   656   2
c  117   -1   115   2
c  269   -1   272   2
c  269   -1   372   2
c  371   -1   120   2
c  319   -1   270   2
c  173   -1   270   2
c  118   -1   268   2
c  118   -1   219   2
c  70   -1   68   2
c  563   -1   714   2
c  564   -1   465   2
c  661   -1   562   2
c  418   -1   415   2
c  851   -1   951   2
c  853   -1   752   2
c  803   -1   801   2
c  809   -1   960   2
c  804   -1   755   2
c  760   -1   859   2
c  420   -1   319   2
c  323   -1   374   2
r  123   174   74   2
c  273   -1   224   2
c  468   -1   618   2
r  515   415   615   2
c  714   -1   565   2
c  664   -1   565   2
r  567   565   668   2
c  617   -1   566   2
r  903   954   852   2
r  1001   953   1003   2
r  1002   902   1051   2
r  1102   1051   951   2
c  857   -1   906   2
c  958   -1   906   2
r  121   70   172   2
r  422   471   272   2
c  373   -1   425   2
c  373   -1   176   2
c  571   -1   670   2
c  521   -1   621   2
c  73   -1   75   2
c  73   -1   223   2
c  74   -1   25   2
r  177   126   174   2
r  75   24   126   2
c  570   -1   768   2
c  713   -1   762   2
c  715   -1   664   2
c  616   -1   766   2
c  911   -1   811   2
c  718   -1   617   2
c  1003   -1   1152   2
c  1151   -1   902   2
c  1101   -1   953   2
c  1053   -1   1102   2
c  909   -1   856   2
c  1157   -1   1007   2
c  375   -1   275   2
c  621   -1   522   2
c  376   -1   427   2
c  574   -1   625   2
r  27   128   127   2
c  912   -1   1014   2
r  1201   1153   1204   2
c  81   -1   79   2
c  81   -1   226   2
c  575   -1   476   2
c  820   -1   670   2
c  576   -1   629   2
c  577   -1   628   2
c  230   -1   127   2
c  231   -1   282   2
r  78   29   129   2
r  29   82   129   2
c  770   -1   620   2
r  917   1067   1015   2
c  1063   -1   1015   2
c  1112   -1   1115   2
c  1117   -1   1062   2
c  1251   -1   1352   2
c  1203   -1   1352   2
c  1204   -1   1356   2
c  1253   -1   1251   2
c  1257   -1   1206   2
c  1256   -1   1208   2
c  80   -1   83   2
c  131   -1   29   2
c  83   -1   130   2
r  724   776   624   2
c  726   -1   729   2
c  726   -1   730   2
c  530   -1   427   2
c  233   -1   281   2
c  578   -1   728   2
c  679   -1   681   2
r  32   83   130   2
c  966   -1   866   2
c  1065   -1   1013   2
c  1066   -1   1017   2
c  920   -1   872   2
c  1302   -1   1254   2
c  1310   -1   1262   2
c  1310   -1   1161   2
c  1261   -1   1208   2
c  1355   -1   1407   2
c  1457   -1   1405   2
r  33   31   84   2
c  184   -1   186   2
c  434   -1   333   2
c  484   -1   585   2
c  234   -1   132   2
c  831   -1   679   2
c  1266   -1   1264   2
c  1219   -1   1118   2
c  1316   -1   1118   2
c  1169   -1   1216   2
c  1351   -1   1403   2
c  1502   -1   1402   2
r  1404   1304   1452   2
c  1311   -1   1363   2
c  1456   -1   1559   2
c  1021   -1   973   2
c  922   -1   924   2
r  582   631   585   2
r  136   84   85   2
c  236   -1   88   2
c  86   -1   188   2
r  1512   1461   1510   2
c  1365   -1   1414   2
c  1412   -1   1363   2
c  1267   -1   1168   2
c  1171   -1   1168   2
c  1368   -1   1316   2
c  1072   -1   971   2
c  1025   -1   872   2
c  1503   -1   1455   2
c  1602   -1   1554   2
c  1504   -1   1604   2
c  1607   -1   1507   2
c  1073   -1   922   2
c  883   -1   784   2
c  586   -1   535   2
c  587   -1   636   2
c  685   -1   784   2
c  684   -1   583   2
c  387   -1   236   2
c  931   -1   1030   2
c  929   -1   1027   2
r  88   187   189   2
r  1462   1511   1561   2
c  1513   -1   1415   2
r  1414   1465   1315   2
c  1222   -1   1226   2
r  1174   1226   1172   2
c  1470   -1   1369   2
c  1024   -1   923   2
c  1075   -1   1178   2
c  1601   -1   1652   2
r  1701   1752   1803   2
r  1651   1602   1552   2
c  1560   -1   1411   2
c  979   -1   977   2
c  977   -1   879   2
c  884   -1   933   2
c  984   -1   883   2
c  936   -1   834   2
c  389   -1   488   2
c  1081   -1   931   2
c  1029   -1   933   2
c  89   -1   141   2
c  140   -1   191   2
r  90   143   190   2
c  1665   -1   1563   2
c  1465   -1   1615   2
c  1469   -1   1471   2
c  1520   -1   1522   2
c  1516   -1   1420   2
c  1568   -1   1616   2
c  1568   -1   1468   2
c  1654   -1   1752   2
c  888   -1   791   2
c  439   -1   391   2
c  640   -1   589   2
c  1131   -1   1032   2
c  1132   -1   1080   2
c  1133   -1   983   2
r  92   44   41   2
c  192   -1   241   2
c  93   -1   243   2
r  244   193   143   2
c  1661   -1   1713   2
r  1662   1761   1762   2
c  1761   -1   1612   2
c  1714   -1   1564   2
c  1711   -1   1659   2
c  1276   -1   1427   2
c  1229   -1   1226   2
c  1472   -1   1521   2
c  1472   -1   1373   2
c  1473   -1   1374   2
c  1618   -1   1670   2
r  1617   1568   1520   2
c  1567   -1   1618   2
c  1566   -1   1518   2
c  1128   -1   1179   2
c  1228   -1   1277   2
c  1851   -1   2002   2
c  1801   -1   1752   2
c  1854   -1   1751   2
r  1852   1803   1953   2
c  1706   -1   1755   2
r  1807   1856   1908   2
c  1806   -1   1907   2
c  789   -1   837   2
c  1039   -1   987   2
c  1037   -1   1089   2
c  1035   -1   1086   2
r  542   590   591   2
c  1183   -1   1231   2
r  292   392   341   2
r  44   195   145   2
c  392   -1   242   2
c  195   -1   244   2
r  96   48   148   2
c  1667   -1   1570   2
c  1766   -1   1718   2
c  1620   -1   1618   2
c  1278   -1   1179   2
c  1376   -1   1374   2
c  1376   -1   1424   2
c  1330   -1   1332   2
c  1377   -1   1328   2
c  1281   -1   1179   2
c  1953   -1   2004   2
c  1861   -1   2010   2
c  2009   -1   1958   2
c  1136   -1   1036   2
c  544   -1   445   2
r  545   596   543   2
c  394   -1   392   2
c  297   -1   145   2
c  246   -1   396   2
c  346   -1   397   2
c  300   -1   197   2
c  248   -1   300   2
c  97   -1   196   2
r  1813   1864   1815   2
c  1378   -1   1430   2
r  1331   1382   1230   2
c  1382   -1   1433   2
c  1527   -1   1575   2
r  1719   1721   1670   2
c  1721   -1   1820   2
c  1625   -1   1526   2
c  2102   -1   2004   2
c  2054   -1   2103   2
c  2006   -1   1906   2
c  1960   -1   1909   2
c  1912   -1   1963   2
c  1863   -1   1914   2
c  2011   -1   2063   2
c  2109   -1   2160   2
c  1041   -1   1140   2
c  1141   -1   1089   2
c  495   -1   595   2
c  1187   -1   1238   2
c  348   -1   299   2
c  396   -1   393   2
c  100   -1   98   2
c  199   -1   150   2
r  200   300   299   2
r  49   98   97   2
r  48   100   99   2
r  50   148   98   2
r  149   198   200   2
c  150   -1   50   2
c  2065   -1   1914   2
c  1869   -1   2016   2
c  1673   -1   1721   2
r  1429   1378   1380   2
c  1381   -1   1432   2
c  1821   -1   1719   2
c  1820   -1   1772   2
c  1820   -1   1869   2
r  2152   2201   2205   2
c  2111   -1   1962   2
r  993   942   995   2
c  945   -1   1096   2
c  995   -1   947   2
c  745   -1   845   2
c  1092   -1   1144   2
c  1043   -1   1095   2
c  1239   -1   1138   2
c  1142   -1   1193   2
r  547   596   549   2
c  746   -1   646   2
c  499   -1   646   2
c  1336   -1   1236   2
c  1336   -1   1385   2
c  1485   -1   1584   2
c  1434   -1   1387   2
r  400   449   298   2
c  2015   -1   2116   2
c  2066   -1   2217   2
c  2115   -1   2164   2
c  2114   -1   2066   2
c  1923   -1   1874   2
c  1729   -1   1830   2
r  2202   2251   2204   2
r  2253   2202   2302   2
c  2156   -1   2204   2
c  2208   -1   2156   2
c  2157   -1   2206   2
c  946   -1   994   2
c  1045   -1   1094   2
c  1045   -1   997   2
c  947   -1   1049   2
r  1242   1291   1340   2
c  1293   -1   1342   2
r  598   699   698   2
c  600   -1   548   2
c  698   -1   447   2
c  650   -1   449   2
c  1440   -1   1386   2
c  1389   -1   1288   2
c  1490   -1   1488   2
c  1535   -1   1440   2
c  2123   -1   2171   2
c  1922   -1   2073   2
c  1633   -1   1585   2
c  1778   -1   1876   2
c  1877   -1   1829   2
c  1830   -1   1882   2
r  2201   2353   2303   2
c  2301   -1   2303   2
c  2251   -1   2254   2
c  2307   -1   2310   2
r  2309   2307   2256   2
r  2215   2115   2412   2
c  2216   -1   2214   2
c  2359   -1   2408   2
r  1147   1145   1198   2
c  1097   -1   1100   2
c  998   -1   1099   2
c  849   -1   1000   2
r  899   950   798   2
c  799   -1   899   2
c  1291   -1   1342   2
r  1195   1197   1297   2
c  1245   -1   1345   2
c  700   -1   698   2
r  750   799   748   2
c  1684   -1   1585   2
c  2171   -1   2122   2
c  2174   -1   2026   2
c  2024   -1   2077   2
c  2075   -1   2023   2
c  2125   -1   1974   2
c  2028   -1   1926   2
c  2028   -1   1974   2
c  1783   -1   1780   2
c  1933   -1   1829   2
r  2351   2452   2303   2
r  2304   2204   2353   2
r  2401   2352   2453   2
r  2405   2454   2453   2
r  2352   2452   2356   2
r  2310   2361   2308   2
c  2457   -1   2207   2
c  2456   -1   2409   2
r  2354   2403   2356   2
c  2404   -1   2456   2
c  2461   -1   2262   2
c  2362   -1   2413   2
c  2315   -1   2363   2
r  2455   2406   2403   2
c  2460   -1   2311   2
r  2459   2408   2407   2
c  2462   -1   2410   2
c  1100   -1   999   2
r  850   798   899   2
c  950   -1   800   2
r  900   949   849   2
c  1392   -1   1494   2
r  1394   1445   1346   2
c  1347   -1   1495   2
c  1587   -1   1539   2
c  1542   -1   1642   2
c  2319   -1   2370   2
c  2273   -1   2372   2
c  2276   -1   2228   2
c  1738   -1   1789   2
c  1738   -1   1685   2
c  2034   -1   1789   2
c  2402   -1   2353   2
c  2452   -1   2403   2
c  2454   -1   2457   2
r  2451   2403   2351   2
c  2413   -1   2464   2
c  2463   -1   2364   2
c  1247   -1   1249   2
c  1248   -1   1300   2
r  1249   1300   1149   2
r  1300   1349   1198   2
c  1397   -1   1395   2
c  1346   -1   1447   2
c  1495   -1   1595   2
c  1543   -1   1640   2
c  1692   -1   1541   2
c  1687   -1   1739   2
c  2419   -1   2368   2
r  2466   2367   2418   2
c  2469   -1   2369   2
c  2468   -1   2416   2
c  2472   -1   2321   2
r  2473   2374   2321   2
c  2372   -1   2471   2
r  2374   2423   2422   2
c  2275   -1   2126   2
c  1838   -1   1836   2
c  1840   -1   1786   2
c  2082   -1   2280   2
c  2084   -1   2285   2
c  2279   -1   2132   2
r  1400   1449   1249   2
c  1349   -1   1298   2
c  1450   -1   1398   2
c  1550   -1   1496   2
c  1792   -1   1692   2
c  1794   -1   1796   2
c  1893   -1   1845   2
r  1743   1792   1795   2
c  2423   -1   2471   2
c  2425   -1   2473   2
c  2278   -1   2177   2
r  1839   1787   1938   2
c  1986   -1   1886   2
c  1937   -1   1838   2
c  2234   -1   2186   2
c  2332   -1   2483   2
c  2230   -1   2233   2
c  2333   -1   2233   2
c  2380   -1   2279   2
c  1549   -1   1596   2
c  1649   -1   1547   2
c  1648   -1   1699   2
c  1848   -1   1697   2
r  1696   1597   1596   2
r  1600   1649   1597   2
c  1942   -1   1842   2
c  1942   -1   1792   2
r  1892   1843   1794   2
c  1845   -1   1891   2
c  2476   -1   2428   2
c  2477   -1   2430   2
c  2479   -1   2329   2
c  2087   -1   2038   2
c  2139   -1   2186   2
r  2235   2237   2335   2
c  2382   -1   2384   2
r  1698   1848   1597   2
r  1747   1846   1795   2
r  1846   1795   1848   2
c  1900   -1   1848   2
c  2481   -1   2478   2
c  2481   -1   2430   2
c  2337   -1   2186   2
c  2434   -1   2334   2
c  2433   -1   2381   2
c  2482   -1   2382   2
c  2482   -1   2383   2
r  1700   1749   1697   2
c  1799   -1   1899   2
r  1750   1699   1748   2
c  1947   -1   1998   2
c  1950   -1   1999   2
c  1946   -1   1994   2
c  1996   -1   2048   2
c  2142   -1   2243   2
c  2191   -1   2092   2
c  2339   -1   2491   2
c  2389   -1   2386   2
r  2439   2390   2387   2
r  2097   2048   1949   2
c  2198   -1   1949   2
c  2049   -1   2097   2
c  2095   -1   2144   2
c  2194   -1   2142   2
c  2489   -1   2437   2
r  2490   2493   2442   2
r  2343   2392   2390   2
c  2392   -1   2491   2
c  2098   -1   2096   2
c  2148   -1   2247   2
c  2248   -1   2446   2
c  2195   -1   2292   2
c  2441   -1   2443   2
r  2442   2393   2342   2
c  2247   -1   2294   2
c  2295   -1   2394   2
r  2299   2348   2297   2
r  2446   2397   2448   2
c  2294   -1   2399   2
r  2493   2444   2394   2
c  2495   -1   2394   2
r  2300   2398   2348   2
r  2397   2297   2497   2
c  2448   -1   2348   2
r  2347   2296   2350   2
r  2496   2498   2448   2
c  2445   -1   2297   2
c  2449   -1   2498   2
r  2499   2447   2446   2
r  2400   2449   2447   2
r  2497   2495   2399   2
r  2450   2499   2498   2
r  2500   2448   2447   2
r  101   2   252   3
r  3   101   153   3
r  54   56   5   3
r  152   52   101   3
r  4   105   102   3
r  106   155   102   3
r  251   302   153   3
r  55   106   204   3
c  108   -1   110   3
r  302   253   453   3
r  8   10   108   3
r  13   9   108   3
r  401   502   354   3
r  12   14   63   3
r  62   13   161   3
r  801   703   1003   3
r  17   66   118   3
r  20   69   68   3
r  901   852   952   3
c  223   -1   126   3
r  951   801   1003   3
r  902   851   953   3
r  953   1002   1102   3
r  1102   951   1003   3
r  73   75   120   3
r  23   123   71   3
r  666   715   568   3
r  474   573   523   3
r  1251   1302   1254   3
r  576   629   476   3
r  1352   1452   1254   3
r  31   80   83   3
r  1401   1453   1502   3
r  32   130   83   3
r  534   585   583   3
r  136   185   36   3
r  1410   1461   1459   3
r  1657   1557   1708   3
r  1653   1802   1752   3
r  289   240   340   3
r  1754   1955   1854   3
r  787   738   887   3
r  492   439   539   3
r  45   43   142   3
r  1954   1855   1905   3
r  840   891   889   3
r  1182   1133   1234   3
r  1183   1085   1232   3
r  46   95   147   3
r  1764   1815   1716   3
r  1377   1375   1425   3
r  1860   1862   1909   3
r  2052   2103   2004   3
r  196   148   199   3
r  2104   2155   2204   3
r  1091   1193   1140   3
r  48   149   148   3
r  99   199   97   3
r  149   200   98   3
r  150   50   97   3
r  299   347   198   3
r  100   147   48   3
r  50   99   48   3
r  1626   1578   1527   3
r  449   549   698   3
r  400   298   449   3
r  1530   1630   1479   3
r  1681   1732   1632   3
r  2253   2152   2403   3
r  2305   2307   2303   3
r  1094   1142   995   3
r  698   447   696   3
r  598   749   549   3
r  500   449   549   3
r  600   548   698   3
r  2170   2221   2070   3
r  2251   2253   2303   3
r  2302   2203   2403   3
r  2351   2303   2403   3
r  2352   2403   2303   3
r  2402   2353   2303   3
r  2452   2401   2303   3
r  2406   2358   2207   3
c  2453   -1   2356   3
r  898   947   999   3
r  899   800   897   3
c  1000   -1   947   3
r  1976   2025   1974   3
r  2311   2410   2412   3
r  2455   2308   2353   3
r  2401   2303   2403   3
r  2451   2402   2403   3
r  900   1000   800   3
r  850   899   798   3
r  2418   2467   2320   3
r  2364   2413   2415   3
r  2463   2363   2360   3
r  1300   1198   1149   3
r  1446   1395   1394   3
r  1496   1595   1549   3
r  1592   1595   1541   3
r  1737   1689   1789   3
r  2417   2468   2368   3
r  2472   2273   2373   3
r  2325   2224   2276   3
r  2424   2373   2473   3
r  2328   2277   2279   3
r  1837   1786   1886   3
r  1988   1985   1940   3
r  2182   2133   2233   3
r  1450   1498   1596   3
r  2184   2283   2083   3
r  2331   2282   2233   3
r  1597   1697   1648   3
r  1600   1549   1649   3
r  1650   1648   1549   3
r  2426   2375   2430   3
r  2435   2433   2333   3
r  2188   2089   2040   3
r  1700   1697   1698   3
r  2432   2381   2434   3
r  2482   2382   2433   3
r  2484   2436   2482   3
r  1949   2049   1849   3
r  2000   1949   1899   3
r  2487   2436   2289   3
r  2439   2387   2339   3
r  2243   2343   2194   3
r  2490   2442   2390   3
r  2392   2441   2440   3
r  2097   1949   2046   3
r  2349   2347   2248   3
r  2446   2448   2497   3
r  2495   2396   2443   3
r  2300   2348   2297   3
r  2397   2497   2498   3
r  2399   2348   2446   3
r  2496   2448   2297   3
r  2396   2447   2398   3
r  2499   2448   2447   3
r  2497   2448   2348   3
r  2400   2447   2294   3
r  2450   2448   2348   3
r  2498   2447   2400   3
r  2449   2446   2447   3
r  2500   2447   2399   3
r  1   102   53   4
r  51   2   53   4
r  2   102   153   4
r  104   56   102   4
r  53   101   153   4
r  101   252   153   4
r  52   1   153   4
r  54   5   56   4
r  105   53   153   4
r  251   151   204   4
r  4   53   153   4
r  56   105   153   4
r  55   6   53   4
r  151   202   204   4
r  59   108   157   4
r  301   201   202   4
r  156   207   256   4
r  8   108   157   4
r  109   60   63   4
r  60   108   63   4
r  305   354   257   4
r  501   402   403   4
r  655   604   453   4
r  603   654   652   4
r  558   509   611   4
r  16   65   166   4
r  267   167   216   4
r  901   801   1002   4
r  857   958   957   4
r  1001   952   953   4
r  1101   1002   1003   4
r  1052   1001   1003   4
r  22   71   120   4
r  24   123   21   4
r  1201   1203   1352   4
r  1202   1253   1254   4
r  1252   1201   1152   4
r  76   125   129   4
r  28   77   126   4
r  1351   1303   1254   4
r  1353   1455   1356   4
r  1304   1352   1403   4
r  578   527   478   4
r  30   81   83   4
r  1454   1405   1502   4
r  1455   1504   1404   4
r  32   83   84   4
r  35   84   135   4
r  1217   1118   1268   4
r  1268   1168   1118   4
r  36   34   87   4
r  1605   1654   1753   4
r  37   86   85   4
r  1701   1602   1752   4
r  438   440   537   4
r  1032   1081   983   4
r  1421   1472   1373   4
r  1659   1661   1708   4
r  1951   1903   1852   4
r  1034   1133   1083   4
r  737   739   786   4
r  593   644   539   4
r  640   642   688   4
r  42   94   192   4
r  1901   1852   1903   4
r  2053   2155   1953   4
r  1955   2007   2057   4
r  1035   1086   987   4
r  46   97   148   4
r  1425   1427   1326   4
r  1477   1376   1326   4
r  2055   2052   2004   4
r  147   98   149   4
r  247   198   448   4
r  49   97   96   4
r  2154   2152   2356   4
r  396   393   398   4
r  48   99   147   4
r  98   96   150   4
r  50   48   148   4
r  250   199   198   4
r  1580   1578   1527   4
r  2356   2254   2303   4
r  2254   2302   2303   4
r  2201   2303   2453   4
r  2301   2303   2403   4
r  697   597   648   4
r  500   400   449   4
r  1969   1971   1918   4
r  2354   2405   2403   4
r  2401   2453   2356   4
r  2403   2405   2303   4
r  2304   2353   2351   4
r  2251   2303   2403   4
r  2402   2303   2253   4
r  2455   2403   2303   4
r  2410   2359   2412   4
r  650   449   549   4
r  2404   2353   2453   4
r  2456   2356   2353   4
r  2454   2456   2353   4
r  2452   2303   2351   4
r  2311   2412   2410   4
r  1048   1097   897   4
r  998   1047   1097   4
r  1245   1345   1198   4
r  1391   1340   1342   4
r  2171   2272   2222   4
r  2364   2315   2368   4
r  2464   2415   2315   4
r  2413   2411   2314   4
r  2415   2366   2362   4
r  2367   2419   2416   4
r  900   800   949   4
r  1100   948   1098   4
r  1099   1048   999   4
r  2323   2372   2321   4
r  2027   2125   1976   4
r  2468   2416   2365   4
r  2466   2418   2417   4
r  1250   1299   1198   4
r  1200   1249   1299   4
r  1397   1346   1394   4
r  1446   1394   1346   4
r  1689   1789   1786   4
r  2424   2324   2375   4
r  1400   1300   1299   4
r  1398   1297   1549   4
r  1499   1450   1596   4
r  1746   1795   1797   4
r  2479   2431   2378   4
r  2430   2432   2427   4
r  2381   2482   2434   4
r  2483   2384   2382   4
r  1698   1649   1848   4
r  1749   1800   1648   4
r  2480   2478   2431   4
r  2289   2389   2338   4
r  2384   2433   2432   4
r  2482   2433   2434   4
r  2439   2339   2390   4
r  2488   2437   2386   4
r  2000   1900   1949   4
r  2146   2197   2045   4
r  2250   2299   2198   4
r  2441   2443   2343   4
r  2492   2443   2391   4
r  2393   2444   2442   4
r  2200   2198   2299   4
r  2299   2297   2348   4
r  2395   2344   2297   4
r  2494   2445   2393   4
r  2348   2346   2394   4
r  2397   2498   2348   4
r  2448   2399   2297   4
r  2399   2450   2348   4
r  2396   2445   2297   4
r  2350   2299   2398   4
r  2447   2450   2498   4
r  2450   2498   2349   4
r  2445   2297   2348   4
r  2499   2447   2448   4
r  2400   2499   2447   4
r  2498   2399   2348   4
r  2449   2498   2348   4
r  2500   2498   2447   4
r  1   53   52   5
r  51   53   153   5
r  2   53   252   5
r  104   102   56   5
r  102   151   1   5
r  101   201   53   5
r  54   56   102   5
r  103   154   204   5
r  53   153   102   5
r  152   204   103   5
r  202   204   153   5
r  5   104   102   5
r  203   103   102   5
r  204   102   301   5
r  55   204   153   5
r  201   252   153   5
r  253   153   204   5
r  7   56   157   5
r  156   205   204   5
r  8   59   108   5
r  11   60   13   5
r  309   258   261   5
r  404   451   353   5
r  603   554   702   5
r  851   951   804   5
r  323   374   270   5
r  18   69   67   5
r  19   70   118   5
r  70   21   23   5
r  17   118   116   5
r  1057   1156   1055   5
r  1056   1058   1156   5
r  1154   1203   1201   5
r  126   25   79   5
r  1206   1356   1104   5
r  1351   1254   1252   5
r  179   230   228   5
r  1353   1356   1251   5
r  1354   1356   1254   5
r  527   428   427   5
r  32   34   83   5
r  182   135   83   5
r  1215   1264   1267   5
r  1267   1265   1118   5
r  1652   1701   1654   5
r  1702   1801   1552   5
r  585   636   634   5
r  1273   1172   1224   5
r  1705   1654   1603   5
r  1704   1554   1755   5
r  1755   1803   1753   5
r  828   729   826   5
r  1024   924   922   5
r  1902   2001   2002   5
r  1951   1953   1903   5
r  89   141   142   5
r  1129   1126   1028   5
r  2002   1953   2004   5
r  2001   2101   1953   5
r  2057   2008   2004   5
r  888   840   790   5
r  489   637   540   5
r  788   737   688   5
r  40   38   92   5
r  41   90   142   5
r  92   41   94   5
r  43   94   243   5
r  45   94   148   5
r  42   192   91   5
r  2051   2102   2152   5
r  95   143   43   5
r  145   43   93   5
r  1718   1720   1767   5
r  1429   1328   1280   5
r  842   840   791   5
r  96   148   149   5
r  47   149   49   5
r  98   150   147   5
r  48   147   150   5
r  146   97   148   5
r  200   350   148   5
r  99   150   48   5
r  97   48   149   5
r  300   199   249   5
r  299   198   197   5
r  347   399   197   5
r  1579   1627   1478   5
r  2013   1914   2062   5
r  2452   2403   2154   5
r  2306   2355   2403   5
r  2252   2303   2403   5
r  2301   2403   2203   5
r  844   893   897   5
r  49   96   97   5
r  50   148   48   5
r  350   250   198   5
r  100   98   97   5
r  1727   1827   1729   5
r  2402   2253   2356   5
r  2451   2351   2356   5
r  2453   2353   2456   5
r  2352   2303   2403   5
r  2305   2303   2356   5
r  2404   2453   2356   5
r  2304   2255   2403   5
r  2353   2356   2351   5
r  2405   2456   2353   5
r  2218   2067   2117   5
r  2401   2356   2453   5
r  2455   2303   2403   5
r  2461   2363   2312   5
r  2313   2362   2464   5
r  1195   1297   1243   5
r  599   650   698   5
r  750   699   698   5
r  1635   1637   1737   5
r  1981   1881   1882   5
r  2414   2412   2314   5
r  2365   2416   2368   5
r  1049   998   849   5
r  798   747   849   5
r  999   1050   849   5
r  800   849   899   5
r  950   800   899   5
r  2418   2320   2365   5
r  2467   2465   2365   5
r  1000   947   1099   5
r  1445   1494   1346   5
r  2373   2273   2321   5
r  2471   2371   2321   5
r  2474   2274   2321   5
r  2374   2323   2473   5
r  1399   1448   1299   5
r  2377   2278   2430   5
r  2231   2282   2279   5
r  2282   2180   2233   5
r  1549   1596   1648   5
r  1548   1599   1596   5
r  2430   2427   2329   5
r  2381   2481   2435   5
r  2336   2287   2235   5
r  1796   1745   1697   5
r  2435   2333   2432   5
r  1798   1698   1949   5
r  1699   1800   1697   5
r  1749   1798   1698   5
r  1897   1946   1949   5
r  1750   1799   1798   5
r  2343   2391   2491   5
r  2147   2096   2196   5
r  2296   2247   2394   5
r  2492   2392   2343   5
r  2295   2196   2247   5
r  2346   2297   2398   5
r  2297   2348   2299   5
r  2395   2297   2399   5
r  2149   2198   2100   5
r  2200   2149   2248   5
r  2446   2495   2348   5
r  2300   2347   2348   5
r  2400   2447   2348   5
r  2449   2348   2294   5
r  2399   2446   2297   5
r  2347   2398   2446   5
r  2398   2248   2446   5
r  2445   2348   2297   5
r  2497   2348   2297   5
r  2499   2448   2297   5
r  2448   2297   2399   5
r  2450   2349   2399   5
r  2397   2448   2399   5
r  2447   2399   2348   5
r  2500   2447   2348   5
r  2350   2348   2399   5
r  2498   2348   2398   5
r  51   102   103   6
r  2   252   204   6
r  3   102   252   6
r  105   153   102   6
r  53   102   153   6
r  152   103   104   6
r  55   53   204   6
r  5   102   153   6
r  151   252   153   6
r  253   204   153   6
r  301   354   153   6
r  201   153   204   6
r  353   402   204   6
r  7   157   56   6
r  109   63   157   6
r  451   453   403   6
r  111   60   13   6
r  113   62   161   6
r  604   553   652   6
r  651   751   703   6
r  801   852   854   6
r  608   557   610   6
r  17   116   66   6
r  953   1052   1002   6
r  20   68   120   6
r  71   20   73   6
r  860   911   961   6
r  1101   1003   1002   6
r  1252   1301   1254   6
r  121   172   23   6
r  22   73   71   6
r  1106   1005   1006   6
r  1251   1352   1303   6
r  1352   1403   1304   6
r  1302   1254   1251   6
r  78   129   126   6
r  962   911   914   6
r  1355   1407   1204   6
r  1303   1252   1301   6
r  1452   1454   1352   6
r  526   577   427   6
r  82   130   79   6
r  1501   1552   1403   6
r  429   378   530   6
r  33   82   130   6
r  132   184   83   6
r  133   232   32   6
r  1504   1404   1552   6
r  1551   1602   1652   6
r  729   778   830   6
r  1217   1268   1118   6
r  1609   1508   1506   6
r  1652   1654   1752   6
r  1603   1552   1753   6
r  732   683   681   6
r  187   189   88   6
r  1512   1563   1463   6
r  1316   1118   1369   6
r  1219   1118   1168   6
r  1704   1755   1603   6
r  1753   1604   1655   6
r  1751   1802   1852   6
r  1024   922   925   6
r  684   583   585   6
r  137   85   88   6
r  1852   1953   2002   6
r  90   190   189   6
r  1324   1326   1375   6
r  1901   1903   1852   6
r  1902   2002   1803   6
r  1763   1914   1865   6
r  2003   2054   2052   6
r  491   442   542   6
r  591   589   492   6
r  46   147   97   6
r  1670   1570   1770   6
r  146   148   97   6
r  96   47   148   6
r  47   99   148   6
r  198   249   299   6
r  149   100   47   6
r  200   299   97   6
r  100   97   148   6
r  249   298   197   6
r  695   646   698   6
r  1285   1336   1236   6
r  48   148   97   6
r  50   48   47   6
r  49   97   149   6
r  150   148   98   6
r  1432   1483   1583   6
r  1819   1822   1721   6
r  1678   1727   1577   6
r  2168   2117   2067   6
r  2255   2203   2403   6
r  2254   2303   2403   6
r  2301   2202   2403   6
r  2307   2310   2356   6
r  548   546   698   6
r  1237   1289   1339   6
r  2121   2070   2220   6
r  2122   2174   2223   6
r  2167   2216   2220   6
r  2353   2351   2356   6
r  2455   2403   2356   6
r  650   550   698   6
r  2267   2316   2367   6
r  2363   2312   2412   6
r  2451   2356   2453   6
r  2452   2154   2403   6
r  998   1097   1047   6
r  950   849   798   6
r  1977   2078   1974   6
r  2274   2276   2124   6
r  2415   2362   2363   6
r  2467   2416   2316   6
r  2276   2223   2174   6
r  2370   2419   2321   6
r  2468   2365   2368   6
r  2420   2471   2321   6
r  2421   2472   2321   6
r  2422   2473   2373   6
r  2277   2225   2224   6
r  2465   2414   2365   6
r  1687   1739   1689   6
r  1548   1497   1648   6
r  1450   1398   1549   6
r  2280   2380   2180   6
r  2236   2336   2233   6
r  2328   2276   2430   6
r  1597   1648   1697   6
r  1500   1549   1648   6
r  1942   1842   1794   6
r  2378   2427   2430   6
r  2383   2381   2435   6
r  2430   2329   2428   6
r  1749   1698   1848   6
r  1899   1999   1848   6
r  2431   2331   2434   6
r  2339   2491   2439   6
r  2291   2340   2289   6
r  2488   2439   2387   6
r  2486   2439   2388   6
r  2000   1899   2049   6
r  2145   2194   2045   6
r  2248   2297   2348   6
r  2097   2196   2048   6
r  2491   2443   2342   6
r  2393   2442   2491   6
r  2298   2200   2399   6
r  2250   2198   2248   6
r  2446   2348   2297   6
r  2348   2294   2297   6
r  2346   2446   2247   6
r  2395   2399   2294   6
r  2495   2443   2446   6
r  2399   2348   2447   6
r  2350   2399   2348   6
r  2449   2447   2446   6
r  2497   2297   2348   6
r  2397   2399   2297   6
r  2500   2399   2398   6
r  2400   2348   2297   6
r  2499   2446   2399   6
r  2450   2348   2297   6
r  1   153   101   7
r  51   153   102   7
r  2   204   55   7
r  101   53   104   7
r  103   52   101   7
r  3   153   204   7
r  153   104   252   7
r  105   5   153   7
r  53   153   204   7
r  152   101   204   7
r  4   153   53   7
r  202   102   204   7
r  253   201   204   7
r  155   102   153   7
r  303   305   153   7
r  5   153   56   7
r  58   157   109   7
r  158   109   9   7
r  6   57   157   7
r  156   256   56   7
r  59   57   108   7
r  352   354   452   7
r  451   403   354   7
r  502   353   403   7
r  455   357   506   7
r  14   114   63   7
r  111   162   63   7
r  460   513   310   7
r  15   64   114   7
r  601   653   702   7
r  115   66   118   7
r  805   904   707   7
r  118   219   66   7
r  757   706   805   7
r  67   118   119   7
r  24   73   173   7
r  901   952   1003   7
r  1001   953   1052   7
r  1101   1002   1003   7
r  21   73   120   7
r  28   126   224   7
r  326   277   374   7
r  570   768   522   7
r  22   120   73   7
r  951   1003   953   7
r  955   957   904   7
r  1058   1107   1006   7
r  78   27   129   7
r  27   127   126   7
r  1105   1054   1156   7
r  1251   1254   1352   7
r  1301   1352   1254   7
r  1303   1254   1352   7
r  1452   1503   1351   7
r  1255   1355   1352   7
r  182   233   131   7
r  34   135   36   7
r  1064   1015   1115   7
r  727   729   730   7
r  386   486   434   7
r  1265   1314   1416   7
r  1652   1603   1753   7
r  1603   1703   1555   7
r  1604   1655   1656   7
r  636   536   537   7
r  137   188   142   7
r  239   139   88   7
r  1651   1552   1752   7
r  1701   1752   1652   7
r  1082   1131   981   7
r  139   190   88   7
r  39   41   90   7
r  1372   1420   1323   7
r  1801   1901   1852   7
r  440   489   591   7
r  40   92   142   7
r  44   196   142   7
r  41   142   90   7
r  291   293   392   7
r  242   291   244   7
r  94   194   192   7
r  1663   1563   1714   7
r  1901   1852   1803   7
r  95   44   93   7
r  46   148   147   7
r  148   97   197   7
r  1425   1428   1327   7
r  47   148   99   7
r  97   149   197   7
r  98   147   100   7
r  199   150   197   7
r  100   48   149   7
r  50   98   148   7
r  99   97   50   7
r  300   249   97   7
r  349   298   197   7
r  396   347   343   7
r  48   150   149   7
r  49   100   97   7
r  350   299   250   7
r  297   145   198   7
r  400   449   299   7
r  1383   1432   1334   7
r  2155   2306   2206   7
r  700   698   597   7
r  549   600   449   7
r  1822   1922   1874   7
r  2251   2403   2203   7
r  2306   2403   2205   7
r  1096   995   1094   7
r  750   748   798   7
r  800   798   698   7
r  2302   2251   2356   7
r  2301   2203   2352   7
r  2305   2356   2403   7
r  2353   2307   2355   7
r  2304   2403   2356   7
r  2352   2403   2303   7
r  2354   2356   2303   7
r  2405   2453   2403   7
r  2307   2205   2310   7
r  2455   2353   2403   7
r  2351   2403   2356   7
r  2401   2403   2356   7
r  2451   2403   2356   7
r  2452   2351   2356   7
r  850   949   899   7
r  2267   2367   2316   7
r  2461   2262   2360   7
r  2266   2415   2416   7
r  2402   2356   2456   7
r  2458   2407   2353   7
r  1247   1249   1150   7
r  2367   2416   2268   7
r  2418   2469   2367   7
r  2029   2129   2128   7
r  1930   1979   2029   7
r  1250   1198   1298   7
r  1400   1249   1149   7
r  1200   1299   1399   7
r  1496   1549   1544   7
r  2467   2316   2418   7
r  2371   2373   2471   7
r  2473   2471   2373   7
r  2423   2471   2321   7
r  2422   2373   2370   7
r  2374   2422   2425   7
r  2465   2365   2417   7
r  1448   1149   1298   7
r  2379   2330   2279   7
r  1500   1648   1549   7
r  1596   1496   1544   7
r  1547   1447   1596   7
r  1796   1696   1848   7
r  2427   2476   2430   7
r  2236   2233   2287   7
r  2382   2384   2481   7
r  1597   1697   1648   7
r  1699   1748   1597   7
r  1847   1796   1798   7
r  2487   2387   2388   7
r  2391   2440   2442   7
r  2441   2492   2390   7
r  2047   2098   2049   7
r  2199   2250   2300   7
r  2343   2390   2440   7
r  2492   2343   2394   7
r  2446   2297   2348   7
r  2348   2394   2399   7
r  2300   2348   2399   7
r  2299   2248   2399   7
r  2250   2248   2297   7
r  2294   2345   2446   7
r  2295   2394   2343   7
r  2399   2447   2446   7
r  2447   2498   2297   7
r  2347   2350   2399   7
r  2495   2394   2297   7
r  2498   2400   2446   7
r  2497   2399   2297   7
r  2400   2297   2348   7
r  2449   2446   2297   7
r  2500   2348   2297   7
r  2448   2348   2297   7
r  2499   2297   2398   7
r  1   101   204   8
r  51   102   153   8
r  2   153   204   8
r  104   56   153   8
r  52   101   204   8
r  204   153   104   8
r  101   104   204   8
r  3   204   153   8
r  54   105   204   8
r  105   153   204   8
r  151   204   104   8
r  102   1   204   8
r  53   104   252   8
r  255   257   153   8
r  201   152   252   8
r  56   153   204   8
r  351   402   204   8
r  352   452   204   8
r  251   204   154   8
r  4   102   153   8
r  58   7   157   8
r  451   502   353   8
r  356   456   405   8
r  9   108   157   8
r  12   63   108   8
r  11   13   63   8
r  502   402   354   8
r  651   703   551   8
r  751   851   803   8
r  271   322   371   8
r  853   752   801   8
r  67   119   118   8
r  17   117   118   8
r  19   118   67   8
r  123   223   23   8
r  24   21   77   8
r  326   375   323   8
r  952   904   903   8
r  901   1002   1053   8
r  1002   951   1152   8
r  1102   1002   952   8
r  951   953   1003   8
r  808   757   857   8
r  121   72   73   8
r  26   125   224   8
r  77   75   129   8
r  1101   1003   1001   8
r  1104   1204   1152   8
r  568   617   668   8
r  30   83   131   8
r  82   79   130   8
r  1255   1304   1251   8
r  815   868   866   8
r  431   331   379   8
r  85   186   83   8
r  1013   1015   1115   8
r  966   866   1015   8
r  35   83   134   8
r  86   186   88   8
r  1066   1017   1115   8
r  1019   919   920   8
r  922   925   1022   8
r  38   137   138   8
r  1602   1453   1503   8
r  1601   1652   1603   8
r  878   778   976   8
r  883   784   835   8
r  1752   1655   1803   8
r  1172   1121   1271   8
r  41   140   93   8
r  193   145   244   8
r  46   97   197   8
r  1902   1803   1853   8
r  1851   1752   1803   8
r  592   543   540   8
r  1136   1035   1089   8
r  47   99   148   8
r  149   98   97   8
r  200   97   196   8
r  50   47   149   8
r  146   97   148   8
r  150   98   148   8
r  99   48   97   8
r  892   943   790   8
r  296   345   197   8
r  250   299   197   8
r  49   97   197   8
r  1765   1666   1717   8
r  2007   2009   2004   8
r  1091   1243   991   8
r  597   496   698   8
r  498   547   698   8
r  2205   2154   2403   8
r  946   897   894   8
r  647   747   549   8
r  699   648   498   8
r  2253   2302   2356   8
r  2252   2301   2356   8
r  2403   2303   2202   8
r  2251   2254   2356   8
r  600   498   549   8
r  700   597   698   8
r  550   449   698   8
r  1387   1486   1487   8
r  1968   2020   2067   8
r  2407   2456   2403   8
r  2352   2303   2403   8
r  2351   2402   2403   8
r  2301   2352   2356   8
r  2354   2403   2356   8
r  2457   2404   2356   8
r  2409   2407   2356   8
r  2402   2456   2356   8
r  2454   2457   2356   8
r  2456   2409   2356   8
r  2358   2310   2360   8
r  2220   2070   2119   8
r  1970   2019   1968   8
r  2404   2356   2353   8
r  2452   2356   2304   8
r  2401   2356   2403   8
r  2312   2408   2363   8
r  849   949   898   8
r  2451   2356   2456   8
r  2363   2414   2262   8
r  2464   2314   2312   8
r  2361   2412   2460   8
r  1000   1049   1100   8
r  1784   1836   1685   8
r  2364   2415   2412   8
r  1199   1150   1300   8
r  1200   1399   1198   8
r  1394   1396   1445   8
r  1396   1297   1444   8
r  1593   1541   1642   8
r  2371   2471   2422   8
r  2373   2321   2424   8
r  2232   2082   2181   8
r  2472   2321   2424   8
r  2376   2325   2474   8
r  2233   2132   2435   8
r  2329   2380   2430   8
r  1599   1597   1596   8
r  1597   1650   1549   8
r  2287   2285   2238   8
r  2334   2283   2382   8
r  2380   2279   2378   8
r  2480   2431   2478   8
r  1897   1948   1848   8
r  1850   1798   1749   8
r  2437   2434   2386   8
r  2000   1949   1899   8
r  2100   2200   1949   8
r  2049   1998   1950   8
r  1998   1949   2046   8
r  2387   2286   2389   8
r  2390   2341   2289   8
r  2296   2395   2294   8
r  2196   2245   2398   8
r  2488   2387   2389   8
r  2491   2342   2439   8
r  2298   2300   2446   8
r  2300   2297   2248   8
r  2399   2446   2248   8
r  2397   2297   2248   8
r  2446   2348   2297   8
r  2348   2399   2346   8
r  2200   2248   2399   8
r  2250   2297   2399   8
r  2294   2399   2394   8
r  2346   2398   2446   8
r  2398   2447   2497   8
r  2492   2394   2343   8
r  2350   2398   2297   8
r  2349   2248   2300   8
r  2400   2348   2398   8
r  2448   2297   2294   8
r  2450   2297   2446   8
r  2499   2398   2297   8
r  2347   2446   2398   8
r  2445   2496   2399   8
r  2396   2297   2399   8
r  2447   2348   2399   8
r  2498   2398   2297   8
r  2500   2398   2449   8
r  1   204   153   9
r  51   153   204   9
r  2   204   153   9
r  204   104   153   9
r  3   252   104   9
r  55   204   102   9
r  105   102   153   9
r  53   252   153   9
r  251   154   204   9
r  303   356   204   9
r  201   252   153   9
r  305   404   153   9
r  4   153   204   9
r  302   453   204   9
r  401   354   204   9
r  155   153   102   9
r  9   157   108   9
r  62   161   108   9
r  651   551   602   9
r  751   803   654   9
r  18   67   117   9
r  19   67   118   9
r  757   805   803   9
r  658   709   611   9
r  802   853   754   9
r  951   902   903   9
r  1101   1001   1003   9
r  72   23   21   9
r  856   858   958   9
r  1007   1058   1106   9
r  1001   1003   953   9
r  1052   1003   953   9
r  226   274   126   9
r  1251   1352   1351   9
r  1254   1154   1251   9
r  1253   1302   1353   9
r  624   626   723   9
r  30   32   83   9
r  131   79   83   9
r  1301   1401   1352   9
r  1303   1352   1254   9
r  1354   1254   1204   9
r  1401   1452   1352   9
r  381   332   379   9
r  181   130   284   9
r  137   142   188   9
r  37   85   188   9
r  1702   1552   1651   9
r  1023   922   1025   9
r  979   977   878   9
r  786   735   734   9
r  240   189   242   9
r  1803   1903   1852   9
r  492   490   540   9
r  40   142   91   9
r  291   392   390   9
r  1421   1373   1372   9
r  1951   1903   1853   9
r  1901   1803   1852   9
r  1713   1764   1762   9
r  592   594   441   9
r  95   43   91   9
r  43   142   94   9
r  46   197   49   9
r  1233   1181   1130   9
r  1763   1865   1812   9
r  1326   1377   1275   9
r  49   197   148   9
r  98   47   197   9
r  198   200   300   9
r  200   196   149   9
r  100   149   97   9
r  50   149   197   9
r  150   97   197   9
r  97   196   148   9
r  300   97   148   9
r  99   50   200   9
r  48   149   197   9
r  348   299   197   9
r  1862   1864   1963   9
r  2202   2303   2356   9
r  2203   2201   2356   9
r  994   1043   996   9
r  450   549   698   9
r  2254   2203   2356   9
r  2201   2403   2356   9
r  850   899   698   9
r  2406   2207   2403   9
r  2354   2303   2403   9
r  2251   2203   2403   9
r  2404   2456   2356   9
r  2452   2304   2356   9
r  2405   2403   2356   9
r  2451   2456   2356   9
r  2458   2353   2356   9
r  2305   2403   2356   9
r  2309   2256   2356   9
r  2303   2355   2403   9
r  2457   2356   2403   9
r  2304   2356   2403   9
r  2351   2356   2303   9
r  1196   1245   1249   9
r  2401   2403   2303   9
r  2362   2364   2314   9
r  2411   2463   2464   9
r  2266   2365   2368   9
r  1978   1929   1926   9
r  2027   2076   1926   9
r  2323   2321   2424   9
r  2464   2312   2412   9
r  2414   2314   2412   9
r  1250   1298   1198   9
r  1199   1300   1299   9
r  1349   1298   1149   9
r  1200   1198   1248   9
r  2370   2418   2372   9
r  2466   2417   2418   9
r  2419   2320   2321   9
r  2470   2369   2368   9
r  2374   2425   2321   9
r  2424   2473   2321   9
r  2472   2424   2321   9
r  2375   2473   2321   9
r  1450   1596   1550   9
r  1444   1395   1446   9
r  1398   1549   1346   9
r  1837   1788   1937   9
r  1600   1597   1549   9
r  2285   2234   2035   9
r  2282   2333   2383   9
r  2427   2430   2480   9
r  1599   1596   1597   9
r  2235   2335   2186   9
r  2480   2478   2429   9
r  1700   1748   1848   9
r  1950   1999   1848   9
r  2044   2145   2096   9
r  2437   2386   2388   9
r  2048   2147   2046   9
r  2486   2388   2434   9
r  2390   2289   2491   9
r  2248   2348   2297   9
r  2199   2248   2399   9
r  2488   2386   2338   9
r  2441   2343   2439   9
r  2391   2491   2440   9
r  2392   2440   2343   9
r  2200   2399   2297   9
r  2298   2446   2294   9
r  2399   2297   2446   9
r  2397   2348   2399   9
r  2446   2297   2397   9
r  2300   2248   2297   9
r  2299   2399   2446   9
r  2250   2399   2297   9
r  2346   2446   2297   9
r  2394   2343   2346   9
r  2443   2494   2343   9
r  2348   2297   2399   9
r  2349   2300   2398   9
r  2400   2294   2297   9
r  2450   2446   2398   9
r  2499   2297   2446   9
r  2396   2398   2297   9
r  2447   2297   2398   9
r  2350   2348   2399   9
r  2498   2297   2399   9
r  2497   2297   2399   9
r  2500   2449   2399   9
r  2444   2495   2297   9
r  2345   2247   2446   9
r  1   153   204   10
r  51   103   153   10
r  2   153   102   10
r  52   204   104   10
r  101   204   104   10
r  3   104   204   10
r  55   153   204   10
r  102   153   104   10
r  53   204   104   10
r  104   1   204   10
r  254   302   153   10
r  201   153   104   10
r  57   104   204   10
r  151   153   204   10
r  5   56   204   10
r  107   256   204   10
r  451   353   204   10
r  253   204   151   10
r  56   204   153   10
r  4   204   153   10
r  155   56   153   10
r  106   102   153   10
r  355   303   306   10
r  403   452   302   10
r  351   204   452   10
r  356   305   354   10
r  63   161   108   10
r  160   310   63   10
r  552   603   652   10
r  13   108   112   10
r  114   65   62   10
r  651   602   654   10
r  263   214   363   10
r  16   166   117   10
r  18   117   67   10
r  658   611   558   10
r  1051   1151   903   10
r  1001   953   1003   10
r  1052   1101   1003   10
r  1103   1152   1003   10
r  123   23   22   10
r  174   225   126   10
r  373   425   327   10
r  70   68   118   10
r  20   67   118   10
r  856   807   859   10
r  905   856   1006   10
r  951   1003   1053   10
r  1202   1251   1352   10
r  73   223   171   10
r  21   23   171   10
r  71   73   122   10
r  72   21   23   10
r  225   176   126   10
r  1156   955   1006   10
r  279   180   127   10
r  1061   1112   1059   10
r  1301   1254   1403   10
r  1305   1356   1204   10
r  1161   1159   1260   10
r  82   131   31   10
r  631   580   682   10
r  1065   1067   1114   10
r  32   83   85   10
r  827   875   730   10
r  534   482   585   10
r  585   536   587   10
r  136   85   88   10
r  1653   1753   1702   10
r  1706   1704   1603   10
r  973   1074   1022   10
r  138   189   89   10
r  140   88   188   10
r  1513   1415   1411   10
r  1701   1652   1752   10
r  1710   1809   1762   10
r  1074   1025   923   10
r  932   881   981   10
r  884   835   935   10
r  40   91   88   10
r  240   242   192   10
r  1516   1567   1616   10
r  1804   1753   1853   10
r  41   93   38   10
r  91   142   43   10
r  43   243   142   10
r  1080   1029   1028   10
r  1227   1178   1229   10
r  2001   2052   2101   10
r  939   988   790   10
r  46   49   197   10
r  1233   1231   1132   10
r  2006   2057   2004   10
r  2152   2203   2356   10
r  842   790   891   10
r  96   148   197   10
r  47   148   197   10
r  149   97   197   10
r  200   149   197   10
r  249   348   148   10
r  48   197   148   10
r  99   200   197   10
r  196   199   96   10
r  150   148   97   10
r  49   148   197   10
r  100   148   197   10
r  350   250   197   10
r  298   347   197   10
r  398   449   197   10
r  2204   2255   2356   10
r  2205   2403   2356   10
r  496   399   447   10
r  1526   1575   1577   10
r  2203   2252   2403   10
r  2256   2204   2356   10
r  2207   2407   2356   10
r  2357   2406   2403   10
r  2352   2403   2303   10
r  2405   2353   2403   10
r  2305   2254   2403   10
r  2304   2351   2356   10
r  2408   2410   2356   10
r  2351   2403   2356   10
r  2459   2410   2356   10
r  2401   2453   2356   10
r  646   595   698   10
r  499   646   698   10
r  1630   1579   1729   10
r  2457   2403   2357   10
r  2402   2356   2351   10
r  2404   2356   2453   10
r  2354   2356   2303   10
r  2456   2356   2403   10
r  2451   2356   2403   10
r  2458   2356   2403   10
r  2454   2356   2303   10
r  2312   2411   2410   10
r  946   894   1045   10
r  697   648   748   10
r  649   698   549   10
r  2361   2462   2461   10
r  950   899   797   10
r  800   698   849   10
r  2418   2365   2370   10
r  2413   2314   2315   10
r  2365   2368   2466   10
r  1149   1200   1248   10
r  2467   2365   2416   10
r  2472   2373   2370   10
r  1299   1198   1149   10
r  1350   1299   1149   10
r  2473   2321   2424   10
r  2039   1939   1940   10
r  2476   2474   2378   10
r  1498   1299   1596   10
r  1793   1943   1844   10
r  2379   2279   2430   10
r  2283   2383   2281   10
r  2332   2483   2334   10
r  2384   2435   2233   10
r  2480   2429   2428   10
r  1650   1599   1648   10
r  1649   1547   1549   10
r  1598   1547   1596   10
r  1797   1848   1697   10
r  1895   1995   1942   10
r  2436   2433   2383   10
r  2481   2430   2383   10
r  1700   1848   1798   10
r  2438   2489   2487   10
r  2442   2343   2439   10
r  2492   2343   2394   10
r  2298   2399   2446   10
r  2249   2198   2297   10
r  2446   2397   2297   10
r  2297   2299   2399   10
r  2346   2297   2294   10
r  2493   2394   2343   10
r  2395   2247   2297   10
r  2345   2446   2297   10
r  2250   2297   2399   10
r  2299   2446   2399   10
r  2348   2399   2297   10
r  2449   2294   2446   10
r  2499   2446   2297   10
r  2397   2248   2297   10
r  2350   2297   2299   10
r  2498   2446   2297   10
r  2500   2297   2398   10
r  2495   2297   2399   10
r  2448   2399   2297   10
r  2450   2399   2297   10
r  1   52   153   11
r  2   102   104   11
r  101   153   204   11
r  52   153   204   11
r  55   102   153   11
r  254   153   205   11
r  304   203   153   11
r  201   104   153   11
r  105   153   102   11
r  53   153   204   11
r  253   151   204   11
r  4   153   204   11
r  106   153   204   11
r  206   257   204   11
r  354   405   204   11
r  257   158   204   11
r  251   204   302   11
r  151   204   153   11
r  5   204   153   11
r  107   204   153   11
r  7   107   153   11
r  305   153   205   11
r  655   555   503   11
r  653   651   453   11
r  13   112   62   11
r  601   652   654   11
r  651   702   551   11
r  752   754   853   11
r  560   509   609   11
r  73   171   270   11
r  116   67   118   11
r  16   67   118   11
r  19   68   66   11
r  169   118   68   11
r  123   22   71   11
r  468   466   416   11
r  908   859   857   11
r  1101   1003   903   11
r  1055   1107   1006   11
r  76   129   124   11
r  520   618   469   11
r  566   564   668   11
r  1251   1303   1352   11
r  1302   1351   1254   11
r  1253   1353   1352   11
r  622   573   571   11
r  128   29   126   11
r  79   77   30   11
r  568   668   617   11
r  1304   1353   1204   11
r  1403   1452   1352   11
r  30   131   132   11
r  1451   1502   1403   11
r  1501   1403   1552   11
r  723   774   675   11
r  1358   1258   1161   11
r  434   334   284   11
r  32   85   83   11
r  635   684   583   11
r  286   234   186   11
r  188   190   337   11
r  36   87   135   11
r  1654   1853   1603   11
r  1651   1752   1803   11
r  1461   1362   1509   11
r  1123   1074   1022   11
r  1467   1516   1568   11
r  1701   1803   1703   11
r  1903   1852   1753   11
r  1661   1612   1663   11
r  141   40   88   11
r  1851   1803   1951   11
r  44   145   91   11
r  1715   1764   1667   11
r  1085   1037   987   11
r  492   539   490   11
r  94   192   91   11
r  43   142   95   11
r  45   142   197   11
r  1233   1132   1284   11
r  1956   2055   2004   11
r  890   839   790   11
r  46   197   148   11
r  1577   1677   1479   11
r  2153   2151   2356   11
r  2151   2202   2356   11
r  2206   2255   2403   11
r  2205   2156   2403   11
r  547   496   698   11
r  97   148   149   11
r  49   197   96   11
r  199   148   98   11
r  250   198   148   11
r  98   100   149   11
r  48   148   197   11
r  297   346   197   11
r  200   197   100   11
r  150   197   148   11
r  100   197   148   11
r  99   197   48   11
r  1723   1672   1874   11
r  2253   2403   2202   11
r  2306   2205   2403   11
r  2255   2202   2356   11
r  2355   2403   2303   11
r  2307   2310   2403   11
r  2457   2207   2356   11
r  2358   2360   2356   11
r  2402   2351   2356   11
r  2404   2453   2356   11
r  2354   2303   2356   11
r  2456   2353   2356   11
r  2451   2453   2356   11
r  2458   2456   2356   11
r  796   745   698   11
r  2304   2356   2352   11
r  2301   2356   2252   11
r  2405   2356   2456   11
r  2352   2356   2403   11
r  2459   2356   2403   11
r  2401   2356   2453   11
r  2262   2311   2360   11
r  2312   2410   2412   11
r  848   799   897   11
r  898   949   998   11
r  649   600   698   11
r  700   600   549   11
r  550   599   499   11
r  800   849   698   11
r  798   847   698   11
r  998   1047   698   11
r  600   698   699   11
r  1436   1385   1287   11
r  1245   1145   1196   11
r  2274   2226   2321   11
r  2465   2416   2412   11
r  1246   1198   1149   11
r  1249   1149   1298   11
r  2417   2368   2466   11
r  2467   2418   2368   11
r  2371   2423   2424   11
r  1250   1248   1149   11
r  1299   1149   1198   11
r  2421   2321   2373   11
r  2327   2329   2378   11
r  1446   1346   1397   11
r  2476   2378   2430   11
r  2037   2138   2136   11
r  2479   2378   2328   11
r  2380   2429   2428   11
r  2477   2428   2479   11
r  2478   2430   2378   11
r  1650   1648   1697   11
r  1597   1648   1697   11
r  1598   1596   1699   11
r  1746   1695   1748   11
r  2288   2336   2339   11
r  2482   2434   2382   11
r  1799   1699   1848   11
r  1750   1798   1848   11
r  2487   2388   2489   11
r  2488   2338   2289   11
r  2389   2386   2437   11
r  2388   2289   2340   11
r  2149   2098   1949   11
r  2144   2195   2142   11
r  2100   1949   2049   11
r  2248   2446   2398   11
r  2492   2394   2343   11
r  2200   2297   2399   11
r  2249   2297   2398   11
r  2398   2446   2294   11
r  2344   2296   2297   11
r  2395   2297   2446   11
r  2250   2399   2297   11
r  2299   2399   2297   11
r  2348   2297   2446   11
r  2349   2297   2249   11
r  2449   2297   2398   11
r  2350   2299   2297   11
r  2498   2297   2446   11
r  2497   2348   2297   11
r  2500   2398   2297   11
r  2496   2398   2399   11
r  2450   2297   2399   11
r  2447   2399   2297   11
r  2448   2297   2446   11
r  2   55   153   12
r  101   204   153   12
r  52   204   153   12
r  3   204   56   12
r  254   205   153   12
r  102   104   153   12
r  352   401   153   12
r  302   351   153   12
r  53   104   153   12
r  257   157   153   12
r  251   153   204   12
r  155   153   204   12
r  151   153   204   12
r  5   53   204   12
r  351   452   204   12
r  56   53   204   12
r  404   453   204   12
r  6   157   204   12
r  406   354   204   12
r  4   204   153   12
r  353   204   153   12
r  401   204   153   12
r  7   153   157   12
r  453   402   652   12
r  10   110   162   12
r  61   63   108   12
r  551   652   602   12
r  601   654   652   12
r  701   652   654   12
r  607   558   659   12
r  66   119   69   12
r  166   65   118   12
r  23   71   270   12
r  19   118   68   12
r  169   218   118   12
r  466   515   415   12
r  902   853   1053   12
r  901   1003   953   12
r  1152   1201   953   12
r  906   904   858   12
r  122   124   120   12
r  124   173   25   12
r  26   75   126   12
r  1052   1003   1104   12
r  1252   1254   1352   12
r  27   129   76   12
r  28   224   126   12
r  1204   1206   1352   12
r  1302   1254   1253   12
r  1253   1251   1204   12
r  1351   1403   1254   12
r  770   721   772   12
r  1255   1352   1253   12
r  1303   1301   1352   12
r  674   773   772   12
r  676   776   723   12
r  774   725   825   12
r  183   234   384   12
r  486   537   587   12
r  1556   1505   1658   12
r  536   484   585   12
r  38   89   188   12
r  139   90   188   12
r  1703   1602   1603   12
r  1701   1703   1603   12
r  1462   1513   1411   12
r  1367   1318   1369   12
r  1122   1171   1222   12
r  928   977   1029   12
r  1032   983   933   12
r  1751   1852   1703   12
r  1655   1606   1752   12
r  1801   1852   1853   12
r  1660   1709   1711   12
r  1125   1024   1177   12
r  1901   1952   1853   12
r  1951   1853   2002   12
r  1614   1713   1665   12
r  144   197   91   12
r  392   242   291   12
r  2001   2101   2004   12
r  546   595   698   12
r  145   93   197   12
r  195   244   197   12
r  46   148   197   12
r  943   894   1045   12
r  745   845   698   12
r  497   448   698   12
r  97   197   148   12
r  196   147   97   12
r  47   49   96   12
r  149   47   48   12
r  200   100   197   12
r  150   97   197   12
r  199   197   148   12
r  350   197   148   12
r  48   197   148   12
r  99   97   197   12
r  49   96   197   12
r  100   148   197   12
r  400   299   197   12
r  248   199   297   12
r  2154   2356   2403   12
r  2204   2253   2403   12
r  2155   2256   2356   12
r  2202   2204   2303   12
r  1578   1627   1479   12
r  500   549   698   12
r  899   798   698   12
r  600   549   698   12
r  849   1000   698   12
r  900   949   698   12
r  450   698   549   12
r  1485   1584   1384   12
r  2256   2356   2403   12
r  2255   2356   2204   12
r  2201   2453   2403   12
r  2303   2403   2301   12
r  2355   2303   2403   12
r  2453   2456   2303   12
r  2353   2355   2405   12
r  2253   2202   2403   12
r  2251   2403   2254   12
r  2305   2403   2354   12
r  2402   2453   2303   12
r  2304   2352   2356   12
r  2301   2403   2356   12
r  2405   2456   2356   12
r  2352   2303   2356   12
r  2459   2403   2356   12
r  2454   2353   2356   12
r  2401   2453   2356   12
r  2359   2258   2356   12
r  2308   2360   2356   12
r  2165   2217   2161   12
r  1920   1872   1820   12
r  649   698   700   12
r  949   998   849   12
r  1049   1100   948   12
r  2404   2356   2453   12
r  2302   2356   2456   12
r  2451   2356   2303   12
r  2408   2356   2403   12
r  2351   2356   2403   12
r  2358   2356   2403   12
r  2023   2074   1922   12
r  2267   2318   2368   12
r  2172   2219   2321   12
r  2361   2461   2412   12
r  2412   2463   2315   12
r  1977   1974   2075   12
r  1246   1197   1249   12
r  1148   1099   1249   12
r  2317   2319   2268   12
r  2464   2315   2363   12
r  2414   2463   2315   12
r  2416   2315   2368   12
r  1250   1149   1299   12
r  1443   1494   1395   12
r  1345   1444   1445   12
r  2469   2368   2367   12
r  2373   2424   2321   12
r  2421   2373   2321   12
r  2473   2373   2321   12
r  2323   2272   2372   12
r  2276   2174   2176   12
r  1500   1697   1597   12
r  1550   1400   1697   12
r  2472   2321   2424   12
r  2475   2375   2424   12
r  2326   2429   2378   12
r  2184   2083   2233   12
r  2233   2435   2434   12
r  1597   1697   1648   12
r  1699   1597   1549   12
r  1648   1600   1596   12
r  1696   1596   1748   12
r  2426   2430   2328   12
r  2381   2435   2233   12
r  1846   1848   1697   12
r  2333   2233   2434   12
r  2384   2233   2435   12
r  2431   2482   2435   12
r  2484   2482   2431   12
r  2485   2483   2432   12
r  2482   2383   2434   12
r  1800   1648   1848   12
r  2050   1949   1848   12
r  2387   2339   2438   12
r  2489   2437   2390   12
r  2048   2046   2147   12
r  2391   2442   2343   12
r  2296   2294   2399   12
r  2200   2299   2398   12
r  2249   2200   2297   12
r  2247   2245   2399   12
r  2298   2446   2399   12
r  2297   2398   2294   12
r  2246   2193   2297   12
r  2295   2247   2399   12
r  2346   2247   2297   12
r  2395   2294   2297   12
r  2345   2297   2294   12
r  2250   2297   2398   12
r  2299   2297   2399   12
r  2349   2249   2297   12
r  2449   2398   2297   12
r  2400   2297   2446   12
r  2499   2297   2450   12
r  2498   2446   2398   12
r  2497   2297   2495   12
r  2348   2446   2399   12
r  2446   2297   2398   12
r  2500   2399   2398   12
r  2450   2399   2297   12
r  1   153   102   13
r  51   204   104   13
r  2   104   204   13
r  101   104   204   13
r  52   153   204   13
r  3   153   204   13
r  203   102   104   13
r  304   153   104   13
r  105   102   153   13
r  106   157   153   13
r  354   403   153   13
r  151   104   153   13
r  4   53   204   13
r  355   304   204   13
r  401   153   204   13
r  306   304   204   13
r  301   153   104   13
r  155   204   153   13
r  251   204   153   13
r  351   204   153   13
r  6   204   153   13
r  402   451   153   13
r  305   257   153   13
r  10   162   59   13
r  12   112   61   13
r  11   63   13   13
r  701   551   503   13
r  113   161   11   13
r  601   652   654   13
r  603   652   654   13
r  460   411   408   13
r  508   460   560   13
r  703   655   652   13
r  16   117   166   13
r  19   68   118   13
r  17   66   68   13
r  167   118   68   13
r  22   71   120   13
r  168   68   120   13
r  1103   1052   903   13
r  1052   953   1003   13
r  124   224   126   13
r  77   129   126   13
r  1051   1003   953   13
r  951   903   1152   13
r  1104   1053   1155   13
r  1202   1254   1204   13
r  862   913   761   13
r  178   277   329   13
r  1253   1204   1251   13
r  477   526   528   13
r  280   278   233   13
r  230   78   277   13
r  30   83   131   13
r  577   628   525   13
r  1301   1352   1254   13
r  1402   1351   1204   13
r  1014   1115   1066   13
r  1504   1604   1603   13
r  35   134   84   13
r  1601   1603   1753   13
r  1023   1025   922   13
r  1651   1654   1603   13
r  1702   1651   1753   13
r  1511   1560   1463   13
r  1463   1515   1561   13
r  974   1022   1025   13
r  39   91   88   13
r  41   38   88   13
r  92   94   88   13
r  1701   1603   1853   13
r  1802   1851   1853   13
r  986   1085   1136   13
r  190   241   141   13
r  43   94   142   13
r  441   541   444   13
r  594   546   543   13
r  1040   941   991   13
r  293   242   244   13
r  46   197   148   13
r  795   746   698   13
r  97   149   197   13
r  2153   2356   2403   13
r  2154   2103   2356   13
r  2206   2357   2356   13
r  2151   2356   2403   13
r  2061   2110   2161   13
r  846   848   746   13
r  47   96   147   13
r  50   197   99   13
r  150   197   97   13
r  199   98   197   13
r  48   97   197   13
r  49   197   148   13
r  100   97   148   13
r  99   48   147   13
r  350   148   197   13
r  397   348   197   13
r  448   445   197   13
r  497   548   549   13
r  2256   2403   2356   13
r  2307   2403   2206   13
r  2201   2403   2303   13
r  2303   2405   2403   13
r  2251   2254   2303   13
r  2305   2354   2403   13
r  2301   2252   2403   13
r  2405   2403   2305   13
r  2404   2453   2356   13
r  2302   2403   2356   13
r  2451   2403   2356   13
r  2408   2403   2356   13
r  2351   2403   2356   13
r  2358   2403   2356   13
r  2310   2359   2356   13
r  2257   2308   2356   13
r  998   698   897   13
r  399   397   698   13
r  649   549   698   13
r  949   1000   698   13
r  500   698   549   13
r  2452   2356   2303   13
r  2455   2356   2303   13
r  2352   2356   2303   13
r  2457   2356   2403   13
r  2459   2356   2403   13
r  2401   2356   2403   13
r  2263   2312   2412   13
r  1632   1732   1583   13
r  2411   2464   2312   13
r  2465   2417   2360   13
r  2271   2172   2122   13
r  2313   2464   2315   13
r  2026   2126   1974   13
r  1833   1732   1781   13
r  1197   1250   1149   13
r  1000   1099   1049   13
r  2364   2412   2315   13
r  2368   2320   2417   13
r  2319   2270   2268   13
r  1299   1248   1149   13
r  1297   1346   1198   13
r  1400   1149   1249   13
r  1450   1549   1149   13
r  2467   2368   2418   13
r  2468   2466   2416   13
r  2469   2369   2368   13
r  2421   2370   2368   13
r  2371   2422   2373   13
r  2420   2372   2424   13
r  2277   2226   2176   13
r  2176   2128   2278   13
r  2129   2126   2229   13
r  1500   1549   1697   13
r  2423   2321   2375   13
r  2376   2474   2424   13
r  1597   1648   1697   13
r  1549   1648   1596   13
r  1600   1649   1697   13
r  1647   1698   1549   13
r  1795   1849   1697   13
r  2428   2377   2327   13
r  1599   1648   1697   13
r  1748   1797   1699   13
r  1700   1798   1549   13
r  2092   2041   2143   13
r  2435   2484   2382   13
r  2432   2434   2334   13
r  2486   2489   2432   13
r  2481   2383   2434   13
r  1800   1849   1899   13
r  1850   1799   1848   13
r  1896   1848   1949   13
r  2489   2389   2289   13
r  2000   2049   1949   13
r  2442   2342   2343   13
r  2047   2198   1998   13
r  2199   2300   2297   13
r  2196   2247   2399   13
r  2296   2394   2294   13
r  2200   2398   2297   13
r  2297   2399   2446   13
r  2246   2297   2398   13
r  2398   2294   2297   13
r  2346   2294   2399   13
r  2493   2343   2394   13
r  2394   2392   2297   13
r  2298   2294   2398   13
r  2299   2399   2297   13
r  2400   2446   2297   13
r  2499   2450   2297   13
r  2396   2297   2398   13
r  2397   2297   2446   13
r  2395   2446   2399   13
r  2447   2398   2399   13
r  2500   2297   2399   13
r  2450   2297   2399   13
r  2300   2399   2398   13
r  2345   2294   2297   13
r  2497   2399   2297   13
r  2495   2399   2297   13
r  2348   2399   2297   13
r  2448   2446   2297   13
r  2494   2393   2297   13
r  1   102   153   14
r  51   104   204   14
r  52   104   153   14
r  103   101   51   14
r  3   56   153   14
r  304   104   153   14
r  201   153   301   14
r  102   153   104   14
r  206   106   153   14
r  404   353   153   14
r  406   355   153   14
r  401   452   153   14
r  155   153   204   14
r  353   302   204   14
r  251   153   204   14
r  351   353   204   14
r  6   107   204   14
r  305   153   204   14
r  452   252   204   14
r  403   352   204   14
r  356   354   204   14
r  307   355   204   14
r  256   305   204   14
r  552   652   204   14
r  301   104   153   14
r  152   204   352   14
r  202   204   104   14
r  352   204   401   14
r  151   204   202   14
r  156   204   153   14
r  57   204   153   14
r  357   405   153   14
r  456   454   503   14
r  9   108   157   14
r  210   109   157   14
r  60   160   157   14
r  61   108   63   14
r  804   853   801   14
r  905   954   852   14
r  1002   1152   903   14
r  1053   953   1152   14
r  1103   903   1152   14
r  17   68   66   14
r  18   67   66   14
r  19   66   68   14
r  859   857   906   14
r  713   762   761   14
r  951   1152   903   14
r  1051   903   1152   14
r  1001   1003   953   14
r  1202   1352   1251   14
r  24   77   124   14
r  274   272   126   14
r  72   123   74   14
r  25   73   126   14
r  21   120   23   14
r  1011   1062   1013   14
r  816   916   867   14
r  622   624   574   14
r  1355   1204   1254   14
r  30   132   83   14
r  1552   1601   1752   14
r  1551   1652   1753   14
r  722   673   724   14
r  724   624   673   14
r  232   183   132   14
r  332   334   284   14
r  32   84   30   14
r  1312   1363   1364   14
r  1752   1803   1854   14
r  1460   1509   1411   14
r  234   134   83   14
r  1270   1272   1219   14
r  1651   1803   1752   14
r  1702   1753   1853   14
r  1751   1703   1753   14
r  1804   1755   1753   14
r  1902   1951   1753   14
r  1851   2002   2001   14
r  1806   1907   1857   14
r  136   88   187   14
r  37   88   135   14
r  140   188   88   14
r  42   91   88   14
r  95   93   88   14
r  1423   1472   1374   14
r  2005   2007   2056   14
r  2103   2003   2356   14
r  2105   2156   2356   14
r  190   141   142   14
r  39   88   41   14
r  96   149   148   14
r  2107   2105   2356   14
r  2153   2403   2356   14
r  2151   2403   2356   14
r  2203   2403   2152   14
r  691   640   739   14
r  1086   1186   1038   14
r  2306   2206   2303   14
r  2251   2303   2403   14
r  2354   2403   2303   14
r  2451   2303   2403   14
r  2351   2303   2403   14
r  2358   2307   2403   14
r  2208   2155   2356   14
r  2452   2303   2356   14
r  2455   2303   2356   14
r  2352   2303   2356   14
r  2457   2403   2356   14
r  2459   2407   2356   14
r  2401   2303   2356   14
r  2259   2308   2356   14
r  2256   2356   2403   14
r  2257   2356   2206   14
r  2201   2356   2403   14
r  47   197   150   14
r  98   149   300   14
r  200   197   149   14
r  50   99   197   14
r  249   197   298   14
r  398   447   297   14
r  150   148   197   14
r  49   148   197   14
r  2405   2356   2403   14
r  2404   2356   2303   14
r  2407   2356   2409   14
r  2408   2356   2403   14
r  2302   2356   2403   14
r  2458   2356   2303   14
r  1041   1139   1092   14
r  596   696   698   14
r  297   197   299   14
r  450   549   698   14
r  2264   2363   2412   14
r  2463   2364   2412   14
r  2413   2464   2360   14
r  1971   1924   1922   14
r  2123   2171   2172   14
r  895   995   1045   14
r  845   796   698   14
r  598   698   649   14
r  1435   1384   1484   14
r  2314   2363   2412   14
r  2313   2315   2412   14
r  2315   2363   2461   14
r  2220   2119   2171   14
r  697   748   746   14
r  998   1099   899   14
r  1490   1488   1438   14
r  748   647   549   14
r  800   899   849   14
r  749   698   649   14
r  2467   2416   2368   14
r  2320   2318   2424   14
r  2319   2370   2321   14
r  1000   1100   849   14
r  2175   2276   2074   14
r  2419   2368   2370   14
r  2421   2368   2424   14
r  2323   2424   2321   14
r  2472   2370   2321   14
r  2374   2321   2372   14
r  1149   1198   1249   14
r  2426   2328   2375   14
r  1349   1400   1198   14
r  1250   1198   1149   14
r  1396   1447   1347   14
r  2476   2428   2479   14
r  2427   2478   2430   14
r  1893   1942   1794   14
r  2041   1941   1940   14
r  2037   2136   2089   14
r  2335   2435   2434   14
r  2331   2333   2434   14
r  2479   2328   2378   14
r  2478   2429   2430   14
r  1549   1598   1697   14
r  2384   2435   2382   14
r  2432   2481   2434   14
r  2484   2432   2436   14
r  2483   2434   2432   14
r  1548   1648   1697   14
r  1649   1597   1697   14
r  1700   1549   1697   14
r  1750   1848   1697   14
r  1850   1848   1697   14
r  2192   2141   2292   14
r  2390   2491   2442   14
r  1799   1899   1850   14
r  1996   2045   2147   14
r  2441   2439   2343   14
r  2196   2399   2297   14
r  2296   2294   2398   14
r  2492   2391   2394   14
r  2150   2049   2297   14
r  2294   2394   2399   14
r  2295   2343   2297   14
r  2246   2295   2399   14
r  2344   2295   2399   14
r  2297   2446   2399   14
r  2444   2446   2399   14
r  2200   2399   2398   14
r  2249   2297   2399   14
r  2400   2297   2294   14
r  2348   2346   2399   14
r  2500   2399   2297   14
r  2449   2446   2398   14
r  2350   2297   2398   14
r  2447   2399   2398   14
r  2497   2297   2399   14
r  2298   2398   2446   14
r  2300   2398   2399   14
r  2395   2399   2446   14
r  2250   2398   2297   14
r  2396   2398   2297   14
r  2450   2398   2297   14
r  2498   2398   2297   14
r  2495   2297   2399   14
r  2299   2297   2399   14
r  2494   2297   2399   14
r  205   353   153   15
r  155   102   153   15
r  251   302   153   15
r  256   205   153   15
r  202   153   204   15
r  352   153   204   15
r  151   153   204   15
r  402   354   204   15
r  156   153   204   15
r  405   255   204   15
r  152   104   204   15
r  357   153   204   15
r  102   204   153   15
r  355   204   153   15
r  305   204   153   15
r  452   204   153   15
r  403   204   153   15
r  356   204   153   15
r  7   157   153   15
r  407   356   153   15
r  157   108   153   15
r  8   108   153   15
r  58   109   153   15
r  158   9   109   15
r  651   551   602   15
r  653   453   702   15
r  61   63   108   15
r  559   610   458   15
r  1003   1152   903   15
r  952   903   1053   15
r  901   1053   1102   15
r  1052   1104   953   15
r  1051   953   1003   15
r  73   120   126   15
r  222   273   270   15
r  18   118   69   15
r  167   68   118   15
r  857   906   958   15
r  958   906   859   15
r  951   903   953   15
r  1101   903   1152   15
r  123   71   23   15
r  74   76   126   15
r  24   173   126   15
r  17   66   19   15
r  1056   1156   1058   15
r  1202   1251   1352   15
r  521   621   419   15
r  30   83   126   15
r  618   667   669   15
r  1301   1403   1352   15
r  1403   1352   1204   15
r  473   370   574   15
r  527   478   475   15
r  32   30   131   15
r  1505   1503   1603   15
r  478   476   529   15
r  528   628   531   15
r  35   84   83   15
r  1603   1555   1503   15
r  135   187   186   15
r  136   187   85   15
r  1121   1222   1172   15
r  1702   1853   1753   15
r  1608   1559   1508   15
r  1754   1854   1751   15
r  778   831   829   15
r  139   88   187   15
r  1365   1363   1316   15
r  1903   1753   2004   15
r  287   435   238   15
r  91   43   88   15
r  43   95   88   15
r  1612   1561   1714   15
r  1951   1852   2004   15
r  2052   2152   2356   15
r  147   149   300   15
r  1326   1275   1374   15
r  1376   1374   1427   15
r  2108   2157   2356   15
r  2153   2356   2403   15
r  2060   2011   2111   15
r  2204   2403   2303   15
r  2355   2404   2303   15
r  2309   2258   2403   15
r  2354   2303   2403   15
r  2451   2403   2303   15
r  2457   2357   2403   15
r  2157   2206   2356   15
r  2257   2206   2356   15
r  2255   2204   2356   15
r  2201   2403   2356   15
r  2258   2209   2356   15
r  2405   2403   2356   15
r  2404   2303   2356   15
r  2407   2403   2356   15
r  2302   2456   2356   15
r  2260   2208   2356   15
r  2458   2403   2356   15
r  2203   2356   2403   15
r  47   147   197   15
r  200   149   197   15
r  249   298   197   15
r  199   197   147   15
r  49   197   148   15
r  348   197   148   15
r  247   298   198   15
r  50   148   149   15
r  297   299   197   15
r  2456   2356   2303   15
r  2401   2356   2303   15
r  2455   2356   2303   15
r  644   642   744   15
r  2464   2363   2360   15
r  500   449   698   15
r  2263   2412   2315   15
r  2314   2412   2363   15
r  648   599   549   15
r  799   899   897   15
r  750   798   849   15
r  898   999   698   15
r  749   700   698   15
r  948   849   698   15
r  1098   1198   698   15
r  600   698   748   15
r  2221   2121   2170   15
r  2365   2466   2368   15
r  1096   1045   995   15
r  1100   999   897   15
r  1291   1293   1239   15
r  1148   1097   1299   15
r  1147   1195   1249   15
r  2324   2373   2321   15
r  2369   2320   2417   15
r  2370   2321   2424   15
r  1299   1198   1247   15
r  2325   2274   2321   15
r  2374   2473   2321   15
r  2423   2375   2321   15
r  2420   2321   2471   15
r  1395   1295   1347   15
r  1640   1691   1642   15
r  1400   1249   1149   15
r  1493   1442   1392   15
r  1396   1347   1445   15
r  1397   1394   1346   15
r  2085   1987   2136   15
r  2479   2329   2426   15
r  1446   1397   1394   15
r  1893   1794   1945   15
r  1598   1699   1697   15
r  2385   2383   2382   15
r  1799   1850   1949   15
r  1850   1697   1848   15
r  1948   2047   1848   15
r  2489   2390   2438   15
r  2438   2338   2289   15
r  2490   2390   2289   15
r  2390   2392   2343   15
r  2046   2146   2048   15
r  2488   2289   2439   15
r  2442   2343   2399   15
r  2197   2148   2297   15
r  2196   2398   2399   15
r  2199   2399   2398   15
r  2244   2144   2399   15
r  2492   2343   2297   15
r  2393   2491   2391   15
r  2443   2394   2399   15
r  2394   2346   2343   15
r  2247   2399   2398   15
r  2246   2399   2297   15
r  2200   2398   2399   15
r  2249   2398   2297   15
r  2346   2399   2446   15
r  2349   2398   2446   15
r  2400   2294   2297   15
r  2496   2297   2398   15
r  2298   2446   2346   15
r  2450   2297   2398   15
r  2497   2495   2297   15
r  2494   2394   2297   15
r  2448   2297   2399   15
r  2345   2297   2399   15
r  2500   2398   2399   15
r  2447   2297   2399   15
r  2395   2446   2399   15
r  2446   2398   2297   15
r  2347   2399   2446   15
r  2499   2399   2398   15
r  2397   2399   2297   15
r  2350   2399   2297   15
r  2495   2399   2297   15
r  2299   2399   2398   15
r  2   153   102   16
r  102   104   204   16
r  552   503   153   16
r  202   104   153   16
r  352   401   153   16
r  107   153   204   16
r  355   153   204   16
r  305   153   204   16
r  452   153   204   16
r  7   153   204   16
r  407   405   204   16
r  255   204   253   16
r  201   204   153   16
r  306   204   153   16
r  151   204   153   16
r  357   204   153   16
r  501   353   153   16
r  9   58   153   16
r  208   157   153   16
r  602   502   654   16
r  703   652   801   16
r  112   115   63   16
r  313   316   310   16
r  806   858   605   16
r  214   115   263   16
r  414   365   363   16
r  901   1102   952   16
r  1053   1102   953   16
r  951   953   1003   16
r  23   74   120   16
r  167   118   66   16
r  18   66   118   16
r  17   19   68   16
r  908   808   859   16
r  1102   1003   902   16
r  1101   1152   902   16
r  1051   1003   953   16
r  22   73   74   16
r  21   171   120   16
r  122   74   23   16
r  20   118   71   16
r  75   126   278   16
r  26   224   127   16
r  29   81   126   16
r  1302   1253   1204   16
r  1253   1251   1204   16
r  1301   1254   1204   16
r  1451   1552   1352   16
r  81   79   30   16
r  1452   1352   1403   16
r  624   723   672   16
r  181   284   83   16
r  1504   1552   1602   16
r  1170   1219   1217   16
r  1652   1752   1603   16
r  1752   1854   1603   16
r  1601   1753   1603   16
r  1317   1315   1369   16
r  1705   1653   1703   16
r  1702   1753   1603   16
r  1462   1561   1460   16
r  1701   1752   1753   16
r  1855   1806   1753   16
r  1806   1857   1753   16
r  386   335   486   16
r  137   88   140   16
r  1852   1753   1854   16
r  1759   1710   1757   16
r  1568   1468   1520   16
r  287   387   188   16
r  587   636   485   16
r  878   976   977   16
r  139   187   88   16
r  89   41   140   16
r  95   91   197   16
r  39   41   88   16
r  142   42   88   16
r  1664   1666   1662   16
r  1031   1132   933   16
r  240   192   144   16
r  40   88   142   16
r  42   88   91   16
r  43   88   91   16
r  2104   2204   2356   16
r  1427   1327   1326   16
r  340   389   342   16
r  738   587   787   16
r  291   390   242   16
r  46   148   197   16
r  147   96   98   16
r  100   148   147   16
r  448   198   698   16
r  199   147   197   16
r  49   148   197   16
r  348   297   197   16
r  295   344   197   16
r  345   396   197   16
r  450   550   197   16
r  246   346   148   16
r  2101   2052   2356   16
r  2153   2403   2356   16
r  2156   2107   2356   16
r  2406   2457   2303   16
r  2251   2403   2303   16
r  2204   2303   2403   16
r  2354   2403   2303   16
r  2454   2303   2405   16
r  2452   2403   2303   16
r  2255   2403   2303   16
r  2405   2305   2403   16
r  2407   2409   2403   16
r  2158   2107   2356   16
r  2256   2403   2356   16
r  2456   2403   2356   16
r  2408   2357   2356   16
r  2401   2403   2356   16
r  2455   2303   2356   16
r  492   540   441   16
r  47   197   148   16
r  98   197   198   16
r  149   197   300   16
r  300   197   297   16
r  50   197   148   16
r  150   197   148   16
r  99   197   97   16
r  2307   2356   2403   16
r  2404   2356   2305   16
r  2254   2356   2305   16
r  2359   2356   2403   16
r  2257   2356   2403   16
r  2351   2356   2303   16
r  2451   2356   2403   16
r  2458   2356   2403   16
r  2409   2356   2403   16
r  1821   1719   1721   16
r  542   540   493   16
r  393   395   444   16
r  849   898   897   16
r  598   649   698   16
r  600   699   698   16
r  896   995   698   16
r  847   896   698   16
r  848   897   698   16
r  950   798   698   16
r  1049   849   698   16
r  1000   1049   698   16
r  2461   2360   2410   16
r  2215   2264   2363   16
r  743   791   741   16
r  597   698   549   16
r  1047   1198   897   16
r  2022   1973   1923   16
r  2120   2171   2172   16
r  2462   2410   2312   16
r  2464   2360   2413   16
r  2364   2368   2412   16
r  1092   1141   1193   16
r  1299   1149   1198   16
r  2365   2367   2416   16
r  1931   1829   1882   16
r  1300   1298   1198   16
r  1200   1298   1149   16
r  1348   1399   1149   16
r  2318   2417   2418   16
r  2370   2372   2321   16
r  1686   1739   1737   16
r  2475   2376   2321   16
r  2323   2321   2370   16
r  2373   2321   2424   16
r  2470   2368   2419   16
r  1790   1839   1737   16
r  1597   1697   1648   16
r  1598   1697   1596   16
r  1749   1848   1697   16
r  1990   2041   1941   16
r  2332   2334   2434   16
r  2380   2428   2427   16
r  1947   1998   1848   16
r  2000   1949   1848   16
r  2433   2382   2431   16
r  2483   2432   2434   16
r  2486   2434   2383   16
r  1948   1848   2049   16
r  1950   1848   1898   16
r  2488   2389   2289   16
r  2487   2289   2439   16
r  2150   2099   2399   16
r  2242   2342   2393   16
r  2297   2399   2299   16
r  2492   2297   2399   16
r  2443   2399   2297   16
r  2344   2399   2398   16
r  2493   2393   2343   16
r  2247   2398   2399   16
r  2298   2399   2398   16
r  2250   2349   2399   16
r  2347   2398   2399   16
r  2346   2446   2399   16
r  2394   2343   2399   16
r  2499   2398   2399   16
r  2295   2399   2398   16
r  2500   2399   2398   16
r  2246   2398   2399   16
r  2397   2446   2399   16
r  2350   2398   2399   16
r  2496   2398   2297   16
r  2448   2399   2297   16
r  2345   2399   2297   16
r  2447   2399   2297   16
r  2299   2348   2399   16
r  2495   2297   2399   16
r  2446   2297   2398   16
r  2   204   153   17
r  4   153   106   17
r  107   156   153   17
r  452   503   153   17
r  255   153   204   17
r  356   153   204   17
r  201   301   204   17
r  306   153   204   17
r  151   202   204   17
r  357   153   204   17
r  208   153   204   17
r  451   204   153   17
r  156   204   153   17
r  355   204   153   17
r  305   204   153   17
r  7   204   153   17
r  504   455   153   17
r  308   359   410   17
r  158   109   160   17
r  10   108   63   17
r  60   157   108   17
r  163   261   62   17
r  115   118   66   17
r  1152   1052   1003   17
r  1001   953   1003   17
r  1101   953   1003   17
r  167   66   115   17
r  17   118   168   17
r  1102   902   1053   17
r  74   126   23   17
r  125   173   23   17
r  1057   1106   1006   17
r  1251   1352   1204   17
r  962   1015   1014   17
r  275   273   326   17
r  276   376   126   17
r  75   278   126   17
r  179   228   126   17
r  666   717   766   17
r  816   865   717   17
r  1254   1251   1205   17
r  1403   1502   1352   17
r  1255   1251   1204   17
r  1452   1351   1204   17
r  1013   1062   914   17
r  670   521   621   17
r  718   617   568   17
r  673   573   772   17
r  82   130   131   17
r  1268   1266   1369   17
r  478   480   530   17
r  723   675   725   17
r  581   681   530   17
r  36   85   83   17
r  34   83   85   17
r  631   530   580   17
r  1703   1603   1854   17
r  1653   1702   1753   17
r  1702   1603   1753   17
r  1801   1752   1753   17
r  1854   1755   1753   17
r  1852   1854   1753   17
r  1511   1463   1411   17
r  534   583   587   17
r  137   188   88   17
r  1905   1907   2004   17
r  1951   2004   1852   17
r  929   1027   1029   17
r  40   89   88   17
r  42   91   88   17
r  2053   2004   2356   17
r  2152   2356   1953   17
r  1569   1618   1616   17
r  190   143   90   17
r  191   242   144   17
r  2102   2002   2356   17
r  2104   2356   2403   17
r  2151   2356   2403   17
r  2153   2356   2403   17
r  2203   2403   2356   17
r  2205   2403   2303   17
r  46   147   148   17
r  146   148   300   17
r  196   96   148   17
r  299   248   297   17
r  98   198   197   17
r  149   300   197   17
r  50   148   197   17
r  150   148   197   17
r  99   97   197   17
r  47   148   197   17
r  248   300   148   17
r  2156   2204   2403   17
r  2357   2403   2303   17
r  2252   2403   2303   17
r  2251   2303   2403   17
r  2305   2403   2303   17
r  2352   2403   2303   17
r  2157   2208   2403   17
r  2201   2303   2403   17
r  2405   2403   2303   17
r  2256   2154   2403   17
r  2401   2303   2403   17
r  2307   2206   2356   17
r  2404   2353   2356   17
r  2254   2305   2356   17
r  2359   2403   2356   17
r  2351   2403   2356   17
r  2451   2403   2356   17
r  2458   2403   2356   17
r  2409   2460   2356   17
r  2255   2356   2403   17
r  1037   1089   1088   17
r  1135   1184   1083   17
r  48   197   198   17
r  297   197   148   17
r  49   197   148   17
r  2455   2356   2303   17
r  2358   2356   2303   17
r  2354   2356   2403   17
r  2308   2356   2403   17
r  2452   2356   2403   17
r  2258   2356   2403   17
r  2456   2356   2403   17
r  2454   2356   2303   17
r  697   746   748   17
r  750   849   549   17
r  1049   948   897   17
r  597   549   698   17
r  1048   999   698   17
r  1099   999   698   17
r  1050   1099   698   17
r  2361   2412   2261   17
r  2362   2413   2360   17
r  999   948   947   17
r  1149   1248   1299   17
r  2314   2363   2412   17
r  2414   2315   2363   17
r  1436   1336   1385   17
r  1250   1299   1198   17
r  1348   1397   1198   17
r  1297   1348   1149   17
r  2316   2367   2268   17
r  2272   2172   2321   17
r  1300   1149   1249   17
r  1247   1149   1249   17
r  1200   1149   1299   17
r  2468   2368   2367   17
r  2367   2268   2416   17
r  2074   2025   2224   17
r  2030   1981   1929   17
r  1597   1549   1697   17
r  2421   2424   2370   17
r  2373   2424   2370   17
r  2472   2424   2421   17
r  2323   2370   2321   17
r  2372   2471   2424   17
r  1446   1345   1395   17
r  1547   1648   1697   17
r  1598   1596   1697   17
r  1799   1848   1697   17
r  2423   2321   2471   17
r  2476   2430   2378   17
r  1987   1888   2089   17
r  2181   2233   2280   17
r  1594   1645   1642   17
r  1748   1697   1848   17
r  1749   1697   1746   17
r  1800   1899   1898   17
r  1850   1749   1799   17
r  2000   1899   1949   17
r  1997   2046   2048   17
r  2043   2045   2399   17
r  2435   2432   2486   17
r  2290   2339   2243   17
r  2149   1949   2049   17
r  2197   2248   2399   17
r  2147   2095   2096   17
r  2339   2439   2440   17
r  2439   2490   2391   17
r  2200   2297   2099   17
r  2297   2299   2399   17
r  2349   2297   2398   17
r  2449   2398   2446   17
r  2498   2297   2398   17
r  2496   2297   2398   17
r  2450   2398   2297   17
r  2499   2297   2398   17
r  2495   2446   2297   17
r  2344   2398   2399   17
r  2295   2297   2399   17
r  2500   2297   2399   17
r  2448   2294   2399   17
r  2345   2297   2399   17
r  2447   2297   2399   17
r  2446   2398   2297   17
r  2388   2340   2487   17
r  2491   2442   2390   17
r  2393   2492   2390   17
r  2445   2399   2398   17
r  2300   2399   2446   17
r  2346   2399   2398   17
r  2350   2399   2446   17
r  2492   2399   2297   17
r  2493   2343   2297   17
r  2342   2293   2393   17
r  2392   2491   2443   17
r  2   153   204   18
r  3   153   303   18
r  307   356   153   18
r  405   254   153   18
r  57   153   204   18
r  451   153   204   18
r  156   56   204   18
r  355   153   204   18
r  305   205   204   18
r  7   56   204   18
r  453   652   204   18
r  209   157   204   18
r  9   153   204   18
r  4   204   153   18
r  255   204   153   18
r  357   204   153   18
r  502   403   153   18
r  456   404   153   18
r  505   556   153   18
r  553   453   654   18
r  555   604   503   18
r  309   261   210   18
r  601   702   652   18
r  702   801   654   18
r  701   503   602   18
r  212   263   265   18
r  752   803   801   18
r  312   461   363   18
r  803   801   805   18
r  15   66   118   18
r  166   66   68   18
r  858   809   958   18
r  1151   1003   1102   18
r  1101   1003   1053   18
r  1102   1053   1003   18
r  1052   953   1101   18
r  1001   1052   1053   18
r  373   176   375   18
r  74   25   126   18
r  126   79   177   18
r  122   120   171   18
r  124   126   23   18
r  1153   1204   1155   18
r  224   173   126   18
r  78   129   127   18
r  229   329   126   18
r  568   617   668   18
r  619   568   668   18
r  1251   1351   1352   18
r  1161   1260   1208   18
r  30   126   83   18
r  1351   1252   1204   18
r  1303   1254   1204   18
r  1354   1204   1352   18
r  629   678   681   18
r  1363   1262   1312   18
r  1070   1119   1022   18
r  34   85   83   18
r  1506   1455   1559   18
r  1315   1313   1266   18
r  136   85   37   18
r  1601   1603   1652   18
r  1557   1506   1509   18
r  237   188   88   18
r  1651   1752   1753   18
r  1655   1706   1603   18
r  1903   1854   1753   18
r  1901   1853   1753   18
r  1951   2002   1753   18
r  1466   1569   1616   18
r  584   535   587   18
r  834   886   887   18
r  288   239   188   18
r  39   90   188   18
r  144   195   88   18
r  1851   2001   1853   18
r  1954   1905   1853   18
r  42   88   91   18
r  2152   2205   2356   18
r  2051   2152   2356   18
r  2053   1953   2004   18
r  193   244   291   18
r  95   88   148   18
r  195   246   148   18
r  146   300   148   18
r  1956   2004   2356   18
r  2104   2156   2356   18
r  2055   2004   2356   18
r  2103   2004   2403   18
r  2151   2403   2356   18
r  2153   2403   2356   18
r  2101   2356   2403   18
r  2203   2356   2403   18
r  2106   2157   2356   18
r  1328   1376   1425   18
r  740   839   640   18
r  46   197   300   18
r  96   197   147   18
r  247   198   148   18
r  297   198   197   18
r  250   148   297   18
r  150   97   148   18
r  300   297   197   18
r  48   198   197   18
r  49   149   197   18
r  396   343   197   18
r  694   743   698   18
r  2252   2356   2403   18
r  2204   2356   2303   18
r  2357   2303   2403   18
r  2251   2403   2303   18
r  2305   2303   2403   18
r  2405   2303   2403   18
r  2458   2303   2403   18
r  2255   2403   2356   18
r  2358   2403   2356   18
r  2257   2403   2356   18
r  2354   2403   2356   18
r  2452   2403   2356   18
r  2456   2403   2356   18
r  2454   2405   2356   18
r  2159   2210   2356   18
r  2455   2303   2356   18
r  2205   2356   2403   18
r  47   197   148   18
r  97   197   48   18
r  299   197   148   18
r  298   197   148   18
r  100   197   148   18
r  50   197   148   18
r  2404   2356   2303   18
r  2459   2356   2303   18
r  2457   2356   2303   18
r  2407   2356   2303   18
r  2401   2356   2303   18
r  2310   2356   2403   18
r  2359   2356   2403   18
r  2351   2356   2403   18
r  2451   2356   2403   18
r  2352   2356   2403   18
r  2261   2215   2412   18
r  548   698   748   18
r  799   897   549   18
r  547   549   649   18
r  998   899   698   18
r  999   849   698   18
r  947   998   698   18
r  2311   2410   2412   18
r  2461   2312   2360   18
r  1097   1149   897   18
r  1149   1299   1198   18
r  2312   2363   2360   18
r  2464   2412   2360   18
r  2220   2222   2321   18
r  1150   1249   1198   18
r  1197   1149   1299   18
r  1300   1249   1149   18
r  2415   2315   2413   18
r  2366   2368   2267   18
r  1929   2029   2080   18
r  1248   1246   1299   18
r  1250   1149   1247   18
r  1200   1299   1198   18
r  1296   1496   1347   18
r  2468   2416   2368   18
r  2419   2370   2368   18
r  2471   2422   2424   18
r  2424   2375   2373   18
r  2421   2370   2424   18
r  2370   2321   2372   18
r  2277   2176   2226   18
r  1499   1596   1697   18
r  2470   2419   2424   18
r  2420   2424   2469   18
r  2423   2472   2370   18
r  2179   2128   2230   18
r  1888   1937   1989   18
r  2134   2235   2083   18
r  2282   2233   2434   18
r  1498   1549   1697   18
r  1797   1547   1848   18
r  1746   1748   1697   18
r  1845   1891   1697   18
r  2332   2233   2383   18
r  1799   1697   1848   18
r  2433   2381   2382   18
r  2484   2431   2382   18
r  2486   2383   2434   18
r  2490   2391   2439   18
r  2389   2438   2289   18
r  2485   2434   2431   18
r  2340   2338   2391   18
r  2098   2096   1949   18
r  2349   2398   2297   18
r  2449   2297   2398   18
r  2400   2398   2446   18
r  2498   2398   2297   18
r  2347   2446   2398   18
r  2499   2398   2297   18
r  2250   2297   2398   18
r  2495   2297   2398   18
r  2299   2398   2297   18
r  2295   2398   2297   18
r  2345   2394   2398   18
r  2447   2398   2297   18
r  2298   2398   2399   18
r  2445   2297   2399   18
r  2346   2398   2399   18
r  2350   2297   2399   18
r  2493   2297   2399   18
r  2300   2446   2399   18
r  2446   2497   2398   18
r  2388   2487   2442   18
r  2249   2399   2198   18
r  2496   2399   2297   18
r  2395   2399   2398   18
r  2246   2399   2398   18
r  2443   2343   2491   18
r  2492   2297   2443   18
r  2   102   153   19
r  3   303   153   19
r  452   153   354   19
r  356   405   153   19
r  57   108   153   19
r  355   306   153   19
r  403   153   204   19
r  157   153   204   19
r  4   153   204   19
r  255   153   204   19
r  502   354   204   19
r  207   258   204   19
r  455   506   204   19
r  8   157   204   19
r  58   157   204   19
r  105   204   202   19
r  352   204   301   19
r  306   204   153   19
r  451   204   153   19
r  258   359   153   19
r  308   410   153   19
r  208   204   153   19
r  59   157   153   19
r  10   59   62   19
r  12   61   63   19
r  508   457   409   19
r  753   804   801   19
r  111   13   62   19
r  851   804   803   19
r  315   216   264   19
r  901   952   1053   19
r  117   115   17   19
r  17   168   118   19
r  908   859   906   19
r  1101   1053   1152   19
r  1002   1051   902   19
r  1051   1152   1003   19
r  1154   1201   1003   19
r  170   122   23   19
r  70   118   171   19
r  122   23   120   19
r  176   178   174   19
r  227   229   126   19
r  79   128   126   19
r  475   524   427   19
r  180   231   132   19
r  83   81   79   19
r  1451   1403   1254   19
r  672   723   674   19
r  624   672   723   19
r  579   531   476   19
r  181   83   130   19
r  1601   1652   1753   19
r  1414   1416   1264   19
r  136   36   88   19
r  137   140   188   19
r  38   138   142   19
r  1701   1753   1603   19
r  1656   1755   1603   19
r  1702   1751   1603   19
r  1901   1852   1853   19
r  1851   1951   1753   19
r  1805   1907   1753   19
r  1904   1953   1753   19
r  831   679   730   19
r  189   140   93   19
r  1853   1753   1751   19
r  1903   1753   1854   19
r  1952   2052   1853   19
r  2002   2053   2356   19
r  974   1025   923   19
r  829   876   878   19
r  42   93   142   19
r  44   142   197   19
r  144   88   142   19
r  1565   1518   1616   19
r  1179   1228   1226   19
r  194   295   197   19
r  145   94   148   19
r  2152   2356   2403   19
r  2056   2105   2356   19
r  2103   2403   2004   19
r  2101   2152   2356   19
r  2357   2403   2303   19
r  2251   2303   2403   19
r  2305   2403   2303   19
r  2207   2156   2403   19
r  2155   2206   2403   19
r  2259   2310   2403   19
r  2201   2403   2303   19
r  2405   2403   2303   19
r  2409   2403   2303   19
r  2153   2204   2403   19
r  2452   2303   2403   19
r  2159   2161   2403   19
r  2455   2403   2303   19
r  2203   2152   2356   19
r  2252   2403   2356   19
r  2204   2303   2356   19
r  2205   2403   2356   19
r  2404   2305   2356   19
r  2459   2403   2356   19
r  2457   2403   2356   19
r  2407   2403   2356   19
r  2308   2403   2356   19
r  2401   2303   2356   19
r  2359   2403   2356   19
r  2351   2403   2356   19
r  2451   2403   2356   19
r  2352   2403   2356   19
r  2310   2403   2356   19
r  1030   979   933   19
r  245   247   148   19
r  46   148   197   19
r  250   297   148   19
r  149   48   100   19
r  49   148   149   19
r  96   147   197   19
r  47   150   197   19
r  97   48   197   19
r  299   148   197   19
r  298   148   197   19
r  50   148   197   19
r  2104   2356   2303   19
r  2151   2356   2403   19
r  2106   2356   2403   19
r  2354   2356   2403   19
r  2456   2356   2403   19
r  2358   2356   2403   19
r  2254   2356   2303   19
r  2255   2356   2403   19
r  2257   2356   2403   19
r  2158   2356   2403   19
r  2261   2214   2360   19
r  2408   2356   2303   19
r  2458   2356   2303   19
r  2460   2311   2412   19
r  1282   1382   1230   19
r  1086   988   1089   19
r  343   345   395   19
r  348   197   297   19
r  297   197   300   19
r  349   197   148   19
r  397   197   148   19
r  2411   2312   2313   19
r  2361   2261   2412   19
r  2462   2312   2360   19
r  2313   2412   2360   19
r  2415   2363   2360   19
r  2362   2360   2311   19
r  1677   1626   1478   19
r  548   649   698   19
r  697   748   549   19
r  899   897   549   19
r  649   700   549   19
r  949   849   897   19
r  845   797   897   19
r  948   899   897   19
r  897   796   698   19
r  846   746   698   19
r  1045   1094   698   19
r  996   1045   698   19
r  2263   2212   2412   19
r  2465   2360   2462   19
r  2315   2461   2363   19
r  600   698   549   19
r  950   698   897   19
r  800   698   798   19
r  999   698   897   19
r  1149   1249   1299   19
r  1046   997   897   19
r  2122   2124   2321   19
r  1732   1832   1831   19
r  1782   1831   1683   19
r  1300   1198   1249   19
r  1399   1450   1149   19
r  1296   1347   1149   19
r  2173   2076   2273   19
r  2469   2367   2418   19
r  2419   2368   2370   19
r  2370   2372   2321   19
r  1297   1149   1346   19
r  1250   1247   1248   19
r  1200   1248   1249   19
r  1350   1149   1198   19
r  2475   2424   2373   19
r  2373   2370   2321   19
r  2470   2370   2321   19
r  2420   2471   2321   19
r  2421   2321   2370   19
r  2472   2321   2370   19
r  2026   1974   1977   19
r  1395   1346   1298   19
r  2423   2370   2375   19
r  2477   2430   2375   19
r  2476   2479   2430   19
r  1443   1495   1445   19
r  1598   1697   1596   19
r  1848   1596   1949   19
r  1699   1549   1848   19
r  1798   1949   1697   19
r  2377   2328   2428   19
r  2330   2382   2430   19
r  1849   1898   1847   19
r  1950   1849   1848   19
r  2480   2426   2378   19
r  2431   2435   2382   19
r  1997   2048   1945   19
r  2198   2098   2297   19
r  2436   2383   2382   19
r  2485   2431   2434   19
r  2486   2434   2383   19
r  2098   1949   1948   19
r  2099   2148   2048   19
r  2047   1998   2297   19
r  2149   2049   2399   19
r  2148   2247   2399   19
r  2197   2399   2398   19
r  2200   2399   2297   19
r  2249   2198   2398   19
r  2347   2399   2446   19
r  2395   2398   2399   19
r  2448   2399   2446   19
r  2349   2446   2398   19
r  2498   2399   2398   19
r  2496   2398   2399   19
r  2499   2399   2398   19
r  2447   2399   2398   19
r  2449   2446   2297   19
r  2250   2399   2297   19
r  2495   2399   2297   19
r  2500   2399   2297   19
r  2445   2399   2297   19
r  2350   2399   2297   19
r  2491   2439   2297   19
r  2294   2399   2398   19
r  2444   2297   2398   19
r  2394   2297   2398   19
r  2300   2297   2446   19
r  2245   2194   2399   19
r  2443   2297   2343   19
r  51   204   102   20
r  203   104   301   20
r  253   153   54   20
r  452   354   153   20
r  255   253   153   20
r  105   153   204   20
r  352   301   204   20
r  357   153   204   20
r  306   258   204   20
r  451   153   204   20
r  258   157   204   20
r  308   409   204   20
r  503   403   204   20
r  456   503   555   20
r  157   204   153   20
r  4   204   153   20
r  455   204   153   20
r  108   11   153   20
r  158   58   153   20
r  358   409   153   20
r  160   209   153   20
r  551   702   654   20
r  60   63   62   20
r  11   62   63   20
r  61   108   63   20
r  361   313   461   20
r  802   854   753   20
r  804   755   753   20
r  119   68   66   20
r  167   115   118   20
r  907   958   856   20
r  904   856   957   20
r  23   270   126   20
r  72   23   126   20
r  713   761   764   20
r  1052   1003   903   20
r  1002   903   1101   20
r  1101   902   1003   20
r  955   906   1006   20
r  1057   1006   1157   20
r  122   171   126   20
r  124   23   126   20
r  24   124   127   20
r  518   567   716   20
r  520   522   568   20
r  1051   1003   1002   20
r  619   617   568   20
r  1206   1157   1208   20
r  1252   1152   1204   20
r  1451   1352   1204   20
r  1354   1352   1204   20
r  233   181   184   20
r  1302   1204   1254   20
r  1404   1452   1254   20
r  1452   1204   1352   20
r  1304   1204   1402   20
r  581   532   529   20
r  34   83   135   20
r  85   83   132   20
r  37   135   88   20
r  1311   1260   1413   20
r  1504   1603   1753   20
r  1552   1652   1603   20
r  384   233   333   20
r  1362   1460   1411   20
r  1320   1271   1369   20
r  1601   1752   1552   20
r  1023   923   924   20
r  1555   1557   1603   20
r  1653   1753   1602   20
r  1701   1603   1753   20
r  1853   1751   1753   20
r  140   88   142   20
r  91   88   142   20
r  42   142   93   20
r  94   91   142   20
r  1612   1563   1664   20
r  2002   2004   2403   20
r  930   979   933   20
r  2003   2001   2356   20
r  2051   2356   2004   20
r  294   245   197   20
r  1958   2007   1907   20
r  2102   2356   2403   20
r  2105   2206   2403   20
r  2251   2403   2303   20
r  2107   2206   2403   20
r  2208   2156   2403   20
r  2157   2403   2303   20
r  2201   2303   2403   20
r  2405   2303   2403   20
r  2153   2403   2303   20
r  2452   2403   2303   20
r  2203   2403   2303   20
r  2205   2303   2403   20
r  2308   2359   2303   20
r  2401   2403   2303   20
r  2451   2303   2403   20
r  2310   2308   2403   20
r  2152   1953   2356   20
r  2104   2403   2356   20
r  2151   2403   2356   20
r  2354   2303   2356   20
r  2456   2303   2356   20
r  2358   2403   2356   20
r  2254   2403   2356   20
r  2255   2403   2356   20
r  2257   2403   2356   20
r  2258   2410   2356   20
r  2210   2259   2356   20
r  2408   2303   2356   20
r  2458   2403   2356   20
r  2305   2356   2403   20
r  2455   2356   2403   20
r  2252   2356   2403   20
r  2407   2356   2403   20
r  2351   2356   2403   20
r  2352   2356   2403   20
r  2209   2158   2403   20
r  939   990   1040   20
r  694   698   746   20
r  200   148   100   20
r  98   300   47   20
r  49   149   148   20
r  97   148   300   20
r  299   297   148   20
r  297   148   197   20
r  100   148   197   20
r  397   299   197   20
r  248   297   300   20
r  199   197   297   20
r  150   197   300   20
r  350   197   148   20
r  50   197   148   20
r  1234   1183   1231   20
r  1910   2010   1959   20
r  2359   2356   2303   20
r  2464   2413   2412   20
r  2313   2413   2412   20
r  547   649   549   20
r  598   698   748   20
r  699   498   549   20
r  900   849   549   20
r  600   549   698   20
r  950   897   698   20
r  800   849   698   20
r  999   897   698   20
r  1097   1100   698   20
r  994   894   698   20
r  1871   1920   1919   20
r  2117   2115   2112   20
r  848   698   897   20
r  1099   698   897   20
r  1144   1095   1045   20
r  1682   1734   1685   20
r  2221   2270   2121   20
r  2173   2273   2321   20
r  2124   2224   2321   20
r  1975   1924   1926   20
r  2467   2368   2369   20
r  2318   2418   2321   20
r  2469   2418   2424   20
r  2319   2268   2418   20
r  1342   1192   1290   20
r  1246   1149   1198   20
r  1398   1346   1149   20
r  1350   1198   1299   20
r  2222   2273   2321   20
r  2421   2370   2321   20
r  2423   2375   2321   20
r  2472   2421   2424   20
r  1344   1395   1393   20
r  1445   1346   1298   20
r  2323   2321   2424   20
r  1740   1738   1687   20
r  1496   1445   1697   20
r  2477   2375   2430   20
r  1598   1596   1697   20
r  1698   1848   1596   20
r  1650   1549   1597   20
r  1748   1848   1697   20
r  1749   1648   1697   20
r  2480   2428   2377   20
r  2486   2432   2382   20
r  2100   2199   2399   20
r  2198   2297   2399   20
r  2489   2438   2390   20
r  2148   2048   2297   20
r  2199   2398   2399   20
r  2095   2144   2399   20
r  2450   2297   2398   20
r  2299   2297   2398   20
r  2346   2297   2398   20
r  2395   2297   2446   20
r  2347   2446   2399   20
r  2246   2398   2399   20
r  2498   2297   2399   20
r  2495   2297   2399   20
r  2445   2297   2399   20
r  2350   2446   2399   20
r  2294   2398   2399   20
r  2195   2292   2399   20
r  2499   2398   2399   20
r  2447   2297   2399   20
r  2492   2394   2399   20
r  2443   2491   2399   20
r  2343   2491   2297   20
r  2196   2399   2398   20
r  2200   2099   2398   20
r  2298   2399   2398   20
r  2397   2399   2446   20
r  2345   2399   2297   20
r  2394   2399   2297   20
r  2396   2399   2398   20
r  2496   2399   2398   20
r  2245   2399   2297   20
r  2300   2399   2294   20
r  51   153   204   21
r  253   54   153   21
r  453   502   153   21
r  209   207   153   21
r  403   302   153   21
r  105   202   153   21
r  357   406   153   21
r  59   108   204   21
r  157   153   204   21
r  4   153   204   21
r  455   153   204   21
r  158   160   204   21
r  9   204   153   21
r  451   204   153   21
r  159   157   153   21
r  109   157   153   21
r  261   310   153   21
r  507   505   153   21
r  702   654   801   21
r  701   654   652   21
r  65   62   118   21
r  756   805   707   21
r  802   754   903   21
r  852   952   1053   21
r  901   1053   1152   21
r  902   953   1102   21
r  1052   903   1003   21
r  72   74   23   21
r  1051   953   903   21
r  952   1003   1152   21
r  1001   1003   952   21
r  1101   1003   1053   21
r  1202   1204   1254   21
r  71   122   23   21
r  22   74   126   21
r  21   120   126   21
r  76   124   23   21
r  1156   1006   1104   21
r  1351   1254   1403   21
r  81   30   83   21
r  1301   1204   1254   21
r  530   430   532   21
r  82   31   130   21
r  31   83   132   21
r  184   186   135   21
r  85   132   83   21
r  1504   1602   1603   21
r  34   135   85   21
r  1602   1503   1651   21
r  136   37   188   21
r  137   88   237   21
r  1512   1510   1411   21
r  1219   1319   1170   21
r  1270   1319   1268   21
r  1221   1273   1172   21
r  1121   1072   1020   21
r  1653   1602   1753   21
r  1705   1703   1753   21
r  1654   1752   1753   21
r  1903   2004   1753   21
r  1707   1655   1753   21
r  89   142   189   21
r  41   90   142   21
r  90   189   88   21
r  240   144   88   21
r  1511   1460   1462   21
r  1904   1753   2004   21
r  2001   1953   2403   21
r  191   144   90   21
r  44   197   142   21
r  2004   2105   2356   21
r  2052   2004   2403   21
r  2051   2002   2356   21
r  736   785   685   21
r  489   540   589   21
r  1325   1274   1374   21
r  2005   2057   2356   21
r  2053   2356   2403   21
r  2101   2403   2004   21
r  2357   2303   2403   21
r  2251   2303   2403   21
r  2206   2403   2303   21
r  2103   2004   2403   21
r  2157   2303   2403   21
r  2055   2102   2403   21
r  2452   2303   2403   21
r  2203   2303   2403   21
r  2308   2303   2403   21
r  2104   2303   2403   21
r  2456   2403   2303   21
r  2254   2303   2403   21
r  2257   2208   2403   21
r  2458   2303   2403   21
r  2106   2155   2356   21
r  2158   2207   2356   21
r  2305   2303   2356   21
r  2455   2403   2356   21
r  2252   2403   2356   21
r  2407   2403   2356   21
r  2351   2403   2356   21
r  2352   2303   2356   21
r  2209   2403   2356   21
r  2359   2408   2356   21
r  2309   2356   2303   21
r  2354   2356   2303   21
r  2201   2356   2303   21
r  2405   2356   2303   21
r  2205   2356   2303   21
r  2451   2356   2303   21
r  2260   2356   2403   21
r  2457   2356   2403   21
r  2401   2356   2403   21
r  2151   2356   2403   21
r  2255   2356   2403   21
r  1717   1766   1714   21
r  491   591   493   21
r  293   193   197   21
r  245   196   197   21
r  96   197   300   21
r  46   300   148   21
r  1716   1667   1714   21
r  1668   1717   1570   21
r  2410   2361   2313   21
r  694   746   698   21
r  446   495   395   21
r  394   392   443   21
r  296   343   148   21
r  149   100   300   21
r  49   148   300   21
r  47   148   300   21
r  298   300   148   21
r  199   297   197   21
r  348   297   197   21
r  150   148   197   21
r  350   198   197   21
r  50   149   197   21
r  447   347   197   21
r  200   197   148   21
r  396   197   148   21
r  347   197   148   21
r  2461   2360   2361   21
r  2465   2412   2360   21
r  2315   2215   2360   21
r  496   398   698   21
r  2463   2360   2313   21
r  794   743   698   21
r  796   744   549   21
r  598   748   698   21
r  848   897   698   21
r  1100   1098   698   21
r  946   1045   698   21
r  749   698   549   21
r  600   698   549   21
r  2467   2369   2367   21
r  1000   698   897   21
r  1096   1094   897   21
r  1434   1387   1436   21
r  1828   1777   1776   21
r  2370   2424   2368   21
r  1149   1198   1249   21
r  1200   1198   1299   21
r  1784   1835   1684   21
r  2472   2370   2321   21
r  2323   2372   2321   21
r  2422   2370   2471   21
r  1350   1399   1198   21
r  1400   1149   1198   21
r  1399   1299   1198   21
r  1397   1395   1198   21
r  1250   1198   1149   21
r  2375   2321   2424   21
r  2423   2321   2372   21
r  1639   1637   1737   21
r  2426   2477   2378   21
r  1938   1889   1838   21
r  2237   2085   2337   21
r  2281   2232   2434   21
r  2427   2430   2479   21
r  1546   1544   1697   21
r  1800   1848   1697   21
r  2234   2283   2434   21
r  2283   2332   2434   21
r  2481   2478   2335   21
r  1748   1697   1700   21
r  1700   1697   1848   21
r  1850   1799   1949   21
r  2433   2431   2384   21
r  2050   1848   1949   21
r  2488   2289   2338   21
r  2047   2297   2399   21
r  2049   1950   2046   21
r  2096   2048   2399   21
r  2400   2297   2398   21
r  2444   2398   2297   21
r  2494   2297   2398   21
r  2247   2294   2398   21
r  2299   2398   2297   21
r  2198   1949   2297   21
r  2498   2398   2297   21
r  2495   2398   2297   21
r  2197   2297   2399   21
r  2196   2398   2399   21
r  2099   2046   2399   21
r  2200   2398   2399   21
r  2298   2398   2399   21
r  2249   2398   2399   21
r  2397   2446   2399   21
r  2448   2446   2399   21
r  2500   2297   2399   21
r  2345   2297   2399   21
r  2394   2398   2399   21
r  2396   2398   2399   21
r  2245   2294   2399   21
r  2300   2294   2399   21
r  2250   2297   2399   21
r  2343   2297   2399   21
r  2447   2399   2297   21
r  2450   2399   2297   21
r  2346   2399   2297   21
r  2499   2399   2398   21
r  2493   2399   2398   21
r  2344   2399   2398   21
r  2497   2399   2446   21
r  2496   2398   2294   21
r  2395   2399   2297   21
r  51   102   153   22
r  205   153   256   22
r  56   153   5   22
r  207   109   153   22
r  157   57   153   22
r  501   153   204   22
r  208   153   204   22
r  9   157   204   22
r  159   210   204   22
r  506   457   204   22
r  504   153   204   22
r  160   63   204   22
r  107   204   208   22
r  503   204   153   22
r  4   204   153   22
r  455   204   153   22
r  457   557   153   22
r  259   261   153   22
r  454   503   153   22
r  309   210   153   22
r  701   602   654   22
r  756   656   805   22
r  851   803   903   22
r  18   118   169   22
r  613   564   562   22
r  1103   1152   951   22
r  1102   952   1053   22
r  1101   1152   1003   22
r  1104   1152   1003   22
r  171   222   126   22
r  123   23   126   22
r  1001   952   1102   22
r  1202   1254   1204   22
r  1302   1251   1204   22
r  1404   1352   1204   22
r  1355   1254   1204   22
r  1403   1204   1254   22
r  1501   1552   1453   22
r  673   772   574   22
r  674   772   574   22
r  31   131   83   22
r  34   85   83   22
r  1064   1112   1015   22
r  35   83   184   22
r  1602   1651   1753   22
r  1413   1313   1264   22
r  236   88   188   22
r  137   237   88   22
r  237   88   188   22
r  1316   1318   1417   22
r  1706   1755   1753   22
r  1801   1853   1852   22
r  485   586   585   22
r  39   88   142   22
r  89   189   188   22
r  40   88   188   22
r  41   142   192   22
r  140   191   88   22
r  190   90   88   22
r  91   142   88   22
r  43   142   88   22
r  2001   2403   2356   22
r  191   90   142   22
r  42   91   142   22
r  144   142   197   22
r  2004   2356   2403   22
r  2003   2052   2403   22
r  2054   2103   2356   22
r  1570   1518   1618   22
r  1567   1616   1519   22
r  2102   2403   2356   22
r  2101   2356   2403   22
r  2103   2356   2004   22
r  2053   2004   2356   22
r  2251   2403   2303   22
r  2206   2303   2403   22
r  2153   2303   2403   22
r  2452   2403   2303   22
r  2056   2004   2403   22
r  2204   2403   2303   22
r  2456   2303   2403   22
r  2257   2403   2303   22
r  2458   2403   2303   22
r  2455   2303   2403   22
r  2407   2303   2403   22
r  2209   2207   2403   22
r  2309   2303   2356   22
r  2354   2303   2356   22
r  2201   2403   2356   22
r  2405   2303   2356   22
r  2451   2303   2356   22
r  2260   2209   2356   22
r  2457   2403   2356   22
r  2401   2303   2356   22
r  2151   2203   2356   22
r  2255   2403   2356   22
r  2362   2314   2356   22
r  2304   2356   2402   22
r  2307   2356   2303   22
r  2256   2356   2303   22
r  2152   2356   2303   22
r  2305   2356   2303   22
r  2352   2356   2303   22
r  2203   2356   2303   22
r  2308   2356   2303   22
r  2252   2356   2403   22
r  2351   2356   2403   22
r  2359   2356   2403   22
r  2210   2356   2403   22
r  591   540   543   22
r  643   694   793   22
r  96   148   197   22
r  196   97   300   22
r  346   397   148   22
r  296   148   300   22
r  97   300   148   22
r  50   148   99   22
r  349   148   197   22
r  200   100   197   22
r  1911   1962   2010   22
r  2311   2412   2363   22
r  2312   2360   2363   22
r  889   790   940   22
r  393   494   395   22
r  300   197   100   22
r  98   197   300   22
r  199   197   147   22
r  48   197   300   22
r  348   197   396   22
r  299   197   248   22
r  400   197   148   22
r  49   197   148   22
r  47   197   148   22
r  297   197   148   22
r  100   197   148   22
r  99   197   200   22
r  2461   2361   2360   22
r  2463   2412   2360   22
r  2366   2417   2412   22
r  697   548   649   22
r  699   748   646   22
r  749   549   698   22
r  600   549   698   22
r  995   946   698   22
r  1000   849   698   22
r  1047   1098   698   22
r  950   698   549   22
r  1429   1280   1432   22
r  2070   2072   2118   22
r  999   698   897   22
r  945   1045   897   22
r  2467   2367   2368   22
r  1200   1249   1248   22
r  1732   1781   1783   22
r  2221   2170   2321   22
r  2318   2369   2320   22
r  2469   2368   2321   22
r  1339   1240   1342   22
r  1397   1346   1149   22
r  1300   1249   1198   22
r  1250   1248   1198   22
r  1400   1198   1249   22
r  1976   1974   2024   22
r  2324   2375   2424   22
r  2273   2372   2321   22
r  2475   2373   2424   22
r  2375   2424   2321   22
r  2423   2372   2321   22
r  2425   2473   2321   22
r  1396   1444   1298   22
r  1450   1149   1697   22
r  2474   2321   2372   22
r  2476   2430   2380   22
r  1497   1596   1697   22
r  1637   1537   1738   22
r  2477   2430   2378   22
r  2427   2480   2378   22
r  1496   1697   1596   22
r  1549   1697   1597   22
r  1596   1544   1697   22
r  1600   1697   1597   22
r  1698   1596   1549   22
r  1599   1597   1699   22
r  1748   1699   1697   22
r  1700   1698   1697   22
r  1847   1798   1697   22
r  1896   1898   1697   22
r  2330   2281   2378   22
r  2379   2229   2377   22
r  2478   2378   2429   22
r  1999   2048   1948   22
r  2387   2389   2289   22
r  2484   2382   2435   22
r  2486   2382   2434   22
r  1998   1996   2047   22
r  2049   2046   2399   22
r  2100   2049   2297   22
r  2487   2489   2390   22
r  2097   2048   2399   22
r  2149   2399   2297   22
r  2197   2399   2297   22
r  2195   2399   2297   22
r  2400   2398   2297   22
r  2444   2297   2398   22
r  2494   2398   2297   22
r  2244   2145   2297   22
r  2246   2297   2398   22
r  2495   2297   2446   22
r  2445   2398   2297   22
r  2443   2343   2297   22
r  2298   2346   2398   22
r  2345   2398   2297   22
r  2447   2297   2399   22
r  2450   2297   2399   22
r  2346   2297   2399   22
r  2499   2297   2399   22
r  2493   2398   2399   22
r  2344   2297   2399   22
r  2497   2446   2399   22
r  2496   2297   2399   22
r  2491   2297   2393   22
r  2200   2399   2398   22
r  2249   2399   2398   22
r  2295   2399   2398   22
r  2350   2399   2398   22
r  2395   2446   2346   22
r  2500   2399   2297   22
r  2300   2399   2297   22
r  2441   2390   2297   22
r  205   354   153   23
r  56   5   153   23
r  208   104   153   23
r  358   458   204   23
r  451   153   204   23
r  109   160   204   23
r  4   106   204   23
r  259   153   204   23
r  454   506   204   23
r  455   406   204   23
r  260   211   204   23
r  507   503   204   23
r  501   204   153   23
r  506   204   153   23
r  504   204   153   23
r  210   162   153   23
r  162   62   153   23
r  60   108   63   23
r  604   653   602   23
r  702   602   553   23
r  11   13   62   23
r  704   803   805   23
r  801   1003   654   23
r  513   564   562   23
r  67   118   119   23
r  18   169   66   23
r  168   120   116   23
r  902   1053   1152   23
r  907   858   958   23
r  172   223   126   23
r  121   23   126   23
r  1152   953   903   23
r  1001   1053   903   23
r  1151   1102   953   23
r  1002   1101   1053   23
r  1105   1156   1007   23
r  278   229   126   23
r  71   23   126   23
r  376   427   324   23
r  275   372   126   23
r  25   23   127   23
r  1202   1204   1254   23
r  570   469   574   23
r  428   377   475   23
r  84   132   130   23
r  81   226   132   23
r  31   83   131   23
r  181   130   83   23
r  32   131   132   23
r  1402   1251   1254   23
r  1403   1254   1204   23
r  1354   1403   1352   23
r  1452   1352   1204   23
r  580   578   529   23
r  1166   1115   1267   23
r  1269   1320   1318   23
r  1552   1603   1753   23
r  140   142   241   23
r  39   188   88   23
r  1562   1610   1714   23
r  1553   1703   1753   23
r  784   835   786   23
r  91   88   142   23
r  92   88   90   23
r  1604   1555   1753   23
r  1654   1753   1752   23
r  94   142   193   23
r  244   143   197   23
r  1764   1766   1717   23
r  1177   1228   1179   23
r  1178   1077   1129   23
r  1855   1753   2004   23
r  2001   2356   2403   23
r  46   148   300   23
r  195   148   300   23
r  1866   1767   1915   23
r  690   641   741   23
r  642   691   791   23
r  96   197   148   23
r  247   448   300   23
r  398   297   148   23
r  50   99   148   23
r  300   100   197   23
r  199   147   197   23
r  348   396   197   23
r  299   248   197   23
r  347   398   197   23
r  47   148   197   23
r  297   148   197   23
r  100   148   197   23
r  99   200   197   23
r  48   300   197   23
r  49   300   197   23
r  98   300   197   23
r  200   197   300   23
r  296   197   148   23
r  2054   1953   2403   23
r  2005   2056   2403   23
r  2006   1906   2356   23
r  2101   2403   2356   23
r  2102   2004   2403   23
r  2251   2303   2403   23
r  2156   2403   2303   23
r  2409   2303   2403   23
r  2204   2303   2403   23
r  2459   2303   2403   23
r  2309   2403   2303   23
r  2354   2403   2303   23
r  2201   2303   2403   23
r  2405   2403   2303   23
r  2457   2303   2403   23
r  2304   2402   2356   23
r  2307   2303   2356   23
r  2256   2403   2356   23
r  2152   2303   2356   23
r  2305   2303   2356   23
r  2205   2403   2356   23
r  2352   2303   2356   23
r  2203   2403   2356   23
r  2252   2403   2356   23
r  2351   2403   2356   23
r  2359   2303   2356   23
r  2007   2004   2356   23
r  2103   2004   2356   23
r  2360   2412   2356   23
r  2461   2410   2356   23
r  2211   2162   2356   23
r  2408   2356   2303   23
r  2207   2356   2303   23
r  2157   2356   2303   23
r  2055   2356   2303   23
r  2401   2356   2303   23
r  2407   2356   2303   23
r  2452   2356   2403   23
r  2358   2356   2403   23
r  2257   2356   2403   23
r  2458   2356   2403   23
r  2255   2356   2403   23
r  742   691   793   23
r  892   843   841   23
r  396   148   300   23
r  1628   1728   1577   23
r  2311   2363   2412   23
r  2413   2315   2462   23
r  2464   2412   2315   23
r  2415   2413   2412   23
r  2314   2262   2360   23
r  2365   2416   2360   23
r  1335   1236   1287   23
r  1141   1089   1243   23
r  950   549   698   23
r  999   947   698   23
r  1099   897   698   23
r  997   897   698   23
r  600   698   549   23
r  2264   2315   2313   23
r  2366   2267   2417   23
r  1386   1435   1287   23
r  2268   2368   2321   23
r  1533   1584   1535   23
r  2369   2417   2321   23
r  1487   1436   1439   23
r  1200   1248   1198   23
r  1250   1198   1248   23
r  1248   1300   1149   23
r  2271   2122   2424   23
r  2474   2372   2321   23
r  2276   2176   2321   23
r  1297   1346   1398   23
r  1350   1299   1249   23
r  1396   1445   1198   23
r  2275   2176   2224   23
r  2427   2378   2430   23
r  2479   2378   2377   23
r  1549   1596   1697   23
r  2430   2479   2477   23
r  1647   1596   1598   23
r  1598   1649   1549   23
r  1800   1898   1848   23
r  1646   1697   1648   23
r  2281   2279   2334   23
r  1796   1697   1748   23
r  1798   1697   1847   23
r  2482   2382   2431   23
r  2485   2432   2382   23
r  2483   2382   2432   23
r  1900   1848   2050   23
r  2046   2147   2399   23
r  2100   2297   2398   23
r  2400   2297   2398   23
r  2444   2398   2297   23
r  2299   2297   2398   23
r  2246   2398   2297   23
r  2498   2297   2398   23
r  2495   2446   2398   23
r  2099   2048   2398   23
r  2250   2398   2297   23
r  2343   2440   2297   23
r  2450   2398   2297   23
r  2346   2398   2297   23
r  2496   2294   2297   23
r  2149   2100   2399   23
r  2197   2297   2399   23
r  2200   2297   2399   23
r  2249   2398   2399   23
r  2295   2398   2399   23
r  2395   2297   2399   23
r  2500   2297   2399   23
r  2300   2297   2399   23
r  2350   2398   2399   23
r  2447   2399   2297   23
r  2499   2399   2297   23
r  2445   2399   2398   23
r  2396   2399   2398   23
r  2493   2399   2297   23
r  451   354   153   24
r  259   211   153   24
r  107   208   204   24
r  456   555   204   24
r  108   110   204   24
r  261   153   204   24
r  457   153   204   24
r  309   153   204   24
r  501   153   204   24
r  210   153   204   24
r  505   402   204   24
r  506   153   204   24
r  111   62   204   24
r  14   63   204   24
r  260   204   153   24
r  556   257   153   24
r  553   652   153   24
r  211   162   153   24
r  555   707   153   24
r  458   510   153   24
r  701   652   602   24
r  705   605   654   24
r  314   312   363   24
r  117   17   166   24
r  167   116   68   24
r  67   69   118   24
r  18   69   118   24
r  803   903   801   24
r  221   272   323   24
r  903   852   1053   24
r  862   911   810   24
r  858   958   856   24
r  323   270   126   24
r  273   174   126   24
r  21   23   120   24
r  1002   902   903   24
r  1105   1056   1006   24
r  76   23   127   24
r  1051   903   1152   24
r  1201   1204   1254   24
r  1055   1006   1155   24
r  130   81   132   24
r  80   83   31   24
r  673   574   624   24
r  1251   1204   1254   24
r  1064   1115   1012   24
r  132   134   80   24
r  31   131   83   24
r  32   83   131   24
r  84   130   132   24
r  34   36   132   24
r  35   184   83   24
r  1401   1502   1204   24
r  1301   1352   1204   24
r  1353   1405   1254   24
r  1403   1204   1301   24
r  1454   1502   1603   24
r  1318   1369   1367   24
r  628   579   580   24
r  87   135   188   24
r  1551   1753   1752   24
r  40   142   88   24
r  39   142   188   24
r  41   192   142   24
r  874   825   826   24
r  1554   1603   1753   24
r  1752   1603   1853   24
r  1601   1552   1603   24
r  1703   1854   1603   24
r  1701   1753   1603   24
r  1606   1603   1753   24
r  636   537   585   24
r  42   142   241   24
r  92   43   140   24
r  1801   1852   1853   24
r  1077   1177   1176   24
r  94   193   300   24
r  1805   1753   1853   24
r  1904   1955   2403   24
r  1951   1753   1853   24
r  1327   1378   1427   24
r  46   300   148   24
r  195   300   148   24
r  2004   1955   2356   24
r  2001   2403   2356   24
r  889   940   790   24
r  595   597   698   24
r  96   148   197   24
r  350   197   149   24
r  147   98   49   24
r  149   197   100   24
r  249   148   300   24
r  97   148   300   24
r  298   197   300   24
r  199   197   300   24
r  100   197   300   24
r  99   197   300   24
r  246   396   300   24
r  397   148   300   24
r  50   197   300   24
r  347   197   300   24
r  150   300   148   24
r  47   300   148   24
r  297   300   148   24
r  200   300   197   24
r  400   349   197   24
r  296   300   197   24
r  498   698   197   24
r  2051   2356   2403   24
r  1958   1907   2356   24
r  2154   2356   2303   24
r  2307   2356   2303   24
r  2258   2356   2303   24
r  2158   2356   2303   24
r  2207   2303   2356   24
r  2107   2356   2303   24
r  2451   2356   2303   24
r  2357   2305   2303   24
r  2157   2303   2356   24
r  2151   2356   2303   24
r  2206   2356   2303   24
r  2456   2356   2303   24
r  2455   2356   2303   24
r  2407   2303   2356   24
r  2204   2356   2303   24
r  2358   2303   2356   24
r  2459   2356   2303   24
r  2006   2004   2403   24
r  2101   2004   2403   24
r  2156   2356   2403   24
r  2309   2356   2403   24
r  2354   2356   2403   24
r  2405   2356   2403   24
r  2256   2303   2403   24
r  2205   2356   2403   24
r  2203   2356   2403   24
r  2252   2303   2403   24
r  2351   2356   2403   24
r  2251   2403   2303   24
r  2208   2403   2303   24
r  2104   2403   2303   24
r  2152   2403   2303   24
r  2305   2403   2303   24
r  2360   2411   2412   24
r  2408   2403   2356   24
r  2055   2403   2356   24
r  2308   2403   2356   24
r  2401   2403   2356   24
r  2452   2403   2356   24
r  2257   2403   2356   24
r  2458   2403   2356   24
r  2255   2403   2356   24
r  2460   2411   2356   24
r  2313   2360   2356   24
r  2311   2412   2356   24
r  2261   2412   2356   24
r  1910   1961   2010   24
r  744   843   698   24
r  850   798   899   24
r  800   798   549   24
r  749   649   549   24
r  993   995   698   24
r  1046   897   698   24
r  1146   896   698   24
r  750   698   748   24
r  2465   2360   2412   24
r  2220   2321   2122   24
r  2171   2122   2321   24
r  848   698   897   24
r  1149   1299   1198   24
r  2076   2127   1926   24
r  1194   1243   1143   24
r  1398   1298   1198   24
r  1250   1248   1198   24
r  1350   1198   1149   24
r  1247   1150   1149   24
r  1449   1348   1149   24
r  2420   2321   2424   24
r  2476   2378   2427   24
r  2376   2424   2378   24
r  1399   1149   1298   24
r  1400   1299   1198   24
r  1346   1444   1198   24
r  2477   2479   2426   24
r  2427   2479   2378   24
r  2377   2428   2328   24
r  2479   2377   2430   24
r  1688   1637   1639   24
r  1549   1697   1648   24
r  2282   2434   2233   24
r  1600   1597   1596   24
r  1846   1895   1848   24
r  1646   1597   1697   24
r  1745   1794   1697   24
r  1798   1847   1697   24
r  1849   1900   1697   24
r  2039   1988   2090   24
r  2041   2043   1990   24
r  1797   1697   1748   24
r  1900   2050   1848   24
r  2483   2434   2382   24
r  2485   2382   2383   24
r  2386   2337   2434   24
r  1948   1997   2399   24
r  1996   2147   2399   24
r  2045   2096   2399   24
r  2388   2442   2289   24
r  2488   2338   2339   24
r  2145   2296   2399   24
r  2146   2045   2399   24
r  2400   2398   2297   24
r  2246   2297   2398   24
r  2450   2297   2398   24
r  2346   2297   2398   24
r  2496   2297   2398   24
r  2147   2196   2399   24
r  2447   2398   2399   24
r  2499   2398   2399   24
r  2445   2398   2399   24
r  2396   2398   2399   24
r  2490   2289   2488   24
r  2293   2193   2297   24
r  2099   2399   2297   24
r  2150   2399   2398   24
r  2299   2399   2297   24
r  2350   2399   2446   24
r  2500   2399   2297   24
r  2197   2399   2297   24
r  2344   2399   2297   24
r  2498   2399   2297   24
r  2199   2399   2398   24
r  2149   2399   2398   24
r  2295   2399   2398   24
r  2294   2399   2398   24
r  2300   2399   2297   24
r  160   153   62   25
r  261   308   153   25
r  210   157   153   25
r  503   506   204   25
r  504   153   204   25
r  60   62   204   25
r  13   59   204   25
r  10   62   204   25
r  110   62   204   25
r  162   109   204   25
r  556   153   204   25
r  301   153   352   25
r  9   204   58   25
r  309   204   153   25
r  501   204   153   25
r  408   459   153   25
r  557   555   153   25
r  602   654   153   25
r  11   62   153   25
r  14   204   63   25
r  509   458   461   25
r  510   459   409   25
r  166   68   66   25
r  702   553   654   25
r  701   602   652   25
r  115   15   68   25
r  511   460   562   25
r  116   118   119   25
r  67   119   166   25
r  851   753   1152   25
r  463   465   515   25
r  120   171   126   25
r  20   71   126   25
r  902   1152   1053   25
r  951   1053   1152   25
r  1001   1102   1053   25
r  1151   902   1003   25
r  1002   903   1152   25
r  228   128   126   25
r  277   328   126   25
r  230   277   126   25
r  1155   1157   1006   25
r  29   126   132   25
r  1251   1254   1204   25
r  1351   1204   1254   25
r  1403   1301   1204   25
r  1304   1402   1204   25
r  1355   1307   1254   25
r  1451   1254   1403   25
r  1501   1453   1204   25
r  624   675   724   25
r  31   132   131   25
r  32   131   83   25
r  232   281   280   25
r  1260   1258   1161   25
r  1120   1071   1118   25
r  527   475   476   25
r  35   83   88   25
r  1601   1603   1752   25
r  1752   1853   1603   25
r  1513   1464   1510   25
r  1654   1752   1753   25
r  1651   1603   1853   25
r  1751   1753   1853   25
r  1802   1853   1751   25
r  1558   1607   1556   25
r  138   140   189   25
r  41   142   188   25
r  1901   1853   1852   25
r  1756   1708   1753   25
r  1805   1857   1753   25
r  1953   2004   1753   25
r  1662   1711   1761   25
r  1128   1077   1176   25
r  1569   1616   1618   25
r  45   148   300   25
r  1956   2356   2403   25
r  1957   2004   2356   25
r  145   148   300   25
r  46   197   95   25
r  1330   1332   1430   25
r  2054   2403   2303   25
r  2005   2356   2303   25
r  2057   1907   2403   25
r  2154   2303   2356   25
r  2307   2303   2356   25
r  2158   2303   2356   25
r  2207   2356   2303   25
r  2310   2356   2303   25
r  2451   2303   2356   25
r  2157   2356   2303   25
r  2206   2303   2356   25
r  2455   2303   2356   25
r  2204   2303   2356   25
r  2201   2356   2303   25
r  2459   2303   2356   25
r  2051   2004   2356   25
r  2006   2356   2303   25
r  2309   2303   2356   25
r  2203   2303   2356   25
r  2252   2356   2303   25
r  2251   2356   2403   25
r  2208   2356   2403   25
r  2152   2303   2403   25
r  2305   2356   2403   25
r  2211   2160   2403   25
r  2408   2303   2403   25
r  2055   2356   2403   25
r  2401   2303   2403   25
r  2452   2303   2403   25
r  2257   2356   2403   25
r  2458   2356   2403   25
r  2255   2303   2403   25
r  2007   2356   2403   25
r  2155   2403   2303   25
r  2409   2403   2303   25
r  2153   2403   2303   25
r  2056   2403   2303   25
r  2254   2403   2303   25
r  2106   2403   2303   25
r  2457   2403   2303   25
r  2352   2403   2303   25
r  2103   2403   2303   25
r  2258   2403   2356   25
r  2107   2403   2356   25
r  2151   2403   2356   25
r  2210   2403   2356   25
r  2156   2403   2356   25
r  2354   2403   2356   25
r  2405   2403   2356   25
r  2351   2403   2356   25
r  2160   2213   2356   25
r  2456   2403   2356   25
r  2205   2403   2356   25
r  2312   2363   2356   25
r  2361   2412   2356   25
r  2413   2360   2356   25
r  295   197   148   25
r  146   148   300   25
r  97   300   148   25
r  150   148   300   25
r  349   449   300   25
r  348   148   300   25
r  47   148   300   25
r  96   300   148   25
r  200   148   300   25
r  350   149   197   25
r  149   100   197   25
r  298   300   197   25
r  199   148   197   25
r  100   147   197   25
r  99   300   197   25
r  50   300   197   25
r  399   698   197   25
r  249   197   148   25
r  297   197   300   25
r  49   197   300   25
r  98   197   300   25
r  2065   2114   1963   25
r  2464   2315   2412   25
r  2465   2412   2360   25
r  2121   2119   2321   25
r  2365   2360   2412   25
r  597   698   549   25
r  750   549   698   25
r  600   549   698   25
r  895   1045   698   25
r  945   897   698   25
r  1096   897   698   25
r  848   897   698   25
r  700   698   649   25
r  2269   2320   2321   25
r  1050   698   897   25
r  997   698   897   25
r  1147   1198   1149   25
r  2370   2368   2424   25
r  2420   2424   2321   25
r  2275   2224   2321   25
r  2076   1926   2024   25
r  1200   1299   1149   25
r  1397   1198   1446   25
r  1297   1198   1149   25
r  1399   1198   1149   25
r  2476   2427   2379   25
r  1590   1639   1692   25
r  1883   1832   1881   25
r  1296   1149   1198   25
r  1350   1149   1198   25
r  2428   2327   2377   25
r  2479   2430   2427   25
r  1497   1697   1596   25
r  1496   1596   1697   25
r  1549   1648   1697   25
r  2429   2378   2427   25
r  2185   2234   2083   25
r  1600   1596   1697   25
r  1698   1549   1596   25
r  1798   1746   1796   25
r  1797   1848   1697   25
r  1796   1848   1697   25
r  1898   1949   1697   25
r  1850   1848   1697   25
r  1799   1848   1697   25
r  1900   1848   1697   25
r  2235   2186   2233   25
r  2335   2284   2234   25
r  1750   1697   1848   25
r  1896   1697   1945   25
r  2482   2434   2382   25
r  2485   2383   2436   25
r  2483   2382   2434   25
r  2098   2049   2399   25
r  1995   1998   2399   25
r  2437   2388   2289   25
r  2141   2190   2192   25
r  2094   2145   2399   25
r  2147   2096   2297   25
r  2099   2398   2399   25
r  2400   2446   2398   25
r  2246   2398   2297   25
r  2495   2398   2297   25
r  2345   2297   2398   25
r  2245   2297   2398   25
r  2450   2398   2297   25
r  2496   2398   2297   25
r  2200   2398   2297   25
r  2249   2297   2398   25
r  2145   2045   2297   25
r  2150   2398   2399   25
r  2299   2398   2399   25
r  2350   2446   2399   25
r  2500   2398   2399   25
r  2197   2297   2399   25
r  2498   2297   2399   25
r  2199   2398   2399   25
r  2295   2297   2399   25
r  2493   2394   2399   25
r  2300   2297   2399   25
r  2293   2297   2399   25
r  2149   2398   2399   25
r  2441   2297   2399   25
r  2248   2398   2299   25
r  2488   2339   2437   25
r  2442   2399   2438   25
r  2146   2399   2297   25
r  2198   2399   2398   25
r  2346   2399   2297   25
r  2494   2399   2398   25
r  2499   2399   2398   25
r  2396   2399   2398   25
r  2395   2399   2297   25
r  160   62   153   26
r  457   555   153   26
r  506   555   153   26
r  111   63   153   26
r  504   456   153   26
r  10   63   153   26
r  9   153   204   26
r  260   208   204   26
r  211   262   204   26
r  555   503   204   26
r  557   153   204   26
r  11   153   204   26
r  554   453   204   26
r  62   108   204   26
r  12   63   204   26
r  309   153   204   26
r  301   352   153   26
r  110   204   153   26
r  163   62   153   26
r  410   461   153   26
r  112   63   164   26
r  601   654   701   26
r  116   68   114   26
r  170   121   126   26
r  901   1152   1053   26
r  1006   1004   1152   26
r  21   126   72   26
r  29   132   126   26
r  30   131   126   26
r  951   1152   1002   26
r  953   1102   1152   26
r  1202   1254   1204   26
r  952   1053   1001   26
r  1103   1003   1152   26
r  1101   1003   1152   26
r  1054   1006   1003   26
r  570   522   521   26
r  574   625   672   26
r  27   126   127   26
r  80   131   83   26
r  31   83   132   26
r  1201   1254   1204   26
r  33   130   132   26
r  233   281   235   26
r  1251   1352   1254   26
r  1353   1254   1204   26
r  1401   1204   1254   26
r  1301   1204   1352   26
r  1303   1352   1254   26
r  1306   1204   1254   26
r  1503   1552   1753   26
r  1601   1752   1603   26
r  89   140   142   26
r  42   93   88   26
r  92   90   88   26
r  1554   1552   1603   26
r  1656   1605   1753   26
r  1751   1803   1753   26
r  685   784   585   26
r  1422   1371   1374   26
r  1952   1852   1753   26
r  45   300   148   26
r  1662   1761   1714   26
r  1901   1753   1853   26
r  1904   2004   2356   26
r  1133   983   933   26
r  593   539   590   26
r  145   300   148   26
r  95   148   300   26
r  46   95   197   26
r  1376   1427   1425   26
r  1905   1856   1954   26
r  2053   2356   2303   26
r  97   148   300   26
r  397   300   148   26
r  48   148   300   26
r  400   148   300   26
r  296   148   300   26
r  498   549   698   26
r  100   300   148   26
r  249   300   197   26
r  347   148   197   26
r  297   300   197   26
r  49   300   197   26
r  98   300   197   26
r  96   197   300   26
r  199   197   148   26
r  150   197   148   26
r  47   197   148   26
r  200   197   148   26
r  398   197   300   26
r  298   197   300   26
r  99   197   300   26
r  50   197   300   26
r  399   197   148   26
r  1182   1234   1231   26
r  2054   2356   2403   26
r  2207   2303   2356   26
r  2105   2356   2303   26
r  2310   2303   2356   26
r  2206   2356   2303   26
r  2209   2356   2303   26
r  2358   2356   2303   26
r  2309   2356   2303   26
r  2203   2356   2303   26
r  2252   2303   2356   26
r  2208   2303   2356   26
r  2152   2356   2303   26
r  2401   2356   2303   26
r  2452   2356   2303   26
r  2255   2356   2303   26
r  2057   2004   2356   26
r  2155   2356   2403   26
r  2409   2303   2403   26
r  2153   2303   2403   26
r  2056   2356   2403   26
r  2104   2303   2403   26
r  2254   2303   2403   26
r  2106   2356   2403   26
r  2457   2356   2403   26
r  2352   2356   2403   26
r  2103   2303   2403   26
r  2308   2356   2403   26
r  2258   2356   2403   26
r  2107   2356   2403   26
r  2151   2356   2403   26
r  2210   2356   2403   26
r  2156   2303   2403   26
r  2354   2303   2403   26
r  2405   2356   2403   26
r  2351   2356   2403   26
r  2456   2356   2403   26
r  2205   2303   2403   26
r  2058   1958   2403   26
r  2108   2057   2403   26
r  2362   2356   2403   26
r  2361   2460   2403   26
r  2259   2403   2303   26
r  2102   2403   2303   26
r  2256   2403   2303   26
r  2407   2403   2303   26
r  2261   2360   2412   26
r  2154   2403   2303   26
r  2307   2403   2303   26
r  2157   2403   2356   26
r  2201   2403   2356   26
r  2251   2403   2356   26
r  2305   2403   2356   26
r  2055   2403   2356   26
r  2257   2403   2356   26
r  2458   2403   2356   26
r  2410   2313   2356   26
r  2414   2412   2356   26
r  693   642   698   26
r  1381   1432   1330   26
r  943   895   698   26
r  795   694   549   26
r  848   899   897   26
r  597   549   698   26
r  700   549   698   26
r  944   995   698   26
r  997   897   698   26
r  696   745   748   26
r  2170   2121   2321   26
r  2165   2161   2117   26
r  1580   1527   1481   26
r  1824   1822   1673   26
r  2465   2360   2412   26
r  2265   2313   2412   26
r  2267   2316   2321   26
r  1299   1247   1149   26
r  1197   1249   1149   26
r  2224   2173   2321   26
r  2419   2370   2424   26
r  2473   2424   2422   26
r  2474   2374   2471   26
r  2468   2367   2321   26
r  1828   1776   1780   26
r  1449   1149   1697   26
r  1497   1596   1697   26
r  2479   2427   2378   26
r  1549   1697   1596   26
r  1850   1949   1749   26
r  1897   1949   1697   26
r  1750   1848   1697   26
r  2000   1848   1697   26
r  2478   2429   2427   26
r  2429   2328   2378   26
r  2050   1899   2399   26
r  2281   2434   2382   26
r  2037   2137   2085   26
r  1998   2046   2399   26
r  2100   2398   2297   26
r  2482   2382   2434   26
r  2048   1948   2297   26
r  2099   2399   2398   26
r  2495   2297   2398   26
r  2345   2398   2297   26
r  2450   2297   2398   26
r  2249   2398   2297   26
r  2150   2297   2398   26
r  2350   2297   2398   26
r  2500   2297   2398   26
r  2199   2297   2398   26
r  2300   2446   2297   26
r  2194   2192   2399   26
r  2144   2193   2399   26
r  2146   2297   2399   26
r  2195   2297   2399   26
r  2198   2398   2399   26
r  2344   2297   2399   26
r  2346   2398   2399   26
r  2494   2297   2399   26
r  2499   2297   2399   26
r  2396   2297   2399   26
r  2248   2299   2398   26
r  2147   2399   2398   26
r  2299   2399   2398   26
r  2197   2399   2297   26
r  2498   2399   2297   26
r  2245   2399   2297   26
r  2246   2399   2398   26
r  2250   2399   2398   26
r  2200   2399   2398   26
r  2447   2399   2398   26
r  2493   2399   2398   26
r  2395   2297   2398   26
r  2496   2399   2398   26
r  2393   2391   2297   26
r  60   63   153   27
r  554   655   153   27
r  408   457   204   27
r  63   65   204   27
r  61   63   204   27
r  602   653   204   27
r  163   153   204   27
r  410   359   204   27
r  151   204   102   27
r  9   204   153   27
r  309   204   153   27
r  551   654   153   27
r  161   112   153   27
r  359   361   153   27
r  112   114   153   27
r  13   204   153   27
r  652   654   153   27
r  12   204   153   27
r  601   701   654   27
r  751   654   703   27
r  116   114   118   27
r  69   169   166   27
r  18   118   166   27
r  708   659   809   27
r  173   273   126   27
r  851   1152   1103   27
r  70   171   126   27
r  615   664   563   27
r  909   856   906   27
r  21   120   126   27
r  27   76   126   27
r  1059   1010   1011   27
r  1102   1053   953   27
r  1054   1003   1152   27
r  952   1001   1053   27
r  1052   1101   1152   27
r  1101   1152   1003   27
r  1001   903   1003   27
r  669   718   568   27
r  1259   1358   1208   27
r  1251   1204   1352   27
r  1305   1254   1352   27
r  1501   1452   1403   27
r  1351   1254   1204   27
r  1401   1352   1204   27
r  1301   1352   1204   27
r  1353   1204   1254   27
r  1451   1204   1352   27
r  919   970   921   27
r  36   83   88   27
r  1455   1406   1603   27
r  89   188   189   27
r  190   142   188   27
r  43   91   142   27
r  91   93   88   27
r  44   91   88   27
r  1412   1363   1510   27
r  1508   1556   1559   27
r  683   685   585   27
r  191   142   93   27
r  1801   1853   1603   27
r  1805   1753   1603   27
r  1802   1753   1853   27
r  1659   1657   1710   27
r  588   539   537   27
r  931   933   1029   27
r  981   1032   933   27
r  144   91   148   27
r  95   300   148   27
r  46   148   300   27
r  1516   1420   1615   27
r  1423   1374   1372   27
r  1618   1670   1616   27
r  1701   1603   1753   27
r  1901   1852   1753   27
r  1954   1853   1753   27
r  1951   1853   1753   27
r  939   1040   887   27
r  541   492   592   27
r  96   148   197   27
r  350   148   299   27
r  396   398   197   27
r  199   148   197   27
r  347   197   148   27
r  47   148   197   27
r  200   148   197   27
r  346   148   300   27
r  100   197   300   27
r  249   148   300   27
r  297   197   300   27
r  49   197   300   27
r  98   197   300   27
r  146   300   148   27
r  97   300   148   27
r  48   300   148   27
r  295   148   197   27
r  150   300   197   27
r  298   300   197   27
r  99   300   197   27
r  50   300   197   27
r  399   148   197   27
r  398   300   197   27
r  1424   1422   1326   27
r  1905   1954   2356   27
r  1233   1284   1231   27
r  2052   2403   2303   27
r  2053   2403   2356   27
r  2051   2356   2303   27
r  1959   1957   2356   27
r  644   743   698   27
r  650   549   748   27
r  646   649   549   27
r  844   793   698   27
r  1050   1098   698   27
r  1044   993   698   27
r  900   698   897   27
r  750   698   549   27
r  700   698   549   27
r  2207   2356   2303   27
r  2105   2303   2356   27
r  2310   2356   2303   27
r  2451   2356   2303   27
r  2260   2356   2303   27
r  2206   2303   2356   27
r  2358   2303   2356   27
r  2309   2303   2356   27
r  2208   2356   2303   27
r  2152   2303   2356   27
r  2155   2303   2356   27
r  2153   2356   2303   27
r  2103   2356   2303   27
r  2258   2303   2356   27
r  2210   2261   2356   27
r  2156   2356   2303   27
r  2354   2356   2303   27
r  2259   2356   2403   27
r  2102   2356   2403   27
r  2256   2303   2403   27
r  2360   2412   2403   27
r  2407   2356   2403   27
r  2460   2412   2403   27
r  2311   2360   2403   27
r  2154   2356   2403   27
r  2307   2303   2403   27
r  2160   2356   2403   27
r  2157   2356   2403   27
r  2201   2356   2403   27
r  2251   2356   2403   27
r  2305   2356   2403   27
r  2055   2356   2403   27
r  2257   2303   2403   27
r  2458   2356   2403   27
r  2364   2315   2403   27
r  2414   2363   2403   27
r  2104   2403   2303   27
r  2254   2403   2303   27
r  2158   2403   2303   27
r  2455   2403   2303   27
r  2204   2403   2303   27
r  2361   2403   2303   27
r  2252   2403   2303   27
r  2203   2403   2356   27
r  2401   2403   2356   27
r  2452   2403   2356   27
r  2255   2403   2356   27
r  2007   2403   2356   27
r  2106   2403   2356   27
r  2457   2403   2356   27
r  2352   2403   2356   27
r  2308   2403   2356   27
r  2151   2403   2356   27
r  2405   2403   2356   27
r  2351   2403   2356   27
r  2456   2403   2356   27
r  2363   2262   2356   27
r  2411   2462   2356   27
r  2464   2412   2356   27
r  2462   2464   2356   27
r  2463   2313   2356   27
r  2109   2061   2356   27
r  1398   1198   1298   27
r  1397   1446   1298   27
r  1298   1346   1149   27
r  2223   2123   2321   27
r  2418   2367   2321   27
r  2317   2268   2321   27
r  2325   2276   2424   27
r  2323   2424   2372   27
r  2376   2425   2321   27
r  2473   2321   2424   27
r  2420   2321   2424   27
r  2377   2328   2426   27
r  1545   1594   1697   27
r  1549   1596   1697   27
r  1899   1848   1697   27
r  1950   1848   1697   27
r  1949   1849   1697   27
r  2480   2377   2427   27
r  2479   2426   2430   27
r  2478   2430   2378   27
r  1748   1697   1848   27
r  1847   1697   1748   27
r  1900   1697   1848   27
r  1944   1942   1893   27
r  2285   2233   2337   27
r  2036   2087   1987   27
r  2098   1948   2297   27
r  2100   2297   2398   27
r  1994   1945   2399   27
r  2048   2297   2399   27
r  2099   2297   2399   27
r  2244   2297   2398   27
r  2148   2297   2398   27
r  2445   2297   2398   27
r  2150   2398   2297   27
r  2500   2398   2297   27
r  2344   2398   2297   27
r  2093   2292   2399   27
r  2147   2297   2399   27
r  2299   2398   2399   27
r  2197   2297   2399   27
r  2498   2297   2399   27
r  2294   2398   2399   27
r  2245   2297   2399   27
r  2246   2297   2399   27
r  2250   2398   2399   27
r  2200   2398   2399   27
r  2447   2297   2399   27
r  2493   2398   2399   27
r  2395   2346   2399   27
r  2496   2398   2399   27
r  2393   2390   2399   27
r  2290   2390   2399   27
r  2433   2384   2335   27
r  2484   2436   2382   27
r  2483   2434   2382   27
r  2350   2399   2297   27
r  2295   2399   2297   27
r  2499   2399   2297   27
r  2396   2399   2297   27
r  2450   2399   2297   27
r  2199   2399   2297   27
r  2196   2399   2398   27
r  2300   2399   2398   27
r  2346   2399   2398   27
r  2394   2399   2398   27
r  2146   2399   2398   27
r  2194   2399   2297   27
r  2094   2399   2297   27
r  2490   2488   2437   27
r  62   14   153   28
r  61   13   153   28
r  151   153   204   28
r  553   654   204   28
r  501   403   204   28
r  110   153   204   28
r  9   58   204   28
r  309   260   204   28
r  551   153   204   28
r  161   153   204   28
r  112   164   204   28
r  12   153   204   28
r  655   503   204   28
r  310   210   204   28
r  164   166   204   28
r  601   654   204   28
r  509   409   204   28
r  460   310   204   28
r  360   460   153   28
r  459   508   153   28
r  214   315   265   28
r  65   14   114   28
r  753   801   805   28
r  220   222   126   28
r  119   19   166   28
r  17   118   166   28
r  321   372   126   28
r  19   118   66   28
r  901   1053   1103   28
r  902   1053   953   28
r  1004   1053   955   28
r  130   30   126   28
r  951   1002   1102   28
r  1102   953   1053   28
r  1104   1155   1152   28
r  1001   1003   1152   28
r  1156   1104   1006   28
r  80   31   131   28
r  31   131   83   28
r  572   521   574   28
r  1101   1053   1152   28
r  183   284   83   28
r  524   677   473   28
r  624   724   672   28
r  527   476   575   28
r  1251   1254   1403   28
r  1303   1254   1352   28
r  1301   1254   1352   28
r  1353   1251   1204   28
r  1502   1453   1204   28
r  1403   1204   1254   28
r  383   284   434   28
r  1270   1219   1369   28
r  1318   1218   1369   28
r  90   193   188   28
r  93   243   88   28
r  780   731   782   28
r  45   197   300   28
r  1751   1853   1603   28
r  1804   1853   1603   28
r  1851   1853   1603   28
r  1701   1853   1603   28
r  1802   1751   1753   28
r  1805   1603   1753   28
r  1757   1708   1753   28
r  489   589   538   28
r  95   197   300   28
r  46   300   148   28
r  1615   1566   1714   28
r  1854   1753   1852   28
r  1951   1753   1853   28
r  2003   2403   2303   28
r  1955   2057   2356   28
r  194   245   300   28
r  145   148   300   28
r  96   197   148   28
r  350   299   148   28
r  199   197   148   28
r  347   148   197   28
r  47   197   148   28
r  97   148   300   28
r  397   197   300   28
r  48   148   300   28
r  298   148   300   28
r  99   197   300   28
r  50   148   300   28
r  399   499   300   28
r  398   148   300   28
r  146   148   300   28
r  195   197   300   28
r  98   300   197   28
r  49   300   197   28
r  297   300   197   28
r  100   300   197   28
r  346   300   148   28
r  249   300   148   28
r  400   300   148   28
r  980   931   1032   28
r  982   1030   933   28
r  1815   2012   1866   28
r  2001   2356   2403   28
r  2052   2303   2403   28
r  2054   2403   2356   28
r  2005   2303   2356   28
r  1956   2005   2356   28
r  2006   2403   2356   28
r  1184   1083   1132   28
r  1964   2015   1913   28
r  1377   1425   1379   28
r  2051   2403   2356   28
r  2102   2303   2356   28
r  2108   2403   2303   28
r  2158   2303   2403   28
r  2204   2303   2403   28
r  2205   2403   2303   28
r  2312   2412   2403   28
r  2057   2403   2303   28
r  2257   2403   2303   28
r  2410   2412   2403   28
r  2152   2403   2303   28
r  2401   2303   2403   28
r  2155   2403   2303   28
r  2106   2303   2403   28
r  2352   2303   2403   28
r  2405   2303   2403   28
r  2464   2360   2403   28
r  2463   2360   2412   28
r  2207   2303   2356   28
r  2310   2303   2356   28
r  2451   2303   2356   28
r  2260   2403   2356   28
r  2208   2303   2356   28
r  2153   2303   2356   28
r  2056   2403   2356   28
r  2107   2303   2356   28
r  2156   2403   2356   28
r  2354   2403   2356   28
r  2362   2311   2356   28
r  2259   2403   2356   28
r  2407   2303   2356   28
r  2154   2303   2356   28
r  2305   2403   2356   28
r  2458   2303   2356   28
r  2103   2303   2356   28
r  2110   2108   2356   28
r  2157   2403   2356   28
r  2251   2303   2356   28
r  2364   2412   2356   28
r  2264   2313   2356   28
r  2465   2462   2356   28
r  2201   2303   2356   28
r  2206   2356   2303   28
r  2359   2356   2303   28
r  2459   2356   2303   28
r  2101   2356   2303   28
r  2309   2356   2303   28
r  2211   2356   2303   28
r  2408   2356   2303   28
r  2256   2356   2303   28
r  2307   2356   2303   28
r  2261   2356   2403   28
r  2361   2356   2403   28
r  2252   2356   2403   28
r  2203   2356   2403   28
r  2452   2356   2403   28
r  2457   2356   2403   28
r  2308   2356   2403   28
r  2151   2356   2403   28
r  2456   2356   2403   28
r  2455   2356   2403   28
r  2351   2356   2403   28
r  2254   2356   2403   28
r  2413   2356   2303   28
r  495   595   493   28
r  2466   2368   2321   28
r  794   846   897   28
r  899   549   897   28
r  795   549   897   28
r  1099   1047   897   28
r  900   897   698   28
r  750   549   698   28
r  700   549   698   28
r  893   842   698   28
r  1095   995   698   28
r  598   698   649   28
r  650   698   549   28
r  850   698   549   28
r  600   698   549   28
r  798   698   549   28
r  2120   2220   2321   28
r  2368   2417   2321   28
r  2220   2171   2321   28
r  1830   1882   1879   28
r  2473   2424   2321   28
r  2420   2424   2321   28
r  2226   2224   2321   28
r  1300   1198   1249   28
r  1244   1143   1196   28
r  2326   2428   2375   28
r  1349   1149   1298   28
r  1250   1149   1299   28
r  1785   1684   1737   28
r  2478   2427   2426   28
r  1739   1737   1687   28
r  1637   1686   1737   28
r  2479   2378   2427   28
r  2281   2334   2233   28
r  1649   1549   1550   28
r  1749   1746   1848   28
r  1796   1748   1848   28
r  1799   1949   1848   28
r  1748   1700   1697   28
r  1847   1748   1697   28
r  2482   2431   2382   28
r  1699   1697   1748   28
r  1999   1948   2399   28
r  2333   2434   2233   28
r  2383   2434   2335   28
r  2483   2432   2434   28
r  2485   2436   2382   28
r  2386   2438   2335   28
r  1946   1997   2399   28
r  2100   2398   2297   28
r  1995   2399   2297   28
r  2289   2338   2340   28
r  2487   2390   2289   28
r  2047   2049   2398   28
r  2048   2399   2297   28
r  2244   2398   2297   28
r  2148   2398   2297   28
r  2095   2146   2297   28
r  2096   2148   2398   28
r  2345   2297   2398   28
r  2445   2398   2297   28
r  2494   2398   2297   28
r  2245   2398   2297   28
r  2246   2398   2297   28
r  2250   2297   2398   28
r  2200   2297   2398   28
r  2447   2398   2297   28
r  2395   2398   2297   28
r  2044   2095   2399   28
r  2350   2297   2399   28
r  2295   2398   2399   28
r  2499   2297   2399   28
r  2396   2297   2399   28
r  2450   2398   2399   28
r  2199   2297   2399   28
r  2196   2297   2399   28
r  2300   2297   2399   28
r  2346   2398   2399   28
r  2394   2297   2399   28
r  2146   2398   2399   28
r  2094   2297   2399   28
r  2291   2289   2399   28
r  2150   2399   2398   28
r  2193   2191   2092   28
r  2299   2399   2398   28
r  2498   2399   2297   28
r  2444   2399   2398   28
r  2249   2399   2398   28
r  2195   2399   2398   28
r  2496   2399   2398   28
r  11   63   153   29
r  163   112   153   29
r  151   102   153   29
r  110   63   153   29
r  551   602   153   29
r  310   410   153   29
r  360   153   204   29
r  459   153   204   29
r  213   211   204   29
r  113   11   204   29
r  604   602   204   29
r  409   458   204   29
r  653   701   204   29
r  361   312   204   29
r  557   204   153   29
r  460   204   153   29
r  508   560   153   29
r  262   311   153   29
r  651   602   153   29
r  705   656   805   29
r  14   63   114   29
r  701   654   805   29
r  221   323   126   29
r  371   120   126   29
r  272   372   270   29
r  119   66   23   29
r  17   166   66   29
r  75   124   127   29
r  324   326   126   29
r  80   131   126   29
r  1102   1053   953   29
r  1003   903   1103   29
r  1002   1053   1103   29
r  180   132   83   29
r  1001   1053   953   29
r  1051   1002   1003   29
r  233   235   83   29
r  1252   1352   1254   29
r  135   86   188   29
r  674   574   726   29
r  1351   1403   1205   29
r  1251   1352   1204   29
r  1403   1254   1204   29
r  1305   1204   1254   29
r  1303   1204   1254   29
r  1452   1204   1352   29
r  1501   1403   1352   29
r  1306   1254   1204   29
r  1405   1456   1254   29
r  1552   1752   1603   29
r  138   89   140   29
r  89   142   188   29
r  91   88   188   29
r  93   88   188   29
r  44   142   197   29
r  191   93   88   29
r  143   192   88   29
r  142   88   241   29
r  240   88   90   29
r  45   148   197   29
r  243   292   144   29
r  1555   1606   1753   29
r  1802   1753   1603   29
r  1901   1753   1603   29
r  1805   1853   1603   29
r  1952   1853   2403   29
r  1701   1603   1652   29
r  1951   1852   1753   29
r  46   197   300   29
r  146   300   148   29
r  349   300   148   29
r  48   300   148   29
r  50   300   148   29
r  200   300   148   29
r  98   47   300   29
r  96   148   197   29
r  199   148   197   29
r  47   148   197   29
r  99   300   197   29
r  195   300   197   29
r  1955   2356   2403   29
r  2001   2403   2356   29
r  348   197   148   29
r  245   197   300   29
r  49   197   300   29
r  150   197   300   29
r  249   197   300   29
r  447   197   698   29
r  1035   987   935   29
r  2053   2303   2403   29
r  2105   2356   2303   29
r  2451   2356   2303   29
r  2359   2303   2356   29
r  2358   2356   2303   29
r  2309   2303   2356   29
r  2208   2356   2303   29
r  2153   2356   2303   29
r  2258   2356   2303   29
r  2210   2356   2303   29
r  2102   2356   2303   29
r  2256   2303   2356   29
r  2360   2356   2303   29
r  2311   2356   2303   29
r  2307   2303   2356   29
r  2201   2356   2303   29
r  2361   2303   2356   29
r  2252   2303   2356   29
r  2452   2303   2356   29
r  2106   2356   2303   29
r  2455   2303   2356   29
r  2351   2303   2356   29
r  2054   2303   2403   29
r  2006   2356   2403   29
r  2108   2303   2403   29
r  2104   2303   2403   29
r  2461   2356   2403   29
r  2313   2356   2403   29
r  2257   2303   2403   29
r  2152   2303   2403   29
r  2255   2303   2403   29
r  2155   2303   2403   29
r  2260   2356   2403   29
r  2156   2356   2403   29
r  2354   2356   2403   29
r  2305   2356   2403   29
r  2110   2258   2403   29
r  2157   2303   2403   29
r  2057   2303   2403   29
r  2007   2356   2403   29
r  2259   2356   2403   29
r  2214   2161   2403   29
r  2205   2303   2403   29
r  1956   2403   2303   29
r  697   649   748   29
r  744   844   897   29
r  843   841   698   29
r  598   549   698   29
r  650   748   698   29
r  850   899   698   29
r  600   549   698   29
r  798   549   698   29
r  2158   2403   2303   29
r  2204   2403   2303   29
r  2312   2403   2303   29
r  2352   2403   2303   29
r  2405   2403   2303   29
r  2464   2403   2303   29
r  2462   2360   2303   29
r  2207   2403   2303   29
r  2310   2403   2303   29
r  2154   2403   2303   29
r  2458   2403   2303   29
r  2251   2403   2303   29
r  2206   2403   2356   29
r  2209   2403   2356   29
r  2459   2403   2356   29
r  2408   2403   2356   29
r  2160   2403   2356   29
r  2055   2403   2356   29
r  2261   2403   2356   29
r  2203   2403   2356   29
r  2457   2403   2356   29
r  2308   2403   2356   29
r  2151   2403   2356   29
r  2456   2403   2356   29
r  2254   2403   2356   29
r  2413   2462   2356   29
r  2314   2412   2356   29
r  2365   2368   2356   29
r  2215   2412   2356   29
r  2162   2062   2356   29
r  899   698   549   29
r  848   698   549   29
r  750   698   549   29
r  700   698   549   29
r  950   698   897   29
r  743   741   791   29
r  2015   2066   1963   29
r  1297   1398   1198   29
r  1250   1299   1149   29
r  1350   1249   1149   29
r  1530   1481   1478   29
r  1348   1149   1399   29
r  1300   1149   1198   29
r  1347   1295   1198   29
r  1247   1149   1299   29
r  1448   1397   1697   29
r  1447   1395   1347   29
r  1296   1198   1347   29
r  2174   2026   2321   29
r  2175   2074   2321   29
r  2420   2321   2424   29
r  2476   2380   2378   29
r  1595   1547   1697   29
r  1696   1748   1848   29
r  1898   1947   1949   29
r  1695   1794   1697   29
r  1699   1748   1697   29
r  1896   1949   1697   29
r  1893   1845   1697   29
r  1590   1692   1539   29
r  1543   1640   1392   29
r  1736   1738   1687   29
r  2478   2426   2427   29
r  2479   2427   2378   29
r  1700   1697   1748   29
r  1999   2098   2297   29
r  1943   1945   2399   29
r  1997   1995   2399   29
r  2100   2399   2398   29
r  1996   2048   2297   29
r  1994   1992   2297   29
r  2134   2083   2233   29
r  2482   2382   2433   29
r  2047   2398   2297   29
r  2048   2297   2399   29
r  2099   2399   2297   29
r  2097   2399   2398   29
r  2495   2398   2297   29
r  2096   2398   2297   29
r  2345   2398   2297   29
r  2046   2048   2297   29
r  2098   2297   2398   29
r  2500   2297   2398   29
r  2149   2297   2398   29
r  2198   2297   2398   29
r  2245   2297   2398   29
r  2246   2297   2398   29
r  2250   2398   2297   29
r  2447   2297   2398   29
r  2493   2297   2398   29
r  2350   2398   2297   29
r  2346   2297   2398   29
r  2394   2398   2297   29
r  2146   2195   2297   29
r  2150   2297   2399   29
r  2299   2398   2399   29
r  2498   2297   2399   29
r  2444   2398   2399   29
r  2249   2297   2399   29
r  2195   2398   2399   29
r  2496   2297   2399   29
r  2194   2297   2399   29
r  2442   2438   2399   29
r  2440   2491   2399   29
r  2450   2399   2398   29
r  2244   2399   2398   29
r  2200   2399   2297   29
r  2499   2399   2297   29
r  2396   2399   2297   29
r  2300   2399   2297   29
r  2094   2399   2297   29
r  2383   2335   2434   29
r  2333   2233   2434   29
r  2386   2434   2382   29
r  2486   2434   2335   29
r  2392   2343   2398   29
r  2490   2437   2390   29
r  2488   2439   2289   29
r  556   408   153   30
r  360   461   153   30
r  361   461   153   30
r  458   153   204   30
r  359   153   204   30
r  13   62   204   30
r  652   751   204   30
r  460   153   204   30
r  508   409   204   30
r  212   261   204   30
r  605   607   204   30
r  411   413   204   30
r  461   409   204   30
r  702   801   204   30
r  412   363   204   30
r  58   204   107   30
r  161   204   153   30
r  12   204   153   30
r  601   204   153   30
r  459   204   153   30
r  409   204   153   30
r  311   265   153   30
r  603   702   153   30
r  606   507   153   30
r  653   204   801   30
r  314   214   215   30
r  15   114   68   30
r  271   323   126   30
r  222   371   126   30
r  119   23   68   30
r  17   66   166   30
r  709   707   610   30
r  851   1103   1152   30
r  804   753   853   30
r  1102   1003   852   30
r  122   120   171   30
r  375   277   126   30
r  280   233   126   30
r  326   374   126   30
r  274   126   127   30
r  21   126   120   30
r  276   126   323   30
r  1103   951   902   30
r  951   1003   1152   30
r  1002   1152   951   30
r  1252   1254   1403   30
r  1167   1216   1270   30
r  1251   1204   1352   30
r  1353   1204   1253   30
r  1452   1403   1204   30
r  1255   1204   1352   30
r  1355   1204   1352   30
r  1401   1204   1352   30
r  1502   1402   1254   30
r  1305   1352   1204   30
r  85   83   188   30
r  625   573   672   30
r  1451   1352   1402   30
r  1551   1752   1753   30
r  822   773   770   30
r  1506   1457   1508   30
r  140   88   188   30
r  191   88   188   30
r  90   188   92   30
r  142   93   88   30
r  240   90   88   30
r  241   290   88   30
r  1562   1714   1411   30
r  1417   1415   1366   30
r  1468   1366   1369   30
r  1802   1853   1753   30
r  1803   1852   1603   30
r  1754   1751   1603   30
r  1902   1753   1603   30
r  1701   1652   1603   30
r  1854   1852   1753   30
r  94   300   197   30
r  45   300   148   30
r  974   1023   925   30
r  1658   1607   1508   30
r  2003   2303   2403   30
r  1955   2006   2356   30
r  95   148   197   30
r  46   300   197   30
r  346   148   300   30
r  349   148   300   30
r  48   148   300   30
r  400   148   300   30
r  296   300   148   30
r  298   300   148   30
r  399   300   148   30
r  347   300   148   30
r  99   147   300   30
r  245   148   197   30
r  49   300   197   30
r  150   148   197   30
r  249   148   197   30
r  397   148   197   30
r  1324   1275   1224   30
r  2052   2356   2303   30
r  2159   2356   2303   30
r  2105   2303   2356   30
r  2451   2303   2356   30
r  2358   2303   2356   30
r  2309   2356   2303   30
r  2153   2303   2356   30
r  2103   2356   2303   30
r  2107   2356   2303   30
r  2407   2356   2303   30
r  2307   2356   2303   30
r  2201   2303   2356   30
r  2414   2356   2303   30
r  2252   2356   2303   30
r  2106   2303   2356   30
r  2455   2356   2303   30
r  2410   2356   2303   30
r  2351   2356   2303   30
r  2006   2303   2356   30
r  2108   2356   2303   30
r  2354   2303   2356   30
r  2007   2108   2356   30
r  2259   2303   2356   30
r  2205   2356   2303   30
r  1956   2356   2403   30
r  2051   2303   2403   30
r  2158   2303   2403   30
r  2352   2356   2403   30
r  2405   2356   2403   30
r  2462   2303   2403   30
r  2207   2303   2403   30
r  2310   2303   2403   30
r  2056   2303   2403   30
r  2154   2303   2403   30
r  2251   2303   2403   30
r  2206   2356   2403   30
r  2209   2303   2403   30
r  2459   2356   2403   30
r  2055   2303   2403   30
r  2261   2356   2403   30
r  2203   2303   2403   30
r  2457   2356   2403   30
r  2308   2303   2403   30
r  2151   2303   2403   30
r  2254   2356   2403   30
r  2265   2412   2403   30
r  2204   2303   2403   30
r  2312   2303   2403   30
r  2458   2356   2403   30
r  2456   2303   2403   30
r  2408   2356   2403   30
r  2054   2403   2303   30
r  47   197   148   30
r  297   197   300   30
r  100   197   300   30
r  200   197   300   30
r  50   197   300   30
r  146   197   300   30
r  398   197   148   30
r  450   197   300   30
r  1765   1717   1714   30
r  1909   1911   2010   30
r  2102   2403   2356   30
r  2409   2403   2303   30
r  2104   2403   2303   30
r  2152   2403   2303   30
r  2255   2403   2303   30
r  2359   2403   2303   30
r  2361   2403   2303   30
r  2256   2403   2303   30
r  2101   2403   2356   30
r  2208   2403   2356   30
r  2258   2403   2356   30
r  2210   2403   2356   30
r  2360   2403   2356   30
r  2311   2403   2356   30
r  2461   2403   2356   30
r  2313   2403   2356   30
r  2260   2403   2356   30
r  2156   2403   2356   30
r  2412   2315   2356   30
r  2262   2412   2356   30
r  2415   2360   2356   30
r  2305   2403   2356   30
r  2214   2403   2356   30
r  849   897   549   30
r  744   897   793   30
r  899   897   698   30
r  750   549   698   30
r  700   649   698   30
r  950   797   698   30
r  894   995   698   30
r  743   791   698   30
r  598   698   549   30
r  1721   1772   1770   30
r  2366   2412   2321   30
r  2317   2368   2268   30
r  600   698   549   30
r  798   698   549   30
r  1628   1677   1478   30
r  1579   1481   1527   30
r  2467   2418   2321   30
r  1200   1198   1298   30
r  1298   1347   1198   30
r  1350   1198   1249   30
r  1348   1399   1149   30
r  1247   1249   1149   30
r  2323   2372   2424   30
r  2273   2322   2174   30
r  2375   2474   2424   30
r  2123   2172   2321   30
r  2420   2469   2321   30
r  2426   2378   2321   30
r  2225   2174   2321   30
r  2473   2321   2471   30
r  2476   2378   2430   30
r  1828   1877   1876   30
r  1750   1748   1848   30
r  1699   1848   1549   30
r  1900   1848   1697   30
r  2479   2378   2379   30
r  1947   1896   2399   30
r  1700   1748   1749   30
r  1850   1697   1848   30
r  1899   1697   1848   30
r  2035   2138   2186   30
r  2482   2433   2382   30
r  2100   2297   2399   30
r  1995   2297   2399   30
r  2383   2434   2385   30
r  2486   2335   2382   30
r  2286   2337   2335   30
r  2495   2297   2398   30
r  2095   2297   2398   30
r  2096   2297   2398   30
r  2045   1994   2297   30
r  2098   2398   2297   30
r  2149   2398   2297   30
r  2344   2297   2398   30
r  2197   2398   2297   30
r  2245   2398   2297   30
r  2246   2398   2297   30
r  2447   2398   2297   30
r  2044   2096   2297   30
r  2346   2398   2297   30
r  2048   2147   2398   30
r  2249   2398   2297   30
r  2496   2398   2297   30
r  2099   2297   2399   30
r  2097   2046   2399   30
r  2450   2398   2399   30
r  2499   2297   2399   30
r  2396   2297   2399   30
r  2300   2297   2399   30
r  2094   2297   2399   30
r  2392   2398   2399   30
r  2491   2393   2399   30
r  2342   2393   2399   30
r  2243   2192   2399   30
r  2241   2141   2399   30
r  2244   2398   2399   30
r  2200   2297   2399   30
r  2489   2289   2399   30
r  2299   2399   2398   30
r  2494   2399   2398   30
r  2395   2399   2398   30
r  2250   2399   2398   30
r  2350   2399   2398   30
r  2394   2399   2398   30
r  2500   2399   2297   30
r  2144   2399   2297   30
r  2198   2399   2297   30
r  2493   2399   2297   30
r  2199   2399   2297   30
r  2498   2399   2297   30
r  2196   2399   2297   30
r  2288   2286   2337   30
r  2390   2343   2289   30
r  2438   2487   2339   30
