c  1   -1   52   1
c  1   -1   3   1
c  51   -1   102   1
c  2   -1   51   1
c  52   -1   3   1
c  52   -1   54   1
c  101   -1   201   1
c  101   -1   152   1
c  53   -1   102   1
c  53   -1   4   1
c  54   -1   5   1
c  54   -1   3   1
c  4   -1   55   1
c  151   -1   102   1
c  151   -1   153   1
c  201   -1   301   1
c  103   -1   54   1
c  104   -1   204   1
c  104   -1   155   1
c  55   -1   106   1
c  55   -1   6   1
c  105   -1   54   1
c  5   -1   56   1
c  202   -1   251   1
c  202   -1   302   1
c  301   -1   352   1
c  203   -1   152   1
c  154   -1   152   1
c  204   -1   255   1
c  155   -1   206   1
c  155   -1   55   1
c  56   -1   107   1
c  106   -1   157   1
c  6   -1   57   1
c  6   -1   106   1
c  302   -1   251   1
c  302   -1   351   1
c  253   -1   304   1
c  253   -1   202   1
c  351   -1   353   1
c  351   -1   402   1
c  303   -1   301   1
c  303   -1   354   1
c  352   -1   303   1
c  352   -1   401   1
c  254   -1   205   1
c  254   -1   303   1
c  205   -1   256   1
c  255   -1   355   1
c  255   -1   206   1
c  156   -1   207   1
c  156   -1   158   1
c  57   -1   8   1
c  57   -1   106   1
c  7   -1   56   1
c  107   -1   158   1
c  401   -1   452   1
c  451   -1   402   1
c  451   -1   351   1
c  354   -1   405   1
c  256   -1   207   1
c  305   -1   356   1
c  306   -1   206   1
c  306   -1   255   1
c  158   -1   209   1
c  58   -1   109   1
c  58   -1   60   1
c  108   -1   57   1
c  108   -1   157   1
c  8   -1   108   1
c  9   -1   58   1
c  9   -1   7   1
c  452   -1   501   1
c  501   -1   552   1
c  403   -1   354   1
c  453   -1   353   1
c  453   -1   402   1
c  356   -1   354   1
c  405   -1   456   1
c  257   -1   306   1
c  257   -1   308   1
c  307   -1   356   1
c  208   -1   210   1
c  159   -1   210   1
c  159   -1   108   1
c  209   -1   260   1
c  59   -1   108   1
c  109   -1   60   1
c  109   -1   111   1
c  60   -1   9   1
c  10   -1   59   1
c  502   -1   602   1
c  503   -1   452   1
c  503   -1   501   1
c  551   -1   602   1
c  551   -1   553   1
c  552   -1   503   1
c  454   -1   505   1
c  504   -1   455   1
c  504   -1   453   1
c  406   -1   455   1
c  406   -1   408   1
c  357   -1   308   1
c  407   -1   307   1
c  407   -1   356   1
c  455   -1   506   1
c  258   -1   309   1
c  210   -1   261   1
c  160   -1   211   1
c  259   -1   310   1
c  260   -1   258   1
c  110   -1   112   1
c  110   -1   61   1
c  111   -1   62   1
c  11   -1   13   1
c  11   -1   60   1
c  12   -1   61   1
c  12   -1   10   1
c  553   -1   653   1
c  553   -1   502   1
c  602   -1   653   1
c  601   -1   552   1
c  601   -1   701   1
c  505   -1   554   1
c  554   -1   605   1
c  554   -1   556   1
c  604   -1   504   1
c  408   -1   359   1
c  408   -1   457   1
c  358   -1   407   1
c  358   -1   458   1
c  457   -1   508   1
c  506   -1   457   1
c  506   -1   557   1
c  309   -1   360   1
c  309   -1   409   1
c  359   -1   410   1
c  359   -1   308   1
c  211   -1   260   1
c  212   -1   210   1
c  212   -1   161   1
c  261   -1   310   1
c  161   -1   110   1
c  310   -1   361   1
c  112   -1   61   1
c  112   -1   161   1
c  62   -1   113   1
c  62   -1   64   1
c  13   -1   64   1
c  13   -1   113   1
c  63   -1   14   1
c  63   -1   12   1
c  603   -1   554   1
c  653   -1   655   1
c  652   -1   654   1
c  652   -1   703   1
c  651   -1   702   1
c  555   -1   604   1
c  605   -1   607   1
c  605   -1   656   1
c  556   -1   607   1
c  556   -1   656   1
c  654   -1   605   1
c  654   -1   603   1
c  458   -1   507   1
c  409   -1   460   1
c  507   -1   556   1
c  557   -1   555   1
c  410   -1   459   1
c  162   -1   211   1
c  162   -1   164   1
c  262   -1   311   1
c  262   -1   213   1
c  213   -1   164   1
c  312   -1   363   1
c  312   -1   212   1
c  214   -1   212   1
c  214   -1   163   1
c  311   -1   362   1
c  311   -1   360   1
c  361   -1   261   1
c  263   -1   214   1
c  263   -1   261   1
c  113   -1   64   1
c  64   -1   115   1
c  14   -1   65   1
c  703   -1   705   1
c  703   -1   752   1
c  704   -1   653   1
c  702   -1   753   1
c  702   -1   751   1
c  751   -1   802   1
c  751   -1   651   1
c  801   -1   701   1
c  656   -1   654   1
c  656   -1   607   1
c  705   -1   654   1
c  459   -1   510   1
c  411   -1   409   1
c  411   -1   460   1
c  460   -1   511   1
c  558   -1   607   1
c  558   -1   507   1
c  509   -1   560   1
c  509   -1   609   1
c  362   -1   411   1
c  313   -1   362   1
c  264   -1   164   1
c  215   -1   166   1
c  215   -1   217   1
c  114   -1   214   1
c  114   -1   116   1
c  165   -1   214   1
c  165   -1   216   1
c  314   -1   363   1
c  314   -1   214   1
c  216   -1   214   1
c  216   -1   267   1
c  65   -1   114   1
c  115   -1   117   1
c  15   -1   66   1
c  753   -1   804   1
c  754   -1   703   1
c  706   -1   704   1
c  706   -1   655   1
c  851   -1   902   1
c  851   -1   802   1
c  608   -1   606   1
c  608   -1   657   1
c  657   -1   708   1
c  658   -1   607   1
c  756   -1   705   1
c  756   -1   754   1
c  707   -1   658   1
c  707   -1   705   1
c  510   -1   461   1
c  412   -1   363   1
c  412   -1   463   1
c  511   -1   509   1
c  559   -1   608   1
c  560   -1   558   1
c  560   -1   562   1
c  166   -1   164   1
c  364   -1   313   1
c  413   -1   464   1
c  413   -1   513   1
c  265   -1   165   1
c  265   -1   216   1
c  217   -1   266   1
c  116   -1   167   1
c  116   -1   165   1
c  315   -1   366   1
c  266   -1   166   1
c  316   -1   216   1
c  316   -1   265   1
c  267   -1   218   1
c  66   -1   115   1
c  16   -1   65   1
c  117   -1   66   1
c  803   -1   852   1
c  804   -1   904   1
c  757   -1   706   1
c  852   -1   854   1
c  852   -1   903   1
c  902   -1   904   1
c  708   -1   710   1
c  659   -1   759   1
c  659   -1   708   1
c  758   -1   709   1
c  758   -1   658   1
c  805   -1   803   1
c  806   -1   757   1
c  806   -1   857   1
c  561   -1   510   1
c  463   -1   512   1
c  463   -1   465   1
c  512   -1   514   1
c  610   -1   561   1
c  610   -1   661   1
c  562   -1   613   1
c  562   -1   513   1
c  365   -1   414   1
c  365   -1   316   1
c  464   -1   564   1
c  513   -1   564   1
c  513   -1   464   1
c  218   -1   169   1
c  415   -1   466   1
c  415   -1   315   1
c  366   -1   317   1
c  366   -1   417   1
c  317   -1   268   1
c  367   -1   316   1
c  269   -1   369   1
c  269   -1   267   1
c  17   -1   66   1
c  118   -1   167   1
c  853   -1   904   1
c  853   -1   855   1
c  854   -1   803   1
c  854   -1   905   1
c  807   -1   758   1
c  808   -1   859   1
c  808   -1   757   1
c  903   -1   952   1
c  1001   -1   901   1
c  952   -1   1003   1
c  952   -1   901   1
c  953   -1   853   1
c  953   -1   902   1
c  709   -1   760   1
c  710   -1   712   1
c  710   -1   761   1
c  660   -1   711   1
c  759   -1   808   1
c  855   -1   906   1
c  855   -1   955   1
c  856   -1   907   1
c  856   -1   858   1
c  465   -1   416   1
c  465   -1   365   1
c  514   -1   465   1
c  514   -1   516   1
c  661   -1   710   1
c  612   -1   661   1
c  613   -1   662   1
c  168   -1   219   1
c  564   -1   615   1
c  564   -1   566   1
c  219   -1   268   1
c  219   -1   270   1
c  169   -1   118   1
c  417   -1   415   1
c  466   -1   417   1
c  466   -1   517   1
c  318   -1   369   1
c  318   -1   367   1
c  418   -1   367   1
c  418   -1   467   1
c  270   -1   221   1
c  270   -1   170   1
c  220   -1   269   1
c  369   -1   420   1
c  369   -1   469   1
c  18   -1   67   1
c  69   -1   118   1
c  905   -1   907   1
c  954   -1   1003   1
c  954   -1   903   1
c  858   -1   909   1
c  809   -1   858   1
c  809   -1   860   1
c  859   -1   910   1
c  1002   -1   953   1
c  1002   -1   951   1
c  1051   -1   1151   1
c  760   -1   811   1
c  711   -1   760   1
c  711   -1   611   1
c  761   -1   712   1
c  761   -1   661   1
c  906   -1   955   1
c  907   -1   958   1
c  515   -1   615   1
c  515   -1   466   1
c  516   -1   567   1
c  662   -1   711   1
c  662   -1   762   1
c  663   -1   612   1
c  663   -1   563   1
c  565   -1   614   1
c  565   -1   563   1
c  614   -1   714   1
c  614   -1   663   1
c  615   -1   566   1
c  566   -1   515   1
c  170   -1   221   1
c  467   -1   469   1
c  517   -1   566   1
c  517   -1   519   1
c  468   -1   519   1
c  419   -1   468   1
c  320   -1   271   1
c  320   -1   371   1
c  321   -1   270   1
c  321   -1   372   1
c  221   -1   172   1
c  370   -1   321   1
c  420   -1   471   1
c  420   -1   422   1
c  469   -1   518   1
c  469   -1   420   1
c  19   -1   70   1
c  120   -1   171   1
c  70   -1   119   1
c  20   -1   69   1
c  20   -1   71   1
c  71   -1   69   1
c  1004   -1   1053   1
c  908   -1   957   1
c  908   -1   906   1
c  810   -1   861   1
c  810   -1   910   1
c  860   -1   760   1
c  1052   -1   1103   1
c  1052   -1   1003   1
c  1054   -1   1003   1
c  811   -1   862   1
c  811   -1   911   1
c  762   -1   862   1
c  956   -1   1005   1
c  1006   -1   955   1
c  957   -1   1006   1
c  957   -1   1008   1
c  567   -1   518   1
c  567   -1   467   1
c  664   -1   713   1
c  664   -1   666   1
c  616   -1   614   1
c  616   -1   667   1
c  714   -1   765   1
c  714   -1   665   1
c  171   -1   222   1
c  519   -1   419   1
c  470   -1   419   1
c  322   -1   271   1
c  322   -1   320   1
c  222   -1   271   1
c  222   -1   273   1
c  372   -1   423   1
c  372   -1   323   1
c  421   -1   372   1
c  471   -1   473   1
c  471   -1   522   1
c  569   -1   469   1
c  520   -1   518   1
c  520   -1   469   1
c  121   -1   70   1
c  21   -1   121   1
c  72   -1   123   1
c  72   -1   121   1
c  22   -1   73   1
c  22   -1   71   1
c  122   -1   171   1
c  122   -1   71   1
c  73   -1   71   1
c  959   -1   908   1
c  862   -1   962   1
c  862   -1   860   1
c  911   -1   960   1
c  911   -1   860   1
c  1102   -1   1202   1
c  1102   -1   1151   1
c  1103   -1   1054   1
c  1201   -1   1252   1
c  1152   -1   1203   1
c  1152   -1   1103   1
c  1104   -1   1053   1
c  1104   -1   1055   1
c  1055   -1   1053   1
c  1055   -1   1006   1
c  763   -1   812   1
c  763   -1   863   1
c  764   -1   713   1
c  764   -1   813   1
c  1056   -1   956   1
c  1056   -1   1058   1
c  1007   -1   958   1
c  1007   -1   1056   1
c  1057   -1   1006   1
c  1057   -1   1106   1
c  568   -1   617   1
c  666   -1   617   1
c  667   -1   669   1
c  715   -1   666   1
c  716   -1   665   1
c  716   -1   765   1
c  323   -1   374   1
c  323   -1   274   1
c  273   -1   324   1
c  223   -1   225   1
c  224   -1   222   1
c  373   -1   473   1
c  373   -1   424   1
c  423   -1   474   1
c  173   -1   73   1
c  472   -1   423   1
c  472   -1   421   1
c  521   -1   621   1
c  473   -1   422   1
c  473   -1   573   1
c  619   -1   668   1
c  619   -1   670   1
c  570   -1   619   1
c  23   -1   74   1
c  1009   -1   1058   1
c  961   -1   861   1
c  961   -1   912   1
c  863   -1   914   1
c  962   -1   911   1
c  1011   -1   911   1
c  1011   -1   1062   1
c  1010   -1   1059   1
c  1153   -1   1102   1
c  1153   -1   1202   1
c  1251   -1   1202   1
c  1252   -1   1303   1
c  1252   -1   1301   1
c  1203   -1   1154   1
c  1203   -1   1254   1
c  1154   -1   1254   1
c  1105   -1   1154   1
c  814   -1   765   1
c  1106   -1   1155   1
c  1106   -1   1157   1
c  1058   -1   1107   1
c  668   -1   719   1
c  816   -1   765   1
c  816   -1   865   1
c  767   -1   716   1
c  767   -1   818   1
c  324   -1   224   1
c  374   -1   425   1
c  374   -1   325   1
c  274   -1   325   1
c  225   -1   227   1
c  225   -1   276   1
c  174   -1   225   1
c  175   -1   226   1
c  175   -1   224   1
c  424   -1   475   1
c  474   -1   374   1
c  474   -1   425   1
c  124   -1   175   1
c  124   -1   173   1
c  571   -1   522   1
c  523   -1   521   1
c  523   -1   525   1
c  621   -1   721   1
c  621   -1   672   1
c  524   -1   473   1
c  524   -1   475   1
c  572   -1   623   1
c  572   -1   672   1
c  24   -1   26   1
c  75   -1   126   1
c  25   -1   74   1
c  25   -1   125   1
c  125   -1   74   1
c  1061   -1   1110   1
c  1061   -1   961   1
c  1012   -1   1010   1
c  1012   -1   961   1
c  913   -1   864   1
c  913   -1   964   1
c  864   -1   815   1
c  963   -1   1012   1
c  1062   -1   1111   1
c  1060   -1   1111   1
c  1060   -1   1109   1
c  1301   -1   1401   1
c  1301   -1   1352   1
c  1302   -1   1351   1
c  1253   -1   1353   1
c  1303   -1   1254   1
c  1204   -1   1253   1
c  1204   -1   1155   1
c  1155   -1   1206   1
c  1155   -1   1255   1
c  1206   -1   1106   1
c  1157   -1   1155   1
c  1108   -1   1059   1
c  1207   -1   1156   1
c  1207   -1   1107   1
c  671   -1   669   1
c  671   -1   620   1
c  865   -1   916   1
c  817   -1   766   1
c  866   -1   917   1
c  768   -1   817   1
c  275   -1   324   1
c  425   -1   376   1
c  226   -1   228   1
c  276   -1   327   1
c  276   -1   278   1
c  176   -1   125   1
c  525   -1   574   1
c  525   -1   527   1
c  622   -1   671   1
c  672   -1   723   1
c  575   -1   524   1
c  624   -1   573   1
c  624   -1   622   1
c  720   -1   771   1
c  720   -1   769   1
c  26   -1   75   1
c  76   -1   78   1
c  76   -1   176   1
c  1109   -1   1160   1
c  1109   -1   1111   1
c  1111   -1   1162   1
c  1110   -1   1161   1
c  1110   -1   1159   1
c  1013   -1   1062   1
c  1013   -1   1064   1
c  964   -1   1064   1
c  915   -1   917   1
c  1351   -1   1353   1
c  1401   -1   1452   1
c  1401   -1   1501   1
c  1352   -1   1303   1
c  1353   -1   1404   1
c  1353   -1   1402   1
c  1304   -1   1306   1
c  1304   -1   1353   1
c  1354   -1   1303   1
c  1205   -1   1305   1
c  1205   -1   1254   1
c  1255   -1   1206   1
c  1305   -1   1354   1
c  1305   -1   1254   1
c  1256   -1   1307   1
c  1159   -1   1108   1
c  1208   -1   1257   1
c  1258   -1   1207   1
c  769   -1   818   1
c  771   -1   671   1
c  771   -1   773   1
c  916   -1   965   1
c  867   -1   918   1
c  917   -1   968   1
c  819   -1   868   1
c  820   -1   771   1
c  820   -1   818   1
c  326   -1   328   1
c  376   -1   327   1
c  426   -1   377   1
c  228   -1   279   1
c  228   -1   177   1
c  277   -1   328   1
c  277   -1   326   1
c  327   -1   378   1
c  327   -1   278   1
c  526   -1   577   1
c  527   -1   576   1
c  770   -1   721   1
c  770   -1   772   1
c  673   -1   724   1
c  673   -1   722   1
c  723   -1   774   1
c  723   -1   823   1
c  625   -1   676   1
c  625   -1   627   1
c  576   -1   625   1
c  674   -1   723   1
c  674   -1   725   1
c  27   -1   78   1
c  78   -1   127   1
c  78   -1   129   1
c  127   -1   27   1
c  1160   -1   1211   1
c  1161   -1   1159   1
c  1161   -1   1210   1
c  1014   -1   1065   1
c  1113   -1   1162   1
c  1113   -1   1013   1
c  1064   -1   1015   1
c  1064   -1   1113   1
c  965   -1   967   1
c  1015   -1   964   1
c  1015   -1   966   1
c  966   -1   915   1
c  1163   -1   1112   1
c  1163   -1   1214   1
c  1065   -1   1114   1
c  1065   -1   1063   1
c  1451   -1   1402   1
c  1451   -1   1453   1
c  1452   -1   1454   1
c  1501   -1   1552   1
c  1501   -1   1452   1
c  1403   -1   1452   1
c  1404   -1   1355   1
c  1306   -1   1357   1
c  1355   -1   1455   1
c  1307   -1   1358   1
c  1307   -1   1309   1
c  1209   -1   1309   1
c  1209   -1   1260   1
c  1308   -1   1359   1
c  1259   -1   1308   1
c  822   -1   771   1
c  967   -1   916   1
c  1017   -1   966   1
c  1017   -1   917   1
c  919   -1   868   1
c  919   -1   917   1
c  968   -1   868   1
c  870   -1   919   1
c  377   -1   428   1
c  377   -1   326   1
c  328   -1   228   1
c  427   -1   476   1
c  427   -1   527   1
c  229   -1   180   1
c  229   -1   278   1
c  378   -1   380   1
c  378   -1   278   1
c  477   -1   528   1
c  577   -1   579   1
c  528   -1   479   1
c  724   -1   775   1
c  724   -1   773   1
c  774   -1   725   1
c  774   -1   823   1
c  823   -1   872   1
c  725   -1   625   1
c  676   -1   727   1
c  627   -1   576   1
c  627   -1   676   1
c  28   -1   79   1
c  28   -1   77   1
c  79   -1   128   1
c  80   -1   131   1
c  80   -1   78   1
c  129   -1   180   1
c  129   -1   131   1
c  1262   -1   1162   1
c  1262   -1   1211   1
c  1114   -1   1165   1
c  1114   -1   1116   1
c  1016   -1   967   1
c  1016   -1   1116   1
c  1213   -1   1264   1
c  1164   -1   1213   1
c  1115   -1   1164   1
c  1066   -1   1017   1
c  1116   -1   1065   1
c  1116   -1   1118   1
c  1453   -1   1455   1
c  1453   -1   1404   1
c  1454   -1   1505   1
c  1454   -1   1503   1
c  1551   -1   1502   1
c  1551   -1   1602   1
c  1552   -1   1603   1
c  1405   -1   1356   1
c  1455   -1   1404   1
c  1357   -1   1308   1
c  1309   -1   1360   1
c  1309   -1   1260   1
c  1260   -1   1311   1
c  1359   -1   1459   1
c  1310   -1   1259   1
c  871   -1   922   1
c  1067   -1   1018   1
c  1067   -1   967   1
c  1018   -1   1069   1
c  1018   -1   969   1
c  969   -1   869   1
c  920   -1   871   1
c  920   -1   971   1
c  970   -1   968   1
c  921   -1   870   1
c  428   -1   477   1
c  329   -1   380   1
c  329   -1   429   1
c  379   -1   328   1
c  230   -1   279   1
c  280   -1   329   1
c  280   -1   331   1
c  281   -1   279   1
c  578   -1   627   1
c  578   -1   629   1
c  529   -1   578   1
c  874   -1   774   1
c  874   -1   872   1
c  776   -1   725   1
c  776   -1   774   1
c  726   -1   675   1
c  726   -1   826   1
c  727   -1   678   1
c  727   -1   627   1
c  628   -1   630   1
c  628   -1   579   1
c  678   -1   627   1
c  29   -1   31   1
c  30   -1   81   1
c  30   -1   32   1
c  130   -1   230   1
c  130   -1   179   1
c  81   -1   83   1
c  81   -1   32   1
c  31   -1   82   1
c  31   -1   80   1
c  131   -1   231   1
c  1261   -1   1312   1
c  1261   -1   1361   1
c  1312   -1   1310   1
c  1312   -1   1412   1
c  1263   -1   1363   1
c  1264   -1   1313   1
c  1215   -1   1166   1
c  1215   -1   1264   1
c  1068   -1   1119   1
c  1068   -1   1066   1
c  1166   -1   1217   1
c  1166   -1   1266   1
c  1117   -1   1166   1
c  1216   -1   1116   1
c  1216   -1   1165   1
c  1118   -1   1067   1
c  1118   -1   1069   1
c  1503   -1   1554   1
c  1503   -1   1603   1
c  1553   -1   1453   1
c  1456   -1   1454   1
c  1505   -1   1405   1
c  1602   -1   1653   1
c  1602   -1   1651   1
c  1406   -1   1455   1
c  1407   -1   1358   1
c  1407   -1   1356   1
c  1311   -1   1360   1
c  1311   -1   1411   1
c  1409   -1   1407   1
c  1459   -1   1461   1
c  1361   -1   1310   1
c  1361   -1   1363   1
c  971   -1   871   1
c  923   -1   872   1
c  1020   -1   1069   1
c  1020   -1   1071   1
c  1021   -1   1070   1
c  1021   -1   970   1
c  429   -1   380   1
c  181   -1   183   1
c  181   -1   132   1
c  331   -1   282   1
c  331   -1   382   1
c  282   -1   182   1
c  232   -1   281   1
c  232   -1   183   1
c  332   -1   281   1
c  430   -1   479   1
c  430   -1   481   1
c  381   -1   330   1
c  629   -1   580   1
c  580   -1   582   1
c  630   -1   581   1
c  630   -1   579   1
c  480   -1   431   1
c  480   -1   482   1
c  825   -1   876   1
c  924   -1   873   1
c  875   -1   926   1
c  925   -1   874   1
c  826   -1   877   1
c  826   -1   828   1
c  777   -1   728   1
c  777   -1   826   1
c  876   -1   827   1
c  876   -1   776   1
c  827   -1   776   1
c  728   -1   628   1
c  728   -1   779   1
c  778   -1   827   1
c  778   -1   727   1
c  679   -1   728   1
c  679   -1   628   1
c  32   -1   83   1
c  82   -1   33   1
c  33   -1   31   1
c  132   -1   134   1
c  1362   -1   1311   1
c  1362   -1   1413   1
c  1313   -1   1311   1
c  1363   -1   1312   1
c  1314   -1   1312   1
c  1412   -1   1461   1
c  1412   -1   1361   1
c  1167   -1   1216   1
c  1167   -1   1165   1
c  1265   -1   1216   1
c  1265   -1   1316   1
c  1315   -1   1264   1
c  1266   -1   1217   1
c  1266   -1   1315   1
c  1168   -1   1117   1
c  1316   -1   1216   1
c  1316   -1   1365   1
c  1554   -1   1505   1
c  1555   -1   1504   1
c  1555   -1   1553   1
c  1506   -1   1557   1
c  1506   -1   1555   1
c  1457   -1   1508   1
c  1457   -1   1408   1
c  1605   -1   1554   1
c  1605   -1   1505   1
c  1651   -1   1702   1
c  1652   -1   1603   1
c  1652   -1   1703   1
c  1653   -1   1704   1
c  1653   -1   1702   1
c  1604   -1   1655   1
c  1604   -1   1606   1
c  1654   -1   1603   1
c  1458   -1   1460   1
c  1411   -1   1360   1
c  1460   -1   1409   1
c  1510   -1   1459   1
c  1461   -1   1512   1
c  1461   -1   1510   1
c  972   -1   1023   1
c  973   -1   1024   1
c  973   -1   922   1
c  1070   -1   1119   1
c  1071   -1   1120   1
c  1071   -1   1069   1
c  1022   -1   1071   1
c  1022   -1   1020   1
c  1023   -1   974   1
c  1023   -1   1021   1
c  182   -1   82   1
c  182   -1   184   1
c  183   -1   234   1
c  183   -1   134   1
c  283   -1   232   1
c  233   -1   282   1
c  333   -1   335   1
c  333   -1   282   1
c  334   -1   383   1
c  334   -1   332   1
c  431   -1   382   1
c  481   -1   381   1
c  481   -1   581   1
c  680   -1   629   1
c  680   -1   780   1
c  581   -1   530   1
c  582   -1   531   1
c  631   -1   682   1
c  631   -1   582   1
c  681   -1   630   1
c  531   -1   533   1
c  482   -1   531   1
c  974   -1   1074   1
c  926   -1   977   1
c  975   -1   973   1
c  975   -1   1024   1
c  877   -1   926   1
c  828   -1   877   1
c  828   -1   928   1
c  729   -1   778   1
c  729   -1   780   1
c  779   -1   730   1
c  779   -1   879   1
c  829   -1   878   1
c  829   -1   778   1
c  34   -1   83   1
c  34   -1   32   1
c  84   -1   86   1
c  85   -1   83   1
c  85   -1   34   1
c  134   -1   185   1
c  1364   -1   1413   1
c  1414   -1   1314   1
c  1462   -1   1513   1
c  1365   -1   1416   1
c  1365   -1   1465   1
c  1169   -1   1220   1
c  1267   -1   1269   1
c  1317   -1   1266   1
c  1317   -1   1217   1
c  1219   -1   1168   1
c  1366   -1   1466   1
c  1507   -1   1558   1
c  1507   -1   1556   1
c  1557   -1   1606   1
c  1655   -1   1606   1
c  1606   -1   1657   1
c  1701   -1   1752   1
c  1701   -1   1703   1
c  1703   -1   1752   1
c  1703   -1   1754   1
c  1704   -1   1604   1
c  1705   -1   1654   1
c  1705   -1   1703   1
c  1560   -1   1609   1
c  1511   -1   1562   1
c  1511   -1   1611   1
c  1561   -1   1512   1
c  1561   -1   1510   1
c  1512   -1   1563   1
c  1024   -1   1124   1
c  1121   -1   1070   1
c  1072   -1   1121   1
c  1074   -1   1076   1
c  1074   -1   1023   1
c  184   -1   233   1
c  234   -1   283   1
c  432   -1   434   1
c  432   -1   483   1
c  383   -1   432   1
c  284   -1   233   1
c  335   -1   435   1
c  335   -1   386   1
c  384   -1   433   1
c  532   -1   432   1
c  532   -1   481   1
c  483   -1   481   1
c  730   -1   681   1
c  730   -1   781   1
c  731   -1   682   1
c  731   -1   680   1
c  682   -1   582   1
c  682   -1   680   1
c  780   -1   831   1
c  632   -1   683   1
c  632   -1   681   1
c  583   -1   632   1
c  583   -1   532   1
c  533   -1   584   1
c  533   -1   433   1
c  484   -1   533   1
c  484   -1   482   1
c  976   -1   1027   1
c  927   -1   978   1
c  977   -1   1077   1
c  977   -1   979   1
c  1025   -1   1074   1
c  1075   -1   975   1
c  1075   -1   1026   1
c  878   -1   927   1
c  878   -1   978   1
c  928   -1   977   1
c  880   -1   829   1
c  35   -1   135   1
c  35   -1   84   1
c  86   -1   37   1
c  86   -1   88   1
c  135   -1   137   1
c  185   -1   136   1
c  185   -1   85   1
c  136   -1   85   1
c  136   -1   187   1
c  1463   -1   1465   1
c  1463   -1   1514   1
c  1464   -1   1415   1
c  1464   -1   1515   1
c  1415   -1   1417   1
c  1513   -1   1464   1
c  1416   -1   1367   1
c  1465   -1   1516   1
c  1465   -1   1514   1
c  1170   -1   1121   1
c  1170   -1   1172   1
c  1268   -1   1319   1
c  1268   -1   1368   1
c  1367   -1   1369   1
c  1367   -1   1267   1
c  1269   -1   1318   1
c  1318   -1   1418   1
c  1318   -1   1369   1
c  1656   -1   1705   1
c  1656   -1   1556   1
c  1558   -1   1607   1
c  1558   -1   1609   1
c  1607   -1   1656   1
c  1607   -1   1658   1
c  1657   -1   1706   1
c  1754   -1   1705   1
c  1755   -1   1706   1
c  1755   -1   1704   1
c  1610   -1   1559   1
c  1610   -1   1659   1
c  1611   -1   1711   1
c  1611   -1   1662   1
c  1612   -1   1561   1
c  1612   -1   1512   1
c  1124   -1   1224   1
c  1124   -1   1126   1
c  1123   -1   1074   1
c  1125   -1   1074   1
c  1076   -1   1176   1
c  1076   -1   1025   1
c  235   -1   186   1
c  235   -1   184   1
c  285   -1   234   1
c  385   -1   285   1
c  385   -1   434   1
c  336   -1   287   1
c  336   -1   236   1
c  435   -1   486   1
c  435   -1   386   1
c  386   -1   388   1
c  386   -1   437   1
c  781   -1   830   1
c  781   -1   732   1
c  732   -1   683   1
c  732   -1   734   1
c  782   -1   682   1
c  782   -1   731   1
c  831   -1   782   1
c  633   -1   533   1
c  584   -1   633   1
c  584   -1   635   1
c  485   -1   536   1
c  535   -1   484   1
c  535   -1   435   1
c  486   -1   484   1
c  486   -1   437   1
c  1026   -1   977   1
c  1028   -1   977   1
c  1077   -1   1128   1
c  929   -1   1029   1
c  929   -1   980   1
c  832   -1   830   1
c  881   -1   932   1
c  931   -1   880   1
c  36   -1   87   1
c  87   -1   136   1
c  87   -1   38   1
c  37   -1   88   1
c  88   -1   137   1
c  137   -1   188   1
c  137   -1   237   1
c  186   -1   237   1
c  186   -1   188   1
c  138   -1   87   1
c  138   -1   136   1
c  187   -1   138   1
c  1515   -1   1564   1
c  1515   -1   1466   1
c  1417   -1   1466   1
c  1417   -1   1468   1
c  1564   -1   1513   1
c  1516   -1   1416   1
c  1172   -1   1223   1
c  1172   -1   1272   1
c  1221   -1   1321   1
c  1221   -1   1172   1
c  1319   -1   1370   1
c  1368   -1   1419   1
c  1368   -1   1417   1
c  1369   -1   1420   1
c  1320   -1   1369   1
c  1320   -1   1269   1
c  1418   -1   1369   1
c  1467   -1   1469   1
c  1467   -1   1518   1
c  1468   -1   1466   1
c  1658   -1   1656   1
c  1658   -1   1707   1
c  1707   -1   1756   1
c  1707   -1   1758   1
c  1708   -1   1759   1
c  1708   -1   1657   1
c  1801   -1   1752   1
c  1801   -1   1852   1
c  1803   -1   1852   1
c  1804   -1   1802   1
c  1805   -1   1754   1
c  1805   -1   1856   1
c  1757   -1   1755   1
c  1757   -1   1806   1
c  1659   -1   1710   1
c  1659   -1   1759   1
c  1660   -1   1609   1
c  1710   -1   1610   1
c  1613   -1   1664   1
c  1613   -1   1562   1
c  1661   -1   1663   1
c  1661   -1   1612   1
c  1711   -1   1762   1
c  1662   -1   1713   1
c  1712   -1   1612   1
c  1174   -1   1223   1
c  1174   -1   1225   1
c  1173   -1   1124   1
c  1173   -1   1122   1
c  1126   -1   1226   1
c  1126   -1   1177   1
c  1175   -1   1173   1
c  1175   -1   1224   1
c  1176   -1   1276   1
c  1176   -1   1178   1
c  286   -1   386   1
c  286   -1   337   1
c  387   -1   436   1
c  387   -1   385   1
c  337   -1   386   1
c  337   -1   288   1
c  287   -1   338   1
c  436   -1   487   1
c  388   -1   337   1
c  388   -1   437   1
c  733   -1   782   1
c  783   -1   834   1
c  783   -1   785   1
c  684   -1   733   1
c  634   -1   585   1
c  585   -1   536   1
c  585   -1   587   1
c  635   -1   686   1
c  635   -1   586   1
c  536   -1   587   1
c  536   -1   487   1
c  980   -1   1029   1
c  980   -1   978   1
c  1029   -1   1080   1
c  1127   -1   1178   1
c  1128   -1   1179   1
c  1128   -1   1130   1
c  1079   -1   979   1
c  882   -1   982   1
c  882   -1   833   1
c  833   -1   884   1
c  833   -1   784   1
c  883   -1   832   1
c  883   -1   934   1
c  981   -1   930   1
c  981   -1   1081   1
c  932   -1   981   1
c  38   -1   40   1
c  38   -1   89   1
c  89   -1   40   1
c  89   -1   91   1
c  188   -1   288   1
c  188   -1   239   1
c  237   -1   188   1
c  140   -1   91   1
c  140   -1   138   1
c  238   -1   289   1
c  238   -1   187   1
c  1614   -1   1665   1
c  1614   -1   1663   1
c  1566   -1   1617   1
c  1566   -1   1517   1
c  1517   -1   1468   1
c  1517   -1   1568   1
c  1222   -1   1173   1
c  1223   -1   1274   1
c  1271   -1   1273   1
c  1271   -1   1322   1
c  1370   -1   1419   1
c  1370   -1   1368   1
c  1469   -1   1518   1
c  1469   -1   1418   1
c  1758   -1   1756   1
c  1709   -1   1760   1
c  1709   -1   1711   1
c  1759   -1   1808   1
c  1759   -1   1710   1
c  1851   -1   1802   1
c  1852   -1   1903   1
c  1902   -1   1802   1
c  1902   -1   1951   1
c  1853   -1   1904   1
c  1853   -1   1953   1
c  1854   -1   1805   1
c  1854   -1   1905   1
c  1855   -1   1906   1
c  1855   -1   1806   1
c  1856   -1   1854   1
c  1856   -1   1756   1
c  1761   -1   1710   1
c  1761   -1   1661   1
c  1615   -1   1613   1
c  1615   -1   1664   1
c  1664   -1   1764   1
c  1664   -1   1666   1
c  1762   -1   1811   1
c  1225   -1   1276   1
c  1225   -1   1274   1
c  1274   -1   1272   1
c  1177   -1   1226   1
c  1177   -1   1228   1
c  1276   -1   1227   1
c  1178   -1   1227   1
c  1178   -1   1229   1
c  338   -1   387   1
c  338   -1   289   1
c  438   -1   387   1
c  288   -1   339   1
c  389   -1   440   1
c  339   -1   388   1
c  784   -1   835   1
c  784   -1   786   1
c  735   -1   784   1
c  834   -1   885   1
c  834   -1   883   1
c  685   -1   687   1
c  636   -1   634   1
c  636   -1   685   1
c  537   -1   488   1
c  537   -1   586   1
c  982   -1   980   1
c  982   -1   1031   1
c  1129   -1   1178   1
c  1129   -1   1078   1
c  1227   -1   1127   1
c  1179   -1   1228   1
c  933   -1   882   1
c  884   -1   886   1
c  934   -1   932   1
c  934   -1   834   1
c  1081   -1   1130   1
c  1081   -1   1181   1
c  40   -1   42   1
c  91   -1   142   1
c  189   -1   240   1
c  189   -1   140   1
c  239   -1   288   1
c  239   -1   290   1
c  190   -1   139   1
c  141   -1   192   1
c  142   -1   140   1
c  142   -1   191   1
c  289   -1   240   1
c  289   -1   189   1
c  1567   -1   1565   1
c  1714   -1   1665   1
c  1714   -1   1614   1
c  1665   -1   1716   1
c  1616   -1   1567   1
c  1617   -1   1668   1
c  1568   -1   1619   1
c  1322   -1   1371   1
c  1371   -1   1420   1
c  1371   -1   1471   1
c  1421   -1   1370   1
c  1519   -1   1470   1
c  1520   -1   1469   1
c  1569   -1   1520   1
c  1569   -1   1518   1
c  1858   -1   1807   1
c  1858   -1   1758   1
c  1809   -1   1858   1
c  1859   -1   1759   1
c  1859   -1   1908   1
c  1901   -1   1852   1
c  1901   -1   1952   1
c  1952   -1   1954   1
c  1952   -1   2003   1
c  1951   -1   2002   1
c  1906   -1   1955   1
c  1857   -1   1808   1
c  1857   -1   1906   1
c  1956   -1   1856   1
c  1810   -1   1861   1
c  1764   -1   1715   1
c  1764   -1   1762   1
c  1666   -1   1717   1
c  1763   -1   1863   1
c  1763   -1   1814   1
c  1275   -1   1324   1
c  1275   -1   1375   1
c  1324   -1   1375   1
c  1277   -1   1226   1
c  1228   -1   1230   1
c  1228   -1   1328   1
c  1326   -1   1328   1
c  1326   -1   1377   1
c  1376   -1   1427   1
c  1376   -1   1276   1
c  1327   -1   1276   1
c  1229   -1   1280   1
c  1229   -1   1278   1
c  439   -1   490   1
c  439   -1   488   1
c  390   -1   339   1
c  390   -1   290   1
c  340   -1   389   1
c  340   -1   440   1
c  440   -1   491   1
c  290   -1   241   1
c  290   -1   339   1
c  835   -1   886   1
c  786   -1   837   1
c  786   -1   737   1
c  736   -1   785   1
c  885   -1   934   1
c  637   -1   686   1
c  637   -1   737   1
c  588   -1   590   1
c  538   -1   589   1
c  538   -1   587   1
c  1032   -1   1083   1
c  1032   -1   1030   1
c  983   -1   1032   1
c  983   -1   1034   1
c  1180   -1   1182   1
c  1180   -1   1231   1
c  1230   -1   1179   1
c  1230   -1   1279   1
c  1131   -1   1180   1
c  1181   -1   1132   1
c  1181   -1   1130   1
c  984   -1   1035   1
c  984   -1   1033   1
c  985   -1   1034   1
c  985   -1   934   1
c  1082   -1   1131   1
c  1082   -1   1084   1
c  41   -1   92   1
c  41   -1   90   1
c  42   -1   91   1
c  92   -1   90   1
c  191   -1   240   1
c  241   -1   190   1
c  143   -1   243   1
c  143   -1   141   1
c  192   -1   241   1
c  193   -1   142   1
c  193   -1   244   1
c  1716   -1   1765   1
c  1667   -1   1718   1
c  1618   -1   1667   1
c  1618   -1   1669   1
c  1668   -1   1717   1
c  1668   -1   1768   1
c  1619   -1   1670   1
c  1372   -1   1421   1
c  1373   -1   1371   1
c  1373   -1   1324   1
c  1471   -1   1473   1
c  1422   -1   1471   1
c  1570   -1   1519   1
c  1570   -1   1670   1
c  1521   -1   1472   1
c  1521   -1   1572   1
c  1620   -1   1520   1
c  1571   -1   1520   1
c  1860   -1   1811   1
c  1860   -1   1909   1
c  1861   -1   1910   1
c  1861   -1   1859   1
c  2002   -1   1953   1
c  2002   -1   2053   1
c  2003   -1   2052   1
c  2001   -1   2052   1
c  2001   -1   2003   1
c  1955   -1   1904   1
c  1955   -1   2006   1
c  1907   -1   1956   1
c  1907   -1   2007   1
c  1957   -1   1906   1
c  1910   -1   1810   1
c  1717   -1   1817   1
c  1862   -1   1860   1
c  1862   -1   1911   1
c  1813   -1   1864   1
c  1863   -1   1914   1
c  1863   -1   1865   1
c  1375   -1   1475   1
c  1375   -1   1424   1
c  1278   -1   1327   1
c  1328   -1   1277   1
c  1328   -1   1379   1
c  1377   -1   1428   1
c  1377   -1   1328   1
c  1426   -1   1428   1
c  1425   -1   1376   1
c  1427   -1   1429   1
c  1427   -1   1327   1
c  1378   -1   1327   1
c  1378   -1   1429   1
c  1280   -1   1231   1
c  1280   -1   1331   1
c  490   -1   441   1
c  490   -1   390   1
c  391   -1   340   1
c  391   -1   440   1
c  341   -1   390   1
c  392   -1   441   1
c  392   -1   390   1
c  441   -1   492   1
c  491   -1   391   1
c  291   -1   342   1
c  836   -1   787   1
c  836   -1   885   1
c  787   -1   738   1
c  787   -1   838   1
c  837   -1   886   1
c  837   -1   788   1
c  737   -1   788   1
c  737   -1   688   1
c  688   -1   739   1
c  738   -1   687   1
c  638   -1   589   1
c  589   -1   540   1
c  590   -1   639   1
c  590   -1   592   1
c  539   -1   639   1
c  1033   -1   1082   1
c  1083   -1   1134   1
c  1083   -1   1085   1
c  1034   -1   1085   1
c  1034   -1   1134   1
c  1231   -1   1282   1
c  1232   -1   1181   1
c  1232   -1   1230   1
c  1132   -1   1232   1
c  1132   -1   1183   1
c  887   -1   936   1
c  887   -1   938   1
c  937   -1   886   1
c  937   -1   837   1
c  1035   -1   1086   1
c  1035   -1   1084   1
c  986   -1   935   1
c  1085   -1   985   1
c  1084   -1   1033   1
c  1084   -1   1133   1
c  242   -1   291   1
c  242   -1   191   1
c  144   -1   195   1
c  194   -1   143   1
c  194   -1   145   1
c  244   -1   195   1
c  1766   -1   1715   1
c  1718   -1   1769   1
c  1718   -1   1716   1
c  1767   -1   1667   1
c  1767   -1   1718   1
c  1669   -1   1671   1
c  1669   -1   1718   1
c  1768   -1   1717   1
c  1768   -1   1817   1
c  1670   -1   1621   1
c  1423   -1   1374   1
c  1472   -1   1572   1
c  1522   -1   1471   1
c  1522   -1   1571   1
c  1473   -1   1424   1
c  1473   -1   1422   1
c  1621   -1   1570   1
c  1671   -1   1620   1
c  1671   -1   1622   1
c  1622   -1   1573   1
c  1622   -1   1571   1
c  1573   -1   1571   1
c  1573   -1   1522   1
c  1958   -1   2009   1
c  1959   -1   1908   1
c  1911   -1   1960   1
c  1911   -1   1860   1
c  1961   -1   1910   1
c  1961   -1   1861   1
c  2052   -1   2103   1
c  2051   -1   2002   1
c  2053   -1   2004   1
c  2007   -1   2058   1
c  2007   -1   2107   1
c  2056   -1   2107   1
c  2056   -1   2105   1
c  1960   -1   2011   1
c  1912   -1   1910   1
c  1912   -1   1961   1
c  1864   -1   1915   1
c  1864   -1   1815   1
c  1815   -1   1866   1
c  1815   -1   1813   1
c  1817   -1   1866   1
c  1913   -1   1964   1
c  1913   -1   1915   1
c  1914   -1   1865   1
c  1865   -1   1867   1
c  1865   -1   1916   1
c  1475   -1   1526   1
c  1475   -1   1524   1
c  1424   -1   1475   1
c  1329   -1   1280   1
c  1329   -1   1380   1
c  1379   -1   1428   1
c  1379   -1   1430   1
c  1428   -1   1528   1
c  1428   -1   1477   1
c  1477   -1   1426   1
c  1478   -1   1429   1
c  1478   -1   1427   1
c  1330   -1   1379   1
c  1281   -1   1332   1
c  1331   -1   1382   1
c  1331   -1   1282   1
c  442   -1   542   1
c  442   -1   444   1
c  393   -1   442   1
c  393   -1   344   1
c  443   -1   392   1
c  443   -1   492   1
c  492   -1   543   1
c  492   -1   541   1
c  541   -1   592   1
c  542   -1   491   1
c  542   -1   493   1
c  788   -1   839   1
c  788   -1   790   1
c  838   -1   887   1
c  838   -1   840   1
c  888   -1   837   1
c  888   -1   788   1
c  689   -1   738   1
c  689   -1   740   1
c  640   -1   589   1
c  591   -1   540   1
c  591   -1   640   1
c  592   -1   643   1
c  1134   -1   1185   1
c  1134   -1   1183   1
c  1183   -1   1232   1
c  1282   -1   1233   1
c  1283   -1   1232   1
c  1283   -1   1234   1
c  938   -1   889   1
c  938   -1   940   1
c  1036   -1   1085   1
c  1036   -1   1087   1
c  1135   -1   1186   1
c  1135   -1   1084   1
c  44   -1   93   1
c  145   -1   196   1
c  145   -1   94   1
c  195   -1   146   1
c  195   -1   295   1
c  293   -1   342   1
c  294   -1   345   1
c  294   -1   292   1
c  295   -1   244   1
c  1816   -1   1865   1
c  1719   -1   1768   1
c  1719   -1   1721   1
c  1720   -1   1718   1
c  1720   -1   1769   1
c  1769   -1   1818   1
c  1769   -1   1869   1
c  1867   -1   1767   1
c  1867   -1   1816   1
c  1818   -1   1816   1
c  1818   -1   1867   1
c  1523   -1   1572   1
c  1474   -1   1476   1
c  1524   -1   1473   1
c  1672   -1   1621   1
c  1672   -1   1674   1
c  1623   -1   1672   1
c  1623   -1   1674   1
c  1673   -1   1773   1
c  1673   -1   1622   1
c  1574   -1   1525   1
c  1574   -1   1523   1
c  2009   -1   2058   1
c  2009   -1   2007   1
c  2011   -1   1962   1
c  2011   -1   2062   1
c  1962   -1   1960   1
c  2102   -1   2053   1
c  2102   -1   2051   1
c  2054   -1   2103   1
c  2104   -1   2053   1
c  2055   -1   2106   1
c  2057   -1   2108   1
c  2057   -1   2055   1
c  2107   -1   2158   1
c  2107   -1   2109   1
c  2106   -1   2157   1
c  2105   -1   2156   1
c  2105   -1   2107   1
c  1866   -1   1915   1
c  1868   -1   1817   1
c  1868   -1   1917   1
c  1963   -1   2014   1
c  1963   -1   1914   1
c  1964   -1   2013   1
c  1964   -1   2015   1
c  1916   -1   2016   1
c  1525   -1   1474   1
c  1575   -1   1526   1
c  1575   -1   1475   1
c  1526   -1   1477   1
c  1380   -1   1429   1
c  1430   -1   1381   1
c  1430   -1   1432   1
c  1528   -1   1526   1
c  1527   -1   1529   1
c  1527   -1   1578   1
c  1479   -1   1528   1
c  1480   -1   1429   1
c  1480   -1   1531   1
c  1332   -1   1283   1
c  1381   -1   1332   1
c  1381   -1   1383   1
c  344   -1   395   1
c  344   -1   346   1
c  493   -1   593   1
c  543   -1   592   1
c  790   -1   690   1
c  840   -1   940   1
c  840   -1   891   1
c  889   -1   840   1
c  690   -1   639   1
c  690   -1   641   1
c  642   -1   693   1
c  642   -1   593   1
c  643   -1   645   1
c  1184   -1   1235   1
c  1184   -1   1233   1
c  1185   -1   1234   1
c  1185   -1   1183   1
c  1333   -1   1382   1
c  1284   -1   1335   1
c  1284   -1   1235   1
c  988   -1   1039   1
c  939   -1   988   1
c  939   -1   1039   1
c  940   -1   991   1
c  1037   -1   988   1
c  1087   -1   1038   1
c  1186   -1   1286   1
c  1186   -1   1086   1
c  1137   -1   1086   1
c  1137   -1   1186   1
c  45   -1   94   1
c  95   -1   146   1
c  146   -1   197   1
c  96   -1   145   1
c  96   -1   147   1
c  196   -1   245   1
c  345   -1   245   1
c  246   -1   346   1
c  296   -1   345   1
c  346   -1   295   1
c  1819   -1   1719   1
c  1770   -1   1819   1
c  1770   -1   1719   1
c  1771   -1   1720   1
c  1771   -1   1722   1
c  1869   -1   1920   1
c  1869   -1   1820   1
c  1917   -1   1966   1
c  1967   -1   1867   1
c  1967   -1   1916   1
c  1722   -1   1773   1
c  1772   -1   1721   1
c  1772   -1   1672   1
c  1674   -1   1774   1
c  1674   -1   1725   1
c  1624   -1   1626   1
c  1723   -1   1823   1
c  1723   -1   1774   1
c  1625   -1   1627   1
c  1625   -1   1574   1
c  2059   -1   2110   1
c  2061   -1   2010   1
c  2061   -1   2161   1
c  2062   -1   2013   1
c  2153   -1   2253   1
c  2151   -1   2153   1
c  2151   -1   2202   1
c  2154   -1   2054   1
c  2154   -1   2105   1
c  2155   -1   2104   1
c  2155   -1   2206   1
c  2108   -1   2059   1
c  2060   -1   2109   1
c  2060   -1   2058   1
c  2157   -1   2208   1
c  1965   -1   1916   1
c  1965   -1   2065   1
c  2015   -1   1915   1
c  1966   -1   2017   1
c  1966   -1   1915   1
c  1918   -1   2018   1
c  2014   -1   2065   1
c  2014   -1   2016   1
c  2016   -1   1965   1
c  2016   -1   1967   1
c  1576   -1   1527   1
c  1576   -1   1676   1
c  1626   -1   1675   1
c  1626   -1   1575   1
c  1432   -1   1332   1
c  1432   -1   1532   1
c  1578   -1   1627   1
c  1578   -1   1529   1
c  1529   -1   1480   1
c  1577   -1   1626   1
c  1577   -1   1677   1
c  1481   -1   1483   1
c  1531   -1   1580   1
c  1531   -1   1631   1
c  1383   -1   1432   1
c  1383   -1   1434   1
c  494   -1   445   1
c  494   -1   394   1
c  445   -1   496   1
c  495   -1   444   1
c  495   -1   395   1
c  395   -1   446   1
c  544   -1   546   1
c  544   -1   495   1
c  594   -1   543   1
c  594   -1   494   1
c  791   -1   789   1
c  791   -1   891   1
c  890   -1   939   1
c  890   -1   839   1
c  741   -1   792   1
c  692   -1   743   1
c  692   -1   792   1
c  693   -1   744   1
c  645   -1   594   1
c  1334   -1   1234   1
c  1285   -1   1334   1
c  1285   -1   1385   1
c  1384   -1   1386   1
c  1384   -1   1284   1
c  1038   -1   989   1
c  990   -1   992   1
c  991   -1   942   1
c  991   -1   1042   1
c  1088   -1   1139   1
c  1236   -1   1285   1
c  1236   -1   1238   1
c  1187   -1   1189   1
c  1237   -1   1188   1
c  1237   -1   1186   1
c  1286   -1   1337   1
c  1286   -1   1335   1
c  1138   -1   1189   1
c  46   -1   95   1
c  197   -1   248   1
c  197   -1   199   1
c  97   -1   46   1
c  97   -1   148   1
c  47   -1   96   1
c  247   -1   249   1
c  247   -1   296   1
c  297   -1   246   1
c  297   -1   197   1
c  347   -1   296   1
c  347   -1   247   1
c  396   -1   445   1
c  396   -1   447   1
c  1820   -1   1920   1
c  1820   -1   1871   1
c  1870   -1   1819   1
c  1870   -1   1921   1
c  1821   -1   1819   1
c  1821   -1   1770   1
c  1919   -1   1970   1
c  1919   -1   1968   1
c  1969   -1   1869   1
c  1920   -1   1971   1
c  1920   -1   2020   1
c  1968   -1   1917   1
c  1968   -1   1970   1
c  2017   -1   1968   1
c  2067   -1   1967   1
c  1823   -1   1772   1
c  1823   -1   1923   1
c  1724   -1   1675   1
c  1724   -1   1773   1
c  1774   -1   1874   1
c  1627   -1   1678   1
c  1627   -1   1727   1
c  2110   -1   2159   1
c  2110   -1   2061   1
c  2111   -1   2162   1
c  2111   -1   2160   1
c  2161   -1   2261   1
c  2112   -1   2161   1
c  2063   -1   2014   1
c  2201   -1   2152   1
c  2203   -1   2152   1
c  2204   -1   2155   1
c  2204   -1   2206   1
c  2205   -1   2154   1
c  2205   -1   2203   1
c  2206   -1   2208   1
c  2206   -1   2257   1
c  2207   -1   2158   1
c  2207   -1   2209   1
c  2208   -1   2257   1
c  2159   -1   2259   1
c  2065   -1   2067   1
c  2065   -1   2114   1
c  2018   -1   2067   1
c  2018   -1   2069   1
c  2113   -1   2111   1
c  2113   -1   2013   1
c  2064   -1   2066   1
c  1676   -1   1627   1
c  1676   -1   1725   1
c  1482   -1   1431   1
c  1433   -1   1482   1
c  1433   -1   1533   1
c  1532   -1   1534   1
c  1580   -1   1529   1
c  1580   -1   1578   1
c  1483   -1   1534   1
c  1483   -1   1434   1
c  1581   -1   1579   1
c  1582   -1   1531   1
c  1582   -1   1633   1
c  545   -1   494   1
c  496   -1   494   1
c  446   -1   397   1
c  446   -1   497   1
c  546   -1   548   1
c  792   -1   843   1
c  742   -1   791   1
c  842   -1   891   1
c  842   -1   791   1
c  743   -1   794   1
c  694   -1   743   1
c  793   -1   842   1
c  793   -1   693   1
c  744   -1   795   1
c  695   -1   646   1
c  646   -1   546   1
c  646   -1   597   1
c  1385   -1   1434   1
c  1385   -1   1436   1
c  1386   -1   1337   1
c  1386   -1   1435   1
c  1336   -1   1236   1
c  1089   -1   1038   1
c  1089   -1   1138   1
c  1040   -1   1091   1
c  1040   -1   989   1
c  1090   -1   990   1
c  1090   -1   1088   1
c  992   -1   943   1
c  942   -1   993   1
c  1041   -1   1141   1
c  1042   -1   1091   1
c  1139   -1   1188   1
c  1238   -1   1189   1
c  1238   -1   1338   1
c  1287   -1   1336   1
c  1287   -1   1338   1
c  1337   -1   1388   1
c  1337   -1   1288   1
c  148   -1   199   1
c  148   -1   150   1
c  198   -1   298   1
c  198   -1   200   1
c  248   -1   199   1
c  248   -1   148   1
c  199   -1   250   1
c  199   -1   150   1
c  98   -1   198   1
c  48   -1   99   1
c  249   -1   300   1
c  298   -1   347   1
c  348   -1   399   1
c  447   -1   498   1
c  447   -1   449   1
c  1871   -1   1920   1
c  1921   -1   1972   1
c  1971   -1   1969   1
c  2020   -1   2022   1
c  2020   -1   2071   1
c  2068   -1   2019   1
c  2068   -1   2017   1
c  2117   -1   2068   1
c  2117   -1   2066   1
c  2116   -1   2067   1
c  2116   -1   2165   1
c  1872   -1   1921   1
c  1872   -1   1923   1
c  1824   -1   1775   1
c  1824   -1   1924   1
c  1874   -1   1823   1
c  1874   -1   1876   1
c  1923   -1   1874   1
c  1726   -1   1775   1
c  1726   -1   1677   1
c  1629   -1   1580   1
c  1629   -1   1627   1
c  1678   -1   1727   1
c  2160   -1   2209   1
c  2160   -1   2260   1
c  2211   -1   2111   1
c  2162   -1   2113   1
c  2162   -1   2164   1
c  2261   -1   2259   1
c  2261   -1   2212   1
c  2212   -1   2112   1
c  2212   -1   2163   1
c  2114   -1   2063   1
c  2252   -1   2254   1
c  2252   -1   2203   1
c  2254   -1   2305   1
c  2302   -1   2253   1
c  2255   -1   2306   1
c  2255   -1   2206   1
c  2256   -1   2356   1
c  2256   -1   2307   1
c  2257   -1   2357   1
c  2307   -1   2207   1
c  2307   -1   2358   1
c  2209   -1   2211   1
c  2258   -1   2307   1
c  2115   -1   2117   1
c  2115   -1   2166   1
c  2069   -1   2118   1
c  2163   -1   2214   1
c  2163   -1   2165   1
c  2164   -1   2113   1
c  2164   -1   2064   1
c  1776   -1   1727   1
c  1776   -1   1676   1
c  1533   -1   1584   1
c  1533   -1   1633   1
c  1630   -1   1632   1
c  1484   -1   1535   1
c  1632   -1   1683   1
c  1583   -1   1534   1
c  1583   -1   1632   1
c  1633   -1   1733   1
c  1633   -1   1682   1
c  1681   -1   1732   1
c  1435   -1   1486   1
c  497   -1   397   1
c  448   -1   397   1
c  448   -1   446   1
c  596   -1   647   1
c  596   -1   547   1
c  547   -1   498   1
c  548   -1   599   1
c  548   -1   499   1
c  843   -1   892   1
c  843   -1   794   1
c  893   -1   944   1
c  893   -1   942   1
c  794   -1   894   1
c  794   -1   745   1
c  745   -1   696   1
c  746   -1   795   1
c  746   -1   744   1
c  795   -1   895   1
c  647   -1   649   1
c  647   -1   598   1
c  1387   -1   1338   1
c  1387   -1   1385   1
c  1436   -1   1387   1
c  1436   -1   1485   1
c  1437   -1   1386   1
c  1437   -1   1488   1
c  1140   -1   1189   1
c  993   -1   1042   1
c  993   -1   893   1
c  1043   -1   992   1
c  1141   -1   1192   1
c  1092   -1   1143   1
c  1092   -1   1141   1
c  1190   -1   1139   1
c  1190   -1   1239   1
c  1289   -1   1340   1
c  1289   -1   1238   1
c  1338   -1   1340   1
c  1338   -1   1389   1
c  1388   -1   1437   1
c  1388   -1   1439   1
c  149   -1   200   1
c  149   -1   98   1
c  99   -1   148   1
c  299   -1   248   1
c  250   -1   248   1
c  49   -1   100   1
c  49   -1   149   1
c  300   -1   349   1
c  349   -1   449   1
c  349   -1   400   1
c  350   -1   348   1
c  350   -1   399   1
c  399   -1   499   1
c  399   -1   450   1
c  449   -1   498   1
c  449   -1   400   1
c  1922   -1   1973   1
c  1972   -1   1923   1
c  2021   -1   2070   1
c  2021   -1   1970   1
c  2070   -1   2121   1
c  2070   -1   2019   1
c  2022   -1   1971   1
c  2022   -1   2071   1
c  1973   -1   2024   1
c  1973   -1   1971   1
c  2071   -1   2120   1
c  2118   -1   2169   1
c  2118   -1   2167   1
c  2168   -1   2068   1
c  2167   -1   2216   1
c  2166   -1   2117   1
c  2166   -1   2217   1
c  2165   -1   2216   1
c  1875   -1   1926   1
c  1875   -1   1873   1
c  1825   -1   1876   1
c  1825   -1   1925   1
c  1924   -1   1975   1
c  1924   -1   2024   1
c  1974   -1   1923   1
c  1974   -1   1972   1
c  1679   -1   1630   1
c  1679   -1   1730   1
c  1728   -1   1777   1
c  1728   -1   1679   1
c  1777   -1   1828   1
c  2210   -1   2259   1
c  2210   -1   2261   1
c  2260   -1   2209   1
c  2311   -1   2260   1
c  2262   -1   2311   1
c  2262   -1   2213   1
c  2310   -1   2210   1
c  2310   -1   2261   1
c  2213   -1   2264   1
c  2214   -1   2314   1
c  2214   -1   2114   1
c  2353   -1   2304   1
c  2353   -1   2355   1
c  2304   -1   2302   1
c  2305   -1   2356   1
c  2305   -1   2307   1
c  2352   -1   2401   1
c  2351   -1   2302   1
c  2402   -1   2351   1
c  2402   -1   2302   1
c  2306   -1   2257   1
c  2356   -1   2354   1
c  2357   -1   2406   1
c  2357   -1   2408   1
c  2308   -1   2259   1
c  2309   -1   2307   1
c  2309   -1   2209   1
c  2119   -1   2121   1
c  2119   -1   2070   1
c  2215   -1   2266   1
c  2215   -1   2164   1
c  1826   -1   1875   1
c  1826   -1   1877   1
c  1584   -1   1633   1
c  1584   -1   1684   1
c  1585   -1   1534   1
c  1536   -1   1587   1
c  1536   -1   1534   1
c  1680   -1   1731   1
c  1680   -1   1682   1
c  1730   -1   1681   1
c  1730   -1   1630   1
c  1634   -1   1583   1
c  1634   -1   1632   1
c  1684   -1   1633   1
c  1733   -1   1684   1
c  1733   -1   1735   1
c  1732   -1   1781   1
c  1732   -1   1734   1
c  499   -1   450   1
c  499   -1   448   1
c  598   -1   547   1
c  844   -1   795   1
c  844   -1   846   1
c  894   -1   843   1
c  894   -1   945   1
c  944   -1   1044   1
c  845   -1   794   1
c  845   -1   796   1
c  796   -1   847   1
c  747   -1   798   1
c  747   -1   847   1
c  895   -1   846   1
c  895   -1   897   1
c  697   -1   648   1
c  697   -1   748   1
c  649   -1   698   1
c  649   -1   598   1
c  1487   -1   1438   1
c  1439   -1   1488   1
c  1439   -1   1437   1
c  1488   -1   1486   1
c  1142   -1   1091   1
c  994   -1   1094   1
c  1093   -1   1142   1
c  1093   -1   1144   1
c  1044   -1   995   1
c  1192   -1   1241   1
c  1143   -1   1194   1
c  1143   -1   1192   1
c  1241   -1   1190   1
c  1290   -1   1339   1
c  1340   -1   1389   1
c  1340   -1   1240   1
c  100   -1   149   1
c  450   -1   350   1
c  500   -1   449   1
c  2120   -1   2169   1
c  2072   -1   2123   1
c  2072   -1   2023   1
c  2023   -1   1974   1
c  2023   -1   2074   1
c  2073   -1   2022   1
c  2024   -1   1975   1
c  2024   -1   2124   1
c  2169   -1   2171   1
c  2169   -1   2218   1
c  2218   -1   2269   1
c  2218   -1   2267   1
c  2217   -1   2266   1
c  2216   -1   2265   1
c  1925   -1   1976   1
c  1975   -1   2026   1
c  1975   -1   1875   1
c  1877   -1   1875   1
c  2025   -1   2076   1
c  2025   -1   1974   1
c  1729   -1   1680   1
c  1778   -1   1827   1
c  1827   -1   1927   1
c  1828   -1   1877   1
c  1828   -1   1826   1
c  2312   -1   2361   1
c  2411   -1   2311   1
c  2411   -1   2362   1
c  2263   -1   2314   1
c  2263   -1   2363   1
c  2360   -1   2411   1
c  2265   -1   2214   1
c  2265   -1   2314   1
c  2401   -1   2452   1
c  2401   -1   2301   1
c  2354   -1   2405   1
c  2354   -1   2352   1
c  2404   -1   2353   1
c  2404   -1   2453   1
c  2355   -1   2306   1
c  2451   -1   2402   1
c  2406   -1   2355   1
c  2406   -1   2457   1
c  2407   -1   2405   1
c  2407   -1   2358   1
c  2359   -1   2408   1
c  2170   -1   2119   1
c  2170   -1   2219   1
c  1635   -1   1584   1
c  1537   -1   1586   1
c  1537   -1   1488   1
c  1587   -1   1636   1
c  1780   -1   1831   1
c  1780   -1   1731   1
c  1783   -1   1683   1
c  1783   -1   1832   1
c  1734   -1   1736   1
c  1734   -1   1683   1
c  1686   -1   1637   1
c  1686   -1   1684   1
c  1735   -1   1686   1
c  1735   -1   1786   1
c  1781   -1   1832   1
c  1782   -1   1780   1
c  1832   -1   1732   1
c  1832   -1   1883   1
c  550   -1   499   1
c  698   -1   598   1
c  698   -1   798   1
c  600   -1   500   1
c  650   -1   699   1
c  650   -1   599   1
c  846   -1   797   1
c  945   -1   896   1
c  797   -1   697   1
c  847   -1   896   1
c  748   -1   648   1
c  798   -1   847   1
c  897   -1   846   1
c  699   -1   748   1
c  699   -1   697   1
c  749   -1   798   1
c  749   -1   649   1
c  1440   -1   1489   1
c  1390   -1   1439   1
c  1390   -1   1339   1
c  1538   -1   1540   1
c  1538   -1   1587   1
c  1193   -1   1144   1
c  1193   -1   1142   1
c  995   -1   997   1
c  995   -1   1046   1
c  1045   -1   1047   1
c  1045   -1   994   1
c  1094   -1   1143   1
c  1094   -1   1045   1
c  1144   -1   1095   1
c  1242   -1   1193   1
c  1292   -1   1294   1
c  1292   -1   1192   1
c  1243   -1   1194   1
c  1243   -1   1192   1
c  1194   -1   1245   1
c  1194   -1   1294   1
c  1291   -1   1242   1
c  1291   -1   1342   1
c  2171   -1   2120   1
c  2171   -1   2222   1
c  2122   -1   2073   1
c  2074   -1   2123   1
c  2074   -1   2072   1
c  2123   -1   2174   1
c  2075   -1   2024   1
c  2075   -1   1975   1
c  2124   -1   2075   1
c  2124   -1   2126   1
c  2219   -1   2270   1
c  2219   -1   2268   1
c  2268   -1   2319   1
c  2268   -1   2368   1
c  2316   -1   2265   1
c  2316   -1   2216   1
c  2026   -1   2077   1
c  1927   -1   1976   1
c  1927   -1   2027   1
c  1878   -1   1827   1
c  2076   -1   2176   1
c  1829   -1   1878   1
c  2362   -1   2413   1
c  2362   -1   2364   1
c  2313   -1   2362   1
c  2313   -1   2413   1
c  2410   -1   2408   1
c  2461   -1   2412   1
c  2412   -1   2410   1
c  2409   -1   2411   1
c  2363   -1   2412   1
c  2363   -1   2414   1
c  2315   -1   2317   1
c  2315   -1   2264   1
c  2364   -1   2415   1
c  2405   -1   2403   1
c  2455   -1   2404   1
c  2457   -1   2455   1
c  2220   -1   2320   1
c  1637   -1   1586   1
c  1830   -1   1879   1
c  1880   -1   1780   1
c  1880   -1   1829   1
c  1831   -1   1882   1
c  1784   -1   1786   1
c  1784   -1   1735   1
c  1736   -1   1787   1
c  1687   -1   1685   1
c  1687   -1   1636   1
c  1737   -1   1788   1
c  1737   -1   1686   1
c  1785   -1   1736   1
c  1785   -1   1836   1
c  1881   -1   1832   1
c  1881   -1   1781   1
c  1882   -1   1782   1
c  1882   -1   1833   1
c  1883   -1   1934   1
c  700   -1   749   1
c  700   -1   698   1
c  799   -1   850   1
c  799   -1   848   1
c  849   -1   798   1
c  849   -1   949   1
c  947   -1   949   1
c  947   -1   998   1
c  898   -1   947   1
c  948   -1   946   1
c  948   -1   897   1
c  750   -1   799   1
c  1490   -1   1390   1
c  1490   -1   1441   1
c  1441   -1   1541   1
c  1391   -1   1440   1
c  1391   -1   1442   1
c  996   -1   947   1
c  996   -1   998   1
c  997   -1   999   1
c  1046   -1   997   1
c  1095   -1   1195   1
c  1095   -1   1046   1
c  1096   -1   1094   1
c  1096   -1   1045   1
c  1047   -1   998   1
c  1145   -1   1245   1
c  1145   -1   1196   1
c  1342   -1   1242   1
c  1293   -1   1344   1
c  1293   -1   1244   1
c  1294   -1   1243   1
c  1195   -1   1197   1
c  1343   -1   1392   1
c  1343   -1   1341   1
c  2221   -1   2270   1
c  2173   -1   2122   1
c  2173   -1   2224   1
c  2174   -1   2225   1
c  2174   -1   2274   1
c  2125   -1   2176   1
c  2125   -1   2174   1
c  2126   -1   2077   1
c  2126   -1   2177   1
c  2270   -1   2321   1
c  2270   -1   2370   1
c  2319   -1   2368   1
c  2368   -1   2419   1
c  2317   -1   2417   1
c  2366   -1   2364   1
c  2367   -1   2316   1
c  2367   -1   2369   1
c  1977   -1   2026   1
c  2027   -1   1978   1
c  1928   -1   1979   1
c  1928   -1   1977   1
c  1978   -1   1929   1
c  1978   -1   1878   1
c  1929   -1   1878   1
c  1929   -1   2029   1
c  2176   -1   2127   1
c  2176   -1   2227   1
c  2413   -1   2464   1
c  2460   -1   2409   1
c  2459   -1   2461   1
c  2459   -1   2410   1
c  2462   -1   2413   1
c  2462   -1   2460   1
c  2463   -1   2412   1
c  2414   -1   2365   1
c  2414   -1   2412   1
c  2415   -1   2366   1
c  2320   -1   2271   1
c  2320   -1   2369   1
c  1638   -1   1738   1
c  1638   -1   1687   1
c  1589   -1   1640   1
c  1930   -1   1879   1
c  1930   -1   1881   1
c  1884   -1   1784   1
c  1787   -1   1789   1
c  1688   -1   1737   1
c  1788   -1   1790   1
c  1788   -1   1739   1
c  1835   -1   1935   1
c  1836   -1   1838   1
c  1836   -1   1787   1
c  1932   -1   1883   1
c  1933   -1   1882   1
c  1933   -1   1884   1
c  1934   -1   1932   1
c  1934   -1   1985   1
c  800   -1   700   1
c  800   -1   849   1
c  850   -1   950   1
c  850   -1   899   1
c  899   -1   948   1
c  899   -1   999   1
c  900   -1   849   1
c  949   -1   898   1
c  949   -1   1000   1
c  999   -1   948   1
c  1590   -1   1539   1
c  1491   -1   1542   1
c  1491   -1   1540   1
c  1442   -1   1342   1
c  1392   -1   1443   1
c  1392   -1   1441   1
c  1492   -1   1441   1
c  1443   -1   1441   1
c  1541   -1   1590   1
c  1591   -1   1593   1
c  1591   -1   1540   1
c  1146   -1   1046   1
c  1097   -1   1148   1
c  1048   -1   999   1
c  1048   -1   1097   1
c  1295   -1   1246   1
c  1295   -1   1297   1
c  1345   -1   1394   1
c  1345   -1   1294   1
c  1246   -1   1195   1
c  1197   -1   1248   1
c  1197   -1   1148   1
c  1393   -1   1442   1
c  1393   -1   1344   1
c  2271   -1   2322   1
c  2272   -1   2323   1
c  2224   -1   2324   1
c  2175   -1   2226   1
c  2225   -1   2125   1
c  2225   -1   2176   1
c  2274   -1   2225   1
c  2127   -1   2227   1
c  2127   -1   2178   1
c  2177   -1   2277   1
c  2321   -1   2370   1
c  2370   -1   2319   1
c  2369   -1   2318   1
c  2418   -1   2467   1
c  2418   -1   2367   1
c  2419   -1   2468   1
c  2417   -1   2419   1
c  2416   -1   2465   1
c  2416   -1   2414   1
c  2466   -1   2366   1
c  2466   -1   2415   1
c  2028   -1   1979   1
c  2028   -1   2077   1
c  2078   -1   2027   1
c  2078   -1   2029   1
c  1979   -1   1981   1
c  1980   -1   1978   1
c  1980   -1   1929   1
c  2029   -1   2080   1
c  2465   -1   2414   1
c  2465   -1   2467   1
c  2420   -1   2320   1
c  2420   -1   2369   1
c  2371   -1   2320   1
c  2371   -1   2420   1
c  1640   -1   1689   1
c  1837   -1   1788   1
c  1789   -1   1740   1
c  1689   -1   1740   1
c  1689   -1   1738   1
c  1739   -1   1639   1
c  1739   -1   1688   1
c  1838   -1   1887   1
c  1838   -1   1938   1
c  1839   -1   1841   1
c  1839   -1   1788   1
c  1790   -1   1739   1
c  1935   -1   1984   1
c  1981   -1   2081   1
c  1981   -1   1983   1
c  1982   -1   2031   1
c  1982   -1   2033   1
c  2033   -1   1933   1
c  2033   -1   2082   1
c  1984   -1   1933   1
c  1985   -1   2034   1
c  950   -1   999   1
c  950   -1   899   1
c  1000   -1   1049   1
c  1049   -1   1100   1
c  1493   -1   1542   1
c  1444   -1   1446   1
c  1394   -1   1443   1
c  1641   -1   1692   1
c  1641   -1   1690   1
c  1592   -1   1543   1
c  1593   -1   1544   1
c  1147   -1   1196   1
c  1148   -1   1199   1
c  1247   -1   1198   1
c  1247   -1   1196   1
c  1296   -1   1345   1
c  1297   -1   1346   1
c  1395   -1   1346   1
c  1346   -1   1397   1
c  1198   -1   1149   1
c  1198   -1   1098   1
c  1248   -1   1297   1
c  1248   -1   1199   1
c  2273   -1   2322   1
c  2273   -1   2271   1
c  2323   -1   2374   1
c  2323   -1   2423   1
c  2275   -1   2277   1
c  2275   -1   2326   1
c  2276   -1   2376   1
c  2276   -1   2274   1
c  2128   -1   2079   1
c  2178   -1   2229   1
c  2277   -1   2226   1
c  2470   -1   2419   1
c  2470   -1   2370   1
c  2468   -1   2417   1
c  2468   -1   2466   1
c  2469   -1   2418   1
c  2079   -1   2130   1
c  2079   -1   2028   1
c  2030   -1   2081   1
c  2030   -1   1979   1
c  2031   -1   1980   1
c  2228   -1   2277   1
c  2421   -1   2472   1
c  2471   -1   2420   1
c  2471   -1   2422   1
c  2372   -1   2421   1
c  2372   -1   2423   1
c  2422   -1   2371   1
c  2373   -1   2422   1
c  2373   -1   2371   1
c  1691   -1   1642   1
c  1691   -1   1640   1
c  1887   -1   1938   1
c  1840   -1   1789   1
c  1740   -1   1791   1
c  1740   -1   1691   1
c  1888   -1   1937   1
c  1888   -1   1886   1
c  1938   -1   1987   1
c  1938   -1   1936   1
c  1889   -1   1840   1
c  1890   -1   1839   1
c  1890   -1   1939   1
c  1841   -1   1790   1
c  1791   -1   1840   1
c  1936   -1   1987   1
c  2032   -1   2081   1
c  2083   -1   2134   1
c  2083   -1   2032   1
c  2034   -1   2134   1
c  2084   -1   2033   1
c  2084   -1   2135   1
c  2082   -1   2182   1
c  2035   -1   1984   1
c  1986   -1   2035   1
c  1050   -1   1099   1
c  1099   -1   1148   1
c  1099   -1   1150   1
c  1494   -1   1445   1
c  1494   -1   1545   1
c  1544   -1   1595   1
c  1544   -1   1493   1
c  1445   -1   1545   1
c  1446   -1   1395   1
c  1446   -1   1448   1
c  1642   -1   1693   1
c  1642   -1   1593   1
c  1741   -1   1641   1
c  1741   -1   1692   1
c  1643   -1   1692   1
c  1643   -1   1641   1
c  1692   -1   1743   1
c  1594   -1   1643   1
c  1594   -1   1592   1
c  1149   -1   1098   1
c  1149   -1   1200   1
c  1150   -1   1148   1
c  1199   -1   1250   1
c  1199   -1   1299   1
c  1298   -1   1296   1
c  1347   -1   1349   1
c  1347   -1   1298   1
c  1396   -1   1445   1
c  1396   -1   1496   1
c  1397   -1   1448   1
c  1299   -1   1248   1
c  1299   -1   1250   1
c  2423   -1   2474   1
c  2423   -1   2472   1
c  2375   -1   2275   1
c  2326   -1   2377   1
c  2326   -1   2277   1
c  2376   -1   2325   1
c  2376   -1   2427   1
c  2129   -1   2178   1
c  2129   -1   2180   1
c  2179   -1   2230   1
c  2229   -1   2129   1
c  2278   -1   2329   1
c  2473   -1   2422   1
c  1937   -1   1988   1
c  1891   -1   1840   1
c  1939   -1   1941   1
c  1940   -1   1991   1
c  1940   -1   1889   1
c  1842   -1   1893   1
c  1842   -1   1891   1
c  1792   -1   1892   1
c  1792   -1   1841   1
c  2131   -1   2231   1
c  2131   -1   2082   1
c  2181   -1   2281   1
c  2181   -1   2081   1
c  2133   -1   2184   1
c  2133   -1   2182   1
c  2134   -1   2183   1
c  2135   -1   2086   1
c  2135   -1   2137   1
c  2132   -1   2183   1
c  2132   -1   2181   1
c  2182   -1   2184   1
c  2182   -1   2131   1
c  2036   -1   1987   1
c  2036   -1   2085   1
c  2086   -1   2035   1
c  2037   -1   2035   1
c  2037   -1   2086   1
c  1495   -1   1446   1
c  1496   -1   1445   1
c  1447   -1   1449   1
c  1448   -1   1497   1
c  1693   -1   1744   1
c  1742   -1   1744   1
c  1644   -1   1695   1
c  1644   -1   1646   1
c  1743   -1   1794   1
c  1348   -1   1397   1
c  1348   -1   1448   1
c  1398   -1   1298   1
c  1349   -1   1400   1
c  1349   -1   1298   1
c  1300   -1   1249   1
c  1399   -1   1299   1
c  1399   -1   1448   1
c  1350   -1   1299   1
c  1350   -1   1348   1
c  2424   -1   2375   1
c  2424   -1   2426   1
c  2474   -1   2425   1
c  2425   -1   2376   1
c  2425   -1   2476   1
c  2426   -1   2375   1
c  2377   -1   2426   1
c  2427   -1   2378   1
c  2180   -1   2280   1
c  2180   -1   2131   1
c  2230   -1   2130   1
c  2230   -1   2232   1
c  2279   -1   2379   1
c  2328   -1   2279   1
c  2329   -1   2280   1
c  2475   -1   2473   1
c  1941   -1   1990   1
c  1892   -1   1941   1
c  1892   -1   1943   1
c  1893   -1   1891   1
c  1893   -1   1944   1
c  1990   -1   2090   1
c  1991   -1   2042   1
c  1991   -1   1989   1
c  1843   -1   1794   1
c  1843   -1   1894   1
c  1793   -1   1893   1
c  1793   -1   1842   1
c  2281   -1   2230   1
c  2281   -1   2332   1
c  2183   -1   2232   1
c  2184   -1   2235   1
c  2184   -1   2186   1
c  2234   -1   2134   1
c  2185   -1   2085   1
c  2136   -1   2185   1
c  2136   -1   2085   1
c  2186   -1   2135   1
c  2186   -1   2235   1
c  2137   -1   2086   1
c  2087   -1   2038   1
c  2088   -1   2086   1
c  2088   -1   2090   1
c  1546   -1   1495   1
c  1596   -1   1545   1
c  1646   -1   1595   1
c  1497   -1   1548   1
c  1449   -1   1398   1
c  1694   -1   1745   1
c  1744   -1   1793   1
c  1745   -1   1696   1
c  1745   -1   1743   1
c  1400   -1   1449   1
c  1450   -1   1499   1
c  1450   -1   1399   1
c  2477   -1   2428   1
c  2428   -1   2430   1
c  2428   -1   2479   1
c  2330   -1   2279   1
c  1942   -1   1993   1
c  1844   -1   1893   1
c  1844   -1   1793   1
c  2138   -1   2038   1
c  2089   -1   1989   1
c  2089   -1   2138   1
c  2040   -1   2089   1
c  2040   -1   1989   1
c  2090   -1   2141   1
c  2041   -1   2090   1
c  1992   -1   2041   1
c  1845   -1   1843   1
c  1845   -1   1796   1
c  2331   -1   2382   1
c  2282   -1   2331   1
c  2282   -1   2280   1
c  2332   -1   2381   1
c  2233   -1   2284   1
c  2233   -1   2333   1
c  2283   -1   2183   1
c  2235   -1   2286   1
c  2235   -1   2284   1
c  2284   -1   2384   1
c  2187   -1   2138   1
c  2187   -1   2287   1
c  2286   -1   2186   1
c  1547   -1   1498   1
c  1547   -1   1598   1
c  1597   -1   1546   1
c  1647   -1   1596   1
c  1647   -1   1698   1
c  1548   -1   1597   1
c  1746   -1   1697   1
c  1796   -1   1847   1
c  1796   -1   1794   1
c  2429   -1   2378   1
c  2479   -1   2430   1
c  2479   -1   2477   1
c  1993   -1   2042   1
c  1994   -1   1894   1
c  1994   -1   1943   1
c  1895   -1   1897   1
c  1945   -1   1996   1
c  2188   -1   2237   1
c  2139   -1   2090   1
c  2140   -1   2091   1
c  2140   -1   2191   1
c  2092   -1   2143   1
c  2092   -1   2141   1
c  2043   -1   2094   1
c  2044   -1   2093   1
c  2044   -1   2042   1
c  1846   -1   1797   1
c  1846   -1   1897   1
c  1896   -1   1947   1
c  1896   -1   1845   1
c  2381   -1   2430   1
c  2382   -1   2431   1
c  2333   -1   2382   1
c  2238   -1   2187   1
c  2287   -1   2338   1
c  2287   -1   2289   1
c  1598   -1   1549   1
c  1598   -1   1647   1
c  1648   -1   1650   1
c  1549   -1   1500   1
c  1549   -1   1600   1
c  1550   -1   1499   1
c  1797   -1   1795   1
c  1847   -1   1798   1
c  1847   -1   1747   1
c  2480   -1   2431   1
c  2431   -1   2380   1
c  2481   -1   2430   1
c  2432   -1   2430   1
c  2432   -1   2481   1
c  1995   -1   1946   1
c  2045   -1   1994   1
c  2045   -1   1996   1
c  1897   -1   1946   1
c  1996   -1   1998   1
c  1996   -1   1947   1
c  2190   -1   2239   1
c  2190   -1   2290   1
c  2191   -1   2189   1
c  2191   -1   2142   1
c  2192   -1   2141   1
c  2192   -1   2241   1
c  2143   -1   2141   1
c  2093   -1   2193   1
c  2093   -1   2144   1
c  2383   -1   2434   1
c  2335   -1   2386   1
c  2434   -1   2483   1
c  2385   -1   2336   1
c  2433   -1   2384   1
c  2433   -1   2482   1
c  2484   -1   2384   1
c  2484   -1   2435   1
c  2386   -1   2384   1
c  2288   -1   2337   1
c  2239   -1   2290   1
c  2289   -1   2238   1
c  2337   -1   2339   1
c  2436   -1   2336   1
c  1649   -1   1549   1
c  1650   -1   1699   1
c  1699   -1   1748   1
c  1749   -1   1698   1
c  1749   -1   1700   1
c  1600   -1   1649   1
c  1798   -1   1849   1
c  1798   -1   1747   1
c  1848   -1   1897   1
c  1848   -1   1748   1
c  2483   -1   2432   1
c  2483   -1   2383   1
c  2095   -1   2146   1
c  2095   -1   2195   1
c  2046   -1   1997   1
c  1948   -1   1897   1
c  1997   -1   2048   1
c  2096   -1   1996   1
c  2047   -1   1996   1
c  1998   -1   2047   1
c  2240   -1   2289   1
c  2240   -1   2189   1
c  2242   -1   2191   1
c  2242   -1   2291   1
c  2194   -1   2243   1
c  2194   -1   2143   1
c  2145   -1   2096   1
c  2145   -1   2094   1
c  2435   -1   2386   1
c  2435   -1   2486   1
c  2485   -1   2385   1
c  2485   -1   2434   1
c  2486   -1   2484   1
c  2387   -1   2436   1
c  2387   -1   2338   1
c  2339   -1   2390   1
c  2389   -1   2489   1
c  2389   -1   2338   1
c  2437   -1   2488   1
c  2487   -1   2436   1
c  1700   -1   1600   1
c  1799   -1   1748   1
c  1799   -1   1699   1
c  1750   -1   1799   1
c  1750   -1   1699   1
c  1800   -1   1749   1
c  1800   -1   1849   1
c  1849   -1   1900   1
c  1850   -1   1848   1
c  1850   -1   1899   1
c  2097   -1   2095   1
c  2097   -1   2148   1
c  2146   -1   2148   1
c  2195   -1   2244   1
c  1899   -1   1950   1
c  1899   -1   1948   1
c  1949   -1   1900   1
c  1950   -1   1999   1
c  1950   -1   1948   1
c  1999   -1   1997   1
c  2048   -1   2099   1
c  2147   -1   2098   1
c  2147   -1   2047   1
c  2049   -1   2000   1
c  2049   -1   1998   1
c  2000   -1   1998   1
c  2340   -1   2389   1
c  2341   -1   2290   1
c  2341   -1   2390   1
c  2292   -1   2290   1
c  2293   -1   2244   1
c  2293   -1   2193   1
c  2294   -1   2194   1
c  2390   -1   2439   1
c  2390   -1   2392   1
c  2438   -1   2389   1
c  2438   -1   2489   1
c  2439   -1   2490   1
c  2440   -1   2389   1
c  2440   -1   2442   1
c  2391   -1   2389   1
c  2391   -1   2291   1
c  2489   -1   2440   1
c  2488   -1   2439   1
c  2488   -1   2490   1
c  2098   -1   2149   1
c  2098   -1   2049   1
c  2148   -1   2048   1
c  2196   -1   2198   1
c  2196   -1   2147   1
c  2197   -1   2146   1
c  2245   -1   2296   1
c  2099   -1   2199   1
c  2099   -1   2148   1
c  2050   -1   2099   1
c  2149   -1   2049   1
c  2342   -1   2291   1
c  2342   -1   2393   1
c  2343   -1   2292   1
c  2343   -1   2392   1
c  2344   -1   2346   1
c  2344   -1   2395   1
c  2295   -1   2344   1
c  2394   -1   2294   1
c  2394   -1   2345   1
c  2296   -1   2294   1
c  2296   -1   2345   1
c  2441   -1   2390   1
c  2392   -1   2441   1
c  2490   -1   2441   1
c  2491   -1   2440   1
c  2491   -1   2442   1
c  2442   -1   2444   1
c  2442   -1   2342   1
c  2393   -1   2391   1
c  2198   -1   2149   1
c  2198   -1   2249   1
c  2150   -1   2148   1
c  2150   -1   2050   1
c  2246   -1   2297   1
c  2246   -1   2295   1
c  2247   -1   2249   1
c  2247   -1   2198   1
c  2100   -1   2200   1
c  2100   -1   2149   1
c  2199   -1   2299   1
c  2346   -1   2348   1
c  2346   -1   2397   1
c  2444   -1   2393   1
c  2444   -1   2395   1
c  2443   -1   2392   1
c  2443   -1   2394   1
c  2297   -1   2299   1
c  2492   -1   2443   1
c  2248   -1   2199   1
c  2248   -1   2250   1
c  2298   -1   2198   1
c  2249   -1   2300   1
c  2249   -1   2200   1
c  2299   -1   2250   1
c  2299   -1   2248   1
c  2396   -1   2445   1
c  2347   -1   2396   1
c  2348   -1   2350   1
c  2348   -1   2299   1
c  2397   -1   2348   1
c  2493   -1   2444   1
c  2300   -1   2349   1
c  2446   -1   2448   1
c  2446   -1   2495   1
c  2447   -1   2396   1
c  2447   -1   2498   1
c  2398   -1   2498   1
c  2398   -1   2347   1
c  2399   -1   2348   1
c  2399   -1   2350   1
c  2350   -1   2250   1
c  2448   -1   2399   1
c  2448   -1   2397   1
c  2496   -1   2447   1
c  2496   -1   2445   1
c  2400   -1   2300   1
c  2497   -1   2446   1
c  2449   -1   2498   1
c  2449   -1   2400   1
c  2450   -1   2399   1
c  2499   -1   2448   1
c  2499   -1   2450   1
c  2500   -1   2449   1
r  52   3   101   2
r  53   4   104   2
c  201   -1   152   2
c  103   -1   152   2
c  154   -1   54   2
c  252   -1   301   2
c  252   -1   201   2
c  203   -1   252   2
c  204   -1   155   2
c  106   -1   206   2
r  253   304   302   2
c  205   -1   207   2
c  206   -1   204   2
c  107   -1   7   2
c  353   -1   402   2
c  353   -1   302   2
c  402   -1   302   2
c  403   -1   303   2
c  207   -1   158   2
c  59   -1   57   2
r  9   58   109   2
c  404   -1   402   2
c  10   -1   61   2
r  110   61   59   2
r  11   13   9   2
c  454   -1   503   2
c  552   -1   452   2
c  357   -1   257   2
c  258   -1   307   2
c  210   -1   161   2
r  62   113   11   2
c  505   -1   507   2
c  602   -1   553   2
r  408   359   357   2
c  360   -1   409   2
c  360   -1   260   2
r  63   14   65   2
r  212   210   261   2
c  64   -1   164   2
c  507   -1   607   2
r  654   605   554   2
r  556   607   605   2
r  652   654   603   2
c  701   -1   703   2
c  458   -1   409   2
c  508   -1   506   2
c  508   -1   408   2
c  557   -1   457   2
c  606   -1   506   2
c  606   -1   557   2
c  410   -1   510   2
c  361   -1   412   2
c  460   -1   360   2
c  65   -1   116   2
c  213   -1   162   2
c  66   -1   64   2
c  704   -1   655   2
c  705   -1   605   2
c  801   -1   803   2
c  752   -1   701   2
c  752   -1   803   2
c  461   -1   412   2
c  461   -1   463   2
c  511   -1   560   2
c  15   -1   17   2
r  265   216   214   2
c  67   -1   116   2
c  67   -1   69   2
c  117   -1   17   2
c  754   -1   705   2
c  755   -1   704   2
c  658   -1   709   2
c  609   -1   709   2
c  609   -1   607   2
r  707   658   656   2
c  802   -1   902   2
c  802   -1   702   2
c  266   -1   215   2
c  414   -1   416   2
c  414   -1   363   2
c  68   -1   119   2
c  68   -1   70   2
c  18   -1   118   2
c  168   -1   117   2
c  804   -1   853   2
c  902   -1   853   2
c  464   -1   462   2
r  415   466   366   2
c  218   -1   269   2
c  857   -1   757   2
c  857   -1   808   2
c  660   -1   760   2
c  613   -1   713   2
c  759   -1   708   2
r  952   1003   1001   2
c  951   -1   902   2
c  951   -1   953   2
c  905   -1   856   2
c  319   -1   270   2
c  220   -1   271   2
c  120   -1   71   2
c  21   -1   70   2
c  73   -1   124   2
c  171   -1   71   2
c  906   -1   957   2
c  712   -1   661   2
c  860   -1   811   2
c  762   -1   711   2
c  615   -1   715   2
c  467   -1   518   2
c  518   -1   516   2
c  518   -1   569   2
c  370   -1   372   2
c  123   -1   172   2
c  958   -1   858   2
c  909   -1   1009   2
c  909   -1   911   2
c  956   -1   907   2
r  1052   1003   1054   2
c  1053   -1   1102   2
c  1101   -1   1052   2
c  1101   -1   1152   2
c  1151   -1   1202   2
r  764   713   762   2
c  715   -1   766   2
c  519   -1   521   2
c  371   -1   420   2
c  421   -1   321   2
c  422   -1   373   2
c  125   -1   225   2
c  174   -1   223   2
c  224   -1   124   2
c  126   -1   124   2
c  273   -1   322   2
c  959   -1   1008   2
c  1008   -1   1006   2
c  1008   -1   908   2
c  960   -1   958   2
c  960   -1   909   2
r  1007   958   1058   2
c  667   -1   718   2
c  765   -1   665   2
c  962   -1   913   2
r  961   861   1010   2
c  814   -1   865   2
c  815   -1   764   2
c  815   -1   813   2
c  766   -1   768   2
c  766   -1   666   2
c  521   -1   572   2
c  618   -1   667   2
c  522   -1   473   2
c  522   -1   422   2
c  26   -1   28   2
c  324   -1   424   2
c  1107   -1   1007   2
c  717   -1   766   2
c  669   -1   620   2
c  669   -1   720   2
c  718   -1   818   2
c  914   -1   963   2
c  963   -1   961   2
c  1062   -1   1064   2
r  1252   1301   1352   2
c  817   -1   917   2
c  571   -1   671   2
c  670   -1   770   2
c  325   -1   276   2
c  325   -1   323   2
r  374   425   274   2
c  424   -1   473   2
c  77   -1   79   2
c  177   -1   226   2
c  128   -1   130   2
c  1159   -1   1059   2
c  1206   -1   1204   2
c  719   -1   670   2
c  916   -1   816   2
c  964   -1   1013   2
c  915   -1   1015   2
c  1302   -1   1353   2
c  769   -1   820   2
c  721   -1   672   2
c  721   -1   772   2
c  672   -1   623   2
c  425   -1   325   2
c  29   -1   80   2
c  178   -1   78   2
c  178   -1   129   2
c  179   -1   228   2
c  1160   -1   1111   2
c  1208   -1   1159   2
c  1257   -1   1308   2
c  1256   -1   1207   2
c  722   -1   771   2
c  722   -1   671   2
c  868   -1   917   2
c  1162   -1   1213   2
c  1354   -1   1356   2
c  1403   -1   1303   2
c  1402   -1   1502   2
c  772   -1   723   2
c  426   -1   326   2
r  31   80   131   2
r  81   83   130   2
c  131   -1   182   2
c  230   -1   281   2
c  379   -1   330   2
c  330   -1   328   2
c  1260   -1   1211   2
c  821   -1   772   2
c  822   -1   871   2
c  773   -1   722   2
c  773   -1   673   2
c  870   -1   970   2
c  1213   -1   1262   2
c  1164   -1   1264   2
c  1214   -1   1165   2
c  1115   -1   1166   2
c  1165   -1   1116   2
r  1451   1402   1502   2
c  969   -1   1069   2
c  626   -1   577   2
c  626   -1   526   2
c  577   -1   628   2
c  529   -1   527   2
c  823   -1   874   2
c  676   -1   576   2
c  82   -1   84   2
c  132   -1   183   2
c  133   -1   131   2
c  133   -1   182   2
c  283   -1   281   2
c  1358   -1   1309   2
c  1357   -1   1359   2
c  1408   -1   1359   2
c  1408   -1   1308   2
c  921   -1   970   2
c  1117   -1   1066   2
c  1069   -1   1067   2
c  1263   -1   1214   2
c  1405   -1   1407   2
c  1455   -1   1555   2
c  1406   -1   1404   2
c  1552   -1   1652   2
c  1504   -1   1453   2
c  1504   -1   1553   2
c  579   -1   530   2
c  478   -1   480   2
c  479   -1   481   2
c  431   -1   380   2
c  382   -1   282   2
c  284   -1   282   2
c  234   -1   232   2
r  334   383   283   2
c  383   -1   332   2
c  1410   -1   1412   2
c  1411   -1   1460   2
c  1460   -1   1360   2
c  1458   -1   1409   2
c  922   -1   873   2
c  922   -1   971   2
c  923   -1   874   2
c  1120   -1   1118   2
c  1120   -1   1069   2
c  1363   -1   1412   2
c  1314   -1   1365   2
c  1169   -1   1167   2
c  1554   -1   1454   2
c  1601   -1   1603   2
c  1603   -1   1703   2
r  1652   1703   1752   2
c  1072   -1   1021   2
c  580   -1   680   2
c  581   -1   632   2
c  825   -1   776   2
c  924   -1   926   2
c  875   -1   826   2
c  827   -1   927   2
c  135   -1   184   2
c  483   -1   583   2
c  1509   -1   1460   2
c  974   -1   923   2
c  1218   -1   1169   2
c  1218   -1   1269   2
c  1219   -1   1119   2
c  1171   -1   1120   2
c  1171   -1   1173   2
c  1414   -1   1412   2
c  1267   -1   1318   2
c  1366   -1   1415   2
c  1220   -1   1320   2
c  1220   -1   1271   2
c  1651   -1   1653   2
c  1702   -1   1602   2
c  1702   -1   1704   2
c  1654   -1   1652   2
r  729   780   829   2
r  533   584   535   2
r  435   486   484   2
c  1559   -1   1659   2
c  1559   -1   1510   2
r  1561   1510   1461   2
c  1416   -1   1465   2
r  1320   1369   1318   2
c  1655   -1   1706   2
c  1751   -1   1702   2
c  1753   -1   1802   2
c  1753   -1   1804   2
c  1123   -1   1172   2
c  633   -1   582   2
c  879   -1   930   2
r  732   683   632   2
c  683   -1   583   2
c  978   -1   1027   2
c  830   -1   881   2
r  89   40   87   2
c  39   -1   88   2
c  237   -1   288   2
r  486   437   535   2
c  287   -1   289   2
c  437   -1   439   2
c  1608   -1   1659   2
c  1608   -1   1559   2
c  1514   -1   1563   2
c  1514   -1   1512   2
c  1319   -1   1368   2
c  1272   -1   1221   2
c  1272   -1   1321   2
r  1174   1225   1176   2
r  1175   1224   1124   2
c  1273   -1   1324   2
c  1273   -1   1373   2
c  1706   -1   1704   2
c  1852   -1   1854   2
c  1851   -1   1902   2
c  733   -1   682   2
c  831   -1   880   2
c  586   -1   535   2
c  586   -1   637   2
c  684   -1   584   2
c  1028   -1   979   2
c  979   -1   981   2
c  832   -1   834   2
c  931   -1   982   2
c  91   -1   40   2
c  438   -1   487   2
c  339   -1   337   2
c  1711   -1   1662   2
c  1662   -1   1613   2
c  1712   -1   1661   2
c  1663   -1   1612   2
r  1371   1420   1369   2
c  1323   -1   1321   2
c  1567   -1   1516   2
c  1324   -1   1424   2
c  1806   -1   1755   2
r  1855   1806   1857   2
r  1902   1802   2002   2
r  1901   1952   2001   2
r  1952   2003   1852   2
c  1079   -1   1128   2
c  1030   -1   981   2
c  1030   -1   1081   2
c  190   -1   192   2
c  92   -1   143   2
c  191   -1   91   2
r  390   339   441   2
c  440   -1   442   2
c  489   -1   589   2
c  489   -1   440   2
c  1808   -1   1806   2
c  1325   -1   1274   2
c  1325   -1   1276   2
c  1422   -1   1371   2
c  1616   -1   1667   2
c  1520   -1   1518   2
r  1569   1518   1469   2
c  1807   -1   1856   2
r  1955   2006   1855   2
c  1906   -1   1904   2
c  1956   -1   1905   2
r  2002   1953   2102   2
c  1954   -1   1905   2
c  1954   -1   2003   2
c  1277   -1   1377   2
c  1327   -1   1376   2
c  687   -1   636   2
c  588   -1   688   2
c  589   -1   587   2
c  835   -1   735   2
c  736   -1   685   2
r  983   1032   883   2
c  884   -1   835   2
c  93   -1   142   2
c  93   -1   42   2
c  43   -1   94   2
c  43   -1   45   2
c  341   -1   292   2
c  539   -1   590   2
c  540   -1   538   2
c  1810   -1   1859   2
c  1811   -1   1911   2
c  1910   -1   1859   2
c  1812   -1   1861   2
c  1571   -1   1471   2
c  1619   -1   1617   2
c  1716   -1   1714   2
c  1765   -1   1714   2
c  1765   -1   1665   2
c  1425   -1   1374   2
c  1474   -1   1574   2
c  2005   -1   2105   2
c  1957   -1   1955   2
c  2053   -1   2051   2
r  1377   1428   1426   2
c  1426   -1   1475   2
c  688   -1   788   2
c  640   -1   540   2
r  1083   1085   983   2
c  94   -1   194   2
c  94   -1   143   2
c  243   -1   194   2
c  44   -1   95   2
c  342   -1   442   2
c  541   -1   543   2
c  1958   -1   2007   2
c  1813   -1   1764   2
c  1572   -1   1621   2
c  1572   -1   1672   2
c  1523   -1   1521   2
c  1670   -1   1672   2
c  1766   -1   1817   2
c  1477   -1   1475   2
c  2103   -1   2154   2
c  2103   -1   2003   2
c  2054   -1   2052   2
c  2104   -1   2204   2
r  2151   2153   2102   2
c  1231   -1   1331   2
c  1182   -1   1131   2
r  1478   1429   1480   2
c  739   -1   788   2
c  592   -1   594   2
c  641   -1   692   2
c  789   -1   840   2
c  1133   -1   1184   2
c  1133   -1   1033   2
r  1036   1085   985   2
c  293   -1   344   2
c  245   -1   145   2
c  46   -1   146   2
c  394   -1   443   2
c  394   -1   445   2
c  1962   -1   1911   2
r  2011   2062   2013   2
c  1914   -1   2014   2
c  1721   -1   1770   2
c  1721   -1   1821   2
r  1576   1527   1627   2
c  1528   -1   1477   2
c  1624   -1   1724   2
c  2106   -1   2155   2
c  2156   -1   2154   2
c  2058   -1   2109   2
c  2202   -1   2153   2
c  2201   -1   2203   2
r  1430   1432   1428   2
c  1183   -1   1283   2
c  1332   -1   1232   2
c  1529   -1   1429   2
c  1382   -1   1431   2
c  593   -1   693   2
c  987   -1   1038   2
c  1087   -1   1138   2
r  97   148   146   2
c  395   -1   346   2
r  1867   1767   1916   2
c  1819   -1   1817   2
r  1723   1774   1725   2
c  2157   -1   2206   2
c  2158   -1   2109   2
c  741   -1   692   2
c  644   -1   593   2
c  743   -1   643   2
c  645   -1   694   2
c  595   -1   646   2
c  595   -1   544   2
c  841   -1   890   2
c  1235   -1   1286   2
c  1235   -1   1186   2
c  1088   -1   1039   2
c  1138   -1   1038   2
c  48   -1   97   2
c  2063   -1   2065   2
c  2064   -1   1964   2
c  2015   -1   2064   2
c  1628   -1   1677   2
c  1727   -1   1676   2
c  2303   -1   2354   2
c  2303   -1   2254   2
c  1335   -1   1384   2
r  1483   1434   1432   2
c  1434   -1   1432   2
c  1631   -1   1580   2
c  1631   -1   1582   2
c  1630   -1   1681   2
c  1187   -1   1238   2
r  793   842   744   2
c  695   -1   795   2
r  596   647   598   2
c  941   -1   990   2
c  941   -1   939   2
c  1039   -1   990   2
c  1139   -1   1090   2
c  1188   -1   1190   2
c  1189   -1   1089   2
r  198   298   149   2
c  249   -1   198   2
c  298   -1   349   2
c  99   -1   150   2
c  597   -1   548   2
c  597   -1   546   2
r  548   499   448   2
c  398   -1   449   2
c  2066   -1   2068   2
c  2066   -1   2017   2
r  1872   1923   1972   2
c  1923   -1   1921   2
c  1971   -1   1871   2
c  1827   -1   1727   2
r  2353   2304   2302   2
c  2352   -1   2301   2
c  2351   -1   2451   2
c  2306   -1   2406   2
c  2356   -1   2307   2
c  1336   -1   1285   2
c  1534   -1   1434   2
c  1682   -1   1631   2
r  1287   1336   1238   2
r  647   649   698   2
c  1041   -1   1090   2
c  1091   -1   991   2
c  1091   -1   1089   2
c  1140   -1   1091   2
c  299   -1   199   2
c  549   -1   498   2
c  549   -1   449   2
c  599   -1   550   2
c  599   -1   499   2
c  2260   -1   2262   2
c  2071   -1   2069   2
r  1730   1630   1781   2
c  2403   -1   2452   2
c  2403   -1   2401   2
r  2404   2453   2406   2
c  2453   -1   2353   2
c  2359   -1   2357   2
c  1485   -1   1385   2
c  1585   -1   1583   2
c  1683   -1   1732   2
c  1683   -1   1634   2
c  1635   -1   1633   2
c  1731   -1   1831   2
r  1437   1386   1337   2
c  944   -1   993   2
c  648   -1   699   2
r  698   598   749   2
r  649   698   700   2
c  1043   -1   943   2
c  1142   -1   1042   2
c  1191   -1   1240   2
c  1241   -1   1243   2
r  2118   2169   2120   2
c  2217   -1   2117   2
r  2119   2121   2068   2
c  1925   -1   1974   2
c  1926   -1   1975   2
c  2122   -1   2071   2
c  1779   -1   1730   2
c  1779   -1   1781   2
c  1977   -1   2028   2
c  2027   -1   1976   2
c  2455   -1   2406   2
c  2456   -1   2407   2
c  2456   -1   2405   2
r  1734   1736   1783   2
c  1685   -1   1736   2
c  1685   -1   1734   2
c  1636   -1   1638   2
c  1339   -1   1439   2
c  1290   -1   1341   2
c  1389   -1   1289   2
c  1389   -1   1440   2
c  1438   -1   1338   2
c  1438   -1   1389   2
c  1144   -1   1142   2
c  2364   -1   2315   2
c  2172   -1   2123   2
c  2172   -1   2121   2
c  1830   -1   1832   2
c  1979   -1   2079   2
r  2078   2027   1978   2
c  2029   -1   1978   2
c  1931   -1   1929   2
c  2077   -1   2079   2
c  2077   -1   1977   2
c  1588   -1   1537   2
c  1833   -1   1784   2
c  1786   -1   1837   2
c  1786   -1   1686   2
c  1688   -1   1686   2
r  1785   1736   1787   2
c  1341   -1   1392   2
c  1440   -1   1340   2
r  1490   1390   1439   2
r  800   849   749   2
c  1244   -1   1295   2
c  1244   -1   1344   2
c  2413   -1   2415   2
c  2317   -1   2368   2
c  2269   -1   2369   2
c  2220   -1   2169   2
c  2221   -1   2272   2
c  2223   -1   2174   2
c  2224   -1   2273   2
c  1589   -1   1540   2
c  1834   -1   1883   2
c  1834   -1   1934   2
c  1884   -1   1882   2
c  1738   -1   1687   2
c  1441   -1   1390   2
c  1541   -1   1490   2
c  1146   -1   1195   2
c  1195   -1   1295   2
c  1245   -1   1196   2
c  2318   -1   2320   2
c  2319   -1   2219   2
c  2175   -1   2126   2
c  2177   -1   2226   2
c  2178   -1   2176   2
c  2227   -1   2178   2
c  2081   -1   2132   2
c  2032   -1   1981   2
c  1983   -1   1934   2
c  1983   -1   2083   2
c  2130   -1   2179   2
c  1885   -1   1934   2
c  1789   -1   1889   2
c  1790   -1   1839   2
c  1887   -1   1987   2
c  1690   -1   1739   2
c  1935   -1   1886   2
c  2034   -1   1934   2
c  1050   -1   999   2
c  1147   -1   1098   2
r  1247   1198   1296   2
r  1198   1098   1196   2
c  2467   -1   2416   2
c  2370   -1   2368   2
c  2374   -1   2376   2
c  2082   -1   2133   2
c  1592   -1   1641   2
c  1593   -1   1542   2
c  1986   -1   2037   2
r  1544   1595   1542   2
c  1100   -1   1149   2
r  1199   1299   1099   2
c  2421   -1   2423   2
r  2471   2422   2371   2
r  2372   2421   2323   2
c  2422   -1   2424   2
c  2375   -1   2326   2
c  2328   -1   2277   2
c  2279   -1   2230   2
c  2280   -1   2331   2
c  2232   -1   2283   2
c  1941   -1   1890   2
c  1250   -1   1248   2
c  1398   -1   1400   2
r  1349   1298   1449   2
c  1497   -1   1446   2
c  2426   -1   2326   2
c  2475   -1   2375   2
c  2476   -1   2376   2
c  2330   -1   2430   2
c  2379   -1   2428   2
c  2331   -1   2431   2
c  1989   -1   1940   2
c  2038   -1   1989   2
c  2038   -1   2040   2
r  1844   1893   1842   2
c  2087   -1   2085   2
c  2039   -1   2090   2
c  2039   -1   2037   2
c  2137   -1   2186   2
c  2284   -1   2335   2
c  1546   -1   1595   2
c  1499   -1   1448   2
c  1499   -1   1399   2
c  2381   -1   2481   2
c  2431   -1   2429   2
c  2333   -1   2284   2
c  1694   -1   1794   2
c  1645   -1   1596   2
c  1695   -1   1744   2
c  1695   -1   1595   2
r  1745   1696   1796   2
c  1894   -1   1794   2
c  1894   -1   1892   2
c  2041   -1   2092   2
c  1993   -1   2093   2
c  2237   -1   2186   2
c  2384   -1   2435   2
c  2335   -1   2384   2
c  1500   -1   1600   2
c  1550   -1   1450   2
c  1599   -1   1499   2
c  1599   -1   1550   2
r  2433   2384   2382   2
c  1895   -1   1946   2
c  2139   -1   2141   2
c  2091   -1   2191   2
c  2043   -1   1994   2
c  2188   -1   2239   2
c  2434   -1   2436   2
c  1697   -1   1748   2
c  1648   -1   1699   2
c  1649   -1   1749   2
r  1896   1845   1796   2
c  1995   -1   2095   2
c  2189   -1   2140   2
c  2094   -1   2194   2
c  2193   -1   2144   2
c  2144   -1   2244   2
c  2288   -1   2290   2
c  2289   -1   2389   2
c  1700   -1   1698   2
c  1997   -1   1897   2
c  2046   -1   2146   2
r  2194   2143   2192   2
c  2244   -1   2344   2
c  2388   -1   2437   2
c  2388   -1   2488   2
c  1949   -1   1849   2
c  1999   -1   1948   2
c  2048   -1   1999   2
r  2097   2095   2048   2
c  2000   -1   1949   2
c  2340   -1   2291   2
r  2390   2439   2290   2
c  2439   -1   2441   2
r  2198   2149   2147   2
c  2149   -1   2249   2
r  2391   2389   2442   2
c  2345   -1   2294   2
r  2346   2348   2295   2
c  2395   -1   2346   2
c  2199   -1   2250   2
r  2248   2199   2348   2
c  2298   -1   2247   2
c  2494   -1   2443   2
r  2496   2445   2396   2
r  2398   2498   2396   2
r  2399   2350   2499   2
c  3   -1   52   3
c  3   -1   103   3
r  53   102   55   3
c  152   -1   52   3
c  4   -1   53   3
r  55   6   57   3
c  105   -1   56   3
c  401   -1   301   3
r  156   207   107   3
c  157   -1   206   3
c  304   -1   302   3
r  306   206   308   3
c  355   -1   306   3
c  60   -1   62   3
c  208   -1   108   3
c  404   -1   453   3
c  356   -1   405   3
c  209   -1   211   3
c  160   -1   162   3
r  551   553   502   3
r  406   455   457   3
c  603   -1   552   3
c  211   -1   213   3
r  13   113   62   3
c  409   -1   407   3
c  555   -1   506   3
r  15   66   115   3
r  67   116   65   3
c  362   -1   413   3
r  851   902   853   3
c  657   -1   757   3
c  561   -1   661   3
c  69   -1   18   3
c  118   -1   116   3
r  265   214   216   3
c  462   -1   513   3
c  512   -1   412   3
c  315   -1   313   3
c  267   -1   316   3
c  611   -1   560   3
c  416   -1   365   3
c  904   -1   953   3
c  807   -1   856   3
r  1002   951   902   3
c  563   -1   614   3
r  20   69   120   3
c  121   -1   170   3
r  72   123   70   3
c  516   -1   465   3
r  318   369   418   3
c  368   -1   268   3
c  368   -1   319   3
c  858   -1   807   3
r  809   858   811   3
c  859   -1   810   3
c  955   -1   1055   3
c  1051   -1   1102   3
r  664   666   613   3
c  713   -1   715   3
c  123   -1   121   3
c  172   -1   170   3
c  566   -1   466   3
c  1004   -1   1006   3
r  957   1008   1057   3
r  956   1005   1007   3
c  1006   -1   906   3
c  1103   -1   1003   3
c  665   -1   616   3
c  861   -1   961   3
c  24   -1   75   3
c  223   -1   172   3
r  224   222   173   3
c  126   -1   26   3
c  272   -1   221   3
c  272   -1   321   3
c  371   -1   271   3
c  666   -1   615   3
c  569   -1   520   3
c  422   -1   471   3
r  1104   1055   1155   3
r  1152   1103   1201   3
c  863   -1   963   3
c  176   -1   225   3
c  127   -1   129   3
c  177   -1   175   3
r  324   224   322   3
c  423   -1   421   3
r  374   325   372   3
c  668   -1   568   3
c  717   -1   617   3
c  864   -1   813   3
c  914   -1   912   3
c  718   -1   720   3
c  866   -1   766   3
r  1062   1111   1113   3
c  77   -1   26   3
c  227   -1   278   3
c  227   -1   276   3
c  128   -1   77   3
r  523   525   423   3
c  670   -1   668   3
c  719   -1   619   3
c  475   -1   473   3
c  573   -1   524   3
c  1108   -1   1110   3
r  1060   1109   1160   3
c  1157   -1   1206   3
c  1156   -1   1107   3
c  1156   -1   1154   3
r  1205   1254   1154   3
c  1255   -1   1204   3
c  1352   -1   1401   3
r  720   769   671   3
c  376   -1   276   3
c  180   -1   131   3
r  229   180   280   3
c  328   -1   279   3
c  279   -1   277   3
c  575   -1   577   3
c  476   -1   527   3
c  1158   -1   1209   3
c  1158   -1   1207   3
c  1258   -1   1260   3
r  1305   1254   1303   3
r  1354   1356   1403   3
r  1403   1452   1352   3
c  1402   -1   1451   3
c  966   -1   917   3
c  918   -1   1018   3
c  1162   -1   1160   3
c  1210   -1   1110   3
r  81   130   79   3
c  772   -1   823   3
c  527   -1   578   3
c  477   -1   479   3
r  1309   1260   1311   3
c  1308   -1   1208   3
c  1355   -1   1353   3
c  1502   -1   1453   3
r  1067   1018   1116   3
r  920   871   922   3
c  1019   -1   919   3
r  232   281   332   3
c  528   -1   579   3
c  478   -1   527   3
c  675   -1   724   3
c  725   -1   825   3
c  677   -1   577   3
r  1357   1308   1408   3
c  971   -1   969   3
c  84   -1   135   3
r  284   233   184   3
c  775   -1   824   3
c  530   -1   481   3
c  678   -1   778   3
c  1410   -1   1459   3
c  1456   -1   1505   3
r  1506   1557   1504   3
r  1314   1312   1363   3
c  1315   -1   1317   3
c  236   -1   136   3
c  482   -1   533   3
r  875   826   924   3
c  681   -1   581   3
c  1510   -1   1561   3
c  1413   -1   1464   3
c  1556   -1   1456   3
r  1703   1752   1654   3
c  1121   -1   1123   3
c  1122   -1   1071   3
c  1269   -1   1169   3
c  36   -1   38   3
r  237   288   239   3
c  534   -1   583   3
c  534   -1   483   3
r  731   682   780   3
r  781   830   681   3
r  1464   1415   1564   3
c  1557   -1   1657   3
r  1753   1802   1704   3
c  1803   -1   1752   3
c  976   -1   978   3
r  1075   1026   1024   3
c  1125   -1   1176   3
c  1513   -1   1562   3
c  1270   -1   1221   3
r  239   288   241   3
c  437   -1   435   3
c  928   -1   979   3
c  978   -1   929   3
r  831   782   731   3
c  1563   -1   1463   3
c  1657   -1   1757   3
c  1321   -1   1370   3
c  1321   -1   1421   3
r  1174   1176   1274   3
c  1224   -1   1324   3
c  1224   -1   1275   3
c  1322   -1   1373   3
c  40   -1   89   3
r  91   142   93   3
c  141   -1   190   3
r  290   241   288   3
c  487   -1   587   3
c  979   -1   930   3
c  881   -1   883   3
c  1663   -1   1714   3
c  1565   -1   1514   3
r  1708   1759   1706   3
c  1903   -1   1854   3
r  1901   1852   1952   3
c  1323   -1   1274   3
c  1226   -1   1228   3
c  735   -1   786   3
c  932   -1   883   3
c  1031   -1   931   3
c  1031   -1   1033   3
c  687   -1   787   3
c  1760   -1   1762   3
c  1758   -1   1807   3
c  1374   -1   1325   3
c  1424   -1   1426   3
c  1227   -1   1327   3
c  1278   -1   1178   3
c  1519   -1   1568   3
r  194   143   245   3
c  441   -1   541   3
c  638   -1   538   3
r  786   737   788   3
c  885   -1   883   3
r  787   738   887   3
c  1715   -1   1664   3
c  1666   -1   1617   3
c  2052   -1   2101   3
c  1524   -1   1424   3
c  1279   -1   1328   3
r  1618   1667   1718   3
r  1668   1768   1619   3
c  1620   -1   1622   3
c  95   -1   195   3
c  343   -1   294   3
c  343   -1   292   3
r  1035   1084   1033   3
c  1182   -1   1082   3
r  1231   1331   1233   3
c  1960   -1   1860   3
c  1814   -1   1863   3
c  1814   -1   1865   3
c  2008   -1   1957   3
c  2152   -1   2252   3
c  2202   -1   2102   3
r  1671   1620   1571   3
c  1476   -1   1525   3
c  1330   -1   1332   3
c  1281   -1   1232   3
c  1380   -1   1280   3
c  493   -1   495   3
c  445   -1   443   3
r  592   643   492   3
c  789   -1   838   3
c  839   -1   939   3
c  1085   -1   1036   3
c  986   -1   1086   3
c  1086   -1   1135   3
c  1086   -1   1084   3
c  1816   -1   1916   3
c  1866   -1   1864   3
c  2058   -1   2107   3
c  2203   -1   2154   3
c  2253   -1   2204   3
c  2253   -1   2304   3
r  1625   1574   1676   3
c  1479   -1   1428   3
c  1431   -1   1380   3
c  147   -1   198   3
c  147   -1   149   3
c  691   -1   791   3
c  643   -1   641   3
r  939   1039   888   3
c  841   -1   839   3
c  545   -1   496   3
c  1037   -1   1039   3
c  1136   -1   1036   3
c  1136   -1   1185   3
c  891   -1   940   3
c  891   -1   942   3
c  2012   -1   2014   3
c  2059   -1   2159   3
c  1915   -1   1964   3
c  1915   -1   1917   3
r  1771   1722   1773   3
c  1722   -1   1720   3
r  2303   2254   2305   3
r  2255   2206   2257   3
r  1723   1823   1674   3
c  1530   -1   1581   3
r  298   347   247   3
c  348   -1   448   3
c  546   -1   497   3
r  595   646   546   3
c  742   -1   693   3
c  792   -1   743   3
c  989   -1   940   3
c  989   -1   991   3
r  1483   1534   1532   3
c  2062   -1   2162   3
c  2161   -1   2163   3
c  1918   -1   1869   3
r  2256   2356   2305   3
r  2352   2301   2452   3
c  1774   -1   1725   3
c  1871   -1   1922   3
c  1677   -1   1728   3
r  99   150   199   3
c  398   -1   349   3
c  694   -1   794   3
c  745   -1   743   3
r  1040   1091   1038   3
c  1189   -1   1240   3
r  1287   1338   1387   3
r  1090   1088   1141   3
c  1042   -1   942   3
c  2211   -1   2260   3
c  2213   -1   2113   3
c  1970   -1   1972   3
c  2019   -1   2017   3
c  2258   -1   2207   3
r  2403   2452   2352   3
r  1872   1972   1923   3
c  1775   -1   1875   3
c  1632   -1   1732   3
c  1681   -1   1632   3
r  549   449   598   3
c  500   -1   498   3
c  795   -1   846   3
c  648   -1   597   3
c  1141   -1   1139   3
r  1388   1437   1339   3
r  944   1044   995   3
c  1535   -1   1537   3
c  2308   -1   2357   3
r  2214   2114   2216   3
c  2264   -1   2313   3
c  2069   -1   2120   3
r  2022   1971   2122   3
r  2407   2358   2307   3
c  2457   -1   2357   3
c  2454   -1   2405   3
c  1729   -1   1780   3
r  1779   1730   1728   3
c  600   -1   549   3
c  796   -1   798   3
r  1143   1192   1141   3
c  1192   -1   1194   3
c  1339   -1   1341   3
c  1044   -1   1095   3
c  2361   -1   2412   3
c  2361   -1   2410   3
c  2312   -1   2363   3
c  2314   -1   2363   3
c  2168   -1   2119   3
c  2410   -1   2461   3
c  1781   -1   1830   3
c  1782   -1   1833   3
c  1831   -1   1782   3
c  797   -1   748   3
c  946   -1   897   3
c  1489   -1   1540   3
c  1489   -1   1389   3
c  1539   -1   1439   3
c  1539   -1   1488   3
r  1095   1195   1146   3
c  1637   -1   1737   3
c  2463   -1   2363   3
c  2026   -1   2075   3
r  1830   1879   1930   3
c  1932   -1   1832   3
c  1736   -1   1687   3
c  1342   -1   1393   3
r  1541   1590   1539   3
r  1146   1046   1148   3
r  2462   2460   2362   3
c  2318   -1   2367   3
c  2368   -1   2417   3
c  2269   -1   2320   3
c  2223   -1   2172   3
c  1885   -1   1883   3
c  1837   -1   1737   3
c  1639   -1   1690   3
c  1639   -1   1641   3
c  1246   -1   1197   3
c  1394   -1   1392   3
c  1492   -1   1541   3
c  1542   -1   1540   3
c  1542   -1   1591   3
c  1543   -1   1541   3
r  1147   1196   1149   3
c  1296   -1   1196   3
r  2418   2367   2420   3
r  2468   2417   2368   3
c  2226   -1   2126   3
c  2324   -1   2375   3
c  2227   -1   2225   3
c  2179   -1   2079   3
c  1444   -1   1393   3
c  1346   -1   1446   3
c  1493   -1   1593   3
c  1150   -1   1199   3
c  1298   -1   1349   3
c  1100   -1   1098   3
r  2420   2320   2422   3
c  2277   -1   2377   3
r  2180   2131   2229   3
c  2035   -1   1935   3
c  1936   -1   1985   3
c  1889   -1   1887   3
c  1693   -1   1691   3
r  1398   1400   1347   3
c  2278   -1   2280   3
c  2234   -1   2185   3
c  1988   -1   1888   3
r  1940   1889   1840   3
c  1742   -1   1793   3
c  2472   -1   2372   3
c  2477   -1   2377   3
c  2379   -1   2430   3
r  2282   2280   2382   3
c  2332   -1   2283   3
c  1942   -1   2042   3
c  1992   -1   1941   3
c  1645   -1   1647   3
c  1646   -1   1597   3
c  1794   -1   1745   3
r  1497   1446   1546   3
c  1498   -1   1449   3
c  1548   -1   1448   3
r  1547   1598   1549   3
r  1549   1600   1449   3
r  2479   2430   2379   3
r  2333   2382   2384   3
c  2334   -1   2283   3
r  2089   1989   2038   3
c  2384   -1   2433   3
c  1696   -1   1747   3
c  1696   -1   1745   3
c  1746   -1   1748   3
c  2481   -1   2483   3
c  2238   -1   2287   3
c  2385   -1   2434   3
c  1945   -1   1943   3
c  1747   -1   1796   3
c  1797   -1   1897   3
c  1748   -1   1750   3
c  2338   -1   2336   3
c  2436   -1   2385   3
c  2143   -1   2194   3
c  2437   -1   2435   3
c  1946   -1   1997   3
c  1946   -1   2046   3
c  2193   -1   2244   3
c  2144   -1   2095   3
r  1848   1897   1799   3
c  2487   -1   2438   3
c  2241   -1   2190   3
c  2241   -1   2290   3
r  2438   2389   2440   3
r  2046   2146   2095   3
c  2096   -1   2047   3
c  1998   -1   1947   3
r  2340   2389   2440   3
r  2439   2490   2388   3
c  2195   -1   2295   3
c  2490   -1   2390   3
c  2245   -1   2294   3
c  2493   -1   2442   3
r  2150   2050   2099   3
r  2398   2396   2449   3
c  2349   -1   2400   3
r  2449   2498   2447   3
c  2   -1   102   4
r  52   54   103   4
c  102   -1   104   4
r  4   55   104   4
r  252   301   152   4
r  203   152   303   4
c  157   -1   57   4
c  8   -1   59   4
c  305   -1   303   4
c  207   -1   209   4
c  307   -1   305   4
r  357   308   306   4
r  12   61   112   4
c  456   -1   458   4
c  456   -1   356   4
r  358   407   409   4
r  408   457   308   4
r  212   261   210   4
c  653   -1   702   4
r  652   703   701   4
r  654   554   605   4
c  115   -1   166   4
c  163   -1   212   4
c  459   -1   461   4
c  264   -1   213   4
r  558   607   556   4
r  67   65   116   4
r  265   165   214   4
r  705   654   656   4
c  753   -1   802   4
r  560   558   609   4
c  167   -1   267   4
c  167   -1   218   4
c  364   -1   362   4
c  805   -1   754   4
c  757   -1   708   4
c  119   -1   121   4
c  119   -1   170   4
c  367   -1   416   4
c  268   -1   319   4
c  268   -1   270   4
r  806   857   808   4
c  904   -1   855   4
r  952   1001   852   4
c  612   -1   610   4
r  613   662   564   4
c  760   -1   762   4
r  662   762   713   4
r  1002   902   1102   4
c  1003   -1   952   4
r  123   172   125   4
c  468   -1   517   4
c  419   -1   370   4
c  1054   -1   954   4
c  861   -1   859   4
c  665   -1   614   4
r  24   26   124   4
c  617   -1   615   4
r  422   471   424   4
c  1009   -1   1007   4
r  1152   1203   1252   4
r  962   913   1011   4
c  618   -1   669   4
c  1059   -1   1110   4
c  865   -1   965   4
r  128   130   28   4
c  573   -1   622   4
r  1013   1064   1015   4
c  1253   -1   1302   4
c  965   -1   1016   4
c  1063   -1   1114   4
c  180   -1   178   4
c  279   -1   330   4
c  819   -1   719   4
c  1210   -1   1159   4
r  1403   1352   1401   4
r  1016   1116   916   4
c  918   -1   969   4
c  968   -1   919   4
r  82   84   131   4
c  231   -1   182   4
r  379   330   428   4
c  428   -1   328   4
c  1259   -1   1208   4
c  1452   -1   1503   4
c  380   -1   331   4
c  33   -1   84   4
r  133   131   184   4
c  677   -1   628   4
c  1358   -1   1409   4
c  1360   -1   1409   4
r  1215   1166   1266   4
c  382   -1   380   4
r  85   34   87   4
r  529   527   478   4
c  775   -1   826   4
c  629   -1   627   4
c  530   -1   479   4
r  1555   1504   1604   4
r  1408   1308   1459   4
c  1459   -1   1457   4
c  1313   -1   1364   4
r  1652   1752   1703   4
r  86   88   135   4
c  433   -1   435   4
c  433   -1   484   4
r  974   1074   874   4
r  827   927   825   4
r  728   628   730   4
c  582   -1   533   4
c  1556   -1   1505   4
c  1509   -1   1458   4
r  1171   1173   1222   4
c  37   -1   35   4
c  1025   -1   974   4
c  877   -1   977   4
c  780   -1   880   4
c  1606   -1   1706   4
c  1704   -1   1655   4
c  1512   -1   1510   4
r  1318   1369   1367   4
r  1753   1704   1702   4
c  1754   -1   1752   4
c  1752   -1   1852   4
c  1466   -1   1517   4
c  1270   -1   1321   4
r  1320   1318   1369   4
r  1271   1273   1371   4
c  139   -1   90   4
c  139   -1   141   4
c  288   -1   239   4
c  485   -1   585   4
r  486   535   435   4
c  927   -1   976   4
r  878   927   929   4
c  634   -1   685   4
c  1804   -1   1855   4
r  1175   1173   1224   4
r  783   785   883   4
r  881   932   832   4
c  1419   -1   1417   4
c  1274   -1   1276   4
c  1078   -1   1127   4
c  1078   -1   978   4
c  1127   -1   1176   4
c  1518   -1   1569   4
c  1470   -1   1370   4
c  1470   -1   1521   4
c  291   -1   191   4
c  587   -1   638   4
r  391   440   389   4
c  686   -1   737   4
c  686   -1   688   4
c  933   -1   931   4
r  982   1031   1033   4
c  1617   -1   1568   4
c  1953   -1   1902   4
r  2001   2003   1952   4
r  1619   1617   1719   4
c  243   -1   294   4
c  491   -1   442   4
c  785   -1   834   4
c  738   -1   740   4
c  1812   -1   1863   4
c  2005   -1   1954   4
c  1279   -1   1228   4
c  1621   -1   1619   4
c  295   -1   344   4
c  739   -1   690   4
c  935   -1   1035   4
c  740   -1   691   4
c  740   -1   791   4
r  1862   1911   1864   4
c  2008   -1   1908   4
c  1717   -1   1719   4
r  1815   1813   1915   4
r  2054   2052   2105   4
c  1282   -1   1280   4
r  48   99   46   4
c  593   -1   542   4
c  2153   -1   2104   4
r  2106   2157   2057   4
r  1381   1383   1432   4
c  98   -1   49   4
c  644   -1   744   4
c  1234   -1   1183   4
c  1234   -1   1134   4
c  940   -1   942   4
c  2158   -1   2058   4
c  2254   -1   2154   4
c  2301   -1   2252   4
r  1626   1575   1677   4
c  1481   -1   1432   4
r  1531   1631   1529   4
c  1969   -1   2018   4
r  249   300   149   4
c  744   -1   695   4
c  1334   -1   1385   4
r  843   892   743   4
c  2112   -1   2061   4
r  2015   1915   1966   4
r  2402   2351   2353   4
c  1678   -1   1676   4
r  1483   1532   1534   4
c  1581   -1   1632   4
c  2019   -1   1968   4
c  1922   -1   1920   4
r  1872   1921   1874   4
r  398   349   498   4
r  399   450   448   4
r  695   795   746   4
c  696   -1   694   4
c  2114   -1   2165   4
r  2213   2264   2162   4
c  2067   -1   2118   4
c  1777   -1   1826   4
c  1682   -1   1582   4
r  2118   2120   2018   4
r  1825   1925   1874   4
r  549   598   449   4
r  747   798   698   4
c  1239   -1   1241   4
c  1191   -1   1189   4
c  1288   -1   1339   4
c  1288   -1   1388   4
r  1388   1339   1488   4
c  896   -1   996   4
c  896   -1   894   4
c  994   -1   945   4
c  1878   -1   1880   4
c  1684   -1   1784   4
c  1731   -1   1729   4
c  2073   -1   2124   4
r  698   798   649   4
r  1241   1190   1141   4
r  1438   1389   1440   4
c  1487   -1   1536   4
r  996   998   1045   4
r  2312   2363   2412   4
r  1783   1683   1781   4
r  2026   2077   2024   4
r  800   749   798   4
r  1194   1245   1145   4
c  1588   -1   1488   4
r  1096   1094   996   4
c  2267   -1   2216   4
c  2267   -1   2316   4
r  2463   2412   2414   4
c  1833   -1   1831   4
r  1834   1883   1832   4
c  1883   -1   1783   4
c  2222   -1   2224   4
r  2223   2174   2274   4
c  900   -1   949   4
c  1590   -1   1541   4
c  2415   -1   2315   4
r  2320   2369   2420   4
c  2031   -1   2029   4
c  2128   -1   2179   4
c  1738   -1   1740   4
r  1885   1883   1985   4
c  1984   -1   1884   4
c  1000   -1   1100   4
c  1344   -1   1342   4
c  1543   -1   1494   4
r  1147   1098   1198   4
c  1148   -1   1248   4
r  2418   2467   2318   4
c  1690   -1   1790   4
c  2322   -1   2371   4
c  2374   -1   2423   4
c  1297   -1   1246   4
c  1249   -1   1298   4
c  1249   -1   1198   4
r  2083   2032   2081   4
r  2132   2183   2083   4
c  2134   -1   2132   4
c  1840   -1   1740   4
c  1939   -1   1839   4
c  2085   -1   2134   4
c  2327   -1   2376   4
c  2377   -1   2428   4
c  2280   -1   2229   4
c  1397   -1   1446   4
r  1398   1347   1349   4
c  1990   -1   1890   4
c  1743   -1   1643   4
r  1694   1794   1692   4
c  2474   -1   2476   4
c  2329   -1   2331   4
c  2236   -1   2136   4
c  2236   -1   2187   4
c  2138   -1   2087   4
c  2237   -1   2137   4
c  2380   -1   2429   4
c  1498   -1   1549   4
c  2286   -1   2284   4
r  1649   1749   1698   4
r  2484   2435   2433   4
c  2142   -1   2091   4
c  2142   -1   2140   4
c  2338   -1   2289   4
c  1747   -1   1698   4
r  1797   1795   1848   4
c  2094   -1   1994   4
c  1948   -1   1946   4
r  2046   1997   2146   4
r  1998   2047   2098   4
c  2243   -1   2292   4
c  2244   -1   2295   4
r  2439   2388   2390   4
r  1850   1848   1950   4
r  1949   1849   1998   4
r  2097   2148   1997   4
c  2295   -1   2297   4
r  2341   2290   2392   4
c  2441   -1   2443   4
c  2345   -1   2347   4
c  2395   -1   2295   4
c  2200   -1   2198   4
r  2298   2198   2249   4
r  2398   2449   2400   4
r  2447   2396   2347   4
r  2448   2399   2348   4
c  2350   -1   2299   4
c  2498   -1   2449   4
r  103   152   101   5
c  153   -1   104   5
c  153   -1   102   5
r  55   106   104   5
c  251   -1   253   5
c  301   -1   252   5
r  203   303   154   5
r  106   206   108   5
r  352   303   403   5
r  156   158   56   5
c  304   -1   355   5
r  110   59   108   5
r  10   61   110   5
c  501   -1   601   5
r  159   108   208   5
r  160   211   209   5
r  456   356   407   5
c  259   -1   210   5
c  260   -1   309   5
c  113   -1   62   5
c  261   -1   212   5
r  654   603   705   5
r  557   457   608   5
r  753   802   653   5
r  15   17   66   5
c  16   -1   116   5
c  607   -1   556   5
r  802   702   804   5
r  851   802   902   5
c  803   -1   703   5
c  755   -1   655   5
r  118   167   67   5
c  462   -1   413   5
r  853   904   802   5
c  19   -1   119   5
c  317   -1   266   5
r  951   953   1002   5
r  759   808   757   5
r  710   761   610   5
r  613   564   615   5
c  712   -1   612   5
r  120   171   122   5
c  319   -1   219   5
c  955   -1   957   5
c  907   -1   858   5
r  24   124   73   5
r  124   175   75   5
r  222   273   322   5
r  418   367   518   5
r  174   225   172   5
r  1056   956   1107   5
r  764   762   864   5
c  912   -1   863   5
r  126   124   77   5
r  374   274   425   5
c  768   -1   719   5
r  177   226   126   5
r  1013   1015   1064   5
c  1063   -1   1112   5
r  80   131   31   5
r  29   80   78   5
r  1402   1502   1453   5
c  1257   -1   1259   5
r  1355   1455   1406   5
c  1306   -1   1257   5
c  869   -1   920   5
c  869   -1   918   5
c  821   -1   770   5
c  1212   -1   1263   5
c  871   -1   771   5
c  1066   -1   1115   5
r  329   429   331   5
r  823   872   923   5
r  528   479   628   5
c  479   -1   579   5
r  1504   1453   1404   5
c  1359   -1   1310   5
r  1312   1412   1361   5
c  873   -1   871   5
r  1021   1070   1121   5
r  133   182   84   5
r  529   478   629   5
c  1601   -1   1652   5
c  1508   -1   1459   5
c  1508   -1   1408   5
r  1509   1460   1409   5
c  972   -1   974   5
c  925   -1   974   5
r  1654   1652   1754   5
c  1752   -1   1652   5
r  1559   1510   1459   5
c  1413   -1   1313   5
c  384   -1   484   5
c  1415   -1   1466   5
r  1367   1267   1418   5
r  1076   1025   1127   5
c  88   -1   188   5
c  879   -1   928   5
r  1803   1752   1754   5
r  1901   2001   1852   5
c  1562   -1   1662   5
c  1710   -1   1661   5
c  1516   -1   1565   5
c  1756   -1   1807   5
r  979   981   1030   5
c  1468   -1   1519   5
r  1566   1517   1466   5
r  91   93   142   5
c  734   -1   683   5
c  1953   -1   2053   5
c  1904   -1   1855   5
c  1905   -1   1856   5
c  1565   -1   1563   5
c  1808   -1   1757   5
c  1420   -1   1471   5
c  1029   -1   978   5
r  1617   1568   1619   5
r  1470   1521   1419   5
r  141   192   90   5
r  191   91   140   5
c  1665   -1   1565   5
c  1909   -1   1960   5
c  1959   -1   1859   5
r  1228   1328   1128   5
c  1179   -1   1177   5
r  1618   1718   1667   5
c  1472   -1   1523   5
r  193   244   93   5
r  43   94   92   5
c  785   -1   836   5
r  835   735   786   5
c  2006   -1   1957   5
r  2056   2105   2005   5
r  1329   1280   1278   5
r  391   389   440   5
c  144   -1   95   5
c  342   -1   344   5
c  886   -1   888   5
c  935   -1   886   5
r  2201   2152   2252   5
c  2251   -1   2202   5
c  2251   -1   2151   5
r  1913   1915   1864   5
r  1478   1480   1529   5
r  443   492   441   5
c  691   -1   693   5
r  938   940   838   5
c  987   -1   887   5
r  2303   2305   2203   5
c  2108   -1   2157   5
c  1382   -1   1380   5
c  543   -1   494   5
c  296   -1   294   5
c  47   -1   147   5
c  889   -1   940   5
c  693   -1   644   5
c  2304   -1   2353   5
r  2305   2307   2354   5
r  2351   2451   2402   5
c  1917   -1   2017   5
r  2015   2064   2066   5
c  1675   -1   1624   5
c  1725   -1   1727   5
r  1918   2018   1916   5
c  496   -1   498   5
r  197   199   148   5
r  99   199   48   5
c  1039   -1   939   5
c  1188   -1   1186   5
r  694   794   745   5
c  942   -1   944   5
c  1873   -1   1922   5
r  1824   1775   1875   5
r  1776   1676   1725   5
r  1971   1871   1922   5
r  447   449   547   5
c  497   -1   448   5
r  298   247   249   5
c  696   -1   645   5
r  844   846   895   5
c  1485   -1   1434   5
r  1924   2024   1875   5
r  2459   2410   2359   5
c  2458   -1   2409   5
c  2167   -1   2165   5
c  2266   -1   2166   5
r  1437   1337   1388   5
r  1927   1976   1978   5
c  1926   -1   1826   5
c  847   -1   898   5
c  898   -1   896   5
c  1046   -1   1044   5
r  2413   2415   2411   5
r  2364   2415   2413   5
c  1586   -1   1486   5
c  848   -1   850   5
r  849   949   847   5
c  1047   -1   947   5
r  2463   2363   2412   5
c  2365   -1   2416   5
c  2366   -1   2315   5
r  1637   1737   1537   5
r  1786   1686   1737   5
r  2221   2270   2223   5
r  2223   2172   2123   5
r  800   798   749   5
r  1491   1542   1440   5
r  1000   1100   900   5
c  1097   -1   1099   5
c  1245   -1   1296   5
c  1049   -1   1149   5
r  2270   2321   2319   5
c  2369   -1   2418   5
r  1981   1983   2030   5
r  1737   1686   1739   5
c  1344   -1   1346   5
c  1098   -1   1198   5
c  2321   -1   2272   5
c  1985   -1   2036   5
c  2228   -1   2177   5
c  2229   -1   2227   5
r  2375   2326   2377   5
r  1394   1392   1445   5
r  1444   1393   1495   5
r  1592   1641   1643   5
r  1298   1349   1247   5
r  1249   1298   1349   5
c  1200   -1   1198   5
c  2469   -1   2420   5
r  2470   2419   2421   5
c  1987   -1   1985   5
c  1937   -1   2037   5
r  2425   2376   2423   5
r  1299   1248   1199   5
r  2039   2090   1990   5
c  1496   -1   1547   5
c  1595   -1   1495   5
r  1645   1596   1745   5
r  2381   2481   2432   5
r  1548   1597   1499   5
c  1500   -1   1449   5
r  2333   2384   2335   5
r  2188   2239   2186   5
r  1844   1842   1893   5
c  1943   -1   1894   5
c  2091   -1   2040   5
c  1697   -1   1695   5
c  2383   -1   2385   5
c  1600   -1   1549   5
r  2435   2386   2335   5
r  2044   2093   2095   5
c  1748   -1   1648   5
c  2482   -1   2484   5
r  1649   1549   1700   5
c  1650   -1   1599   5
r  2485   2434   2436   5
c  1897   -1   1899   5
r  2143   2141   2243   5
c  2339   -1   2290   5
c  1898   -1   1998   5
r  1997   2048   1948   5
r  1899   1948   1999   5
r  2340   2440   2391   5
c  2148   -1   2199   5
r  2391   2291   2440   5
r  2100   2200   2049   5
c  2393   -1   2442   5
c  2492   -1   2392   5
c  2396   -1   2398   5
c  2445   -1   2447   5
c  2349   -1   2449   5
r  2496   2447   2498   5
r  2398   2347   2449   5
r  2399   2348   2448   5
c  2450   -1   2448   5
r  52   103   54   6
c  102   -1   53   6
r  103   101   152   6
r  105   54   154   6
c  206   -1   306   6
r  305   356   354   6
r  451   351   453   6
r  110   108   59   6
r  404   402   353   6
r  454   505   452   6
c  111   -1   60   6
r  160   209   260   6
r  63   65   112   6
c  604   -1   602   6
r  115   166   164   6
c  313   -1   213   6
r  117   66   119   6
r  608   606   708   6
r  802   804   702   6
r  512   412   461   6
r  853   802   904   6
c  611   -1   613   6
r  659   708   710   6
r  952   901   954   6
c  1001   -1   952   6
r  809   860   760   6
c  1053   -1   953   6
c  75   -1   73   6
r  1052   1103   1003   6
r  1104   1155   1004   6
c  912   -1   963   6
r  619   670   617   6
r  668   568   617   6
r  373   424   324   6
c  275   -1   326   6
r  1205   1305   1254   6
r  1304   1306   1355   6
c  1111   -1   1062   6
c  1014   -1   963   6
c  476   -1   576   6
r  673   724   671   6
r  82   131   84   6
c  231   -1   282   6
r  1403   1303   1452   6
r  133   84   135   6
r  283   232   183   6
r  774   823   825   6
r  1455   1404   1504   6
c  1310   -1   1261   6
r  1312   1310   1412   6
r  1215   1266   1213   6
r  1020   1071   969   6
r  185   85   234   6
r  1554   1505   1603   6
r  1602   1651   1553   6
r  1507   1558   1505   6
r  1412   1361   1512   6
c  1119   -1   1168   6
r  36   87   136   6
c  187   -1   185   6
r  1604   1655   1653   6
r  1701   1752   1652   6
r  1655   1606   1657   6
c  1462   -1   1460   6
r  1172   1223   1121   6
c  1802   -1   1902   6
r  1464   1515   1466   6
r  1174   1223   1172   6
r  1271   1371   1273   6
c  830   -1   879   6
c  880   -1   878   6
r  879   930   979   6
r  1853   1904   1902   6
r  1952   1954   2052   6
c  1903   -1   2003   6
c  1660   -1   1662   6
c  1418   -1   1416   6
c  1223   -1   1323   6
r  1176   1178   1227   6
c  240   -1   242   6
c  488   -1   437   6
c  488   -1   388   6
c  930   -1   928   6
r  1901   1852   1903   6
r  1954   2003   1854   6
c  1809   -1   1807   6
c  1419   -1   1468   6
c  1713   -1   1664   6
c  1713   -1   1715   6
c  1518   -1   1418   6
c  1420   -1   1520   6
c  1372   -1   1321   6
r  980   1029   931   6
r  1129   1178   1127   6
r  1956   1905   2005   6
c  2004   -1   1953   6
c  1909   -1   1911   6
c  1374   -1   1323   6
r  1032   1083   981   6
r  1277   1226   1326   6
r  194   145   294   6
r  2153   2253   2102   6
c  2055   -1   2104   6
r  1862   1864   1911   6
r  1132   1232   1130   6
r  1329   1278   1229   6
c  196   -1   194   6
c  886   -1   786   6
r  2201   2252   2152   6
c  2156   -1   2107   6
r  1962   1911   2013   6
c  1526   -1   1524   6
r  1330   1332   1381   6
r  1281   1232   1283   6
c  246   -1   197   6
r  197   148   199   6
r  395   346   295   6
c  641   -1   592   6
c  790   -1   839   6
r  544   546   444   6
c  936   -1   938   6
r  889   940   838   6
r  2253   2304   2353   6
c  2301   -1   2352   6
r  2255   2306   2206   6
c  2013   -1   2064   6
c  2159   -1   2108   6
r  1527   1529   1627   6
c  1431   -1   1480   6
r  297   246   248   6
r  2352   2401   2303   6
r  2351   2402   2353   6
c  2355   -1   2404   6
c  1822   -1   1871   6
c  1725   -1   1825   6
c  1530   -1   1528   6
c  150   -1   99   6
r  447   498   496   6
c  50   -1   99   6
c  990   -1   939   6
c  1335   -1   1235   6
r  2404   2406   2402   6
c  2453   -1   2455   6
c  2452   -1   2403   6
c  2405   -1   2356   6
r  2020   2071   2120   6
c  1532   -1   1483   6
c  1628   -1   1579   6
r  844   795   846   6
c  943   -1   894   6
c  2358   -1   2407   6
r  2359   2357   2410   6
c  2120   -1   2118   6
c  1876   -1   1827   6
r  1680   1682   1780   6
r  1681   1732   1679   6
r  845   794   847   6
r  1093   1142   1091   6
c  2121   -1   2221   6
r  2170   2219   2168   6
c  1242   -1   1240   6
r  2124   2075   2173   6
r  2269   2320   2318   6
c  1879   -1   1828   6
r  1391   1442   1389   6
c  2365   -1   2316   6
r  2415   2366   2364   6
c  2271   -1   2371   6
r  2320   2420   2369   6
c  2274   -1   2323   6
c  2324   -1   2273   6
c  1787   -1   1738   6
r  1739   1639   1839   6
c  1640   -1   1740   6
r  2421   2472   2372   6
r  2374   2376   2425   6
c  2130   -1   2128   6
r  1298   1247   1349   6
r  2424   2426   2473   6
r  2425   2423   2376   6
c  2327   -1   2278   6
r  1936   1987   1887   6
c  2085   -1   2034   6
c  1791   -1   1691   6
c  2086   -1   2186   6
r  1299   1199   1248   6
c  1545   -1   1496   6
c  1545   -1   1547   6
r  2330   2430   2328   6
c  2231   -1   2280   6
c  2231   -1   2182   6
c  1891   -1   1991   6
r  1497   1546   1499   6
r  1350   1299   1399   6
r  1450   1399   1448   6
r  1694   1692   1743   6
c  2380   -1   2331   6
r  2089   2138   1989   6
r  2286   2284   2335   6
c  1597   -1   1599   6
r  1598   1647   1600   6
r  2433   2482   2431   6
c  1795   -1   1846   6
c  1795   -1   1793   6
c  2042   -1   2091   6
r  2435   2335   2484   6
r  1845   1843   1894   6
r  2093   2144   2042   6
r  1797   1897   1748   6
r  1798   1849   1796   6
r  1847   1798   1845   6
r  2242   2291   2142   6
c  1947   -1   1949   6
c  2047   -1   1998   6
r  1949   1900   2049   6
r  2199   2299   2248   6
c  2397   -1   2395   6
r  2298   2247   2349   6
r  2398   2449   2447   6
r  103   54   52   7
c  452   -1   352   7
r  257   306   255   7
c  61   -1   59   7
r  307   356   358   7
c  308   -1   357   7
c  161   -1   261   7
r  603   552   503   7
r  505   554   556   7
r  652   701   703   7
c  163   -1   165   7
r  558   507   607   7
r  116   165   216   7
r  314   363   414   7
c  901   -1   952   7
r  19   119   68   7
c  70   -1   170   7
c  416   -1   516   7
c  903   -1   1003   7
r  72   70   21   7
r  22   73   122   7
c  221   -1   321   7
r  418   467   469   7
r  1052   1003   1152   7
r  1104   1004   1102   7
c  1005   -1   1056   7
c  568   -1   668   7
r  128   28   126   7
r  718   818   669   7
r  865   916   765   7
r  819   868   768   7
r  1402   1451   1302   7
c  967   -1   969   7
c  281   -1   232   7
r  577   579   528   7
c  1502   -1   1402   7
r  1308   1359   1357   7
c  1356   -1   1358   7
c  1211   -1   1162   7
c  1211   -1   1213   7
r  283   183   332   7
r  528   628   479   7
c  872   -1   823   7
c  824   -1   826   7
c  233   -1   133   7
r  481   381   432   7
c  1217   -1   1168   7
r  1120   1069   1169   7
r  924   926   922   7
r  36   38   87   7
r  235   184   237   7
c  1122   -1   1120   7
c  1073   -1   1122   7
c  926   -1   975   7
c  236   -1   287   7
r  1701   1652   1752   7
r  189   240   191   7
c  436   -1   438   7
r  1901   1903   1852   7
c  1564   -1   1562   7
r  1661   1663   1610   7
r  190   139   239   7
r  93   142   91   7
c  240   -1   291   7
c  241   -1   290   7
c  487   -1   538   7
r  980   931   880   7
c  1905   -1   1805   7
c  1760   -1   1711   7
r  1663   1612   1665   7
r  1420   1520   1469   7
c  1568   -1   1468   7
r  43   92   94   7
r  1956   2005   1905   7
c  1908   -1   1957   7
c  1908   -1   1906   7
c  1715   -1   1666   7
r  1570   1670   1619   7
c  1080   -1   1131   7
r  1325   1274   1425   7
r  243   294   245   7
c  2006   -1   2008   7
r  2104   2204   2102   7
r  2151   2202   2153   7
r  1620   1622   1671   7
r  343   294   341   7
c  639   -1   688   7
c  639   -1   588   7
r  2056   2005   2058   7
r  2059   2110   2057   7
r  1768   1817   1819   7
c  1429   -1   1431   7
r  1281   1283   1232   7
c  346   -1   297   7
r  445   496   545   7
r  1134   1183   1136   7
r  1771   1720   1871   7
r  247   296   298   7
c  2257   -1   2308   7
r  2062   2162   2113   7
r  1774   1725   1723   7
c  1921   -1   1970   7
c  1333   -1   1233   7
r  249   198   200   7
r  99   48   199   7
r  644   593   642   7
r  694   745   594   7
r  2404   2402   2406   7
r  2401   2301   2352   7
r  2455   2406   2355   7
r  2407   2307   2356   7
c  1873   -1   1924   7
c  1775   -1   1824   7
r  1629   1580   1578   7
r  350   399   299   7
c  892   -1   843   7
c  598   -1   498   7
r  1336   1236   1387   7
c  2358   -1   2409   7
r  2359   2408   2357   7
r  2453   2353   2404   7
c  2454   -1   2403   7
c  2165   -1   2265   7
r  2168   2119   2117   7
c  1778   -1   1727   7
c  1435   -1   1384   7
r  1584   1633   1582   7
r  599   550   597   7
r  1140   1189   1089   7
c  2360   -1   2409   7
r  2313   2413   2315   7
c  2121   -1   2170   7
c  1486   -1   1537   7
c  1535   -1   1586   7
r  1733   1735   1784   7
r  650   699   648   7
c  848   -1   846   7
r  2459   2359   2410   7
r  2365   2416   2265   7
r  2219   2270   2217   7
c  2076   -1   2074   7
r  1193   1144   1093   7
r  2366   2315   2417   7
r  1096   996   1094   7
c  998   -1   949   7
c  2226   -1   2275   7
c  1835   -1   1786   7
r  2471   2420   2422   7
r  2374   2425   2372   7
c  2081   -1   2079   7
c  1886   -1   1937   7
c  1987   -1   1936   7
c  2232   -1   2281   7
c  2183   -1   2132   7
r  2136   2085   2134   7
c  1744   -1   1795   7
r  2479   2379   2430   7
r  2332   2283   2432   7
r  2235   2286   2335   7
r  2432   2430   2434   7
c  2334   -1   2385   7
r  1697   1695   1699   7
c  2482   -1   2433   7
c  2386   -1   2437   7
r  2241   2190   2141   7
c  2243   -1   2192   7
r  2438   2489   2436   7
r  1899   1999   1848   7
r  1850   1899   1799   7
r  2340   2291   2389   7
r  2441   2443   2341   7
r  2099   2199   1999   7
r  2149   2049   2198   7
r  2246   2295   2346   7
r  2247   2249   2196   7
c  2445   -1   2394   7
r  2249   2300   2349   7
r  2397   2348   2446   7
r  2446   2495   2395   7
r  2298   2249   2300   7
c  2497   -1   2448   7
r  2449   2447   2398   7
r  54   5   103   8
c  56   -1   54   8
r  303   354   252   8
r  58   109   9   8
c  402   -1   404   8
c  61   -1   12   8
c  502   -1   453   8
r  552   452   603   8
r  406   408   357   8
c  310   -1   308   8
c  651   -1   602   8
r  263   261   212   8
r  411   409   360   8
c  559   -1   610   8
r  68   70   168   8
r  660   711   709   8
c  74   -1   123   8
c  1005   -1   1007   8
r  664   613   615   8
r  175   224   126   8
c  813   -1   913   8
r  912   963   1012   8
r  618   667   616   8
c  620   -1   569   8
r  373   324   424   8
c  226   -1   177   8
c  622   -1   571   8
r  721   672   723   8
c  574   -1   625   8
c  574   -1   572   8
r  1403   1452   1352   8
r  919   868   970   8
c  83   -1   81   8
c  330   -1   281   8
c  526   -1   477   8
c  1404   -1   1402   8
c  1019   -1   968   8
c  579   -1   581   8
c  1217   -1   1219   8
r  186   188   86   8
r  384   433   435   8
r  1604   1653   1655   8
r  1703   1654   1752   8
c  1073   -1   1024   8
r  1220   1271   1269   8
r  1125   1176   1127   8
r  486   484   437   8
c  1369   -1   1318   8
r  1322   1373   1422   8
c  734   -1   834   8
r  339   337   239   8
c  192   -1   243   8
r  43   45   143   8
r  2002   2102   1953   8
c  2003   -1   1952   8
r  1712   1612   1710   8
r  1371   1369   1420   8
r  95   195   97   8
c  245   -1   294   8
c  2152   -1   2154   8
r  1718   1716   1818   8
c  1525   -1   1527   8
r  1182   1131   1231   8
c  345   -1   445   8
r  296   345   245   8
r  591   640   542   8
r  690   641   688   8
c  2010   -1   1961   8
c  2012   -1   1961   8
c  1817   -1   1815   8
r  1232   1230   1132   8
r  1331   1282   1380   8
c  936   -1   985   8
r  446   497   495   8
r  2303   2354   2403   8
r  2305   2354   2405   8
r  2301   2252   2401   8
r  2062   2013   2064   8
r  1820   1920   1769   8
c  1579   -1   1528   8
r  348   448   299   8
c  250   -1   299   8
c  2208   -1   2159   8
r  2354   2352   2403   8
r  2351   2302   2402   8
r  1918   1916   1867   8
c  2017   -1   2117   8
c  1822   -1   1771   8
c  1482   -1   1480   8
r  695   646   693   8
r  497   397   597   8
r  2455   2355   2406   8
c  1239   -1   1188   8
r  1336   1387   1385   8
c  892   -1   894   8
c  2408   -1   2459   8
c  2408   -1   2359   8
r  2456   2405   2454   8
r  2070   2019   2068   8
r  1924   1975   1922   8
c  1484   -1   1533   8
c  1240   -1   1238   8
r  2265   2314   2267   8
c  2314   -1   2365   8
r  2313   2315   2413   8
c  945   -1   947   8
r  896   996   947   8
c  1829   -1   1780   8
c  2460   -1   2360   8
c  2461   -1   2361   8
c  2123   -1   2023   8
c  2222   -1   2173   8
c  1586   -1   1686   8
r  1292   1294   1243   8
r  1834   1934   1883   8
r  799   848   748   8
r  800   749   798   8
r  2463   2412   2465   8
r  2366   2364   2415   8
c  2417   -1   2466   8
r  1785   1836   1685   8
r  1047   998   996   8
c  998   -1   1000   8
c  1540   -1   1440   8
r  2030   2081   2028   8
c  2419   -1   2370   8
c  2322   -1   2422   8
r  1787   1789   1687   8
r  1394   1443   1396   8
c  1395   -1   1495   8
r  1983   2083   2034   8
r  2471   2422   2420   8
r  2228   2277   2226   8
r  1986   2037   1937   8
r  2425   2376   2423   8
c  1692   -1   1592   8
r  2232   2283   2181   8
r  2379   2428   2479   8
r  2282   2331   2280   8
r  1399   1448   1348   8
r  1498   1549   1496   8
c  2429   -1   2427   8
r  2380   2429   2382   8
r  2040   2089   1991   8
r  2286   2335   2237   8
c  2285   -1   2385   8
r  1747   1796   1745   8
c  2141   -1   2041   8
r  2238   2187   2338   8
r  1697   1699   1648   8
r  1798   1747   1749   8
r  2485   2385   2434   8
r  2387   2338   2385   8
c  2486   -1   2437   8
c  1947   -1   2047   8
c  2294   -1   2243   8
r  2097   1997   2148   8
r  2345   2347   2445   8
r  2492   2392   2441   8
c  2200   -1   2149   8
c  2494   -1   2445   8
r  2496   2396   2447   8
c  2500   -1   2400   8
r  151   153   202   9
r  6   57   55   9
r  303   301   354   9
r  156   56   158   9
r  58   9   107   9
r  108   57   110   9
c  405   -1   505   9
r  456   458   356   9
r  505   507   605   9
r  259   210   308   9
r  310   361   210   9
r  113   64   115   9
c  457   -1   408   9
r  511   509   562   9
r  265   214   267   9
r  801   701   752   9
r  168   219   268   9
r  902   853   1002   9
r  121   170   172   9
c  417   -1   368   9
c  901   -1   903   9
r  903   1003   854   9
r  711   611   811   9
r  171   222   120   9
r  858   807   809   9
c  1003   -1   1052   9
c  812   -1   712   9
c  23   -1   123   9
c  617   -1   566   9
c  958   -1   1007   9
r  1104   1102   1204   9
r  519   521   470   9
c  470   -1   521   9
c  1105   -1   1056   9
c  1251   -1   1302   9
c  274   -1   276   9
r  28   77   128   9
c  1058   -1   1060   9
r  1301   1352   1252   9
r  277   326   228   9
r  29   31   80   9
r  821   772   721   9
r  1257   1259   1357   9
c  576   -1   574   9
c  872   -1   772   9
c  1212   -1   1261   9
c  1214   -1   1314   9
r  1504   1553   1453   9
c  1553   -1   1502   9
r  281   279   181   9
r  86   37   137   9
r  36   136   85   9
c  1070   -1   1021   9
c  1364   -1   1315   9
r  1701   1752   1652   9
r  334   283   385   9
c  285   -1   236   9
r  1655   1706   1755   9
r  1803   1852   1752   9
r  237   239   288   9
r  582   533   482   9
r  40   42   140   9
c  1609   -1   1607   9
c  1563   -1   1561   9
r  92   90   43   9
c  930   -1   879   9
r  832   830   783   9
c  1762   -1   1662   9
c  45   -1   96   9
r  833   884   835   9
c  1667   -1   1665   9
r  2104   2053   2106   9
r  2152   2252   2103   9
r  2151   2102   2202   9
r  392   390   292   9
r  97   46   148   9
r  836   787   834   9
r  1766   1715   1717   9
r  395   295   346   9
r  47   147   49   9
r  98   49   100   9
r  1478   1529   1429   9
c  2109   -1   2009   9
r  2303   2203   2254   9
r  591   540   593   9
c  839   -1   888   9
r  1135   1186   1035   9
r  2351   2402   2302   9
r  741   692   743   9
r  249   149   198   9
r  497   597   446   9
r  1578   1627   1678   9
c  1970   -1   1870   9
c  2259   -1   2208   9
r  2456   2407   2405   9
r  694   594   643   9
c  988   -1   990   9
r  399   499   299   9
r  1824   1875   1873   9
r  2211   2260   2262   9
c  992   -1   1041   9
r  500   449   549   9
c  450   -1   399   9
r  1386   1435   1335   9
r  2214   2314   2165   9
r  2313   2413   2262   9
r  2411   2362   2462   9
r  1142   1091   1093   9
c  798   -1   698   9
c  1879   -1   1877   9
r  1686   1637   1737   9
r  2319   2368   2419   9
c  1341   -1   1441   9
r  1539   1488   1490   9
r  2029   2080   1980   9
r  2174   2274   2176   9
r  2415   2315   2413   9
c  1442   -1   1542   9
r  1048   999   1148   9
r  1246   1195   1146   9
r  1492   1541   1543   9
r  2422   2371   2471   9
c  1098   -1   1147   9
r  1247   1196   1298   9
r  2326   2277   2375   9
r  2327   2376   2378   9
r  2475   2473   2424   9
c  1447   -1   1547   9
r  1546   1495   1446   9
c  2185   -1   2134   9
c  1989   -1   1987   9
r  2428   2430   2379   9
c  1596   -1   1496   9
r  1498   1449   1447   9
r  2381   2432   2330   9
c  1943   -1   1941   9
r  1696   1747   1698   9
r  2334   2385   2285   9
c  2480   -1   2429   9
r  2190   2290   2141   9
r  2485   2436   2385   9
r  2339   2390   2288   9
r  1899   1950   1799   9
c  2292   -1   2341   9
r  2343   2392   2243   9
r  2245   2296   2345   9
r  2149   2198   2147   9
r  2492   2443   2490   9
r  2346   2397   2446   9
r  2494   2445   2394   9
r  2249   2349   2300   9
r  2396   2398   2447   9
c  2495   -1   2444   9
c  2495   -1   2493   9
r  2497   2446   2397   9
r  2399   2499   2299   9
r  153   104   202   10
r  203   252   152   10
r  205   256   154   10
r  403   354   452   10
r  552   503   452   10
r  160   162   209   10
r  652   603   552   10
r  261   212   263   10
r  555   604   504   10
r  15   66   64   10
r  508   408   557   10
r  558   607   609   10
r  411   360   413   10
r  852   903   901   10
r  851   902   802   10
r  364   313   413   10
r  414   416   465   10
c  217   -1   268   10
r  317   266   368   10
r  1003   1052   1001   10
r  1052   1152   952   10
r  72   121   70   10
c  172   -1   123   10
r  22   122   73   10
r  565   614   516   10
r  762   711   811   10
r  857   757   908   10
r  124   75   24   10
r  76   78   125   10
r  568   668   619   10
r  471   522   422   10
r  912   863   963   10
r  1156   1154   1056   10
r  1353   1404   1453   10
r  915   1015   864   10
c  818   -1   869   10
c  1112   -1   1110   10
r  30   32   79   10
c  623   -1   574   10
c  623   -1   621   10
r  1016   967   1065   10
r  1209   1309   1160   10
r  1551   1602   1553   10
r  1601   1652   1552   10
r  430   481   428   10
c  1069   -1   1120   10
r  1361   1363   1412   10
r  87   38   187   10
r  775   826   675   10
r  677   577   728   10
r  727   627   725   10
c  1168   -1   1166   10
r  1022   1020   1024   10
c  1802   -1   1702   10
r  186   237   135   10
c  434   -1   485   10
r  1366   1415   1417   10
r  1074   1023   974   10
r  877   926   928   10
r  1608   1559   1610   10
r  1804   1802   1853   10
r  1901   1952   1801   10
r  682   582   731   10
c  1807   -1   1805   10
r  1952   1852   1903   10
c  1951   -1   1953   10
r  534   483   585   10
r  338   387   336   10
r  486   437   488   10
c  1027   -1   927   10
r  1028   977   928   10
r  241   290   141   10
r  192   241   143   10
r  1227   1127   1229   10
c  1811   -1   1862   10
r  341   390   290   10
r  637   686   688   10
r  2252   2254   2152   10
c  244   -1   344   10
r  196   194   147   10
r  1913   1964   1915   10
r  2354   2403   2254   10
r  1623   1674   1572   10
r  2402   2353   2351   10
r  2355   2404   2455   10
r  789   840   740   10
r  544   444   542   10
c  1916   -1   1914   10
c  2259   -1   2359   10
r  2407   2356   2409   10
c  397   -1   497   10
r  1774   1723   1725   10
r  990   992   1041   10
c  300   -1   298   10
r  548   599   499   10
r  350   348   399   10
r  1776   1727   1827   10
r  1968   1917   2068   10
r  991   942   993   10
c  1534   -1   1485   10
c  2266   -1   2315   10
r  2314   2365   2316   10
r  747   847   749   10
r  2463   2414   2363   10
c  946   -1   846   10
r  1829   1878   1831   10
r  1928   1979   2028   10
c  1976   -1   1927   10
c  1587   -1   1687   10
r  2416   2465   2365   10
r  2417   2419   2415   10
r  1390   1339   1341   10
r  1391   1389   1340   10
r  2029   1980   2129   10
c  1931   -1   1831   10
c  999   -1   1099   10
r  1195   1295   1095   10
r  1788   1790   1786   10
r  2470   2421   2419   10
r  1197   1248   1199   10
c  2080   -1   2180   10
r  2228   2177   2277   10
r  1298   1296   1249   10
r  1986   2035   2037   10
c  1841   -1   1941   10
r  1348   1448   1299   10
c  1595   -1   1644   10
r  2428   2479   2430   10
c  1300   -1   1349   10
r  1498   1496   1549   10
r  1942   2042   1891   10
r  2236   2136   2287   10
r  1845   1796   1794   10
r  1994   1894   1996   10
r  2092   2143   2090   10
c  1699   -1   1599   10
r  1896   1947   1847   10
r  2045   1996   2094   10
c  1849   -1   1749   10
r  1850   1950   1899   10
r  1899   1848   1948   10
r  2047   1996   2049   10
r  2098   2149   2047   10
r  2340   2391   2440   10
r  2439   2441   2490   10
c  2489   -1   2438   10
c  1900   -1   1949   10
c  2297   -1   2348   10
r  2445   2447   2443   10
c  2347   -1   2345   10
r  2398   2447   2498   10
r  2   102   53   11
r  103   52   154   11
r  106   157   55   11
r  108   157   57   11
c  256   -1   205   11
r  356   354   307   11
r  111   60   113   11
r  552   452   503   11
r  408   308   406   11
r  212   210   261   11
r  651   702   653   11
r  604   504   553   11
r  65   116   63   11
r  801   803   701   11
r  658   709   609   11
r  754   703   803   11
r  167   267   118   11
r  462   513   562   11
r  168   117   217   11
r  120   122   118   11
r  72   70   121   11
r  663   612   714   11
c  813   -1   762   11
r  1152   1252   1052   11
r  1104   1204   1102   11
c  1202   -1   1302   11
r  814   865   816   11
c  1010   -1   1008   11
r  915   917   815   11
r  178   129   127   11
c  818   -1   918   11
r  1111   1162   1211   11
r  1403   1401   1303   11
r  1451   1502   1402   11
c  179   -1   279   11
r  1602   1653   1502   11
r  82   33   131   11
r  1019   968   970   11
c  1165   -1   1163   11
r  1651   1653   1602   11
r  1506   1555   1455   11
c  873   -1   875   11
c  1264   -1   1266   11
r  283   332   183   11
r  529   578   580   11
r  530   481   630   11
r  235   186   135   11
r  533   535   582   11
r  38   89   138   11
c  90   -1   88   11
c  90   -1   92   11
r  1610   1659   1561   11
r  1368   1417   1468   11
r  1517   1568   1519   11
r  1567   1565   1518   11
r  1420   1469   1418   11
r  2152   2103   2052   11
c  389   -1   338   11
r  537   488   437   11
r  243   245   294   11
c  1080   -1   1129   11
r  1668   1619   1719   11
r  1620   1520   1571   11
r  1813   1764   1815   11
c  2010   -1   1910   11
r  246   197   248   11
r  148   199   48   11
r  1183   1283   1134   11
c  1476   -1   1527   11
r  1768   1717   1817   11
r  1818   1867   1767   11
r  2355   2306   2404   11
r  2307   2207   2305   11
r  2453   2455   2353   11
r  1723   1725   1672   11
r  1917   2017   1866   11
r  1965   2065   1967   11
r  2213   2162   2164   11
c  1434   -1   1483   11
r  2215   2266   2166   11
r  599   597   648   11
r  1239   1241   1139   11
r  2460   2409   2411   11
c  2412   -1   2463   11
c  1877   -1   1777   11
c  2464   -1   2466   11
r  1044   995   993   11
r  847   896   947   11
r  946   897   895   11
r  848   850   748   11
r  2073   2022   2173   11
r  2074   2123   2174   11
r  2367   2316   2418   11
r  2468   2466   2417   11
r  1393   1442   1293   11
r  2177   2226   2175   11
r  2321   2272   2372   11
r  1689   1740   1691   11
c  1443   -1   1492   11
r  2228   2226   2328   11
r  2373   2371   2375   11
r  1296   1196   1298   11
r  1594   1643   1543   11
r  2131   2231   2133   11
r  2279   2379   2277   11
r  2181   2081   2230   11
r  2424   2375   2426   11
r  1348   1299   1248   11
r  1399   1348   1397   11
r  2136   2134   2085   11
r  2183   2132   2185   11
c  2378   -1   2278   11
r  2428   2379   2426   11
r  1498   1549   1449   11
r  2282   2280   2331   11
r  2479   2477   2428   11
c  1944   -1   1895   11
r  1797   1848   1799   11
r  2485   2385   2436   11
r  1899   1799   1999   11
r  2388   2488   2439   11
c  2197   -1   2148   11
r  2495   2444   2395   11
r  2397   2395   2348   11
r  2447   2498   2449   11
c  51   -1   53   12
r  2   53   102   12
r  103   154   52   12
r  153   202   104   12
r  104   204   106   12
r  254   205   154   12
r  58   60   158   12
r  454   452   403   12
r  111   62   60   12
c  510   -1   512   12
r  165   214   116   12
c  166   -1   217   12
r  608   708   659   12
r  755   704   757   12
r  753   653   802   12
r  167   118   169   12
r  68   168   70   12
r  659   759   610   12
c  709   -1   809   12
r  805   754   854   12
r  367   416   365   12
r  1002   953   1051   12
r  122   171   73   12
r  418   518   367   12
r  761   661   763   12
r  1003   1001   903   12
c  173   -1   222   12
r  174   172   123   12
r  864   815   964   12
r  1009   1007   958   12
c  570   -1   621   12
c  1254   -1   1305   12
r  1353   1402   1404   12
r  178   127   129   12
r  129   180   80   12
c  375   -1   326   12
r  30   79   28   12
r  1015   966   1013   12
r  1354   1303   1352   12
r  1016   916   1067   12
c  868   -1   919   12
r  1162   1213   1111   12
r  920   922   969   12
c  1505   -1   1503   12
r  1601   1552   1652   12
r  578   627   576   12
c  381   -1   481   12
c  332   -1   330   12
r  33   31   82   12
r  34   32   85   12
r  1118   1069   1169   12
r  1215   1264   1266   12
c  1409   -1   1309   12
r  1655   1755   1706   12
r  1803   1754   1703   12
r  433   435   482   12
c  434   -1   483   12
c  1026   -1   975   12
r  89   87   140   12
c  1560   -1   1511   12
r  1905   1856   1907   12
r  2001   1952   2003   12
r  2102   2051   2002   12
c  683   -1   634   12
r  238   187   338   12
r  534   583   536   12
r  191   240   91   12
r  1467   1518   1418   12
r  1322   1422   1324   12
r  1809   1858   1758   12
r  2006   1957   1906   12
r  1081   1181   1032   12
r  1424   1426   1422   12
r  588   590   539   12
r  1618   1669   1718   12
r  1764   1762   1864   12
r  1959   1908   1910   12
c  1131   -1   1182   12
r  2304   2302   2255   12
r  2303   2254   2354   12
r  2256   2307   2356   12
r  492   541   494   12
r  443   441   494   12
c  444   -1   395   12
c  444   -1   544   12
r  295   344   395   12
r  394   445   294   12
r  1281   1332   1283   12
r  2306   2257   2357   12
r  2402   2302   2353   12
r  887   938   889   12
r  1085   985   1134   12
r  148   48   146   12
r  47   96   98   12
r  1722   1720   1771   12
r  1087   1038   1089   12
r  545   494   543   12
r  496   494   547   12
r  1920   2020   1969   12
r  2115   2117   2064   12
r  1039   939   1090   12
r  548   499   648   12
r  2116   2067   2065   12
r  2460   2411   2409   12
r  941   939   1041   12
r  1386   1337   1286   12
r  598   547   698   12
r  500   549   449   12
c  400   -1   300   12
r  1584   1684   1633   12
r  2463   2363   2414   12
c  943   -1   945   12
r  1779   1781   1730   12
r  747   698   798   12
c  2464   -1   2415   12
r  2465   2467   2416   12
r  994   945   992   12
c  1976   -1   1978   12
r  2319   2419   2368   12
c  2272   -1   2372   12
r  2270   2370   2268   12
r  1736   1687   1636   12
c  1294   -1   1343   12
r  1293   1244   1342   12
r  1639   1690   1739   12
r  1442   1342   1493   12
r  1492   1441   1541   12
r  2373   2375   2424   12
r  1299   1248   1199   12
r  1300   1249   1298   12
r  2282   2382   2280   12
r  1939   1839   1990   12
r  2379   2430   2428   12
r  2089   2038   2140   12
r  2435   2486   2433   12
r  1747   1745   1796   12
c  2291   -1   2242   12
c  2291   -1   2191   12
r  2439   2390   2437   12
r  2341   2392   2290   12
r  2098   2049   2198   12
r  2246   2297   2295   12
r  2495   2493   2444   12
r  2298   2300   2249   12
r  2349   2449   2398   12
r  2398   2498   2447   12
c  2498   -1   2447   12
r  2   51   53   13
r  103   52   154   13
r  201   152   203   13
r  204   155   153   13
r  57   106   6   13
r  253   302   353   13
r  107   7   207   13
r  159   208   59   13
r  111   113   62   13
r  553   502   551   13
r  507   607   456   13
r  651   602   702   13
c  655   -1   555   13
r  752   803   652   13
c  363   -1   463   13
c  363   -1   361   13
r  608   659   610   13
r  754   803   703   13
r  852   901   752   13
r  804   904   855   13
r  513   464   462   13
c  661   -1   659   13
c  271   -1   269   13
r  72   21   70   13
r  761   763   710   13
r  1055   1053   1106   13
r  371   271   422   13
r  76   176   74   13
r  127   129   125   13
r  1252   1303   1254   13
r  865   765   814   13
c  375   -1   424   13
r  524   475   522   13
r  80   31   82   13
c  278   -1   329   13
r  1403   1303   1503   13
r  476   576   525   13
r  575   577   475   13
r  180   178   129   13
r  1209   1160   1258   13
r  1306   1357   1308   13
r  1259   1308   1257   13
r  920   969   871   13
r  1604   1606   1553   13
r  774   825   823   13
c  429   -1   431   13
r  133   135   182   13
c  134   -1   234   13
r  233   133   182   13
c  1360   -1   1358   13
r  1458   1460   1358   13
r  1068   1066   1117   13
r  1215   1213   1164   13
r  1654   1603   1652   13
r  628   630   528   13
r  875   926   826   13
r  1803   1703   1852   13
c  1706   -1   1757   13
c  531   -1   580   13
r  483   583   534   13
r  1072   1021   1070   13
c  1756   -1   1705   13
r  1708   1657   1808   13
r  1075   1024   1124   13
r  286   337   288   13
r  239   241   237   13
r  1659   1759   1610   13
r  1224   1275   1273   13
r  388   337   288   13
r  142   191   144   13
r  92   143   141   13
r  1467   1418   1518   13
r  2054   2103   2052   13
r  2104   2102   2053   13
r  340   389   338   13
r  192   243   141   13
r  2155   2206   2055   13
r  2254   2305   2203   13
r  2207   2209   2107   13
r  2402   2353   2302   13
r  543   592   443   13
r  2354   2254   2403   13
r  1085   1036   1185   13
r  1576   1676   1527   13
c  1233   -1   1284   13
c  1233   -1   1235   13
r  2310   2261   2259   13
r  2457   2455   2408   13
r  2114   2165   2163   13
r  1088   1039   1090   13
r  398   449   298   13
r  2165   2265   2065   13
r  2020   2120   1969   13
r  1776   1827   1727   13
r  1631   1582   1680   13
r  500   449   549   13
c  1876   -1   1925   13
r  2312   2412   2363   13
r  845   847   894   13
r  2121   2221   2123   13
r  1584   1582   1684   13
r  1535   1586   1486   13
r  2366   2415   2317   13
r  2269   2369   2320   13
r  1194   1145   1245   13
r  1390   1439   1339   13
r  1735   1686   1737   13
r  900   949   898   13
r  998   949   898   13
r  1244   1344   1293   13
r  1097   1148   1197   13
r  2421   2372   2370   13
c  2080   -1   2129   13
r  1935   1984   1937   13
r  2276   2376   2325   13
c  2472   -1   2421   13
r  2326   2377   2324   13
r  1741   1692   1739   13
r  2373   2424   2473   13
r  2475   2424   2426   13
r  1398   1298   1347   13
r  1497   1548   1397   13
r  2329   2331   2378   13
r  2330   2328   2281   13
r  1939   1941   1937   13
c  2476   -1   2427   13
r  2428   2426   2328   13
r  2380   2331   2429   13
r  2236   2187   2185   13
r  1992   1941   1990   13
r  2089   1989   2138   13
r  1599   1550   1648   13
r  2482   2484   2431   13
r  1844   1793   1795   13
c  1944   -1   1946   13
r  2289   2389   2189   13
r  1797   1748   1897   13
r  2240   2289   2140   13
r  2387   2385   2338   13
r  2045   1994   2096   13
r  1798   1796   1747   13
c  1898   -1   1949   13
c  2146   -1   2097   13
r  2293   2244   2344   13
r  2048   1999   1997   13
c  2050   -1   1999   13
r  2493   2444   2495   13
r  2149   2249   2198   13
r  2399   2448   2348   13
r  201   301   152   14
r  202   302   102   14
r  105   56   54   14
r  253   202   302   14
r  58   158   9   14
r  306   255   406   14
r  159   210   108   14
r  502   602   402   14
c  308   -1   408   14
r  454   403   452   14
r  504   455   506   14
c  455   -1   555   14
r  507   456   407   14
r  262   311   362   14
r  753   802   653   14
r  463   465   414   14
r  366   317   368   14
c  708   -1   706   14
r  852   752   903   14
r  853   855   902   14
r  320   371   269   14
r  1052   952   1003   14
r  223   225   123   14
r  957   1006   1008   14
r  1105   1154   1107   14
r  1009   1058   960   14
r  373   424   371   14
r  28   79   77   14
r  1205   1254   1105   14
r  1402   1453   1353   14
r  572   672   621   14
r  375   424   426   14
r  1304   1355   1404   14
r  1452   1503   1403   14
r  181   183   232   14
r  133   184   82   14
r  920   871   969   14
r  578   629   627   14
r  1167   1165   1116   14
c  824   -1   924   14
r  234   232   236   14
r  238   289   236   14
r  878   978   927   14
c  2004   -1   2006   14
r  1565   1563   1465   14
r  732   734   681   14
r  831   731   931   14
c  1027   -1   1029   14
r  191   91   142   14
r  41   92   141   14
r  734   683   785   14
r  1225   1274   1325   14
c  685   -1   585   14
c  587   -1   636   14
r  93   91   142   14
r  144   95   193   14
r  1567   1516   1569   14
c  1276   -1   1278   14
r  1178   1227   1129   14
r  489   440   538   14
r  541   592   492   14
r  1912   1910   1861   14
r  2108   2157   2208   14
c  2109   -1   2111   14
r  2060   2058   2009   14
r  1084   1133   1035   14
r  46   95   97   14
r  147   198   98   14
r  2402   2302   2353   14
r  790   839   739   14
r  198   200   298   14
r  2162   2164   2262   14
r  1919   1968   1921   14
r  348   299   350   14
r  447   547   498   14
r  1480   1429   1580   14
r  2408   2459   2406   14
c  1677   -1   1777   14
r  1629   1627   1580   14
r  991   1042   942   14
r  1630   1681   1730   14
r  2459   2410   2359   14
r  2362   2364   2262   14
r  2215   2166   2213   14
r  746   744   846   14
r  499   448   399   14
r  500   498   449   14
r  2265   2214   2165   14
r  2313   2262   2364   14
r  2314   2316   2265   14
r  1878   1880   1876   14
r  699   748   650   14
c  550   -1   599   14
c  897   -1   797   14
r  849   798   898   14
r  800   798   749   14
r  2226   2275   2224   14
r  1048   1148   1099   14
r  2373   2422   2371   14
r  1246   1146   1248   14
r  1443   1441   1543   14
r  2327   2278   2227   14
r  2424   2426   2375   14
r  2425   2423   2376   14
r  2328   2277   2330   14
c  1495   -1   1546   14
r  2137   2086   2037   14
r  1498   1447   1549   14
r  2233   2333   2184   14
r  2039   2037   2090   14
r  2334   2285   2385   14
r  1895   1946   1893   14
r  1944   1895   1995   14
c  2337   -1   2388   14
r  2485   2434   2385   14
r  2486   2437   2435   14
r  1850   1899   1848   14
r  2389   2338   2438   14
r  2097   2148   2095   14
r  2196   2198   2096   14
r  2048   1997   1999   14
r  2245   2345   2243   14
r  2343   2243   2394   14
r  2396   2447   2394   14
r  2347   2396   2398   14
r  2497   2448   2446   14
r  2498   2447   2398   14
r  103   154   52   15
r  156   107   207   15
r  304   355   306   15
r  403   452   401   15
c  354   -1   403   15
c  355   -1   357   15
r  502   453   602   15
r  405   456   407   15
r  554   605   552   15
r  411   460   311   15
r  851   853   902   15
r  758   658   858   15
r  906   957   904   15
r  122   73   120   15
r  171   120   220   15
r  72   70   123   15
r  1001   952   1052   15
c  910   -1   861   15
r  1153   1202   1053   15
c  1151   -1   1153   15
r  174   123   74   15
c  1107   -1   1158   15
c  1254   -1   1354   15
c  1303   -1   1252   15
r  1301   1252   1352   15
r  1402   1353   1453   15
c  1351   -1   1402   15
r  1403   1503   1401   15
r  1160   1211   1260   15
r  31   131   80   15
r  1211   1162   1311   15
r  133   82   131   15
r  921   870   919   15
r  1601   1652   1701   15
c  184   -1   133   15
r  1703   1754   1654   15
r  775   824   826   15
r  334   385   285   15
c  1119   -1   1117   15
r  1803   1852   1703   15
r  1755   1706   1655   15
r  580   680   631   15
r  434   485   534   15
r  1707   1758   1807   15
c  1609   -1   1658   15
r  1075   1124   1126   15
r  583   532   483   15
c  39   -1   90   15
r  337   386   237   15
r  1270   1321   1319   15
r  1905   1805   1856   15
r  731   680   733   15
r  682   680   582   15
r  1614   1665   1565   15
r  144   195   93   15
r  341   292   392   15
r  243   194   245   15
r  45   96   43   15
r  343   292   294   15
c  1423   -1   1323   15
r  933   931   982   15
r  1912   1961   1910   15
r  2352   2303   2354   15
r  984   1033   1084   15
r  1574   1525   1572   15
r  47   49   147   15
r  2402   2353   2404   15
r  1625   1627   1725   15
r  148   146   199   15
r  49   149   98   15
r  2064   1964   2113   15
r  1087   1089   1038   15
r  497   448   597   15
r  2407   2409   2307   15
c  2311   -1   2211   15
r  1137   1086   1188   15
c  547   -1   598   15
r  1631   1680   1633   15
r  2459   2461   2408   15
r  1337   1288   1339   15
r  2266   2166   2317   15
r  1926   1975   1877   15
r  699   650   599   15
r  2269   2318   2169   15
r  2270   2268   2219   15
c  997   -1   1097   15
c  750   -1   699   15
r  2125   2176   2074   15
r  1097   1099   1046   15
r  2422   2471   2371   15
c  2325   -1   2225   15
c  2325   -1   2274   15
r  1492   1543   1592   15
r  2377   2428   2326   15
r  2331   2431   2380   15
c  1988   -1   1986   15
r  1350   1348   1299   15
r  2379   2479   2328   15
c  2478   -1   2378   15
r  1498   1449   1447   15
c  2430   -1   2432   15
r  2089   2138   2038   15
r  2432   2481   2383   15
r  2482   2433   2382   15
r  2334   2283   2434   15
r  2190   2239   2090   15
r  1649   1700   1549   15
r  1697   1748   1699   15
r  2240   2140   2191   15
r  2094   1994   2096   15
r  2096   2047   2147   15
c  2392   -1   2394   15
r  2149   2147   2098   15
r  2199   2250   2299   15
r  2297   2299   2397   15
r  2395   2295   2397   15
c  2300   -1   2298   15
r  2399   2299   2397   15
r  202   251   302   16
r  203   154   205   16
c  5   -1   54   16
r  155   55   106   16
r  206   306   257   16
r  157   206   108   16
r  451   402   551   16
r  552   503   452   16
r  61   59   110   16
r  358   458   407   16
r  359   410   459   16
r  504   453   455   16
r  65   63   116   16
r  606   506   555   16
r  165   116   114   16
r  215   166   164   16
r  15   64   66   16
r  853   904   802   16
r  708   706   659   16
c  170   -1   121   16
r  416   516   367   16
r  1001   901   1003   16
r  663   563   665   16
c  812   -1   814   16
r  1103   1054   1052   16
r  909   1009   958   16
r  1057   1106   1008   16
c  1059   -1   1008   16
r  25   125   23   16
r  127   27   129   16
r  77   26   75   16
c  765   -1   865   16
r  1303   1252   1354   16
r  1402   1453   1353   16
r  472   421   372   16
r  817   766   819   16
r  179   228   128   16
c  867   -1   818   16
r  672   723   721   16
r  1604   1655   1504   16
r  1018   969   1067   16
r  1019   919   1021   16
r  1457   1508   1506   16
r  35   135   86   16
r  185   136   236   16
r  1753   1702   1802   16
r  36   85   136   16
r  37   88   86   16
r  1072   1070   1021   16
r  1463   1465   1512   16
r  1366   1466   1368   16
r  286   288   237   16
r  1320   1369   1318   16
r  1369   1318   1269   16
r  878   927   778   16
r  1708   1706   1757   16
r  387   436   338   16
r  191   142   240   16
r  389   440   340   16
c  1226   -1   1277   16
r  1567   1518   1667   16
r  1422   1471   1322   16
r  97   148   197   16
r  147   149   198   16
r  984   1084   1033   16
r  1378   1327   1427   16
r  2354   2405   2305   16
r  1965   1916   1865   16
r  1820   1769   1818   16
r  544   495   493   16
r  198   298   247   16
r  49   100   149   16
r  1330   1379   1430   16
r  643   645   592   16
r  545   496   494   16
r  644   744   593   16
c  1579   -1   1530   16
r  2212   2163   2161   16
r  694   643   745   16
r  941   1041   939   16
r  1824   1873   1875   16
r  2214   2216   2265   16
r  2459   2408   2410   16
r  2362   2413   2411   16
r  549   449   598   16
r  844   846   795   16
r  1092   1143   1041   16
r  699   697   748   16
r  1485   1385   1483   16
r  1289   1238   1338   16
r  1339   1439   1388   16
r  1242   1193   1142   16
c  1488   -1   1539   16
r  2417   2415   2419   16
r  2419   2468   2319   16
r  2126   2177   2075   16
r  1880   1780   1831   16
r  1637   1586   1686   16
r  2372   2423   2421   16
r  1048   1097   1148   16
r  2426   2375   2428   16
c  1200   -1   1249   16
r  1398   1349   1298   16
c  1400   -1   1398   16
r  1744   1795   1644   16
r  1647   1698   1747   16
r  2044   2095   1995   16
r  1896   1847   1845   16
r  1997   1948   2048   16
r  1848   1748   1897   16
r  1849   1749   1898   16
r  2050   2099   2048   16
r  2395   2397   2295   16
r  2150   2148   2199   16
r  2349   2398   2249   16
r  2399   2397   2448   16
r  2498   2398   2447   16
r  105   54   56   17
r  57   8   106   17
r  107   158   156   17
r  503   452   552   17
r  113   62   64   17
r  802   702   804   17
r  412   463   414   17
r  1002   1102   1053   17
r  857   908   757   17
r  759   757   710   17
r  1051   1151   1053   17
r  957   1008   1006   17
r  467   518   516   17
r  1103   1052   1054   17
c  1154   -1   1105   17
r  25   23   125   17
r  76   74   176   17
r  26   28   77   17
c  620   -1   571   17
r  1253   1302   1202   17
c  79   -1   28   17
r  80   82   131   17
r  525   574   576   17
r  476   527   576   17
r  674   725   774   17
r  1504   1404   1553   17
r  1552   1652   1503   17
r  1604   1504   1602   17
r  185   236   183   17
r  1803   1703   1854   17
r  1658   1707   1558   17
c  1806   -1   1706   17
r  533   582   584   17
r  238   236   289   17
r  190   192   290   17
c  1904   -1   1953   17
c  2051   -1   2102   17
r  1614   1565   1514   17
r  1470   1419   1468   17
r  2102   2002   2151   17
r  2153   2104   2053   17
r  1227   1327   1278   17
r  1472   1572   1421   17
r  686   688   637   17
r  343   341   394   17
r  933   882   1033   17
r  2201   2152   2252   17
r  148   199   146   17
r  2304   2255   2404   17
r  2353   2302   2402   17
r  1576   1627   1476   17
r  1135   1035   1186   17
r  1918   1869   1916   17
r  938   889   887   17
r  249   200   149   17
r  1234   1134   1285   17
r  1873   1924   1871   17
r  398   498   449   17
r  548   448   497   17
r  1776   1727   1774   17
r  2456   2454   2356   17
r  2070   2121   2072   17
r  844   795   744   17
r  2072   2023   2121   17
r  2313   2362   2315   17
r  2314   2363   2365   17
r  2220   2320   2269   17
r  946   846   1046   17
r  650   648   699   17
r  750   699   748   17
r  1782   1780   1733   17
r  2465   2416   2365   17
c  1636   -1   1685   17
r  1881   1781   1830   17
r  2128   2079   2077   17
r  1983   2034   1932   17
c  1540   -1   1640   17
r  2423   2472   2372   17
r  2132   2181   2032   17
r  1741   1739   1790   17
r  2380   2429   2280   17
c  2283   -1   2281   17
r  1990   1890   2041   17
r  1498   1549   1449   17
r  2481   2430   2432   17
r  1844   1893   1793   17
r  2386   2384   2435   17
r  2240   2191   2140   17
r  2241   2290   2243   17
r  2340   2389   2338   17
r  1848   1897   1748   17
r  2298   2249   2347   17
r  2497   2446   2448   17
r  4   104   55   18
r  103   52   101   18
r  153   102   53   18
r  105   56   54   18
r  352   403   303   18
r  58   107   109   18
r  304   302   253   18
r  503   501   452   18
r  554   556   605   18
r  461   412   361   18
r  901   952   852   18
r  953   902   1002   18
r  1001   1003   952   18
r  565   516   614   18
r  959   1008   1010   18
r  1205   1154   1254   18
r  126   26   226   18
r  1301   1352   1252   18
r  916   965   865   18
r  180   131   182   18
r  277   328   326   18
r  1014   963   914   18
r  1211   1311   1162   18
r  231   282   180   18
r  133   131   233   18
r  85   87   185   18
r  1554   1454   1505   18
r  1166   1266   1164   18
r  1019   1021   1070   18
r  186   86   137   18
r  335   435   286   18
r  1754   1752   1703   18
r  1803   1854   1703   18
r  1608   1610   1657   18
r  777   826   779   18
r  385   285   336   18
r  1517   1519   1568   18
r  241   141   239   18
r  290   288   241   18
r  1322   1324   1273   18
c  1077   -1   1126   18
r  979   1030   981   18
r  2152   2154   2201   18
r  1716   1714   1667   18
r  391   440   342   18
r  194   294   145   18
r  1227   1278   1178   18
r  2056   2107   2007   18
r  1717   1817   1617   18
r  1472   1421   1572   18
r  96   145   94   18
r  2156   2107   2158   18
r  2254   2203   2252   18
r  2205   2154   2156   18
r  2206   2208   2155   18
r  1814   1863   1914   18
r  1912   1910   1961   18
r  1669   1718   1769   18
r  148   150   97   18
r  887   889   885   18
r  198   247   298   18
r  1331   1382   1431   18
r  2355   2455   2357   18
r  2062   2064   2111   18
r  1722   1771   1724   18
r  1085   1185   1136   18
r  1184   1233   1284   18
r  448   397   499   18
r  2454   2403   2354   18
r  2453   2353   2402   18
r  2020   2022   2071   18
r  2361   2410   2359   18
r  2115   2064   2117   18
r  1631   1633   1731   18
r  2363   2414   2361   18
c  2264   -1   2364   18
r  796   798   896   18
r  747   749   698   18
r  1435   1384   1386   18
r  1779   1730   1679   18
c  1240   -1   1291   18
r  2366   2317   2368   18
r  1635   1633   1684   18
r  1241   1243   1292   18
r  2418   2318   2416   18
r  2321   2370   2421   18
r  949   898   998   18
r  2276   2274   2176   18
r  2278   2280   2227   18
r  2373   2371   2422   18
r  2426   2428   2375   18
r  1248   1297   1299   18
r  1838   1887   1787   18
r  1841   1941   1890   18
r  1987   1985   2038   18
c  2478   -1   2427   18
r  2136   2085   2134   18
r  1300   1298   1249   18
r  1498   1449   1496   18
r  1450   1499   1399   18
r  2481   2432   2430   18
r  2482   2431   2433   18
r  1993   2042   2044   18
r  1649   1549   1749   18
r  2093   2193   2044   18
r  2485   2385   2434   18
r  2339   2288   2390   18
r  2144   2244   2146   18
r  2245   2294   2194   18
r  2296   2345   2347   18
r  2197   2148   2248   18
r  2492   2441   2443   18
r  2395   2295   2397   18
r  2494   2394   2445   18
r  2499   2448   2399   18
r  103   152   52   19
r  5   54   3   19
r  154   54   103   19
c  251   -1   151   19
r  106   55   157   19
r  304   306   302   19
r  502   602   553   19
r  405   505   403   19
r  210   261   212   19
r  160   209   211   19
r  456   407   405   19
r  358   409   356   19
r  113   115   62   19
r  803   703   903   19
r  265   216   214   19
r  117   119   66   19
r  118   67   218   19
r  708   659   608   19
r  901   903   952   19
r  711   760   709   19
r  1055   1106   1057   19
r  515   615   564   19
r  761   712   759   19
r  1103   1003   1152   19
r  171   71   122   19
r  174   223   123   19
r  620   571   720   19
r  29   78   129   19
r  30   81   32   19
r  82   84   80   19
r  1018   1067   969   19
r  1555   1604   1504   19
r  824   924   775   19
r  1605   1554   1603   19
c  1751   -1   1802   19
r  1364   1413   1264   19
r  1410   1412   1461   19
r  727   725   627   19
r  37   35   137   19
r  186   137   237   19
c  1024   -1   1075   19
r  38   138   87   19
r  1123   1074   1072   19
r  1952   1903   2001   19
r  1660   1662   1711   19
r  1223   1323   1172   19
r  633   582   682   19
r  143   141   194   19
r  1028   928   977   19
c  1421   -1   1419   19
r  636   685   585   19
r  393   344   342   19
r  1278   1327   1227   19
r  2254   2252   2203   19
r  1912   1961   1910   19
r  1670   1621   1719   19
r  1377   1328   1477   19
r  295   395   344   19
r  2257   2357   2259   19
r  1965   1865   1916   19
r  2015   2066   1915   19
r  99   199   48   19
c  1429   -1   1480   19
r  2354   2403   2405   19
c  2209   -1   2109   19
r  2356   2307   2407   19
r  1723   1674   1772   19
r  1576   1527   1525   19
r  937   837   888   19
r  1135   1186   1184   19
c  397   -1   399   19
r  2163   2214   2063   19
c  1675   -1   1677   19
r  2114   2163   2165   19
c  498   -1   500   19
c  2216   -1   2218   19
r  549   598   449   19
r  599   648   597   19
r  1681   1679   1781   19
r  2075   1975   2175   19
r  2124   2126   2075   19
r  1536   1534   1485   19
r  2320   2271   2420   19
r  2417   2419   2415   19
r  2125   2074   2176   19
r  1438   1338   1389   19
r  2371   2420   2369   19
r  1736   1787   1687   19
r  2177   2175   2226   19
r  1048   1148   999   19
r  1885   1985   1936   19
r  2278   2227   2327   19
r  1740   1791   1689   19
r  2381   2430   2432   19
r  1595   1495   1593   19
r  1398   1298   1447   19
r  1497   1499   1495   19
c  1449   -1   1498   19
r  2333   2284   2384   19
r  1597   1546   1648   19
r  1598   1549   1547   19
r  1550   1450   1599   19
r  1844   1795   1893   19
r  1895   1897   1846   19
r  1845   1894   1796   19
r  2043   2094   1943   19
r  2337   2388   2437   19
r  2485   2436   2385   19
r  1798   1749   1698   19
r  1749   1698   1747   19
r  2242   2191   2240   19
r  1849   1898   1749   19
r  2050   1999   2099   19
r  2346   2446   2397   19
r  2297   2348   2299   19
r  2396   2394   2447   19
r  2398   2447   2349   19
r  2498   2449   2398   19
r  2499   2399   2448   19
r  103   101   152   20
r  4   53   104   20
r  301   352   303   20
r  254   154   205   20
r  452   501   403   20
r  10   59   8   20
r  406   357   506   20
r  554   605   503   20
r  702   751   602   20
c  701   -1   652   20
r  311   362   309   20
r  65   116   67   20
r  167   218   118   20
r  416   365   414   20
r  808   757   708   20
r  951   902   953   20
r  174   123   125   20
r  1302   1351   1253   20
r  815   764   864   20
r  472   423   421   20
r  1259   1257   1159   20
r  30   28   79   20
r  277   326   177   20
c  1356   -1   1305   20
r  81   79   30   20
r  772   823   774   20
r  1551   1553   1602   20
r  1504   1453   1502   20
r  821   770   772   20
r  378   380   329   20
r  280   331   278   20
c  83   -1   134   20
r  84   135   82   20
r  1215   1164   1315   20
r  1019   1070   1021   20
r  972   974   1021   20
r  973   1024   1022   20
r  283   183   332   20
c  1222   -1   1224   20
r  139   90   88   20
r  2102   2151   2002   20
r  929   1029   880   20
r  2152   2201   2154   20
r  2103   2003   2203   20
c  2101   -1   2152   20
r  635   586   633   20
r  341   392   441   20
r  1030   1081   979   20
r  193   142   244   20
c  1130   -1   1179   20
r  196   245   194   20
r  393   442   344   20
r  2303   2354   2352   20
r  2304   2353   2302   20
r  47   98   96   20
r  246   346   197   20
r  1133   1033   1082   20
r  2160   2209   2109   20
r  2403   2401   2354   20
r  2453   2402   2353   20
r  2307   2358   2356   20
r  2308   2357   2208   20
c  2013   -1   2015   20
r  1674   1774   1676   20
r  1576   1476   1527   20
r  1085   1134   1083   20
r  2211   2262   2162   20
r  842   791   840   20
r  2459   2410   2457   20
r  1775   1875   1826   20
r  1138   1038   1238   20
r  349   400   398   20
r  2312   2363   2412   20
r  2263   2314   2265   20
c  2458   -1   2460   20
r  2217   2117   2268   20
r  2314   2365   2363   20
r  943   945   843   20
r  1042   942   991   20
r  697   648   597   20
r  550   599   548   20
r  648   597   599   20
r  2363   2361   2414   20
r  1927   2027   1876   20
r  2073   2124   2022   20
r  2074   2072   2123   20
c  2467   -1   2418   20
r  1390   1341   1439   20
r  847   947   896   20
r  750   748   699   20
r  2029   2129   1980   20
r  849   898   949   20
r  949   1000   898   20
r  1097   1197   1148   20
r  1736   1687   1738   20
r  1294   1343   1296   20
r  900   898   949   20
r  1049   1100   1098   20
r  2277   2226   2328   20
r  1249   1349   1149   20
r  1348   1397   1399   20
r  1741   1790   1841   20
c  1448   -1   1399   20
c  2430   -1   2381   20
r  1596   1545   1547   20
r  1548   1499   1599   20
r  2333   2335   2284   20
r  2481   2483   2432   20
r  2482   2433   2431   20
r  1795   1793   1695   20
r  2435   2484   2335   20
r  1945   1943   1994   20
r  1749   1747   1698   20
r  2097   2095   2099   20
r  2395   2397   2295   20
r  2494   2445   2394   20
r  2449   2398   2498   20
r  4   104   6   21
r  202   102   251   21
r  203   205   154   21
r  154   152   54   21
r  105   154   205   21
r  58   9   7   21
r  304   302   353   21
c  158   -1   107   21
r  59   57   10   21
r  63   12   61   21
r  652   703   601   21
r  606   557   608   21
r  410   459   361   21
r  65   67   116   21
r  165   216   116   21
r  411   311   511   21
r  751   651   702   21
r  265   214   216   21
r  120   71   69   21
r  901   952   903   21
r  515   564   517   21
r  1052   1003   952   21
r  1103   1152   1003   21
r  72   121   70   21
r  320   269   220   21
r  174   125   123   21
r  1158   1207   1156   21
c  27   -1   76   21
c  475   -1   524   21
r  81   30   79   21
r  622   571   722   21
r  1163   1112   1114   21
r  230   281   181   21
r  1405   1407   1456   21
r  1361   1412   1461   21
r  920   969   918   21
r  133   182   82   21
r  232   332   283   21
r  1601   1603   1652   21
r  1411   1460   1409   21
r  825   776   774   21
r  726   826   724   21
r  381   330   332   21
r  333   282   284   21
r  1752   1652   1701   21
r  186   135   86   21
r  1754   1705   1854   21
r  1414   1314   1363   21
r  1271   1273   1320   21
r  536   487   538   21
r  1467   1469   1418   21
c  1471   -1   1520   21
r  439   488   539   21
r  1907   2007   1856   21
r  2103   2154   2152   21
r  1373   1324   1422   21
r  1178   1229   1176   21
r  94   194   92   21
r  341   441   392   21
r  1521   1472   1470   21
r  783   834   734   21
r  489   589   487   21
r  2201   2203   2152   21
r  1668   1717   1619   21
r  2156   2154   2107   21
r  2205   2156   2154   21
c  2302   -1   2353   21
r  2254   2203   2305   21
r  1962   2013   1911   21
r  1670   1719   1621   21
r  96   94   98   21
r  147   98   149   21
r  2303   2403   2354   21
r  1966   1915   1866   21
r  1133   1082   1084   21
r  47   96   98   21
r  99   48   97   21
r  544   542   495   21
r  1135   1084   1035   21
r  2403   2352   2401   21
r  1283   1232   1183   21
r  249   149   200   21
r  2211   2162   2260   21
r  2112   2061   2163   21
r  2456   2405   2407   21
r  448   446   450   21
r  1237   1188   1137   21
c  400   -1   349   21
r  2072   2123   2074   21
r  1730   1681   1830   21
r  1484   1533   1486   21
r  2025   2076   2074   21
r  1142   1042   1091   21
r  2463   2414   2363   21
r  799   748   699   21
r  1390   1439   1490   21
r  1095   1146   995   21
r  2125   2176   2076   21
r  1145   1245   1194   21
r  1245   1196   1294   21
r  1049   1098   998   21
c  1886   -1   1884   21
r  1543   1494   1492   21
c  2378   -1   2380   21
r  2379   2428   2377   21
r  2231   2182   2180   21
r  1398   1347   1349   21
r  1497   1495   1446   21
r  1499   1399   1497   21
r  2140   2091   2040   21
r  1993   2093   1944   21
r  1845   1796   1745   21
r  2484   2384   2435   21
r  1797   1897   1748   21
r  2437   2435   2486   21
r  1997   1897   1948   21
r  2244   2295   2246   21
r  2049   1998   2098   21
r  2395   2295   2393   21
r  2493   2442   2444   21
r  2298   2349   2249   21
r  2398   2349   2447   21
r  2497   2397   2446   21
c  152   -1   154   22
r  202   251   153   22
r  203   154   103   22
r  253   302   202   22
r  58   7   60   22
r  159   59   110   22
r  10   110   61   22
r  160   211   209   22
r  357   257   406   22
r  457   408   357   22
r  15   66   64   22
r  68   70   66   22
r  801   701   852   22
r  803   852   801   22
r  611   613   609   22
r  218   269   167   22
r  317   268   417   22
c  71   -1   120   22
r  20   71   69   22
r  1002   1053   1102   22
c  271   -1   273   22
r  320   271   269   22
r  122   120   124   22
r  857   757   806   22
r  321   270   323   22
r  23   74   25   22
c  910   -1   961   22
r  1203   1154   1303   22
r  1351   1353   1302   22
r  29   129   78   22
r  1402   1302   1453   22
r  1452   1454   1352   22
r  132   134   83   22
r  1258   1207   1358   22
r  183   234   83   22
r  1310   1259   1312   22
r  1605   1603   1554   22
r  1020   969   920   22
r  1167   1116   1118   22
r  825   774   874   22
r  186   237   137   22
r  1171   1222   1169   22
r  876   776   925   22
r  139   88   90   22
r  1805   1754   1905   22
r  1025   974   1023   22
r  1271   1320   1273   22
r  143   243   145   22
r  980   978   931   22
r  1713   1715   1613   22
r  1178   1176   1229   22
r  1569   1469   1571   22
r  783   734   834   22
r  882   833   933   22
r  1277   1326   1177   22
r  1031   931   982   22
r  1570   1519   1670   22
r  2011   1962   1911   22
r  1620   1571   1622   22
r  98   100   147   22
r  2160   2260   2211   22
r  1964   2015   1864   22
r  1966   1866   1915   22
r  937   888   988   22
c  200   -1   198   22
r  299   248   297   22
r  2403   2354   2352   22
r  2258   2207   2358   22
r  1284   1235   1286   22
r  2455   2406   2355   22
c  1727   -1   1776   22
r  1629   1578   1627   22
r  941   990   890   22
r  548   497   599   22
r  600   500   649   22
r  1681   1632   1732   22
r  1583   1632   1483   22
r  1682   1631   1733   22
r  847   896   947   22
r  2463   2363   2414   22
r  1782   1733   1731   22
r  1536   1587   1636   22
r  1143   1141   1145   22
r  1044   993   995   22
r  2320   2369   2322   22
r  1834   1883   1934   22
r  2467   2416   2367   22
r  1638   1738   1587   22
r  1048   1099   1148   22
r  1444   1495   1544   22
r  2229   2129   2231   22
r  2376   2325   2378   22
r  1348   1399   1299   22
r  2428   2328   2377   22
r  1447   1547   1445   22
r  2089   2038   2138   22
r  2334   2434   2383   22
r  1647   1596   1698   22
r  2387   2436   2438   22
r  1749   1700   1747   22
r  2149   2098   2147   22
r  2493   2495   2393   22
r  2494   2443   2445   22
r  2399   2448   2397   22
r  153   53   102   23
r  202   302   102   23
r  203   103   252   23
r  253   353   302   23
r  204   153   104   23
r  155   106   55   23
r  106   108   55   23
r  58   60   158   23
r  403   401   352   23
r  258   309   207   23
r  10   61   110   23
r  259   308   210   23
r  63   112   12   23
r  604   553   653   23
r  509   609   511   23
r  314   414   316   23
r  902   904   953   23
r  317   368   268   23
c  169   -1   220   23
r  951   953   902   23
r  1002   1102   1053   23
r  515   466   464   23
r  956   907   958   23
r  957   1057   906   23
r  72   123   121   23
r  664   713   666   23
r  23   25   72   23
r  862   860   913   23
r  668   719   717   23
r  1252   1254   1303   23
r  670   668   619   23
r  1160   1111   1211   23
c  917   -1   915   23
r  378   278   380   23
r  1452   1403   1503   23
r  1307   1309   1356   23
r  81   79   30   23
r  31   82   131   23
r  1115   1164   1064   23
r  133   82   182   23
r  825   874   774   23
r  973   1022   1024   23
r  334   332   283   23
r  88   137   86   23
r  139   90   88   23
c  1466   -1   1366   23
r  879   928   881   23
r  92   141   143   23
r  1467   1418   1416   23
r  1125   1074   1076   23
r  485   585   534   23
r  486   488   535   23
r  1761   1710   1712   23
r  881   832   981   23
c  42   -1   40   23
r  1615   1613   1666   23
r  1078   1127   1178   23
r  1714   1665   1716   23
r  144   193   244   23
r  95   97   46   23
r  145   94   147   23
r  1522   1571   1622   23
r  686   737   688   23
r  1959   1910   1908   23
r  2056   2007   2107   23
r  246   197   146   23
r  148   146   199   23
r  2255   2257   2155   23
r  937   886   939   23
r  99   148   48   23
r  249   198   149   23
r  1722   1724   1673   23
r  889   840   891   23
r  2304   2404   2353   23
r  2402   2351   2302   23
r  842   891   942   23
r  2453   2353   2402   23
r  2211   2260   2262   23
r  1237   1137   1188   23
r  843   794   845   23
r  548   599   497   23
r  2455   2355   2406   23
r  2310   2259   2361   23
r  795   895   797   23
r  2362   2262   2311   23
r  2459   2359   2408   23
r  2460   2360   2411   23
r  946   1046   997   23
r  2220   2169   2218   23
r  750   699   748   23
r  2270   2319   2370   23
r  2320   2322   2271   23
r  1047   947   1049   23
r  2370   2368   2372   23
r  2468   2417   2419   23
r  2128   2179   2079   23
r  1000   900   949   23
r  2080   2180   2031   23
r  2083   2081   2032   23
r  2472   2421   2423   23
r  2035   1984   2135   23
r  1494   1545   1496   23
r  1450   1399   1499   23
c  2285   -1   2234   23
r  2286   2186   2235   23
c  2042   -1   2040   23
r  1697   1648   1748   23
r  2435   2433   2437   23
c  2239   -1   2288   23
r  2342   2291   2344   23
r  2492   2443   2441   23
r  2396   2447   2347   23
r  2497   2446   2397   23
r  2399   2397   2448   23
r  105   205   103   24
r  254   205   252   24
r  8   108   57   24
r  355   306   406   24
r  456   356   407   24
r  63   61   112   24
c  14   -1   12   24
r  606   608   506   24
r  604   602   555   24
c  607   -1   707   24
r  215   217   115   24
r  411   511   462   24
r  67   116   118   24
r  219   270   170   24
r  174   74   125   24
r  911   960   862   24
r  75   73   124   24
r  424   475   524   24
r  1304   1404   1204   24
r  1160   1260   1111   24
r  769   818   771   24
r  29   80   129   24
r  426   326   428   24
r  229   278   180   24
r  180   129   131   24
r  133   182   131   24
r  232   283   332   24
c  282   -1   231   24
r  1118   1067   1069   24
r  85   83   134   24
r  234   283   183   24
r  1507   1505   1458   24
r  679   728   681   24
r  1804   1853   1802   24
r  238   338   287   24
r  1077   1128   1075   24
r  1028   977   1079   24
r  1714   1716   1665   24
r  486   435   437   24
r  487   587   536   24
r  438   387   538   24
r  1954   1854   1956   24
c  292   -1   290   24
c  292   -1   241   24
r  391   342   442   24
r  2151   2153   2102   24
r  96   147   196   24
r  1766   1717   1768   24
r  1279   1328   1277   24
r  2201   2252   2203   24
r  345   445   296   24
r  2011   1911   1962   24
r  49   149   100   24
r  1184   1235   1084   24
r  1723   1672   1721   24
r  348   399   299   24
r  2065   2067   1965   24
r  2354   2405   2403   24
r  2355   2357   2306   24
r  2212   2112   2163   24
r  2115   2166   2066   24
r  2358   2409   2307   24
r  1140   1091   1138   24
r  648   699   597   24
r  1682   1733   1631   24
r  550   548   599   24
r  2365   2316   2314   24
r  650   699   648   24
c  1486   -1   1437   24
r  1735   1737   1684   24
r  2027   1976   2029   24
r  2223   2274   2272   24
r  949   998   1049   24
r  1097   1046   1095   24
r  1146   1195   1197   24
r  1345   1294   1396   24
r  1348   1299   1397   24
r  2183   2185   2132   24
r  2086   2035   1986   24
r  2136   2185   2085   24
r  2137   2037   2086   24
r  2236   2185   2285   24
c  2382   -1   2282   24
r  2481   2432   2381   24
c  2189   -1   2238   24
r  1796   1794   1845   24
r  1649   1749   1647   24
r  2044   1995   1944   24
r  1798   1698   1847   24
r  2389   2489   2338   24
r  2046   2146   1995   24
r  2195   2295   2144   24
r  2145   2094   2196   24
r  2098   2198   2096   24
r  2049   2098   1998   24
r  2100   2149   2098   24
r  2493   2444   2442   24
r  2494   2445   2443   24
r  2398   2447   2349   24
r  155   206   106   25
r  109   60   158   25
r  401   301   403   25
r  210   212   110   25
r  160   260   211   25
r  602   653   502   25
r  603   503   703   25
r  651   653   602   25
r  312   212   412   25
r  751   702   753   25
r  659   710   608   25
r  166   164   215   25
r  317   417   368   25
r  20   120   71   25
r  565   563   616   25
r  1101   1052   1001   25
r  1103   1003   1052   25
r  568   619   668   25
r  1253   1353   1251   25
r  26   77   126   25
r  127   125   76   25
r  1301   1252   1352   25
r  672   623   572   25
r  1351   1302   1353   25
r  674   723   725   25
r  1504   1502   1404   25
r  920   971   969   25
r  874   872   876   25
r  133   131   182   25
r  1215   1266   1264   25
r  34   83   134   25
r  1268   1319   1217   25
r  335   386   284   25
r  632   683   634   25
r  1612   1512   1610   25
r  1270   1221   1370   25
r  486   535   484   25
r  637   688   635   25
r  2203   2154   2254   25
r  96   98   147   25
r  196   147   245   25
r  2303   2354   2203   25
r  2157   2208   2155   25
r  2304   2302   2404   25
r  2351   2302   2402   25
r  247   249   198   25
r  199   250   99   25
r  249   149   198   25
r  792   843   794   25
r  2355   2306   2357   25
r  2405   2403   2354   25
r  1383   1432   1483   25
r  1137   1188   1139   25
r  2019   2017   2070   25
r  2454   2405   2403   25
r  2358   2307   2356   25
r  2166   2217   2066   25
r  600   649   598   25
r  1635   1684   1633   25
r  2172   2121   2223   25
r  2125   2174   2176   25
r  1735   1684   1737   25
r  1245   1296   1243   25
r  2276   2325   2225   25
r  2469   2418   2369   25
r  1298   1349   1198   25
r  2373   2473   2424   25
r  2472   2423   2421   25
r  1348   1248   1299   25
r  2231   2280   2182   25
r  2184   2235   2284   25
r  1842   1893   1840   25
r  2331   2382   2431   25
r  2282   2280   2231   25
r  2478   2378   2429   25
r  2480   2429   2380   25
r  2091   2040   2140   25
r  1896   1796   1847   25
r  2485   2385   2436   25
r  2340   2440   2391   25
r  2293   2193   2342   25
r  2294   2194   2292   25
r  2098   2096   2198   25
r  2392   2441   2341   25
r  2149   2198   2249   25
r  2298   2249   2198   25
r  2398   2349   2449   25
r  151   202   153   26
r  301   303   201   26
r  58   158   60   26
r  159   108   210   26
r  652   552   603   26
r  311   309   260   26
r  606   555   655   26
r  312   363   361   26
r  67   118   116   26
r  117   17   68   26
r  751   802   851   26
r  803   801   852   26
r  659   610   710   26
r  317   268   366   26
c  563   -1   514   26
r  123   125   72   26
r  565   616   665   26
r  915   864   964   26
r  130   179   79   26
r  81   30   79   26
r  378   329   278   26
r  1404   1402   1455   26
r  1405   1456   1305   26
r  1506   1504   1555   26
r  825   774   776   26
r  1654   1652   1603   26
r  582   531   533   26
r  1612   1610   1663   26
r  1853   1953   1802   26
r  41   90   43   26
r  192   141   92   26
r  290   241   288   26
r  486   484   586   26
r  2005   2105   1905   26
r  1716   1765   1718   26
r  833   835   884   26
r  2004   1953   2104   26
r  2103   2152   2154   26
r  2151   2202   2153   26
r  1620   1622   1571   26
r  1426   1428   1424   26
r  96   147   98   26
r  2011   1962   1911   26
r  1768   1817   1770   26
r  2205   2154   2105   26
r  1964   1864   2015   26
r  398   449   498   26
r  2260   2262   2211   26
r  1040   989   1091   26
r  1775   1824   1875   26
r  1335   1235   1337   26
r  1678   1676   1729   26
r  2361   2359   2410   26
r  2121   2170   2070   26
r  2171   2222   2071   26
r  600   549   649   26
r  998   898   949   26
c  1196   -1   1194   26
c  1196   -1   1245   26
r  1245   1243   1296   26
r  2419   2319   2421   26
r  2081   2132   2130   26
r  1345   1396   1445   26
r  2374   2372   2425   26
r  1395   1495   1397   26
r  2328   2330   2377   26
r  2038   2040   2089   26
r  1498   1496   1398   26
r  1450   1499   1399   26
r  1550   1599   1548   26
r  2481   2381   2432   26
r  1697   1748   1648   26
r  2485   2434   2385   26
r  2439   2437   2390   26
r  2050   2099   1999   26
r  2148   2199   2248   26
r  2493   2442   2444   26
r  2297   2397   2346   26
c  2250   -1   2199   26
r  105   54   56   27
r  57   6   59   27
r  109   158   60   27
r  160   209   158   27
r  259   310   308   27
r  652   603   703   27
r  604   555   655   27
r  410   510   461   27
r  67   69   118   27
r  166   217   115   27
r  363   361   312   27
r  956   958   1056   27
r  124   173   126   27
r  1009   960   909   27
r  1108   1059   1008   27
r  176   125   276   27
r  472   421   423   27
r  1253   1251   1353   27
r  571   522   620   27
r  277   228   328   27
r  179   279   228   27
r  673   722   724   27
r  1258   1260   1307   27
r  181   132   183   27
r  132   183   134   27
r  775   675   875   27
r  34   134   83   27
r  233   282   284   27
r  1265   1316   1165   27
r  481   581   530   27
r  1653   1704   1602   27
r  1755   1704   1706   27
r  1074   974   1023   27
r  1075   975   1124   27
c  1562   -1   1611   27
r  89   140   87   27
r  1613   1664   1611   27
r  1901   1801   1952   27
r  1761   1661   1710   27
r  1566   1466   1666   27
r  1615   1664   1715   27
r  241   190   290   27
r  1955   1904   2004   27
r  96   98   94   27
r  341   392   390   27
c  540   -1   489   27
r  589   587   489   27
r  2103   2154   2152   27
r  46   146   44   27
r  640   540   638   27
r  2056   2107   2007   27
r  2106   2057   2206   27
r  689   738   691   27
r  148   199   146   27
r  296   245   196   27
r  2205   2203   2256   27
r  1085   1136   1134   27
r  1964   2015   1966   27
r  889   891   840   27
r  49   100   149   27
r  347   247   298   27
r  2351   2353   2302   27
r  2062   2111   2162   27
r  987   887   938   27
r  1087   1138   1089   27
r  842   942   791   27
r  1578   1678   1627   27
r  299   297   248   27
r  348   299   297   27
r  2258   2358   2209   27
c  1038   -1   1138   27
r  1039   1090   1041   27
r  1824   1875   1873   27
c  1972   -1   2021   27
r  2116   2165   2167   27
r  1040   1091   1089   27
r  1287   1387   1338   27
r  1631   1580   1633   27
r  549   498   547   27
r  1092   1141   1192   27
r  1733   1684   1682   27
r  2220   2218   2171   27
r  2420   2422   2371   27
r  1098   1147   1047   27
r  1885   1936   1883   27
r  2374   2423   2372   27
r  2470   2419   2421   27
r  1248   1299   1197   27
r  1696   1698   1647   27
r  2188   2186   2137   27
r  2387   2338   2385   27
r  1995   1946   2044   27
r  2340   2391   2440   27
r  2148   2048   2197   27
r  2396   2347   2296   27
r  2399   2348   2397   27
r  2497   2397   2446   27
r  2349   2249   2449   27
r  2499   2448   2399   27
r  101   152   103   28
r  105   56   154   28
r  254   252   305   28
r  501   601   452   28
r  358   407   409   28
r  652   703   552   28
r  15   115   66   28
r  751   753   702   28
r  314   316   363   28
r  805   803   856   28
r  21   121   19   28
r  170   121   168   28
r  711   709   760   28
r  515   517   513   28
r  1004   1006   955   28
r  467   469   518   28
r  959   1010   957   28
r  76   176   78   28
r  130   79   128   28
c  1112   -1   1114   28
r  1403   1352   1452   28
r  674   774   574   28
r  1213   1264   1162   28
r  280   278   331   28
r  1019   1021   919   28
r  726   675   775   28
r  1653   1702   1604   28
r  235   237   286   28
r  532   432   483   28
r  1803   1752   1852   28
r  879   979   928   28
r  190   239   90   28
r  189   140   240   28
r  240   291   140   28
r  1809   1758   1858   28
r  1277   1377   1228   28
c  1130   -1   1079   28
r  194   145   294   28
r  2104   2106   2102   28
r  1571   1520   1522   28
r  1181   1130   1179   28
r  2056   2007   2105   28
r  148   97   197   28
r  937   939   888   28
r  1135   1184   1084   28
r  297   248   299   28
c  100   -1   98   28
r  249   200   149   28
r  890   939   990   28
r  446   397   346   28
r  348   297   299   28
r  2453   2404   2353   28
r  2355   2357   2306   28
r  1383   1483   1381   28
r  1088   1090   1039   28
c  498   -1   549   28
r  400   300   500   28
r  645   594   745   28
r  2455   2406   2355   28
r  2456   2407   2405   28
r  2263   2265   2314   28
r  746   846   744   28
r  549   547   598   28
r  2459   2408   2359   28
r  2314   2265   2414   28
r  1140   1089   1189   28
r  2415   2413   2366   28
r  2220   2171   2169   28
r  2464   2466   2364   28
r  1736   1636   1687   28
r  2129   2178   2029   28
r  1049   998   1098   28
r  2180   2280   2178   28
r  2423   2372   2374   28
r  1592   1543   1541   28
r  1741   1641   1739   28
r  2035   1935   2086   28
r  1300   1249   1298   28
r  1349   1400   1298   28
r  2278   2327   2280   28
r  2332   2381   2383   28
r  2188   2137   2186   28
r  2481   2430   2381   28
r  2387   2438   2436   28
r  2485   2385   2434   28
r  2046   1995   2044   28
r  2389   2438   2489   28
r  2145   2196   2147   28
r  2295   2297   2395   28
r  2150   2199   2148   28
r  2445   2443   2494   28
r  2348   2350   2346   28
r  2399   2397   2299   28
r  2497   2446   2397   28
r  101   103   152   29
r  202   102   151   29
r  301   252   303   29
r  105   103   56   29
r  254   303   354   29
r  156   207   256   29
r  304   253   302   29
r  451   551   402   29
r  114   214   112   29
r  652   601   703   29
r  459   510   457   29
r  163   212   263   29
c  164   -1   166   29
r  412   414   463   29
r  801   752   701   29
r  901   852   952   29
r  854   803   856   29
r  120   118   122   29
r  1002   1053   1102   29
r  954   903   854   29
r  712   661   761   29
r  270   221   219   29
r  1003   903   1052   29
c  74   -1   76   29
r  75   124   73   29
r  1153   1053   1202   29
c  1201   -1   1301   29
r  1251   1302   1151   29
r  764   813   815   29
r  1108   1008   1106   29
r  767   818   667   29
r  179   228   79   29
r  130   128   79   29
r  1403   1452   1503   29
r  1016   1065   967   29
r  180   182   129   29
r  624   622   524   29
r  918   1018   967   29
r  674   725   625   29
r  83   81   85   29
r  1456   1454   1356   29
c  675   -1   726   29
r  34   83   134   29
r  430   428   481   29
r  1754   1703   1752   29
r  1073   1024   1071   29
r  335   284   384   29
r  1852   1854   1952   29
r  829   878   827   29
r  1901   1952   2001   29
r  1369   1420   1318   29
r  1223   1274   1272   29
r  1712   1710   1612   29
r  485   536   585   29
r  241   290   190   29
r  192   92   194   29
r  96   196   147   29
r  2202   2153   2151   29
r  1326   1328   1226   29
r  243   294   292   29
r  2154   2054   2203   29
r  1958   2007   2058   29
r  2056   2105   2156   29
r  1376   1427   1325   29
r  1669   1769   1667   29
r  148   197   97   29
r  984   1033   1084   29
r  1083   1134   1034   29
r  249   149   247   29
r  937   888   939   29
r  789   740   840   29
r  1576   1527   1627   29
r  300   298   249   29
r  398   498   449   29
r  2453   2402   2404   29
r  2258   2209   2260   29
r  2162   2113   2213   29
r  1482   1480   1382   29
r  1776   1774   1676   29
r  1973   2024   1975   29
c  748   -1   799   29
r  1241   1292   1243   29
r  1242   1142   1293   29
r  2222   2173   2122   29
r  2418   2420   2318   29
r  2467   2418   2416   29
r  2370   2372   2368   29
r  2469   2369   2418   29
r  1296   1345   1196   29
r  1247   1298   1198   29
r  1886   1884   1986   29
r  2471   2420   2422   29
r  1838   1787   1789   29
r  1347   1349   1398   29
r  2472   2372   2423   29
r  2477   2428   2426   29
c  1794   -1   1796   29
r  1696   1647   1747   29
r  2286   2237   2335   29
r  1996   1947   2047   29
r  2095   2146   2044   29
r  2439   2390   2441   29
r  2389   2338   2438   29
r  2049   2000   2098   29
r  2293   2342   2295   29
r  2149   2249   2100   29
r  2343   2394   2345   29
r  2392   2394   2441   29
r  2199   2248   2148   29
r  2349   2449   2347   29
r  2497   2397   2446   29
r  2499   2450   2448   29
r  51   53   2   30
r  101   152   103   30
r  6   106   57   30
r  301   201   252   30
r  254   354   205   30
r  803   903   854   30
r  463   512   465   30
r  464   462   513   30
r  122   124   173   30
r  468   519   466   30
r  124   24   75   30
r  1153   1102   1053   30
r  25   125   76   30
r  26   126   77   30
r  471   422   522   30
r  1251   1151   1253   30
r  764   864   813   30
r  128   77   177   30
r  423   474   323   30
c  326   -1   426   30
r  867   818   967   30
r  476   525   527   30
r  1451   1402   1502   30
r  1454   1503   1554   30
r  1653   1604   1553   30
r  823   923   772   30
r  872   772   874   30
r  136   187   185   30
r  1268   1368   1317   30
r  91   40   191   30
r  141   90   143   30
r  1660   1609   1662   30
r  1275   1375   1224   30
r  192   194   292   30
r  96   147   47   30
r  1373   1422   1473   30
r  1081   1032   1030   30
r  1959   1908   1910   30
r  1863   1865   1814   30
r  443   392   441   30
r  2205   2105   2154   30
r  1620   1571   1622   30
r  1427   1327   1376   30
r  1181   1179   1183   30
r  444   395   493   30
r  2303   2203   2305   30
r  2402   2404   2453   30
r  2351   2302   2353   30
r  1184   1084   1233   30
r  1869   1920   1871   30
r  348   350   399   30
r  2015   1915   2064   30
r  1772   1672   1821   30
r  1333   1382   1284   30
c  1773   -1   1873   30
r  400   349   398   30
r  2455   2404   2406   30
r  1433   1533   1431   30
r  989   940   1089   30
r  1088   1139   1090   30
r  1236   1238   1287   30
r  844   895   846   30
r  2459   2359   2410   30
r  2363   2414   2365   30
r  747   798   749   30
r  847   947   845   30
r  1046   997   1097   30
r  1928   2028   1877   30
r  2268   2368   2317   30
r  2269   2320   2318   30
r  1292   1243   1241   30
r  1390   1339   1439   30
r  2078   2029   2027   30
r  2125   2076   2174   30
r  1736   1687   1787   30
r  1295   1297   1293   30
r  2226   2224   2277   30
r  1984   1933   2033   30
r  2081   2130   2083   30
r  1985   2036   1987   30
r  2424   2473   2426   30
r  1644   1695   1593   30
r  1694   1743   1643   30
r  1988   1888   2037   30
r  2036   1987   2038   30
r  2381   2330   2281   30
r  2478   2427   2378   30
r  2285   2385   2336   30
r  2188   2186   2137   30
r  2286   2335   2284   30
r  1992   1990   1943   30
r  1649   1647   1700   30
r  1700   1698   1749   30
r  1899   1948   1848   30
r  2393   2442   2344   30
r  2493   2444   2442   30
r  2199   2299   2248   30
r  2395   2346   2397   30
r  2446   2395   2346   30
r  2399   2448   2348   30
r  2450   2399   2499   30
