c  1   -1   52   1
c  1   -1   101   1
c  51   -1   102   1
c  51   -1   53   1
c  2   -1   53   1
c  2   -1   54   1
c  52   -1   101   1
c  52   -1   252   1
c  101   -1   53   1
c  151   -1   51   1
c  151   -1   102   1
c  4   -1   2   1
c  4   -1   51   1
c  102   -1   153   1
c  102   -1   203   1
c  53   -1   153   1
c  53   -1   203   1
c  3   -1   54   1
c  3   -1   52   1
c  54   -1   52   1
c  103   -1   52   1
c  103   -1   54   1
c  153   -1   52   1
c  252   -1   151   1
c  201   -1   252   1
c  152   -1   154   1
c  152   -1   201   1
c  5   -1   56   1
c  5   -1   106   1
c  204   -1   54   1
c  204   -1   102   1
c  203   -1   302   1
c  203   -1   301   1
c  104   -1   53   1
c  104   -1   155   1
c  56   -1   54   1
c  56   -1   53   1
c  55   -1   106   1
c  55   -1   107   1
c  202   -1   253   1
c  202   -1   103   1
c  155   -1   103   1
c  154   -1   252   1
c  251   -1   302   1
c  251   -1   202   1
c  302   -1   353   1
c  302   -1   403   1
c  253   -1   302   1
c  253   -1   453   1
c  301   -1   252   1
c  301   -1   201   1
c  304   -1   353   1
c  304   -1   252   1
c  156   -1   107   1
c  156   -1   152   1
c  354   -1   254   1
c  354   -1   152   1
c  6   -1   106   1
c  6   -1   104   1
c  106   -1   155   1
c  106   -1   205   1
c  254   -1   203   1
c  205   -1   254   1
c  205   -1   253   1
c  355   -1   306   1
c  355   -1   204   1
c  105   -1   156   1
c  105   -1   56   1
c  57   -1   6   1
c  57   -1   157   1
c  7   -1   58   1
c  7   -1   56   1
c  107   -1   7   1
c  255   -1   304   1
c  255   -1   155   1
c  352   -1   403   1
c  352   -1   401   1
c  303   -1   354   1
c  303   -1   355   1
c  351   -1   402   1
c  351   -1   302   1
c  353   -1   305   1
c  403   -1   454   1
c  403   -1   354   1
c  453   -1   404   1
c  453   -1   402   1
c  305   -1   354   1
c  305   -1   405   1
c  404   -1   304   1
c  404   -1   303   1
c  206   -1   257   1
c  206   -1   307   1
c  157   -1   106   1
c  451   -1   455   1
c  451   -1   354   1
c  405   -1   407   1
c  405   -1   456   1
c  356   -1   307   1
c  356   -1   309   1
c  306   -1   357   1
c  306   -1   255   1
c  58   -1   107   1
c  109   -1   58   1
c  109   -1   57   1
c  8   -1   59   1
c  8   -1   10   1
c  59   -1   110   1
c  59   -1   7   1
c  108   -1   157   1
c  108   -1   59   1
c  256   -1   305   1
c  256   -1   307   1
c  402   -1   502   1
c  402   -1   503   1
c  452   -1   552   1
c  452   -1   352   1
c  401   -1   403   1
c  257   -1   308   1
c  257   -1   353   1
c  454   -1   505   1
c  454   -1   604   1
c  503   -1   552   1
c  503   -1   554   1
c  455   -1   406   1
c  455   -1   404   1
c  207   -1   258   1
c  207   -1   308   1
c  307   -1   258   1
c  307   -1   358   1
c  158   -1   209   1
c  158   -1   163   1
c  501   -1   552   1
c  501   -1   601   1
c  502   -1   551   1
c  502   -1   451   1
c  406   -1   306   1
c  406   -1   307   1
c  407   -1   356   1
c  407   -1   307   1
c  456   -1   402   1
c  456   -1   401   1
c  357   -1   408   1
c  357   -1   308   1
c  309   -1   358   1
c  309   -1   357   1
c  408   -1   459   1
c  408   -1   306   1
c  159   -1   108   1
c  159   -1   207   1
c  110   -1   108   1
c  110   -1   159   1
c  111   -1   109   1
c  111   -1   59   1
c  161   -1   159   1
c  161   -1   109   1
c  9   -1   60   1
c  9   -1   11   1
c  10   -1   59   1
c  10   -1   61   1
c  60   -1   12   1
c  60   -1   215   1
c  552   -1   603   1
c  552   -1   653   1
c  258   -1   209   1
c  308   -1   359   1
c  504   -1   455   1
c  504   -1   506   1
c  505   -1   556   1
c  505   -1   605   1
c  604   -1   556   1
c  553   -1   555   1
c  553   -1   502   1
c  551   -1   503   1
c  554   -1   603   1
c  554   -1   653   1
c  208   -1   159   1
c  208   -1   259   1
c  358   -1   409   1
c  209   -1   110   1
c  163   -1   112   1
c  163   -1   212   1
c  603   -1   501   1
c  601   -1   603   1
c  601   -1   552   1
c  506   -1   406   1
c  506   -1   607   1
c  457   -1   508   1
c  457   -1   506   1
c  458   -1   509   1
c  458   -1   407   1
c  409   -1   407   1
c  409   -1   360   1
c  259   -1   159   1
c  359   -1   459   1
c  359   -1   411   1
c  310   -1   361   1
c  310   -1   359   1
c  360   -1   411   1
c  360   -1   309   1
c  160   -1   209   1
c  160   -1   60   1
c  210   -1   159   1
c  210   -1   208   1
c  112   -1   110   1
c  112   -1   160   1
c  61   -1   112   1
c  61   -1   63   1
c  62   -1   111   1
c  62   -1   11   1
c  211   -1   311   1
c  211   -1   310   1
c  162   -1   113   1
c  162   -1   211   1
c  212   -1   161   1
c  212   -1   263   1
c  263   -1   312   1
c  263   -1   161   1
c  11   -1   60   1
c  11   -1   163   1
c  13   -1   61   1
c  13   -1   60   1
c  12   -1   61   1
c  12   -1   14   1
c  215   -1   115   1
c  215   -1   114   1
c  602   -1   653   1
c  602   -1   702   1
c  653   -1   604   1
c  653   -1   701   1
c  555   -1   604   1
c  555   -1   504   1
c  556   -1   655   1
c  556   -1   706   1
c  605   -1   656   1
c  605   -1   704   1
c  654   -1   706   1
c  654   -1   756   1
c  754   -1   604   1
c  652   -1   701   1
c  652   -1   553   1
c  113   -1   62   1
c  113   -1   61   1
c  213   -1   262   1
c  213   -1   162   1
c  164   -1   162   1
c  164   -1   63   1
c  214   -1   163   1
c  651   -1   602   1
c  651   -1   702   1
c  701   -1   752   1
c  701   -1   601   1
c  507   -1   509   1
c  507   -1   558   1
c  508   -1   506   1
c  508   -1   556   1
c  607   -1   507   1
c  607   -1   656   1
c  410   -1   459   1
c  410   -1   458   1
c  509   -1   560   1
c  509   -1   611   1
c  461   -1   512   1
c  461   -1   409   1
c  260   -1   311   1
c  260   -1   363   1
c  411   -1   364   1
c  311   -1   360   1
c  311   -1   313   1
c  362   -1   360   1
c  362   -1   310   1
c  361   -1   410   1
c  361   -1   460   1
c  460   -1   509   1
c  460   -1   462   1
c  511   -1   460   1
c  511   -1   459   1
c  63   -1   112   1
c  63   -1   114   1
c  114   -1   112   1
c  114   -1   116   1
c  261   -1   312   1
c  261   -1   212   1
c  262   -1   313   1
c  262   -1   363   1
c  313   -1   264   1
c  313   -1   164   1
c  264   -1   315   1
c  264   -1   413   1
c  314   -1   263   1
c  314   -1   213   1
c  312   -1   363   1
c  14   -1   65   1
c  14   -1   16   1
c  165   -1   216   1
c  165   -1   214   1
c  265   -1   214   1
c  265   -1   216   1
c  216   -1   316   1
c  216   -1   267   1
c  166   -1   115   1
c  166   -1   215   1
c  115   -1   14   1
c  702   -1   751   1
c  702   -1   653   1
c  703   -1   752   1
c  703   -1   754   1
c  606   -1   557   1
c  606   -1   655   1
c  557   -1   608   1
c  557   -1   508   1
c  656   -1   756   1
c  656   -1   556   1
c  655   -1   608   1
c  706   -1   657   1
c  706   -1   708   1
c  704   -1   755   1
c  704   -1   805   1
c  753   -1   802   1
c  753   -1   704   1
c  804   -1   755   1
c  804   -1   753   1
c  755   -1   706   1
c  803   -1   752   1
c  803   -1   754   1
c  752   -1   652   1
c  752   -1   801   1
c  751   -1   652   1
c  64   -1   113   1
c  64   -1   115   1
c  118   -1   167   1
c  118   -1   113   1
c  558   -1   607   1
c  558   -1   657   1
c  609   -1   509   1
c  609   -1   508   1
c  657   -1   557   1
c  657   -1   609   1
c  608   -1   610   1
c  608   -1   561   1
c  559   -1   610   1
c  559   -1   460   1
c  510   -1   559   1
c  510   -1   461   1
c  560   -1   611   1
c  560   -1   562   1
c  611   -1   660   1
c  611   -1   609   1
c  462   -1   464   1
c  562   -1   511   1
c  562   -1   461   1
c  512   -1   612   1
c  512   -1   510   1
c  363   -1   412   1
c  363   -1   415   1
c  412   -1   512   1
c  412   -1   562   1
c  364   -1   313   1
c  463   -1   414   1
c  463   -1   311   1
c  413   -1   362   1
c  413   -1   462   1
c  561   -1   610   1
c  561   -1   612   1
c  116   -1   165   1
c  116   -1   16   1
c  315   -1   364   1
c  15   -1   66   1
c  15   -1   68   1
c  65   -1   67   1
c  65   -1   117   1
c  16   -1   65   1
c  16   -1   64   1
c  266   -1   166   1
c  266   -1   116   1
c  217   -1   166   1
c  217   -1   266   1
c  316   -1   365   1
c  316   -1   364   1
c  267   -1   318   1
c  267   -1   316   1
c  167   -1   218   1
c  167   -1   116   1
c  66   -1   115   1
c  17   -1   116   1
c  17   -1   115   1
c  705   -1   656   1
c  705   -1   703   1
c  658   -1   656   1
c  658   -1   606   1
c  707   -1   807   1
c  707   -1   756   1
c  757   -1   706   1
c  757   -1   808   1
c  807   -1   856   1
c  807   -1   706   1
c  708   -1   860   1
c  805   -1   854   1
c  805   -1   853   1
c  806   -1   857   1
c  806   -1   906   1
c  802   -1   751   1
c  802   -1   851   1
c  854   -1   803   1
c  854   -1   802   1
c  853   -1   851   1
c  853   -1   801   1
c  901   -1   752   1
c  801   -1   852   1
c  801   -1   901   1
c  68   -1   119   1
c  68   -1   20   1
c  117   -1   66   1
c  117   -1   16   1
c  168   -1   117   1
c  168   -1   116   1
c  119   -1   170   1
c  67   -1   118   1
c  67   -1   219   1
c  69   -1   18   1
c  69   -1   118   1
c  659   -1   608   1
c  659   -1   708   1
c  610   -1   710   1
c  610   -1   659   1
c  661   -1   710   1
c  661   -1   760   1
c  612   -1   610   1
c  612   -1   463   1
c  660   -1   662   1
c  464   -1   513   1
c  563   -1   614   1
c  563   -1   664   1
c  513   -1   562   1
c  613   -1   562   1
c  613   -1   561   1
c  465   -1   514   1
c  465   -1   512   1
c  415   -1   515   1
c  415   -1   516   1
c  414   -1   514   1
c  414   -1   564   1
c  365   -1   416   1
c  365   -1   466   1
c  515   -1   564   1
c  515   -1   463   1
c  218   -1   267   1
c  218   -1   269   1
c  268   -1   217   1
c  366   -1   417   1
c  366   -1   415   1
c  317   -1   366   1
c  317   -1   368   1
c  367   -1   316   1
c  367   -1   419   1
c  417   -1   415   1
c  417   -1   267   1
c  318   -1   369   1
c  318   -1   370   1
c  18   -1   67   1
c  18   -1   167   1
c  758   -1   809   1
c  758   -1   911   1
c  759   -1   808   1
c  759   -1   757   1
c  808   -1   708   1
c  857   -1   855   1
c  857   -1   906   1
c  858   -1   807   1
c  858   -1   910   1
c  856   -1   805   1
c  709   -1   758   1
c  709   -1   660   1
c  710   -1   708   1
c  710   -1   761   1
c  860   -1   911   1
c  860   -1   960   1
c  855   -1   906   1
c  855   -1   956   1
c  906   -1   1006   1
c  906   -1   904   1
c  852   -1   903   1
c  852   -1   953   1
c  851   -1   951   1
c  851   -1   1053   1
c  904   -1   955   1
c  904   -1   1057   1
c  903   -1   854   1
c  903   -1   855   1
c  905   -1   854   1
c  905   -1   1005   1
c  953   -1   904   1
c  953   -1   853   1
c  951   -1   1002   1
c  951   -1   1052   1
c  902   -1   951   1
c  902   -1   1002   1
c  952   -1   901   1
c  952   -1   1003   1
c  70   -1   119   1
c  70   -1   68   1
c  20   -1   18   1
c  20   -1   69   1
c  169   -1   218   1
c  169   -1   171   1
c  219   -1   168   1
c  219   -1   268   1
c  120   -1   71   1
c  120   -1   220   1
c  170   -1   221   1
c  19   -1   70   1
c  19   -1   71   1
c  711   -1   760   1
c  711   -1   810   1
c  662   -1   713   1
c  662   -1   715   1
c  761   -1   712   1
c  761   -1   661   1
c  760   -1   809   1
c  514   -1   614   1
c  514   -1   665   1
c  564   -1   664   1
c  564   -1   663   1
c  614   -1   714   1
c  614   -1   663   1
c  664   -1   613   1
c  664   -1   666   1
c  663   -1   714   1
c  663   -1   764   1
c  714   -1   613   1
c  466   -1   515   1
c  466   -1   417   1
c  416   -1   367   1
c  416   -1   516   1
c  516   -1   565   1
c  516   -1   567   1
c  565   -1   616   1
c  565   -1   614   1
c  319   -1   270   1
c  319   -1   218   1
c  269   -1   318   1
c  369   -1   420   1
c  369   -1   268   1
c  368   -1   319   1
c  419   -1   417   1
c  419   -1   468   1
c  467   -1   516   1
c  467   -1   615   1
c  418   -1   517   1
c  418   -1   567   1
c  370   -1   319   1
c  809   -1   860   1
c  809   -1   710   1
c  911   -1   1011   1
c  911   -1   1010   1
c  907   -1   909   1
c  907   -1   958   1
c  908   -1   910   1
c  859   -1   810   1
c  859   -1   908   1
c  909   -1   858   1
c  909   -1   1009   1
c  910   -1   912   1
c  910   -1   963   1
c  762   -1   764   1
c  762   -1   710   1
c  810   -1   761   1
c  810   -1   910   1
c  861   -1   910   1
c  861   -1   761   1
c  959   -1   859   1
c  959   -1   860   1
c  960   -1   1011   1
c  960   -1   1062   1
c  956   -1   1005   1
c  956   -1   1055   1
c  957   -1   1006   1
c  957   -1   906   1
c  1006   -1   1004   1
c  1006   -1   954   1
c  1053   -1   1104   1
c  1053   -1   1205   1
c  954   -1   1003   1
c  954   -1   1005   1
c  1054   -1   1106   1
c  1054   -1   904   1
c  955   -1   1004   1
c  955   -1   1056   1
c  1057   -1   1106   1
c  1057   -1   1155   1
c  1103   -1   1154   1
c  1103   -1   905   1
c  1005   -1   1057   1
c  1003   -1   1054   1
c  1003   -1   1005   1
c  1001   -1   952   1
c  1001   -1   953   1
c  1002   -1   1051   1
c  1002   -1   1053   1
c  1052   -1   1054   1
c  1052   -1   1256   1
c  71   -1   122   1
c  22   -1   71   1
c  22   -1   70   1
c  21   -1   23   1
c  21   -1   73   1
c  171   -1   120   1
c  171   -1   20   1
c  220   -1   171   1
c  220   -1   269   1
c  270   -1   219   1
c  270   -1   122   1
c  121   -1   172   1
c  221   -1   270   1
c  221   -1   173   1
c  712   -1   663   1
c  712   -1   859   1
c  811   -1   809   1
c  811   -1   711   1
c  713   -1   813   1
c  713   -1   764   1
c  715   -1   764   1
c  715   -1   766   1
c  665   -1   716   1
c  665   -1   765   1
c  615   -1   666   1
c  615   -1   716   1
c  566   -1   614   1
c  566   -1   663   1
c  666   -1   668   1
c  666   -1   717   1
c  763   -1   663   1
c  763   -1   814   1
c  764   -1   815   1
c  517   -1   568   1
c  517   -1   468   1
c  616   -1   516   1
c  567   -1   618   1
c  567   -1   666   1
c  617   -1   566   1
c  617   -1   565   1
c  320   -1   369   1
c  320   -1   419   1
c  420   -1   418   1
c  469   -1   420   1
c  469   -1   520   1
c  468   -1   519   1
c  371   -1   320   1
c  371   -1   422   1
c  321   -1   372   1
c  321   -1   370   1
c  961   -1   1010   1
c  961   -1   959   1
c  912   -1   812   1
c  862   -1   913   1
c  862   -1   911   1
c  962   -1   911   1
c  962   -1   1061   1
c  913   -1   911   1
c  913   -1   1013   1
c  863   -1   912   1
c  863   -1   911   1
c  1011   -1   1062   1
c  1011   -1   1112   1
c  1010   -1   1059   1
c  1010   -1   1109   1
c  958   -1   1007   1
c  958   -1   1057   1
c  1009   -1   958   1
c  1009   -1   1058   1
c  963   -1   863   1
c  812   -1   712   1
c  812   -1   764   1
c  1008   -1   959   1
c  1008   -1   1059   1
c  1059   -1   959   1
c  1059   -1   960   1
c  1060   -1   1111   1
c  1060   -1   960   1
c  1012   -1   961   1
c  1012   -1   960   1
c  1062   -1   1111   1
c  1055   -1   1106   1
c  1055   -1   1155   1
c  1007   -1   1054   1
c  1007   -1   1157   1
c  1056   -1   1105   1
c  1056   -1   1107   1
c  1004   -1   1055   1
c  1004   -1   1056   1
c  1104   -1   1102   1
c  1104   -1   1004   1
c  1205   -1   1154   1
c  1205   -1   1152   1
c  1106   -1   1108   1
c  1106   -1   1205   1
c  1107   -1   1105   1
c  1107   -1   1155   1
c  1058   -1   1158   1
c  1058   -1   1157   1
c  1108   -1   1059   1
c  1108   -1   1057   1
c  1155   -1   1104   1
c  1155   -1   1153   1
c  1102   -1   1051   1
c  1102   -1   1153   1
c  1153   -1   1253   1
c  1153   -1   1252   1
c  1152   -1   1103   1
c  1152   -1   1203   1
c  1201   -1   1203   1
c  1201   -1   1103   1
c  1154   -1   1004   1
c  1105   -1   1005   1
c  1105   -1   1156   1
c  1051   -1   1151   1
c  1256   -1   1207   1
c  1256   -1   1208   1
c  72   -1   121   1
c  72   -1   23   1
c  73   -1   71   1
c  73   -1   121   1
c  122   -1   22   1
c  23   -1   74   1
c  23   -1   123   1
c  24   -1   22   1
c  24   -1   72   1
c  123   -1   72   1
c  123   -1   22   1
c  172   -1   272   1
c  172   -1   72   1
c  323   -1   272   1
c  323   -1   171   1
c  271   -1   322   1
c  271   -1   273   1
c  222   -1   273   1
c  222   -1   274   1
c  322   -1   222   1
c  322   -1   221   1
c  173   -1   124   1
c  173   -1   274   1
c  813   -1   862   1
c  813   -1   912   1
c  765   -1   666   1
c  716   -1   765   1
c  766   -1   866   1
c  568   -1   566   1
c  667   -1   718   1
c  667   -1   768   1
c  668   -1   719   1
c  668   -1   768   1
c  717   -1   668   1
c  717   -1   618   1
c  814   -1   765   1
c  864   -1   764   1
c  864   -1   913   1
c  815   -1   866   1
c  815   -1   864   1
c  518   -1   569   1
c  518   -1   617   1
c  618   -1   718   1
c  618   -1   569   1
c  718   -1   767   1
c  718   -1   617   1
c  470   -1   519   1
c  421   -1   470   1
c  421   -1   520   1
c  519   -1   568   1
c  519   -1   620   1
c  520   -1   471   1
c  372   -1   421   1
c  272   -1   372   1
c  272   -1   371   1
c  373   -1   371   1
c  373   -1   322   1
c  422   -1   473   1
c  422   -1   521   1
c  914   -1   963   1
c  914   -1   961   1
c  1061   -1   1010   1
c  1061   -1   1112   1
c  964   -1   864   1
c  964   -1   913   1
c  1013   -1   1064   1
c  1013   -1   915   1
c  1112   -1   1114   1
c  1112   -1   1163   1
c  1110   -1   1059   1
c  1110   -1   1010   1
c  1109   -1   1111   1
c  1109   -1   1107   1
c  1159   -1   1059   1
c  1159   -1   1107   1
c  1158   -1   1109   1
c  1158   -1   1059   1
c  1111   -1   1160   1
c  1111   -1   1210   1
c  1063   -1   1014   1
c  1063   -1   1012   1
c  1014   -1   965   1
c  1014   -1   1012   1
c  1162   -1   1062   1
c  1162   -1   1111   1
c  1114   -1   1062   1
c  1157   -1   1106   1
c  1157   -1   1155   1
c  1204   -1   1155   1
c  1204   -1   1253   1
c  1255   -1   1304   1
c  1255   -1   1354   1
c  1206   -1   1257   1
c  1206   -1   1210   1
c  1203   -1   1254   1
c  1203   -1   1205   1
c  1156   -1   1207   1
c  1101   -1   1152   1
c  1101   -1   1153   1
c  1151   -1   1202   1
c  1151   -1   1153   1
c  1202   -1   1251   1
c  1202   -1   1153   1
c  1253   -1   1302   1
c  1253   -1   1202   1
c  1252   -1   1352   1
c  1252   -1   1254   1
c  1251   -1   1302   1
c  1251   -1   1253   1
c  1355   -1   1255   1
c  1355   -1   1154   1
c  1306   -1   1304   1
c  1306   -1   1405   1
c  1257   -1   1305   1
c  1254   -1   1305   1
c  1254   -1   1256   1
c  1207   -1   1158   1
c  1208   -1   1210   1
c  1208   -1   1159   1
c  74   -1   125   1
c  74   -1   25   1
c  25   -1   76   1
c  25   -1   175   1
c  124   -1   75   1
c  124   -1   77   1
c  174   -1   274   1
c  174   -1   123   1
c  175   -1   124   1
c  175   -1   123   1
c  273   -1   322   1
c  324   -1   273   1
c  324   -1   272   1
c  223   -1   274   1
c  223   -1   323   1
c  274   -1   225   1
c  274   -1   325   1
c  473   -1   524   1
c  473   -1   322   1
c  767   -1   667   1
c  767   -1   716   1
c  816   -1   865   1
c  816   -1   814   1
c  866   -1   767   1
c  569   -1   620   1
c  569   -1   670   1
c  768   -1   819   1
c  768   -1   869   1
c  669   -1   718   1
c  669   -1   620   1
c  719   -1   770   1
c  719   -1   670   1
c  915   -1   864   1
c  915   -1   814   1
c  865   -1   914   1
c  865   -1   965   1
c  619   -1   670   1
c  619   -1   719   1
c  769   -1   718   1
c  769   -1   771   1
c  471   -1   422   1
c  471   -1   423   1
c  570   -1   621   1
c  570   -1   470   1
c  522   -1   471   1
c  522   -1   519   1
c  620   -1   572   1
c  620   -1   522   1
c  521   -1   621   1
c  521   -1   671   1
c  571   -1   520   1
c  571   -1   471   1
c  423   -1   372   1
c  423   -1   472   1
c  374   -1   325   1
c  374   -1   276   1
c  472   -1   521   1
c  965   -1   916   1
c  1064   -1   1016   1
c  1064   -1   1017   1
c  1113   -1   1111   1
c  1113   -1   1164   1
c  1163   -1   1214   1
c  1163   -1   1114   1
c  1160   -1   1162   1
c  1160   -1   1211   1
c  1211   -1   1109   1
c  1209   -1   1158   1
c  1209   -1   1207   1
c  1262   -1   1159   1
c  1161   -1   1212   1
c  1161   -1   1263   1
c  1210   -1   1310   1
c  1210   -1   1359   1
c  1015   -1   1066   1
c  1015   -1   1017   1
c  1016   -1   1065   1
c  1016   -1   1014   1
c  1212   -1   1163   1
c  1212   -1   1263   1
c  1213   -1   1162   1
c  1213   -1   1113   1
c  1164   -1   1115   1
c  1115   -1   1064   1
c  1115   -1   1066   1
c  1065   -1   1114   1
c  1305   -1   1354   1
c  1357   -1   1359   1
c  1357   -1   1255   1
c  1304   -1   1253   1
c  1304   -1   1353   1
c  1354   -1   1455   1
c  1354   -1   1302   1
c  1302   -1   1203   1
c  1303   -1   1403   1
c  1303   -1   1352   1
c  1352   -1   1253   1
c  1301   -1   1252   1
c  1301   -1   1451   1
c  1405   -1   1354   1
c  1405   -1   1454   1
c  1356   -1   1405   1
c  1356   -1   1305   1
c  1351   -1   1402   1
c  1351   -1   1355   1
c  1404   -1   1455   1
c  1404   -1   1355   1
c  1307   -1   1356   1
c  1307   -1   1355   1
c  1406   -1   1455   1
c  1406   -1   1306   1
c  1258   -1   1260   1
c  1258   -1   1309   1
c  1259   -1   1208   1
c  1259   -1   1207   1
c  1308   -1   1357   1
c  1308   -1   1208   1
c  75   -1   126   1
c  125   -1   174   1
c  125   -1   77   1
c  26   -1   75   1
c  26   -1   77   1
c  77   -1   75   1
c  77   -1   25   1
c  76   -1   125   1
c  76   -1   124   1
c  225   -1   276   1
c  225   -1   124   1
c  224   -1   175   1
c  224   -1   275   1
c  176   -1   125   1
c  176   -1   227   1
c  325   -1   376   1
c  325   -1   426   1
c  424   -1   475   1
c  424   -1   324   1
c  326   -1   324   1
c  326   -1   275   1
c  275   -1   223   1
c  523   -1   575   1
c  474   -1   525   1
c  474   -1   523   1
c  524   -1   575   1
c  524   -1   626   1
c  817   -1   768   1
c  817   -1   866   1
c  867   -1   865   1
c  867   -1   767   1
c  916   -1   967   1
c  916   -1   1016   1
c  670   -1   721   1
c  670   -1   672   1
c  818   -1   869   1
c  818   -1   870   1
c  819   -1   770   1
c  819   -1   672   1
c  869   -1   871   1
c  720   -1   671   1
c  720   -1   521   1
c  770   -1   721   1
c  868   -1   870   1
c  868   -1   769   1
c  771   -1   820   1
c  771   -1   819   1
c  572   -1   570   1
c  572   -1   621   1
c  621   -1   670   1
c  573   -1   622   1
c  573   -1   522   1
c  671   -1   622   1
c  671   -1   722   1
c  623   -1   572   1
c  623   -1   571   1
c  375   -1   326   1
c  375   -1   426   1
c  276   -1   327   1
c  276   -1   425   1
c  966   -1   1017   1
c  966   -1   867   1
c  917   -1   968   1
c  917   -1   965   1
c  1017   -1   1117   1
c  1017   -1   1167   1
c  1214   -1   1314   1
c  1214   -1   1263   1
c  1261   -1   1210   1
c  1261   -1   1160   1
c  1309   -1   1210   1
c  1309   -1   1211   1
c  1312   -1   1361   1
c  1263   -1   1312   1
c  1263   -1   1362   1
c  1260   -1   1262   1
c  1260   -1   1312   1
c  1264   -1   1262   1
c  1310   -1   1259   1
c  1310   -1   1161   1
c  1358   -1   1409   1
c  1358   -1   1210   1
c  1359   -1   1362   1
c  1359   -1   1412   1
c  1066   -1   1166   1
c  1066   -1   1117   1
c  1067   -1   1016   1
c  1067   -1   1118   1
c  1165   -1   1167   1
c  1165   -1   1266   1
c  1116   -1   1165   1
c  1116   -1   1167   1
c  1166   -1   1115   1
c  1117   -1   1166   1
c  1117   -1   1115   1
c  1553   -1   1305   1
c  1407   -1   1358   1
c  1407   -1   1359   1
c  1457   -1   1357   1
c  1457   -1   1506   1
c  1353   -1   1351   1
c  1353   -1   1302   1
c  1453   -1   1354   1
c  1455   -1   1504   1
c  1455   -1   1308   1
c  1403   -1   1405   1
c  1403   -1   1454   1
c  1402   -1   1451   1
c  1402   -1   1453   1
c  1401   -1   1352   1
c  1401   -1   1502   1
c  1451   -1   1352   1
c  1605   -1   1556   1
c  1605   -1   1405   1
c  1452   -1   1403   1
c  1452   -1   1404   1
c  1456   -1   1507   1
c  1456   -1   1407   1
c  1408   -1   1406   1
c  1408   -1   1457   1
c  129   -1   76   1
c  129   -1   75   1
c  126   -1   78   1
c  27   -1   78   1
c  27   -1   127   1
c  127   -1   176   1
c  127   -1   28   1
c  78   -1   76   1
c  78   -1   129   1
c  128   -1   77   1
c  226   -1   177   1
c  226   -1   178   1
c  177   -1   228   1
c  177   -1   179   1
c  227   -1   178   1
c  227   -1   229   1
c  376   -1   427   1
c  376   -1   425   1
c  426   -1   326   1
c  425   -1   476   1
c  425   -1   525   1
c  475   -1   524   1
c  475   -1   574   1
c  327   -1   226   1
c  377   -1   326   1
c  377   -1   328   1
c  277   -1   275   1
c  277   -1   328   1
c  575   -1   626   1
c  575   -1   527   1
c  525   -1   476   1
c  525   -1   527   1
c  574   -1   674   1
c  574   -1   625   1
c  626   -1   577   1
c  967   -1   918   1
c  967   -1   1018   1
c  721   -1   672   1
c  721   -1   772   1
c  672   -1   723   1
c  672   -1   623   1
c  870   -1   921   1
c  870   -1   821   1
c  820   -1   920   1
c  820   -1   918   1
c  919   -1   970   1
c  919   -1   971   1
c  918   -1   869   1
c  918   -1   870   1
c  871   -1   922   1
c  821   -1   772   1
c  821   -1   872   1
c  772   -1   823   1
c  772   -1   824   1
c  822   -1   771   1
c  822   -1   820   1
c  622   -1   673   1
c  622   -1   723   1
c  722   -1   776   1
c  673   -1   722   1
c  673   -1   773   1
c  624   -1   673   1
c  624   -1   675   1
c  968   -1   1119   1
c  1018   -1   969   1
c  1018   -1   1020   1
c  1068   -1   968   1
c  1068   -1   1017   1
c  969   -1   967   1
c  969   -1   1017   1
c  1118   -1   1017   1
c  1167   -1   1118   1
c  1215   -1   1264   1
c  1215   -1   1314   1
c  1314   -1   1363   1
c  1314   -1   1464   1
c  1311   -1   1362   1
c  1311   -1   1360   1
c  1313   -1   1261   1
c  1313   -1   1310   1
c  1361   -1   1310   1
c  1361   -1   1309   1
c  1362   -1   1364   1
c  1362   -1   1314   1
c  1411   -1   1360   1
c  1411   -1   1263   1
c  1265   -1   1316   1
c  1265   -1   1216   1
c  1360   -1   1460   1
c  1360   -1   1459   1
c  1410   -1   1310   1
c  1410   -1   1412   1
c  1409   -1   1508   1
c  1412   -1   1363   1
c  1412   -1   1361   1
c  1216   -1   1165   1
c  1216   -1   1169   1
c  1266   -1   1315   1
c  1266   -1   1366   1
c  1217   -1   1266   1
c  1217   -1   1116   1
c  1503   -1   1552   1
c  1503   -1   1554   1
c  1552   -1   1554   1
c  1552   -1   1454   1
c  1603   -1   1552   1
c  1603   -1   1503   1
c  1554   -1   1556   1
c  1554   -1   1605   1
c  1504   -1   1553   1
c  1504   -1   1603   1
c  1651   -1   1553   1
c  1604   -1   1553   1
c  1604   -1   1503   1
c  1507   -1   1455   1
c  1458   -1   1460   1
c  1458   -1   1410   1
c  1506   -1   1555   1
c  1506   -1   1504   1
c  1505   -1   1556   1
c  1505   -1   1554   1
c  1501   -1   1402   1
c  1501   -1   1403   1
c  1502   -1   1551   1
c  1502   -1   1451   1
c  1555   -1   1606   1
c  1555   -1   1608   1
c  1655   -1   1704   1
c  1655   -1   1703   1
c  1606   -1   1604   1
c  1606   -1   1654   1
c  1657   -1   1605   1
c  1657   -1   1653   1
c  1556   -1   1507   1
c  79   -1   28   1
c  79   -1   128   1
c  179   -1   181   1
c  130   -1   179   1
c  130   -1   181   1
c  80   -1   129   1
c  80   -1   179   1
c  180   -1   129   1
c  180   -1   80   1
c  131   -1   129   1
c  131   -1   183   1
c  31   -1   29   1
c  31   -1   129   1
c  28   -1   128   1
c  28   -1   31   1
c  29   -1   80   1
c  29   -1   78   1
c  178   -1   229   1
c  178   -1   278   1
c  228   -1   179   1
c  228   -1   277   1
c  229   -1   280   1
c  229   -1   180   1
c  427   -1   425   1
c  427   -1   475   1
c  476   -1   478   1
c  476   -1   527   1
c  328   -1   379   1
c  328   -1   429   1
c  278   -1   329   1
c  278   -1   327   1
c  378   -1   429   1
c  378   -1   278   1
c  379   -1   377   1
c  625   -1   576   1
c  625   -1   577   1
c  576   -1   525   1
c  576   -1   675   1
c  627   -1   576   1
c  627   -1   575   1
c  527   -1   478   1
c  526   -1   626   1
c  526   -1   627   1
c  674   -1   625   1
c  674   -1   676   1
c  676   -1   627   1
c  676   -1   577   1
c  628   -1   626   1
c  628   -1   727   1
c  577   -1   526   1
c  1019   -1   968   1
c  1019   -1   967   1
c  1020   -1   969   1
c  1020   -1   967   1
c  920   -1   969   1
c  920   -1   971   1
c  872   -1   870   1
c  872   -1   823   1
c  971   -1   871   1
c  971   -1   870   1
c  921   -1   970   1
c  921   -1   872   1
c  970   -1   1019   1
c  970   -1   1018   1
c  922   -1   873   1
c  773   -1   822   1
c  773   -1   872   1
c  823   -1   874   1
c  823   -1   825   1
c  824   -1   873   1
c  824   -1   826   1
c  724   -1   773   1
c  724   -1   722   1
c  776   -1   876   1
c  776   -1   925   1
c  675   -1   673   1
c  1119   -1   1168   1
c  1119   -1   1218   1
c  1070   -1   1068   1
c  1070   -1   1018   1
c  1069   -1   1020   1
c  1069   -1   920   1
c  1168   -1   1170   1
c  1168   -1   1217   1
c  1267   -1   1368   1
c  1267   -1   1118   1
c  1364   -1   1464   1
c  1364   -1   1415   1
c  1315   -1   1366   1
c  1368   -1   1468   1
c  1368   -1   1314   1
c  1363   -1   1361   1
c  1464   -1   1515   1
c  1464   -1   1512   1
c  1461   -1   1412   1
c  1461   -1   1361   1
c  1462   -1   1411   1
c  1462   -1   1361   1
c  1460   -1   1411   1
c  1413   -1   1462   1
c  1413   -1   1411   1
c  1316   -1   1365   1
c  1316   -1   1216   1
c  1459   -1   1508   1
c  1459   -1   1507   1
c  1508   -1   1559   1
c  1218   -1   1267   1
c  1218   -1   1216   1
c  1268   -1   1217   1
c  1268   -1   1216   1
c  1169   -1   1069   1
c  1366   -1   1466   1
c  1366   -1   1414   1
c  1551   -1   1602   1
c  1602   -1   1651   1
c  1602   -1   1653   1
c  1653   -1   1753   1
c  1653   -1   1704   1
c  1601   -1   1603   1
c  1601   -1   1653   1
c  1654   -1   1603   1
c  1654   -1   1652   1
c  1701   -1   1752   1
c  1701   -1   1703   1
c  1652   -1   1703   1
c  1652   -1   1751   1
c  1557   -1   1506   1
c  1557   -1   1608   1
c  1608   -1   1655   1
c  1608   -1   1656   1
c  1705   -1   1754   1
c  1705   -1   1756   1
c  1656   -1   1658   1
c  1656   -1   1707   1
c  1704   -1   1755   1
c  1704   -1   1701   1
c  1703   -1   1754   1
c  1607   -1   1656   1
c  1607   -1   1556   1
c  1707   -1   1857   1
c  1658   -1   1707   1
c  1658   -1   1709   1
c  1611   -1   1659   1
c  1611   -1   1657   1
c  230   -1   130   1
c  230   -1   179   1
c  181   -1   232   1
c  32   -1   83   1
c  32   -1   130   1
c  30   -1   81   1
c  30   -1   82   1
c  81   -1   32   1
c  81   -1   133   1
c  231   -1   180   1
c  231   -1   182   1
c  132   -1   232   1
c  132   -1   181   1
c  182   -1   131   1
c  182   -1   81   1
c  183   -1   185   1
c  183   -1   235   1
c  279   -1   230   1
c  279   -1   330   1
c  280   -1   329   1
c  280   -1   231   1
c  477   -1   528   1
c  477   -1   578   1
c  428   -1   479   1
c  428   -1   532   1
c  478   -1   529   1
c  478   -1   629   1
c  329   -1   380   1
c  429   -1   329   1
c  380   -1   429   1
c  380   -1   378   1
c  530   -1   428   1
c  530   -1   378   1
c  479   -1   379   1
c  480   -1   529   1
c  480   -1   379   1
c  481   -1   530   1
c  481   -1   379   1
c  727   -1   827   1
c  727   -1   625   1
c  677   -1   577   1
c  677   -1   578   1
c  528   -1   577   1
c  726   -1   775   1
c  726   -1   675   1
c  728   -1   726   1
c  728   -1   676   1
c  578   -1   529   1
c  578   -1   629   1
c  678   -1   629   1
c  678   -1   681   1
c  629   -1   680   1
c  1021   -1   921   1
c  1021   -1   1070   1
c  873   -1   773   1
c  873   -1   973   1
c  972   -1   1072   1
c  972   -1   1021   1
c  1023   -1   972   1
c  1023   -1   971   1
c  923   -1   823   1
c  923   -1   824   1
c  1022   -1   922   1
c  1022   -1   923   1
c  774   -1   874   1
c  774   -1   825   1
c  874   -1   825   1
c  825   -1   724   1
c  826   -1   828   1
c  725   -1   774   1
c  725   -1   776   1
c  775   -1   675   1
c  777   -1   826   1
c  777   -1   780   1
c  827   -1   776   1
c  827   -1   778   1
c  876   -1   927   1
c  876   -1   827   1
c  925   -1   974   1
c  925   -1   973   1
c  1120   -1   1171   1
c  1120   -1   1169   1
c  1219   -1   1119   1
c  1219   -1   1120   1
c  1071   -1   1120   1
c  1071   -1   1122   1
c  1170   -1   1270   1
c  1170   -1   1269   1
c  1317   -1   1366   1
c  1317   -1   1365   1
c  1318   -1   1316   1
c  1318   -1   1267   1
c  1414   -1   1463   1
c  1414   -1   1514   1
c  1365   -1   1416   1
c  1365   -1   1417   1
c  1415   -1   1417   1
c  1415   -1   1316   1
c  1367   -1   1316   1
c  1367   -1   1418   1
c  1418   -1   1321   1
c  1418   -1   1371   1
c  1369   -1   1420   1
c  1369   -1   1470   1
c  1419   -1   1368   1
c  1419   -1   1518   1
c  1468   -1   1519   1
c  1468   -1   1521   1
c  1463   -1   1512   1
c  1463   -1   1461   1
c  1514   -1   1565   1
c  1514   -1   1615   1
c  1465   -1   1516   1
c  1465   -1   1566   1
c  1512   -1   1612   1
c  1512   -1   1563   1
c  1511   -1   1509   1
c  1511   -1   1559   1
c  1510   -1   1561   1
c  1510   -1   1461   1
c  1509   -1   1609   1
c  1509   -1   1610   1
c  1558   -1   1609   1
c  1558   -1   1607   1
c  1559   -1   1510   1
c  1269   -1   1218   1
c  1416   -1   1467   1
c  1416   -1   1367   1
c  1466   -1   1417   1
c  1466   -1   1515   1
c  1753   -1   1755   1
c  1753   -1   1804   1
c  1751   -1   1753   1
c  1751   -1   1851   1
c  1702   -1   1802   1
c  1702   -1   1751   1
c  1752   -1   1703   1
c  1752   -1   1801   1
c  1609   -1   1658   1
c  1610   -1   1608   1
c  1610   -1   1661   1
c  1755   -1   1804   1
c  1755   -1   1703   1
c  1706   -1   1757   1
c  1706   -1   1855   1
c  1754   -1   1803   1
c  1756   -1   1707   1
c  1756   -1   1807   1
c  1757   -1   1806   1
c  1757   -1   1857   1
c  1708   -1   1659   1
c  1708   -1   1759   1
c  1758   -1   1709   1
c  1758   -1   1707   1
c  1857   -1   1758   1
c  1857   -1   2005   1
c  1659   -1   1559   1
c  1659   -1   1610   1
c  1709   -1   1660   1
c  1709   -1   1610   1
c  1561   -1   1610   1
c  1561   -1   1512   1
c  1661   -1   1561   1
c  1612   -1   1663   1
c  1660   -1   1611   1
c  1660   -1   1609   1
c  330   -1   230   1
c  330   -1   231   1
c  281   -1   230   1
c  281   -1   232   1
c  133   -1   82   1
c  133   -1   181   1
c  232   -1   183   1
c  82   -1   84   1
c  82   -1   34   1
c  33   -1   82   1
c  33   -1   35   1
c  83   -1   85   1
c  83   -1   35   1
c  282   -1   231   1
c  282   -1   334   1
c  233   -1   184   1
c  233   -1   182   1
c  184   -1   135   1
c  184   -1   84   1
c  185   -1   137   1
c  185   -1   138   1
c  235   -1   287   1
c  235   -1   288   1
c  331   -1   382   1
c  331   -1   280   1
c  332   -1   232   1
c  332   -1   280   1
c  532   -1   583   1
c  532   -1   581   1
c  529   -1   430   1
c  430   -1   481   1
c  430   -1   434   1
c  431   -1   480   1
c  431   -1   429   1
c  381   -1   430   1
c  381   -1   480   1
c  580   -1   629   1
c  580   -1   680   1
c  531   -1   580   1
c  531   -1   583   1
c  482   -1   433   1
c  482   -1   381   1
c  778   -1   729   1
c  778   -1   829   1
c  729   -1   680   1
c  729   -1   681   1
c  579   -1   581   1
c  579   -1   531   1
c  679   -1   579   1
c  679   -1   681   1
c  681   -1   632   1
c  630   -1   679   1
c  630   -1   579   1
c  680   -1   631   1
c  924   -1   1024   1
c  924   -1   873   1
c  875   -1   924   1
c  875   -1   873   1
c  973   -1   924   1
c  973   -1   875   1
c  1073   -1   1122   1
c  1073   -1   972   1
c  1072   -1   1123   1
c  1072   -1   1023   1
c  1024   -1   1026   1
c  1024   -1   925   1
c  974   -1   923   1
c  974   -1   1074   1
c  1074   -1   1025   1
c  1074   -1   923   1
c  828   -1   879   1
c  828   -1   929   1
c  780   -1   729   1
c  780   -1   880   1
c  877   -1   926   1
c  877   -1   879   1
c  926   -1   1026   1
c  926   -1   1027   1
c  927   -1   978   1
c  975   -1   924   1
c  975   -1   877   1
c  1121   -1   1221   1
c  1121   -1   1271   1
c  1171   -1   1271   1
c  1171   -1   1173   1
c  1220   -1   1269   1
c  1220   -1   1319   1
c  1122   -1   1171   1
c  1122   -1   1170   1
c  1270   -1   1319   1
c  1270   -1   1370   1
c  1319   -1   1419   1
c  1319   -1   1420   1
c  1417   -1   1468   1
c  1417   -1   1568   1
c  1467   -1   1418   1
c  1467   -1   1469   1
c  1321   -1   1421   1
c  1321   -1   1422   1
c  1371   -1   1422   1
c  1371   -1   1420   1
c  1370   -1   1319   1
c  1370   -1   1419   1
c  1469   -1   1369   1
c  1469   -1   1420   1
c  1420   -1   1471   1
c  1470   -1   1371   1
c  1470   -1   1269   1
c  1320   -1   1420   1
c  1320   -1   1419   1
c  1518   -1   1618   1
c  1518   -1   1569   1
c  1517   -1   1566   1
c  1517   -1   1468   1
c  1519   -1   1570   1
c  1519   -1   1670   1
c  1521   -1   1519   1
c  1521   -1   1570   1
c  1513   -1   1613   1
c  1513   -1   1564   1
c  1564   -1   1515   1
c  1564   -1   1463   1
c  1565   -1   1614   1
c  1565   -1   1616   1
c  1615   -1   1566   1
c  1615   -1   1716   1
c  1516   -1   1467   1
c  1566   -1   1515   1
c  1566   -1   1617   1
c  1562   -1   1513   1
c  1562   -1   1564   1
c  1560   -1   1562   1
c  1560   -1   1512   1
c  1563   -1   1612   1
c  1803   -1   1752   1
c  1804   -1   1752   1
c  1801   -1   1852   1
c  1851   -1   1802   1
c  1851   -1   1752   1
c  1802   -1   1804   1
c  1802   -1   1805   1
c  1805   -1   1905   1
c  1805   -1   1902   1
c  1855   -1   1853   1
c  1855   -1   1903   1
c  1806   -1   1857   1
c  1806   -1   1906   1
c  1807   -1   1907   1
c  1807   -1   1908   1
c  1759   -1   1859   1
c  1808   -1   1859   1
c  1808   -1   1857   1
c  1856   -1   1907   1
c  1856   -1   1858   1
c  1907   -1   1956   1
c  1907   -1   2007   1
c  1858   -1   1806   1
c  1906   -1   1857   1
c  1906   -1   1858   1
c  2005   -1   1954   1
c  2005   -1   2054   1
c  1710   -1   1759   1
c  1710   -1   1810   1
c  1711   -1   1660   1
c  1711   -1   1662   1
c  1662   -1   1664   1
c  1662   -1   1714   1
c  1712   -1   1663   1
c  1712   -1   1661   1
c  1613   -1   1662   1
c  1613   -1   1661   1
c  1663   -1   1614   1
c  1663   -1   1564   1
c  333   -1   282   1
c  333   -1   281   1
c  134   -1   83   1
c  134   -1   283   1
c  84   -1   133   1
c  84   -1   33   1
c  34   -1   85   1
c  34   -1   36   1
c  35   -1   84   1
c  283   -1   332   1
c  283   -1   335   1
c  382   -1   282   1
c  334   -1   283   1
c  234   -1   185   1
c  234   -1   285   1
c  135   -1   86   1
c  135   -1   84   1
c  186   -1   86   1
c  186   -1   137   1
c  237   -1   186   1
c  237   -1   185   1
c  137   -1   188   1
c  137   -1   86   1
c  138   -1   187   1
c  138   -1   135   1
c  285   -1   334   1
c  236   -1   234   1
c  236   -1   285   1
c  284   -1   235   1
c  284   -1   236   1
c  287   -1   238   1
c  287   -1   236   1
c  288   -1   339   1
c  288   -1   341   1
c  432   -1   381   1
c  432   -1   331   1
c  582   -1   631   1
c  582   -1   681   1
c  533   -1   582   1
c  533   -1   584   1
c  534   -1   532   1
c  534   -1   483   1
c  581   -1   681   1
c  581   -1   431   1
c  434   -1   483   1
c  434   -1   485   1
c  483   -1   382   1
c  483   -1   431   1
c  435   -1   482   1
c  433   -1   484   1
c  433   -1   384   1
c  779   -1   828   1
c  779   -1   731   1
c  829   -1   878   1
c  829   -1   877   1
c  730   -1   781   1
c  730   -1   630   1
c  631   -1   733   1
c  631   -1   783   1
c  731   -1   782   1
c  731   -1   733   1
c  682   -1   631   1
c  682   -1   733   1
c  732   -1   681   1
c  732   -1   784   1
c  632   -1   683   1
c  632   -1   533   1
c  781   -1   732   1
c  781   -1   680   1
c  1123   -1   1174   1
c  1123   -1   1224   1
c  1075   -1   1073   1
c  1075   -1   1124   1
c  1025   -1   1072   1
c  1025   -1   1122   1
c  1124   -1   1024   1
c  1026   -1   975   1
c  1026   -1   1075   1
c  976   -1   1025   1
c  976   -1   974   1
c  878   -1   978   1
c  878   -1   779   1
c  879   -1   928   1
c  929   -1   878   1
c  929   -1   880   1
c  830   -1   879   1
c  830   -1   779   1
c  831   -1   780   1
c  831   -1   879   1
c  880   -1   931   1
c  880   -1   932   1
c  1027   -1   1029   1
c  1027   -1   1079   1
c  977   -1   1026   1
c  977   -1   1025   1
c  928   -1   977   1
c  978   -1   929   1
c  978   -1   1029   1
c  1172   -1   1221   1
c  1172   -1   1121   1
c  1221   -1   1273   1
c  1271   -1   1320   1
c  1271   -1   1222   1
c  1173   -1   1224   1
c  1173   -1   1222   1
c  1568   -1   1517   1
c  1568   -1   1467   1
c  1322   -1   1271   1
c  1322   -1   1371   1
c  1421   -1   1470   1
c  1421   -1   1522   1
c  1422   -1   1471   1
c  1372   -1   1423   1
c  1372   -1   1424   1
c  1471   -1   1520   1
c  1471   -1   1522   1
c  1520   -1   1518   1
c  1520   -1   1618   1
c  1618   -1   1669   1
c  1618   -1   1667   1
c  1569   -1   1571   1
c  1567   -1   1516   1
c  1567   -1   1669   1
c  1617   -1   1517   1
c  1668   -1   1519   1
c  1570   -1   1670   1
c  1570   -1   1619   1
c  1670   -1   1719   1
c  1670   -1   1721   1
c  1571   -1   1622   1
c  1571   -1   1672   1
c  1522   -1   1622   1
c  1522   -1   1571   1
c  1523   -1   1521   1
c  1523   -1   1571   1
c  1614   -1   1714   1
c  1614   -1   1665   1
c  1616   -1   1665   1
c  1616   -1   1567   1
c  1665   -1   1765   1
c  1665   -1   1566   1
c  1715   -1   1766   1
c  1715   -1   1615   1
c  1716   -1   1713   1
c  1853   -1   1802   1
c  1853   -1   1902   1
c  1854   -1   1905   1
c  1854   -1   1954   1
c  1901   -1   1801   1
c  1901   -1   1853   1
c  1852   -1   1901   1
c  1852   -1   1903   1
c  2002   -1   1901   1
c  2002   -1   1851   1
c  1903   -1   1802   1
c  1905   -1   1903   1
c  1902   -1   1951   1
c  1902   -1   2001   1
c  1904   -1   1855   1
c  1904   -1   1955   1
c  1956   -1   1905   1
c  1956   -1   1855   1
c  1908   -1   1959   1
c  1908   -1   1957   1
c  1809   -1   1858   1
c  1809   -1   1761   1
c  1760   -1   1711   1
c  1760   -1   1859   1
c  1859   -1   1861   1
c  1859   -1   1959   1
c  1810   -1   1808   1
c  1810   -1   1859   1
c  1860   -1   1809   1
c  1860   -1   1808   1
c  1957   -1   1906   1
c  1909   -1   1907   1
c  1909   -1   1860   1
c  2007   -1   2058   1
c  1955   -1   2006   1
c  1955   -1   2103   1
c  2004   -1   2006   1
c  2004   -1   2053   1
c  2055   -1   2106   1
c  2055   -1   2156   1
c  2006   -1   1957   1
c  2006   -1   2055   1
c  2003   -1   1952   1
c  2003   -1   2005   1
c  1958   -1   2007   1
c  1958   -1   2005   1
c  1954   -1   1903   1
c  1954   -1   2007   1
c  2054   -1   2003   1
c  2054   -1   1954   1
c  1761   -1   1812   1
c  1761   -1   1861   1
c  1713   -1   1662   1
c  1713   -1   1762   1
c  1664   -1   1613   1
c  1664   -1   1716   1
c  1714   -1   1765   1
c  1714   -1   1716   1
c  1762   -1   1813   1
c  1762   -1   1760   1
c  1666   -1   1613   1
c  1666   -1   1663   1
c  383   -1   484   1
c  383   -1   535   1
c  36   -1   85   1
c  36   -1   135   1
c  86   -1   37   1
c  86   -1   187   1
c  136   -1   87   1
c  136   -1   85   1
c  87   -1   36   1
c  87   -1   85   1
c  335   -1   435   1
c  335   -1   485   1
c  384   -1   435   1
c  384   -1   484   1
c  385   -1   383   1
c  385   -1   334   1
c  187   -1   236   1
c  238   -1   236   1
c  238   -1   189   1
c  286   -1   237   1
c  286   -1   335   1
c  289   -1   238   1
c  289   -1   137   1
c  188   -1   239   1
c  188   -1   139   1
c  88   -1   188   1
c  88   -1   187   1
c  139   -1   87   1
c  139   -1   37   1
c  189   -1   138   1
c  189   -1   187   1
c  90   -1   138   1
c  336   -1   385   1
c  336   -1   285   1
c  337   -1   335   1
c  337   -1   285   1
c  338   -1   287   1
c  338   -1   290   1
c  339   -1   388   1
c  339   -1   239   1
c  341   -1   343   1
c  341   -1   290   1
c  584   -1   587   1
c  584   -1   537   1
c  484   -1   435   1
c  535   -1   484   1
c  535   -1   434   1
c  634   -1   683   1
c  634   -1   534   1
c  585   -1   534   1
c  585   -1   684   1
c  633   -1   682   1
c  633   -1   631   1
c  485   -1   433   1
c  436   -1   387   1
c  436   -1   487   1
c  386   -1   435   1
c  386   -1   485   1
c  733   -1   784   1
c  733   -1   735   1
c  783   -1   834   1
c  783   -1   737   1
c  782   -1   831   1
c  782   -1   830   1
c  784   -1   884   1
c  784   -1   833   1
c  832   -1   781   1
c  832   -1   884   1
c  1125   -1   1123   1
c  1125   -1   1174   1
c  1174   -1   1225   1
c  1174   -1   1274   1
c  1224   -1   1125   1
c  1224   -1   1126   1
c  1076   -1   1027   1
c  1076   -1   1025   1
c  1126   -1   1075   1
c  1126   -1   1177   1
c  1175   -1   1124   1
c  1175   -1   1126   1
c  1176   -1   1125   1
c  1176   -1   1124   1
c  979   -1   928   1
c  979   -1   878   1
c  980   -1   929   1
c  980   -1   879   1
c  930   -1   981   1
c  930   -1   982   1
c  882   -1   880   1
c  882   -1   830   1
c  881   -1   832   1
c  881   -1   785   1
c  931   -1   882   1
c  931   -1   980   1
c  932   -1   983   1
c  932   -1   984   1
c  1077   -1   1028   1
c  1077   -1   1029   1
c  1028   -1   979   1
c  1028   -1   1080   1
c  1029   -1   1080   1
c  1079   -1   979   1
c  1079   -1   980   1
c  1222   -1   1224   1
c  1222   -1   1175   1
c  1273   -1   1324   1
c  1273   -1   1374   1
c  1272   -1   1372   1
c  1272   -1   1422   1
c  1323   -1   1272   1
c  1323   -1   1271   1
c  1223   -1   1323   1
c  1223   -1   1274   1
c  1472   -1   1523   1
c  1472   -1   1421   1
c  1423   -1   1374   1
c  1423   -1   1472   1
c  1373   -1   1324   1
c  1373   -1   1424   1
c  1424   -1   1375   1
c  1424   -1   1475   1
c  1621   -1   1672   1
c  1621   -1   1520   1
c  1619   -1   1668   1
c  1619   -1   1667   1
c  1669   -1   1718   1
c  1669   -1   1569   1
c  1667   -1   1669   1
c  1667   -1   1718   1
c  1718   -1   1820   1
c  1719   -1   1717   1
c  1719   -1   1668   1
c  1620   -1   1622   1
c  1620   -1   1671   1
c  1720   -1   1669   1
c  1720   -1   1718   1
c  1671   -1   1722   1
c  1721   -1   1770   1
c  1721   -1   1719   1
c  1572   -1   1672   1
c  1572   -1   1621   1
c  1622   -1   1671   1
c  1622   -1   1721   1
c  1672   -1   1772   1
c  1672   -1   1822   1
c  1473   -1   1424   1
c  1473   -1   1475   1
c  1573   -1   1674   1
c  1573   -1   1724   1
c  1524   -1   1424   1
c  1524   -1   1475   1
c  1624   -1   1573   1
c  1624   -1   1523   1
c  1765   -1   1814   1
c  1765   -1   1813   1
c  1717   -1   1768   1
c  1717   -1   1715   1
c  1766   -1   1664   1
c  1816   -1   1716   1
c  1816   -1   1818   1
c  1951   -1   1953   1
c  1951   -1   2003   1
c  1952   -1   2001   1
c  1952   -1   2053   1
c  2001   -1   1903   1
c  2052   -1   2103   1
c  2052   -1   2101   1
c  2051   -1   2002   1
c  2051   -1   1951   1
c  2102   -1   2051   1
c  2102   -1   2002   1
c  1953   -1   2001   1
c  1953   -1   2051   1
c  2056   -1   2105   1
c  2056   -1   1956   1
c  1959   -1   2006   1
c  1811   -1   1809   1
c  1811   -1   1860   1
c  1861   -1   1812   1
c  1861   -1   1762   1
c  1910   -1   1961   1
c  1910   -1   1962   1
c  1862   -1   1913   1
c  1862   -1   1860   1
c  2057   -1   2108   1
c  2008   -1   2057   1
c  2008   -1   2107   1
c  2058   -1   2109   1
c  2058   -1   2159   1
c  2053   -1   2102   1
c  2053   -1   1955   1
c  2103   -1   2101   1
c  2103   -1   2152   1
c  2105   -1   2054   1
c  2106   -1   2057   1
c  2106   -1   2058   1
c  2156   -1   2205   1
c  2156   -1   2255   1
c  2104   -1   2155   1
c  2104   -1   2252   1
c  1812   -1   1863   1
c  1763   -1   1812   1
c  1763   -1   1815   1
c  1814   -1   1763   1
c  1814   -1   1713   1
c  1764   -1   1813   1
c  1764   -1   1815   1
c  1815   -1   1714   1
c  1813   -1   1913   1
c  1813   -1   1862   1
c  1767   -1   1667   1
c  1767   -1   1666   1
c  37   -1   88   1
c  37   -1   89   1
c  190   -1   86   1
c  387   -1   438   1
c  387   -1   385   1
c  239   -1   187   1
c  290   -1   190   1
c  290   -1   342   1
c  38   -1   89   1
c  38   -1   90   1
c  89   -1   140   1
c  89   -1   40   1
c  140   -1   191   1
c  140   -1   192   1
c  240   -1   189   1
c  40   -1   140   1
c  40   -1   91   1
c  91   -1   140   1
c  39   -1   90   1
c  39   -1   140   1
c  41   -1   90   1
c  41   -1   140   1
c  388   -1   439   1
c  438   -1   338   1
c  389   -1   338   1
c  389   -1   438   1
c  241   -1   338   1
c  241   -1   388   1
c  340   -1   393   1
c  439   -1   488   1
c  439   -1   339   1
c  291   -1   340   1
c  291   -1   390   1
c  391   -1   440   1
c  391   -1   343   1
c  342   -1   391   1
c  342   -1   442   1
c  390   -1   341   1
c  390   -1   393   1
c  343   -1   243   1
c  343   -1   292   1
c  587   -1   636   1
c  587   -1   538   1
c  537   -1   586   1
c  537   -1   636   1
c  536   -1   485   1
c  684   -1   735   1
c  684   -1   834   1
c  635   -1   633   1
c  635   -1   683   1
c  586   -1   635   1
c  586   -1   637   1
c  637   -1   737   1
c  637   -1   585   1
c  486   -1   537   1
c  486   -1   636   1
c  437   -1   388   1
c  437   -1   439   1
c  487   -1   536   1
c  734   -1   783   1
c  735   -1   835   1
c  735   -1   836   1
c  833   -1   882   1
c  884   -1   882   1
c  884   -1   783   1
c  834   -1   785   1
c  834   -1   885   1
c  737   -1   786   1
c  737   -1   836   1
c  785   -1   787   1
c  933   -1   884   1
c  933   -1   784   1
c  1225   -1   1176   1
c  1225   -1   1274   1
c  1274   -1   1323   1
c  1274   -1   1272   1
c  1275   -1   1175   1
c  1275   -1   1224   1
c  1127   -1   1178   1
c  1127   -1   1227   1
c  1177   -1   1175   1
c  1226   -1   1277   1
c  1226   -1   1328   1
c  1276   -1   1225   1
c  1276   -1   1176   1
c  981   -1   1030   1
c  981   -1   979   1
c  1030   -1   1130   1
c  1030   -1   1081   1
c  1031   -1   980   1
c  1031   -1   1082   1
c  1032   -1   1030   1
c  1032   -1   980   1
c  982   -1   1031   1
c  982   -1   1082   1
c  883   -1   932   1
c  883   -1   834   1
c  983   -1   1032   1
c  983   -1   884   1
c  984   -1   884   1
c  984   -1   986   1
c  1078   -1   1129   1
c  1078   -1   1080   1
c  1128   -1   1077   1
c  1128   -1   1177   1
c  1080   -1   1131   1
c  1080   -1   1031   1
c  1129   -1   1178   1
c  1129   -1   1080   1
c  1324   -1   1375   1
c  1324   -1   1327   1
c  1374   -1   1323   1
c  1374   -1   1274   1
c  1474   -1   1472   1
c  1474   -1   1574   1
c  1425   -1   1427   1
c  1425   -1   1428   1
c  1375   -1   1475   1
c  1375   -1   1525   1
c  1475   -1   1574   1
c  1768   -1   1819   1
c  1768   -1   1868   1
c  1769   -1   1767   1
c  1769   -1   1718   1
c  1820   -1   1769   1
c  1820   -1   1723   1
c  1818   -1   1767   1
c  1818   -1   1719   1
c  1770   -1   1772   1
c  1770   -1   1719   1
c  1722   -1   1775   1
c  1722   -1   1675   1
c  1771   -1   1722   1
c  1771   -1   1822   1
c  1525   -1   1572   1
c  1623   -1   1674   1
c  1673   -1   1622   1
c  1673   -1   1724   1
c  1772   -1   1823   1
c  1822   -1   1773   1
c  1574   -1   1623   1
c  1574   -1   1674   1
c  1674   -1   1723   1
c  1674   -1   1774   1
c  1724   -1   1773   1
c  1724   -1   1726   1
c  1625   -1   1574   1
c  1625   -1   1674   1
c  1817   -1   1766   1
c  1817   -1   1815   1
c  1866   -1   1915   1
c  1866   -1   1864   1
c  1865   -1   1867   1
c  1865   -1   1816   1
c  1868   -1   1866   1
c  1868   -1   1816   1
c  2101   -1   2152   1
c  2101   -1   2203   1
c  2152   -1   2154   1
c  2152   -1   2251   1
c  2107   -1   2056   1
c  2107   -1   2058   1
c  2159   -1   2056   1
c  2009   -1   2060   1
c  2009   -1   1960   1
c  1960   -1   1911   1
c  1960   -1   1962   1
c  2010   -1   2059   1
c  2010   -1   1959   1
c  1911   -1   1862   1
c  1911   -1   1812   1
c  1912   -1   1961   1
c  1912   -1   1910   1
c  1961   -1   2012   1
c  1961   -1   2010   1
c  1962   -1   1913   1
c  1962   -1   2013   1
c  1863   -1   1763   1
c  2203   -1   2254   1
c  2203   -1   2057   1
c  2108   -1   2157   1
c  2108   -1   2159   1
c  2059   -1   2008   1
c  2158   -1   2058   1
c  2158   -1   2059   1
c  2109   -1   2157   1
c  2153   -1   2202   1
c  2153   -1   2204   1
c  2155   -1   2206   1
c  2154   -1   2203   1
c  2154   -1   2105   1
c  2206   -1   2108   1
c  2157   -1   2155   1
c  2157   -1   2154   1
c  2207   -1   2156   1
c  2207   -1   2209   1
c  2205   -1   2256   1
c  2255   -1   2303   1
c  2252   -1   2303   1
c  1864   -1   1813   1
c  1864   -1   1913   1
c  1867   -1   1818   1
c  1867   -1   1815   1
c  191   -1   240   1
c  191   -1   291   1
c  141   -1   192   1
c  141   -1   190   1
c  192   -1   243   1
c  142   -1   241   1
c  142   -1   240   1
c  92   -1   94   1
c  92   -1   43   1
c  143   -1   92   1
c  143   -1   91   1
c  42   -1   93   1
c  42   -1   143   1
c  488   -1   537   1
c  490   -1   541   1
c  490   -1   438   1
c  242   -1   193   1
c  242   -1   293   1
c  292   -1   241   1
c  292   -1   191   1
c  393   -1   442   1
c  393   -1   294   1
c  489   -1   538   1
c  440   -1   489   1
c  440   -1   539   1
c  441   -1   392   1
c  441   -1   342   1
c  392   -1   343   1
c  392   -1   491   1
c  344   -1   293   1
c  344   -1   342   1
c  442   -1   493   1
c  293   -1   245   1
c  293   -1   195   1
c  243   -1   142   1
c  588   -1   590   1
c  588   -1   539   1
c  636   -1   687   1
c  636   -1   688   1
c  538   -1   540   1
c  538   -1   691   1
c  685   -1   734   1
c  685   -1   786   1
c  687   -1   586   1
c  638   -1   640   1
c  639   -1   688   1
c  639   -1   637   1
c  539   -1   488   1
c  539   -1   437   1
c  736   -1   787   1
c  736   -1   785   1
c  786   -1   735   1
c  786   -1   686   1
c  835   -1   886   1
c  835   -1   786   1
c  836   -1   887   1
c  836   -1   885   1
c  934   -1   885   1
c  934   -1   788   1
c  885   -1   785   1
c  787   -1   838   1
c  787   -1   839   1
c  738   -1   838   1
c  738   -1   841   1
c  688   -1   737   1
c  688   -1   789   1
c  788   -1   688   1
c  788   -1   737   1
c  686   -1   738   1
c  686   -1   785   1
c  886   -1   786   1
c  886   -1   785   1
c  837   -1   786   1
c  837   -1   785   1
c  935   -1   933   1
c  935   -1   883   1
c  1325   -1   1374   1
c  1325   -1   1276   1
c  1178   -1   1227   1
c  1178   -1   1078   1
c  1227   -1   1279   1
c  1227   -1   1329   1
c  1277   -1   1377   1
c  1277   -1   1328   1
c  1328   -1   1229   1
c  1328   -1   1230   1
c  1326   -1   1377   1
c  1326   -1   1277   1
c  1278   -1   1378   1
c  1278   -1   1276   1
c  1130   -1   1132   1
c  1130   -1   1229   1
c  1081   -1   1032   1
c  1081   -1   1130   1
c  1082   -1   1182   1
c  1082   -1   1232   1
c  1033   -1   984   1
c  1033   -1   982   1
c  1083   -1   1032   1
c  1083   -1   982   1
c  1084   -1   1033   1
c  1084   -1   983   1
c  1034   -1   934   1
c  1034   -1   1083   1
c  985   -1   1034   1
c  985   -1   1084   1
c  986   -1   886   1
c  986   -1   935   1
c  1131   -1   1180   1
c  1131   -1   1182   1
c  1179   -1   1230   1
c  1179   -1   1328   1
c  1180   -1   1178   1
c  1180   -1   1129   1
c  1230   -1   1129   1
c  1327   -1   1376   1
c  1327   -1   1325   1
c  1376   -1   1374   1
c  1426   -1   1477   1
c  1476   -1   1425   1
c  1476   -1   1525   1
c  1377   -1   1426   1
c  1377   -1   1425   1
c  1427   -1   1476   1
c  1427   -1   1478   1
c  1428   -1   1430   1
c  1428   -1   1380   1
c  1819   -1   1918   1
c  1819   -1   1920   1
c  1870   -1   1868   1
c  1870   -1   1822   1
c  1821   -1   1772   1
c  1821   -1   1722   1
c  1723   -1   1772   1
c  1723   -1   1823   1
c  1773   -1   1722   1
c  1773   -1   1771   1
c  1775   -1   1826   1
c  1775   -1   1724   1
c  1675   -1   1673   1
c  1675   -1   1724   1
c  1575   -1   1725   1
c  1575   -1   1728   1
c  1526   -1   1623   1
c  1526   -1   1673   1
c  1725   -1   1776   1
c  1725   -1   1623   1
c  1823   -1   1872   1
c  1872   -1   1921   1
c  1872   -1   1821   1
c  1871   -1   1920   1
c  1871   -1   1822   1
c  1774   -1   1823   1
c  1774   -1   1822   1
c  1726   -1   1677   1
c  1726   -1   1729   1
c  1626   -1   1575   1
c  1626   -1   1577   1
c  1918   -1   1867   1
c  1918   -1   1817   1
c  1916   -1   1867   1
c  1916   -1   1864   1
c  1966   -1   1866   1
c  1966   -1   2015   1
c  1915   -1   1966   1
c  1869   -1   1920   1
c  1869   -1   1871   1
c  1917   -1   1868   1
c  1917   -1   2017   1
c  2151   -1   2202   1
c  2151   -1   2251   1
c  2202   -1   2251   1
c  2201   -1   2252   1
c  2201   -1   2152   1
c  2251   -1   2302   1
c  2251   -1   2303   1
c  2209   -1   2160   1
c  2209   -1   2109   1
c  2160   -1   2208   1
c  2160   -1   2264   1
c  2208   -1   2159   1
c  2208   -1   2206   1
c  2359   -1   2310   1
c  2359   -1   2159   1
c  2060   -1   2109   1
c  2060   -1   2160   1
c  2011   -1   1962   1
c  2011   -1   2063   1
c  2062   -1   2011   1
c  2062   -1   2010   1
c  2013   -1   2062   1
c  2013   -1   1961   1
c  2012   -1   2064   1
c  2012   -1   2114   1
c  1963   -1   2063   1
c  1963   -1   2012   1
c  1914   -1   1863   1
c  1914   -1   1963   1
c  1964   -1   2013   1
c  1964   -1   1913   1
c  2253   -1   2302   1
c  2253   -1   2202   1
c  2204   -1   2255   1
c  2254   -1   2354   1
c  2254   -1   2303   1
c  2110   -1   2011   1
c  2256   -1   2258   1
c  2256   -1   2308   1
c  2257   -1   2206   1
c  2257   -1   2255   1
c  2258   -1   2207   1
c  2258   -1   2357   1
c  2305   -1   2307   1
c  2305   -1   2357   1
c  2306   -1   2255   1
c  2306   -1   2254   1
c  2307   -1   2256   1
c  2307   -1   2255   1
c  2302   -1   2351   1
c  2301   -1   2252   1
c  2301   -1   2401   1
c  193   -1   142   1
c  193   -1   141   1
c  93   -1   142   1
c  93   -1   192   1
c  94   -1   96   1
c  94   -1   143   1
c  43   -1   45   1
c  43   -1   94   1
c  144   -1   93   1
c  144   -1   43   1
c  540   -1   489   1
c  491   -1   542   1
c  491   -1   540   1
c  492   -1   490   1
c  492   -1   489   1
c  542   -1   490   1
c  541   -1   492   1
c  194   -1   243   1
c  194   -1   242   1
c  443   -1   395   1
c  394   -1   443   1
c  394   -1   345   1
c  395   -1   344   1
c  395   -1   393   1
c  294   -1   243   1
c  294   -1   193   1
c  345   -1   296   1
c  345   -1   392   1
c  245   -1   294   1
c  245   -1   344   1
c  493   -1   544   1
c  493   -1   542   1
c  195   -1   144   1
c  195   -1   247   1
c  244   -1   195   1
c  244   -1   193   1
c  589   -1   640   1
c  589   -1   638   1
c  590   -1   539   1
c  590   -1   492   1
c  691   -1   742   1
c  691   -1   591   1
c  640   -1   689   1
c  640   -1   742   1
c  689   -1   738   1
c  689   -1   789   1
c  690   -1   639   1
c  690   -1   589   1
c  592   -1   541   1
c  592   -1   539   1
c  838   -1   836   1
c  838   -1   887   1
c  936   -1   885   1
c  936   -1   1036   1
c  839   -1   890   1
c  739   -1   690   1
c  739   -1   641   1
c  841   -1   839   1
c  841   -1   739   1
c  789   -1   840   1
c  789   -1   791   1
c  987   -1   886   1
c  888   -1   937   1
c  888   -1   837   1
c  1228   -1   1279   1
c  1228   -1   1328   1
c  1229   -1   1178   1
c  1229   -1   1330   1
c  1279   -1   1330   1
c  1279   -1   1180   1
c  1329   -1   1378   1
c  1329   -1   1429   1
c  1378   -1   1327   1
c  1181   -1   1130   1
c  1181   -1   1081   1
c  1132   -1   1183   1
c  1132   -1   1081   1
c  1232   -1   1181   1
c  1232   -1   1180   1
c  1133   -1   1131   1
c  1133   -1   1182   1
c  1134   -1   985   1
c  1085   -1   1036   1
c  1085   -1   1134   1
c  1135   -1   1084   1
c  1135   -1   1184   1
c  1035   -1   986   1
c  1035   -1   988   1
c  1036   -1   1136   1
c  1036   -1   1034   1
c  1037   -1   986   1
c  1037   -1   985   1
c  1185   -1   1134   1
c  1185   -1   985   1
c  1280   -1   1331   1
c  1280   -1   1329   1
c  1231   -1   1331   1
c  1231   -1   1381   1
c  1477   -1   1428   1
c  1477   -1   1479   1
c  1379   -1   1430   1
c  1379   -1   1377   1
c  1478   -1   1527   1
c  1478   -1   1578   1
c  1429   -1   1378   1
c  1429   -1   1431   1
c  1430   -1   1329   1
c  1380   -1   1431   1
c  1380   -1   1332   1
c  1920   -1   1971   1
c  1922   -1   1971   1
c  1922   -1   1821   1
c  1825   -1   1823   1
c  1825   -1   1774   1
c  1776   -1   1778   1
c  1776   -1   1879   1
c  1824   -1   1924   1
c  1824   -1   1775   1
c  1826   -1   1777   1
c  1826   -1   1778   1
c  1676   -1   1627   1
c  1676   -1   1628   1
c  1576   -1   1627   1
c  1576   -1   1527   1
c  1728   -1   1777   1
c  1728   -1   1828   1
c  1527   -1   1578   1
c  1527   -1   1579   1
c  1873   -1   1925   1
c  1873   -1   1975   1
c  1874   -1   1923   1
c  1874   -1   1823   1
c  1972   -1   1872   1
c  1972   -1   1871   1
c  1921   -1   1972   1
c  1727   -1   1678   1
c  1727   -1   1676   1
c  1677   -1   1728   1
c  1729   -1   1778   1
c  1729   -1   1780   1
c  1628   -1   1677   1
c  1628   -1   1626   1
c  1577   -1   1579   1
c  1968   -1   1917   1
c  1968   -1   1919   1
c  1919   -1   2019   1
c  1919   -1   2020   1
c  1965   -1   2014   1
c  1965   -1   2016   1
c  2016   -1   2067   1
c  2016   -1   1968   1
c  1967   -1   2016   1
c  1967   -1   1969   1
c  2015   -1   2066   1
c  2015   -1   2017   1
c  2017   -1   2116   1
c  2017   -1   2113   1
c  2259   -1   2160   1
c  2210   -1   2259   1
c  2210   -1   2311   1
c  2161   -1   2212   1
c  2161   -1   2163   1
c  2162   -1   2160   1
c  2162   -1   2259   1
c  2264   -1   2313   1
c  2264   -1   2315   1
c  2357   -1   2408   1
c  2357   -1   2208   1
c  2309   -1   2311   1
c  2309   -1   2361   1
c  2358   -1   2307   1
c  2358   -1   2309   1
c  2409   -1   2407   1
c  2409   -1   2260   1
c  2360   -1   2311   1
c  2360   -1   2409   1
c  2308   -1   2359   1
c  2308   -1   2409   1
c  2407   -1   2358   1
c  2407   -1   2359   1
c  2406   -1   2409   1
c  2406   -1   2359   1
c  2310   -1   2312   1
c  2310   -1   2313   1
c  2061   -1   2161   1
c  2061   -1   2110   1
c  2111   -1   2060   1
c  2111   -1   2011   1
c  2211   -1   2110   1
c  2211   -1   2060   1
c  2063   -1   2114   1
c  2063   -1   2014   1
c  2112   -1   2114   1
c  2112   -1   2064   1
c  2113   -1   2062   1
c  2113   -1   2061   1
c  2212   -1   2261   1
c  2212   -1   2062   1
c  2014   -1   2065   1
c  2014   -1   2115   1
c  2115   -1   2164   1
c  2115   -1   2012   1
c  2064   -1   2164   1
c  2064   -1   2015   1
c  2114   -1   2014   1
c  2114   -1   1964   1
c  2304   -1   2302   1
c  2304   -1   2253   1
c  2354   -1   2405   1
c  2354   -1   2303   1
c  2408   -1   2406   1
c  2408   -1   2258   1
c  2355   -1   2404   1
c  2355   -1   2304   1
c  2405   -1   2305   1
c  2356   -1   2407   1
c  2356   -1   2307   1
c  2353   -1   2402   1
c  2353   -1   2454   1
c  2352   -1   2303   1
c  2352   -1   2355   1
c  2402   -1   2453   1
c  2402   -1   2302   1
c  2351   -1   2353   1
c  2351   -1   2402   1
c  2401   -1   2403   1
c  2401   -1   2353   1
c  44   -1   144   1
c  44   -1   93   1
c  95   -1   97   1
c  96   -1   45   1
c  45   -1   145   1
c  45   -1   195   1
c  145   -1   96   1
c  145   -1   97   1
c  146   -1   95   1
c  146   -1   144   1
c  641   -1   590   1
c  641   -1   540   1
c  591   -1   542   1
c  591   -1   492   1
c  543   -1   592   1
c  543   -1   641   1
c  544   -1   593   1
c  544   -1   542   1
c  196   -1   247   1
c  196   -1   194   1
c  444   -1   395   1
c  444   -1   544   1
c  545   -1   496   1
c  545   -1   443   1
c  445   -1   494   1
c  445   -1   346   1
c  396   -1   445   1
c  396   -1   296   1
c  346   -1   395   1
c  346   -1   444   1
c  295   -1   346   1
c  295   -1   195   1
c  296   -1   347   1
c  296   -1   245   1
c  246   -1   346   1
c  246   -1   195   1
c  247   -1   245   1
c  247   -1   244   1
c  494   -1   543   1
c  494   -1   545   1
c  197   -1   195   1
c  197   -1   244   1
c  741   -1   641   1
c  741   -1   591   1
c  692   -1   741   1
c  692   -1   641   1
c  740   -1   691   1
c  740   -1   689   1
c  642   -1   593   1
c  642   -1   691   1
c  742   -1   843   1
c  742   -1   893   1
c  593   -1   644   1
c  744   -1   695   1
c  744   -1   592   1
c  937   -1   988   1
c  937   -1   989   1
c  889   -1   887   1
c  889   -1   937   1
c  840   -1   891   1
c  840   -1   940   1
c  940   -1   889   1
c  940   -1   839   1
c  890   -1   892   1
c  890   -1   942   1
c  790   -1   739   1
c  790   -1   741   1
c  791   -1   740   1
c  791   -1   892   1
c  891   -1   940   1
c  842   -1   793   1
c  842   -1   891   1
c  892   -1   841   1
c  892   -1   944   1
c  843   -1   845   1
c  843   -1   841   1
c  988   -1   1037   1
c  988   -1   1036   1
c  938   -1   987   1
c  938   -1   889   1
c  939   -1   888   1
c  939   -1   792   1
c  1330   -1   1381   1
c  1330   -1   1379   1
c  1331   -1   1329   1
c  1331   -1   1380   1
c  1183   -1   1232   1
c  1183   -1   1282   1
c  1233   -1   1182   1
c  1233   -1   1231   1
c  1282   -1   1331   1
c  1282   -1   1333   1
c  1281   -1   1330   1
c  1281   -1   1232   1
c  1184   -1   1133   1
c  1086   -1   1137   1
c  1086   -1   1187   1
c  1136   -1   1138   1
c  1136   -1   1184   1
c  1234   -1   1183   1
c  1234   -1   1135   1
c  1087   -1   1138   1
c  1087   -1   1036   1
c  1088   -1   1037   1
c  1088   -1   1036   1
c  1038   -1   938   1
c  1235   -1   1335   1
c  1235   -1   1237   1
c  1186   -1   1137   1
c  1186   -1   1237   1
c  1381   -1   1332   1
c  1381   -1   1430   1
c  1528   -1   1577   1
c  1528   -1   1477   1
c  1479   -1   1430   1
c  1479   -1   1431   1
c  1578   -1   1627   1
c  1578   -1   1630   1
c  1480   -1   1482   1
c  1480   -1   1429   1
c  1431   -1   1480   1
c  1530   -1   1430   1
c  1530   -1   1528   1
c  1481   -1   1530   1
c  1481   -1   1430   1
c  1531   -1   1580   1
c  1531   -1   1430   1
c  1332   -1   1334   1
c  1332   -1   1183   1
c  1970   -1   2021   1
c  1970   -1   2019   1
c  1969   -1   2020   1
c  1969   -1   1920   1
c  1923   -1   2024   1
c  1923   -1   2124   1
c  1875   -1   1975   1
c  1875   -1   1924   1
c  1777   -1   1677   1
c  1777   -1   1676   1
c  1778   -1   1827   1
c  1879   -1   1930   1
c  1879   -1   1831   1
c  1924   -1   1975   1
c  1924   -1   1973   1
c  1876   -1   1927   1
c  1876   -1   1827   1
c  1827   -1   1779   1
c  1779   -1   1828   1
c  1779   -1   1826   1
c  1678   -1   1680   1
c  1678   -1   1729   1
c  1679   -1   1728   1
c  1679   -1   1727   1
c  1629   -1   1678   1
c  1629   -1   1728   1
c  1828   -1   1777   1
c  1828   -1   1877   1
c  1579   -1   1530   1
c  1579   -1   1628   1
c  1925   -1   1876   1
c  1925   -1   1976   1
c  1975   -1   1973   1
c  1975   -1   1923   1
c  2022   -1   1971   1
c  2022   -1   2073   1
c  1973   -1   2073   1
c  1973   -1   2076   1
c  2021   -1   1972   1
c  1730   -1   1679   1
c  1730   -1   1681   1
c  1680   -1   1729   1
c  1780   -1   1782   1
c  1780   -1   1731   1
c  1630   -1   1628   1
c  1630   -1   1681   1
c  2018   -1   1969   1
c  2018   -1   2067   1
c  2069   -1   1969   1
c  2069   -1   1919   1
c  2019   -1   2070   1
c  2019   -1   2068   1
c  2020   -1   1971   1
c  2020   -1   2071   1
c  2066   -1   2017   1
c  2066   -1   1967   1
c  2065   -1   2016   1
c  2065   -1   2116   1
c  2067   -1   2118   1
c  2067   -1   2116   1
c  2116   -1   2165   1
c  2260   -1   2211   1
c  2260   -1   2263   1
c  2311   -1   2411   1
c  2311   -1   2413   1
c  2163   -1   2214   1
c  2163   -1   2165   1
c  2262   -1   2162   1
c  2214   -1   2212   1
c  2214   -1   2211   1
c  2263   -1   2314   1
c  2263   -1   2362   1
c  2314   -1   2363   1
c  2314   -1   2312   1
c  2265   -1   2316   1
c  2265   -1   2263   1
c  2364   -1   2264   1
c  2364   -1   2265   1
c  2313   -1   2367   1
c  2315   -1   2313   1
c  2361   -1   2310   1
c  2361   -1   2308   1
c  2459   -1   2408   1
c  2410   -1   2459   1
c  2410   -1   2461   1
c  2458   -1   2409   1
c  2458   -1   2407   1
c  2457   -1   2408   1
c  2457   -1   2406   1
c  2456   -1   2405   1
c  2456   -1   2454   1
c  2312   -1   2412   1
c  2312   -1   2363   1
c  2261   -1   2263   1
c  2261   -1   2312   1
c  2213   -1   2262   1
c  2165   -1   2213   1
c  2164   -1   2213   1
c  2164   -1   2314   1
c  2404   -1   2353   1
c  2404   -1   2352   1
c  2455   -1   2404   1
c  2455   -1   2452   1
c  2403   -1   2405   1
c  2403   -1   2452   1
c  2454   -1   2452   1
c  2454   -1   2352   1
c  2451   -1   2402   1
c  2451   -1   2352   1
c  2453   -1   2401   1
c  2453   -1   2352   1
c  2452   -1   2401   1
c  46   -1   95   1
c  46   -1   145   1
c  97   -1   146   1
c  97   -1   197   1
c  47   -1   45   1
c  47   -1   96   1
c  147   -1   98   1
c  147   -1   47   1
c  594   -1   545   1
c  594   -1   694   1
c  644   -1   646   1
c  644   -1   544   1
c  495   -1   595   1
c  495   -1   444   1
c  595   -1   445   1
c  546   -1   597   1
c  546   -1   495   1
c  596   -1   545   1
c  596   -1   598   1
c  496   -1   447   1
c  496   -1   448   1
c  446   -1   497   1
c  446   -1   397   1
c  397   -1   346   1
c  397   -1   298   1
c  447   -1   398   1
c  447   -1   396   1
c  347   -1   398   1
c  347   -1   399   1
c  297   -1   346   1
c  297   -1   246   1
c  248   -1   149   1
c  248   -1   199   1
c  198   -1   147   1
c  198   -1   97   1
c  693   -1   644   1
c  693   -1   647   1
c  643   -1   694   1
c  643   -1   746   1
c  792   -1   844   1
c  792   -1   845   1
c  743   -1   745   1
c  743   -1   794   1
c  893   -1   942   1
c  893   -1   992   1
c  694   -1   696   1
c  794   -1   745   1
c  794   -1   845   1
c  745   -1   694   1
c  745   -1   644   1
c  793   -1   744   1
c  793   -1   693   1
c  746   -1   795   1
c  746   -1   744   1
c  845   -1   744   1
c  695   -1   746   1
c  695   -1   796   1
c  989   -1   1038   1
c  989   -1   1089   1
c  990   -1   1041   1
c  990   -1   942   1
c  941   -1   990   1
c  941   -1   892   1
c  991   -1   1040   1
c  991   -1   940   1
c  942   -1   842   1
c  942   -1   940   1
c  1091   -1   990   1
c  1091   -1   940   1
c  944   -1   946   1
c  944   -1   996   1
c  844   -1   846   1
c  844   -1   745   1
c  894   -1   843   1
c  894   -1   845   1
c  1039   -1   988   1
c  1039   -1   938   1
c  1382   -1   1331   1
c  1382   -1   1281   1
c  1283   -1   1234   1
c  1283   -1   1183   1
c  1284   -1   1235   1
c  1284   -1   1233   1
c  1333   -1   1384   1
c  1333   -1   1434   1
c  1137   -1   1139   1
c  1187   -1   1136   1
c  1187   -1   1189   1
c  1236   -1   1136   1
c  1236   -1   1137   1
c  1139   -1   1136   1
c  1138   -1   1187   1
c  1138   -1   1189   1
c  1089   -1   1087   1
c  1089   -1   1137   1
c  1285   -1   1236   1
c  1285   -1   1186   1
c  1335   -1   1286   1
c  1335   -1   1387   1
c  1237   -1   1137   1
c  1237   -1   1138   1
c  1529   -1   1580   1
c  1529   -1   1581   1
c  1482   -1   1433   1
c  1482   -1   1434   1
c  1432   -1   1485   1
c  1580   -1   1629   1
c  1581   -1   1630   1
c  1581   -1   1532   1
c  1532   -1   1483   1
c  1532   -1   1432   1
c  1582   -1   1531   1
c  1582   -1   1584   1
c  1383   -1   1332   1
c  1383   -1   1385   1
c  1334   -1   1283   1
c  1334   -1   1285   1
c  2024   -1   2124   1
c  2024   -1   2125   1
c  2124   -1   2075   1
c  2124   -1   2076   1
c  1829   -1   1880   1
c  1829   -1   1878   1
c  1878   -1   1827   1
c  1929   -1   1880   1
c  1929   -1   1881   1
c  1880   -1   1931   1
c  1880   -1   1932   1
c  1830   -1   1879   1
c  1830   -1   1881   1
c  1930   -1   1979   1
c  1831   -1   1782   1
c  1831   -1   1731   1
c  1974   -1   2025   1
c  1974   -1   2074   1
c  1926   -1   1928   1
c  1926   -1   1828   1
c  1877   -1   1928   1
c  1877   -1   1978   1
c  1927   -1   1978   1
c  1927   -1   1925   1
c  1928   -1   1827   1
c  1978   -1   1878   1
c  1978   -1   1828   1
c  1976   -1   2025   1
c  2025   -1   2074   1
c  1977   -1   1975   1
c  1977   -1   2025   1
c  2072   -1   2123   1
c  2072   -1   2172   1
c  2023   -1   2123   1
c  2023   -1   2173   1
c  2071   -1   2022   1
c  2071   -1   2122   1
c  2073   -1   2024   1
c  2073   -1   2172   1
c  2076   -1   2074   1
c  2076   -1   2024   1
c  1731   -1   1682   1
c  1731   -1   1830   1
c  1681   -1   1782   1
c  1781   -1   1830   1
c  1781   -1   1934   1
c  1832   -1   1781   1
c  1832   -1   1780   1
c  1782   -1   1682   1
c  1782   -1   1833   1
c  1631   -1   1682   1
c  1631   -1   1582   1
c  2068   -1   2119   1
c  2119   -1   2170   1
c  2070   -1   2119   1
c  2118   -1   2069   1
c  2118   -1   2120   1
c  2169   -1   2069   1
c  2169   -1   2118   1
c  2117   -1   2119   1
c  2117   -1   2068   1
c  2167   -1   2116   1
c  2167   -1   2067   1
c  2166   -1   2168   1
c  2166   -1   2117   1
c  2216   -1   2116   1
c  2216   -1   2070   1
c  2411   -1   2462   1
c  2411   -1   2413   1
c  2413   -1   2364   1
c  2413   -1   2415   1
c  2362   -1   2262   1
c  2215   -1   2315   1
c  2215   -1   2166   1
c  2363   -1   2263   1
c  2266   -1   2315   1
c  2266   -1   2218   1
c  2267   -1   2265   1
c  2267   -1   2216   1
c  2316   -1   2368   1
c  2316   -1   2417   1
c  2414   -1   2416   1
c  2414   -1   2462   1
c  2365   -1   2414   1
c  2365   -1   2363   1
c  2367   -1   2418   1
c  2367   -1   2467   1
c  2366   -1   2315   1
c  2460   -1   2411   1
c  2460   -1   2412   1
c  2461   -1   2463   1
c  2461   -1   2412   1
c  2412   -1   2463   1
c  98   -1   199   1
c  98   -1   249   1
c  148   -1   99   1
c  148   -1   97   1
c  48   -1   149   1
c  48   -1   100   1
c  149   -1   147   1
c  149   -1   47   1
c  645   -1   596   1
c  645   -1   643   1
c  646   -1   595   1
c  646   -1   599   1
c  547   -1   598   1
c  547   -1   599   1
c  550   -1   598   1
c  550   -1   546   1
c  597   -1   648   1
c  597   -1   649   1
c  647   -1   596   1
c  647   -1   698   1
c  598   -1   649   1
c  497   -1   548   1
c  448   -1   397   1
c  398   -1   400   1
c  398   -1   450   1
c  298   -1   349   1
c  298   -1   398   1
c  348   -1   299   1
c  348   -1   448   1
c  349   -1   347   1
c  399   -1   299   1
c  399   -1   297   1
c  249   -1   298   1
c  249   -1   300   1
c  299   -1   248   1
c  299   -1   199   1
c  199   -1   99   1
c  943   -1   992   1
c  943   -1   1042   1
c  993   -1   944   1
c  993   -1   893   1
c  895   -1   893   1
c  895   -1   996   1
c  992   -1   944   1
c  696   -1   747   1
c  696   -1   647   1
c  795   -1   846   1
c  795   -1   895   1
c  796   -1   845   1
c  796   -1   793   1
c  747   -1   796   1
c  747   -1   798   1
c  846   -1   897   1
c  846   -1   848   1
c  1190   -1   1090   1
c  1190   -1   989   1
c  1040   -1   1091   1
c  1040   -1   1192   1
c  1041   -1   1043   1
c  1041   -1   992   1
c  1092   -1   1041   1
c  1092   -1   991   1
c  1090   -1   1139   1
c  1090   -1   1039   1
c  1141   -1   1192   1
c  1141   -1   1241   1
c  1140   -1   1091   1
c  1140   -1   1142   1
c  1042   -1   1091   1
c  1042   -1   1191   1
c  1142   -1   1091   1
c  1142   -1   1041   1
c  1093   -1   1091   1
c  994   -1   996   1
c  994   -1   1045   1
c  945   -1   896   1
c  945   -1   846   1
c  946   -1   1046   1
c  946   -1   998   1
c  996   -1   1045   1
c  996   -1   947   1
c  1533   -1   1582   1
c  1533   -1   1382   1
c  1384   -1   1433   1
c  1384   -1   1432   1
c  1434   -1   1436   1
c  1188   -1   1239   1
c  1188   -1   1139   1
c  1189   -1   1191   1
c  1189   -1   1141   1
c  1286   -1   1188   1
c  1286   -1   1138   1
c  1240   -1   1189   1
c  1240   -1   1138   1
c  1385   -1   1434   1
c  1385   -1   1334   1
c  1336   -1   1385   1
c  1336   -1   1288   1
c  1287   -1   1336   1
c  1287   -1   1335   1
c  1387   -1   1336   1
c  1387   -1   1287   1
c  1238   -1   1287   1
c  1238   -1   1337   1
c  1483   -1   1434   1
c  1483   -1   1583   1
c  1682   -1   1532   1
c  1682   -1   1482   1
c  1433   -1   1484   1
c  1433   -1   1532   1
c  1485   -1   1434   1
c  1485   -1   1534   1
c  1632   -1   1732   1
c  1632   -1   1733   1
c  1583   -1   1634   1
c  1583   -1   1683   1
c  1735   -1   1783   1
c  1735   -1   1582   1
c  1584   -1   1533   1
c  2074   -1   2174   1
c  2074   -1   2125   1
c  2026   -1   2024   1
c  2026   -1   2075   1
c  2125   -1   2025   1
c  2125   -1   2176   1
c  2123   -1   2172   1
c  2123   -1   2174   1
c  2174   -1   2125   1
c  2273   -1   2222   1
c  2273   -1   2124   1
c  2075   -1   2126   1
c  2075   -1   2128   1
c  1979   -1   2079   1
c  1979   -1   1927   1
c  1881   -1   1930   1
c  1881   -1   1932   1
c  1931   -1   1980   1
c  1931   -1   2031   1
c  1932   -1   1831   1
c  1980   -1   1982   1
c  1980   -1   1881   1
c  1833   -1   1831   1
c  1833   -1   1882   1
c  2027   -1   2078   1
c  2027   -1   1926   1
c  2028   -1   1977   1
c  2028   -1   2128   1
c  2122   -1   2171   1
c  2120   -1   2122   1
c  2120   -1   2072   1
c  2172   -1   2220   1
c  2173   -1   2224   1
c  2173   -1   2222   1
c  2121   -1   2070   1
c  2121   -1   2119   1
c  2126   -1   2026   1
c  2126   -1   2027   1
c  2077   -1   2029   1
c  2077   -1   2030   1
c  2175   -1   2126   1
c  2175   -1   2076   1
c  1732   -1   1681   1
c  1732   -1   1683   1
c  1683   -1   1681   1
c  1683   -1   1734   1
c  1934   -1   1885   1
c  1934   -1   1883   1
c  1882   -1   1933   1
c  1882   -1   1931   1
c  1783   -1   1832   1
c  1783   -1   1732   1
c  1936   -1   1832   1
c  1633   -1   1631   1
c  1633   -1   1685   1
c  2170   -1   2270   1
c  2168   -1   2170   1
c  2219   -1   2168   1
c  2219   -1   2321   1
c  2218   -1   2169   1
c  2218   -1   2269   1
c  2217   -1   2168   1
c  2217   -1   2215   1
c  2463   -1   2411   1
c  2462   -1   2362   1
c  2462   -1   2413   1
c  2415   -1   2417   1
c  2415   -1   2366   1
c  2317   -1   2366   1
c  2317   -1   2416   1
c  2268   -1   2270   1
c  2268   -1   2219   1
c  2368   -1   2419   1
c  2368   -1   2370   1
c  2417   -1   2366   1
c  2417   -1   2466   1
c  2464   -1   2415   1
c  2464   -1   2365   1
c  2416   -1   2365   1
c  2416   -1   2468   1
c  2465   -1   2365   1
c  2465   -1   2417   1
c  2466   -1   2366   1
c  2466   -1   2365   1
c  2468   -1   2368   1
c  2468   -1   2367   1
c  2418   -1   2469   1
c  2467   -1   2418   1
c  2467   -1   2416   1
c  2370   -1   2366   1
c  2370   -1   2416   1
c  99   -1   150   1
c  99   -1   200   1
c  49   -1   100   1
c  49   -1   149   1
c  100   -1   149   1
c  100   -1   199   1
c  150   -1   199   1
c  50   -1   150   1
c  50   -1   149   1
c  200   -1   149   1
c  599   -1   548   1
c  548   -1   499   1
c  548   -1   348   1
c  498   -1   547   1
c  500   -1   498   1
c  500   -1   548   1
c  549   -1   598   1
c  549   -1   500   1
c  600   -1   649   1
c  600   -1   549   1
c  499   -1   450   1
c  499   -1   550   1
c  450   -1   550   1
c  450   -1   548   1
c  648   -1   599   1
c  648   -1   548   1
c  649   -1   698   1
c  649   -1   700   1
c  697   -1   797   1
c  697   -1   796   1
c  698   -1   749   1
c  698   -1   750   1
c  650   -1   599   1
c  650   -1   598   1
c  449   -1   498   1
c  449   -1   497   1
c  400   -1   449   1
c  250   -1   299   1
c  250   -1   298   1
c  350   -1   399   1
c  350   -1   498   1
c  300   -1   349   1
c  1043   -1   1094   1
c  1043   -1   1092   1
c  896   -1   947   1
c  896   -1   996   1
c  847   -1   796   1
c  847   -1   696   1
c  797   -1   848   1
c  748   -1   849   1
c  748   -1   899   1
c  798   -1   847   1
c  897   -1   948   1
c  897   -1   998   1
c  848   -1   899   1
c  1191   -1   1140   1
c  1191   -1   1090   1
c  1242   -1   1191   1
c  1242   -1   1190   1
c  1192   -1   1241   1
c  1192   -1   1094   1
c  1143   -1   1092   1
c  1143   -1   1045   1
c  1239   -1   1242   1
c  1239   -1   1141   1
c  1241   -1   1193   1
c  1241   -1   1194   1
c  1094   -1   1145   1
c  1094   -1   1096   1
c  1044   -1   1095   1
c  1044   -1   1093   1
c  995   -1   1046   1
c  995   -1   1096   1
c  1045   -1   1094   1
c  1045   -1   1144   1
c  947   -1   945   1
c  947   -1   1046   1
c  997   -1   946   1
c  1046   -1   997   1
c  1046   -1   897   1
c  998   -1   1049   1
c  998   -1   1098   1
c  1095   -1   1146   1
c  1095   -1   996   1
c  1534   -1   1536   1
c  1534   -1   1483   1
c  1484   -1   1535   1
c  1435   -1   1486   1
c  1435   -1   1386   1
c  1436   -1   1536   1
c  1436   -1   1485   1
c  1290   -1   1241   1
c  1290   -1   1292   1
c  1289   -1   1238   1
c  1289   -1   1240   1
c  1386   -1   1437   1
c  1337   -1   1386   1
c  1337   -1   1489   1
c  1288   -1   1339   1
c  1288   -1   1337   1
c  1437   -1   1486   1
c  1388   -1   1339   1
c  1388   -1   1437   1
c  1338   -1   1387   1
c  1338   -1   1389   1
c  1535   -1   1584   1
c  1535   -1   1486   1
c  1684   -1   1633   1
c  1684   -1   1632   1
c  1733   -1   1684   1
c  1733   -1   1633   1
c  1634   -1   1683   1
c  1685   -1   1634   1
c  1685   -1   1736   1
c  1734   -1   1685   1
c  1734   -1   1785   1
c  1785   -1   1787   1
c  1785   -1   1737   1
c  1736   -1   1687   1
c  1736   -1   1738   1
c  1686   -1   1735   1
c  1686   -1   1587   1
c  1786   -1   1735   1
c  1786   -1   1687   1
c  1737   -1   1788   1
c  1737   -1   1735   1
c  1585   -1   1636   1
c  1585   -1   1587   1
c  1635   -1   1584   1
c  1635   -1   1684   1
c  2224   -1   2175   1
c  2224   -1   2125   1
c  2176   -1   2277   1
c  2176   -1   2278   1
c  2223   -1   2174   1
c  2223   -1   2123   1
c  2272   -1   2321   1
c  2272   -1   2323   1
c  2323   -1   2424   1
c  2274   -1   2225   1
c  2274   -1   2325   1
c  2322   -1   2273   1
c  2324   -1   2273   1
c  2324   -1   2224   1
c  2477   -1   2426   1
c  2477   -1   2273   1
c  2222   -1   2122   1
c  2128   -1   2126   1
c  2128   -1   2175   1
c  2029   -1   2078   1
c  2029   -1   2033   1
c  1981   -1   1979   1
c  1981   -1   1932   1
c  2079   -1   2128   1
c  1883   -1   1932   1
c  1883   -1   1881   1
c  1982   -1   1933   1
c  1982   -1   1931   1
c  2031   -1   1982   1
c  2031   -1   2131   1
c  1933   -1   1984   1
c  1933   -1   2033   1
c  1983   -1   1932   1
c  1983   -1   2083   1
c  2030   -1   1981   1
c  2030   -1   2032   1
c  1834   -1   1785   1
c  1834   -1   1885   1
c  1884   -1   1935   1
c  1884   -1   1833   1
c  2078   -1   2030   1
c  2171   -1   2120   1
c  2171   -1   2222   1
c  2220   -1   2171   1
c  2220   -1   2121   1
c  2127   -1   2178   1
c  2127   -1   2228   1
c  2225   -1   2276   1
c  2225   -1   2324   1
c  2226   -1   2175   1
c  2226   -1   2224   1
c  1935   -1   1984   1
c  1935   -1   2034   1
c  2035   -1   1934   1
c  1885   -1   1936   1
c  1885   -1   1883   1
c  1784   -1   1684   1
c  1784   -1   1634   1
c  1886   -1   1786   1
c  1886   -1   1785   1
c  1986   -1   1937   1
c  1986   -1   2035   1
c  1937   -1   1837   1
c  1937   -1   1836   1
c  2270   -1   2321   1
c  2270   -1   2322   1
c  2269   -1   2318   1
c  2221   -1   2270   1
c  2221   -1   2219   1
c  2321   -1   2421   1
c  2321   -1   2370   1
c  2318   -1   2171   1
c  2369   -1   2320   1
c  2369   -1   2371   1
c  2419   -1   2470   1
c  2469   -1   2467   1
c  2319   -1   2419   1
c  2319   -1   2418   1
c  2420   -1   2320   1
c  2420   -1   2418   1
c  2470   -1   2418   1
c  2320   -1   2271   1
c  2320   -1   2220   1
c  2371   -1   2422   1
c  2371   -1   2470   1
c  2421   -1   2370   1
c  2421   -1   2470   1
c  699   -1   750   1
c  699   -1   748   1
c  700   -1   749   1
c  700   -1   799   1
c  749   -1   800   1
c  750   -1   650   1
c  799   -1   848   1
c  799   -1   797   1
c  849   -1   900   1
c  849   -1   800   1
c  899   -1   948   1
c  899   -1   950   1
c  898   -1   849   1
c  898   -1   800   1
c  950   -1   897   1
c  948   -1   997   1
c  948   -1   1049   1
c  1292   -1   1294   1
c  1292   -1   1344   1
c  1243   -1   1192   1
c  1243   -1   1241   1
c  1193   -1   1244   1
c  1193   -1   1242   1
c  1144   -1   1193   1
c  1144   -1   1192   1
c  1294   -1   1343   1
c  1294   -1   1192   1
c  1291   -1   1294   1
c  1291   -1   1344   1
c  1194   -1   1345   1
c  1194   -1   1295   1
c  1145   -1   1245   1
c  1096   -1   1047   1
c  1096   -1   1048   1
c  1047   -1   947   1
c  1047   -1   1049   1
c  1000   -1   947   1
c  1097   -1   1046   1
c  1097   -1   1048   1
c  1048   -1   948   1
c  1048   -1   1148   1
c  999   -1   1048   1
c  999   -1   1050   1
c  1050   -1   998   1
c  1049   -1   1100   1
c  1049   -1   1000   1
c  1098   -1   1049   1
c  1098   -1   1050   1
c  1146   -1   1197   1
c  1146   -1   1198   1
c  1536   -1   1439   1
c  1340   -1   1440   1
c  1340   -1   1391   1
c  1391   -1   1290   1
c  1339   -1   1390   1
c  1489   -1   1440   1
c  1489   -1   1389   1
c  1487   -1   1536   1
c  1487   -1   1438   1
c  1438   -1   1538   1
c  1438   -1   1587   1
c  1588   -1   1487   1
c  1588   -1   1437   1
c  1538   -1   1437   1
c  1389   -1   1340   1
c  1389   -1   1440   1
c  1390   -1   1439   1
c  1390   -1   1388   1
c  1636   -1   1685   1
c  1835   -1   1884   1
c  1835   -1   1786   1
c  1787   -1   1836   1
c  1787   -1   1886   1
c  1687   -1   1738   1
c  1687   -1   1739   1
c  1738   -1   1689   1
c  1738   -1   1639   1
c  1586   -1   1686   1
c  1586   -1   1687   1
c  1587   -1   1638   1
c  1587   -1   1536   1
c  1836   -1   1887   1
c  1838   -1   1787   1
c  1838   -1   1786   1
c  1739   -1   1690   1
c  1739   -1   1737   1
c  1788   -1   1888   1
c  1788   -1   1790   1
c  1638   -1   1635   1
c  2177   -1   2226   1
c  2177   -1   2228   1
c  2277   -1   2275   1
c  2277   -1   2325   1
c  2278   -1   2229   1
c  2278   -1   2327   1
c  2271   -1   2220   1
c  2271   -1   2322   1
c  2373   -1   2422   1
c  2373   -1   2322   1
c  2424   -1   2428   1
c  2424   -1   2328   1
c  2275   -1   2226   1
c  2275   -1   2324   1
c  2325   -1   2276   1
c  2325   -1   2427   1
c  2372   -1   2423   1
c  2372   -1   2421   1
c  2374   -1   2325   1
c  2374   -1   2376   1
c  2427   -1   2425   1
c  2427   -1   2375   1
c  2476   -1   2425   1
c  2476   -1   2474   1
c  2478   -1   2377   1
c  2428   -1   2477   1
c  2428   -1   2476   1
c  2378   -1   2478   1
c  2378   -1   2477   1
c  2276   -1   2476   1
c  2276   -1   2477   1
c  2426   -1   2377   1
c  2426   -1   2327   1
c  2178   -1   2229   1
c  2129   -1   2178   1
c  2129   -1   2230   1
c  2033   -1   2084   1
c  2033   -1   2086   1
c  2032   -1   2132   1
c  2032   -1   1981   1
c  2080   -1   2078   1
c  2080   -1   2129   1
c  2081   -1   2130   1
c  2081   -1   2129   1
c  2082   -1   2031   1
c  2082   -1   2131   1
c  2131   -1   2032   1
c  2083   -1   2032   1
c  2084   -1   2135   1
c  2084   -1   2030   1
c  2228   -1   2226   1
c  2228   -1   2179   1
c  2227   -1   2178   1
c  2227   -1   2278   1
c  2034   -1   2083   1
c  1985   -1   2034   1
c  1985   -1   2036   1
c  2085   -1   2134   1
c  2085   -1   2083   1
c  2036   -1   2184   1
c  2036   -1   2183   1
c  2135   -1   2035   1
c  1887   -1   1938   1
c  1887   -1   1838   1
c  1987   -1   2036   1
c  1987   -1   2033   1
c  2037   -1   1988   1
c  2037   -1   1986   1
c  1938   -1   1889   1
c  1938   -1   1890   1
c  1888   -1   1937   1
c  1888   -1   1987   1
c  1939   -1   1937   1
c  1939   -1   1987   1
c  1837   -1   1835   1
c  1837   -1   1888   1
c  2471   -1   2371   1
c  2422   -1   2471   1
c  800   -1   699   1
c  850   -1   899   1
c  850   -1   799   1
c  900   -1   949   1
c  949   -1   1000   1
c  1342   -1   1391   1
c  1342   -1   1390   1
c  1293   -1   1443   1
c  1293   -1   1444   1
c  1343   -1   1292   1
c  1344   -1   1395   1
c  1344   -1   1445   1
c  1244   -1   1293   1
c  1245   -1   1196   1
c  1245   -1   1243   1
c  1295   -1   1246   1
c  1295   -1   1344   1
c  1341   -1   1441   1
c  1341   -1   1392   1
c  1195   -1   1198   1
c  1195   -1   1148   1
c  1345   -1   1396   1
c  1345   -1   1446   1
c  1196   -1   1247   1
c  1196   -1   1145   1
c  1147   -1   1098   1
c  1147   -1   1099   1
c  1197   -1   1097   1
c  1197   -1   1148   1
c  1100   -1   1048   1
c  1148   -1   1199   1
c  1148   -1   1200   1
c  1099   -1   1148   1
c  1099   -1   1150   1
c  1149   -1   1049   1
c  1149   -1   1100   1
c  1150   -1   1148   1
c  1150   -1   1049   1
c  1198   -1   1149   1
c  1198   -1   1150   1
c  1537   -1   1586   1
c  1537   -1   1637   1
c  1439   -1   1539   1
c  1439   -1   1538   1
c  1441   -1   1390   1
c  1441   -1   1340   1
c  1440   -1   1491   1
c  1440   -1   1492   1
c  1392   -1   1443   1
c  1392   -1   1492   1
c  1442   -1   1491   1
c  1442   -1   1391   1
c  1488   -1   1439   1
c  1488   -1   1440   1
c  1539   -1   1590   1
c  1539   -1   1588   1
c  1490   -1   1439   1
c  1490   -1   1390   1
c  1589   -1   1739   1
c  1491   -1   1540   1
c  1491   -1   1389   1
c  1637   -1   1688   1
c  1637   -1   1639   1
c  1688   -1   1739   1
c  1689   -1   1687   1
c  1689   -1   1589   1
c  1639   -1   1688   1
c  1639   -1   1687   1
c  1789   -1   1738   1
c  1789   -1   1740   1
c  1839   -1   1837   1
c  1839   -1   1887   1
c  1740   -1   1891   1
c  1740   -1   1940   1
c  1690   -1   1639   1
c  1690   -1   1590   1
c  1790   -1   1741   1
c  1790   -1   1690   1
c  2327   -1   2276   1
c  2327   -1   2428   1
c  2326   -1   2277   1
c  2326   -1   2278   1
c  2328   -1   2379   1
c  2328   -1   2478   1
c  2279   -1   2327   1
c  2279   -1   2282   1
c  2229   -1   2280   1
c  2229   -1   2430   1
c  2423   -1   2472   1
c  2423   -1   2471   1
c  2472   -1   2373   1
c  2472   -1   2424   1
c  2474   -1   2423   1
c  2474   -1   2425   1
c  2425   -1   2374   1
c  2473   -1   2422   1
c  2473   -1   2424   1
c  2375   -1   2424   1
c  2375   -1   2474   1
c  2475   -1   2424   1
c  2475   -1   2374   1
c  2376   -1   2325   1
c  2376   -1   2425   1
c  2377   -1   2379   1
c  2377   -1   2329   1
c  2479   -1   2428   1
c  2429   -1   2380   1
c  2429   -1   2478   1
c  2379   -1   2279   1
c  2379   -1   2431   1
c  2179   -1   2130   1
c  2179   -1   2131   1
c  2230   -1   2228   1
c  2230   -1   2178   1
c  2130   -1   2181   1
c  2086   -1   2135   1
c  2086   -1   2134   1
c  2132   -1   2081   1
c  2182   -1   2082   1
c  2182   -1   2080   1
c  2133   -1   2182   1
c  2133   -1   2082   1
c  2181   -1   2179   1
c  2181   -1   2132   1
c  2180   -1   2131   1
c  2180   -1   2232   1
c  2280   -1   2130   1
c  2280   -1   2131   1
c  2134   -1   2132   1
c  2134   -1   2282   1
c  2330   -1   2430   1
c  2330   -1   2228   1
c  2185   -1   2134   1
c  2185   -1   2085   1
c  2184   -1   2235   1
c  2184   -1   2233   1
c  2183   -1   2134   1
c  2183   -1   2234   1
c  2136   -1   2185   1
c  2136   -1   2184   1
c  2186   -1   2135   1
c  2186   -1   2088   1
c  2187   -1   2136   1
c  2187   -1   2135   1
c  1988   -1   1939   1
c  1988   -1   2039   1
c  2089   -1   2037   1
c  2089   -1   1987   1
c  2087   -1   2136   1
c  2087   -1   2187   1
c  2038   -1   2087   1
c  2038   -1   2138   1
c  2138   -1   2087   1
c  2138   -1   2037   1
c  1989   -1   2038   1
c  1989   -1   1938   1
c  1889   -1   1891   1
c  1889   -1   1742   1
c  1890   -1   1990   1
c  1890   -1   1989   1
c  1940   -1   1991   1
c  1940   -1   1943   1
c  1990   -1   1939   1
c  1990   -1   2039   1
c  1941   -1   1890   1
c  1941   -1   1939   1
c  1443   -1   1394   1
c  1444   -1   1446   1
c  1444   -1   1496   1
c  1393   -1   1442   1
c  1393   -1   1492   1
c  1394   -1   1343   1
c  1394   -1   1345   1
c  1395   -1   1446   1
c  1395   -1   1444   1
c  1445   -1   1443   1
c  1445   -1   1394   1
c  1246   -1   1248   1
c  1246   -1   1198   1
c  1296   -1   1247   1
c  1296   -1   1248   1
c  1346   -1   1397   1
c  1346   -1   1398   1
c  1396   -1   1447   1
c  1396   -1   1596   1
c  1446   -1   1448   1
c  1446   -1   1398   1
c  1247   -1   1348   1
c  1247   -1   1446   1
c  1200   -1   1100   1
c  1200   -1   1198   1
c  1248   -1   1148   1
c  1248   -1   1149   1
c  1199   -1   1150   1
c  1249   -1   1349   1
c  1249   -1   1198   1
c  1590   -1   1592   1
c  1590   -1   1537   1
c  1494   -1   1441   1
c  1494   -1   1440   1
c  1492   -1   1443   1
c  1540   -1   1640   1
c  1540   -1   1589   1
c  1541   -1   1592   1
c  1541   -1   1641   1
c  1542   -1   1493   1
c  1542   -1   1491   1
c  1640   -1   1642   1
c  1640   -1   1643   1
c  1691   -1   1640   1
c  1691   -1   1639   1
c  1840   -1   1789   1
c  1840   -1   1740   1
c  1741   -1   1690   1
c  1741   -1   1789   1
c  1792   -1   1841   1
c  1792   -1   1740   1
c  1891   -1   1940   1
c  1891   -1   1990   1
c  1791   -1   1691   1
c  1791   -1   1842   1
c  2329   -1   2332   1
c  2329   -1   2382   1
c  2282   -1   2233   1
c  2282   -1   2231   1
c  2430   -1   2479   1
c  2430   -1   2481   1
c  2480   -1   2379   1
c  2480   -1   2333   1
c  2481   -1   2479   1
c  2481   -1   2379   1
c  2380   -1   2383   1
c  2431   -1   2383   1
c  2231   -1   2182   1
c  2231   -1   2183   1
c  2281   -1   2181   1
c  2281   -1   2230   1
c  2137   -1   2086   1
c  2232   -1   2235   1
c  2233   -1   2182   1
c  2233   -1   2235   1
c  2331   -1   2382   1
c  2331   -1   2380   1
c  2433   -1   2484   1
c  2433   -1   2330   1
c  2235   -1   2186   1
c  2234   -1   2283   1
c  2234   -1   2286   1
c  2284   -1   2184   1
c  2236   -1   2287   1
c  2236   -1   2284   1
c  2237   -1   2186   1
c  2237   -1   2234   1
c  2088   -1   2039   1
c  2088   -1   2137   1
c  2188   -1   2088   1
c  2188   -1   2087   1
c  2039   -1   2138   1
c  2139   -1   2239   1
c  2139   -1   2090   1
c  2090   -1   2041   1
c  2090   -1   2138   1
c  2040   -1   2140   1
c  2040   -1   2089   1
c  2191   -1   2140   1
c  2191   -1   2038   1
c  1742   -1   1693   1
c  1742   -1   1791   1
c  1991   -1   1891   1
c  1991   -1   2042   1
c  1943   -1   1843   1
c  1943   -1   1793   1
c  2041   -1   1941   1
c  2041   -1   1990   1
c  1942   -1   1993   1
c  1942   -1   1994   1
c  2091   -1   1991   1
c  2091   -1   1941   1
c  2043   -1   1942   1
c  2043   -1   1941   1
c  1493   -1   1444   1
c  1493   -1   1445   1
c  1496   -1   1447   1
c  1496   -1   1445   1
c  1495   -1   1544   1
c  1495   -1   1543   1
c  1347   -1   1296   1
c  1347   -1   1246   1
c  1297   -1   1299   1
c  1297   -1   1349   1
c  1448   -1   1296   1
c  1448   -1   1297   1
c  1397   -1   1348   1
c  1398   -1   1347   1
c  1546   -1   1595   1
c  1546   -1   1396   1
c  1300   -1   1349   1
c  1300   -1   1396   1
c  1447   -1   1498   1
c  1447   -1   1499   1
c  1596   -1   1496   1
c  1596   -1   1547   1
c  1348   -1   1350   1
c  1348   -1   1249   1
c  1250   -1   1299   1
c  1250   -1   1248   1
c  1298   -1   1349   1
c  1298   -1   1249   1
c  1299   -1   1348   1
c  1299   -1   1248   1
c  1349   -1   1398   1
c  1349   -1   1449   1
c  1591   -1   1542   1
c  1591   -1   1543   1
c  1592   -1   1641   1
c  1592   -1   1543   1
c  1544   -1   1595   1
c  1543   -1   1643   1
c  1543   -1   1494   1
c  1641   -1   1492   1
c  1642   -1   1693   1
c  1642   -1   1691   1
c  1643   -1   1645   1
c  1643   -1   1595   1
c  1692   -1   1741   1
c  1692   -1   1643   1
c  1841   -1   1843   1
c  1842   -1   1891   1
c  1842   -1   1893   1
c  1793   -1   1744   1
c  1793   -1   1694   1
c  1693   -1   1792   1
c  1693   -1   1791   1
c  1843   -1   1792   1
c  1843   -1   1742   1
c  1892   -1   1841   1
c  1892   -1   1793   1
c  1993   -1   1891   1
c  2332   -1   2432   1
c  2332   -1   2381   1
c  2382   -1   2431   1
c  2382   -1   2380   1
c  2283   -1   2334   1
c  2283   -1   2384   1
c  2381   -1   2282   1
c  2381   -1   2333   1
c  2432   -1   2481   1
c  2432   -1   2480   1
c  2333   -1   2335   1
c  2333   -1   2384   1
c  2482   -1   2431   1
c  2482   -1   2382   1
c  2383   -1   2432   1
c  2383   -1   2336   1
c  2483   -1   2432   1
c  2483   -1   2384   1
c  2434   -1   2383   1
c  2434   -1   2333   1
c  2384   -1   2433   1
c  2384   -1   2432   1
c  2484   -1   2383   1
c  2285   -1   2336   1
c  2285   -1   2386   1
c  2286   -1   2284   1
c  2286   -1   2337   1
c  2334   -1   2285   1
c  2334   -1   2286   1
c  2287   -1   2338   1
c  2238   -1   2289   1
c  2238   -1   2189   1
c  2189   -1   2291   1
c  2189   -1   2292   1
c  2288   -1   2239   1
c  2288   -1   2188   1
c  2140   -1   2189   1
c  2140   -1   2188   1
c  2239   -1   2339   1
c  2239   -1   2390   1
c  2042   -1   2091   1
c  2042   -1   2090   1
c  2141   -1   2192   1
c  2141   -1   2241   1
c  2190   -1   2239   1
c  2190   -1   2241   1
c  2241   -1   2342   1
c  2241   -1   2343   1
c  2192   -1   2143   1
c  2192   -1   2140   1
c  2142   -1   2191   1
c  2142   -1   2091   1
c  2243   -1   2192   1
c  2243   -1   2191   1
c  1743   -1   1694   1
c  1743   -1   1695   1
c  1992   -1   2092   1
c  1992   -1   2091   1
c  1893   -1   1793   1
c  1944   -1   1895   1
c  1944   -1   1843   1
c  1994   -1   1945   1
c  1994   -1   2093   1
c  2092   -1   2043   1
c  2092   -1   2143   1
c  2093   -1   2095   1
c  2093   -1   2091   1
c  2044   -1   2093   1
c  2044   -1   2144   1
c  2143   -1   2043   1
c  2094   -1   2194   1
c  2094   -1   2043   1
c  1497   -1   1548   1
c  1497   -1   1546   1
c  1547   -1   1549   1
c  1547   -1   1496   1
c  1545   -1   1596   1
c  1545   -1   1594   1
c  1594   -1   1645   1
c  1594   -1   1495   1
c  1498   -1   1549   1
c  1498   -1   1500   1
c  1449   -1   1549   1
c  1449   -1   1500   1
c  1399   -1   1448   1
c  1399   -1   1450   1
c  1500   -1   1398   1
c  1595   -1   1646   1
c  1595   -1   1696   1
c  1350   -1   1299   1
c  1350   -1   1250   1
c  1400   -1   1449   1
c  1400   -1   1447   1
c  1499   -1   1598   1
c  1499   -1   1600   1
c  1646   -1   1695   1
c  1646   -1   1746   1
c  1597   -1   1697   1
c  1597   -1   1646   1
c  1644   -1   1595   1
c  1644   -1   1596   1
c  1647   -1   1596   1
c  1647   -1   1645   1
c  1593   -1   1595   1
c  1593   -1   1545   1
c  1694   -1   1643   1
c  1645   -1   1696   1
c  1645   -1   1694   1
c  1794   -1   1743   1
c  1794   -1   1747   1
c  1744   -1   1695   1
c  1744   -1   1795   1
c  1844   -1   1795   1
c  1844   -1   1744   1
c  1995   -1   2044   1
c  1995   -1   1993   1
c  2385   -1   2383   1
c  2385   -1   2332   1
c  2386   -1   2486   1
c  2386   -1   2332   1
c  2335   -1   2386   1
c  2335   -1   2286   1
c  2336   -1   2385   1
c  2336   -1   2435   1
c  2435   -1   2484   1
c  2435   -1   2483   1
c  2485   -1   2436   1
c  2485   -1   2434   1
c  2487   -1   2485   1
c  2487   -1   2484   1
c  2486   -1   2435   1
c  2486   -1   2285   1
c  2339   -1   2288   1
c  2339   -1   2285   1
c  2337   -1   2389   1
c  2337   -1   2390   1
c  2338   -1   2340   1
c  2338   -1   2238   1
c  2289   -1   2340   1
c  2289   -1   2439   1
c  2291   -1   2340   1
c  2291   -1   2293   1
c  2292   -1   2341   1
c  2292   -1   2241   1
c  2240   -1   2291   1
c  2240   -1   2242   1
c  2290   -1   2239   1
c  2290   -1   2339   1
c  2390   -1   2341   1
c  2390   -1   2392   1
c  2242   -1   2341   1
c  2342   -1   2393   1
c  2343   -1   2292   1
c  2343   -1   2341   1
c  2193   -1   2242   1
c  2193   -1   2244   1
c  2194   -1   2192   1
c  2194   -1   2142   1
c  2293   -1   2342   1
c  2293   -1   2393   1
c  2244   -1   2344   1
c  2244   -1   2393   1
c  2294   -1   2243   1
c  2294   -1   2343   1
c  2345   -1   2343   1
c  2345   -1   2243   1
c  1695   -1   1595   1
c  1894   -1   1896   1
c  1894   -1   1795   1
c  1895   -1   1844   1
c  1895   -1   1893   1
c  1945   -1   1894   1
c  1945   -1   1896   1
c  2045   -1   1996   1
c  2045   -1   1994   1
c  2046   -1   1994   1
c  2046   -1   1895   1
c  2144   -1   2092   1
c  2144   -1   2196   1
c  2095   -1   2195   1
c  2095   -1   2196   1
c  1548   -1   1597   1
c  1548   -1   1550   1
c  1549   -1   1649   1
c  1549   -1   1600   1
c  1450   -1   1499   1
c  1450   -1   1549   1
c  1550   -1   1450   1
c  1550   -1   1449   1
c  1696   -1   1745   1
c  1696   -1   1744   1
c  1598   -1   1649   1
c  1598   -1   1650   1
c  1600   -1   1649   1
c  1746   -1   1846   1
c  1746   -1   1795   1
c  1697   -1   1746   1
c  1697   -1   1744   1
c  1648   -1   1699   1
c  1648   -1   1549   1
c  1698   -1   1798   1
c  1698   -1   1647   1
c  1795   -1   1846   1
c  1845   -1   1794   1
c  1845   -1   1896   1
c  1846   -1   1794   1
c  1747   -1   1796   1
c  1747   -1   1744   1
c  1745   -1   1796   1
c  1745   -1   1846   1
c  1996   -1   1947   1
c  1996   -1   1849   1
c  2438   -1   2387   1
c  2438   -1   2385   1
c  2436   -1   2487   1
c  2436   -1   2488   1
c  2387   -1   2436   1
c  2387   -1   2338   1
c  2388   -1   2437   1
c  2388   -1   2435   1
c  2437   -1   2439   1
c  2437   -1   2486   1
c  2488   -1   2437   1
c  2488   -1   2389   1
c  2389   -1   2338   1
c  2439   -1   2387   1
c  2341   -1   2392   1
c  2341   -1   2393   1
c  2440   -1   2391   1
c  2440   -1   2341   1
c  2391   -1   2393   1
c  2391   -1   2293   1
c  2489   -1   2440   1
c  2489   -1   2390   1
c  2441   -1   2390   1
c  2441   -1   2439   1
c  2392   -1   2492   1
c  2392   -1   2343   1
c  2491   -1   2393   1
c  2491   -1   2342   1
c  2443   -1   2343   1
c  2443   -1   2342   1
c  2444   -1   2344   1
c  2444   -1   2342   1
c  2393   -1   2493   1
c  2393   -1   2442   1
c  2344   -1   2341   1
c  2344   -1   2391   1
c  2195   -1   2244   1
c  2195   -1   2144   1
c  2295   -1   2244   1
c  2295   -1   2194   1
c  2245   -1   2296   1
c  2245   -1   2297   1
c  2395   -1   2446   1
c  2395   -1   2444   1
c  2346   -1   2395   1
c  2346   -1   2397   1
c  2296   -1   2345   1
c  1896   -1   1847   1
c  1896   -1   1797   1
c  1897   -1   1948   1
c  1897   -1   1895   1
c  1946   -1   1997   1
c  1946   -1   1998   1
c  2145   -1   2096   1
c  2145   -1   2045   1
c  2096   -1   2045   1
c  2096   -1   1999   1
c  2047   -1   1998   1
c  2047   -1   2045   1
c  2196   -1   2145   1
c  1649   -1   1548   1
c  1599   -1   1550   1
c  1599   -1   1648   1
c  1650   -1   1699   1
c  1650   -1   1648   1
c  1796   -1   1847   1
c  1699   -1   1599   1
c  1748   -1   1797   1
c  1748   -1   1848   1
c  1749   -1   1698   1
c  1749   -1   1747   1
c  1798   -1   1847   1
c  1798   -1   1849   1
c  1797   -1   1848   1
c  1997   -1   2048   1
c  1997   -1   1999   1
c  1947   -1   1998   1
c  1849   -1   1898   1
c  1849   -1   1949   1
c  2490   -1   2439   1
c  2490   -1   2389   1
c  2442   -1   2493   1
c  2442   -1   2491   1
c  2493   -1   2441   1
c  2492   -1   2443   1
c  2492   -1   2494   1
c  2494   -1   2445   1
c  2494   -1   2443   1
c  2394   -1   2445   1
c  2394   -1   2494   1
c  2445   -1   2396   1
c  2445   -1   2496   1
c  2495   -1   2444   1
c  2495   -1   2394   1
c  2348   -1   2394   1
c  2348   -1   2393   1
c  2246   -1   2195   1
c  2246   -1   2145   1
c  2297   -1   2448   1
c  2297   -1   2449   1
c  2396   -1   2447   1
c  2396   -1   2448   1
c  2446   -1   2497   1
c  2446   -1   2448   1
c  2347   -1   2296   1
c  2347   -1   2398   1
c  2397   -1   2399   1
c  2397   -1   2348   1
c  1898   -1   1947   1
c  1898   -1   1847   1
c  1948   -1   1848   1
c  1998   -1   1949   1
c  1998   -1   2000   1
c  2146   -1   2198   1
c  2146   -1   2049   1
c  2097   -1   2197   1
c  2097   -1   2198   1
c  2048   -1   2050   1
c  2048   -1   2000   1
c  2197   -1   2148   1
c  2197   -1   2248   1
c  2247   -1   2196   1
c  2247   -1   2146   1
c  1700   -1   1749   1
c  1700   -1   1649   1
c  1750   -1   1799   1
c  1750   -1   1699   1
c  1800   -1   1749   1
c  1800   -1   1699   1
c  1848   -1   2098   1
c  1799   -1   1850   1
c  1799   -1   1900   1
c  2049   -1   1998   1
c  2049   -1   1997   1
c  1899   -1   1850   1
c  1899   -1   1799   1
c  1850   -1   1950   1
c  1850   -1   1949   1
c  1900   -1   1949   1
c  1900   -1   1849   1
c  1950   -1   1999   1
c  1950   -1   1849   1
c  1949   -1   1898   1
c  2496   -1   2397   1
c  2496   -1   2398   1
c  2298   -1   2347   1
c  2398   -1   2297   1
c  2349   -1   2347   1
c  2447   -1   2398   1
c  2447   -1   2348   1
c  2399   -1   2450   1
c  2399   -1   2348   1
c  2450   -1   2448   1
c  2450   -1   2348   1
c  2147   -1   2247   1
c  2147   -1   2297   1
c  2400   -1   2449   1
c  2400   -1   2297   1
c  2448   -1   2397   1
c  2448   -1   2399   1
c  2449   -1   2500   1
c  2497   -1   2449   1
c  2299   -1   2399   1
c  2299   -1   2397   1
c  2050   -1   2099   1
c  2050   -1   1998   1
c  2000   -1   1949   1
c  2000   -1   2049   1
c  2098   -1   2147   1
c  2098   -1   2146   1
c  2198   -1   2298   1
c  2198   -1   2147   1
c  2099   -1   1999   1
c  2099   -1   2048   1
c  2148   -1   2150   1
c  2148   -1   2050   1
c  2248   -1   2199   1
c  2248   -1   2148   1
c  2149   -1   2049   1
c  2249   -1   2349   1
c  2249   -1   2298   1
c  2199   -1   2150   1
c  2199   -1   2298   1
c  2350   -1   2299   1
c  2350   -1   2448   1
c  2300   -1   2349   1
c  2300   -1   2449   1
c  2499   -1   2450   1
c  2499   -1   2399   1
c  2498   -1   2449   1
c  2498   -1   2399   1
c  2500   -1   2498   1
c  2250   -1   2299   1
c  2250   -1   2248   1
c  2100   -1   2149   1
c  2100   -1   2199   1
c  2150   -1   2249   1
c  2200   -1   2149   1
c  2200   -1   2100   1
r  1   52   53   2
r  51   102   155   2
r  2   53   103   2
c  101   -1   203   2
r  52   252   152   2
r  151   102   202   2
r  4   2   53   2
r  3   54   51   2
c  155   -1   54   2
c  54   -1   102   2
r  103   52   106   2
r  102   153   53   2
r  55   106   53   2
c  153   -1   204   2
r  56   53   52   2
c  201   -1   102   2
c  252   -1   102   2
r  105   56   54   2
c  154   -1   54   2
c  254   -1   252   2
c  107   -1   59   2
c  353   -1   252   2
c  157   -1   59   2
r  305   354   356   2
r  453   404   552   2
c  58   -1   110   2
r  8   10   109   2
r  356   309   408   2
r  452   352   403   2
c  401   -1   453   2
r  9   60   61   2
r  161   159   110   2
r  455   406   402   2
c  258   -1   159   2
c  259   -1   257   2
c  308   -1   259   2
c  209   -1   207   2
c  358   -1   410   2
r  456   402   505   2
c  459   -1   360   2
c  459   -1   361   2
r  553   555   604   2
c  551   -1   602   2
c  604   -1   656   2
c  603   -1   701   2
r  13   61   112   2
r  113   62   60   2
r  162   113   210   2
r  212   263   311   2
c  214   -1   216   2
r  507   509   657   2
c  754   -1   653   2
r  651   602   653   2
c  115   -1   61   2
r  261   212   363   2
c  312   -1   212   2
c  364   -1   263   2
c  411   -1   463   2
c  756   -1   805   2
c  756   -1   556   2
r  705   703   556   2
c  655   -1   755   2
r  657   557   608   2
r  609   509   557   2
c  462   -1   414   2
c  315   -1   360   2
c  751   -1   703   2
r  804   753   704   2
c  755   -1   851   2
c  66   -1   266   2
r  16   64   115   2
r  117   16   115   2
c  119   -1   15   2
r  67   219   116   2
c  708   -1   809   2
c  660   -1   560   2
c  464   -1   562   2
c  513   -1   613   2
c  901   -1   1155   2
r  19   71   68   2
c  71   -1   119   2
c  170   -1   121   2
c  268   -1   417   2
c  368   -1   267   2
r  466   417   415   2
c  856   -1   957   2
c  808   -1   859   2
r  761   712   809   2
c  760   -1   860   2
c  714   -1   662   2
r  21   23   70   2
r  171   120   70   2
c  269   -1   369   2
c  121   -1   220   2
c  122   -1   23   2
r  517   468   417   2
c  370   -1   368   2
c  616   -1   567   2
c  908   -1   1109   2
c  764   -1   662   2
c  568   -1   663   2
r  812   712   663   2
r  952   901   852   2
r  1003   1005   951   2
c  1154   -1   1107   2
c  1156   -1   1107   2
c  1454   -1   1354   2
c  1454   -1   1155   2
c  1005   -1   904   2
r  23   74   124   2
r  172   272   22   2
r  74   25   72   2
c  420   -1   321   2
r  469   420   471   2
c  468   -1   522   2
c  716   -1   667   2
c  765   -1   718   2
c  912   -1   963   2
c  963   -1   864   2
c  1062   -1   1010   2
c  814   -1   865   2
c  766   -1   817   2
c  1051   -1   1152   2
c  1302   -1   1154   2
c  1207   -1   1258   2
c  1453   -1   1304   2
r  1552   1554   1455   2
r  1151   1202   1103   2
c  1352   -1   1153   2
c  273   -1   371   2
c  372   -1   271   2
c  75   -1   78   2
c  470   -1   371   2
c  520   -1   621   2
r  914   961   814   2
c  965   -1   913   2
c  1211   -1   1361   2
c  1114   -1   1111   2
c  866   -1   864   2
r  570   621   471   2
c  1257   -1   1352   2
c  1305   -1   1405   2
r  1351   1402   1451   2
r  1304   1353   1352   2
r  1353   1302   1253   2
c  1262   -1   1160   2
c  1553   -1   1505   2
c  1507   -1   1403   2
c  1451   -1   1403   2
r  1401   1352   1403   2
c  1551   -1   1603   2
r  77   75   129   2
r  26   75   78   2
r  176   227   179   2
c  275   -1   327   2
c  126   -1   129   2
c  472   -1   520   2
c  523   -1   626   2
c  621   -1   619   2
c  770   -1   718   2
r  1163   1214   1111   2
c  1164   -1   1314   2
c  1065   -1   1116   2
c  869   -1   970   2
r  720   671   672   2
r  1359   1412   1361   2
c  1312   -1   1212   2
c  1264   -1   1363   2
c  1556   -1   1503   2
r  1606   1654   1554   2
c  1651   -1   1653   2
c  1508   -1   1608   2
c  327   -1   225   2
r  27   127   128   2
r  127   176   78   2
c  128   -1   180   2
c  179   -1   226   2
c  426   -1   475   2
c  626   -1   673   2
r  673   773   572   2
c  922   -1   770   2
c  968   -1   1167   2
r  1213   1162   1161   2
c  1363   -1   1461   2
c  1166   -1   1016   2
c  871   -1   918   2
c  722   -1   824   2
c  723   -1   774   2
c  723   -1   775   2
c  1409   -1   1407   2
c  1703   -1   1804   2
c  1559   -1   1561   2
c  1460   -1   1412   2
c  1754   -1   1655   2
c  1707   -1   1807   2
r  1751   1753   1802   2
r  328   379   380   2
c  181   -1   230   2
c  379   -1   428   2
c  528   -1   377   2
c  527   -1   627   2
c  577   -1   477   2
c  675   -1   776   2
c  1167   -1   1066   2
c  1118   -1   1217   2
r  1412   1361   1360   2
r  1512   1612   1461   2
c  1315   -1   1364   2
c  775   -1   872   2
c  1609   -1   1656   2
r  1610   1661   1559   2
r  1851   1752   1701   2
c  1804   -1   1853   2
c  1803   -1   1702   2
r  1802   1804   1704   2
r  1561   1512   1612   2
c  1858   -1   1707   2
c  1661   -1   1663   2
c  1612   -1   1513   2
c  1801   -1   1853   2
c  329   -1   378   2
c  429   -1   381   2
c  232   -1   81   2
c  479   -1   380   2
c  529   -1   527   2
r  82   34   135   2
r  677   577   628   2
c  629   -1   681   2
c  874   -1   773   2
r  1024   925   873   2
c  1169   -1   1122   2
c  1563   -1   1664   2
c  1515   -1   1414   2
c  1515   -1   1415   2
c  1269   -1   1217   2
c  825   -1   973   2
c  826   -1   874   2
r  1901   1801   1802   2
c  1903   -1   2004   2
c  1759   -1   1810   2
r  2005   2054   1956   2
c  382   -1   480   2
c  85   -1   33   2
c  85   -1   82   2
c  35   -1   87   2
c  334   -1   236   2
c  285   -1   283   2
c  681   -1   630   2
c  680   -1   780   2
r  976   1025   924   2
c  1124   -1   1224   2
c  879   -1   1024   2
c  1221   -1   1120   2
c  1420   -1   1321   2
r  1615   1716   1613   2
c  1516   -1   1317   2
c  927   -1   979   2
c  1905   -1   1907   2
c  2001   -1   2003   2
r  2052   2103   1953   2
c  1957   -1   1806   2
r  1958   2005   2057   2
c  1959   -1   1911   2
c  1812   -1   1859   2
c  2007   -1   2152   2
r  432   381   383   2
c  583   -1   634   2
c  583   -1   635   2
c  435   -1   285   2
c  484   -1   482   2
r  87   36   187   2
r  37   89   85   2
c  187   -1   135   2
r  88   187   86   2
c  90   -1   139   2
c  928   -1   829   2
c  1766   -1   1768   2
c  1716   -1   1913   2
c  1422   -1   1320   2
c  1668   -1   1469   2
c  1617   -1   1518   2
c  1569   -1   1668   2
r  2053   2102   1954   2
r  2152   2251   2252   2
c  2057   -1   2158   2
r  1911   1812   1962   2
r  1912   1961   1812   2
c  1863   -1   1963   2
c  2105   -1   2006   2
c  1815   -1   1868   2
c  485   -1   383   2
c  683   -1   631   2
c  683   -1   533   2
c  190   -1   88   2
r  40   91   37   2
c  239   -1   190   2
c  240   -1   292   2
c  91   -1   89   2
c  388   -1   489   2
c  438   -1   489   2
c  340   -1   241   2
r  343   243   294   2
c  1177   -1   1179   2
c  833   -1   830   2
c  1029   -1   1081   2
r  1323   1272   1222   2
c  1913   -1   2114   2
c  1913   -1   2012   2
c  1718   -1   1722   2
c  1671   -1   1571   2
c  2159   -1   2107   2
c  2202   -1   2101   2
c  2303   -1   2201   2
c  2303   -1   2152   2
r  2301   2252   2152   2
c  2252   -1   2255   2
c  2059   -1   2061   2
r  2060   2160   2011   2
c  2206   -1   2058   2
c  2109   -1   2158   2
c  2155   -1   2256   2
c  2205   -1   2207   2
c  2255   -1   2409   2
c  536   -1   538   2
r  684   735   786   2
c  734   -1   634   2
c  487   -1   386   2
c  192   -1   190   2
r  42   93   94   2
c  489   -1   342   2
c  488   -1   389   2
c  442   -1   440   2
r  834   885   886   2
c  785   -1   936   2
c  1182   -1   1083   2
c  1182   -1   1030   2
c  1376   -1   1324   2
c  1426   -1   1374   2
r  2063   2114   1913   2
c  1525   -1   1424   2
c  1475   -1   1426   2
c  1623   -1   1527   2
c  1772   -1   1724   2
c  1822   -1   1722   2
c  2262   -1   2159   2
c  2204   -1   2202   2
r  2254   2354   2302   2
c  2302   -1   2401   2
r  2353   2402   2453   2
r  2354   2405   2456   2
r  2351   2353   2404   2
c  2110   -1   2059   2
c  1915   -1   1868   2
r  588   539   691   2
c  687   -1   587   2
c  638   -1   539   2
r  686   785   836   2
c  243   -1   393   2
r  146   95   92   2
r  94   143   45   2
c  540   -1   741   2
c  542   -1   641   2
c  541   -1   544   2
c  443   -1   392   2
c  885   -1   735   2
r  738   841   786   2
c  1230   -1   1178   2
c  1378   -1   1277   2
c  1134   -1   983   2
c  1920   -1   1872   2
c  1823   -1   1775   2
c  2259   -1   2311   2
r  2408   2258   2359   2
c  2459   -1   2359   2
c  2213   -1   2261   2
c  2362   -1   2409   2
r  2403   2452   2352   2
r  2451   2352   2353   2
c  2452   -1   2353   2
r  2454   2352   2402   2
r  2402   2302   2404   2
r  2404   2353   2456   2
c  2405   -1   2407   2
c  96   -1   147   2
r  147   47   99   2
r  45   195   146   2
c  95   -1   144   2
r  641   590   492   2
r  494   543   593   2
c  887   -1   936   2
c  887   -1   986   2
c  987   -1   889   2
c  839   -1   996   2
c  1430   -1   1477   2
c  1184   -1   1232   2
c  1971   -1   1919   2
c  1971   -1   2019   2
c  1921   -1   1873   2
r  2065   2116   2017   2
c  2165   -1   2214   2
c  2116   -1   1967   2
c  1627   -1   1678   2
c  1627   -1   1575   2
c  1577   -1   1628   2
r  1727   1676   1628   2
c  1677   -1   1626   2
r  2265   2263   2216   2
c  2313   -1   2308   2
c  2315   -1   2263   2
r  2411   2462   2459   2
c  2412   -1   2410   2
c  2363   -1   2315   2
r  2455   2452   2402   2
r  2461   2412   2413   2
c  593   -1   595   2
r  46   145   97   2
r  97   146   45   2
r  148   97   199   2
r  149   47   299   2
r  48   149   147   2
r  98   249   149   2
c  595   -1   696   2
r  248   149   347   2
c  891   -1   839   2
c  1038   -1   937   2
c  1431   -1   1533   2
c  2068   -1   2122   2
c  2119   -1   2168   2
c  2070   -1   2122   2
c  2021   -1   2072   2
r  2364   2264   2313   2
c  1778   -1   1678   2
c  1827   -1   1776   2
r  1925   1976   1826   2
c  1580   -1   1481   2
c  1680   -1   1629   2
c  2463   -1   2311   2
r  2367   2418   2416   2
c  2366   -1   2468   2
c  694   -1   746   2
c  845   -1   745   2
c  150   -1   47   2
r  50   150   99   2
c  200   -1   249   2
r  49   149   199   2
r  100   149   98   2
r  645   596   694   2
r  597   648   599   2
c  598   -1   647   2
c  497   -1   450   2
c  448   -1   399   2
c  349   -1   448   2
c  997   -1   995   2
c  1137   -1   1090   2
c  1139   -1   1237   2
c  1432   -1   1381   2
c  1434   -1   1334   2
c  2122   -1   2178   2
c  2170   -1   2118   2
c  2168   -1   2268   2
c  1681   -1   1629   2
c  1878   -1   1929   2
c  1928   -1   1979   2
c  1930   -1   1878   2
c  2025   -1   2076   2
c  1976   -1   2027   2
r  2464   2415   2417   2
r  2368   2419   2417   2
r  2465   2365   2366   2
c  2418   -1   2366   2
r  2319   2418   2366   2
r  894   843   792   2
c  992   -1   843   2
c  797   -1   845   2
c  300   -1   298   2
c  599   -1   498   2
c  498   -1   598   2
r  600   649   598   2
r  649   700   548   2
r  449   497   398   2
r  350   498   398   2
c  400   -1   649   2
r  1140   1142   1192   2
c  1093   -1   1042   2
r  1191   1140   1091   2
c  1100   -1   946   2
r  998   1098   1046   2
r  1097   1048   947   2
r  1044   1095   1143   2
c  1145   -1   1045   2
c  1000   -1   1098   2
r  1485   1434   1433   2
c  1584   -1   1683   2
r  1632   1732   1683   2
c  1484   -1   1536   2
c  1386   -1   1434   2
c  2172   -1   2224   2
c  2222   -1   2170   2
c  2178   -1   2131   2
c  2269   -1   2368   2
c  2318   -1   2219   2
c  2174   -1   2126   2
c  1932   -1   1934   2
c  1936   -1   1786   2
c  2470   -1   2368   2
c  2469   -1   2370   2
c  2419   -1   2370   2
c  798   -1   697   2
c  750   -1   548   2
r  799   797   698   2
c  749   -1   849   2
c  1050   -1   1148   2
c  950   -1   999   2
c  949   -1   849   2
c  1486   -1   1388   2
c  1486   -1   1438   2
c  1634   -1   1734   2
c  1536   -1   1437   2
c  1636   -1   1735   2
c  1437   -1   1439   2
c  2131   -1   2129   2
c  2322   -1   2320   2
r  2421   2370   2322   2
c  2078   -1   2179   2
c  2079   -1   2175   2
c  2323   -1   2425   2
r  1982   1931   2033   2
c  1984   -1   2033   2
c  1984   -1   2035   2
c  2035   -1   2083   2
c  2471   -1   2373   2
r  2372   2421   2424   2
c  2422   -1   2375   2
r  899   948   800   2
c  800   -1   848   2
c  1244   -1   1192   2
r  1148   1200   1049   2
c  1199   -1   1248   2
c  900   -1   800   2
c  1391   -1   1443   2
c  1339   -1   1440   2
c  1343   -1   1444   2
c  1492   -1   1292   2
r  1487   1438   1388   2
r  1586   1686   1438   2
c  1538   -1   1536   2
c  1638   -1   1589   2
c  1836   -1   1785   2
c  1688   -1   1737   2
r  1489   1389   1491   2
r  2230   2178   2179   2
r  2180   2131   2229   2
c  2130   -1   2231   2
r  2430   2479   2432   2
c  2132   -1   2080   2
r  2373   2322   2424   2
c  2425   -1   2423   2
r  2427   2425   2376   2
r  2476   2474   2374   2
c  2478   -1   2327   2
c  2034   -1   1933   2
c  2083   -1   1938   2
c  2135   -1   2285   2
r  2472   2373   2474   2
r  2375   2424   2476   2
r  1350   1299   1296   2
r  1296   1248   1398   2
r  1348   1350   1297   2
c  1443   -1   1395   2
c  1641   -1   1593   2
c  1397   -1   1344   2
c  1589   -1   1538   2
c  2380   -1   2432   2
c  2232   -1   2333   2
c  2431   -1   2429   2
r  2432   2480   2285   2
r  2475   2374   2325   2
r  2377   2329   2476   2
c  2479   -1   2379   2
r  2136   2184   2233   2
c  2137   -1   2037   2
c  1398   -1   1447   2
r  1399   1448   1549   2
r  1543   1494   1595   2
r  2483   2432   2383   2
c  2484   -1   2436   2
c  2235   -1   2286   2
r  2283   2384   2286   2
r  2482   2431   2383   2
c  2284   -1   2288   2
c  2287   -1   2186   2
c  2389   -1   2285   2
c  2039   -1   2192   2
c  1500   -1   1598   2
r  1550   1450   1649   2
r  1547   1496   1598   2
c  1544   -1   1596   2
c  1841   -1   1893   2
c  1993   -1   2045   2
r  2487   2485   2384   2
r  2189   2292   2390   2
c  2340   -1   2240   2
c  2340   -1   2241   2
c  2439   -1   2488   2
r  2488   2437   2387   2
r  2490   2439   2390   2
r  2486   2285   2387   2
c  1893   -1   1742   2
c  2143   -1   2044   2
r  1598   1650   1549   2
c  1600   -1   1700   2
r  1599   1550   1548   2
c  1699   -1   1549   2
c  1649   -1   1698   2
r  1650   1648   1550   2
c  1695   -1   1643   2
c  1694   -1   1595   2
c  2242   -1   2140   2
r  2440   2341   2393   2
c  2342   -1   2344   2
r  2294   2343   2342   2
r  2295   2194   2243   2
r  1894   1896   1847   2
r  1750   1699   1648   2
c  1795   -1   1696   2
c  1796   -1   1794   2
c  1846   -1   1744   2
r  1748   1797   1799   2
c  1949   -1   1698   2
c  2493   -1   2343   2
c  2398   -1   2343   2
r  2346   2397   2445   2
c  2296   -1   2449   2
c  1847   -1   1849   2
c  1847   -1   1895   2
c  2196   -1   2096   2
c  1797   -1   1846   2
c  1848   -1   1998   2
c  1948   -1   1849   2
c  1999   -1   2048   2
c  1999   -1   1850   2
r  2048   2050   1949   2
c  1947   -1   1849   2
r  2348   2394   2496   2
r  2448   2397   2299   2
r  2347   2296   2448   2
r  2446   2448   2394   2
c  2449   -1   2347   2
r  2000   1949   1849   2
c  2298   -1   2300   2
c  2349   -1   2448   2
r  2447   2398   2449   2
r  2400   2297   2397   2
r  2498   2449   2450   2
r  2300   2449   2448   2
r  2499   2450   2448   2
r  2299   2397   2449   2
r  2350   2448   2399   2
c  2500   -1   2399   2
c  2497   -1   2399   2
c  2149   -1   2198   2
r  2100   2149   2249   2
r  2250   2299   2298   2
c  2150   -1   2248   2
r  2200   2149   2249   2
r  51   53   54   3
r  2   54   53   3
r  101   53   54   3
r  53   203   155   3
r  52   101   103   3
r  151   202   53   3
r  3   51   54   3
r  6   104   53   3
r  152   154   203   3
r  5   56   54   3
r  105   54   56   3
r  106   205   54   3
r  252   151   203   3
r  251   202   203   3
r  107   7   6   3
r  57   6   106   3
r  351   302   403   3
r  58   110   159   3
r  257   308   306   3
r  60   12   63   3
r  208   259   257   3
r  551   503   653   3
r  601   603   604   3
r  603   701   702   3
r  653   604   601   3
r  11   60   112   3
r  311   313   259   3
r  14   65   113   3
r  115   61   67   3
r  661   710   708   3
r  853   801   802   3
r  18   167   66   3
r  71   122   68   3
r  860   911   1059   3
r  852   903   951   3
r  952   852   901   3
r  73   121   22   3
r  1052   1256   1106   3
r  1103   905   1155   3
r  1206   1257   1155   3
r  1102   1153   1151   3
r  1202   1251   1205   3
r  1152   1103   1253   3
r  1151   1103   1253   3
r  174   123   223   3
r  1356   1405   1451   3
r  1308   1208   1210   3
r  1451   1403   1405   3
r  76   125   28   3
r  26   77   128   3
r  126   78   175   3
r  917   968   1017   3
r  1115   1064   1167   3
r  1652   1751   1803   3
r  28   31   129   3
r  27   78   129   3
r  181   232   129   3
r  182   131   129   3
r  1701   1752   1754   3
r  1753   1755   1702   3
r  1702   1802   1804   3
r  725   776   723   3
r  33   35   135   3
r  234   185   287   3
r  678   681   680   3
r  1369   1420   1371   3
r  1801   1852   1901   3
r  1902   2001   1752   3
r  1805   1905   1853   3
r  1951   1953   1853   3
r  579   531   729   3
r  138   135   87   3
r  2002   1851   1903   3
r  2001   2003   1901   3
r  1760   1711   1860   3
r  1861   1762   1713   3
r  1761   1861   1860   3
r  1568   1467   1566   3
r  36   135   87   3
r  237   185   285   3
r  88   188   140   3
r  730   781   631   3
r  633   682   681   3
r  1471   1520   1371   3
r  1814   1763   1714   3
r  436   387   385   3
r  38   90   139   3
r  1081   1130   1182   3
r  2151   2202   2252   3
r  2252   2255   2204   3
r  1868   1816   1817   3
r  141   190   89   3
r  92   94   144   3
r  42   94   144   3
r  1229   1178   1180   3
r  838   836   785   3
r  936   1036   838   3
r  2302   2351   2255   3
r  2353   2454   2402   3
r  2304   2302   2404   3
r  2301   2152   2252   3
r  2305   2357   2302   3
r  2356   2407   2255   3
r  2408   2406   2255   3
r  1916   1864   1868   3
r  1527   1578   1628   3
r  2457   2406   2359   3
r  2310   2313   2413   3
r  2352   2303   2401   3
r  2403   2352   2452   3
r  2451   2402   2352   3
r  2452   2401   2351   3
r  2351   2402   2353   3
r  2404   2352   2353   3
r  2453   2401   2404   3
r  2458   2409   2357   3
r  147   98   199   3
r  246   346   244   3
r  1186   1237   1139   3
r  2454   2402   2401   3
r  46   95   147   3
r  148   99   298   3
r  198   97   99   3
r  149   299   48   3
r  48   100   199   3
r  47   96   147   3
r  49   199   147   3
r  100   199   147   3
r  99   150   97   3
c  199   -1   97   3
r  546   495   598   3
r  446   497   498   3
r  990   942   1092   3
r  1050   1148   996   3
r  1236   1136   1138   3
r  2364   2313   2366   3
r  2415   2417   2315   3
r  2418   2469   2413   3
r  150   47   98   3
r  50   99   199   3
r  550   598   548   3
r  597   649   499   3
r  350   398   347   3
r  744   592   796   3
r  1387   1336   1238   3
r  1926   1828   1977   3
r  2317   2416   2417   3
r  2368   2370   2366   3
r  2466   2365   2415   3
r  2465   2417   2416   3
r  2469   2370   2366   3
r  2419   2470   2468   3
r  847   796   747   3
r  500   498   599   3
r  600   549   649   3
r  999   1050   1100   3
r  1048   1148   897   3
r  950   999   849   3
c  848   -1   950   3
r  2178   2229   2230   3
r  700   799   698   3
r  1200   1100   1149   3
r  900   949   848   3
r  799   698   899   3
r  2223   2174   2175   3
r  1346   1398   1349   3
r  2180   2232   2131   3
r  2476   2425   2424   3
r  2328   2478   2477   3
r  2426   2377   2325   3
r  2375   2474   2424   3
r  2474   2425   2476   3
r  1399   1450   1297   3
r  1397   1344   1296   3
r  2376   2325   2424   3
r  2428   2477   2377   3
r  1500   1598   1549   3
r  1450   1549   1498   3
r  1597   1646   1649   3
r  2431   2429   2380   3
r  2235   2186   2284   3
r  2433   2330   2379   3
r  2482   2383   2379   3
r  2487   2384   2285   3
r  1699   1599   1600   3
r  1700   1749   1549   3
r  2435   2483   2383   3
r  1750   1799   1949   3
r  1748   1799   1849   3
r  2291   2340   2342   3
r  2240   2242   2140   3
r  2491   2342   2443   3
r  2293   2342   2341   3
r  2048   1949   1849   3
r  1950   1999   1998   3
r  2442   2493   2342   3
r  2444   2344   2446   3
r  2493   2441   2342   3
r  2495   2394   2343   3
r  2395   2446   2344   3
r  2098   2147   2049   3
r  2099   1999   1998   3
r  2348   2393   2449   3
r  2397   2399   2298   3
r  2448   2399   2298   3
r  2297   2448   2299   3
r  2100   2249   2298   3
r  2447   2449   2450   3
r  2497   2449   2448   3
r  2450   2448   2349   3
r  2498   2450   2449   3
r  2400   2397   2448   3
r  2500   2399   2448   3
r  2499   2448   2349   3
r  2300   2448   2399   3
r  2200   2249   2298   3
r  1   53   54   4
r  2   53   54   4
r  101   54   252   4
r  54   52   152   4
r  52   103   201   4
r  4   53   103   4
r  151   51   102   4
r  104   53   106   4
r  55   107   155   4
r  56   52   5   4
r  204   102   152   4
r  107   59   54   4
r  152   201   53   4
r  201   252   203   4
r  5   54   53   4
r  156   152   53   4
r  253   453   403   4
r  10   59   107   4
r  9   11   109   4
r  13   112   113   4
r  12   14   113   4
r  501   601   554   4
r  458   407   460   4
r  502   451   653   4
r  508   556   607   4
r  460   462   562   4
r  653   601   604   4
r  602   702   752   4
r  603   501   652   4
r  654   756   755   4
r  264   315   213   4
r  15   68   116   4
r  65   67   116   4
r  18   67   118   4
r  557   508   657   4
r  611   660   608   4
r  703   752   802   4
r  853   802   902   4
r  319   218   321   4
r  1053   1205   1106   4
r  617   566   516   4
r  23   123   121   4
r  24   22   172   4
r  958   1057   906   4
r  811   711   760   4
r  1001   952   1052   4
r  25   76   126   4
r  862   911   963   4
r  1158   1109   1210   4
r  1061   1112   1059   4
r  1203   1254   1252   4
r  816   865   864   4
r  1351   1451   1255   4
r  1307   1356   1405   4
r  1301   1451   1253   4
r  1251   1253   1352   4
r  1451   1405   1253   4
r  1502   1551   1403   4
r  376   425   475   4
r  29   78   129   4
r  81   133   129   4
r  228   179   129   4
r  32   83   129   4
r  1604   1503   1653   4
r  970   1019   1017   4
r  920   971   918   4
r  967   1018   970   4
r  328   380   379   4
r  1117   1166   1217   4
r  1703   1804   1803   4
r  1753   1804   1802   4
r  1702   1751   1802   4
r  675   673   577   4
r  1752   1703   1851   4
r  1070   1068   968   4
r  1075   1124   1024   4
r  1855   1853   1954   4
r  1219   1120   1170   4
r  583   635   683   4
r  88   86   139   4
r  37   85   138   4
r  435   482   383   4
r  90   138   87   4
r  1470   1371   1468   4
r  1320   1420   1371   4
r  1905   1903   1954   4
r  1954   1903   2006   4
r  1952   2001   1901   4
r  2051   1951   1903   4
r  1274   1323   1276   4
r  881   832   884   4
r  391   440   340   4
r  1619   1667   1518   4
r  1570   1619   1621   4
r  1325   1374   1376   4
r  1326   1277   1374   4
r  734   634   686   4
r  2109   2158   2107   4
r  2251   2302   2152   4
r  2157   2154   2206   4
r  1375   1475   1327   4
r  144   93   147   4
r  2063   2014   2012   4
r  2355   2304   2303   4
r  2305   2307   2404   4
r  1135   1184   985   4
r  988   1037   986   4
r  592   541   492   4
r  145   97   147   4
r  45   146   147   4
r  146   92   97   4
r  46   147   144   4
r  1576   1627   1623   4
r  2410   2461   2359   4
r  2352   2401   2405   4
r  2451   2352   2302   4
r  2453   2352   2302   4
r  2401   2353   2404   4
r  2403   2405   2352   4
r  2452   2351   2401   4
r  2351   2404   2456   4
r  2402   2453   2456   4
r  2404   2353   2452   4
r  2456   2454   2352   4
r  2357   2208   2409   4
r  2458   2407   2409   4
r  841   739   940   4
r  890   892   841   4
r  1186   1139   1138   4
r  198   99   149   4
r  743   794   746   4
r  97   197   198   4
r  47   45   98   4
r  149   48   100   4
r  100   98   199   4
r  2460   2411   2310   4
r  2454   2401   2403   4
r  2455   2404   2401   4
r  1040   1192   1092   4
r  497   548   398   4
r  298   398   347   4
r  348   299   199   4
r  399   297   298   4
r  48   147   97   4
r  150   199   99   4
r  50   199   99   4
r  200   249   298   4
r  49   147   98   4
r  2367   2416   2319   4
r  2461   2463   2412   4
r  1735   1783   1683   4
r  1633   1631   1582   4
r  1096   1047   947   4
r  948   997   1096   4
r  1097   1046   1248   4
r  500   548   597   4
r  449   498   548   4
r  350   347   448   4
r  2368   2366   2416   4
r  2466   2366   2367   4
r  2419   2370   2366   4
r  2369   2371   2366   4
r  899   800   897   4
r  1147   1098   1049   4
r  949   849   1049   4
r  1248   1149   1296   4
r  798   697   849   4
r  748   849   800   4
r  2320   2220   2219   4
r  2075   2126   2024   4
r  2469   2366   2416   4
r  1638   1635   1536   4
r  1199   1248   1250   4
r  800   699   950   4
r  799   848   900   4
r  1298   1249   1447   4
r  1250   1299   1349   4
r  1300   1396   1248   4
r  1343   1444   1443   4
r  1341   1441   1292   4
r  1935   2034   2035   4
r  2422   2375   2424   4
r  2473   2422   2471   4
r  1297   1299   1345   4
r  2424   2328   2325   4
r  2425   2374   2327   4
r  2275   2324   2327   4
r  2474   2476   2325   4
r  2428   2476   2379   4
r  2477   2273   2327   4
r  1890   1989   1939   4
r  1450   1498   1549   4
r  1598   1649   1600   4
r  2377   2379   2426   4
r  2481   2379   2380   4
r  2335   2286   2383   4
r  2334   2286   2386   4
r  2386   2486   2286   4
r  1599   1648   1550   4
r  1700   1649   1550   4
r  2485   2436   2383   4
r  2189   2390   2393   4
r  2438   2385   2389   4
r  2239   2339   2140   4
r  2141   2192   2242   4
r  2241   2342   2140   4
r  2441   2390   2393   4
r  2391   2393   2343   4
r  1800   1699   1849   4
r  1799   1850   1847   4
r  1897   1895   1949   4
r  1898   1847   1998   4
r  2492   2443   2445   4
r  2398   2297   2298   4
r  2495   2444   2342   4
r  2444   2446   2343   4
r  2446   2497   2343   4
r  1900   1949   1947   4
r  2445   2396   2398   4
r  2348   2449   2497   4
r  2448   2298   2399   4
r  2399   2450   2298   4
r  2447   2348   2496   4
r  2449   2347   2349   4
r  2148   2150   2298   4
r  2199   2150   2348   4
r  2450   2349   2448   4
r  2299   2449   2348   4
r  2497   2448   2449   4
r  2500   2498   2299   4
r  2499   2349   2448   4
r  2400   2448   2349   4
r  2350   2399   2497   4
r  51   54   102   5
r  2   54   53   5
r  101   252   54   5
r  52   201   54   5
r  4   103   53   5
r  102   53   155   5
r  3   52   103   5
r  151   53   54   5
r  55   53   106   5
r  56   5   103   5
r  154   252   102   5
r  153   52   54   5
r  6   106   54   5
r  105   56   152   5
r  106   54   53   5
r  201   203   103   5
r  108   59   61   5
r  303   354   252   5
r  9   61   11   5
r  62   111   113   5
r  501   554   653   5
r  311   360   363   5
r  13   60   164   5
r  65   117   113   5
r  653   604   751   5
r  553   502   653   5
r  602   653   604   5
r  601   604   653   5
r  605   704   556   5
r  312   212   260   5
r  316   364   416   5
r  118   113   115   5
r  652   553   703   5
r  703   802   752   5
r  651   702   603   5
r  657   608   556   5
r  562   461   510   5
r  17   115   117   5
r  368   319   417   5
r  318   369   218   5
r  807   706   756   5
r  19   70   119   5
r  20   69   71   5
r  71   119   171   5
r  1053   1106   1004   5
r  1001   1052   902   5
r  1002   1053   1155   5
r  1202   1153   1155   5
r  1152   1253   1155   5
r  1051   1151   1155   5
r  1005   1057   1056   5
r  1058   1157   904   5
r  1102   1051   1154   5
r  1255   1354   1253   5
r  1203   1252   1255   5
r  1404   1455   1451   5
r  1354   1302   1352   5
r  1251   1352   1153   5
r  819   672   718   5
r  473   322   471   5
r  25   126   129   5
r  1451   1253   1403   5
r  1506   1555   1554   5
r  1406   1306   1354   5
r  77   129   28   5
r  76   124   128   5
r  28   128   75   5
r  127   78   129   5
r  674   625   626   5
r  80   179   128   5
r  30   82   129   5
r  1701   1703   1802   5
r  1705   1756   1703   5
r  1023   972   1025   5
r  728   726   679   5
r  1804   1752   1703   5
r  1510   1461   1610   5
r  1661   1561   1713   5
r  976   974   1025   5
r  83   35   135   5
r  84   33   87   5
r  135   86   34   5
r  85   82   187   5
r  1855   1954   1802   5
r  1801   1853   1804   5
r  1852   1901   1752   5
r  1806   1906   1907   5
r  730   631   681   5
r  1368   1314   1469   5
r  1615   1613   1664   5
r  1953   2001   1901   5
r  2102   2051   1805   5
r  1952   1901   1954   5
r  433   484   435   5
r  384   484   485   5
r  635   683   684   5
r  139   37   39   5
r  90   139   37   5
r  1913   2114   2013   5
r  1422   1320   1424   5
r  2151   2251   2202   5
r  2208   2206   2058   5
r  1867   1818   1915   5
r  1818   1767   1917   5
r  92   43   140   5
r  1620   1671   1571   5
r  2253   2302   2353   5
r  2354   2456   2401   5
r  2301   2252   2353   5
r  2256   2258   2409   5
r  2305   2404   2456   5
r  93   192   144   5
r  94   96   42   5
r  1623   1527   1724   5
r  2358   2309   2409   5
r  2457   2408   2308   5
r  2458   2357   2359   5
r  2312   2412   2263   5
r  2306   2255   2408   5
r  2352   2355   2404   5
r  2451   2353   2354   5
r  2402   2404   2302   5
r  2404   2452   2302   5
r  2456   2405   2302   5
r  2401   2404   2353   5
r  2351   2456   2404   5
r  2407   2359   2308   5
r  2410   2359   2413   5
r  2462   2413   2409   5
r  1823   1775   1722   5
r  1281   1232   1332   5
r  1039   938   1138   5
r  95   97   147   5
r  45   145   144   5
r  97   45   144   5
r  196   194   244   5
r  2313   2367   2416   5
r  2413   2364   2315   5
r  2454   2452   2456   5
r  2455   2401   2404   5
r  1825   1774   1724   5
r  1529   1581   1531   5
r  944   946   893   5
r  1236   1138   1139   5
r  743   745   694   5
r  96   45   99   5
r  47   98   199   5
r  98   149   248   5
r  48   199   147   5
r  150   99   147   5
r  199   97   298   5
r  546   597   599   5
r  447   396   545   5
r  2464   2417   2416   5
r  897   998   1049   5
r  795   846   744   5
r  645   694   744   5
r  100   147   98   5
r  49   98   199   5
r  50   99   199   5
r  547   598   649   5
r  550   548   599   5
r  598   647   499   5
r  498   547   398   5
r  2121   2119   2222   5
r  2465   2416   2417   5
r  1093   1091   1041   5
r  898   800   900   5
r  1194   1345   1192   5
r  648   599   550   5
r  250   298   399   5
r  350   448   298   5
r  500   597   548   5
r  600   598   648   5
r  499   450   398   5
r  2321   2421   2222   5
r  1783   1832   1681   5
r  1688   1737   1736   5
r  1293   1444   1192   5
r  849   900   748   5
r  850   899   848   5
r  1348   1297   1148   5
r  2177   2226   2125   5
r  2179   2131   2080   5
r  2472   2424   2373   5
r  2423   2472   2325   5
r  2473   2424   2422   5
r  2373   2422   2322   5
r  1299   1248   1250   5
r  2180   2131   2182   5
r  1399   1297   1447   5
r  1450   1549   1349   5
r  1599   1550   1447   5
r  2430   2481   2379   5
r  2133   2182   2233   5
r  2476   2374   2325   5
r  2378   2477   2424   5
r  2376   2424   2325   5
r  2088   2039   2037   5
r  1693   1792   1744   5
r  1548   1597   1499   5
r  2381   2333   2379   5
r  1700   1550   1649   5
r  1650   1550   1549   5
r  1699   1549   1550   5
r  2485   2434   2433   5
r  2486   2435   2285   5
r  1746   1846   1744   5
r  1796   1794   1744   5
r  1749   1698   1849   5
r  2437   2439   2389   5
r  2489   2390   2389   5
r  2242   2140   2343   5
r  1949   1698   1947   5
r  1848   2098   1949   5
r  2391   2293   2393   5
r  2491   2393   2343   5
r  2394   2445   2343   5
r  1897   1949   1998   5
r  2492   2445   2343   5
r  2494   2445   2343   5
r  1850   1950   1998   5
r  2247   2196   2298   5
r  2198   2147   1998   5
r  2098   2146   1998   5
r  2397   2298   2497   5
r  2399   2348   2447   5
r  2447   2496   2445   5
r  2297   2449   2448   5
r  2347   2398   2399   5
r  2449   2500   2299   5
r  2349   2347   2298   5
r  2450   2448   2399   5
r  2498   2449   2299   5
r  2500   2299   2298   5
r  2350   2497   2448   5
r  2400   2449   2497   5
r  2499   2448   2349   5
r  2150   2248   2199   5
r  2250   2298   2299   5
r  2200   2298   2249   5
r  51   155   54   6
r  2   103   54   6
r  101   203   152   6
r  54   102   106   6
r  52   152   105   6
r  102   155   104   6
r  3   103   155   6
r  53   155   102   6
r  151   102   103   6
r  4   51   103   6
r  55   106   103   6
r  56   103   107   6
r  204   152   53   6
r  153   204   155   6
r  5   106   54   6
r  154   54   203   6
r  202   103   102   6
r  251   302   102   6
r  6   54   155   6
r  252   102   155   6
r  61   63   107   6
r  505   605   404   6
r  402   502   603   6
r  407   307   306   6
r  12   61   112   6
r  13   164   115   6
r  552   603   604   6
r  16   115   117   6
r  66   266   118   6
r  602   752   653   6
r  703   754   601   6
r  752   652   653   6
r  701   601   703   6
r  756   556   655   6
r  511   459   560   6
r  68   119   22   6
r  120   220   171   6
r  171   20   119   6
r  20   71   69   6
r  661   708   810   6
r  220   171   71   6
r  71   68   173   6
r  952   901   851   6
r  859   810   958   6
r  711   760   809   6
r  1054   904   1155   6
r  1004   1056   1155   6
r  955   1004   1155   6
r  713   764   814   6
r  420   321   520   6
r  23   124   71   6
r  173   274   72   6
r  1253   1302   1154   6
r  1254   1305   1152   6
r  1201   1103   1352   6
r  1251   1302   1253   6
r  24   172   122   6
r  1356   1305   1405   6
r  1451   1352   1405   6
r  1551   1602   1651   6
r  75   126   77   6
r  125   174   129   6
r  76   128   124   6
r  77   28   129   6
r  176   179   77   6
r  1601   1653   1553   6
r  1652   1703   1802   6
r  26   128   129   6
r  126   175   77   6
r  27   129   78   6
r  1705   1754   1802   6
r  1755   1804   1655   6
r  33   135   129   6
r  968   1119   1017   6
r  1754   1655   1802   6
r  1752   1801   1853   6
r  1801   1804   1903   6
r  1852   1903   1901   6
r  1901   1853   1952   6
r  1902   1951   1802   6
r  1951   2003   1802   6
r  133   181   81   6
r  83   135   34   6
r  2102   1805   1901   6
r  331   280   230   6
r  36   87   84   6
r  37   88   85   6
r  1954   2006   2003   6
r  731   782   631   6
r  683   631   681   6
r  38   139   140   6
r  1421   1522   1319   6
r  1420   1471   1320   6
r  2203   2254   2152   6
r  1077   1029   1129   6
r  289   238   240   6
r  286   335   238   6
r  1961   2012   2062   6
r  2302   2401   2353   6
r  2354   2401   2302   6
r  2355   2404   2401   6
r  1227   1279   1378   6
r  786   686   885   6
r  292   191   243   6
r  2257   2206   2409   6
r  1770   1719   1571   6
r  2452   2353   2302   6
r  2455   2402   2302   6
r  2403   2452   2455   6
r  2351   2404   2402   6
r  2401   2403   2453   6
r  2451   2302   2353   6
r  2453   2302   2456   6
r  2402   2302   2404   6
r  2404   2302   2401   6
r  2405   2407   2356   6
r  2309   2311   2409   6
r  2407   2308   2359   6
r  2362   2409   2261   6
r  1134   985   1234   6
r  45   144   142   6
r  2457   2359   2409   6
r  2412   2463   2409   6
r  2454   2403   2401   6
r  1426   1374   1375   6
r  345   392   195   6
r  94   42   147   6
r  145   96   97   6
r  44   93   147   6
r  47   199   144   6
r  48   97   144   6
r  2020   2071   2069   6
r  1774   1822   1825   6
r  2416   2468   2418   6
r  2365   2363   2417   6
r  1530   1528   1479   6
r  1383   1385   1434   6
r  146   144   47   6
r  97   144   199   6
r  49   199   97   6
r  148   298   97   6
r  149   100   97   6
r  200   149   147   6
r  50   149   147   6
r  298   347   147   6
r  2068   2119   2170   6
r  2317   2366   2219   6
r  2417   2466   2468   6
r  2466   2415   2368   6
r  1049   1100   996   6
r  150   147   248   6
r  250   299   298   6
r  300   349   399   6
r  400   649   199   6
r  694   696   845   6
r  1629   1678   1677   6
r  2469   2416   2368   6
r  2421   2470   2271   6
r  2471   2373   2474   6
r  1096   1048   1047   6
r  1146   1197   1148   6
r  1097   1248   1148   6
r  550   599   548   6
r  497   450   448   6
r  695   746   794   6
r  795   895   694   6
r  648   550   599   6
r  1980   1881   1929   6
r  2422   2471   2325   6
r  2272   2323   2220   6
r  2474   2423   2373   6
r  950   849   799   6
r  1247   1446   1148   6
r  649   698   550   6
r  600   649   598   6
r  499   550   599   6
r  699   748   599   6
r  700   749   599   6
r  748   899   848   6
r  1982   2033   1931   6
r  1438   1587   1536   6
r  1784   1634   1683   6
r  1638   1589   1687   6
r  1588   1487   1536   6
r  1887   1838   1786   6
r  1295   1344   1192   6
r  900   848   798   6
r  850   848   899   6
r  1250   1349   1348   6
r  1299   1348   1248   6
r  1347   1246   1349   6
r  1338   1387   1440   6
r  2275   2327   2278   6
r  2476   2325   2327   6
r  2429   2380   2424   6
r  2428   2379   2477   6
r  2377   2476   2325   6
r  2376   2325   2327   6
r  1300   1248   1398   6
r  1346   1349   1447   6
r  1350   1250   1398   6
r  2331   2380   2282   6
r  1550   1449   1447   6
r  1549   1600   1699   6
r  2480   2379   2380   6
r  2333   2384   2432   6
r  1991   2042   2092   6
r  1600   1649   1648   6
r  1647   1645   1595   6
r  2485   2433   2436   6
r  2486   2387   2389   6
r  2435   2383   2433   6
r  2484   2383   2387   6
r  1794   1747   1796   6
r  2044   2144   1993   6
r  2387   2338   2389   6
r  2288   2239   2340   6
r  2289   2340   2389   6
r  2488   2387   2390   6
r  2142   2191   2144   6
r  1846   1794   1895   6
r  2046   1994   1998   6
r  1849   1898   1998   6
r  2438   2389   2436   6
r  2292   2241   2140   6
r  2491   2343   2342   6
r  2293   2393   2342   6
r  2294   2342   2343   6
r  1997   1999   1849   6
r  1999   2048   1849   6
r  1900   1849   1949   6
r  1850   1998   1947   6
r  1897   1948   1849   6
r  2049   1997   1849   6
r  1950   1849   1848   6
r  2492   2343   2393   6
r  2442   2342   2391   6
r  2450   2348   2343   6
r  2099   2048   2148   6
r  2198   1998   2349   6
r  2446   2343   2497   6
r  2348   2496   2297   6
r  2397   2497   2298   6
r  2448   2399   2298   6
r  2400   2349   2348   6
r  2449   2349   2348   6
r  2500   2448   2349   6
r  2396   2447   2399   6
r  2347   2399   2299   6
r  2100   2199   2248   6
r  2199   2298   2448   6
r  2497   2399   2448   6
r  2498   2299   2449   6
r  2499   2349   2448   6
r  2350   2448   2298   6
r  2250   2299   2298   6
r  1   54   53   7
r  2   54   106   7
r  101   54   155   7
r  52   54   155   7
r  102   104   153   7
r  151   103   102   7
r  155   54   102   7
r  5   54   102   7
r  104   106   53   7
r  105   156   53   7
r  154   203   103   7
r  4   53   152   7
r  57   106   54   7
r  202   102   54   7
r  157   59   58   7
r  201   102   152   7
r  354   152   252   7
r  8   59   113   7
r  307   358   207   7
r  351   402   302   7
r  62   113   10   7
r  10   107   112   7
r  112   160   60   7
r  208   257   259   7
r  357   308   409   7
r  213   262   313   7
r  505   556   604   7
r  552   653   603   7
r  604   556   653   7
r  13   113   116   7
r  65   113   117   7
r  15   66   117   7
r  16   65   115   7
r  310   361   363   7
r  654   755   552   7
r  703   601   604   7
r  701   752   604   7
r  17   116   66   7
r  704   805   752   7
r  68   22   119   7
r  902   951   1155   7
r  905   1005   1155   7
r  1053   1004   1155   7
r  953   904   951   7
r  24   122   71   7
r  952   851   1155   7
r  1051   1155   951   7
r  1052   1106   1155   7
r  1202   1205   1352   7
r  1102   1154   1155   7
r  1056   1105   1155   7
r  1254   1256   1155   7
r  1151   1253   1155   7
r  1006   1004   1155   7
r  1101   1152   1155   7
r  1303   1352   1155   7
r  1153   1252   1205   7
r  25   175   76   7
r  124   75   129   7
r  1252   1352   1154   7
r  473   471   571   7
r  176   77   274   7
r  474   525   575   7
r  1305   1354   1352   7
r  1356   1405   1403   7
r  1257   1352   1306   7
r  1258   1260   1210   7
r  1502   1403   1354   7
r  1313   1261   1210   7
r  27   78   129   7
r  231   180   129   7
r  82   84   129   7
r  227   229   179   7
r  1601   1553   1503   7
r  1651   1653   1703   7
r  772   823   874   7
r  280   231   181   7
r  83   85   135   7
r  1458   1460   1360   7
r  1701   1802   1752   7
r  1703   1754   1802   7
r  1657   1605   1608   7
r  1509   1610   1561   7
r  1702   1802   1853   7
r  1019   967   970   7
r  728   679   680   7
r  184   135   235   7
r  35   87   86   7
r  36   85   187   7
r  86   187   84   7
r  1801   1903   1752   7
r  1951   1853   1903   7
r  2001   1901   1802   7
r  38   140   86   7
r  189   138   86   7
r  582   631   683   7
r  1903   1802   1901   7
r  2051   1903   1901   7
r  1952   1954   1903   7
r  782   831   681   7
r  337   335   236   7
r  584   587   683   7
r  1953   1901   2102   7
r  1127   1227   1129   7
r  292   243   193   7
r  737   786   686   7
r  440   489   342   7
r  1911   1962   1913   7
r  1864   1913   1765   7
r  2201   2152   2353   7
r  2302   2255   2404   7
r  2353   2402   2456   7
r  2304   2253   2302   7
r  2254   2302   2355   7
r  2301   2401   2252   7
r  2158   2058   2107   7
r  245   294   196   7
r  94   45   199   7
r  96   99   144   7
r  99   200   144   7
r  97   198   144   7
r  45   142   199   7
r  1473   1424   1524   7
r  1963   2012   1961   7
r  2452   2401   2352   7
r  2351   2402   2302   7
r  2453   2456   2302   7
r  2401   2453   2352   7
r  2356   2307   2353   7
r  2454   2456   2353   7
r  2451   2353   2409   7
r  2402   2404   2354   7
r  2308   2409   2406   7
r  690   639   790   7
r  95   144   97   7
r  46   144   147   7
r  49   100   147   7
r  149   97   146   7
r  100   199   147   7
r  249   300   147   7
r  1673   1724   1772   7
r  2410   2413   2315   7
r  2211   2060   2061   7
r  2266   2218   2263   7
r  1870   1868   1823   7
r  892   944   839   7
r  546   598   548   7
r  446   397   545   7
r  496   448   399   7
r  299   248   350   7
r  50   147   198   7
r  300   399   199   7
r  350   298   199   7
r  349   347   199   7
r  150   248   298   7
r  1922   1971   1822   7
r  2316   2368   2467   7
r  2415   2366   2417   7
r  2418   2366   2367   7
r  1676   1628   1678   7
r  997   946   897   7
r  450   548   599   7
r  2464   2365   2466   7
r  2466   2368   2366   7
r  2370   2366   2418   7
r  2368   2417   2366   7
r  2421   2322   2416   7
r  2468   2368   2365   7
r  2369   2320   2418   7
r  2465   2366   2368   7
r  1727   1678   1729   7
r  991   940   1091   7
r  1100   1048   1049   7
r  998   1046   897   7
r  1146   1148   1049   7
r  1147   1049   947   7
r  695   796   746   7
r  549   598   649   7
r  550   546   599   7
r  750   650   599   7
r  648   599   650   7
r  698   749   796   7
r  847   696   845   7
r  1973   2076   2024   7
r  2071   2122   2172   7
r  2270   2321   2370   7
r  2471   2371   2424   7
r  1196   1145   1148   7
r  950   897   898   7
r  1199   1150   1248   7
r  1249   1198   1148   7
r  1349   1449   1148   7
r  1239   1141   1192   7
r  2220   2171   2222   7
r  1637   1639   1536   7
r  1837   1888   1785   7
r  849   800   950   7
r  799   900   848   7
r  850   799   798   7
r  2475   2424   2472   7
r  2425   2423   2325   7
r  2476   2327   2325   7
r  2426   2325   2424   7
r  2377   2325   2424   7
r  2376   2327   2424   7
r  2276   2476   2424   7
r  2428   2377   2325   7
r  2327   2276   2325   7
r  2427   2376   2327   7
r  1488   1439   1491   7
r  1346   1447   1398   7
r  1500   1549   1447   7
r  1400   1449   1549   7
r  2180   2182   2131   7
r  1497   1546   1549   7
r  1598   1600   1447   7
r  1599   1447   1499   7
r  1600   1648   1549   7
r  2480   2333   2432   7
r  1842   1891   1742   7
r  1594   1645   1596   7
r  2483   2383   2432   7
r  1696   1745   1846   7
r  1747   1744   1849   7
r  2287   2338   2389   7
r  1895   1893   1795   7
r  1945   1894   1998   7
r  2046   1998   1946   7
r  1899   1799   1998   7
r  1999   1850   1997   7
r  1950   1848   1849   7
r  1900   1949   1849   7
r  2050   1998   1849   7
r  2438   2436   2389   7
r  2341   2393   2389   7
r  2292   2140   2393   7
r  2198   2298   2049   7
r  2394   2343   2342   7
r  2494   2443   2393   7
r  2442   2391   2343   7
r  2450   2399   2298   7
r  2346   2445   2298   7
r  2348   2497   2448   7
r  2397   2348   2448   7
r  2399   2298   2348   7
r  2400   2497   2298   7
r  2500   2298   2348   7
r  2200   2100   2299   7
r  2350   2298   2449   7
r  2499   2448   2298   7
r  2446   2394   2348   7
r  2497   2448   2399   7
r  51   102   53   8
r  2   106   102   8
r  101   155   53   8
r  53   153   155   8
r  52   105   54   8
r  102   203   106   8
r  151   102   103   8
r  203   302   53   8
r  4   103   53   8
r  55   103   53   8
r  153   155   52   8
r  104   53   106   8
r  204   53   155   8
r  105   53   54   8
r  154   103   54   8
r  201   152   252   8
r  202   54   353   8
r  7   58   109   8
r  301   201   155   8
r  303   252   403   8
r  352   403   254   8
r  111   59   113   8
r  10   112   113   8
r  402   503   552   8
r  407   306   459   8
r  164   162   112   8
r  13   115   112   8
r  552   603   653   8
r  503   554   604   8
r  451   354   552   8
r  504   506   653   8
r  14   113   114   8
r  607   656   556   8
r  555   604   653   8
r  554   653   552   8
r  702   653   604   8
r  652   703   552   8
r  601   653   604   8
r  701   604   552   8
r  15   117   115   8
r  17   117   115   8
r  365   466   363   8
r  20   18   117   8
r  69   118   117   8
r  18   66   119   8
r  805   853   906   8
r  319   270   372   8
r  19   119   70   8
r  21   73   72   8
r  713   813   764   8
r  904   1057   1155   8
r  903   854   1155   8
r  953   951   902   8
r  518   569   567   8
r  372   421   273   8
r  221   270   274   8
r  172   22   71   8
r  1001   953   1155   8
r  1051   951   1155   8
r  1106   1205   1155   8
r  1201   1203   1155   8
r  1203   1205   1155   8
r  1301   1253   1155   8
r  519   568   471   8
r  373   322   272   8
r  1352   1253   1154   8
r  1254   1155   1403   8
r  1453   1304   1451   8
r  1251   1153   1352   8
r  572   621   672   8
r  74   72   129   8
r  175   124   129   8
r  224   275   124   8
r  1452   1404   1354   8
r  1457   1357   1455   8
r  26   129   77   8
r  176   274   129   8
r  1653   1753   1802   8
r  1655   1704   1802   8
r  28   129   77   8
r  177   179   129   8
r  773   822   824   8
r  1066   1117   1017   8
r  1701   1754   1802   8
r  1702   1853   1802   8
r  29   129   128   8
r  83   135   86   8
r  1804   1853   1802   8
r  1852   1752   1703   8
r  1754   1803   1702   8
r  2001   1903   1901   8
r  1903   2004   1802   8
r  1953   2051   1802   8
r  86   37   187   8
r  36   84   85   8
r  37   138   187   8
r  1027   1079   1080   8
r  1951   1802   1853   8
r  1952   1903   1954   8
r  2052   2101   1903   8
r  2053   1954   1903   8
r  2102   1901   2053   8
r  781   680   681   8
r  137   86   287   8
r  38   89   140   8
r  88   139   191   8
r  39   140   37   8
r  139   87   187   8
r  1368   1468   1371   8
r  1175   1124   1274   8
r  1275   1175   1174   8
r  1031   1082   929   8
r  1809   1761   1709   8
r  2103   2152   2252   8
r  2054   1954   2006   8
r  436   487   383   8
r  1328   1229   1227   8
r  884   783   785   8
r  1812   1863   1860   8
r  2252   2303   2355   8
r  2201   2252   2152   8
r  2204   2202   2152   8
r  438   489   339   8
r  193   141   293   8
r  42   143   147   8
r  836   885   785   8
r  1764   1813   1913   8
r  2355   2401   2353   8
r  2303   2152   2456   8
r  2254   2303   2404   8
r  637   585   688   8
r  93   142   147   8
r  144   43   199   8
r  43   94   147   8
r  94   199   42   8
r  1233   1182   1181   8
r  1914   1963   1813   8
r  2259   2160   2409   8
r  2308   2406   2409   8
r  2352   2404   2455   8
r  2305   2456   2303   8
r  2453   2404   2303   8
r  2405   2305   2302   8
r  2454   2401   2302   8
r  2351   2302   2404   8
r  2354   2302   2352   8
r  2402   2456   2353   8
r  2455   2302   2255   8
r  345   296   244   8
r  145   97   298   8
r  148   97   144   8
r  45   199   97   8
r  95   147   199   8
r  146   47   199   8
r  197   244   199   8
r  100   98   199   8
r  248   199   147   8
r  50   198   147   8
r  300   199   147   8
r  1966   2015   1868   8
r  2361   2308   2410   8
r  2460   2412   2409   8
r  2461   2412   2409   8
r  2462   2409   2413   8
r  2452   2302   2404   8
r  2401   2353   2456   8
r  2451   2409   2404   8
r  593   595   691   8
r  247   244   346   8
r  49   147   199   8
r  150   298   199   8
r  250   399   199   8
r  946   998   1049   8
r  945   846   996   8
r  1146   1049   996   8
r  1089   1137   1138   8
r  2418   2367   2366   8
r  1726   1729   1728   8
r  693   647   744   8
r  998   1049   1046   8
r  1098   1049   947   8
r  999   1048   947   8
r  1099   1148   947   8
r  1196   1247   1049   8
r  1336   1288   1138   8
r  2466   2367   2417   8
r  2465   2417   2467   8
r  2469   2467   2418   8
r  596   545   599   8
r  648   650   599   8
r  550   599   499   8
r  650   598   548   8
r  1143   1045   1192   8
r  797   845   897   8
r  949   1049   1048   8
r  600   598   649   8
r  749   800   798   8
r  800   950   798   8
r  1787   1836   1887   8
r  849   950   900   8
r  799   848   900   8
r  1299   1250   1348   8
r  1297   1345   1447   8
r  1350   1296   1447   8
r  1300   1398   1296   8
r  2472   2474   2325   8
r  2423   2325   2474   8
r  2473   2471   2325   8
r  1980   1982   1880   8
r  748   848   799   8
r  1789   1738   1791   8
r  1500   1447   1549   8
r  1449   1549   1398   8
r  2324   2224   2424   8
r  2475   2325   2424   8
r  2426   2327   2325   8
r  2377   2426   2325   8
r  2376   2425   2325   8
r  2225   2276   2424   8
r  2427   2327   2424   8
r  2226   2224   2325   8
r  2035   1934   2033   8
r  1599   1499   1447   8
r  1647   1596   1549   8
r  1600   1549   1649   8
r  2138   2087   2140   8
r  1545   1594   1543   8
r  1749   1849   1998   8
r  2330   2228   2432   8
r  2482   2382   2380   8
r  2480   2380   2379   8
r  2431   2380   2333   8
r  2432   2481   2282   8
r  2332   2381   2380   8
r  2382   2431   2333   8
r  2483   2432   2434   8
r  2336   2435   2432   8
r  1745   1796   1847   8
r  2335   2386   2435   8
r  2486   2389   2435   8
r  2436   2488   2285   8
r  1845   1794   1847   8
r  2046   1946   1998   8
r  1850   1947   1998   8
r  1899   1850   1947   8
r  1950   1998   1898   8
r  1900   1849   1949   8
r  2000   1849   1949   8
r  1898   1947   1849   8
r  2047   2045   1849   8
r  2096   2045   1998   8
r  2050   2099   1998   8
r  2388   2437   2484   8
r  1896   1797   1849   8
r  2099   1998   2298   8
r  2344   2341   2393   8
r  2494   2393   2342   8
r  2492   2393   2343   8
r  2395   2344   2397   8
r  2197   2248   2298   8
r  2147   2247   2198   8
r  2198   2049   2298   8
r  2150   2249   2198   8
r  2397   2448   2449   8
r  2448   2298   2399   8
r  2399   2348   2298   8
r  2496   2398   2448   8
r  2347   2448   2399   8
r  2449   2348   2298   8
r  2349   2298   2449   8
r  2450   2343   2399   8
r  2500   2349   2298   8
r  2200   2249   2298   8
r  2350   2449   2298   8
r  2498   2399   2298   8
r  2300   2349   2348   8
r  2250   2298   2349   8
r  2447   2450   2348   8
r  2497   2449   2445   8
r  1   53   102   9
r  51   54   102   9
r  2   53   54   9
r  101   53   54   9
r  102   106   54   9
r  3   54   102   9
r  151   54   53   9
r  152   203   155   9
r  103   54   252   9
r  251   203   106   9
r  156   53   102   9
r  203   301   102   9
r  153   54   155   9
r  155   102   54   9
r  5   102   155   9
r  106   155   152   9
r  104   155   53   9
r  201   252   53   9
r  202   253   53   9
r  4   53   56   9
r  57   157   106   9
r  206   257   353   9
r  61   112   109   9
r  58   107   110   9
r  351   302   552   9
r  11   112   109   9
r  9   109   113   9
r  112   110   10   9
r  602   604   651   9
r  452   403   653   9
r  601   604   603   9
r  603   702   552   9
r  652   552   604   9
r  651   603   604   9
r  704   752   803   9
r  702   751   653   9
r  701   552   604   9
r  705   556   604   9
r  118   167   116   9
r  15   116   118   9
r  67   118   119   9
r  17   115   116   9
r  18   119   70   9
r  169   218   270   9
r  851   1053   1155   9
r  853   902   1155   9
r  852   951   1155   9
r  951   1052   902   9
r  19   68   119   9
r  855   906   1155   9
r  861   910   912   9
r  1003   951   1155   9
r  954   1003   1155   9
r  1005   904   1155   9
r  956   1055   1155   9
r  1108   1057   1155   9
r  1302   1203   1155   9
r  1007   1157   1155   9
r  1351   1255   1155   9
r  1304   1253   1155   9
r  22   70   121   9
r  912   812   764   9
r  1255   1253   1352   9
r  813   912   764   9
r  1308   1210   1405   9
r  1502   1451   1403   9
r  1161   1263   1210   9
r  719   770   620   9
r  817   768   814   9
r  1212   1263   1160   9
r  1555   1608   1553   9
r  1651   1703   1603   9
r  820   918   722   9
r  26   77   128   9
r  327   226   228   9
r  1412   1360   1361   9
r  1701   1752   1903   9
r  1753   1802   1655   9
r  525   527   627   9
r  28   77   129   9
r  27   128   76   9
r  177   228   179   9
r  178   278   129   9
r  29   128   129   9
r  230   179   129   9
r  132   232   129   9
r  180   129   77   9
r  478   529   377   9
r  1755   1655   1802   9
r  1754   1702   1901   9
r  1854   1954   1802   9
r  678   680   577   9
r  135   84   139   9
r  1951   1903   2002   9
r  36   85   140   9
r  136   87   187   9
r  37   187   140   9
r  481   379   381   9
r  1710   1810   1859   9
r  2056   2105   2156   9
r  88   191   240   9
r  39   90   187   9
r  91   89   187   9
r  2252   2204   2303   9
r  1763   1812   1714   9
r  2203   2057   2252   9
r  2301   2353   2152   9
r  336   385   434   9
r  387   438   485   9
r  2251   2152   2353   9
r  2253   2202   2404   9
r  2355   2353   2402   9
r  2254   2404   2303   9
r  2351   2404   2355   9
r  1668   1469   1518   9
r  242   193   294   9
r  42   144   149   9
r  2352   2455   2404   9
r  2454   2353   2352   9
r  2354   2352   2255   9
r  2405   2302   2359   9
r  2402   2353   2303   9
r  2304   2302   2255   9
r  2453   2302   2255   9
r  2456   2302   2453   9
r  2258   2207   2409   9
r  2407   2358   2308   9
r  2310   2413   2409   9
r  2408   2359   2307   9
r  2455   2255   2353   9
r  2452   2404   2353   9
r  934   885   785   9
r  344   293   346   9
r  43   147   199   9
r  149   147   298   9
r  94   42   199   9
r  145   298   199   9
r  2306   2254   2404   9
r  2451   2404   2352   9
r  2410   2315   2311   9
r  2413   2315   2263   9
r  2461   2409   2362   9
r  1427   1476   1430   9
r  1086   1137   1134   9
r  938   889   986   9
r  739   641   691   9
r  689   738   691   9
r  45   97   199   9
r  47   144   199   9
r  95   97   147   9
r  98   199   147   9
r  49   199   147   9
r  349   199   147   9
r  150   199   147   9
r  250   298   147   9
r  46   147   199   9
r  248   147   199   9
r  300   147   199   9
r  347   398   199   9
r  296   245   199   9
r  2065   2016   2116   9
r  2364   2366   2315   9
r  2415   2315   2418   9
r  1676   1627   1628   9
r  350   199   298   9
r  1577   1628   1630   9
r  2317   2219   2368   9
r  2467   2418   2368   9
r  2466   2366   2368   9
r  2421   2271   2424   9
r  2465   2467   2416   9
r  2469   2418   2416   9
r  2468   2367   2368   9
r  2419   2366   2417   9
r  2420   2320   2368   9
r  2370   2416   2368   9
r  1285   1186   1138   9
r  1050   998   947   9
r  948   1049   996   9
r  1236   1137   1138   9
r  1239   1192   1187   9
r  743   694   796   9
r  499   599   649   9
r  599   548   398   9
r  649   550   698   9
r  550   499   599   9
r  597   499   548   9
r  600   649   548   9
r  699   750   548   9
r  700   698   548   9
r  500   548   649   9
r  2218   2269   2170   9
r  1928   1979   1828   9
r  998   897   947   9
r  1000   947   1148   9
r  1048   948   947   9
r  1097   1148   1049   9
r  1200   1198   1049   9
r  949   1048   897   9
r  1149   1049   947   9
r  1337   1489   1335   9
r  1435   1386   1536   9
r  650   548   499   9
r  698   796   599   9
r  747   798   599   9
r  749   849   698   9
r  2273   2222   2424   9
r  2472   2325   2424   9
r  2423   2474   2325   9
r  2474   2325   2476   9
r  2473   2325   2424   9
r  2378   2478   2327   9
r  2475   2472   2325   9
r  2326   2278   2424   9
r  2477   2426   2424   9
r  2478   2377   2424   9
r  1832   1780   1881   9
r  794   745   694   9
r  1093   1041   1192   9
r  899   950   798   9
r  1199   1248   1348   9
r  799   900   848   9
r  850   798   799   9
r  2373   2424   2325   9
r  2427   2424   2476   9
r  2379   2279   2331   9
r  1738   1639   1638   9
r  1885   1936   1786   9
r  1244   1293   1241   9
r  1297   1447   1398   9
r  1450   1499   1447   9
r  1392   1443   1292   9
r  1393   1442   1292   9
r  2380   2432   2331   9
r  2482   2380   2383   9
r  2483   2434   2379   9
r  2431   2333   2380   9
r  2331   2282   2333   9
r  1449   1500   1549   9
r  1549   1699   1447   9
r  1500   1398   1447   9
r  2481   2479   2432   9
r  2484   2436   2389   9
r  1691   1640   1740   9
r  1598   1447   1649   9
r  1600   1700   1549   9
r  2185   2085   2035   9
r  2385   2332   2484   9
r  2485   2436   2333   9
r  2437   2486   2484   9
r  1792   1740   1892   9
r  1644   1595   1593   9
r  1750   1949   1698   9
r  1747   1849   1696   9
r  2391   2393   2342   9
r  2491   2443   2343   9
r  2292   2393   2243   9
r  2293   2342   2393   9
r  2093   2091   2144   9
r  1844   1744   1846   9
r  1996   1947   1998   9
r  1846   1744   1849   9
r  2442   2491   2342   9
r  2492   2343   2443   9
r  2394   2494   2343   9
r  2294   2343   2342   9
r  2494   2342   2393   9
r  2395   2397   2343   9
r  2246   2195   2243   9
r  1946   1998   1849   9
r  1900   1947   1849   9
r  2050   1849   2298   9
r  1950   1898   1998   9
r  2099   2298   1998   9
r  2000   2049   1849   9
r  2098   1998   1849   9
r  2445   2496   2298   9
r  2496   2448   2298   9
r  2348   2448   2397   9
r  2397   2449   2399   9
r  2448   2299   2298   9
r  2396   2399   2298   9
r  2296   2345   2298   9
r  2147   2297   2298   9
r  2148   2298   2049   9
r  2149   2049   2298   9
r  2446   2348   2298   9
r  2497   2399   2298   9
r  2349   2449   2298   9
r  2400   2298   2449   9
r  2500   2298   2399   9
r  2447   2445   2347   9
r  2450   2399   2348   9
r  2350   2298   2348   9
r  2300   2348   2448   9
r  2200   2298   2399   9
r  2150   2199   2298   9
r  2250   2349   2298   9
r  1   102   54   10
r  51   53   54   10
r  2   102   53   10
r  101   152   155   10
r  102   153   155   10
r  3   102   54   10
r  151   103   102   10
r  4   56   155   10
r  104   106   155   10
r  55   155   107   10
r  56   107   102   10
r  153   155   54   10
r  6   53   54   10
r  5   155   54   10
r  106   53   7   10
r  154   54   152   10
r  251   106   155   10
r  201   103   106   10
r  252   155   53   10
r  202   53   155   10
r  11   109   113   10
r  111   109   9   10
r  62   10   60   10
r  10   61   109   10
r  401   453   552   10
r  9   113   112   10
r  263   312   212   10
r  602   653   604   10
r  501   653   604   10
r  452   653   604   10
r  503   604   653   10
r  504   653   552   10
r  64   113   116   10
r  314   213   363   10
r  555   504   604   10
r  601   552   653   10
r  651   653   703   10
r  752   801   604   10
r  316   365   166   10
r  755   851   854   10
r  801   901   803   10
r  68   20   117   10
r  18   118   117   10
r  854   802   1155   10
r  856   805   756   10
r  951   1002   1155   10
r  170   221   71   10
r  906   1006   1155   10
r  953   902   1155   10
r  1008   1059   860   10
r  1052   1054   1154   10
r  1203   1255   1103   10
r  1253   1154   1155   10
r  1352   1153   1155   10
r  1251   1352   1155   10
r  765   666   864   10
r  1552   1455   1403   10
r  1252   1154   1352   10
r  73   71   121   10
r  1601   1603   1552   10
r  1262   1159   1210   10
r  1461   1412   1210   10
r  25   76   78   10
r  1556   1507   1553   10
r  1604   1653   1556   10
r  1458   1360   1507   10
r  720   672   571   10
r  75   77   179   10
r  26   128   129   10
r  175   123   124   10
r  226   178   129   10
r  1410   1310   1361   10
r  1701   1903   1752   10
r  1753   1702   1802   10
r  30   81   77   10
r  180   77   129   10
r  232   81   129   10
r  133   81   129   10
r  1019   970   967   10
r  1216   1165   1269   10
r  1852   1703   1752   10
r  2002   1901   1802   10
r  2052   1903   1802   10
r  1951   1853   1802   10
r  2003   2005   1802   10
r  725   774   773   10
r  231   129   128   10
r  31   129   80   10
r  281   230   181   10
r  83   86   85   10
r  34   36   86   10
r  135   139   86   10
r  1901   1802   1752   10
r  1903   1802   1752   10
r  1953   1802   2053   10
r  1516   1467   1417   10
r  1566   1617   1518   10
r  1616   1665   1517   10
r  1026   1075   927   10
r  235   288   283   10
r  283   335   383   10
r  84   133   187   10
r  86   84   139   10
r  37   140   86   10
r  40   37   85   10
r  187   135   140   10
r  136   85   37   10
r  139   187   37   10
r  88   240   187   10
r  89   140   187   10
r  1910   1961   1809   10
r  2156   2255   2107   10
r  2151   2202   2303   10
r  2301   2252   2353   10
r  1618   1667   1569   10
r  1276   1225   1328   10
r  484   482   433   10
r  2201   2152   2352   10
r  2255   2409   2355   10
r  2355   2402   2353   10
r  1078   1129   1029   10
r  786   885   737   10
r  43   199   147   10
r  149   146   147   10
r  93   147   199   10
r  2161   2163   2409   10
r  2405   2356   2255   10
r  2457   2308   2359   10
r  2352   2404   2355   10
r  2453   2255   2404   10
r  2402   2354   2353   10
r  2454   2302   2303   10
r  2451   2352   2303   10
r  2401   2456   2303   10
r  2456   2453   2354   10
r  2404   2401   2255   10
r  2307   2256   2409   10
r  2452   2352   2355   10
r  836   785   838   10
r  488   537   388   10
r  293   195   295   10
r  44   147   199   10
r  45   199   144   10
r  146   97   144   10
r  100   199   298   10
r  50   199   144   10
r  95   199   149   10
r  46   97   147   10
r  300   199   147   10
r  196   247   147   10
r  150   147   199   10
r  195   247   199   10
r  48   147   199   10
r  96   147   199   10
r  47   147   144   10
r  2265   2216   2263   10
r  2406   2359   2401   10
r  2362   2262   2409   10
r  2411   2413   2409   10
r  2455   2353   2352   10
r  987   889   936   10
r  98   147   199   10
r  49   147   199   10
r  349   147   199   10
r  350   298   199   10
r  246   244   346   10
r  497   448   199   10
r  2316   2417   2368   10
r  2461   2362   2463   10
r  2415   2418   2368   10
r  1973   2073   2025   10
r  2120   2072   2168   10
r  2220   2222   2070   10
r  1528   1577   1430   10
r  1038   937   1138   10
r  548   499   599   10
r  447   545   599   10
r  450   599   548   10
r  498   398   549   10
r  2464   2466   2417   10
r  2419   2417   2368   10
r  2469   2416   2418   10
r  1730   1681   1678   10
r  2123   2172   2074   10
r  2271   2322   2171   10
r  1146   1198   947   10
r  947   945   1049   10
r  1335   1387   1237   10
r  550   599   649   10
r  650   499   548   10
r  698   599   548   10
r  2026   2024   2125   10
r  1634   1683   1582   10
r  992   843   1092   10
r  998   947   1096   10
r  1094   1096   1143   10
r  1100   946   1148   10
r  1099   947   1148   10
r  1098   1050   1049   10
r  1147   947   1049   10
r  1149   1100   1049   10
r  1097   1049   1148   10
r  645   643   694   10
r  699   548   499   10
r  600   548   649   10
r  750   548   649   10
r  749   698   599   10
r  2372   2424   2325   10
r  2472   2424   2423   10
r  2474   2373   2325   10
r  2473   2424   2325   10
r  2323   2425   2325   10
r  2426   2325   2375   10
r  2477   2327   2325   10
r  2373   2322   2424   10
r  2275   2278   2424   10
r  2327   2428   2424   10
r  2427   2375   2424   10
r  2277   2325   2424   10
r  794   694   796   10
r  848   899   897   10
r  1200   1049   1148   10
r  1249   1349   1296   10
r  1246   1248   1148   10
r  1197   1148   1248   10
r  900   798   848   10
r  800   798   899   10
r  2375   2424   2474   10
r  2378   2424   2325   10
r  2279   2327   2379   10
r  2330   2432   2379   10
r  1350   1398   1296   10
r  1450   1447   1549   10
r  1500   1447   1349   10
r  850   899   798   10
r  1340   1391   1292   10
r  1391   1443   1292   10
r  2481   2432   2379   10
r  1346   1398   1447   10
r  1449   1398   1500   10
r  2433   2379   2285   10
r  2384   2433   2333   10
r  2437   2389   2432   10
r  1600   1649   1447   10
r  1547   1598   1649   10
r  1699   1600   1549   10
r  1541   1641   1543   10
r  1841   1843   1742   10
r  1697   1746   1699   10
r  1749   1747   1849   10
r  1644   1596   1595   10
r  2339   2285   2390   10
r  2440   2391   2389   10
r  2243   2192   2343   10
r  1799   1847   1998   10
r  2293   2393   2342   10
r  2345   2343   2342   10
r  2246   2145   2298   10
r  1895   1844   1849   10
r  2095   2195   2144   10
r  1745   1846   1849   10
r  1996   1849   1945   10
r  2046   1895   1849   10
r  1797   1846   1849   10
r  1847   1849   1998   10
r  1900   1849   1998   10
r  1997   2048   1898   10
r  2099   2148   1849   10
r  1896   1849   1998   10
r  1898   1998   1999   10
r  2492   2443   2343   10
r  2294   2243   2343   10
r  2494   2393   2342   10
r  2497   2298   2342   10
r  2296   2449   2348   10
r  2146   2049   2298   10
r  2447   2348   2298   10
r  2498   2449   2399   10
r  2446   2298   2399   10
r  2448   2298   2397   10
r  2250   2248   2299   10
r  2500   2399   2298   10
r  2200   2399   2298   10
r  2400   2449   2298   10
r  2499   2298   2348   10
r  2450   2298   2399   10
r  2350   2299   2399   10
r  2449   2298   2248   10
r  2249   2298   2448   10
r  1   54   155   11
r  51   54   155   11
r  2   54   155   11
r  101   155   53   11
r  151   53   155   11
r  105   54   53   11
r  205   253   304   11
r  204   54   53   11
r  153   54   155   11
r  5   54   155   11
r  203   102   155   11
r  252   53   155   11
r  103   252   54   11
r  6   155   102   11
r  106   152   102   11
r  55   53   106   11
r  301   155   54   11
r  206   307   54   11
r  352   254   552   11
r  113   60   109   11
r  401   552   604   11
r  455   404   604   11
r  259   159   210   11
r  551   653   604   11
r  602   651   751   11
r  452   604   653   11
r  601   603   552   11
r  652   604   552   11
r  701   703   552   11
r  503   552   604   11
r  166   115   118   11
r  14   16   116   11
r  364   313   264   11
r  501   552   653   11
r  651   703   653   11
r  751   703   604   11
r  802   751   604   11
r  557   657   508   11
r  65   117   67   11
r  15   115   116   11
r  66   115   119   11
r  18   70   116   11
r  801   852   1155   11
r  70   119   117   11
r  901   752   1052   11
r  709   660   809   11
r  120   171   72   11
r  856   756   1155   11
r  957   1006   1155   11
r  1355   1255   1155   11
r  1254   1403   1155   11
r  1252   1254   1155   11
r  908   1109   1155   11
r  122   23   71   11
r  123   72   71   11
r  73   22   71   11
r  173   72   274   11
r  1305   1405   1403   11
r  1307   1405   1354   11
r  863   912   764   11
r  862   913   864   11
r  24   71   129   11
r  1259   1208   1210   11
r  1308   1357   1403   11
r  1602   1651   1802   11
r  1312   1212   1210   11
r  1460   1412   1210   11
r  914   963   815   11
r  1261   1210   1361   11
r  1601   1552   1603   11
r  1654   1652   1802   11
r  474   523   574   11
r  26   129   77   11
r  126   77   175   11
r  29   80   180   11
r  227   178   129   11
r  229   280   129   11
r  31   29   129   11
r  280   329   129   11
r  76   124   179   11
r  27   129   78   11
r  1703   1802   1752   11
r  1705   1703   1654   11
r  1752   1851   1805   11
r  1804   1703   1704   11
r  1901   1952   1802   11
r  1903   1752   1802   11
r  1952   1954   1802   11
r  2102   2002   1802   11
r  1564   1515   1613   11
r  477   528   475   11
r  135   86   187   11
r  1465   1566   1417   11
r  968   1167   970   11
r  678   629   676   11
r  84   87   86   11
r  35   86   187   11
r  37   86   187   11
r  2202   2101   2303   11
r  2204   2255   2456   11
r  2252   2355   2353   11
r  1218   1267   1118   11
r  1467   1418   1515   11
r  1759   1859   1860   11
r  138   187   86   11
r  39   187   86   11
r  139   37   187   11
r  483   382   381   11
r  2254   2355   2353   11
r  2351   2355   2303   11
r  2302   2404   2251   11
r  1319   1420   1371   11
r  1810   1808   1862   11
r  829   878   929   11
r  931   882   879   11
r  732   784   683   11
r  436   385   485   11
r  42   147   199   11
r  143   92   199   11
r  387   485   435   11
r  2157   2155   2159   11
r  2352   2405   2303   11
r  2402   2353   2355   11
r  2454   2352   2353   11
r  2401   2352   2353   11
r  2404   2456   2303   11
r  2356   2353   2303   11
r  2403   2352   2303   11
r  2452   2355   2303   11
r  2455   2404   2303   11
r  2305   2303   2353   11
r  2451   2303   2353   11
r  2453   2303   2355   11
r  1176   1124   1174   11
r  782   681   833   11
r  43   147   144   11
r  199   99   346   11
r  93   144   147   11
r  2360   2311   2413   11
r  1670   1721   1571   11
r  1082   1232   1131   11
r  1132   1081   1080   11
r  44   144   147   11
r  45   144   199   11
r  150   98   147   11
r  95   147   199   11
r  146   144   195   11
r  250   147   144   11
r  145   147   97   11
r  47   144   147   11
r  46   147   144   11
r  48   144   99   11
r  96   144   147   11
r  100   147   199   11
r  50   147   199   11
r  300   147   199   11
r  196   147   199   11
r  247   346   199   11
r  448   399   199   11
r  498   549   199   11
r  2412   2410   2311   11
r  2463   2311   2409   11
r  2362   2409   2413   11
r  1771   1822   1724   11
r  1232   1180   1132   11
r  49   199   147   11
r  98   199   147   11
r  350   199   147   11
r  548   599   398   11
r  450   550   599   11
r  499   649   599   11
r  2464   2417   2368   11
r  1674   1774   1772   11
r  1724   1726   1823   11
r  643   746   691   11
r  500   649   548   11
r  600   648   548   11
r  550   548   599   11
r  2367   2467   2418   11
r  2319   2419   2368   11
r  1478   1527   1430   11
r  750   599   549   11
r  2218   2169   2318   11
r  2469   2418   2369   11
r  2471   2474   2325   11
r  997   897   1049   11
r  948   1096   1046   11
r  1096   947   996   11
r  1047   1049   996   11
r  897   1049   996   11
r  1048   897   996   11
r  1045   1094   947   11
r  1239   1242   1138   11
r  800   899   849   11
r  949   1000   799   11
r  900   800   799   11
r  899   897   848   11
r  850   799   848   11
r  2472   2423   2424   11
r  2478   2327   2325   11
r  2327   2325   2428   11
r  2473   2422   2424   11
r  2274   2225   2424   11
r  2375   2474   2424   11
r  2428   2325   2379   11
r  1041   992   1191   11
r  896   996   1049   11
r  2275   2424   2327   11
r  2426   2424   2325   11
r  2429   2424   2325   11
r  1882   1931   1934   11
r  1834   1785   1786   11
r  2132   2081   2130   11
r  1635   1584   1683   11
r  1348   1249   1248   11
r  1250   1248   1148   11
r  1299   1248   1148   11
r  2380   2331   2333   11
r  2481   2380   2432   11
r  1298   1447   1296   11
r  1349   1148   1549   11
r  1300   1296   1447   11
r  1488   1440   1437   11
r  2383   2336   2282   11
r  2384   2333   2285   11
r  2283   2334   2285   11
r  1399   1549   1296   11
r  1450   1549   1447   11
r  1445   1394   1396   11
r  2485   2333   2285   11
r  2434   2383   2285   11
r  2435   2433   2386   11
r  1940   1943   2091   11
r  1449   1500   1447   11
r  1600   1549   1649   11
r  1500   1349   1447   11
r  1599   1447   1547   11
r  1650   1699   1598   11
r  1494   1440   1445   11
r  2489   2440   2387   11
r  1697   1699   1849   11
r  2042   2091   1991   11
r  1798   1847   1998   11
r  1800   1749   1998   11
r  2492   2494   2342   11
r  2395   2444   2342   11
r  2246   2298   2297   11
r  1945   1896   1849   11
r  1996   1945   1849   11
r  1797   1849   1998   11
r  1950   1998   2049   11
r  1946   1997   1998   11
r  2098   2049   1998   11
r  1847   1998   1849   11
r  1900   1949   1849   11
r  2050   1998   1849   11
r  2099   1849   2298   11
r  1895   1849   1998   11
r  1898   1849   1998   11
r  2148   2049   1998   11
r  2496   2397   2448   11
r  2396   2298   2399   11
r  2397   2298   2449   11
r  2448   2397   2298   11
r  2399   2298   2348   11
r  2297   2299   2399   11
r  2349   2448   2148   11
r  2446   2497   2298   11
r  2497   2342   2298   11
r  2299   2399   2448   11
r  2400   2298   2299   11
r  2450   2399   2298   11
r  2350   2399   2298   11
r  2498   2399   2348   11
r  2200   2298   2348   11
r  2449   2248   2298   11
r  2199   2348   2298   11
r  2249   2349   2298   11
r  2499   2348   2298   11
r  2250   2298   2399   11
r  1   101   54   12
r  51   155   54   12
r  101   53   155   12
r  3   155   102   12
r  105   152   54   12
r  156   107   54   12
r  104   53   102   12
r  151   102   53   12
r  153   52   102   12
r  301   54   155   12
r  302   403   155   12
r  7   109   155   12
r  56   54   155   12
r  103   54   3   12
r  4   155   102   12
r  55   107   53   12
r  201   53   54   12
r  203   155   54   12
r  152   155   106   12
r  252   155   206   12
r  351   403   604   12
r  402   552   604   12
r  11   113   112   12
r  62   60   9   12
r  161   110   113   12
r  455   604   403   12
r  408   306   460   12
r  453   552   653   12
r  451   552   653   12
r  502   551   604   12
r  551   602   653   12
r  602   751   653   12
r  504   455   604   12
r  652   701   604   12
r  503   604   552   12
r  651   604   552   12
r  751   652   552   12
r  601   552   604   12
r  452   552   604   12
r  753   802   604   12
r  12   112   60   12
r  410   459   408   12
r  804   704   1155   12
r  14   116   66   12
r  462   414   460   12
r  557   608   657   12
r  65   67   14   12
r  118   116   71   12
r  66   119   115   12
r  67   119   15   12
r  17   66   117   12
r  68   119   116   12
r  16   115   168   12
r  857   855   1155   12
r  1255   1304   1155   12
r  1353   1351   1155   12
r  1207   1258   1155   12
r  1158   1059   1155   12
r  1306   1405   1155   12
r  1356   1451   1155   12
r  959   860   1155   12
r  69   18   118   12
r  18   116   119   12
r  1401   1502   1352   12
r  1354   1352   1403   12
r  1454   1155   1352   12
r  170   71   72   12
r  617   565   668   12
r  1361   1309   1210   12
r  123   71   121   12
r  1604   1553   1503   12
r  322   222   371   12
r  519   620   572   12
r  522   519   520   12
r  1562   1564   1613   12
r  1601   1603   1556   12
r  1703   1752   1802   12
r  26   78   129   12
r  127   28   179   12
r  277   275   129   12
r  27   76   129   12
r  231   182   129   12
r  183   235   129   12
r  279   230   129   12
r  28   129   128   12
r  1702   1802   1755   12
r  1851   1701   1752   12
r  2051   1901   1802   12
r  1953   2102   1802   12
r  2103   2252   1802   12
r  1751   1802   1901   12
r  133   129   179   12
r  135   34   87   12
r  332   280   281   12
r  185   137   187   12
r  2002   1802   1901   12
r  2152   2154   2303   12
r  1762   1813   1710   12
r  1816   1716   1868   12
r  1761   1860   1862   12
r  2151   2252   2255   12
r  2251   2353   2152   12
r  2154   2203   2303   12
r  38   86   187   12
r  90   87   187   12
r  39   86   140   12
r  677   578   529   12
r  1076   1027   1024   12
r  1471   1371   1420   12
r  1817   1766   1917   12
r  1864   1813   1913   12
r  1911   1862   1763   12
r  2201   2353   2302   12
r  2301   2152   2303   12
r  2304   2255   2353   12
r  2354   2255   2453   12
r  2352   2355   2254   12
r  2356   2255   2353   12
r  2455   2352   2353   12
r  2305   2353   2303   12
r  2451   2353   2303   12
r  2453   2404   2303   12
r  2306   2404   2303   12
r  580   629   681   12
r  42   199   144   12
r  92   140   199   12
r  930   982   879   12
r  1077   1129   1178   12
r  1027   1080   979   12
r  2159   2056   2409   12
r  2404   2303   2353   12
r  2406   2401   2255   12
r  2355   2303   2404   12
r  2403   2303   2355   12
r  2454   2303   2403   12
r  2401   2303   2404   12
r  2402   2303   2353   12
r  2405   2255   2353   12
r  43   144   199   12
r  832   781   780   12
r  1078   1029   1129   12
r  1474   1472   1523   12
r  2311   2411   2409   12
r  2361   2410   2409   12
r  2461   2413   2409   12
r  2362   2413   2409   12
r  194   243   199   12
r  244   193   199   12
r  44   199   144   12
r  45   147   144   12
r  99   97   199   12
r  95   199   147   12
r  47   147   144   12
r  250   144   298   12
r  248   347   147   12
r  46   144   147   12
r  48   99   147   12
r  497   398   399   12
r  100   298   147   12
r  50   144   147   12
r  300   298   147   12
r  344   342   199   12
r  49   97   199   12
r  98   147   199   12
r  297   346   199   12
r  397   346   199   12
r  350   399   199   12
r  1625   1574   1573   12
r  1725   1776   1678   12
r  2117   2119   2168   12
r  734   686   785   12
r  295   346   298   12
r  299   199   398   12
r  349   199   398   12
r  548   398   599   12
r  449   398   649   12
r  499   599   548   12
r  1180   1178   1080   12
r  1230   1178   1331   12
r  835   886   686   12
r  838   887   986   12
r  836   838   785   12
r  1874   1823   1925   12
r  1876   1827   1928   12
r  1677   1626   1729   12
r  2417   2366   2368   12
r  543   641   492   12
r  700   599   649   12
r  550   599   548   12
r  750   649   548   12
r  699   499   750   12
r  749   798   698   12
r  698   548   599   12
r  1085   1036   1034   12
r  1926   1977   1978   12
r  2367   2418   2468   12
r  2419   2368   2417   12
r  2420   2418   2469   12
r  2371   2470   2424   12
r  2422   2424   2471   12
r  2469   2368   2418   12
r  746   795   845   12
r  748   800   848   12
r  799   899   897   12
r  1781   1934   1881   12
r  1832   1781   1932   12
r  2271   2171   2222   12
r  2372   2325   2424   12
r  2472   2424   2325   12
r  2478   2325   2379   12
r  2327   2428   2325   12
r  2275   2327   2424   12
r  2226   2325   2424   12
r  2378   2327   2424   12
r  2426   2375   2424   12
r  844   745   796   12
r  794   845   743   12
r  849   900   950   12
r  798   847   900   12
r  946   1049   995   12
r  998   1096   996   12
r  1100   1148   996   12
r  1098   947   996   12
r  1149   1049   996   12
r  947   1049   1148   12
r  1335   1237   1138   12
r  2377   2424   2428   12
r  2328   2379   2325   12
r  899   848   897   12
r  949   799   947   12
r  1534   1536   1486   12
r  1096   996   1049   12
r  1047   996   998   12
r  999   1100   1148   12
r  1146   996   1049   12
r  1095   996   1049   12
r  1097   1148   1049   12
r  1784   1683   1685   12
r  2380   2333   2432   12
r  2431   2380   2480   12
r  1142   1091   1042   12
r  1348   1248   1296   12
r  1350   1447   1148   12
r  1836   1785   1787   12
r  1837   1835   1737   12
r  1587   1536   1739   12
r  1298   1296   1398   12
r  1347   1296   1447   12
r  1349   1398   1447   12
r  1297   1349   1348   12
r  2486   2285   2383   12
r  1589   1538   1690   12
r  1450   1447   1300   12
r  2237   2234   2286   12
r  2438   2387   2435   12
r  2439   2488   2390   12
r  2441   2393   2389   12
r  1498   1549   1649   12
r  1497   1549   1649   12
r  1600   1649   1549   12
r  1650   1598   1447   12
r  1547   1649   1447   12
r  1499   1598   1649   12
r  1700   1649   1998   12
r  1597   1649   1549   12
r  1892   1841   1742   12
r  1792   1892   1741   12
r  1598   1549   1547   12
r  1750   1698   1849   12
r  1594   1596   1543   12
r  2193   2242   2343   12
r  1995   1993   1849   12
r  2495   2343   2298   12
r  2395   2343   2298   12
r  1896   1847   1849   12
r  1797   1848   1849   12
r  1950   2049   1998   12
r  1796   1847   1998   12
r  1746   1744   1846   12
r  2298   2300   2399   12
r  2396   2399   2298   12
r  2397   2449   2299   12
r  1898   1998   1849   12
r  2097   2197   2298   12
r  2100   2298   2198   12
r  2148   1998   2298   12
r  2447   2298   2297   12
r  2446   2399   2448   12
r  2497   2298   2448   12
r  2349   2148   2448   12
r  2499   2399   2448   12
r  2350   2348   2299   12
r  2249   2448   2348   12
r  2449   2299   2348   12
r  2400   2299   2298   12
r  2200   2348   2298   12
r  2250   2399   2298   12
r  2500   2298   2448   12
r  2300   2448   2348   12
r  1   54   102   13
r  51   54   53   13
r  2   155   102   13
r  155   54   106   13
r  3   102   155   13
r  154   152   54   13
r  205   254   53   13
r  151   53   54   13
r  153   102   54   13
r  5   53   102   13
r  6   102   155   13
r  201   54   155   13
r  254   252   155   13
r  4   102   155   13
r  103   3   152   13
r  106   102   53   13
r  104   155   106   13
r  107   54   102   13
r  203   53   102   13
r  204   155   54   13
r  157   106   159   13
r  158   163   258   13
r  455   403   604   13
r  456   401   604   13
r  453   653   604   13
r  451   653   604   13
r  554   603   653   13
r  503   653   604   13
r  754   604   552   13
r  501   653   552   13
r  452   604   552   13
r  504   552   653   13
r  651   552   604   13
r  704   803   604   13
r  12   113   112   13
r  410   458   459   13
r  507   558   606   13
r  753   604   653   13
r  803   752   653   13
r  13   112   114   13
r  14   66   116   13
r  165   214   265   13
r  609   508   607   13
r  806   857   1155   13
r  65   14   117   13
r  118   71   116   13
r  17   117   115   13
r  67   116   118   13
r  70   117   116   13
r  1101   1153   1152   13
r  1355   1154   1403   13
r  1058   1158   1155   13
r  1256   1207   1155   13
r  907   958   1155   13
r  1209   1158   1155   13
r  1451   1405   1155   13
r  68   116   16   13
r  19   70   117   13
r  119   15   71   13
r  18   117   118   13
r  661   760   809   13
r  170   72   71   13
r  22   121   73   13
r  963   863   764   13
r  1012   961   1162   13
r  1505   1554   1403   13
r  1504   1603   1403   13
r  1603   1552   1802   13
r  77   129   28   13
r  225   124   129   13
r  619   670   570   13
r  1265   1316   1314   13
r  1513   1564   1559   13
r  1652   1802   1752   13
r  1802   1704   2002   13
r  1705   1802   1757   13
r  79   28   75   13
r  179   226   77   13
r  180   80   77   13
r  27   78   76   13
r  28   75   129   13
r  330   230   129   13
r  1266   1315   1416   13
r  1702   1755   1802   13
r  2001   1901   1902   13
r  1751   1901   1802   13
r  1904   1955   1802   13
r  2053   1955   1802   13
r  1954   2003   1802   13
r  2005   1954   1802   13
r  132   129   179   13
r  31   129   27   13
r  1018   969   967   13
r  1854   1802   1752   13
r  1756   1807   1857   13
r  1808   1857   1707   13
r  35   84   86   13
r  138   86   187   13
r  1568   1517   1571   13
r  2151   2303   2353   13
r  2203   2152   2303   13
r  2303   2201   2355   13
r  2204   2152   2303   13
r  2057   2158   2109   13
r  190   88   187   13
r  137   188   86   13
r  89   187   86   13
r  37   85   89   13
r  237   285   337   13
r  40   85   187   13
r  39   37   187   13
r  41   140   187   13
r  579   729   681   13
r  1471   1522   1371   13
r  1916   1868   1815   13
r  1911   1913   1862   13
r  1963   1961   2012   13
r  2201   2302   2353   13
r  2251   2152   2353   13
r  2452   2353   2404   13
r  2305   2302   2353   13
r  2404   2255   2303   13
r  2403   2355   2303   13
r  2454   2353   2303   13
r  2401   2404   2303   13
r  2402   2355   2303   13
r  386   485   383   13
r  141   89   190   13
r  42   144   199   13
r  631   733   683   13
r  1619   1518   1519   13
r  1622   1671   1670   13
r  2352   2303   2404   13
r  2453   2303   2255   13
r  2451   2303   2353   13
r  43   199   144   13
r  684   834   785   13
r  2309   2361   2311   13
r  2410   2459   2361   13
r  2462   2413   2409   13
r  145   199   147   13
r  47   199   147   13
r  48   199   144   13
r  96   199   144   13
r  250   298   147   13
r  248   147   149   13
r  45   144   147   13
r  98   248   147   13
r  44   144   199   13
r  95   147   199   13
r  394   443   199   13
r  246   346   199   13
r  396   445   199   13
r  299   350   199   13
r  500   548   199   13
r  346   395   298   13
r  49   199   149   13
r  1325   1276   1374   13
r  1624   1523   1575   13
r  1824   1775   1875   13
r  686   738   786   13
r  300   199   298   13
r  247   199   147   13
r  297   199   147   13
r  449   649   599   13
r  499   548   599   13
r  550   548   599   13
r  1131   1182   1183   13
r  1034   934   1134   13
r  1577   1579   1628   13
r  1778   1678   1677   13
r  2364   2265   2416   13
r  2466   2417   2418   13
r  2414   2462   2368   13
r  2367   2468   2416   13
r  790   739   691   13
r  750   549   599   13
r  699   750   548   13
r  596   599   548   13
r  700   548   599   13
r  647   698   599   13
r  1231   1381   1332   13
r  1036   1034   1138   13
r  1679   1728   1628   13
r  2317   2417   2469   13
r  2369   2418   2468   13
r  2419   2417   2368   13
r  2422   2471   2424   13
r  645   694   845   13
r  799   897   899   13
r  1235   1335   1138   13
r  2126   2027   2024   13
r  2226   2175   2325   13
r  2377   2428   2424   13
r  2278   2229   2424   13
r  892   839   940   13
r  695   794   793   13
r  942   940   891   13
r  850   848   799   13
r  950   898   798   13
r  899   897   848   13
r  995   1096   947   13
r  896   947   996   13
r  1047   998   996   13
r  1097   947   996   13
r  1238   1287   1138   13
r  2277   2424   2325   13
r  2379   2431   2432   13
r  991   1040   1042   13
r  900   799   897   13
r  1000   1098   947   13
r  998   996   1049   13
r  1100   996   1148   13
r  1200   1148   947   13
r  1534   1486   1434   13
r  1197   1097   1296   13
r  1145   1045   1192   13
r  2484   2389   2285   13
r  2437   2484   2389   13
r  1298   1398   1296   13
r  2435   2386   2285   13
r  2438   2435   2484   13
r  2486   2383   2285   13
r  1350   1148   1549   13
r  1400   1447   1296   13
r  1450   1349   1447   13
r  1489   1491   1389   13
r  2489   2389   2390   13
r  2441   2439   2343   13
r  2290   2239   2389   13
r  1498   1500   1549   13
r  1550   1649   1499   13
r  1500   1549   1449   13
r  1548   1550   1447   13
r  1649   1698   1447   13
r  1648   1549   1447   13
r  1598   1547   1549   13
r  2391   2342   2394   13
r  2291   2342   2340   13
r  1750   1648   1998   13
r  2194   2142   2343   13
r  1794   1796   1696   13
r  1844   1846   1849   13
r  2246   2297   2298   13
r  2494   2343   2392   13
r  2495   2298   2448   13
r  2345   2243   2343   13
r  2395   2298   2448   13
r  2297   2399   2342   13
r  1748   1848   1998   13
r  1997   1849   1949   13
r  2099   2298   1849   13
r  1847   1849   1998   13
r  1898   1849   1998   13
r  1746   1795   1849   13
r  1747   1796   1849   13
r  2195   2244   2298   13
r  2245   2296   2298   13
r  2445   2298   2348   13
r  2496   2298   2348   13
r  2448   2399   2348   13
r  2397   2399   2298   13
r  2098   1998   2298   13
r  2149   2198   2197   13
r  2100   2198   2298   13
r  2299   2448   2399   13
r  2199   2448   2299   13
r  2350   2299   2448   13
r  2200   2299   2198   13
r  2447   2297   2298   13
r  2497   2445   2298   13
r  2500   2448   2298   13
r  2300   2348   2298   13
r  2446   2298   2399   13
r  2450   2298   2448   13
r  2400   2298   2448   13
r  2250   2298   2348   13
r  2150   2298   2248   13
r  1   102   54   14
r  51   53   155   14
r  2   102   155   14
r  54   106   155   14
r  101   155   53   14
r  52   54   106   14
r  3   54   102   14
r  105   54   102   14
r  205   304   54   14
r  201   106   54   14
r  4   152   102   14
r  152   53   155   14
r  104   106   155   14
r  203   54   155   14
r  204   53   155   14
r  55   106   155   14
r  107   6   155   14
r  304   353   155   14
r  404   303   155   14
r  103   106   54   14
r  57   106   6   14
r  6   155   102   14
r  151   155   53   14
r  153   155   102   14
r  251   155   106   14
r  352   401   604   14
r  8   113   108   14
r  158   258   161   14
r  59   7   108   14
r  11   163   113   14
r  60   63   62   14
r  506   406   604   14
r  503   604   653   14
r  601   653   552   14
r  752   604   552   14
r  753   653   552   14
r  501   552   653   14
r  651   653   702   14
r  452   552   604   14
r  803   754   604   14
r  704   604   653   14
r  805   854   1155   14
r  902   1002   953   14
r  65   116   118   14
r  17   116   118   14
r  67   118   116   14
r  15   116   117   14
r  68   117   116   14
r  18   119   116   14
r  16   168   118   14
r  563   664   663   14
r  1451   1403   1352   14
r  1008   860   1155   14
r  958   906   1155   14
r  1404   1355   1155   14
r  1257   1306   1155   14
r  1208   1210   1155   14
r  1305   1403   1155   14
r  1402   1451   1155   14
r  1009   1058   1155   14
r  19   119   71   14
r  21   72   121   14
r  72   121   173   14
r  913   1013   764   14
r  1011   1112   1111   14
r  1410   1361   1210   14
r  1502   1403   1454   14
r  1606   1554   1553   14
r  123   121   72   14
r  272   372   274   14
r  1363   1361   1263   14
r  1651   1553   1802   14
r  25   78   179   14
r  77   25   129   14
r  1115   1066   1217   14
r  1561   1610   1512   14
r  1558   1607   1561   14
r  1652   1803   1802   14
r  1705   1654   1802   14
r  1704   1701   1802   14
r  1951   2002   1752   14
r  2051   2002   1752   14
r  2152   2252   1802   14
r  1854   1905   1802   14
r  472   521   571   14
r  473   571   574   14
r  79   75   77   14
r  128   180   76   14
r  132   181   129   14
r  31   80   129   14
r  331   382   129   14
r  133   82   129   14
r  376   475   425   14
r  1754   1802   1752   14
r  1804   1802   1752   14
r  1904   1802   1752   14
r  2053   1802   1752   14
r  2153   2204   2353   14
r  2151   2255   2203   14
r  2202   2251   2353   14
r  1858   1806   1907   14
r  32   129   179   14
r  182   129   179   14
r  134   83   187   14
r  1068   1017   967   14
r  1268   1216   1266   14
r  1318   1267   1418   14
r  1715   1766   1664   14
r  2203   2303   2353   14
r  2353   2453   2255   14
r  2201   2353   2303   14
r  2302   2353   2404   14
r  2251   2353   2404   14
r  2356   2353   2409   14
r  2452   2404   2353   14
r  2403   2455   2254   14
r  2352   2254   2303   14
r  2453   2355   2303   14
r  2405   2359   2303   14
r  2451   2353   2303   14
r  2357   2408   2303   14
r  627   575   476   14
r  1019   967   970   14
r  775   872   724   14
r  1170   1269   1119   14
r  1760   1859   1812   14
r  1810   1859   1861   14
r  2354   2303   2405   14
r  2351   2303   2302   14
r  2401   2303   2404   14
r  2402   2303   2404   14
r  2406   2255   2353   14
r  2207   2209   2058   14
r  2306   2303   2409   14
r  2358   2307   2257   14
r  37   187   86   14
r  90   187   87   14
r  38   140   139   14
r  89   86   187   14
r  975   877   926   14
r  1422   1471   1470   14
r  2210   2311   2409   14
r  2413   2263   2409   14
r  2260   2211   2311   14
r  240   292   139   14
r  337   285   286   14
r  42   149   147   14
r  486   636   586   14
r  1472   1523   1371   14
r  290   190   390   14
r  142   240   199   14
r  43   144   199   14
r  979   878   977   14
r  1128   1177   1180   14
r  1473   1475   1424   14
r  2364   2315   2368   14
r  2365   2417   2368   14
r  2419   2468   2416   14
r  2469   2369   2368   14
r  2467   2368   2418   14
r  294   193   199   14
r  194   242   147   14
r  145   147   199   14
r  48   147   199   14
r  96   147   199   14
r  146   199   144   14
r  44   199   144   14
r  198   149   298   14
r  498   598   649   14
r  397   298   147   14
r  95   149   147   14
r  47   144   199   14
r  49   149   199   14
r  245   196   199   14
r  345   244   199   14
r  300   298   199   14
r  247   147   199   14
r  297   147   199   14
r  398   400   199   14
r  399   299   199   14
r  444   544   199   14
r  549   649   199   14
r  295   298   199   14
r  346   298   147   14
r  50   199   149   14
r  246   199   147   14
r  348   199   147   14
r  1080   1131   979   14
r  1969   1920   2067   14
r  547   649   447   14
r  499   599   548   14
r  550   599   548   14
r  500   199   548   14
r  741   591   492   14
r  1084   983   984   14
r  2472   2373   2424   14
r  2372   2423   2325   14
r  700   599   548   14
r  699   548   750   14
r  888   837   936   14
r  1234   1183   1138   14
r  1529   1531   1430   14
r  1727   1628   1678   14
r  1679   1628   1728   14
r  1929   1880   1833   14
r  2478   2379   2325   14
r  2278   2424   2325   14
r  799   899   897   14
r  989   1089   1138   14
r  1086   1134   1138   14
r  1781   1881   1932   14
r  850   799   848   14
r  1046   997   1148   14
r  1096   1049   996   14
r  1099   1148   996   14
r  1237   1138   1136   14
r  1934   1885   1833   14
r  2381   2282   2432   14
r  2330   2430   2432   14
r  2332   2380   2379   14
r  900   897   849   14
r  899   848   897   14
r  1047   996   1049   14
r  998   1046   947   14
r  1050   996   1148   14
r  1198   1149   1049   14
r  1150   1049   947   14
r  1200   1149   1148   14
r  2483   2379   2432   14
r  2386   2286   2432   14
r  1197   1296   1148   14
r  1587   1739   1536   14
r  1637   1536   1588   14
r  1245   1196   1192   14
r  1450   1447   1348   14
r  1297   1348   1447   14
r  1344   1445   1295   14
r  1341   1292   1492   14
r  2435   2285   2387   14
r  2289   2439   2390   14
r  2441   2343   2342   14
r  2340   2241   2389   14
r  1400   1549   1447   14
r  1350   1296   1447   14
r  1449   1549   1649   14
r  1992   2091   1941   14
r  2391   2343   2342   14
r  1497   1548   1549   14
r  1550   1499   1449   14
r  1600   1549   1548   14
r  1599   1547   1447   14
r  1598   1549   1447   14
r  1597   1549   1447   14
r  2345   2343   2298   14
r  2494   2392   2298   14
r  1698   1798   1849   14
r  1944   1843   1849   14
r  2395   2342   2348   14
r  2445   2348   2298   14
r  2346   2298   2348   14
r  2495   2342   2298   14
r  2296   2348   2448   14
r  2399   2447   2448   14
r  1747   1696   1998   14
r  1997   1949   1849   14
r  1796   1744   1849   14
r  1898   1999   1849   14
r  1746   1846   1998   14
r  1846   1849   1998   14
r  1845   1847   1849   14
r  1847   1998   1849   14
r  2446   2399   2298   14
r  2499   2448   2348   14
r  2350   2448   2399   14
r  2497   2448   2348   14
r  2496   2448   2298   14
r  2450   2448   2298   14
r  2400   2448   2298   14
r  2250   2348   2298   14
r  2447   2298   2348   14
r  2300   2298   2348   14
r  2149   2298   2198   14
r  1   155   53   15
r  51   155   54   15
r  2   53   102   15
r  54   155   106   15
r  101   54   155   15
r  52   155   54   15
r  102   155   106   15
r  55   155   102   15
r  6   102   155   15
r  206   353   155   15
r  5   102   54   15
r  254   203   54   15
r  152   155   252   15
r  205   54   102   15
r  151   54   155   15
r  7   155   102   15
r  302   353   102   15
r  301   252   552   15
r  56   102   251   15
r  57   54   155   15
r  251   102   155   15
r  157   159   109   15
r  109   57   112   15
r  11   113   109   15
r  9   11   161   15
r  503   653   604   15
r  504   604   552   15
r  702   653   552   15
r  501   653   552   15
r  453   604   653   15
r  455   604   653   15
r  802   851   1155   15
r  601   552   653   15
r  651   702   653   15
r  752   552   604   15
r  704   653   604   15
r  607   507   604   15
r  451   604   653   15
r  706   708   655   15
r  753   552   653   15
r  216   267   116   15
r  67   15   114   15
r  757   808   906   15
r  65   118   116   15
r  18   118   115   15
r  15   117   116   15
r  17   115   117   15
r  66   115   15   15
r  20   69   116   15
r  1204   1253   1104   15
r  1103   1154   1152   15
r  1109   1111   1155   15
r  1403   1454   1155   15
r  1401   1403   1155   15
r  1307   1355   1155   15
r  1452   1354   1155   15
r  1455   1308   1155   15
r  1502   1354   1403   15
r  1504   1403   1604   15
r  1311   1360   1210   15
r  1551   1651   1502   15
r  1603   1503   1703   15
r  1556   1503   1504   15
r  1604   1503   1553   15
r  861   912   809   15
r  271   273   324   15
r  123   22   129   15
r  1363   1263   1262   15
r  1410   1210   1359   15
r  1703   1803   1752   15
r  1113   1111   1162   15
r  1801   1901   1805   15
r  2001   1902   1752   15
r  2003   1952   1752   15
r  1754   1752   1802   15
r  1804   1704   1802   15
r  128   76   179   15
r  28   128   75   15
r  32   130   129   15
r  182   81   129   15
r  278   329   129   15
r  176   129   77   15
r  30   129   179   15
r  31   129   77   15
r  376   425   475   15
r  1066   1017   1217   15
r  1614   1665   1662   15
r  2052   1802   1752   15
r  1903   1802   1752   15
r  2151   2353   2303   15
r  80   129   179   15
r  83   34   187   15
r  478   629   425   15
r  525   627   626   15
r  1809   1858   1760   15
r  2154   2303   2353   15
r  2201   2352   2353   15
r  2302   2251   2353   15
r  2251   2404   2353   15
r  2452   2353   2404   15
r  2454   2403   2353   15
r  2453   2255   2353   15
r  2351   2302   2303   15
r  2402   2353   2303   15
r  2401   2404   2303   15
r  2355   2353   2409   15
r  1019   968   967   15
r  576   525   574   15
r  136   37   87   15
r  334   283   383   15
r  186   137   287   15
r  138   187   86   15
r  2404   2303   2456   15
r  2306   2408   2353   15
r  2451   2303   2404   15
r  38   139   86   15
r  37   86   187   15
r  90   37   187   15
r  238   189   187   15
r  284   235   287   15
r  335   435   383   15
r  385   334   485   15
r  1865   1867   1868   15
r  2308   2409   2459   15
r  2462   2362   2311   15
r  2261   2312   2409   15
r  141   190   199   15
r  633   631   532   15
r  583   634   681   15
r  1323   1222   1424   15
r  780   729   681   15
r  242   293   393   15
r  193   293   199   15
r  243   393   199   15
r  43   199   147   15
r  1175   1274   1224   15
r  1870   1822   1872   15
r  2366   2315   2417   15
r  143   91   147   15
r  249   298   144   15
r  248   149   147   15
r  196   244   147   15
r  98   147   144   15
r  95   147   144   15
r  299   398   147   15
r  47   147   144   15
r  48   144   147   15
r  245   344   147   15
r  293   245   199   15
r  146   195   199   15
r  44   144   199   15
r  50   149   199   15
r  246   147   199   15
r  348   448   199   15
r  395   393   199   15
r  447   398   199   15
r  349   448   199   15
r  500   548   199   15
r  145   199   147   15
r  97   199   298   15
r  96   199   147   15
r  45   199   144   15
r  350   199   298   15
r  100   199   149   15
r  250   199   298   15
r  400   199   147   15
r  448   199   147   15
r  588   590   637   15
r  1824   1875   1724   15
r  2467   2418   2368   15
r  2369   2366   2467   15
r  2470   2418   2366   15
r  1084   1033   1032   15
r  547   599   598   15
r  499   548   599   15
r  550   548   599   15
r  1626   1575   1678   15
r  2073   2024   2124   15
r  648   599   750   15
r  698   750   548   15
r  596   548   599   15
r  700   548   599   15
r  743   796   694   15
r  1730   1679   1677   15
r  1880   1931   1929   15
r  1580   1629   1628   15
r  2429   2325   2424   15
r  2328   2477   2424   15
r  2428   2379   2325   15
r  747   599   694   15
r  794   796   694   15
r  2478   2424   2379   15
r  2427   2424   2276   15
r  1237   1137   1138   15
r  798   849   897   15
r  950   798   850   15
r  941   990   842   15
r  946   1046   1049   15
r  1098   1049   947   15
r  1099   1150   1148   15
r  1100   1049   996   15
r  947   1046   1049   15
r  1485   1534   1434   15
r  1289   1238   1138   15
r  898   849   850   15
r  1146   1049   1148   15
r  1200   1148   1348   15
r  1634   1582   1683   15
r  1635   1683   1735   15
r  2381   2379   2383   15
r  2383   2282   2285   15
r  2386   2432   2383   15
r  2434   2333   2432   15
r  1198   1049   1296   15
r  1347   1447   1148   15
r  1348   1148   1447   15
r  2385   2383   2285   15
r  2387   2436   2285   15
r  2435   2387   2285   15
r  2485   2383   2387   15
r  2388   2435   2285   15
r  1291   1294   1492   15
r  1296   1398   1447   15
r  1342   1390   1394   15
r  1442   1491   1292   15
r  2089   2037   2140   15
r  2489   2390   2389   15
r  2339   2390   2238   15
r  1598   1447   1296   15
r  1450   1348   1447   15
r  1400   1296   1397   15
r  1550   1449   1548   15
r  1600   1548   1649   15
r  1500   1449   1549   15
r  1394   1343   1445   15
r  2392   2343   2491   15
r  2441   2389   2343   15
r  1449   1447   1549   15
r  1700   1549   1849   15
r  2192   2143   2343   15
r  2442   2342   2298   15
r  2492   2342   2443   15
r  2444   2343   2298   15
r  1696   1744   1849   15
r  1747   1849   1949   15
r  2395   2348   2298   15
r  2445   2398   2348   15
r  2346   2395   2298   15
r  2495   2298   2348   15
r  2296   2448   2348   15
r  2299   2399   2297   15
r  2397   2298   2448   15
r  2096   1999   1849   15
r  1847   1849   1998   15
r  1846   1998   1849   15
r  1795   1846   1849   15
r  2350   2399   2348   15
r  2097   2198   2348   15
r  2496   2348   2448   15
r  2450   2348   2448   15
r  2447   2348   2298   15
r  2300   2348   2298   15
r  2149   2198   2298   15
r  2150   2248   2298   15
r  2146   2298   2448   15
r  2249   2298   2448   15
r  2250   2298   2348   15
r  2100   2298   2348   15
r  1   53   155   16
r  51   102   155   16
r  2   155   54   16
r  52   54   155   16
r  53   102   51   16
r  102   106   155   16
r  104   155   53   16
r  55   53   103   16
r  6   155   102   16
r  105   102   54   16
r  203   102   54   16
r  205   53   54   16
r  152   252   155   16
r  202   353   106   16
r  304   252   106   16
r  206   54   102   16
r  151   53   102   16
r  252   206   155   16
r  354   252   155   16
r  7   102   155   16
r  356   307   155   16
r  153   54   53   16
r  302   155   604   16
r  56   155   102   16
r  251   155   102   16
r  57   155   106   16
r  61   109   112   16
r  401   604   653   16
r  702   604   653   16
r  703   604   552   16
r  601   653   552   16
r  651   604   552   16
r  555   653   552   16
r  402   603   653   16
r  453   653   604   16
r  504   552   604   16
r  505   404   653   16
r  159   108   161   16
r  308   259   409   16
r  9   161   60   16
r  605   656   653   16
r  501   552   653   16
r  652   552   753   16
r  506   607   606   16
r  803   653   1155   16
r  451   653   604   16
r  753   653   604   16
r  704   604   653   16
r  215   114   116   16
r  162   210   263   16
r  13   114   112   16
r  560   562   460   16
r  1255   1352   1403   16
r  807   756   1155   16
r  1354   1403   1155   16
r  1405   1454   1155   16
r  1357   1359   1155   16
r  1501   1403   1155   16
r  1453   1451   1155   16
r  1258   1210   1155   16
r  858   910   1155   16
r  1110   1010   1155   16
r  1503   1554   1155   16
r  1358   1409   1155   16
r  314   363   213   16
r  16   117   115   16
r  67   114   118   16
r  66   118   70   16
r  17   118   116   16
r  69   117   116   16
r  19   71   116   16
r  15   116   117   16
r  1454   1354   1403   16
r  1313   1310   1260   16
r  1261   1361   1210   16
r  1410   1412   1210   16
r  1554   1556   1505   16
r  1651   1802   1752   16
r  72   173   121   16
r  22   71   121   16
r  716   667   764   16
r  862   864   764   16
r  815   866   913   16
r  813   764   864   16
r  1653   1704   1752   16
r  1610   1608   1561   16
r  1951   1752   2002   16
r  1903   1752   1802   16
r  2054   2006   1802   16
r  1904   1855   1802   16
r  1906   1857   1802   16
r  2002   1901   1752   16
r  1755   1802   1752   16
r  1707   1857   1806   16
r  1754   1802   1752   16
r  1952   1802   1752   16
r  1953   1802   1752   16
r  321   370   273   16
r  224   175   129   16
r  79   77   179   16
r  130   179   77   16
r  81   32   179   16
r  30   77   129   16
r  31   27   129   16
r  80   179   129   16
r  281   232   129   16
r  282   231   129   16
r  135   87   129   16
r  78   129   179   16
r  475   574   626   16
r  2203   2353   2303   16
r  2452   2404   2353   16
r  2453   2353   2404   16
r  2354   2453   2303   16
r  2404   2353   2303   16
r  2451   2404   2303   16
r  2456   2352   2405   16
r  2355   2409   2353   16
r  626   673   574   16
r  34   86   187   16
r  873   973   825   16
r  1761   1862   1860   16
r  2204   2303   2353   16
r  2301   2303   2404   16
r  2401   2303   2404   16
r  2455   2303   2404   16
r  2402   2303   2353   16
r  2206   2058   2109   16
r  1811   1809   1862   16
r  1812   1859   1810   16
r  84   86   139   16
r  138   86   187   16
r  480   379   380   16
r  428   532   529   16
r  188   139   86   16
r  38   86   140   16
r  240   139   187   16
r  1862   1860   1760   16
r  2308   2459   2409   16
r  2411   2459   2311   16
r  2211   2061   2409   16
r  678   577   627   16
r  37   187   86   16
r  91   187   199   16
r  1916   1815   1868   16
r  2360   2409   2312   16
r  92   144   147   16
r  43   147   199   16
r  1275   1174   1374   16
r  2365   2368   2418   16
r  2468   2368   2416   16
r  149   147   144   16
r  249   144   298   16
r  148   144   146   16
r  300   147   298   16
r  295   195   147   16
r  97   298   199   16
r  96   144   199   16
r  45   144   199   16
r  350   298   199   16
r  100   147   199   16
r  250   147   199   16
r  400   449   199   16
r  448   147   199   16
r  496   399   199   16
r  446   498   199   16
r  145   147   199   16
r  546   548   199   16
r  150   199   298   16
r  46   199   144   16
r  397   199   599   16
r  344   199   147   16
r  95   199   147   16
r  396   199   147   16
r  47   199   147   16
r  247   199   147   16
r  349   199   147   16
r  98   199   147   16
r  399   199   147   16
r  398   199   147   16
r  297   199   147   16
r  99   199   298   16
r  1030   1081   979   16
r  1129   1178   1077   16
r  2018   1969   1967   16
r  1969   2020   2068   16
r  2117   2168   2170   16
r  2469   2418   2416   16
r  2369   2467   2416   16
r  2420   2368   2416   16
r  2268   2270   2368   16
r  2371   2422   2325   16
r  1478   1430   1429   16
r  735   836   886   16
r  588   691   539   16
r  547   598   496   16
r  499   599   548   16
r  2322   2273   2424   16
r  686   786   785   16
r  648   750   599   16
r  600   649   699   16
r  699   599   548   16
r  647   599   649   16
r  2474   2476   2425   16
r  2326   2277   2275   16
r  2277   2275   2424   16
r  2278   2325   2424   16
r  2427   2476   2424   16
r  2276   2424   2476   16
r  987   936   836   16
r  800   849   748   16
r  850   798   799   16
r  798   900   849   16
r  1885   1786   1833   16
r  1984   2035   1932   16
r  2481   2432   2383   16
r  2332   2432   2285   16
r  1047   947   996   16
r  1000   1148   996   16
r  899   798   848   16
r  2381   2432   2285   16
r  2482   2379   2285   16
r  2386   2383   2432   16
r  2433   2285   2435   16
r  1837   1737   1786   16
r  998   1049   1148   16
r  1044   1093   1192   16
r  1197   1248   1049   16
r  1199   1250   1296   16
r  2483   2432   2383   16
r  2336   2432   2383   16
r  2487   2484   2389   16
r  2488   2389   2285   16
r  2185   2035   2187   16
r  1537   1637   1687   16
r  1299   1348   1296   16
r  1298   1296   1148   16
r  1247   1148   1447   16
r  1200   947   1447   16
r  1245   1192   1144   16
r  2288   2188   2389   16
r  1489   1389   1491   16
r  1840   1789   1741   16
r  1300   1447   1549   16
r  1598   1649   1447   16
r  1548   1447   1296   16
r  1341   1492   1292   16
r  1344   1295   1443   16
r  2041   1990   2140   16
r  2042   1991   1941   16
r  2392   2491   2343   16
r  2293   2342   2298   16
r  1500   1549   1649   16
r  1450   1300   1549   16
r  1449   1649   1447   16
r  1699   1550   1447   16
r  2442   2298   2342   16
r  2244   2344   2343   16
r  2295   2244   2343   16
r  1844   1849   1998   16
r  1894   1795   1849   16
r  2395   2448   2348   16
r  2495   2348   2298   16
r  2299   2348   2448   16
r  2248   2199   2348   16
r  2350   2348   2448   16
r  2148   2050   2348   16
r  2200   2198   2348   16
r  2500   2348   2448   16
r  2496   2448   2348   16
r  2450   2448   2348   16
r  2446   2448   2348   16
r  2096   1849   2298   16
r  2249   2348   2298   16
r  2100   2348   2298   16
r  1646   1746   1694   16
r  1747   1998   1849   16
r  1845   1896   1998   16
r  1895   1795   1849   16
r  1847   1895   1849   16
r  2196   2096   1849   16
r  2396   2298   2348   16
r  2197   2298   2248   16
r  2400   2298   2448   16
r  2499   2298   2448   16
r  2199   2298   2348   16
r  2300   2298   2348   16
r  1846   1895   1998   16
r  1997   1898   1949   16
r  1   155   102   17
r  51   155   102   17
r  2   54   155   17
r  54   106   155   17
r  102   54   106   17
r  101   155   54   17
r  52   106   54   17
r  53   155   102   17
r  3   102   54   17
r  104   102   155   17
r  55   103   155   17
r  6   102   155   17
r  154   102   106   17
r  201   155   102   17
r  5   155   102   17
r  203   155   102   17
r  153   53   54   17
r  152   155   203   17
r  205   54   106   17
r  151   155   53   17
r  105   54   102   17
r  7   56   102   17
r  254   54   102   17
r  255   155   102   17
r  306   255   102   17
r  57   106   155   17
r  404   155   604   17
r  110   159   113   17
r  11   109   60   17
r  402   604   552   17
r  652   753   552   17
r  451   455   653   17
r  702   552   604   17
r  703   752   604   17
r  651   552   604   17
r  455   402   604   17
r  704   755   604   17
r  655   755   604   17
r  503   604   653   17
r  601   604   653   17
r  504   604   552   17
r  452   604   552   17
r  453   604   653   17
r  12   112   110   17
r  753   604   653   17
r  657   609   508   17
r  261   312   259   17
r  64   116   117   17
r  1259   1207   1155   17
r  1308   1405   1155   17
r  1502   1403   1155   17
r  1504   1553   1155   17
r  1601   1556   1155   17
r  1408   1406   1155   17
r  1456   1507   1155   17
r  1551   1603   1155   17
r  1360   1460   1155   17
r  513   613   564   17
r  65   117   118   17
r  66   70   115   17
r  17   117   115   17
r  218   267   116   17
r  16   115   117   17
r  1001   1155   851   17
r  1253   1155   1152   17
r  1351   1155   1403   17
r  1010   1059   962   17
r  1554   1505   1556   17
r  1651   1603   1802   17
r  20   116   71   17
r  1164   1314   1166   17
r  1702   1802   1805   17
r  1952   2053   1802   17
r  1953   2053   1802   17
r  1951   1802   1752   17
r  2102   2053   1752   17
r  1954   1802   1752   17
r  1903   1901   1752   17
r  2151   2303   1752   17
r  1755   1752   1802   17
r  1754   1752   1802   17
r  1905   1907   1802   17
r  2053   1752   1802   17
r  2203   2303   1802   17
r  568   663   516   17
r  813   862   764   17
r  271   322   371   17
r  174   223   323   17
r  1116   1165   1017   17
r  2052   1752   1903   17
r  2152   1802   2353   17
r  2153   2353   2404   17
r  2204   2353   2303   17
r  125   129   179   17
r  275   223   129   17
r  422   521   571   17
r  2251   2303   2404   17
r  2154   2105   2303   17
r  2404   2456   2353   17
r  2254   2353   2252   17
r  2205   2207   2303   17
r  2302   2404   2453   17
r  818   870   718   17
r  27   76   179   17
r  231   128   77   17
r  31   77   179   17
r  80   128   179   17
r  78   179   129   17
r  176   125   129   17
r  1712   1663   1664   17
r  1069   1020   970   17
r  1368   1371   1319   17
r  1470   1468   1419   17
r  2356   2409   2353   17
r  2403   2254   2255   17
r  2401   2404   2303   17
r  2455   2353   2303   17
r  2402   2404   2303   17
r  2355   2353   2409   17
r  2351   2303   2404   17
r  2452   2303   2404   17
r  2451   2303   2353   17
r  2307   2409   2353   17
r  2208   2159   2409   17
r  2157   2206   2058   17
r  1761   1812   1810   17
r  29   129   179   17
r  33   129   187   17
r  334   383   485   17
r  527   478   475   17
r  1768   1868   1816   17
r  1320   1371   1469   17
r  1072   1123   922   17
r  723   774   721   17
r  34   85   86   17
r  38   140   87   17
r  40   140   86   17
r  37   86   187   17
r  289   137   187   17
r  1866   1864   1815   17
r  2459   2408   2310   17
r  2360   2312   2409   17
r  2312   2363   2409   17
r  2264   2315   2409   17
r  532   583   681   17
r  533   584   581   17
r  291   390   140   17
r  193   199   147   17
r  43   45   147   17
r  292   241   199   17
r  1176   1174   1224   17
r  1774   1825   1722   17
r  2364   2368   2417   17
r  2365   2418   2368   17
r  2466   2418   2468   17
r  733   735   681   17
r  687   587   786   17
r  244   199   147   17
r  149   298   147   17
r  347   399   147   17
r  447   599   147   17
r  100   149   147   17
r  150   147   199   17
r  46   144   199   17
r  344   346   199   17
r  95   147   199   17
r  396   147   199   17
r  47   144   199   17
r  247   245   199   17
r  349   147   199   17
r  399   147   199   17
r  398   450   199   17
r  297   147   199   17
r  99   144   199   17
r  547   496   199   17
r  445   494   199   17
r  495   595   199   17
r  98   144   199   17
r  343   292   199   17
r  597   599   199   17
r  650   548   199   17
r  97   199   298   17
r  350   199   298   17
r  296   199   147   17
r  195   199   147   17
r  300   199   147   17
r  246   199   147   17
r  395   199   147   17
r  250   199   147   17
r  145   199   147   17
r  1478   1429   1430   17
r  2118   2120   2070   17
r  833   830   884   17
r  541   544   691   17
r  791   892   691   17
r  550   599   548   17
r  500   199   548   17
r  647   649   599   17
r  700   599   548   17
r  1874   1923   1975   17
r  883   932   785   17
r  1330   1381   1328   17
r  1679   1727   1677   17
r  2323   2325   2275   17
r  2273   2124   2325   17
r  2327   2325   2276   17
r  2277   2325   2425   17
r  2276   2476   2424   17
r  2479   2379   2424   17
r  836   785   986   17
r  693   644   845   17
r  743   694   796   17
r  648   599   749   17
r  699   548   599   17
r  1131   1183   1182   17
r  1085   1034   985   17
r  2278   2424   2325   17
r  2176   2277   2325   17
r  746   744   795   17
r  2230   2179   2131   17
r  2330   2432   2332   17
r  2481   2383   2432   17
r  1043   1094   1192   17
r  994   996   947   17
r  849   748   897   17
r  1835   1786   1833   17
r  2482   2285   2431   17
r  2333   2335   2285   17
r  2281   2230   2180   17
r  2433   2484   2285   17
r  2437   2389   2285   17
r  2386   2332   2383   17
r  2335   2435   2432   17
r  2334   2285   2432   17
r  2336   2383   2432   17
r  948   1046   1049   17
r  1000   947   1148   17
r  1148   1049   996   17
r  998   947   996   17
r  999   947   996   17
r  1146   947   996   17
r  900   849   897   17
r  950   799   897   17
r  949   947   848   17
r  2483   2384   2285   17
r  2486   2435   2383   17
r  2284   2288   2389   17
r  2484   2387   2386   17
r  2438   2484   2285   17
r  1096   996   947   17
r  1099   996   947   17
r  1196   1148   947   17
r  1095   1146   947   17
r  1097   996   947   17
r  1098   996   1049   17
r  1147   1049   947   17
r  1100   996   947   17
r  1348   1447   1148   17
r  1688   1736   1588   17
r  2485   2285   2389   17
r  1298   1148   1296   17
r  1300   1349   1447   17
r  1398   1447   1296   17
r  1343   1292   1445   17
r  2491   2343   2341   17
r  2242   2343   2291   17
r  2393   2442   2391   17
r  1500   1649   1296   17
r  1450   1549   1296   17
r  1342   1391   1393   17
r  2090   2138   1941   17
r  2043   1942   2144   17
r  1792   1741   1893   17
r  2293   2341   2342   17
r  2295   2243   2348   17
r  2296   2298   2343   17
r  1600   1649   1549   17
r  1548   1296   1447   17
r  1647   1595   1447   17
r  1700   1849   1447   17
r  1698   1647   1447   17
r  1449   1447   1548   17
r  1550   1447   1649   17
r  1699   1447   1849   17
r  1495   1544   1444   17
r  1793   1694   1842   17
r  1744   1795   1849   17
r  2494   2342   2348   17
r  2445   2298   2448   17
r  2299   2448   2348   17
r  2397   2448   2298   17
r  1844   1795   1849   17
r  1894   1849   1998   17
r  1944   1895   1998   17
r  2095   2144   2298   17
r  2196   2145   2298   17
r  1745   1847   1998   17
r  1794   1743   1849   17
r  2396   2348   2298   17
r  2147   2198   2348   17
r  2350   2448   2348   17
r  2200   2348   2448   17
r  2450   2348   2448   17
r  2447   2347   2348   17
r  2197   2248   2298   17
r  2400   2348   2298   17
r  2499   2348   2298   17
r  2250   2348   2298   17
r  2300   2399   2298   17
r  2496   2298   2448   17
r  2198   2298   2348   17
r  2500   2298   2348   17
r  2149   2298   2348   17
r  2249   2298   2348   17
r  2199   2348   2448   17
r  1747   1949   1998   17
r  1795   1696   1998   17
r  51   102   155   18
r  2   102   54   18
r  54   152   102   18
r  53   102   155   18
r  3   155   102   18
r  104   155   102   18
r  6   155   102   18
r  154   106   102   18
r  203   102   155   18
r  151   102   54   18
r  105   102   54   18
r  205   106   54   18
r  56   102   54   18
r  152   106   155   18
r  153   54   155   18
r  201   54   155   18
r  5   54   155   18
r  306   357   106   18
r  204   54   102   18
r  202   106   102   18
r  252   155   102   18
r  57   155   102   18
r  256   307   102   18
r  305   356   102   18
r  302   102   155   18
r  251   102   155   18
r  253   302   155   18
r  406   307   256   18
r  351   604   653   18
r  403   454   604   18
r  60   215   113   18
r  9   112   113   18
r  161   109   58   18
r  401   403   604   18
r  503   653   604   18
r  555   604   653   18
r  702   653   552   18
r  605   653   552   18
r  453   402   552   18
r  454   505   653   18
r  402   552   604   18
r  601   552   604   18
r  452   552   604   18
r  556   655   604   18
r  753   653   604   18
r  160   60   158   18
r  12   110   112   18
r  755   854   1155   18
r  508   607   556   18
r  509   611   561   18
r  64   115   116   18
r  1001   851   1155   18
r  1159   1059   1155   18
r  1253   1202   1155   18
r  1351   1355   1155   18
r  1454   1352   1155   18
r  909   1009   1155   18
r  859   908   1155   18
r  1552   1454   1155   18
r  1407   1358   1155   18
r  1359   1361   1155   18
r  1458   1410   1155   18
r  1059   960   1155   18
r  1553   1505   1155   18
r  18   116   118   18
r  15   117   116   18
r  166   118   16   18
r  217   266   116   18
r  219   168   116   18
r  268   417   116   18
r  1263   1312   1210   18
r  1555   1553   1604   18
r  22   73   71   18
r  173   274   129   18
r  369   268   371   18
r  914   814   764   18
r  1704   1802   1752   18
r  1702   1805   1802   18
r  1801   1805   1901   18
r  2001   1802   1903   18
r  1951   2002   1802   18
r  1954   2007   1802   18
r  1754   1901   1752   18
r  1755   1802   1752   18
r  1952   1752   1903   18
r  2052   1953   1802   18
r  1955   2006   1802   18
r  1806   1907   1802   18
r  23   71   129   18
r  174   323   129   18
r  124   77   274   18
r  965   916   864   18
r  767   716   814   18
r  719   620   621   18
r  1116   1017   1067   18
r  1066   1166   1115   18
r  2104   2155   2303   18
r  1465   1516   1316   18
r  125   179   129   18
r  82   135   179   18
r  183   185   179   18
r  327   225   129   18
r  29   179   129   18
r  422   571   520   18
r  1219   1170   1217   18
r  2251   2353   2303   18
r  2154   2303   2352   18
r  2254   2252   2353   18
r  2302   2353   2404   18
r  28   129   179   18
r  126   129   77   18
r  85   187   139   18
r  1020   969   968   18
r  2453   2404   2353   18
r  2455   2404   2353   18
r  2351   2353   2303   18
r  2301   2353   2303   18
r  2406   2353   2303   18
r  2452   2353   2303   18
r  2451   2353   2303   18
r  2355   2404   2353   18
r  2401   2303   2404   18
r  2158   2059   2056   18
r  1861   1812   1760   18
r  235   287   187   18
r  138   87   86   18
r  89   40   87   18
r  37   89   86   18
r  478   377   527   18
r  1369   1371   1422   18
r  2307   2353   2409   18
r  486   537   435   18
r  487   386   485   18
r  2209   2160   2409   18
r  2262   2162   2409   18
r  2313   2416   2409   18
r  2263   2314   2409   18
r  2314   2363   2409   18
r  1026   975   979   18
r  634   683   681   18
r  142   199   147   18
r  2415   2368   2366   18
r  539   437   640   18
r  540   741   492   18
r  244   195   199   18
r  200   298   144   18
r  399   298   147   18
r  297   246   147   18
r  650   599   548   18
r  97   298   199   18
r  350   147   199   18
r  397   147   199   18
r  296   347   199   18
r  195   147   199   18
r  300   147   199   18
r  246   147   199   18
r  395   344   199   18
r  250   298   199   18
r  145   97   199   18
r  499   548   199   18
r  649   698   199   18
r  550   649   199   18
r  449   548   199   18
r  598   649   199   18
r  295   199   195   18
r  345   199   147   18
r  448   199   147   18
r  150   199   147   18
r  396   199   147   18
r  349   199   147   18
r  95   199   147   18
r  446   199   147   18
r  931   980   929   18
r  2065   2017   2016   18
r  2465   2416   2414   18
r  2468   2365   2368   18
r  2419   2368   2468   18
r  1726   1677   1777   18
r  1031   929   979   18
r  782   833   733   18
r  700   649   599   18
r  648   548   599   18
r  2420   2469   2368   18
r  1876   1928   1978   18
r  749   698   548   18
r  2421   2416   2325   18
r  2075   2128   2174   18
r  793   693   795   18
r  1042   1191   893   18
r  2324   2273   2175   18
r  2225   2324   2325   18
r  2478   2379   2424   18
r  2479   2424   2325   18
r  1833   1882   1881   18
r  896   996   947   18
r  850   848   897   18
r  950   897   799   18
r  1046   897   947   18
r  1047   1049   947   18
r  998   1148   897   18
r  898   850   996   18
r  1150   947   996   18
r  1147   1099   996   18
r  2380   2383   2285   18
r  2331   2382   2432   18
r  2382   2333   2285   18
r  2481   2379   2383   18
r  1190   989   1138   18
r  1048   996   1148   18
r  1196   947   1148   18
r  1097   1049   1148   18
r  1146   996   947   18
r  1200   1348   1148   18
r  1298   1296   1148   18
r  1349   1447   1148   18
r  1245   1243   1192   18
r  1637   1688   1589   18
r  2381   2285   2432   18
r  2483   2285   2432   18
r  2385   2285   2432   18
r  2435   2484   2432   18
r  1249   1148   1447   18
r  1248   1148   1447   18
r  1398   1296   1447   18
r  1250   1148   1296   18
r  1299   1148   1348   18
r  1350   1549   1296   18
r  2387   2389   2390   18
r  2485   2387   2285   18
r  1598   1447   1649   18
r  1300   1447   1296   18
r  1499   1600   1296   18
r  1648   1699   1549   18
r  1400   1397   1549   18
r  1450   1296   1549   18
r  1449   1548   1447   18
r  1550   1649   1447   18
r  1699   1849   1998   18
r  1489   1440   1390   18
r  2488   2285   2389   18
r  2391   2342   2343   18
r  1743   1695   1643   18
r  1993   1891   1849   18
r  1999   1849   1899   18
r  1995   1849   1998   18
r  1794   1696   1998   18
r  2196   2298   2348   18
r  1894   1998   1849   18
r  2492   2343   2342   18
r  2444   2298   2343   18
r  2345   2298   2343   18
r  2296   2348   2298   18
r  2145   2045   2298   18
r  2097   2298   2299   18
r  2050   1849   2348   18
r  2146   2198   2298   18
r  2149   2197   2298   18
r  2395   2298   2448   18
r  2494   2298   2448   18
r  2445   2348   2298   18
r  2346   2348   2448   18
r  2247   2146   2348   18
r  2200   2448   2348   18
r  2497   2348   2448   18
r  2450   2448   2348   18
r  2396   2448   2348   18
r  2400   2448   2348   18
r  2499   2448   2348   18
r  2250   2299   2348   18
r  2496   2448   2298   18
r  2198   2348   2298   18
r  2500   2348   2298   18
r  2249   2348   2298   18
r  2199   2299   2298   18
r  2446   2298   2448   18
r  2350   2298   2448   18
r  1   54   155   19
r  51   155   102   19
r  2   54   102   19
r  101   54   155   19
r  53   155   102   19
r  3   102   155   19
r  152   155   54   19
r  206   155   54   19
r  201   155   54   19
r  104   53   155   19
r  6   54   155   19
r  203   155   102   19
r  151   53   102   19
r  105   54   102   19
r  304   155   102   19
r  302   604   102   19
r  353   305   102   19
r  207   308   102   19
r  154   102   103   19
r  202   102   54   19
r  57   102   155   19
r  56   251   155   19
r  355   306   155   19
r  305   102   155   19
r  208   259   308   19
r  351   653   604   19
r  110   113   112   19
r  9   113   110   19
r  308   409   360   19
r  453   552   604   19
r  209   207   113   19
r  555   653   604   19
r  504   653   604   19
r  601   604   552   19
r  452   604   552   19
r  556   706   552   19
r  501   604   552   19
r  606   557   552   19
r  451   604   552   19
r  506   604   657   19
r  705   656   653   19
r  503   552   653   19
r  557   508   604   19
r  214   163   116   19
r  362   310   411   19
r  17   116   118   19
r  168   116   115   19
r  266   166   217   19
r  68   16   117   19
r  19   117   118   19
r  265   216   116   19
r  18   115   116   19
r  1406   1354   1155   19
r  960   1062   1155   19
r  1505   1556   1155   19
r  1457   1455   1155   19
r  1309   1211   1155   19
r  1506   1504   1155   19
r  1410   1210   1155   19
r  1606   1604   1155   19
r  171   119   220   19
r  1603   1703   1752   19
r  712   859   764   19
r  1654   1603   1752   19
r  1706   1855   1806   19
r  24   129   121   19
r  1704   1755   1802   19
r  2151   2203   1802   19
r  1905   1954   1752   19
r  1952   1903   1752   19
r  2052   1802   1752   19
r  2203   2252   2303   19
r  2001   1752   1802   19
r  1755   1752   1802   19
r  1956   1905   1802   19
r  1858   1907   1802   19
r  914   764   965   19
r  78   76   179   19
r  28   179   129   19
r  126   77   129   19
r  332   281   129   19
r  328   429   129   19
r  2201   2303   2404   19
r  2153   2404   2303   19
r  2204   2456   2353   19
r  29   129   179   19
r  131   129   179   19
r  85   139   187   19
r  721   772   572   19
r  1068   967   1017   19
r  2251   2404   2353   19
r  2254   2303   2404   19
r  2304   2353   2409   19
r  2352   2404   2409   19
r  2453   2353   2404   19
r  2406   2409   2404   19
r  2451   2354   2353   19
r  2401   2353   2303   19
r  2306   2409   2303   19
r  2355   2353   2404   19
r  1367   1418   1266   19
r  86   187   140   19
r  191   240   187   19
r  623   571   723   19
r  1319   1371   1420   19
r  2405   2303   2409   19
r  2305   2303   2404   19
r  2452   2303   2353   19
r  2158   2056   2109   19
r  1811   1860   1760   19
r  531   580   681   19
r  88   187   86   19
r  89   187   86   19
r  91   140   147   19
r  675   577   626   19
r  773   824   924   19
r  1815   1868   1913   19
r  1320   1419   1371   19
r  632   533   581   19
r  142   241   199   19
r  242   393   199   19
r  193   147   199   19
r  243   142   147   19
r  2415   2417   2368   19
r  2364   2416   2368   19
r  1721   1719   1772   19
r  731   733   680   19
r  783   834   830   19
r  489   538   438   19
r  293   295   147   19
r  497   399   147   19
r  495   444   147   19
r  650   548   599   19
r  195   144   147   19
r  300   298   147   19
r  499   398   147   19
r  449   599   147   19
r  598   499   147   19
r  295   195   199   19
r  345   195   199   19
r  448   147   199   19
r  150   147   199   19
r  396   147   199   19
r  349   147   199   19
r  95   144   199   19
r  548   599   199   19
r  500   599   199   19
r  450   599   199   19
r  600   548   199   19
r  700   548   199   19
r  446   545   199   19
r  750   548   199   19
r  749   599   199   19
r  648   599   199   19
r  447   199   599   19
r  394   199   147   19
r  444   199   147   19
r  445   199   147   19
r  397   199   147   19
r  246   199   147   19
r  597   199   147   19
r  2465   2414   2416   19
r  2419   2416   2368   19
r  2267   2216   2368   19
r  784   833   882   19
r  737   686   785   19
r  685   786   785   19
r  590   492   690   19
r  550   199   599   19
r  699   599   548   19
r  1871   1822   1971   19
r  2021   1972   1920   19
r  1326   1374   1324   19
r  2370   2418   2468   19
r  697   796   845   19
r  2219   2321   2170   19
r  2320   2271   2222   19
r  2120   2168   2118   19
r  900   848   948   19
r  950   799   897   19
r  998   996   947   19
r  994   1045   996   19
r  946   995   1148   19
r  1049   1000   1148   19
r  1050   1148   996   19
r  1048   1148   996   19
r  1097   1148   996   19
r  1100   1148   1049   19
r  1047   996   1148   19
r  2275   2226   2477   19
r  2377   2325   2276   19
r  2479   2428   2424   19
r  2327   2424   2325   19
r  2277   2424   2325   19
r  1582   1531   1683   19
r  1298   1349   1447   19
r  1385   1434   1138   19
r  2429   2424   2432   19
r  2080   2078   2131   19
r  1633   1582   1734   19
r  1835   1884   1786   19
r  1287   1336   1138   19
r  1347   1148   1447   19
r  1250   1296   1349   19
r  1300   1549   1348   19
r  1299   1348   1447   19
r  1549   1649   1296   19
r  2431   2383   2285   19
r  1343   1443   1292   19
r  1548   1447   1296   19
r  1449   1447   1296   19
r  1497   1649   1296   19
r  1448   1296   1549   19
r  1598   1296   1447   19
r  1699   1998   1447   19
r  1596   1547   1447   19
r  1587   1536   1687   19
r  2381   2383   2285   19
r  2482   2431   2285   19
r  2335   2383   2386   19
r  2334   2386   2285   19
r  2385   2484   2285   19
r  2484   2285   2432   19
r  2486   2383   2432   19
r  2286   2337   2183   19
r  1341   1292   1492   19
r  1342   1394   1492   19
r  1698   1447   1998   19
r  2435   2432   2389   19
r  2483   2432   2285   19
r  2337   2389   2285   19
r  2336   2432   2389   19
r  1696   1846   1998   19
r  1999   1899   1849   19
r  1846   1849   1949   19
r  1994   1945   1998   19
r  1894   1847   1998   19
r  2489   2387   2390   19
r  1990   1939   1941   19
r  1641   1492   1543   19
r  2196   2348   2298   19
r  2097   2299   2298   19
r  2095   2196   2044   19
r  2100   2248   2348   19
r  2490   2389   2439   19
r  2391   2343   2342   19
r  2491   2342   2442   19
r  2147   2348   2448   19
r  2248   2348   2448   19
r  2299   2297   2448   19
r  2200   2348   2448   19
r  2497   2448   2348   19
r  2495   2448   2348   19
r  2397   2299   2448   19
r  2249   2448   2348   19
r  2494   2448   2298   19
r  2345   2343   2298   19
r  2350   2348   2298   19
r  2193   2244   2298   19
r  2347   2299   2448   19
r  2150   2298   2249   19
r  2492   2342   2343   19
r  2296   2298   2348   19
r  2245   2298   2348   19
r  2396   2298   2448   19
r  2250   2298   2448   19
r  2346   2298   2348   19
r  2500   2298   2348   19
r  2445   2298   2348   19
r  51   54   155   20
r  2   155   54   20
r  101   53   106   20
r  53   102   155   20
r  3   155   102   20
r  201   54   155   20
r  5   155   54   20
r  255   304   155   20
r  252   203   155   20
r  256   305   155   20
r  203   54   155   20
r  151   54   155   20
r  154   103   102   20
r  202   54   102   20
r  301   552   102   20
r  251   155   102   20
r  253   403   102   20
r  57   155   102   20
r  303   355   102   20
r  56   54   102   20
r  355   155   102   20
r  105   102   54   20
r  254   102   106   20
r  204   102   54   20
r  55   102   152   20
r  153   102   54   20
r  353   102   155   20
r  403   604   155   20
r  405   407   604   20
r  158   209   106   20
r  357   409   360   20
r  402   653   552   20
r  453   604   552   20
r  11   60   113   20
r  60   62   109   20
r  62   9   113   20
r  161   58   209   20
r  401   604   552   20
r  452   653   604   20
r  10   113   62   20
r  504   604   653   20
r  651   653   552   20
r  704   653   552   20
r  754   653   604   20
r  601   653   604   20
r  501   653   604   20
r  451   552   604   20
r  755   1155   604   20
r  702   604   653   20
r  752   604   552   20
r  655   604   552   20
r  413   362   460   20
r  756   655   1155   20
r  65   118   117   20
r  17   118   116   20
r  168   117   116   20
r  15   116   115   20
r  169   171   116   20
r  220   71   116   20
r  1357   1255   1403   20
r  1210   1310   1155   20
r  1507   1455   1155   20
r  1260   1262   1155   20
r  1604   1556   1155   20
r  1409   1508   1155   20
r  1555   1604   1155   20
r  1557   1608   1155   20
r  1556   1553   1155   20
r  1311   1362   1155   20
r  1102   1155   1203   20
r  1602   1653   1752   20
r  1411   1263   1210   20
r  1212   1163   1210   20
r  812   764   710   20
r  123   129   71   20
r  24   72   129   20
r  1655   1703   1752   20
r  861   761   764   20
r  863   911   814   20
r  1115   1167   1016   20
r  1855   1802   1752   20
r  2103   2101   1752   20
r  1955   1802   1752   20
r  2001   1802   1752   20
r  1806   1802   1752   20
r  2052   1752   1802   20
r  2101   2203   1802   20
r  2004   2006   1802   20
r  1856   1858   1802   20
r  130   181   179   20
r  80   179   330   20
r  29   179   129   20
r  131   183   129   20
r  233   184   129   20
r  283   383   129   20
r  381   480   129   20
r  376   427   425   20
r  26   129   179   20
r  1116   1067   1017   20
r  2201   2353   2303   20
r  2153   2202   2353   20
r  28   129   179   20
r  176   129   179   20
r  178   129   77   20
r  132   129   77   20
r  31   129   180   20
r  230   129   179   20
r  83   187   86   20
r  184   235   187   20
r  378   278   479   20
r  234   287   187   20
r  2303   2456   2409   20
r  2251   2303   2404   20
r  2203   1802   2353   20
r  2156   2205   2409   20
r  1068   1017   970   20
r  1711   1660   1713   20
r  86   140   187   20
r  384   435   484   20
r  137   86   140   20
r  88   86   187   20
r  89   86   187   20
r  288   341   187   20
r  533   582   681   20
r  920   969   871   20
r  2302   2453   2353   20
r  2453   2404   2353   20
r  2406   2404   2353   20
r  2451   2353   2404   20
r  2401   2404   2353   20
r  2254   2353   2303   20
r  2405   2409   2303   20
r  2305   2404   2303   20
r  2452   2404   2303   20
r  2355   2404   2353   20
r  2407   2308   2353   20
r  2456   2405   2404   20
r  1371   1422   1319   20
r  1767   1666   1718   20
r  238   187   337   20
r  192   190   147   20
r  578   629   527   20
r  584   683   681   20
r  2459   2310   2311   20
r  2410   2311   2310   20
r  2160   2264   2409   20
r  2414   2368   2409   20
r  2217   2168   2409   20
r  1621   1520   1670   20
r  193   199   147   20
r  1573   1674   1575   20
r  393   442   199   20
r  498   649   147   20
r  549   500   147   20
r  496   447   147   20
r  547   447   147   20
r  350   298   147   20
r  150   298   147   20
r  450   548   147   20
r  750   599   147   20
r  447   147   199   20
r  394   147   199   20
r  445   346   199   20
r  246   195   199   20
r  597   147   199   20
r  599   498   199   20
r  550   599   199   20
r  545   443   199   20
r  699   548   199   20
r  444   147   199   20
r  397   147   199   20
r  596   599   199   20
r  646   595   199   20
r  448   199   147   20
r  396   199   147   20
r  349   199   147   20
r  650   199   147   20
r  649   199   147   20
r  548   199   147   20
r  500   199   147   20
r  700   199   147   20
r  546   199   147   20
r  600   199   147   20
r  779   731   929   20
r  1077   1178   979   20
r  829   877   880   20
r  2465   2368   2366   20
r  2466   2468   2366   20
r  2369   2468   2420   20
r  1774   1823   1723   20
r  789   791   691   20
r  800   748   897   20
r  748   799   897   20
r  887   986   785   20
r  2270   2322   2222   20
r  1625   1573   1724   20
r  850   799   947   20
r  885   785   836   20
r  2321   2370   2270   20
r  2024   2125   2174   20
r  794   743   845   20
r  896   947   1148   20
r  899   848   948   20
r  2377   2276   2325   20
r  2327   2276   2424   20
r  2277   2425   2424   20
r  1779   1826   1777   20
r  995   1046   1148   20
r  997   995   1148   20
r  999   1148   947   20
r  1100   947   996   20
r  1099   947   996   20
r  1000   996   1049   20
r  1048   996   1148   20
r  1096   1047   1148   20
r  1150   996   947   20
r  1197   1148   947   20
r  1038   938   1036   20
r  1932   1831   2033   20
r  1387   1287   1138   20
r  2331   2333   2285   20
r  2481   2432   2285   20
r  1195   1148   1192   20
r  1348   1148   1447   20
r  1250   1349   1447   20
r  1297   1447   1348   20
r  1347   1447   1296   20
r  1244   1241   1144   20
r  2431   2480   2389   20
r  2484   2386   2285   20
r  2286   2183   2432   20
r  2436   2487   2432   20
r  2435   2389   2432   20
r  2485   2389   2432   20
r  2483   2383   2432   20
r  2487   2285   2432   20
r  2134   2132   2136   20
r  1300   1296   1447   20
r  1500   1447   1549   20
r  1449   1549   1447   20
r  1497   1549   1448   20
r  1400   1447   1296   20
r  1649   1548   1296   20
r  1498   1649   1296   20
r  1548   1296   1447   20
r  1450   1447   1499   20
r  1443   1394   1292   20
r  1341   1492   1292   20
r  1342   1492   1340   20
r  1697   1744   1998   20
r  2490   2390   2389   20
r  2238   2289   2140   20
r  2046   1849   2298   20
r  2096   2298   1849   20
r  1846   1949   1849   20
r  1995   2044   1849   20
r  2098   1849   1998   20
r  1993   1849   1998   20
r  2095   2298   1998   20
r  1843   1792   1791   20
r  2099   1998   2298   20
r  1744   1695   1643   20
r  2146   2298   2348   20
r  1793   1842   1643   20
r  2344   2393   2298   20
r  2242   2341   2293   20
r  2444   2343   2348   20
r  2345   2298   2448   20
r  2295   2348   2298   20
r  2494   2348   2343   20
r  2447   2348   2393   20
r  2195   2144   2348   20
r  2197   2298   2348   20
r  2248   2448   2348   20
r  2200   2448   2348   20
r  2497   2348   2448   20
r  2495   2348   2448   20
r  2499   2348   2448   20
r  2249   2348   2448   20
r  2150   2249   2298   20
r  2395   2348   2298   20
r  2446   2448   2298   20
r  2250   2448   2298   20
r  2500   2348   2298   20
r  2445   2348   2298   20
r  2396   2448   2298   20
r  2198   2298   2448   20
r  2247   2298   2448   20
r  2245   2348   2448   20
r  2199   2298   2348   20
r  2496   2298   2448   20
r  2300   2298   2448   20
r  2450   2298   2448   20
r  2400   2298   2448   20
r  2350   2298   2348   20
r  1   102   54   21
r  51   155   54   21
r  2   54   155   21
r  101   155   54   21
r  53   155   102   21
r  3   102   155   21
r  105   53   102   21
r  254   106   102   21
r  204   54   102   21
r  153   54   102   21
r  152   54   155   21
r  304   106   155   21
r  57   102   155   21
r  251   102   155   21
r  55   155   102   21
r  56   155   54   21
r  201   155   54   21
r  253   155   106   21
r  354   155   102   21
r  257   306   102   21
r  8   109   110   21
r  402   604   653   21
r  453   552   604   21
r  109   58   161   21
r  401   552   604   21
r  11   113   110   21
r  9   110   113   21
r  409   407   411   21
r  452   604   653   21
r  503   604   552   21
r  210   159   161   21
r  260   363   211   21
r  451   604   552   21
r  555   604   653   21
r  504   653   604   21
r  702   653   604   21
r  651   604   653   21
r  705   653   552   21
r  704   552   653   21
r  501   552   653   21
r  606   552   604   21
r  752   552   604   21
r  655   552   604   21
r  508   506   604   21
r  12   112   113   21
r  559   610   512   21
r  316   166   417   21
r  1102   1203   1155   21
r  1605   1556   1155   21
r  1160   1211   1155   21
r  1310   1161   1155   21
r  1554   1605   1155   21
r  1361   1310   1155   21
r  1459   1507   1155   21
r  1212   1160   1155   21
r  16   118   115   21
r  15   115   116   21
r  17   115   118   21
r  20   71   116   21
r  119   71   116   21
r  317   366   417   21
r  1451   1155   1403   21
r  120   71   23   21
r  518   567   516   21
r  912   764   864   21
r  1705   1757   1752   21
r  1755   1802   1752   21
r  1956   1855   1752   21
r  2052   1802   1752   21
r  2004   1802   1752   21
r  2053   1802   1752   21
r  1907   2007   1752   21
r  1855   1752   1802   21
r  1955   1752   1802   21
r  2001   1752   1802   21
r  2152   2303   1802   21
r  1908   1959   1802   21
r  1756   1707   1802   21
r  74   125   179   21
r  124   274   179   21
r  620   572   471   21
r  1116   1167   1016   21
r  2201   2303   2353   21
r  2202   2353   2404   21
r  1466   1417   1415   21
r  281   181   179   21
r  125   77   179   21
r  26   77   129   21
r  176   179   129   21
r  132   179   129   21
r  31   179   129   21
r  230   130   129   21
r  134   283   129   21
r  333   281   129   21
r  377   326   129   21
r  28   75   129   21
r  178   229   129   21
r  75   179   77   21
r  175   129   179   21
r  2251   2404   2303   21
r  2404   2353   2255   21
r  2008   2057   2109   21
r  2058   2109   2409   21
r  2352   2409   2404   21
r  2402   2303   2404   21
r  2455   2303   2404   21
r  2302   2404   2409   21
r  2407   2359   2303   21
r  2351   2303   2353   21
r  2301   2404   2353   21
r  2451   2303   2353   21
r  2254   2404   2353   21
r  2255   2355   2409   21
r  1811   1760   1860   21
r  29   129   179   21
r  231   129   179   21
r  33   187   179   21
r  126   129   179   21
r  228   129   276   21
r  432   383   483   21
r  474   574   626   21
r  872   870   1021   21
r  624   673   626   21
r  1019   967   968   21
r  1070   1018   970   21
r  1368   1469   1371   21
r  2401   2353   2404   21
r  2406   2353   2404   21
r  1371   1420   1271   21
r  86   139   140   21
r  335   485   435   21
r  188   239   140   21
r  38   87   86   21
r  88   140   86   21
r  286   237   187   21
r  2315   2263   2409   21
r  2061   2161   2112   21
r  192   243   199   21
r  2316   2368   2416   21
r  2115   2164   2016   21
r  1966   1868   2067   21
r  1770   1571   1722   21
r  242   294   147   21
r  193   142   199   21
r  2465   2366   2368   21
r  2419   2368   2416   21
r  2469   2368   2366   21
r  2470   2368   2416   21
r  2170   2118   2070   21
r  2016   2067   2116   21
r  1625   1724   1623   21
r  294   243   147   21
r  599   398   147   21
r  550   548   147   21
r  699   750   147   21
r  397   599   147   21
r  596   598   147   21
r  448   397   199   21
r  396   147   199   21
r  349   398   199   21
r  649   147   199   21
r  548   147   199   21
r  500   548   199   21
r  700   599   199   21
r  546   599   199   21
r  600   147   199   21
r  494   593   199   21
r  748   848   199   21
r  647   596   199   21
r  594   694   199   21
r  650   599   199   21
r  442   440   199   21
r  394   199   147   21
r  444   199   147   21
r  648   199   147   21
r  447   199   147   21
r  646   199   147   21
r  1028   979   980   21
r  2420   2416   2366   21
r  1676   1628   1728   21
r  597   199   648   21
r  1130   1229   1081   21
r  1874   1925   1923   21
r  1680   1729   1728   21
r  849   897   948   21
r  896   1148   996   21
r  898   996   849   21
r  900   948   1148   21
r  937   989   986   21
r  2322   2320   2325   21
r  2479   2424   2432   21
r  2125   2025   2076   21
r  793   744   845   21
r  844   846   744   21
r  1048   1148   996   21
r  1149   996   1049   21
r  1097   996   1148   21
r  998   897   996   21
r  1000   1049   947   21
r  1196   1049   947   21
r  1200   1148   947   21
r  1050   947   1148   21
r  1098   947   996   21
r  1096   947   996   21
r  2229   2430   2131   21
r  1832   1932   1933   21
r  1197   947   1148   21
r  1199   1348   1447   21
r  1198   1296   1447   21
r  1250   1348   1296   21
r  2332   2379   2432   21
r  2481   2285   2432   21
r  2482   2383   2389   21
r  2437   2285   2389   21
r  2386   2383   2389   21
r  2232   2235   2285   21
r  1300   1348   1296   21
r  1448   1549   1296   21
r  1496   1445   1549   21
r  1649   1296   1549   21
r  1599   1548   1296   21
r  1298   1148   1296   21
r  1349   1148   1447   21
r  1347   1349   1447   21
r  1500   1549   1447   21
r  1400   1296   1447   21
r  1297   1348   1447   21
r  1450   1549   1447   21
r  1435   1536   1437   21
r  2487   2432   2285   21
r  2236   2287   2285   21
r  2234   2283   2285   21
r  2489   2389   2285   21
r  1547   1447   1296   21
r  1550   1447   1296   21
r  1700   1447   1849   21
r  2490   2439   2390   21
r  2491   2442   2389   21
r  2338   2238   2390   21
r  1494   1441   1543   21
r  1638   1536   1437   21
r  2137   2086   2186   21
r  2391   2394   2343   21
r  2492   2443   2298   21
r  2049   1849   2298   21
r  1796   1849   1949   21
r  2045   1996   1998   21
r  2000   1949   1847   21
r  2096   1998   2298   21
r  2046   1998   1849   21
r  2344   2298   2448   21
r  2242   2293   2343   21
r  2444   2348   2343   21
r  2244   2393   2342   21
r  2394   2342   2298   21
r  2447   2298   2348   21
r  2141   2242   1990   21
r  1792   1841   1843   21
r  2094   2043   2092   21
r  2149   2298   2198   21
r  2146   2348   2298   21
r  2246   2243   2348   21
r  2197   2348   2298   21
r  2494   2343   2348   21
r  2445   2448   2348   21
r  2295   2343   2448   21
r  2395   2448   2348   21
r  2346   2448   2298   21
r  2247   2348   2298   21
r  2245   2297   2298   21
r  2248   2148   2448   21
r  2495   2448   2348   21
r  2249   2448   2348   21
r  2500   2448   2348   21
r  2396   2348   2448   21
r  2198   2448   2298   21
r  2199   2448   2298   21
r  2496   2348   2298   21
r  2450   2448   2298   21
r  2350   2348   2298   21
r  2300   2448   2298   21
r  2400   2448   2298   21
r  2147   2298   2348   21
r  2150   2298   2348   21
r  2499   2298   2348   21
r  2250   2298   2448   21
r  2200   2298   2448   21
r  1   54   102   22
r  51   54   155   22
r  2   155   54   22
r  101   106   155   22
r  53   102   155   22
r  3   155   102   22
r  202   102   54   22
r  204   102   54   22
r  153   102   54   22
r  305   405   102   22
r  151   102   54   22
r  353   252   102   22
r  57   6   102   22
r  55   152   155   22
r  206   102   155   22
r  5   54   155   22
r  201   54   155   22
r  253   106   155   22
r  303   102   155   22
r  355   204   155   22
r  354   102   155   22
r  257   102   155   22
r  406   256   155   22
r  255   155   54   22
r  104   155   106   22
r  203   155   54   22
r  251   155   102   22
r  404   304   102   22
r  208   159   102   22
r  351   552   653   22
r  352   552   653   22
r  402   653   604   22
r  401   604   552   22
r  59   110   10   22
r  60   109   62   22
r  111   113   60   22
r  452   552   604   22
r  503   552   604   22
r  455   604   552   22
r  506   606   604   22
r  160   158   112   22
r  504   604   653   22
r  605   552   653   22
r  601   552   653   22
r  501   653   552   22
r  451   552   604   22
r  555   552   604   22
r  651   552   604   22
r  507   657   604   22
r  804   1155   604   22
r  10   62   113   22
r  752   604   552   22
r  754   604   653   22
r  702   604   653   22
r  12   60   112   22
r  412   562   460   22
r  115   67   15   22
r  165   265   118   22
r  512   612   560   22
r  315   360   363   22
r  1401   1352   1403   22
r  1451   1403   1155   22
r  1010   962   1155   22
r  1060   960   1155   22
r  1312   1361   1155   22
r  1161   1212   1155   22
r  1461   1210   1155   22
r  1412   1361   1155   22
r  1011   1062   1155   22
r  17   116   115   22
r  66   115   118   22
r  216   316   265   22
r  318   370   116   22
r  270   122   116   22
r  72   23   116   22
r  1007   1155   1104   22
r  808   708   860   22
r  120   23   71   22
r  22   71   172   22
r  73   121   21   22
r  715   764   663   22
r  566   663   617   22
r  23   129   71   22
r  2004   2053   1802   22
r  2053   1903   1802   22
r  1855   1903   1752   22
r  2001   1802   1752   22
r  2152   1802   1752   22
r  1756   1857   1752   22
r  1908   1957   1752   22
r  1755   1752   1802   22
r  2052   1752   1802   22
r  1757   1806   1802   22
r  374   325   326   22
r  75   77   179   22
r  175   179   129   22
r  669   620   569   22
r  2201   2404   2303   22
r  2202   2404   2353   22
r  2353   2255   2404   22
r  1517   1468   1515   22
r  1715   1615   1566   22
r  79   128   77   22
r  181   230   77   22
r  280   181   179   22
r  183   179   77   22
r  80   330   179   22
r  135   187   86   22
r  233   182   179   22
r  31   180   179   22
r  231   179   129   22
r  126   179   129   22
r  29   180   129   22
r  479   380   129   22
r  226   129   179   22
r  176   129   179   22
r  132   129   179   22
r  331   129   179   22
r  1020   967   1017   22
r  2154   2353   2303   22
r  2252   2353   2404   22
r  2107   2058   2409   22
r  2305   2303   2409   22
r  2402   2404   2303   22
r  2356   2303   2404   22
r  2351   2404   2303   22
r  2304   2409   2353   22
r  2401   2404   2353   22
r  2406   2404   2353   22
r  2456   2404   2303   22
r  1764   1815   1813   22
r  329   380   381   22
r  134   129   86   22
r  284   236   187   22
r  428   529   380   22
r  2301   2353   2404   22
r  2454   2353   2255   22
r  2204   2353   2409   22
r  2306   2353   2409   22
r  2254   2353   2409   22
r  2455   2353   2303   22
r  2451   2353   2303   22
r  1619   1519   1518   22
r  186   287   238   22
r  139   39   86   22
r  39   140   86   22
r  89   187   86   22
r  2464   2368   2409   22
r  2363   2263   2409   22
r  2415   2366   2409   22
r  2110   2011   2112   22
r  237   186   286   22
r  40   86   140   22
r  41   90   147   22
r  191   291   199   22
r  337   286   187   22
r  241   338   187   22
r  385   383   434   22
r  2465   2368   2366   22
r  1125   1174   1225   22
r  292   193   147   22
r  2419   2416   2368   22
r  2319   2368   2416   22
r  2317   2368   2416   22
r  2369   2416   2366   22
r  2470   2416   2368   22
r  1624   1573   1673   22
r  1177   1179   1224   22
r  393   294   147   22
r  545   199   147   22
r  396   199   147   22
r  649   548   147   22
r  548   348   147   22
r  600   699   147   22
r  647   599   147   22
r  390   393   147   22
r  749   548   147   22
r  698   548   147   22
r  748   897   147   22
r  443   395   147   22
r  342   391   340   22
r  394   147   199   22
r  444   147   199   22
r  648   147   199   22
r  447   147   199   22
r  646   147   199   22
r  597   648   199   22
r  595   445   199   22
r  493   542   199   22
r  785   936   986   22
r  2269   2368   2366   22
r  2220   2121   2222   22
r  1777   1676   1678   22
r  2123   2174   2172   22
r  696   647   845   22
r  642   593   539   22
r  640   689   691   22
r  740   689   789   22
r  738   838   785   22
r  835   686   886   22
r  885   836   785   22
r  2272   2321   2424   22
r  1928   1827   1876   22
r  850   897   1148   22
r  693   845   644   22
r  743   746   845   22
r  1529   1580   1481   22
r  2474   2325   2376   22
r  2478   2325   2432   22
r  2323   2424   2325   22
r  2126   2026   2124   22
r  1833   1831   1932   22
r  900   897   947   22
r  948   1049   848   22
r  896   996   947   22
r  949   848   947   22
r  1136   1184   1188   22
r  2030   2032   2131   22
r  2379   2432   2285   22
r  2329   2332   2432   22
r  2480   2432   2285   22
r  1000   947   1049   22
r  1048   996   1148   22
r  1047   1148   996   22
r  998   996   1049   22
r  1150   1148   996   22
r  1050   1148   947   22
r  1099   1148   947   22
r  1098   996   947   22
r  1096   996   947   22
r  1197   1049   947   22
r  1145   1192   947   22
r  1100   1049   947   22
r  999   947   1148   22
r  1195   1192   1148   22
r  1091   940   1192   22
r  1186   1138   1235   22
r  1288   1337   1138   22
r  2380   2432   2383   22
r  2430   2432   2285   22
r  2484   2285   2389   22
r  2486   2285   2435   22
r  2485   2285   2389   22
r  2387   2285   2432   22
r  2284   2389   2432   22
r  2235   2286   2432   22
r  2481   2432   2285   22
r  2483   2432   2434   22
r  2337   2390   2389   22
r  2489   2390   2389   22
r  2437   2432   2285   22
r  2287   2186   2285   22
r  2439   2390   2285   22
r  2488   2390   2285   22
r  1497   1448   1549   22
r  1649   1549   1296   22
r  1597   1697   1296   22
r  1647   1549   1296   22
r  1547   1549   1447   22
r  1550   1296   1447   22
r  1298   1447   1398   22
r  1349   1447   1296   22
r  1400   1447   1296   22
r  1450   1447   1296   22
r  2339   2288   2390   22
r  1789   1740   1687   22
r  2040   2140   1941   22
r  2492   2343   2342   22
r  2344   2448   2298   22
r  2343   2341   2298   22
r  1645   1696   1998   22
r  2444   2343   2298   22
r  2243   2343   2342   22
r  2447   2348   2298   22
r  2296   2348   2298   22
r  2295   2448   2343   22
r  2395   2298   2343   22
r  2347   2399   2343   22
r  1796   1949   1849   22
r  2095   2044   1849   22
r  2046   1849   1998   22
r  1847   1998   1949   22
r  1995   1998   1947   22
r  2098   1998   1849   22
r  2445   2348   2448   22
r  2346   2298   2448   22
r  2245   2448   2348   22
r  2497   2448   2348   22
r  2449   2348   2500   22
r  2249   2348   2448   22
r  2196   1849   2348   22
r  2396   2448   2348   22
r  2450   2348   2448   22
r  2350   2448   2348   22
r  2149   2348   2298   22
r  2147   2448   2298   22
r  2499   2448   2298   22
r  2250   2348   2298   22
r  2200   2348   2298   22
r  2150   2348   2298   22
r  2246   2298   2448   22
r  2100   2298   2448   22
r  2146   2298   2348   22
r  2148   2298   2448   22
r  2496   2298   2348   22
r  2500   2298   2448   22
r  2300   2298   2448   22
r  2197   2298   2348   22
r  2198   2298   2348   22
r  1   102   54   23
r  51   102   54   23
r  2   102   155   23
r  53   155   102   23
r  3   102   155   23
r  204   54   102   23
r  7   102   54   23
r  302   102   54   23
r  305   102   54   23
r  252   102   54   23
r  256   102   54   23
r  151   54   102   23
r  152   203   54   23
r  354   254   102   23
r  255   54   155   23
r  306   106   155   23
r  104   106   155   23
r  203   102   155   23
r  56   54   155   23
r  251   102   155   23
r  206   155   102   23
r  202   155   102   23
r  153   155   102   23
r  5   155   54   23
r  351   604   552   23
r  108   157   161   23
r  404   604   653   23
r  402   552   653   23
r  453   653   552   23
r  401   552   604   23
r  209   113   112   23
r  9   60   112   23
r  360   411   408   23
r  410   459   359   23
r  452   653   552   23
r  59   108   112   23
r  455   653   604   23
r  704   604   552   23
r  754   552   604   23
r  753   604   653   23
r  501   552   653   23
r  705   604   653   23
r  504   653   604   23
r  702   653   604   23
r  752   653   604   23
r  601   653   552   23
r  651   653   552   23
r  507   604   552   23
r  12   112   161   23
r  508   556   557   23
r  512   510   460   23
r  804   755   1155   23
r  706   657   604   23
r  801   1155   604   23
r  363   415   263   23
r  314   213   363   23
r  64   116   118   23
r  65   117   118   23
r  66   15   115   23
r  168   115   68   23
r  17   115   116   23
r  171   70   116   23
r  269   318   116   23
r  1007   1054   1155   23
r  1211   1361   1155   23
r  808   860   1155   23
r  1111   1210   1155   23
r  1411   1210   1155   23
r  1362   1364   1155   23
r  1061   1059   1155   23
r  1460   1411   1155   23
r  1262   1210   1155   23
r  1509   1561   1155   23
r  911   1010   1155   23
r  1261   1210   1155   23
r  319   372   218   23
r  73   21   129   23
r  811   760   710   23
r  1451   1155   1403   23
r  1502   1155   1403   23
r  1562   1613   1461   23
r  367   316   516   23
r  420   520   417   23
r  617   516   615   23
r  225   276   179   23
r  232   183   179   23
r  278   327   179   23
r  26   179   77   23
r  175   124   179   23
r  126   175   179   23
r  479   379   381   23
r  226   179   129   23
r  33   179   129   23
r  176   179   129   23
r  132   179   129   23
r  331   230   129   23
r  228   276   129   23
r  184   187   129   23
r  429   329   129   23
r  1806   1857   1802   23
r  1907   1956   1802   23
r  2152   2353   1802   23
r  2005   1956   1752   23
r  2101   2152   1752   23
r  1955   2103   1752   23
r  1755   1703   1752   23
r  2052   1802   1752   23
r  2055   2156   1752   23
r  2001   1752   1802   23
r  1807   1907   1802   23
r  2104   2303   1802   23
r  1857   1758   1802   23
r  83   86   179   23
r  231   129   179   23
r  334   236   283   23
r  185   187   86   23
r  1416   1467   1317   23
r  1367   1316   1365   23
r  918   870   970   23
r  137   140   86   23
r  89   87   140   23
r  289   187   86   23
r  531   583   683   23
r  385   434   383   23
r  535   484   433   23
r  2203   2353   2409   23
r  2352   2303   2409   23
r  2404   2303   2409   23
r  41   147   199   23
r  290   390   147   23
r  141   192   147   23
r  2301   2404   2353   23
r  2356   2404   2303   23
r  2452   2303   2404   23
r  2453   2303   2404   23
r  2455   2303   2353   23
r  2451   2303   2353   23
r  2454   2303   2353   23
r  2401   2353   2404   23
r  2254   2409   2404   23
r  2402   2353   2409   23
r  2351   2353   2409   23
r  2305   2353   2303   23
r  2256   2308   2303   23
r  2157   2058   2409   23
r  1619   1668   1571   23
r  675   626   727   23
r  825   724   924   23
r  2158   2107   2409   23
r  2162   2160   2409   23
r  2214   2212   2409   23
r  2212   2062   2409   23
r  2316   2416   2409   23
r  444   395   147   23
r  447   599   147   23
r  646   599   147   23
r  597   548   147   23
r  545   496   199   23
r  396   147   199   23
r  698   147   199   23
r  544   593   199   23
r  494   199   147   23
r  394   199   147   23
r  648   199   147   23
r  595   199   147   23
r  2465   2416   2368   23
r  2317   2469   2368   23
r  2467   2368   2366   23
r  1573   1575   1525   23
r  1326   1377   1224   23
r  927   978   879   23
r  645   845   694   23
r  690   790   641   23
r  689   789   740   23
r  836   887   785   23
r  2419   2468   2366   23
r  2420   2366   2416   23
r  2469   2416   2368   23
r  2269   2366   2368   23
r  1275   1224   1223   23
r  849   950   897   23
r  643   691   845   23
r  695   793   845   23
r  2169   2069   2070   23
r  899   948   947   23
r  1976   2027   2125   23
r  1929   1881   1932   23
r  2224   2125   2325   23
r  1095   1049   996   23
r  1047   996   1148   23
r  998   1049   1148   23
r  1099   996   1148   23
r  999   1148   947   23
r  945   896   947   23
r  1097   947   996   23
r  1145   947   1148   23
r  1100   947   1148   23
r  1090   1139   1138   23
r  1284   1233   1138   23
r  2474   2376   2325   23
r  2323   2275   2424   23
r  2273   2424   2373   23
r  2179   2080   2131   23
r  2230   2131   2179   23
r  2478   2424   2285   23
r  2480   2285   2432   23
r  1783   1681   1683   23
r  1600   1549   1296   23
r  1598   1649   1296   23
r  1548   1499   1296   23
r  1298   1398   1447   23
r  1349   1549   1447   23
r  1400   1549   1447   23
r  1450   1499   1447   23
r  1347   1447   1498   23
r  1398   1447   1296   23
r  1550   1447   1296   23
r  2330   2332   2432   23
r  2481   2383   2432   23
r  2484   2389   2285   23
r  2485   2389   2285   23
r  2389   2338   2432   23
r  2388   2285   2432   23
r  2483   2434   2432   23
r  2487   2285   2432   23
r  2337   2389   2432   23
r  2183   2134   2285   23
r  1442   1292   1342   23
r  2486   2432   2285   23
r  1695   1595   1998   23
r  1593   1595   1544   23
r  2187   2135   2134   23
r  2391   2343   2298   23
r  2342   2393   2348   23
r  2492   2342   2343   23
r  1997   1949   1897   23
r  1850   1949   1798   23
r  1896   1849   1949   23
r  1847   1849   1998   23
r  1995   1849   1998   23
r  2096   2298   1998   23
r  2098   2298   1998   23
r  1894   1998   1742   23
r  2443   2343   2298   23
r  2444   2298   2343   23
r  2493   2342   2348   23
r  2097   2298   2448   23
r  2099   1849   2448   23
r  2050   2348   2448   23
r  2145   2298   2348   23
r  2146   2448   2298   23
r  2148   2348   2298   23
r  2345   2342   2343   23
r  2449   2500   2348   23
r  2196   2348   2448   23
r  2494   2348   2448   23
r  2295   2343   2448   23
r  2445   2448   2348   23
r  2247   2448   2348   23
r  2447   2393   2348   23
r  2147   2348   2448   23
r  2499   2348   2448   23
r  2250   2448   2348   23
r  2194   2343   2298   23
r  2395   2343   2298   23
r  2346   2448   2298   23
r  2246   2448   2298   23
r  2100   2348   2298   23
r  2496   2348   2298   23
r  2500   2448   2298   23
r  2300   2348   2298   23
r  2197   2148   2298   23
r  2198   2348   2298   23
r  2200   2298   2343   23
r  2446   2298   2448   23
r  2400   2298   2448   23
r  2199   2298   2448   23
r  2350   2298   2448   23
r  2249   2298   2348   23
r  2450   2298   2348   23
r  2149   2298   2348   23
r  2150   2298   2348   23
r  2092   2043   2044   23
r  1   54   102   24
r  51   155   102   24
r  2   155   102   24
r  53   102   155   24
r  3   155   102   24
r  356   408   102   24
r  6   102   54   24
r  305   54   102   24
r  151   102   54   24
r  304   102   54   24
r  253   102   54   24
r  303   403   102   24
r  355   102   54   24
r  104   102   203   24
r  206   54   155   24
r  202   54   155   24
r  153   54   155   24
r  5   54   155   24
r  352   604   155   24
r  201   155   54   24
r  255   155   54   24
r  56   155   54   24
r  7   155   102   24
r  252   155   102   24
r  256   155   102   24
r  203   155   102   24
r  251   155   102   24
r  157   109   102   24
r  351   653   604   24
r  108   61   112   24
r  402   653   552   24
r  454   604   552   24
r  452   604   653   24
r  503   604   552   24
r  505   604   552   24
r  504   604   653   24
r  556   552   653   24
r  651   604   653   24
r  706   604   653   24
r  9   112   60   24
r  705   653   604   24
r  704   653   604   24
r  501   653   552   24
r  753   653   604   24
r  657   556   604   24
r  558   657   604   24
r  11   112   109   24
r  61   107   110   24
r  10   109   110   24
r  12   161   112   24
r  410   359   309   24
r  801   604   1155   24
r  64   118   116   24
r  464   513   512   24
r  1201   1352   1252   24
r  759   757   1155   24
r  1451   1352   1155   24
r  910   963   1155   24
r  961   959   1155   24
r  1502   1454   1155   24
r  860   960   1155   24
r  1603   1802   1155   24
r  1607   1656   1155   24
r  1462   1361   1155   24
r  1510   1561   1155   24
r  1012   960   1155   24
r  1112   1114   1155   24
r  72   121   70   24
r  21   70   116   24
r  319   218   116   24
r  170   71   116   24
r  16   115   118   24
r  1053   1155   1152   24
r  1657   1608   1802   24
r  22   172   71   24
r  862   764   864   24
r  2054   2003   1752   24
r  1906   1858   1752   24
r  2001   1802   1752   24
r  1807   1802   1752   24
r  2052   1752   1802   24
r  2006   2055   1802   24
r  1958   2057   1802   24
r  2056   1956   2409   24
r  174   129   179   24
r  328   379   179   24
r  26   77   179   24
r  33   82   179   24
r  176   77   179   24
r  132   77   179   24
r  83   179   129   24
r  231   77   129   24
r  329   381   129   24
r  379   428   129   24
r  235   187   129   24
r  475   524   129   24
r  2154   2352   2409   24
r  2252   2404   2409   24
r  2251   2353   2409   24
r  226   129   179   24
r  183   129   179   24
r  279   129   179   24
r  228   129   179   24
r  525   626   527   24
r  2253   2404   2409   24
r  1811   1862   1762   24
r  1567   1669   1417   24
r  2352   2409   2303   24
r  2403   2255   2409   24
r  2354   2303   2409   24
r  2453   2404   2303   24
r  2455   2404   2303   24
r  2454   2255   2303   24
r  2402   2409   2353   24
r  2351   2409   2353   24
r  2457   2409   2353   24
r  2408   2255   2353   24
r  2456   2303   2409   24
r  2404   2409   2303   24
r  2304   2353   2409   24
r  2205   2256   2409   24
r  2401   2404   2409   24
r  2405   2353   2409   24
r  2356   2353   2409   24
r  2451   2353   2303   24
r  2207   2156   2409   24
r  2206   2109   2409   24
r  2254   2303   2409   24
r  2452   2353   2409   24
r  2364   2417   2409   24
r  2365   2368   2409   24
r  2213   2261   2409   24
r  2417   2368   2409   24
r  2163   2214   2409   24
r  39   187   147   24
r  89   140   187   24
r  287   236   187   24
r  581   681   683   24
r  238   337   187   24
r  1618   1669   1570   24
r  1022   922   971   24
r  2315   2409   2368   24
r  40   140   199   24
r  772   824   872   24
r  2419   2368   2416   24
r  2369   2420   2416   24
r  2470   2368   2416   24
r  443   392   199   24
r  595   696   199   24
r  342   340   147   24
r  343   294   147   24
r  396   296   147   24
r  698   199   147   24
r  544   542   147   24
r  442   493   147   24
r  341   290   199   24
r  1774   1723   1674   24
r  494   147   199   24
r  394   147   199   24
r  648   147   199   24
r  697   845   199   24
r  391   343   342   24
r  1326   1224   1374   24
r  1726   1728   1678   24
r  2273   2373   2424   24
r  2278   2325   2424   24
r  2176   2325   2424   24
r  2475   2424   2473   24
r  693   644   845   24
r  950   897   947   24
r  896   1049   1148   24
r  1279   1180   1328   24
r  2329   2432   2285   24
r  2281   2181   2131   24
r  1042   1091   1192   24
r  1000   1049   947   24
r  1048   1148   996   24
r  1047   1148   996   24
r  945   996   1148   24
r  1097   996   947   24
r  1100   1148   947   24
r  998   947   996   24
r  1150   947   1148   24
r  1050   947   1148   24
r  999   947   1148   24
r  1731   1830   1782   24
r  2479   2325   2285   24
r  2380   2383   2432   24
r  2480   2432   2285   24
r  2330   2432   2285   24
r  2282   2231   2285   24
r  2430   2379   2432   24
r  1186   1137   1138   24
r  1290   1241   1138   24
r  1984   2033   2035   24
r  2387   2390   2389   24
r  2487   2389   2285   24
r  2437   2285   2432   24
r  2488   2389   2432   24
r  2486   2285   2432   24
r  2336   2389   2432   24
r  2237   2286   2285   24
r  2185   2134   2285   24
r  2440   2389   2285   24
r  2233   2182   2285   24
r  1242   1190   1194   24
r  1650   1549   1296   24
r  1347   1296   1447   24
r  1398   1347   1447   24
r  1550   1296   1447   24
r  1649   1447   1549   24
r  1600   1447   1549   24
r  1648   1447   1296   24
r  1396   1447   1296   24
r  2338   2340   2389   24
r  2240   2140   2389   24
r  1343   1445   1492   24
r  1646   1694   1998   24
r  1441   1390   1292   24
r  2342   2348   2298   24
r  2443   2298   2343   24
r  2394   2298   2342   24
r  1491   1540   1390   24
r  2344   2298   2448   24
r  2292   2341   2298   24
r  2444   2343   2298   24
r  2299   2348   2342   24
r  2244   2342   2298   24
r  2296   2298   2348   24
r  2448   2298   2343   24
r  2397   2448   2343   24
r  2395   2298   2343   24
r  2346   2298   2343   24
r  2494   2298   2348   24
r  1693   1744   1998   24
r  1896   1949   1849   24
r  1946   1849   1949   24
r  2045   1994   1849   24
r  1894   1742   1998   24
r  1694   1595   1998   24
r  1846   1998   1949   24
r  2098   1998   2298   24
r  1847   1998   1849   24
r  1995   1998   1849   24
r  2345   2343   2298   24
r  2495   2348   2448   24
r  2196   2448   2348   24
r  2295   2448   2348   24
r  2445   2348   2448   24
r  2396   2348   2448   24
r  2499   2448   2348   24
r  2246   2348   2448   24
r  2500   2348   2448   24
r  2197   2348   2448   24
r  2198   2349   2348   24
r  2145   2096   2298   24
r  2200   2343   2298   24
r  2199   2448   2298   24
r  2350   2448   2298   24
r  2249   2348   2298   24
r  2450   2348   2298   24
r  2150   2198   2298   24
r  2097   2448   2298   24
r  2446   2448   2298   24
r  2400   2448   2298   24
r  2300   2298   2348   24
r  2496   2298   2348   24
r  2147   2298   2348   24
r  2146   2298   2448   24
r  2149   2198   2448   24
r  1842   1742   1793   24
r  1   102   54   25
r  51   54   155   25
r  2   102   155   25
r  53   155   102   25
r  3   102   155   25
r  254   102   54   25
r  107   102   54   25
r  253   54   102   25
r  303   102   54   25
r  355   54   102   25
r  354   102   54   25
r  206   102   54   25
r  201   54   155   25
r  56   102   155   25
r  7   102   155   25
r  256   102   155   25
r  252   102   155   25
r  104   155   102   25
r  302   155   102   25
r  6   155   102   25
r  151   155   102   25
r  304   155   102   25
r  204   155   54   25
r  305   155   54   25
r  57   155   54   25
r  202   155   54   25
r  153   155   54   25
r  5   155   54   25
r  251   102   54   25
r  301   155   54   25
r  257   155   102   25
r  158   161   102   25
r  402   604   653   25
r  453   552   653   25
r  8   110   112   25
r  454   552   604   25
r  161   113   112   25
r  401   653   552   25
r  452   552   604   25
r  503   552   604   25
r  505   653   604   25
r  652   552   701   25
r  451   604   552   25
r  504   552   604   25
r  704   552   653   25
r  601   604   653   25
r  705   604   653   25
r  752   604   653   25
r  9   113   112   25
r  110   108   161   25
r  259   257   310   25
r  11   110   112   25
r  10   110   109   25
r  61   110   161   25
r  63   114   161   25
r  507   552   604   25
r  651   653   604   25
r  655   608   552   25
r  607   604   552   25
r  606   604   552   25
r  656   756   552   25
r  411   463   363   25
r  14   114   118   25
r  757   706   1155   25
r  122   22   116   25
r  172   72   116   25
r  1053   1152   1155   25
r  1602   1802   1155   25
r  1313   1210   1155   25
r  1263   1362   1155   25
r  1558   1609   1155   25
r  1511   1559   1155   25
r  1413   1411   1155   25
r  1163   1114   1155   25
r  962   911   1155   25
r  1063   1012   1155   25
r  1114   1111   1155   25
r  1214   1314   1155   25
r  1215   1314   1155   25
r  167   116   118   25
r  19   116   68   25
r  170   116   118   25
r  811   809   862   25
r  174   179   129   25
r  1706   1806   1802   25
r  2051   1802   2002   25
r  1754   1802   1903   25
r  2055   2106   1802   25
r  1807   1908   1802   25
r  1856   1907   1752   25
r  1857   1802   1752   25
r  2052   1802   1752   25
r  282   334   179   25
r  135   86   187   25
r  333   282   179   25
r  83   85   179   25
r  226   179   129   25
r  183   77   129   25
r  279   179   129   25
r  228   277   129   25
r  382   282   129   25
r  481   381   129   25
r  1803   1752   1754   25
r  2001   1752   1802   25
r  1957   1806   1802   25
r  2201   2303   2409   25
r  2153   2303   2409   25
r  2202   2353   2409   25
r  332   129   179   25
r  378   479   179   25
r  185   86   187   25
r  2251   2303   2353   25
r  2203   2303   2353   25
r  2057   2108   2409   25
r  2155   2206   2409   25
r  1021   921   970   25
r  1420   1320   1371   25
r  41   199   147   25
r  286   238   86   25
r  39   147   187   25
r  581   683   681   25
r  385   485   433   25
r  2109   2107   2409   25
r  2301   2303   2409   25
r  2352   2303   2409   25
r  2354   2409   2303   25
r  2455   2303   2409   25
r  2457   2359   2409   25
r  2401   2303   2353   25
r  2456   2409   2303   25
r  2404   2303   2409   25
r  2408   2353   2303   25
r  2417   2468   2368   25
r  2406   2353   2409   25
r  2402   2353   2409   25
r  2351   2353   2409   25
r  2451   2303   2409   25
r  2108   2159   2409   25
r  2454   2353   2409   25
r  2265   2263   2409   25
r  2452   2409   2303   25
r  1371   1319   1419   25
r  288   187   86   25
r  290   147   199   25
r  291   140   147   25
r  1769   1718   1668   25
r  2465   2368   2416   25
r  393   147   342   25
r  493   544   147   25
r  494   545   147   25
r  394   345   147   25
r  698   147   199   25
r  594   199   147   25
r  648   199   147   25
r  697   199   147   25
r  392   343   147   25
r  783   830   785   25
r  2469   2366   2416   25
r  735   886   836   25
r  1970   2019   1919   25
r  2018   2067   2016   25
r  849   897   947   25
r  590   539   691   25
r  2022   2073   1970   25
r  900   947   897   25
r  899   947   848   25
r  950   850   996   25
r  949   947   1148   25
r  948   848   1148   25
r  793   845   744   25
r  1876   1927   1878   25
r  2377   2325   2426   25
r  2475   2473   2424   25
r  2224   2175   2424   25
r  2275   2424   2427   25
r  1048   996   1148   25
r  1047   996   1148   25
r  945   1148   996   25
r  1097   1148   996   25
r  1100   996   1148   25
r  998   996   947   25
r  1150   996   947   25
r  1050   1148   947   25
r  999   1148   947   25
r  1098   947   996   25
r  1000   947   996   25
r  1096   947   996   25
r  1099   947   996   25
r  1045   947   1148   25
r  1185   985   1138   25
r  1140   1192   1138   25
r  1386   1434   1138   25
r  1337   1386   1138   25
r  2379   2331   2432   25
r  2429   2432   2285   25
r  2076   2074   2174   25
r  2231   2183   2131   25
r  2480   2285   2432   25
r  2330   2379   2432   25
r  1347   1498   1296   25
r  1550   1548   1296   25
r  1600   1296   1447   25
r  1648   1296   1447   25
r  1546   1595   1447   25
r  1496   1447   1296   25
r  1342   1393   1492   25
r  2486   2435   2285   25
r  2438   2389   2432   25
r  2489   2389   2432   25
r  2439   2285   2432   25
r  2437   2432   2285   25
r  2388   2432   2285   25
r  2184   2233   2285   25
r  2338   2389   2285   25
r  2441   2343   2298   25
r  2291   2293   2239   25
r  2342   2298   2448   25
r  2492   2298   2448   25
r  2298   2347   2448   25
r  2443   2343   2298   25
r  2394   2343   2298   25
r  2493   2343   2298   25
r  1840   1741   1690   25
r  1946   1949   1849   25
r  1894   1849   1896   25
r  1644   1595   1998   25
r  1846   1949   1998   25
r  1847   1949   1998   25
r  2096   1998   2298   25
r  2098   2298   2348   25
r  2344   2448   2298   25
r  2444   2298   2348   25
r  2299   2342   2348   25
r  2498   2348   2343   25
r  2193   2343   2348   25
r  2049   1998   2448   25
r  2247   2348   2448   25
r  2246   2448   2348   25
r  2100   2448   2343   25
r  2500   2448   2348   25
r  2198   2348   2448   25
r  2345   2448   2348   25
r  2249   2448   2348   25
r  2450   2448   2348   25
r  2400   2348   2448   25
r  2243   2342   2298   25
r  2296   2348   2298   25
r  2395   2348   2298   25
r  2346   2348   2298   25
r  2494   2348   2298   25
r  2300   2448   2298   25
r  2496   2348   2298   25
r  2146   2448   2298   25
r  2149   2448   2298   25
r  2144   2092   2298   25
r  2295   2298   2343   25
r  2148   2298   2348   25
r  2445   2298   2348   25
r  2200   2298   2348   25
r  2396   2298   2348   25
r  2197   2298   2348   25
r  2497   2298   2448   25
r  2196   2298   2448   25
r  2499   2298   2448   25
r  2250   2298   2448   25
r  2350   2298   2448   25
r  2150   2298   2448   25
r  2446   2298   2448   25
r  1   54   102   26
r  51   155   54   26
r  2   155   102   26
r  53   102   155   26
r  3   54   102   26
r  254   54   102   26
r  107   54   102   26
r  353   102   54   26
r  253   102   54   26
r  355   102   54   26
r  354   54   102   26
r  406   306   102   26
r  206   54   102   26
r  7   54   102   26
r  252   54   102   26
r  302   102   155   26
r  204   54   155   26
r  202   102   155   26
r  153   102   155   26
r  5   102   155   26
r  203   102   155   26
r  255   102   155   26
r  106   7   54   26
r  201   155   54   26
r  6   54   106   26
r  303   155   102   26
r  56   155   102   26
r  256   155   102   26
r  251   106   102   26
r  159   161   102   26
r  151   102   103   26
r  257   102   54   26
r  352   155   604   26
r  404   102   604   26
r  405   456   653   26
r  456   604   653   26
r  58   110   112   26
r  457   508   604   26
r  401   552   653   26
r  506   657   552   26
r  9   112   61   26
r  59   112   161   26
r  11   112   60   26
r  61   112   110   26
r  63   112   12   26
r  10   109   62   26
r  507   604   653   26
r  652   701   552   26
r  451   552   604   26
r  706   655   604   26
r  601   552   604   26
r  752   552   604   26
r  702   604   653   26
r  651   552   653   26
r  501   604   653   26
r  655   552   653   26
r  755   604   653   26
r  705   653   604   26
r  606   552   604   26
r  658   656   604   26
r  753   604   552   26
r  164   112   116   26
r  14   116   117   26
r  707   756   1155   26
r  20   117   118   26
r  167   118   116   26
r  19   68   116   26
r  170   118   116   26
r  120   72   116   26
r  22   71   116   26
r  370   368   116   26
r  121   172   116   26
r  759   808   710   26
r  1508   1608   1155   26
r  1162   1062   1155   26
r  1213   1161   1155   26
r  1363   1461   1155   26
r  1609   1658   1155   26
r  1265   1216   1155   26
r  73   129   121   26
r  23   121   129   26
r  1656   1658   1802   26
r  963   864   965   26
r  469   520   420   26
r  1706   1802   1752   26
r  1707   1806   1802   26
r  2051   2002   1802   26
r  1857   2005   1802   26
r  1803   1754   1752   26
r  2006   1957   1752   26
r  2001   1903   1752   26
r  1957   1906   1752   26
r  2105   2054   1752   26
r  1858   1802   1752   26
r  1853   1802   1702   26
r  279   330   179   26
r  276   425   129   26
r  332   232   129   26
r  380   429   129   26
r  378   429   129   26
r  85   33   129   26
r  1754   1752   1802   26
r  2052   1752   1802   26
r  2201   2353   2303   26
r  2106   2058   2409   26
r  1319   1420   1371   26
r  1762   1760   1662   26
r  1368   1371   1469   26
r  327   129   179   26
r  226   129   179   26
r  330   129   179   26
r  2252   2303   2353   26
r  2203   2353   2303   26
r  2353   2404   2409   26
r  1072   1023   1021   26
r  1470   1269   1319   26
r  1811   1860   1760   26
r  188   86   137   26
r  191   199   147   26
r  289   86   187   26
r  339   239   187   26
r  238   187   86   26
r  190   187   199   26
r  90   187   86   26
r  2404   2255   2303   26
r  2352   2404   2303   26
r  2354   2405   2409   26
r  2453   2353   2409   26
r  2456   2354   2409   26
r  2418   2366   2409   26
r  2315   2368   2409   26
r  2164   2213   2409   26
r  2452   2404   2409   26
r  2455   2409   2303   26
r  1570   1621   1518   26
r  40   187   147   26
r  1963   2063   2011   26
r  772   874   871   26
r  2461   2409   2311   26
r  2167   2067   2170   26
r  2465   2366   2368   26
r  2417   2409   2319   26
r  2419   2366   2368   26
r  2063   1913   2114   26
r  148   199   144   26
r  41   187   199   26
r  648   749   199   26
r  393   199   147   26
r  698   599   147   26
r  391   340   147   26
r  779   828   879   26
r  734   783   786   26
r  645   694   199   26
r  2470   2366   2368   26
r  2469   2368   2366   26
r  1573   1724   1474   26
r  887   936   986   26
r  1277   1377   1228   26
r  897   948   1148   26
r  849   947   897   26
r  746   845   744   26
r  639   688   690   26
r  793   795   845   26
r  900   897   947   26
r  895   996   947   26
r  1778   1827   1879   26
r  2377   2426   2325   26
r  2275   2427   2424   26
r  2175   2126   2424   26
r  2074   2174   2076   26
r  2230   2179   2131   26
r  1149   1049   996   26
r  994   996   1148   26
r  1047   1148   996   26
r  1097   996   1148   26
r  998   1148   996   26
r  1098   996   947   26
r  1000   1148   947   26
r  1096   1148   947   26
r  1099   996   947   26
r  949   897   996   26
r  1095   947   1148   26
r  1050   947   1148   26
r  1334   1283   1138   26
r  2279   2379   2285   26
r  1981   1932   2131   26
r  1247   1348   1298   26
r  1980   1929   1932   26
r  1882   1933   1880   26
r  2480   2432   2285   26
r  1547   1296   1549   26
r  1398   1296   1549   26
r  1648   1549   1296   26
r  1649   1549   1447   26
r  1598   1447   1549   26
r  1600   1447   1296   26
r  1834   1786   1935   26
r  2283   2286   2432   26
r  2234   2286   2432   26
r  2437   2285   2432   26
r  2388   2484   2432   26
r  2490   2390   2432   26
r  2387   2432   2285   26
r  2439   2432   2285   26
r  1635   1735   1683   26
r  1699   1447   1998   26
r  1638   1437   1589   26
r  1937   1837   1786   26
r  2393   2391   2298   26
r  1640   1643   1589   26
r  2392   2343   2298   26
r  2342   2448   2298   26
r  2492   2448   2298   26
r  2442   2343   2298   26
r  2343   2298   2348   26
r  2394   2298   2343   26
r  2493   2298   2448   26
r  2138   2037   2087   26
r  2046   2298   1849   26
r  1894   1896   1849   26
r  1744   1849   1998   26
r  2096   1849   1998   26
r  1995   1849   1998   26
r  2049   2448   1998   26
r  2050   2448   1998   26
r  2098   2348   2298   26
r  2294   2343   2298   26
r  2297   2448   2343   26
r  2248   2348   2343   26
r  2498   2343   2348   26
r  2449   2348   2343   26
r  2099   2448   2348   26
r  2247   2448   2348   26
r  2100   2343   2348   26
r  2244   2343   2448   26
r  2199   2348   2448   26
r  2249   2348   2448   26
r  2296   2343   2348   26
r  2300   2348   2448   26
r  2444   2342   2298   26
r  2347   2343   2298   26
r  2148   2448   2298   26
r  2445   2348   2298   26
r  2396   2348   2298   26
r  2197   2348   2298   26
r  2497   2348   2298   26
r  2499   2348   2298   26
r  2250   2348   2298   26
r  2350   2348   2298   26
r  2150   2448   2298   26
r  2295   2348   2298   26
r  2200   2448   2298   26
r  2147   2348   2298   26
r  2196   2448   2298   26
r  2395   2298   2448   26
r  2346   2298   2448   26
r  2494   2298   2348   26
r  2091   1941   1990   26
r  1892   1742   1843   26
r  2193   2298   2448   26
r  2198   2298   2348   26
r  2149   2298   2448   26
r  2500   2298   2448   26
r  2495   2298   2348   26
r  2400   2298   2348   26
r  2496   2298   2348   26
r  1   102   54   27
r  51   102   155   27
r  53   155   102   27
r  3   102   54   27
r  107   102   54   27
r  206   102   54   27
r  7   102   54   27
r  252   102   54   27
r  302   54   102   27
r  202   54   102   27
r  5   54   102   27
r  255   54   102   27
r  201   102   155   27
r  57   54   155   27
r  305   54   155   27
r  6   102   155   27
r  304   102   155   27
r  104   102   155   27
r  303   102   155   27
r  56   102   155   27
r  256   54   155   27
r  251   102   155   27
r  203   155   102   27
r  151   103   102   27
r  153   155   102   27
r  253   155   102   27
r  254   155   54   27
r  157   102   54   27
r  204   155   54   27
r  257   54   102   27
r  403   155   604   27
r  456   505   604   27
r  351   552   653   27
r  402   653   604   27
r  454   653   552   27
r  506   552   653   27
r  9   61   112   27
r  59   161   112   27
r  110   161   113   27
r  211   310   112   27
r  113   61   161   27
r  11   60   112   27
r  111   60   62   27
r  63   12   112   27
r  163   112   161   27
r  60   62   161   27
r  507   606   604   27
r  452   653   552   27
r  655   604   552   27
r  505   552   653   27
r  705   604   653   27
r  606   655   653   27
r  656   556   653   27
r  753   704   653   27
r  704   653   552   27
r  504   653   552   27
r  706   653   552   27
r  702   653   604   27
r  501   653   604   27
r  607   556   604   27
r  64   117   118   27
r  464   562   460   27
r  612   610   460   27
r  65   118   117   27
r  22   121   118   27
r  267   316   116   27
r  71   171   116   27
r  73   71   116   27
r  123   71   116   27
r  24   129   116   27
r  1304   1352   1403   27
r  809   860   1155   27
r  1656   1802   1155   27
r  1062   1010   1155   27
r  1264   1363   1155   27
r  1559   1561   1155   27
r  1113   1164   1155   27
r  1315   1366   1155   27
r  1610   1561   1155   27
r  20   116   69   27
r  1501   1155   1403   27
r  1706   1757   1802   27
r  174   274   179   27
r  867   865   764   27
r  766   817   864   27
r  2104   2252   1752   27
r  1958   2007   1752   27
r  1754   1903   1752   27
r  2052   1903   1752   27
r  1853   1702   1802   27
r  1117   1217   970   27
r  1758   1707   1802   27
r  135   187   86   27
r  283   332   179   27
r  329   378   179   27
r  327   179   129   27
r  226   177   129   27
r  428   380   129   27
r  84   139   129   27
r  330   179   129   27
r  32   129   131   27
r  277   129   179   27
r  1951   1752   1853   27
r  2153   2353   2303   27
r  2008   2107   2409   27
r  381   129   383   27
r  432   331   381   27
r  2252   2353   2303   27
r  1911   1763   1860   27
r  190   199   187   27
r  90   87   199   27
r  188   140   86   27
r  239   187   86   27
r  140   191   199   27
r  436   485   385   27
r  434   483   383   27
r  527   475   626   27
r  238   86   187   27
r  625   577   627   27
r  727   827   626   27
r  288   86   187   27
r  2402   2303   2353   27
r  2059   2008   2409   27
r  2455   2353   2409   27
r  2110   2059   2409   27
r  2461   2463   2409   27
r  2266   2263   2409   27
r  2366   2468   2409   27
r  2467   2416   2409   27
r  2419   2368   2409   27
r  2254   2409   2303   27
r  1174   1274   1176   27
r  1372   1423   1374   27
r  1672   1772   1773   27
r  290   342   147   27
r  340   393   147   27
r  1868   1866   1815   27
r  2464   2409   2368   27
r  2469   2416   2368   27
r  645   744   147   27
r  342   442   199   27
r  148   146   199   27
r  393   147   199   27
r  390   341   199   27
r  391   147   199   27
r  341   199   147   27
r  441   342   147   27
r  644   646   147   27
r  800   897   947   27
r  788   688   785   27
r  987   886   785   27
r  2121   2222   2170   27
r  1279   1330   1276   27
r  746   744   845   27
r  934   785   1034   27
r  2272   2220   2325   27
r  950   996   1148   27
r  1048   1148   996   27
r  1047   996   1148   27
r  945   996   1148   27
r  998   996   1148   27
r  1000   996   1148   27
r  949   996   947   27
r  1050   996   947   27
r  1085   985   1034   27
r  2329   2285   2432   27
r  2429   2478   2432   27
r  1146   947   996   27
r  1150   947   996   27
r  999   947   1148   27
r  1338   1389   1138   27
r  2182   2082   2131   27
r  1547   1549   1296   27
r  1398   1549   1296   27
r  1546   1396   1296   27
r  1598   1296   1447   27
r  1496   1549   1447   27
r  1600   1549   1447   27
r  1092   1041   1192   27
r  2084   2135   2285   27
r  2480   2379   2432   27
r  2436   2285   2389   27
r  2488   2285   2389   27
r  2489   2285   2389   27
r  2233   2235   2432   27
r  2184   2235   2432   27
r  2387   2285   2432   27
r  2437   2432   2285   27
r  2490   2432   2285   27
r  1935   2035   1833   27
r  1395   1444   1296   27
r  1699   1549   1849   27
r  1588   1536   1687   27
r  2441   2298   2348   27
r  1635   1683   1734   27
r  1393   1292   1342   27
r  2492   2343   2448   27
r  2442   2298   2348   27
r  2343   2348   2298   27
r  2443   2342   2448   27
r  2394   2343   2298   27
r  1843   1791   1998   27
r  1995   1998   1849   27
r  2294   2298   2348   27
r  2446   2448   2298   27
r  2149   2448   2298   27
r  2345   2298   2448   27
r  2450   2298   2448   27
r  2498   2298   2343   27
r  2495   2448   2298   27
r  2099   2298   2448   27
r  2247   2298   2448   27
r  2198   2448   2298   27
r  2449   2343   2348   27
r  2199   2448   2348   27
r  2300   2298   2348   27
r  2445   2298   2348   27
r  2396   2298   2348   27
r  2197   2298   2348   27
r  2497   2448   2348   27
r  2499   2298   2348   27
r  2250   2448   2348   27
r  2395   2343   2348   27
r  2249   2448   2348   27
r  2397   2298   2448   27
r  2346   2448   2298   27
r  2350   2298   2343   27
r  2444   2348   2448   27
r  2494   2348   2298   27
r  2100   2348   2448   27
r  2097   2348   2448   27
r  2148   2348   2448   27
r  2150   2348   2448   27
r  2193   2348   2298   27
r  2500   2348   2298   27
r  2400   2348   2298   27
r  2496   2348   2298   27
r  1892   1793   1742   27
r  1   155   102   28
r  51   155   102   28
r  2   102   155   28
r  53   102   155   28
r  3   54   102   28
r  104   203   102   28
r  304   155   102   28
r  153   102   155   28
r  251   155   102   28
r  206   155   102   28
r  252   155   102   28
r  107   155   102   28
r  204   102   155   28
r  354   102   54   28
r  202   155   54   28
r  255   155   54   28
r  305   155   54   28
r  6   106   54   28
r  254   54   155   28
r  253   54   155   28
r  151   54   155   28
r  203   54   155   28
r  201   54   102   28
r  56   54   102   28
r  257   102   155   28
r  352   653   155   28
r  157   54   155   28
r  207   102   155   28
r  405   653   552   28
r  403   354   653   28
r  402   604   653   28
r  401   604   552   28
r  455   552   653   28
r  9   60   113   28
r  10   62   8   28
r  454   552   653   28
r  59   10   113   28
r  110   113   161   28
r  358   410   360   28
r  557   657   653   28
r  508   557   653   28
r  503   653   552   28
r  504   552   653   28
r  601   653   552   28
r  507   653   552   28
r  655   552   604   28
r  755   653   604   28
r  705   552   604   28
r  753   552   604   28
r  555   604   552   28
r  754   604   552   28
r  752   604   552   28
r  704   604   653   28
r  702   604   653   28
r  501   604   653   28
r  11   109   161   28
r  62   113   60   28
r  12   113   161   28
r  61   110   112   28
r  411   364   408   28
r  14   118   116   28
r  1501   1402   1155   28
r  1463   1461   1155   28
r  1512   1461   1155   28
r  1314   1363   1155   28
r  1164   1166   1155   28
r  810   910   1155   28
r  761   661   1155   28
r  117   115   215   28
r  70   68   118   28
r  20   69   116   28
r  23   129   116   28
r  1653   1802   1702   28
r  1608   1656   1802   28
r  1316   1216   1416   28
r  19   116   117   28
r  170   116   118   28
r  1757   1857   1752   28
r  1951   1802   1752   28
r  1066   1217   1017   28
r  517   568   367   28
r  2105   1752   1802   28
r  275   327   179   28
r  377   328   179   28
r  379   377   179   28
r  235   283   187   28
r  326   324   129   28
r  32   179   129   28
r  277   179   129   28
r  432   483   129   28
r  327   129   179   28
r  84   129   179   28
r  330   129   179   28
r  868   870   970   28
r  2251   2353   2303   28
r  285   334   187   28
r  185   187   86   28
r  135   129   187   28
r  2301   2353   2303   28
r  2258   2357   2303   28
r  2311   2413   2303   28
r  2402   2353   2303   28
r  2404   2303   2353   28
r  2419   2416   2368   28
r  2254   2303   2409   28
r  2111   2011   2409   28
r  2464   2416   2409   28
r  2465   2416   2409   28
r  2165   2214   2409   28
r  2317   2368   2409   28
r  2417   2319   2409   28
r  2469   2368   2409   28
r  2060   2011   2409   28
r  2268   2219   2409   28
r  2206   2409   2303   28
r  2257   2409   2303   28
r  1863   1763   1962   28
r  336   434   383   28
r  483   431   383   28
r  237   337   86   28
r  191   147   199   28
r  239   86   187   28
r  190   187   199   28
r  2318   2219   2267   28
r  1771   1722   1672   28
r  90   86   147   28
r  340   241   199   28
r  2171   2120   2220   28
r  824   826   924   28
r  1275   1223   1324   28
r  594   545   199   28
r  697   797   199   28
r  441   147   199   28
r  644   544   199   28
r  392   491   199   28
r  341   147   199   28
r  1328   1227   1178   28
r  1030   979   1132   28
r  1826   1778   1828   28
r  637   688   691   28
r  833   882   785   28
r  393   199   147   28
r  391   199   147   28
r  696   747   147   28
r  491   542   147   28
r  799   848   996   28
r  886   785   884   28
r  2126   2124   2424   28
r  1033   982   884   28
r  692   641   492   28
r  846   848   799   28
r  796   845   694   28
r  2329   2432   2285   28
r  2279   2282   2432   28
r  1926   1978   1924   28
r  1877   1928   1777   28
r  900   1148   897   28
r  898   849   1148   28
r  899   897   947   28
r  1048   996   1148   28
r  1100   1148   1049   28
r  949   1148   996   28
r  1050   1148   996   28
r  1146   1148   947   28
r  1150   996   947   28
r  999   996   947   28
r  1096   947   1148   28
r  1982   1933   2131   28
r  2280   2131   2132   28
r  1195   1198   1192   28
r  2436   2389   2285   28
r  2488   2389   2285   28
r  2387   2389   2285   28
r  2338   2390   2432   28
r  2439   2387   2432   28
r  2490   2285   2432   28
r  2437   2389   2432   28
r  2489   2432   2285   28
r  2341   2389   2285   28
r  2290   2339   2285   28
r  1885   1883   1932   28
r  1446   1448   1296   28
r  1598   1549   1296   28
r  2393   2298   2348   28
r  2342   2298   2448   28
r  2392   2298   2448   28
r  1636   1735   1734   28
r  1439   1538   1491   28
r  2442   2348   2298   28
r  2443   2448   2348   28
r  2394   2342   2348   28
r  2242   2343   2298   28
r  2297   2343   2448   28
r  2293   2298   2348   28
r  1695   1643   1849   28
r  2192   2343   2298   28
r  2349   2448   2343   28
r  2446   2298   2448   28
r  2345   2448   2298   28
r  2450   2448   2298   28
r  2099   2448   2298   28
r  2296   2298   2448   28
r  2300   2448   2298   28
r  2395   2448   2298   28
r  2294   2342   2298   28
r  2346   2343   2348   28
r  2295   2343   2348   28
r  2248   2448   2348   28
r  2494   2298   2348   28
r  2148   2448   2348   28
r  2150   2298   2348   28
r  2147   2448   2348   28
r  2400   2448   2348   28
r  2496   2448   2348   28
r  2397   2448   2298   28
r  2498   2348   2298   28
r  2350   2448   2298   28
r  2050   1998   1849   28
r  2195   2348   2448   28
r  2199   2348   2448   28
r  2249   2348   2448   28
r  2497   2348   2448   28
r  2200   2348   2448   28
r  2198   2348   2448   28
r  2495   2348   2448   28
r  2247   2348   2298   28
r  2445   2348   2298   28
r  2396   2348   2298   28
r  2499   2348   2298   28
r  2197   2348   2298   28
r  2049   2298   1849   28
r  1995   1849   1998   28
r  1743   1643   1998   28
r  1793   1643   1998   28
r  1   54   155   29
r  51   102   155   29
r  2   54   102   29
r  53   155   102   29
r  3   102   54   29
r  301   54   155   29
r  57   155   54   29
r  305   54   155   29
r  406   155   54   29
r  253   155   54   29
r  302   155   54   29
r  5   155   54   29
r  151   155   54   29
r  107   54   155   29
r  201   155   54   29
r  304   54   155   29
r  153   54   102   29
r  7   54   102   29
r  204   54   102   29
r  6   54   102   29
r  157   155   102   29
r  207   155   102   29
r  303   54   102   29
r  306   102   54   29
r  256   102   54   29
r  203   102   54   29
r  254   102   54   29
r  251   102   155   29
r  206   102   155   29
r  252   102   155   29
r  202   102   155   29
r  255   102   155   29
r  8   108   155   29
r  351   604   552   29
r  405   552   653   29
r  352   155   653   29
r  403   604   552   29
r  9   112   161   29
r  10   113   161   29
r  401   552   604   29
r  402   552   604   29
r  62   60   161   29
r  451   604   552   29
r  754   552   604   29
r  556   604   552   29
r  557   604   552   29
r  704   552   604   29
r  504   604   552   29
r  452   604   653   29
r  503   604   653   29
r  706   604   653   29
r  601   604   653   29
r  607   604   653   29
r  801   803   653   29
r  702   653   604   29
r  501   653   604   29
r  555   653   604   29
r  752   653   604   29
r  651   653   552   29
r  655   653   552   29
r  411   363   360   29
r  755   706   1155   29
r  805   906   604   29
r  265   214   118   29
r  22   118   71   29
r  19   118   116   29
r  170   121   116   29
r  1608   1802   1155   29
r  1560   1562   1155   29
r  1414   1514   1155   29
r  1659   1610   1155   29
r  1611   1659   1155   29
r  221   173   129   29
r  222   274   372   29
r  23   116   121   29
r  274   325   129   29
r  373   371   324   29
r  224   129   179   29
r  1951   1853   1802   29
r  1416   1367   1515   29
r  617   615   516   29
r  184   84   179   29
r  374   326   129   29
r  327   228   129   29
r  330   231   129   29
r  425   476   129   29
r  134   86   129   29
r  480   529   129   29
r  380   129   179   29
r  277   129   179   29
r  2007   2152   2409   29
r  1018   1020   918   29
r  185   86   187   29
r  1962   1913   1860   29
r  238   187   86   29
r  38   86   87   29
r  39   86   199   29
r  140   192   147   29
r  2357   2303   2353   29
r  2358   2257   2303   29
r  2308   2359   2303   29
r  2206   2303   2409   29
r  2257   2255   2409   29
r  2416   2365   2409   29
r  2267   2265   2409   29
r  2215   2315   2409   29
r  2468   2416   2409   29
r  2367   2319   2409   29
r  2466   2366   2409   29
r  2369   2416   2409   29
r  2370   2468   2409   29
r  2254   2409   2303   29
r  2451   2409   2303   29
r  2309   2409   2303   29
r  2062   2011   2114   29
r  1472   1371   1470   29
r  1915   1966   1815   29
r  291   147   199   29
r  2168   2170   2070   29
r  2063   2012   2112   29
r  823   874   924   29
r  93   147   144   29
r  441   392   147   29
r  393   342   199   29
r  391   342   199   29
r  440   539   199   29
r  746   795   199   29
r  341   199   147   29
r  775   675   773   29
r  1030   1130   979   29
r  1970   1919   2019   29
r  747   796   897   29
r  798   849   947   29
r  796   793   693   29
r  931   879   882   29
r  886   884   785   29
r  2221   2270   2170   29
r  2176   2278   2325   29
r  2475   2325   2327   29
r  2326   2424   2425   29
r  542   490   691   29
r  848   950   947   29
r  849   897   1148   29
r  797   897   1148   29
r  743   796   694   29
r  1730   1678   1728   29
r  689   691   640   29
r  899   947   1148   29
r  1196   1148   996   29
r  1097   1148   996   29
r  1100   1049   1148   29
r  998   1148   996   29
r  1000   1148   996   29
r  1146   996   1148   29
r  1150   1148   996   29
r  999   1148   996   29
r  1096   1148   947   29
r  1050   947   1148   29
r  1047   947   996   29
r  1145   1148   996   29
r  1184   1232   1138   29
r  1481   1430   1479   29
r  1200   947   1296   29
r  1237   1138   1186   29
r  2182   2131   2230   29
r  2183   2285   2432   29
r  2489   2389   2432   29
r  2236   2284   2432   29
r  2490   2432   2285   29
r  2289   2390   2285   29
r  2288   2340   2285   29
r  2136   2185   2285   29
r  2393   2348   2298   29
r  2342   2344   2298   29
r  1885   1833   1785   29
r  1448   1297   1349   29
r  1396   1596   1447   29
r  1341   1292   1492   29
r  2492   2298   2348   29
r  2442   2298   2348   29
r  2443   2298   2448   29
r  2493   2348   2298   29
r  2344   2298   2348   29
r  1636   1734   1684   29
r  1646   1695   1849   29
r  2349   2343   2448   29
r  2146   2298   2448   29
r  2246   2298   2448   29
r  2296   2448   2298   29
r  2395   2298   2448   29
r  2293   2342   2298   29
r  2150   2448   2298   29
r  2496   2298   2448   29
r  2350   2298   2348   29
r  2444   2448   2348   29
r  2195   2298   2348   29
r  2249   2448   2348   29
r  2200   2448   2348   29
r  2198   2298   2348   29
r  2500   2298   2348   29
r  2495   2298   2348   29
r  2247   2298   2348   29
r  2396   2448   2348   29
r  2499   2298   2348   29
r  2197   2298   2348   29
r  2498   2298   2348   29
r  2397   2343   2448   29
r  2248   2348   2448   29
r  2399   2348   2343   29
r  2494   2348   2298   29
r  2148   2348   2448   29
r  2250   2348   2448   29
r  2295   2348   2448   29
r  2400   2348   2448   29
r  2346   2348   2448   29
r  2300   2348   2448   29
r  2446   2348   2298   29
r  2243   2298   2448   29
r  1645   1998   1849   29
r  1995   1947   1849   29
r  1   102   54   30
r  51   155   102   30
r  2   102   54   30
r  3   155   102   30
r  306   54   102   30
r  7   102   54   30
r  256   54   102   30
r  203   54   102   30
r  153   102   54   30
r  254   54   102   30
r  204   102   54   30
r  304   102   54   30
r  252   54   102   30
r  107   102   54   30
r  202   54   102   30
r  305   102   54   30
r  53   51   155   30
r  57   54   155   30
r  253   102   155   30
r  302   102   155   30
r  5   102   155   30
r  151   54   155   30
r  157   102   155   30
r  406   54   155   30
r  352   604   155   30
r  251   155   102   30
r  355   155   102   30
r  206   155   102   30
r  354   155   102   30
r  255   155   102   30
r  301   155   54   30
r  356   155   54   30
r  158   102   54   30
r  56   155   54   30
r  6   155   54   30
r  258   159   102   30
r  58   159   161   30
r  9   161   112   30
r  351   552   604   30
r  402   653   552   30
r  453   653   552   30
r  12   161   110   30
r  506   604   552   30
r  401   653   552   30
r  452   653   604   30
r  451   552   604   30
r  605   556   552   30
r  504   552   604   30
r  503   552   604   30
r  706   552   604   30
r  601   552   604   30
r  702   552   653   30
r  501   604   653   30
r  555   604   653   30
r  752   604   653   30
r  651   552   653   30
r  655   604   653   30
r  657   508   653   30
r  558   607   653   30
r  658   606   653   30
r  454   653   552   30
r  556   653   604   30
r  14   117   114   30
r  707   807   604   30
r  608   561   604   30
r  708   860   1155   30
r  411   408   460   30
r  169   270   118   30
r  71   173   118   30
r  19   117   118   30
r  368   417   116   30
r  23   71   116   30
r  1207   1158   1210   30
r  709   758   1155   30
r  760   809   1155   30
r  1561   1512   1155   30
r  1364   1415   1155   30
r  1660   1611   1155   30
r  1513   1559   1155   30
r  1464   1515   1155   30
r  1065   1114   1155   30
r  1563   1612   1155   30
r  120   116   118   30
r  1657   1802   1752   30
r  1115   1217   1064   30
r  1707   1802   1752   30
r  1415   1316   1464   30
r  274   225   179   30
r  324   272   129   30
r  224   179   129   30
r  2051   1802   2409   30
r  1858   1752   1802   30
r  276   327   179   30
r  277   328   129   30
r  431   480   129   30
r  380   378   129   30
r  32   129   179   30
r  326   129   179   30
r  969   967   1018   30
r  1068   970   1017   30
r  236   285   86   30
r  2404   2353   2303   30
r  2254   2404   2409   30
r  2451   2404   2409   30
r  2309   2311   2409   30
r  2368   2416   2409   30
r  2061   2110   2409   30
r  2319   2366   2409   30
r  2318   2267   2409   30
r  2470   2368   2409   30
r  287   187   86   30
r  384   484   435   30
r  238   86   187   30
r  38   187   86   30
r  582   683   633   30
r  583   681   581   30
r  720   571   621   30
r  2307   2409   2303   30
r  2460   2409   2303   30
r  2011   1962   2062   30
r  1820   1723   1722   30
r  585   534   681   30
r  678   676   675   30
r  191   187   147   30
r  291   199   147   30
r  2065   2016   2017   30
r  1724   1773   1722   30
r  341   147   199   30
r  93   144   147   30
r  491   540   199   30
r  685   785   786   30
r  2476   2325   2323   30
r  2475   2327   2325   30
r  2326   2275   2424   30
r  2227   2278   2325   30
r  1227   1378   1328   30
r  799   897   947   30
r  796   694   845   30
r  981   979   1029   30
r  848   947   1148   30
r  849   948   947   30
r  846   799   947   30
r  2081   2130   2179   30
r  1729   1778   1777   30
r  898   900   947   30
r  899   1148   947   30
r  1097   996   1148   30
r  1000   996   1148   30
r  1150   996   1148   30
r  1095   996   947   30
r  1050   1148   947   30
r  1047   996   947   30
r  1096   947   1148   30
r  949   947   1148   30
r  1196   947   1148   30
r  998   947   1148   30
r  999   947   1148   30
r  994   947   996   30
r  945   947   996   30
r  842   793   893   30
r  890   841   892   30
r  1135   1084   1138   30
r  1088   1037   1136   30
r  1085   1134   1138   30
r  2288   2389   2432   30
r  2289   2389   2432   30
r  2491   2389   2432   30
r  2183   2432   2285   30
r  2339   2390   2285   30
r  2336   2432   2389   30
r  1481   1479   1430   30
r  942   891   940   30
r  1237   1136   1138   30
r  1389   1440   1138   30
r  1388   1437   1138   30
r  2441   2342   2298   30
r  2492   2448   2298   30
r  2393   2493   2448   30
r  2342   2298   2348   30
r  1041   1191   1192   30
r  1291   1492   1342   30
r  1488   1491   1388   30
r  2442   2348   2448   30
r  2493   2448   2348   30
r  2343   2298   2348   30
r  2443   2448   2298   30
r  2394   2298   2448   30
r  2344   2348   2298   30
r  1534   1483   1433   30
r  1341   1492   1292   30
r  1442   1342   1292   30
r  2191   2038   2298   30
r  2245   2298   2448   30
r  2149   2298   2448   30
r  2196   2298   2448   30
r  2099   2298   2448   30
r  2296   2298   2448   30
r  2294   2298   2448   30
r  2150   2298   2448   30
r  2444   2298   2448   30
r  2195   2448   2298   30
r  2249   2298   2448   30
r  2200   2298   2448   30
r  2198   2448   2298   30
r  2495   2448   2298   30
r  2247   2448   2298   30
r  2396   2298   2448   30
r  2499   2448   2298   30
r  2498   2343   2298   30
r  2399   2343   2348   30
r  2494   2298   2348   30
r  2244   2448   2348   30
r  2199   2448   2348   30
r  2148   2448   2348   30
r  2497   2298   2348   30
r  2250   2298   2348   30
r  2295   2448   2348   30
r  2400   2448   2348   30
r  2346   2448   2348   30
r  2300   2298   2348   30
r  2445   2298   2348   30
r  2446   2448   2348   30
r  2248   2448   2348   30
r  2097   2298   2348   30
r  2192   2140   2348   30
r  2147   2348   2448   30
r  2450   2348   2448   30
r  2146   2348   2298   30
r  2246   2348   2298   30
r  2496   2348   2298   30
r  2350   2348   2298   30
r  2500   2348   2298   30
r  2197   2348   2298   30
r  2395   2348   2298   30
r  2098   2298   2448   30
r  1838   1786   1887   30
r  1743   1998   1849   30
r  1645   1694   1998   30
r  1694   1643   1849   30
r  1744   1643   1849   30
r  1943   1793   1998   30
