c  1   -1   52   1
c  1   -1   53   1
c  51   -1   102   1
c  2   -1   51   1
c  2   -1   102   1
c  52   -1   103   1
c  53   -1   104   1
c  101   -1   103   1
c  101   -1   52   1
c  151   -1   51   1
c  151   -1   52   1
c  102   -1   104   1
c  3   -1   52   1
c  3   -1   102   1
c  103   -1   203   1
c  54   -1   103   1
c  54   -1   252   1
c  4   -1   53   1
c  4   -1   104   1
c  55   -1   53   1
c  55   -1   3   1
c  104   -1   155   1
c  104   -1   153   1
c  201   -1   152   1
c  201   -1   203   1
c  152   -1   253   1
c  152   -1   303   1
c  153   -1   202   1
c  153   -1   253   1
c  203   -1   252   1
c  203   -1   152   1
c  155   -1   54   1
c  208   -1   107   1
c  208   -1   54   1
c  252   -1   303   1
c  252   -1   204   1
c  5   -1   56   1
c  5   -1   207   1
c  105   -1   56   1
c  105   -1   204   1
c  56   -1   58   1
c  6   -1   8   1
c  6   -1   55   1
c  156   -1   55   1
c  154   -1   156   1
c  154   -1   105   1
c  204   -1   104   1
c  204   -1   153   1
c  251   -1   302   1
c  251   -1   351   1
c  202   -1   302   1
c  202   -1   251   1
c  302   -1   201   1
c  253   -1   202   1
c  303   -1   352   1
c  303   -1   403   1
c  205   -1   256   1
c  205   -1   254   1
c  158   -1   308   1
c  158   -1   307   1
c  207   -1   108   1
c  207   -1   109   1
c  258   -1   207   1
c  258   -1   307   1
c  209   -1   260   1
c  209   -1   161   1
c  257   -1   208   1
c  257   -1   157   1
c  308   -1   208   1
c  308   -1   207   1
c  259   -1   208   1
c  259   -1   310   1
c  107   -1   56   1
c  107   -1   156   1
c  301   -1   252   1
c  301   -1   253   1
c  106   -1   58   1
c  57   -1   106   1
c  57   -1   154   1
c  7   -1   56   1
c  7   -1   9   1
c  8   -1   57   1
c  8   -1   56   1
c  110   -1   61   1
c  110   -1   56   1
c  58   -1   7   1
c  58   -1   6   1
c  9   -1   6   1
c  206   -1   255   1
c  206   -1   306   1
c  157   -1   58   1
c  256   -1   207   1
c  256   -1   156   1
c  255   -1   156   1
c  254   -1   303   1
c  351   -1   302   1
c  351   -1   402   1
c  352   -1   401   1
c  402   -1   302   1
c  353   -1   402   1
c  353   -1   302   1
c  304   -1   353   1
c  304   -1   306   1
c  403   -1   351   1
c  108   -1   106   1
c  108   -1   157   1
c  159   -1   110   1
c  159   -1   61   1
c  307   -1   356   1
c  307   -1   407   1
c  109   -1   60   1
c  109   -1   111   1
c  358   -1   407   1
c  358   -1   258   1
c  210   -1   212   1
c  210   -1   110   1
c  160   -1   211   1
c  160   -1   209   1
c  260   -1   309   1
c  161   -1   61   1
c  306   -1   257   1
c  306   -1   255   1
c  309   -1   261   1
c  309   -1   211   1
c  310   -1   359   1
c  310   -1   308   1
c  261   -1   259   1
c  261   -1   210   1
c  59   -1   8   1
c  60   -1   111   1
c  60   -1   11   1
c  111   -1   162   1
c  111   -1   212   1
c  61   -1   10   1
c  61   -1   12   1
c  10   -1   59   1
c  10   -1   109   1
c  305   -1   354   1
c  305   -1   404   1
c  354   -1   255   1
c  401   -1   452   1
c  401   -1   403   1
c  452   -1   403   1
c  452   -1   454   1
c  451   -1   402   1
c  451   -1   502   1
c  503   -1   505   1
c  503   -1   402   1
c  404   -1   353   1
c  404   -1   356   1
c  453   -1   504   1
c  453   -1   502   1
c  357   -1   306   1
c  357   -1   305   1
c  356   -1   405   1
c  356   -1   455   1
c  407   -1   409   1
c  407   -1   356   1
c  408   -1   459   1
c  408   -1   359   1
c  359   -1   410   1
c  359   -1   460   1
c  457   -1   357   1
c  457   -1   358   1
c  211   -1   262   1
c  211   -1   263   1
c  212   -1   263   1
c  212   -1   163   1
c  113   -1   211   1
c  113   -1   160   1
c  312   -1   310   1
c  312   -1   160   1
c  162   -1   213   1
c  162   -1   164   1
c  112   -1   161   1
c  112   -1   163   1
c  262   -1   161   1
c  355   -1   306   1
c  355   -1   406   1
c  360   -1   309   1
c  360   -1   313   1
c  361   -1   261   1
c  361   -1   309   1
c  311   -1   411   1
c  311   -1   412   1
c  12   -1   10   1
c  12   -1   60   1
c  11   -1   62   1
c  11   -1   63   1
c  62   -1   111   1
c  455   -1   506   1
c  455   -1   354   1
c  502   -1   553   1
c  502   -1   602   1
c  454   -1   505   1
c  454   -1   503   1
c  501   -1   601   1
c  501   -1   651   1
c  553   -1   602   1
c  553   -1   505   1
c  504   -1   604   1
c  604   -1   553   1
c  604   -1   503   1
c  603   -1   652   1
c  603   -1   503   1
c  506   -1   504   1
c  506   -1   503   1
c  656   -1   705   1
c  656   -1   503   1
c  505   -1   606   1
c  405   -1   456   1
c  405   -1   506   1
c  406   -1   455   1
c  406   -1   454   1
c  409   -1   509   1
c  458   -1   409   1
c  458   -1   509   1
c  460   -1   409   1
c  460   -1   408   1
c  608   -1   458   1
c  608   -1   408   1
c  459   -1   359   1
c  410   -1   459   1
c  410   -1   461   1
c  456   -1   505   1
c  456   -1   556   1
c  507   -1   510   1
c  507   -1   560   1
c  556   -1   507   1
c  556   -1   457   1
c  263   -1   214   1
c  213   -1   164   1
c  213   -1   165   1
c  163   -1   214   1
c  163   -1   165   1
c  63   -1   12   1
c  63   -1   213   1
c  114   -1   14   1
c  114   -1   13   1
c  214   -1   113   1
c  215   -1   217   1
c  215   -1   113   1
c  362   -1   313   1
c  313   -1   262   1
c  313   -1   213   1
c  164   -1   166   1
c  164   -1   264   1
c  411   -1   360   1
c  412   -1   361   1
c  412   -1   363   1
c  413   -1   362   1
c  413   -1   361   1
c  13   -1   64   1
c  13   -1   62   1
c  14   -1   12   1
c  14   -1   16   1
c  552   -1   603   1
c  552   -1   604   1
c  551   -1   553   1
c  551   -1   602   1
c  601   -1   652   1
c  601   -1   701   1
c  651   -1   702   1
c  651   -1   602   1
c  554   -1   603   1
c  554   -1   605   1
c  652   -1   553   1
c  654   -1   603   1
c  654   -1   755   1
c  605   -1   603   1
c  605   -1   505   1
c  653   -1   604   1
c  653   -1   554   1
c  606   -1   604   1
c  606   -1   554   1
c  655   -1   603   1
c  655   -1   652   1
c  706   -1   757   1
c  706   -1   655   1
c  657   -1   659   1
c  657   -1   608   1
c  555   -1   606   1
c  555   -1   656   1
c  658   -1   707   1
c  658   -1   656   1
c  705   -1   805   1
c  509   -1   558   1
c  509   -1   560   1
c  508   -1   557   1
c  508   -1   607   1
c  510   -1   561   1
c  510   -1   559   1
c  461   -1   459   1
c  560   -1   460   1
c  560   -1   511   1
c  511   -1   460   1
c  511   -1   410   1
c  558   -1   609   1
c  558   -1   610   1
c  607   -1   558   1
c  607   -1   507   1
c  609   -1   560   1
c  609   -1   561   1
c  559   -1   508   1
c  559   -1   608   1
c  557   -1   509   1
c  264   -1   313   1
c  264   -1   215   1
c  165   -1   216   1
c  165   -1   217   1
c  64   -1   66   1
c  64   -1   116   1
c  115   -1   66   1
c  115   -1   16   1
c  65   -1   116   1
c  65   -1   114   1
c  364   -1   464   1
c  364   -1   214   1
c  266   -1   264   1
c  266   -1   214   1
c  265   -1   316   1
c  265   -1   366   1
c  216   -1   116   1
c  117   -1   215   1
c  117   -1   265   1
c  217   -1   118   1
c  217   -1   119   1
c  363   -1   314   1
c  363   -1   414   1
c  314   -1   265   1
c  314   -1   362   1
c  166   -1   115   1
c  166   -1   65   1
c  462   -1   411   1
c  462   -1   413   1
c  463   -1   512   1
c  463   -1   563   1
c  414   -1   365   1
c  414   -1   465   1
c  15   -1   13   1
c  15   -1   66   1
c  16   -1   65   1
c  702   -1   601   1
c  701   -1   652   1
c  752   -1   652   1
c  752   -1   701   1
c  704   -1   755   1
c  704   -1   655   1
c  754   -1   654   1
c  754   -1   954   1
c  755   -1   757   1
c  755   -1   706   1
c  703   -1   754   1
c  703   -1   752   1
c  707   -1   655   1
c  707   -1   555   1
c  756   -1   754   1
c  756   -1   856   1
c  858   -1   706   1
c  757   -1   806   1
c  709   -1   658   1
c  709   -1   657   1
c  659   -1   708   1
c  659   -1   759   1
c  708   -1   808   1
c  708   -1   856   1
c  660   -1   711   1
c  660   -1   658   1
c  805   -1   756   1
c  805   -1   754   1
c  512   -1   461   1
c  512   -1   510   1
c  561   -1   661   1
c  561   -1   610   1
c  610   -1   612   1
c  610   -1   662   1
c  612   -1   563   1
c  612   -1   511   1
c  66   -1   117   1
c  67   -1   116   1
c  67   -1   115   1
c  17   -1   66   1
c  17   -1   65   1
c  365   -1   265   1
c  415   -1   466   1
c  415   -1   364   1
c  464   -1   515   1
c  464   -1   564   1
c  316   -1   365   1
c  316   -1   367   1
c  267   -1   417   1
c  267   -1   416   1
c  315   -1   266   1
c  315   -1   366   1
c  218   -1   267   1
c  218   -1   266   1
c  318   -1   267   1
c  318   -1   266   1
c  366   -1   417   1
c  366   -1   415   1
c  167   -1   216   1
c  167   -1   116   1
c  118   -1   219   1
c  168   -1   117   1
c  168   -1   219   1
c  268   -1   217   1
c  268   -1   319   1
c  119   -1   67   1
c  119   -1   66   1
c  563   -1   462   1
c  513   -1   464   1
c  513   -1   465   1
c  465   -1   517   1
c  751   -1   802   1
c  751   -1   852   1
c  804   -1   753   1
c  804   -1   701   1
c  802   -1   753   1
c  802   -1   804   1
c  753   -1   855   1
c  753   -1   856   1
c  803   -1   752   1
c  803   -1   703   1
c  954   -1   854   1
c  954   -1   1003   1
c  806   -1   804   1
c  806   -1   855   1
c  807   -1   756   1
c  807   -1   758   1
c  856   -1   807   1
c  856   -1   905   1
c  808   -1   757   1
c  808   -1   856   1
c  857   -1   859   1
c  857   -1   908   1
c  908   -1   957   1
c  908   -1   1008   1
c  859   -1   808   1
c  859   -1   810   1
c  758   -1   809   1
c  758   -1   858   1
c  907   -1   858   1
c  907   -1   959   1
c  809   -1   858   1
c  759   -1   810   1
c  759   -1   808   1
c  710   -1   759   1
c  710   -1   612   1
c  760   -1   709   1
c  760   -1   811   1
c  661   -1   710   1
c  661   -1   709   1
c  810   -1   709   1
c  761   -1   710   1
c  761   -1   709   1
c  662   -1   611   1
c  662   -1   709   1
c  711   -1   662   1
c  711   -1   713   1
c  855   -1   906   1
c  562   -1   613   1
c  562   -1   564   1
c  611   -1   711   1
c  611   -1   710   1
c  613   -1   564   1
c  613   -1   515   1
c  663   -1   661   1
c  663   -1   612   1
c  68   -1   119   1
c  18   -1   69   1
c  18   -1   20   1
c  317   -1   366   1
c  317   -1   365   1
c  416   -1   316   1
c  416   -1   418   1
c  466   -1   515   1
c  466   -1   517   1
c  514   -1   563   1
c  514   -1   516   1
c  565   -1   617   1
c  565   -1   464   1
c  517   -1   417   1
c  517   -1   464   1
c  515   -1   566   1
c  564   -1   615   1
c  564   -1   664   1
c  367   -1   416   1
c  367   -1   418   1
c  417   -1   318   1
c  417   -1   269   1
c  219   -1   119   1
c  368   -1   370   1
c  368   -1   270   1
c  319   -1   368   1
c  69   -1   169   1
c  69   -1   118   1
c  71   -1   69   1
c  71   -1   118   1
c  169   -1   120   1
c  169   -1   220   1
c  269   -1   369   1
c  269   -1   419   1
c  120   -1   220   1
c  120   -1   219   1
c  566   -1   465   1
c  801   -1   803   1
c  801   -1   804   1
c  852   -1   803   1
c  852   -1   854   1
c  854   -1   803   1
c  854   -1   953   1
c  851   -1   802   1
c  851   -1   902   1
c  853   -1   802   1
c  853   -1   902   1
c  904   -1   953   1
c  904   -1   802   1
c  953   -1   1004   1
c  953   -1   1053   1
c  1004   -1   1055   1
c  1004   -1   1056   1
c  955   -1   1006   1
c  955   -1   907   1
c  905   -1   954   1
c  905   -1   907   1
c  1003   -1   951   1
c  1003   -1   902   1
c  906   -1   908   1
c  906   -1   957   1
c  958   -1   907   1
c  909   -1   958   1
c  909   -1   957   1
c  957   -1   1006   1
c  957   -1   1008   1
c  1008   -1   1059   1
c  1008   -1   1055   1
c  860   -1   760   1
c  860   -1   809   1
c  910   -1   859   1
c  910   -1   864   1
c  1007   -1   907   1
c  1007   -1   1056   1
c  959   -1   910   1
c  959   -1   1010   1
c  811   -1   862   1
c  811   -1   912   1
c  712   -1   761   1
c  712   -1   661   1
c  762   -1   662   1
c  715   -1   664   1
c  715   -1   662   1
c  713   -1   762   1
c  713   -1   813   1
c  614   -1   665   1
c  614   -1   562   1
c  664   -1   713   1
c  664   -1   613   1
c  665   -1   613   1
c  714   -1   814   1
c  714   -1   663   1
c  19   -1   68   1
c  19   -1   120   1
c  20   -1   71   1
c  20   -1   123   1
c  467   -1   416   1
c  467   -1   367   1
c  418   -1   420   1
c  418   -1   518   1
c  516   -1   616   1
c  516   -1   617   1
c  615   -1   664   1
c  617   -1   668   1
c  617   -1   666   1
c  567   -1   569   1
c  567   -1   618   1
c  518   -1   569   1
c  518   -1   618   1
c  568   -1   517   1
c  568   -1   519   1
c  220   -1   269   1
c  270   -1   319   1
c  270   -1   219   1
c  369   -1   420   1
c  369   -1   321   1
c  419   -1   368   1
c  419   -1   518   1
c  370   -1   270   1
c  370   -1   269   1
c  320   -1   22   1
c  320   -1   72   1
c  468   -1   568   1
c  468   -1   319   1
c  70   -1   170   1
c  70   -1   169   1
c  22   -1   73   1
c  22   -1   69   1
c  21   -1   23   1
c  21   -1   72   1
c  121   -1   124   1
c  121   -1   174   1
c  72   -1   24   1
c  170   -1   221   1
c  170   -1   121   1
c  171   -1   169   1
c  171   -1   220   1
c  222   -1   171   1
c  222   -1   120   1
c  616   -1   618   1
c  616   -1   614   1
c  902   -1   951   1
c  903   -1   852   1
c  903   -1   906   1
c  901   -1   903   1
c  901   -1   952   1
c  951   -1   1002   1
c  951   -1   904   1
c  952   -1   1001   1
c  952   -1   1051   1
c  1053   -1   1102   1
c  1053   -1   1151   1
c  1054   -1   1003   1
c  1054   -1   1001   1
c  1005   -1   1054   1
c  1005   -1   1001   1
c  1055   -1   1155   1
c  1055   -1   1106   1
c  1056   -1   1008   1
c  956   -1   905   1
c  956   -1   902   1
c  1006   -1   1055   1
c  1002   -1   902   1
c  1002   -1   903   1
c  1009   -1   958   1
c  1009   -1   1011   1
c  1058   -1   1107   1
c  1058   -1   1160   1
c  1057   -1   1108   1
c  1057   -1   1008   1
c  1059   -1   1110   1
c  1059   -1   1057   1
c  861   -1   812   1
c  911   -1   860   1
c  911   -1   962   1
c  960   -1   911   1
c  960   -1   1111   1
c  1010   -1   910   1
c  1010   -1   1063   1
c  961   -1   910   1
c  961   -1   959   1
c  864   -1   813   1
c  864   -1   763   1
c  1107   -1   1007   1
c  1107   -1   1056   1
c  812   -1   713   1
c  862   -1   913   1
c  862   -1   911   1
c  912   -1   961   1
c  912   -1   960   1
c  763   -1   712   1
c  763   -1   812   1
c  765   -1   716   1
c  765   -1   665   1
c  716   -1   816   1
c  716   -1   668   1
c  764   -1   713   1
c  764   -1   715   1
c  813   -1   862   1
c  813   -1   861   1
c  666   -1   717   1
c  666   -1   614   1
c  718   -1   669   1
c  718   -1   664   1
c  667   -1   718   1
c  667   -1   665   1
c  814   -1   763   1
c  814   -1   915   1
c  123   -1   23   1
c  123   -1   72   1
c  618   -1   620   1
c  668   -1   568   1
c  569   -1   618   1
c  519   -1   619   1
c  519   -1   618   1
c  469   -1   421   1
c  469   -1   568   1
c  619   -1   568   1
c  619   -1   668   1
c  570   -1   568   1
c  570   -1   420   1
c  221   -1   272   1
c  221   -1   172   1
c  321   -1   270   1
c  321   -1   220   1
c  271   -1   222   1
c  271   -1   372   1
c  470   -1   421   1
c  470   -1   369   1
c  371   -1   422   1
c  371   -1   423   1
c  273   -1   222   1
c  273   -1   320   1
c  23   -1   72   1
c  23   -1   74   1
c  73   -1   124   1
c  122   -1   176   1
c  122   -1   177   1
c  124   -1   175   1
c  124   -1   173   1
c  174   -1   225   1
c  174   -1   226   1
c  24   -1   75   1
c  24   -1   73   1
c  223   -1   171   1
c  223   -1   170   1
c  172   -1   223   1
c  172   -1   174   1
c  272   -1   223   1
c  272   -1   224   1
c  1001   -1   1103   1
c  1051   -1   1002   1
c  1052   -1   1103   1
c  1052   -1   1101   1
c  1103   -1   1152   1
c  1103   -1   1054   1
c  1102   -1   1151   1
c  1102   -1   1051   1
c  1151   -1   1202   1
c  1151   -1   1154   1
c  1104   -1   1055   1
c  1104   -1   1056   1
c  1105   -1   1156   1
c  1105   -1   1157   1
c  1155   -1   1153   1
c  1155   -1   1103   1
c  1106   -1   1201   1
c  1106   -1   1301   1
c  1108   -1   1056   1
c  1108   -1   1006   1
c  1101   -1   1002   1
c  1011   -1   962   1
c  1011   -1   912   1
c  1060   -1   1058   1
c  1060   -1   1109   1
c  1206   -1   1106   1
c  1206   -1   1058   1
c  1160   -1   1060   1
c  1109   -1   1107   1
c  1110   -1   1112   1
c  1110   -1   1161   1
c  1063   -1   1014   1
c  1063   -1   911   1
c  962   -1   862   1
c  962   -1   1061   1
c  1111   -1   1160   1
c  1111   -1   1211   1
c  1061   -1   1110   1
c  1061   -1   1010   1
c  863   -1   914   1
c  863   -1   962   1
c  914   -1   862   1
c  914   -1   812   1
c  865   -1   814   1
c  865   -1   768   1
c  913   -1   864   1
c  913   -1   915   1
c  1157   -1   1206   1
c  1157   -1   1357   1
c  1207   -1   1107   1
c  1207   -1   1108   1
c  1158   -1   1207   1
c  1158   -1   1107   1
c  815   -1   766   1
c  815   -1   764   1
c  766   -1   915   1
c  816   -1   765   1
c  817   -1   766   1
c  817   -1   765   1
c  717   -1   768   1
c  717   -1   766   1
c  768   -1   817   1
c  719   -1   770   1
c  818   -1   718   1
c  818   -1   767   1
c  669   -1   671   1
c  669   -1   620   1
c  915   -1   1015   1
c  173   -1   122   1
c  173   -1   226   1
c  421   -1   472   1
c  421   -1   372   1
c  520   -1   420   1
c  520   -1   421   1
c  620   -1   622   1
c  620   -1   569   1
c  521   -1   519   1
c  521   -1   621   1
c  769   -1   669   1
c  769   -1   619   1
c  571   -1   523   1
c  571   -1   623   1
c  621   -1   570   1
c  621   -1   470   1
c  572   -1   523   1
c  572   -1   570   1
c  472   -1   571   1
c  472   -1   570   1
c  322   -1   273   1
c  322   -1   274   1
c  372   -1   323   1
c  372   -1   324   1
c  471   -1   520   1
c  471   -1   522   1
c  373   -1   322   1
c  373   -1   371   1
c  422   -1   471   1
c  423   -1   474   1
c  423   -1   524   1
c  323   -1   223   1
c  323   -1   274   1
c  274   -1   276   1
c  274   -1   277   1
c  324   -1   273   1
c  324   -1   174   1
c  74   -1   125   1
c  176   -1   125   1
c  176   -1   225   1
c  177   -1   79   1
c  177   -1   81   1
c  125   -1   76   1
c  175   -1   226   1
c  175   -1   276   1
c  224   -1   275   1
c  224   -1   276   1
c  275   -1   277   1
c  275   -1   174   1
c  225   -1   324   1
c  225   -1   376   1
c  226   -1   277   1
c  25   -1   76   1
c  25   -1   74   1
c  76   -1   24   1
c  75   -1   77   1
c  1153   -1   1102   1
c  1153   -1   1052   1
c  1152   -1   1203   1
c  1152   -1   1201   1
c  1202   -1   1102   1
c  1201   -1   1252   1
c  1201   -1   1203   1
c  1154   -1   1105   1
c  1154   -1   1106   1
c  1156   -1   1205   1
c  1156   -1   1154   1
c  1205   -1   1254   1
c  1205   -1   1256   1
c  1301   -1   1303   1
c  1301   -1   1304   1
c  1012   -1   1014   1
c  1012   -1   964   1
c  1256   -1   1207   1
c  1256   -1   1307   1
c  1306   -1   1255   1
c  1306   -1   1206   1
c  1257   -1   1206   1
c  1257   -1   1205   1
c  1159   -1   1210   1
c  1159   -1   1161   1
c  1210   -1   1310   1
c  1210   -1   1261   1
c  1161   -1   1209   1
c  1208   -1   1308   1
c  1208   -1   1109   1
c  1162   -1   1111   1
c  1162   -1   1110   1
c  1112   -1   1063   1
c  1112   -1   1064   1
c  1013   -1   1064   1
c  1013   -1   1114   1
c  1062   -1   1013   1
c  1062   -1   1162   1
c  1113   -1   1062   1
c  1113   -1   1014   1
c  1064   -1   1062   1
c  1064   -1   966   1
c  1014   -1   965   1
c  1014   -1   963   1
c  963   -1   914   1
c  963   -1   1062   1
c  1213   -1   1161   1
c  1213   -1   1111   1
c  1211   -1   1209   1
c  1211   -1   1159   1
c  964   -1   1015   1
c  964   -1   1064   1
c  866   -1   966   1
c  866   -1   965   1
c  965   -1   865   1
c  965   -1   916   1
c  1258   -1   1157   1
c  1258   -1   1156   1
c  1357   -1   1406   1
c  767   -1   816   1
c  767   -1   866   1
c  867   -1   916   1
c  867   -1   966   1
c  822   -1   720   1
c  822   -1   717   1
c  720   -1   771   1
c  720   -1   671   1
c  670   -1   719   1
c  670   -1   769   1
c  819   -1   719   1
c  819   -1   870   1
c  770   -1   669   1
c  868   -1   919   1
c  868   -1   870   1
c  869   -1   818   1
c  869   -1   770   1
c  671   -1   622   1
c  671   -1   620   1
c  916   -1   1016   1
c  916   -1   1015   1
c  966   -1   968   1
c  966   -1   915   1
c  1015   -1   966   1
c  1015   -1   1067   1
c  622   -1   673   1
c  622   -1   674   1
c  522   -1   473   1
c  522   -1   422   1
c  523   -1   574   1
c  523   -1   575   1
c  623   -1   572   1
c  573   -1   522   1
c  573   -1   524   1
c  473   -1   422   1
c  473   -1   373   1
c  424   -1   422   1
c  424   -1   372   1
c  374   -1   323   1
c  374   -1   423   1
c  375   -1   324   1
c  375   -1   423   1
c  474   -1   425   1
c  524   -1   575   1
c  524   -1   576   1
c  276   -1   325   1
c  276   -1   225   1
c  277   -1   228   1
c  277   -1   229   1
c  325   -1   226   1
c  126   -1   75   1
c  126   -1   77   1
c  127   -1   176   1
c  127   -1   125   1
c  227   -1   278   1
c  227   -1   127   1
c  178   -1   229   1
c  178   -1   129   1
c  79   -1   128   1
c  81   -1   133   1
c  81   -1   183   1
c  376   -1   427   1
c  376   -1   476   1
c  26   -1   77   1
c  26   -1   75   1
c  77   -1   28   1
c  1203   -1   1303   1
c  1203   -1   1254   1
c  1252   -1   1152   1
c  1253   -1   1202   1
c  1253   -1   1251   1
c  1251   -1   1203   1
c  1251   -1   1204   1
c  1204   -1   1255   1
c  1204   -1   1304   1
c  1255   -1   1303   1
c  1254   -1   1252   1
c  1351   -1   1252   1
c  1302   -1   1351   1
c  1302   -1   1253   1
c  1303   -1   1252   1
c  1304   -1   1253   1
c  1307   -1   1258   1
c  1307   -1   1259   1
c  1305   -1   1353   1
c  1305   -1   1253   1
c  1356   -1   1358   1
c  1356   -1   1308   1
c  1353   -1   1306   1
c  1353   -1   1159   1
c  1209   -1   1258   1
c  1209   -1   1308   1
c  1260   -1   1311   1
c  1260   -1   1209   1
c  1259   -1   1210   1
c  1259   -1   1308   1
c  1310   -1   1261   1
c  1310   -1   1312   1
c  1261   -1   1312   1
c  1261   -1   1263   1
c  1308   -1   1357   1
c  1212   -1   1312   1
c  1212   -1   1261   1
c  1163   -1   1112   1
c  1163   -1   1214   1
c  1114   -1   1015   1
c  1065   -1   1016   1
c  1065   -1   1114   1
c  1115   -1   1064   1
c  1115   -1   1066   1
c  1263   -1   1363   1
c  1263   -1   1163   1
c  1214   -1   1314   1
c  1214   -1   1265   1
c  1407   -1   1456   1
c  1407   -1   1507   1
c  1358   -1   1407   1
c  1358   -1   1458   1
c  1409   -1   1358   1
c  1409   -1   1357   1
c  1406   -1   1457   1
c  1406   -1   1507   1
c  917   -1   868   1
c  917   -1   968   1
c  772   -1   725   1
c  821   -1   772   1
c  821   -1   921   1
c  872   -1   821   1
c  823   -1   772   1
c  823   -1   872   1
c  825   -1   822   1
c  825   -1   872   1
c  721   -1   670   1
c  721   -1   1121   1
c  722   -1   771   1
c  722   -1   720   1
c  771   -1   773   1
c  771   -1   820   1
c  820   -1   871   1
c  820   -1   869   1
c  870   -1   770   1
c  870   -1   821   1
c  871   -1   770   1
c  968   -1   1068   1
c  968   -1   770   1
c  918   -1   969   1
c  918   -1   869   1
c  919   -1   968   1
c  919   -1   1019   1
c  969   -1   869   1
c  969   -1   1069   1
c  920   -1   869   1
c  920   -1   820   1
c  672   -1   723   1
c  672   -1   724   1
c  1016   -1   967   1
c  1016   -1   917   1
c  967   -1   1067   1
c  967   -1   918   1
c  1067   -1   1116   1
c  1067   -1   1065   1
c  624   -1   622   1
c  624   -1   673   1
c  673   -1   675   1
c  674   -1   725   1
c  674   -1   726   1
c  525   -1   474   1
c  525   -1   523   1
c  574   -1   525   1
c  574   -1   625   1
c  575   -1   624   1
c  575   -1   475   1
c  425   -1   325   1
c  425   -1   276   1
c  475   -1   524   1
c  475   -1   424   1
c  576   -1   578   1
c  326   -1   277   1
c  326   -1   278   1
c  327   -1   378   1
c  327   -1   276   1
c  278   -1   229   1
c  278   -1   327   1
c  228   -1   128   1
c  229   -1   129   1
c  128   -1   126   1
c  128   -1   77   1
c  27   -1   78   1
c  27   -1   127   1
c  380   -1   227   1
c  380   -1   135   1
c  179   -1   228   1
c  179   -1   230   1
c  129   -1   78   1
c  129   -1   31   1
c  29   -1   31   1
c  29   -1   32   1
c  78   -1   80   1
c  80   -1   129   1
c  80   -1   29   1
c  28   -1   79   1
c  28   -1   128   1
c  31   -1   131   1
c  31   -1   33   1
c  131   -1   129   1
c  131   -1   82   1
c  82   -1   31   1
c  82   -1   84   1
c  32   -1   81   1
c  32   -1   83   1
c  181   -1   81   1
c  181   -1   282   1
c  33   -1   81   1
c  133   -1   182   1
c  133   -1   232   1
c  183   -1   181   1
c  426   -1   475   1
c  426   -1   478   1
c  377   -1   328   1
c  377   -1   326   1
c  476   -1   527   1
c  476   -1   427   1
c  1352   -1   1252   1
c  1352   -1   1251   1
c  1402   -1   1303   1
c  1402   -1   1253   1
c  1401   -1   1352   1
c  1401   -1   1353   1
c  1354   -1   1305   1
c  1354   -1   1307   1
c  1355   -1   1404   1
c  1355   -1   1455   1
c  1405   -1   1356   1
c  1405   -1   1353   1
c  1403   -1   1452   1
c  1403   -1   1502   1
c  1311   -1   1313   1
c  1311   -1   1362   1
c  1309   -1   1409   1
c  1309   -1   1459   1
c  1360   -1   1311   1
c  1360   -1   1312   1
c  1359   -1   1310   1
c  1359   -1   1410   1
c  1312   -1   1314   1
c  1262   -1   1311   1
c  1262   -1   1362   1
c  1164   -1   1115   1
c  1164   -1   1166   1
c  1215   -1   1164   1
c  1215   -1   1163   1
c  1066   -1   1017   1
c  1066   -1   1166   1
c  1165   -1   1065   1
c  1165   -1   1216   1
c  1116   -1   1118   1
c  1116   -1   1217   1
c  1166   -1   1115   1
c  1313   -1   1364   1
c  1313   -1   1264   1
c  1264   -1   1216   1
c  1264   -1   1217   1
c  1314   -1   1263   1
c  1314   -1   1363   1
c  1363   -1   1414   1
c  1363   -1   1415   1
c  1265   -1   1267   1
c  1265   -1   1314   1
c  1457   -1   1506   1
c  1457   -1   1455   1
c  1408   -1   1459   1
c  1408   -1   1456   1
c  1456   -1   1507   1
c  1507   -1   1458   1
c  1458   -1   1509   1
c  1458   -1   1406   1
c  1459   -1   1510   1
c  1461   -1   1459   1
c  1461   -1   1409   1
c  1404   -1   1406   1
c  773   -1   722   1
c  773   -1   724   1
c  723   -1   772   1
c  723   -1   774   1
c  725   -1   676   1
c  725   -1   677   1
c  921   -1   919   1
c  921   -1   972   1
c  922   -1   873   1
c  922   -1   871   1
c  873   -1   824   1
c  873   -1   973   1
c  824   -1   775   1
c  824   -1   924   1
c  774   -1   823   1
c  774   -1   825   1
c  923   -1   921   1
c  923   -1   823   1
c  874   -1   823   1
c  874   -1   773   1
c  775   -1   777   1
c  875   -1   924   1
c  875   -1   873   1
c  826   -1   777   1
c  826   -1   927   1
c  675   -1   825   1
c  675   -1   826   1
c  776   -1   827   1
c  776   -1   825   1
c  1121   -1   1123   1
c  1121   -1   1070   1
c  724   -1   722   1
c  1018   -1   1118   1
c  1018   -1   1016   1
c  1019   -1   1070   1
c  1019   -1   968   1
c  1069   -1   968   1
c  1068   -1   1119   1
c  1068   -1   1169   1
c  970   -1   919   1
c  970   -1   1070   1
c  1017   -1   1019   1
c  1017   -1   1068   1
c  1117   -1   1217   1
c  1117   -1   1218   1
c  1118   -1   1067   1
c  625   -1   676   1
c  625   -1   726   1
c  726   -1   775   1
c  726   -1   777   1
c  526   -1   575   1
c  526   -1   675   1
c  626   -1   526   1
c  626   -1   476   1
c  577   -1   526   1
c  577   -1   579   1
c  527   -1   576   1
c  527   -1   427   1
c  578   -1   627   1
c  578   -1   677   1
c  328   -1   279   1
c  328   -1   379   1
c  378   -1   429   1
c  378   -1   427   1
c  279   -1   228   1
c  230   -1   279   1
c  230   -1   228   1
c  330   -1   382   1
c  330   -1   480   1
c  379   -1   428   1
c  430   -1   379   1
c  430   -1   580   1
c  381   -1   432   1
c  381   -1   481   1
c  429   -1   380   1
c  231   -1   280   1
c  231   -1   380   1
c  135   -1   84   1
c  135   -1   132   1
c  180   -1   280   1
c  180   -1   80   1
c  130   -1   132   1
c  130   -1   83   1
c  30   -1   28   1
c  30   -1   78   1
c  132   -1   83   1
c  132   -1   80   1
c  83   -1   232   1
c  84   -1   133   1
c  84   -1   183   1
c  182   -1   231   1
c  182   -1   281   1
c  232   -1   181   1
c  232   -1   180   1
c  282   -1   331   1
c  282   -1   330   1
c  34   -1   83   1
c  34   -1   184   1
c  134   -1   183   1
c  134   -1   85   1
c  184   -1   133   1
c  184   -1   132   1
c  233   -1   284   1
c  233   -1   235   1
c  185   -1   183   1
c  185   -1   234   1
c  428   -1   426   1
c  428   -1   377   1
c  478   -1   427   1
c  329   -1   429   1
c  329   -1   377   1
c  477   -1   528   1
c  477   -1   428   1
c  1452   -1   1401   1
c  1452   -1   1501   1
c  1451   -1   1502   1
c  1451   -1   1402   1
c  1454   -1   1405   1
c  1454   -1   1355   1
c  1455   -1   1453   1
c  1455   -1   1458   1
c  1453   -1   1404   1
c  1453   -1   1504   1
c  1503   -1   1501   1
c  1503   -1   1403   1
c  1502   -1   1551   1
c  1361   -1   1412   1
c  1361   -1   1410   1
c  1362   -1   1462   1
c  1216   -1   1265   1
c  1216   -1   1316   1
c  1167   -1   1216   1
c  1167   -1   1215   1
c  1266   -1   1215   1
c  1266   -1   1165   1
c  1217   -1   1268   1
c  1217   -1   1166   1
c  1315   -1   1264   1
c  1315   -1   1313   1
c  1364   -1   1415   1
c  1364   -1   1366   1
c  1414   -1   1264   1
c  1365   -1   1314   1
c  1365   -1   1264   1
c  1316   -1   1314   1
c  1413   -1   1462   1
c  1413   -1   1465   1
c  1412   -1   1363   1
c  1463   -1   1514   1
c  1463   -1   1363   1
c  1415   -1   1464   1
c  1415   -1   1366   1
c  1267   -1   1316   1
c  1267   -1   1216   1
c  1554   -1   1505   1
c  1554   -1   1457   1
c  1506   -1   1557   1
c  1506   -1   1455   1
c  1460   -1   1458   1
c  1460   -1   1408   1
c  1557   -1   1605   1
c  1508   -1   1559   1
c  1508   -1   1513   1
c  1509   -1   1507   1
c  1509   -1   1460   1
c  1510   -1   1458   1
c  1411   -1   1362   1
c  1411   -1   1459   1
c  1511   -1   1560   1
c  1511   -1   1559   1
c  1462   -1   1464   1
c  1462   -1   1510   1
c  1505   -1   1404   1
c  1505   -1   1508   1
c  676   -1   775   1
c  677   -1   777   1
c  677   -1   729   1
c  971   -1   1020   1
c  971   -1   1070   1
c  972   -1   1072   1
c  972   -1   1122   1
c  924   -1   922   1
c  924   -1   926   1
c  1072   -1   922   1
c  973   -1   874   1
c  876   -1   925   1
c  876   -1   874   1
c  727   -1   676   1
c  727   -1   775   1
c  777   -1   779   1
c  925   -1   724   1
c  827   -1   879   1
c  927   -1   876   1
c  678   -1   676   1
c  678   -1   675   1
c  1071   -1   1022   1
c  1071   -1   1023   1
c  1120   -1   1069   1
c  1120   -1   1169   1
c  1171   -1   1071   1
c  1171   -1   1120   1
c  1122   -1   1171   1
c  1122   -1   1173   1
c  1020   -1   1071   1
c  1020   -1   1121   1
c  1123   -1   1072   1
c  1123   -1   1223   1
c  1070   -1   1170   1
c  1021   -1   1072   1
c  1021   -1   1018   1
c  1119   -1   1170   1
c  1119   -1   1220   1
c  1169   -1   1069   1
c  1218   -1   1216   1
c  1218   -1   1118   1
c  1168   -1   1217   1
c  1168   -1   1216   1
c  627   -1   527   1
c  627   -1   625   1
c  528   -1   577   1
c  628   -1   577   1
c  628   -1   579   1
c  529   -1   527   1
c  529   -1   577   1
c  579   -1   527   1
c  280   -1   329   1
c  280   -1   379   1
c  331   -1   280   1
c  331   -1   279   1
c  281   -1   330   1
c  281   -1   329   1
c  382   -1   433   1
c  382   -1   384   1
c  480   -1   431   1
c  480   -1   580   1
c  479   -1   379   1
c  479   -1   528   1
c  431   -1   382   1
c  431   -1   331   1
c  481   -1   430   1
c  481   -1   383   1
c  580   -1   531   1
c  580   -1   730   1
c  332   -1   381   1
c  332   -1   281   1
c  432   -1   483   1
c  85   -1   34   1
c  85   -1   136   1
c  136   -1   236   1
c  136   -1   285   1
c  86   -1   135   1
c  137   -1   188   1
c  137   -1   135   1
c  238   -1   185   1
c  238   -1   135   1
c  283   -1   234   1
c  283   -1   334   1
c  35   -1   86   1
c  35   -1   137   1
c  234   -1   236   1
c  284   -1   333   1
c  235   -1   186   1
c  235   -1   136   1
c  186   -1   188   1
c  186   -1   237   1
c  1501   -1   1552   1
c  1501   -1   1602   1
c  1504   -1   1502   1
c  1504   -1   1553   1
c  1553   -1   1602   1
c  1601   -1   1503   1
c  1552   -1   1601   1
c  1552   -1   1652   1
c  1551   -1   1652   1
c  1268   -1   1219   1
c  1268   -1   1120   1
c  1367   -1   1318   1
c  1367   -1   1315   1
c  1366   -1   1466   1
c  1366   -1   1467   1
c  1464   -1   1416   1
c  1317   -1   1368   1
c  1317   -1   1369   1
c  1512   -1   1463   1
c  1512   -1   1413   1
c  1465   -1   1416   1
c  1465   -1   1417   1
c  1513   -1   1565   1
c  1513   -1   1615   1
c  1514   -1   1512   1
c  1416   -1   1516   1
c  1416   -1   1367   1
c  1515   -1   1566   1
c  1515   -1   1415   1
c  1417   -1   1415   1
c  1417   -1   1466   1
c  1467   -1   1416   1
c  1467   -1   1415   1
c  1318   -1   1267   1
c  1318   -1   1420   1
c  1604   -1   1555   1
c  1604   -1   1552   1
c  1555   -1   1557   1
c  1555   -1   1506   1
c  1556   -1   1607   1
c  1556   -1   1659   1
c  1608   -1   1557   1
c  1608   -1   1506   1
c  1607   -1   1707   1
c  1558   -1   1509   1
c  1558   -1   1555   1
c  1605   -1   1603   1
c  1605   -1   1706   1
c  1560   -1   1509   1
c  1560   -1   1508   1
c  1559   -1   1510   1
c  1559   -1   1610   1
c  1610   -1   1661   1
c  1610   -1   1510   1
c  1561   -1   1612   1
c  1561   -1   1661   1
c  1562   -1   1613   1
c  1562   -1   1511   1
c  729   -1   829   1
c  729   -1   678   1
c  1022   -1   1020   1
c  1022   -1   1171   1
c  974   -1   925   1
c  974   -1   1023   1
c  926   -1   877   1
c  926   -1   778   1
c  1073   -1   1173   1
c  1073   -1   1124   1
c  1023   -1   1171   1
c  1023   -1   1221   1
c  877   -1   929   1
c  877   -1   980   1
c  878   -1   876   1
c  878   -1   927   1
c  728   -1   777   1
c  728   -1   779   1
c  778   -1   827   1
c  778   -1   829   1
c  829   -1   777   1
c  779   -1   830   1
c  779   -1   880   1
c  975   -1   1024   1
c  975   -1   1074   1
c  828   -1   830   1
c  828   -1   927   1
c  929   -1   827   1
c  879   -1   979   1
c  977   -1   979   1
c  977   -1   1029   1
c  928   -1   977   1
c  928   -1   976   1
c  978   -1   927   1
c  978   -1   877   1
c  679   -1   730   1
c  679   -1   728   1
c  1170   -1   1168   1
c  1170   -1   1122   1
c  1221   -1   1270   1
c  1221   -1   1322   1
c  1172   -1   1123   1
c  1172   -1   1272   1
c  1220   -1   1271   1
c  1220   -1   1171   1
c  1222   -1   1220   1
c  1222   -1   1171   1
c  1074   -1   1123   1
c  1074   -1   1122   1
c  1173   -1   1222   1
c  1124   -1   1173   1
c  1124   -1   1226   1
c  1223   -1   1172   1
c  1223   -1   1221   1
c  1219   -1   1270   1
c  1219   -1   1168   1
c  629   -1   729   1
c  629   -1   581   1
c  530   -1   630   1
c  530   -1   629   1
c  630   -1   579   1
c  630   -1   532   1
c  383   -1   332   1
c  383   -1   331   1
c  433   -1   482   1
c  433   -1   384   1
c  384   -1   332   1
c  482   -1   484   1
c  482   -1   480   1
c  531   -1   482   1
c  531   -1   432   1
c  533   -1   482   1
c  533   -1   481   1
c  581   -1   530   1
c  581   -1   630   1
c  631   -1   680   1
c  631   -1   580   1
c  582   -1   482   1
c  582   -1   580   1
c  730   -1   779   1
c  730   -1   781   1
c  333   -1   433   1
c  333   -1   435   1
c  334   -1   332   1
c  334   -1   383   1
c  483   -1   485   1
c  483   -1   386   1
c  36   -1   87   1
c  36   -1   85   1
c  187   -1   136   1
c  236   -1   137   1
c  285   -1   336   1
c  285   -1   234   1
c  87   -1   35   1
c  37   -1   86   1
c  37   -1   35   1
c  138   -1   187   1
c  188   -1   139   1
c  188   -1   89   1
c  237   -1   188   1
c  288   -1   286   1
c  288   -1   337   1
c  239   -1   339   1
c  239   -1   190   1
c  286   -1   235   1
c  286   -1   334   1
c  1602   -1   1651   1
c  1602   -1   1551   1
c  1603   -1   1703   1
c  1603   -1   1601   1
c  1651   -1   1702   1
c  1651   -1   1654   1
c  1652   -1   1603   1
c  1652   -1   1601   1
c  1269   -1   1318   1
c  1269   -1   1220   1
c  1319   -1   1270   1
c  1319   -1   1268   1
c  1270   -1   1268   1
c  1368   -1   1370   1
c  1368   -1   1319   1
c  1418   -1   1367   1
c  1418   -1   1467   1
c  1517   -1   1417   1
c  1517   -1   1367   1
c  1466   -1   1517   1
c  1466   -1   1468   1
c  1369   -1   1469   1
c  1369   -1   1320   1
c  1563   -1   1512   1
c  1563   -1   1515   1
c  1713   -1   1613   1
c  1713   -1   1512   1
c  1564   -1   1515   1
c  1564   -1   1465   1
c  1565   -1   1614   1
c  1565   -1   1616   1
c  1615   -1   1613   1
c  1615   -1   1663   1
c  1516   -1   1467   1
c  1516   -1   1567   1
c  1566   -1   1615   1
c  1566   -1   1665   1
c  1468   -1   1417   1
c  1468   -1   1517   1
c  1420   -1   1371   1
c  1420   -1   1471   1
c  1654   -1   1703   1
c  1654   -1   1605   1
c  1655   -1   1604   1
c  1655   -1   1657   1
c  1606   -1   1604   1
c  1606   -1   1655   1
c  1659   -1   1708   1
c  1659   -1   1759   1
c  1658   -1   1558   1
c  1658   -1   1656   1
c  1609   -1   1658   1
c  1609   -1   1709   1
c  1657   -1   1606   1
c  1657   -1   1608   1
c  1656   -1   1607   1
c  1656   -1   1707   1
c  1707   -1   1655   1
c  1706   -1   1755   1
c  1706   -1   1757   1
c  1662   -1   1610   1
c  1662   -1   1559   1
c  1660   -1   1658   1
c  1660   -1   1761   1
c  1611   -1   1711   1
c  1611   -1   1710   1
c  1661   -1   1712   1
c  1661   -1   1710   1
c  1612   -1   1614   1
c  1612   -1   1664   1
c  1613   -1   1665   1
c  1613   -1   1666   1
c  680   -1   729   1
c  680   -1   728   1
c  1174   -1   1225   1
c  1174   -1   1022   1
c  1024   -1   1075   1
c  976   -1   1027   1
c  976   -1   1076   1
c  1026   -1   926   1
c  1026   -1   1126   1
c  1175   -1   1127   1
c  1175   -1   1073   1
c  980   -1   929   1
c  980   -1   880   1
c  830   -1   879   1
c  830   -1   878   1
c  780   -1   829   1
c  780   -1   782   1
c  880   -1   780   1
c  880   -1   929   1
c  1025   -1   1027   1
c  1025   -1   1077   1
c  1075   -1   1124   1
c  1075   -1   975   1
c  979   -1   1030   1
c  979   -1   930   1
c  930   -1   879   1
c  930   -1   928   1
c  1027   -1   1076   1
c  1027   -1   1126   1
c  1028   -1   977   1
c  1028   -1   1026   1
c  1029   -1   1080   1
c  1029   -1   1128   1
c  1079   -1   979   1
c  1079   -1   978   1
c  1271   -1   1320   1
c  1271   -1   1319   1
c  1322   -1   1222   1
c  1322   -1   1373   1
c  1273   -1   1224   1
c  1273   -1   1172   1
c  1272   -1   1321   1
c  1272   -1   1323   1
c  1125   -1   1074   1
c  1125   -1   1077   1
c  1226   -1   1224   1
c  1226   -1   1175   1
c  1224   -1   1175   1
c  1224   -1   1275   1
c  532   -1   484   1
c  532   -1   485   1
c  434   -1   483   1
c  434   -1   482   1
c  484   -1   433   1
c  484   -1   535   1
c  435   -1   433   1
c  435   -1   483   1
c  385   -1   286   1
c  335   -1   384   1
c  335   -1   386   1
c  583   -1   632   1
c  583   -1   581   1
c  534   -1   583   1
c  534   -1   483   1
c  584   -1   533   1
c  584   -1   635   1
c  634   -1   533   1
c  634   -1   586   1
c  683   -1   581   1
c  681   -1   730   1
c  681   -1   781   1
c  632   -1   634   1
c  632   -1   683   1
c  731   -1   682   1
c  731   -1   780   1
c  781   -1   832   1
c  781   -1   834   1
c  387   -1   385   1
c  387   -1   334   1
c  485   -1   436   1
c  485   -1   534   1
c  386   -1   339   1
c  386   -1   488   1
c  336   -1   385   1
c  336   -1   387   1
c  88   -1   37   1
c  88   -1   39   1
c  38   -1   40   1
c  38   -1   142   1
c  139   -1   88   1
c  139   -1   190   1
c  89   -1   38   1
c  89   -1   138   1
c  189   -1   138   1
c  189   -1   90   1
c  287   -1   289   1
c  287   -1   338   1
c  338   -1   389   1
c  338   -1   340   1
c  289   -1   240   1
c  289   -1   189   1
c  337   -1   388   1
c  337   -1   389   1
c  240   -1   139   1
c  240   -1   40   1
c  241   -1   239   1
c  241   -1   340   1
c  339   -1   390   1
c  339   -1   337   1
c  190   -1   141   1
c  190   -1   142   1
c  1653   -1   1704   1
c  1653   -1   1701   1
c  1703   -1   1752   1
c  1703   -1   1803   1
c  1701   -1   1752   1
c  1701   -1   1652   1
c  1751   -1   1702   1
c  1751   -1   1651   1
c  1702   -1   1802   1
c  1702   -1   1653   1
c  1752   -1   1852   1
c  1752   -1   1652   1
c  1320   -1   1420   1
c  1419   -1   1368   1
c  1419   -1   1518   1
c  1370   -1   1419   1
c  1370   -1   1421   1
c  1567   -1   1667   1
c  1567   -1   1669   1
c  1518   -1   1516   1
c  1568   -1   1517   1
c  1519   -1   1568   1
c  1519   -1   1517   1
c  1470   -1   1468   1
c  1470   -1   1517   1
c  1471   -1   1519   1
c  1471   -1   1369   1
c  1469   -1   1471   1
c  1469   -1   1520   1
c  1663   -1   1763   1
c  1663   -1   1764   1
c  1712   -1   1761   1
c  1712   -1   1813   1
c  1763   -1   1712   1
c  1763   -1   1662   1
c  1714   -1   1665   1
c  1714   -1   1666   1
c  1664   -1   1713   1
c  1664   -1   1764   1
c  1715   -1   1713   1
c  1715   -1   1816   1
c  1614   -1   1763   1
c  1716   -1   1564   1
c  1716   -1   1615   1
c  1616   -1   1567   1
c  1665   -1   1616   1
c  1665   -1   1617   1
c  1666   -1   1566   1
c  1666   -1   1615   1
c  1668   -1   1567   1
c  1668   -1   1566   1
c  1421   -1   1322   1
c  1371   -1   1422   1
c  1371   -1   1472   1
c  1704   -1   1755   1
c  1704   -1   1753   1
c  1705   -1   1654   1
c  1705   -1   1805   1
c  1805   -1   1654   1
c  1755   -1   1655   1
c  1755   -1   1856   1
c  1709   -1   1660   1
c  1709   -1   1611   1
c  1708   -1   1759   1
c  1708   -1   1710   1
c  1759   -1   1808   1
c  1759   -1   1807   1
c  1808   -1   1859   1
c  1808   -1   1658   1
c  1756   -1   1705   1
c  1756   -1   1656   1
c  1757   -1   1808   1
c  1757   -1   1858   1
c  1710   -1   1662   1
c  1761   -1   1763   1
c  1711   -1   1762   1
c  1711   -1   1760   1
c  1225   -1   1276   1
c  1225   -1   1326   1
c  1076   -1   1125   1
c  1077   -1   1126   1
c  1077   -1   1026   1
c  1176   -1   1076   1
c  1176   -1   1026   1
c  1126   -1   1175   1
c  1126   -1   1075   1
c  1127   -1   1079   1
c  1030   -1   1032   1
c  981   -1   932   1
c  981   -1   1030   1
c  931   -1   1031   1
c  931   -1   980   1
c  831   -1   780   1
c  831   -1   782   1
c  782   -1   733   1
c  782   -1   734   1
c  881   -1   832   1
c  881   -1   782   1
c  1129   -1   1080   1
c  1129   -1   979   1
c  1078   -1   1178   1
c  1078   -1   1127   1
c  1080   -1   1031   1
c  1080   -1   1183   1
c  1128   -1   1126   1
c  1128   -1   1179   1
c  1130   -1   1079   1
c  1130   -1   1077   1
c  1321   -1   1372   1
c  1321   -1   1421   1
c  1372   -1   1421   1
c  1372   -1   1323   1
c  1323   -1   1374   1
c  1373   -1   1273   1
c  1274   -1   1323   1
c  1274   -1   1325   1
c  1276   -1   1327   1
c  1276   -1   1274   1
c  1227   -1   1176   1
c  1227   -1   1128   1
c  1277   -1   1226   1
c  1277   -1   1328   1
c  1178   -1   1176   1
c  1178   -1   1226   1
c  1275   -1   1326   1
c  535   -1   584   1
c  535   -1   636   1
c  436   -1   385   1
c  436   -1   335   1
c  486   -1   586   1
c  486   -1   435   1
c  633   -1   733   1
c  633   -1   534   1
c  585   -1   636   1
c  585   -1   534   1
c  536   -1   534   1
c  536   -1   584   1
c  635   -1   684   1
c  684   -1   733   1
c  684   -1   633   1
c  682   -1   733   1
c  682   -1   634   1
c  735   -1   738   1
c  735   -1   634   1
c  586   -1   635   1
c  586   -1   686   1
c  733   -1   832   1
c  732   -1   683   1
c  732   -1   681   1
c  685   -1   736   1
c  685   -1   731   1
c  832   -1   883   1
c  834   -1   783   1
c  834   -1   836   1
c  437   -1   388   1
c  437   -1   386   1
c  388   -1   439   1
c  487   -1   387   1
c  487   -1   536   1
c  488   -1   437   1
c  488   -1   436   1
c  39   -1   90   1
c  39   -1   91   1
c  40   -1   89   1
c  40   -1   42   1
c  142   -1   144   1
c  142   -1   140   1
c  140   -1   189   1
c  140   -1   192   1
c  90   -1   141   1
c  90   -1   191   1
c  389   -1   440   1
c  389   -1   342   1
c  340   -1   392   1
c  340   -1   439   1
c  290   -1   339   1
c  290   -1   341   1
c  341   -1   339   1
c  341   -1   289   1
c  242   -1   193   1
c  242   -1   289   1
c  191   -1   242   1
c  191   -1   140   1
c  291   -1   242   1
c  291   -1   394   1
c  141   -1   241   1
c  438   -1   487   1
c  438   -1   339   1
c  390   -1   290   1
c  390   -1   341   1
c  1753   -1   1853   1
c  1753   -1   1903   1
c  1803   -1   1854   1
c  1803   -1   1852   1
c  1801   -1   1752   1
c  1801   -1   1853   1
c  1802   -1   1804   1
c  1802   -1   1853   1
c  1754   -1   1705   1
c  1754   -1   1752   1
c  1852   -1   1801   1
c  1852   -1   1804   1
c  1520   -1   1419   1
c  1617   -1   1668   1
c  1617   -1   1666   1
c  1618   -1   1567   1
c  1667   -1   1767   1
c  1667   -1   1718   1
c  1669   -1   1769   1
c  1669   -1   1771   1
c  1569   -1   1620   1
c  1569   -1   1618   1
c  1570   -1   1619   1
c  1570   -1   1519   1
c  1521   -1   1621   1
c  1521   -1   1570   1
c  1472   -1   1423   1
c  1472   -1   1523   1
c  1621   -1   1570   1
c  1621   -1   1471   1
c  1620   -1   1622   1
c  1620   -1   1469   1
c  1764   -1   1815   1
c  1764   -1   1715   1
c  1762   -1   1811   1
c  1762   -1   1862   1
c  1813   -1   1864   1
c  1813   -1   1862   1
c  1863   -1   1763   1
c  1864   -1   1913   1
c  1864   -1   1763   1
c  1765   -1   1816   1
c  1765   -1   1814   1
c  1816   -1   1865   1
c  1816   -1   1916   1
c  1766   -1   1666   1
c  1766   -1   1817   1
c  1717   -1   1768   1
c  1717   -1   1816   1
c  1718   -1   1769   1
c  1718   -1   1817   1
c  1767   -1   1765   1
c  1767   -1   1668   1
c  1422   -1   1424   1
c  1422   -1   1522   1
c  1804   -1   1753   1
c  1804   -1   1704   1
c  1855   -1   1956   1
c  1806   -1   1855   1
c  1806   -1   1757   1
c  1854   -1   1805   1
c  1854   -1   1852   1
c  1856   -1   1756   1
c  1856   -1   1805   1
c  1760   -1   1709   1
c  1760   -1   1758   1
c  1758   -1   1859   1
c  1758   -1   1860   1
c  1809   -1   1909   1
c  1809   -1   1910   1
c  1807   -1   1858   1
c  1807   -1   1758   1
c  1858   -1   1809   1
c  1858   -1   1961   1
c  1857   -1   1908   1
c  1857   -1   1808   1
c  1859   -1   1908   1
c  1810   -1   1710   1
c  1810   -1   1812   1
c  1811   -1   1862   1
c  1811   -1   1863   1
c  1812   -1   1863   1
c  1812   -1   1761   1
c  1326   -1   1377   1
c  1326   -1   1427   1
c  1177   -1   1077   1
c  1177   -1   1275   1
c  1031   -1   1082   1
c  1031   -1   983   1
c  1082   -1   1030   1
c  1032   -1   981   1
c  1032   -1   933   1
c  982   -1   933   1
c  982   -1   1082   1
c  983   -1   981   1
c  983   -1   1032   1
c  1033   -1   933   1
c  1033   -1   981   1
c  932   -1   1031   1
c  932   -1   1083   1
c  934   -1   885   1
c  934   -1   931   1
c  833   -1   782   1
c  833   -1   831   1
c  783   -1   832   1
c  783   -1   831   1
c  734   -1   785   1
c  734   -1   834   1
c  882   -1   933   1
c  882   -1   982   1
c  1179   -1   1130   1
c  1179   -1   1230   1
c  1229   -1   1129   1
c  1229   -1   1130   1
c  1081   -1   1032   1
c  1081   -1   1033   1
c  1183   -1   1083   1
c  1183   -1   1283   1
c  1180   -1   1229   1
c  1180   -1   1281   1
c  1131   -1   1182   1
c  1131   -1   1133   1
c  1132   -1   1181   1
c  1132   -1   1130   1
c  1324   -1   1373   1
c  1324   -1   1375   1
c  1374   -1   1474   1
c  1423   -1   1474   1
c  1423   -1   1524   1
c  1325   -1   1426   1
c  1325   -1   1476   1
c  1375   -1   1326   1
c  1375   -1   1276   1
c  1327   -1   1378   1
c  1327   -1   1379   1
c  1228   -1   1328   1
c  1228   -1   1279   1
c  1278   -1   1227   1
c  1278   -1   1327   1
c  1328   -1   1428   1
c  1328   -1   1427   1
c  636   -1   587   1
c  537   -1   586   1
c  537   -1   588   1
c  637   -1   635   1
c  637   -1   685   1
c  785   -1   787   1
c  785   -1   932   1
c  736   -1   836   1
c  736   -1   835   1
c  784   -1   735   1
c  784   -1   786   1
c  835   -1   735   1
c  786   -1   835   1
c  786   -1   735   1
c  787   -1   736   1
c  787   -1   735   1
c  738   -1   787   1
c  738   -1   885   1
c  587   -1   589   1
c  587   -1   590   1
c  686   -1   637   1
c  883   -1   834   1
c  884   -1   933   1
c  884   -1   1036   1
c  885   -1   834   1
c  885   -1   837   1
c  836   -1   885   1
c  836   -1   936   1
c  439   -1   488   1
c  439   -1   390   1
c  538   -1   487   1
c  538   -1   587   1
c  489   -1   438   1
c  489   -1   440   1
c  91   -1   191   1
c  91   -1   140   1
c  41   -1   141   1
c  41   -1   142   1
c  42   -1   93   1
c  42   -1   94   1
c  92   -1   43   1
c  92   -1   41   1
c  192   -1   243   1
c  192   -1   292   1
c  143   -1   194   1
c  143   -1   42   1
c  193   -1   93   1
c  193   -1   142   1
c  144   -1   294   1
c  144   -1   293   1
c  440   -1   341   1
c  342   -1   291   1
c  342   -1   340   1
c  391   -1   340   1
c  391   -1   440   1
c  392   -1   492   1
c  392   -1   493   1
c  292   -1   193   1
c  292   -1   194   1
c  243   -1   194   1
c  243   -1   292   1
c  394   -1   392   1
c  394   -1   345   1
c  1853   -1   1904   1
c  1853   -1   1902   1
c  1903   -1   1952   1
c  1903   -1   1951   1
c  1851   -1   1802   1
c  1851   -1   1803   1
c  1904   -1   1906   1
c  1904   -1   1802   1
c  1902   -1   1951   1
c  1902   -1   1904   1
c  1901   -1   1852   1
c  1901   -1   1903   1
c  1953   -1   1902   1
c  1953   -1   1852   1
c  2104   -1   2204   1
c  2104   -1   1852   1
c  1619   -1   1571   1
c  1719   -1   1768   1
c  1719   -1   1770   1
c  1670   -1   1721   1
c  1670   -1   1771   1
c  1769   -1   1721   1
c  1571   -1   1522   1
c  1571   -1   1573   1
c  1572   -1   1521   1
c  1572   -1   1570   1
c  1522   -1   1573   1
c  1522   -1   1473   1
c  1473   -1   1475   1
c  1473   -1   1525   1
c  1523   -1   1574   1
c  1523   -1   1572   1
c  1671   -1   1620   1
c  1671   -1   1619   1
c  1622   -1   1670   1
c  1672   -1   1721   1
c  1672   -1   1621   1
c  1673   -1   1622   1
c  1673   -1   1621   1
c  1574   -1   1571   1
c  1574   -1   1621   1
c  1814   -1   1812   1
c  1815   -1   1866   1
c  1815   -1   1914   1
c  1862   -1   1913   1
c  1913   -1   2014   1
c  1914   -1   1916   1
c  1914   -1   1965   1
c  1865   -1   1914   1
c  1865   -1   1867   1
c  1866   -1   1915   1
c  1817   -1   1868   1
c  1817   -1   1768   1
c  1916   -1   1965   1
c  1768   -1   1770   1
c  1818   -1   1767   1
c  1818   -1   1769   1
c  1424   -1   1524   1
c  1424   -1   1478   1
c  1905   -1   1907   1
c  1905   -1   1956   1
c  1956   -1   2007   1
c  1956   -1   2055   1
c  1954   -1   1903   1
c  1954   -1   1854   1
c  1906   -1   1955   1
c  1906   -1   2055   1
c  1907   -1   1958   1
c  1907   -1   1856   1
c  1860   -1   1858   1
c  1860   -1   1857   1
c  1909   -1   1960   1
c  1909   -1   1860   1
c  1910   -1   1859   1
c  1910   -1   1861   1
c  1908   -1   1860   1
c  1961   -1   1861   1
c  1961   -1   1910   1
c  1861   -1   1912   1
c  1861   -1   1812   1
c  1376   -1   1427   1
c  1376   -1   1328   1
c  1377   -1   1428   1
c  1377   -1   1430   1
c  1427   -1   1478   1
c  1427   -1   1429   1
c  1083   -1   1032   1
c  984   -1   986   1
c  984   -1   987   1
c  1034   -1   1085   1
c  1034   -1   1083   1
c  1084   -1   1033   1
c  1035   -1   1084   1
c  1035   -1   1033   1
c  935   -1   987   1
c  935   -1   887   1
c  1230   -1   1281   1
c  1279   -1   1230   1
c  1279   -1   1180   1
c  1280   -1   1229   1
c  1280   -1   1228   1
c  1133   -1   1182   1
c  1133   -1   1232   1
c  1182   -1   1233   1
c  1182   -1   1230   1
c  1233   -1   1284   1
c  1233   -1   1333   1
c  1184   -1   1284   1
c  1184   -1   1135   1
c  1232   -1   1183   1
c  1232   -1   1283   1
c  1283   -1   1281   1
c  1181   -1   1281   1
c  1181   -1   1280   1
c  1281   -1   1330   1
c  1281   -1   1381   1
c  1474   -1   1525   1
c  1524   -1   1573   1
c  1524   -1   1575   1
c  1426   -1   1375   1
c  1426   -1   1477   1
c  1476   -1   1527   1
c  1476   -1   1427   1
c  1425   -1   1474   1
c  1425   -1   1473   1
c  1378   -1   1427   1
c  1378   -1   1429   1
c  1379   -1   1428   1
c  1379   -1   1530   1
c  1329   -1   1280   1
c  1329   -1   1331   1
c  1330   -1   1279   1
c  1330   -1   1328   1
c  1428   -1   1426   1
c  1428   -1   1376   1
c  539   -1   537   1
c  539   -1   587   1
c  588   -1   637   1
c  588   -1   489   1
c  687   -1   738   1
c  687   -1   638   1
c  638   -1   589   1
c  638   -1   538   1
c  737   -1   786   1
c  737   -1   785   1
c  837   -1   737   1
c  837   -1   689   1
c  788   -1   688   1
c  788   -1   839   1
c  838   -1   787   1
c  838   -1   738   1
c  789   -1   791   1
c  789   -1   787   1
c  688   -1   639   1
c  688   -1   588   1
c  739   -1   741   1
c  739   -1   737   1
c  689   -1   738   1
c  689   -1   640   1
c  589   -1   640   1
c  589   -1   690   1
c  590   -1   539   1
c  590   -1   593   1
c  938   -1   989   1
c  938   -1   884   1
c  1036   -1   1034   1
c  1036   -1   1084   1
c  886   -1   938   1
c  886   -1   985   1
c  936   -1   887   1
c  936   -1   885   1
c  887   -1   836   1
c  887   -1   889   1
c  690   -1   639   1
c  690   -1   538   1
c  490   -1   539   1
c  490   -1   541   1
c  43   -1   45   1
c  43   -1   95   1
c  44   -1   42   1
c  44   -1   93   1
c  94   -1   96   1
c  94   -1   145   1
c  194   -1   145   1
c  145   -1   196   1
c  145   -1   197   1
c  146   -1   144   1
c  147   -1   194   1
c  147   -1   144   1
c  297   -1   144   1
c  294   -1   345   1
c  294   -1   346   1
c  293   -1   244   1
c  293   -1   342   1
c  441   -1   443   1
c  441   -1   444   1
c  639   -1   540   1
c  639   -1   440   1
c  343   -1   392   1
c  343   -1   442   1
c  442   -1   391   1
c  393   -1   444   1
c  393   -1   445   1
c  492   -1   393   1
c  493   -1   442   1
c  493   -1   441   1
c  244   -1   246   1
c  244   -1   196   1
c  344   -1   395   1
c  344   -1   445   1
c  444   -1   344   1
c  395   -1   444   1
c  395   -1   397   1
c  445   -1   494   1
c  445   -1   394   1
c  345   -1   343   1
c  345   -1   443   1
c  1952   -1   2001   1
c  1952   -1   2052   1
c  1951   -1   2002   1
c  2004   -1   1955   1
c  2004   -1   1904   1
c  2003   -1   2052   1
c  2003   -1   2102   1
c  2054   -1   2103   1
c  2054   -1   2203   1
c  2103   -1   2106   1
c  2103   -1   2357   1
c  2154   -1   2205   1
c  2154   -1   2206   1
c  2105   -1   2156   1
c  2105   -1   2157   1
c  2053   -1   2104   1
c  2053   -1   2102   1
c  1720   -1   1771   1
c  1720   -1   1769   1
c  1770   -1   1721   1
c  1819   -1   1870   1
c  1819   -1   1871   1
c  1821   -1   1872   1
c  1821   -1   1769   1
c  1772   -1   1821   1
c  1772   -1   1871   1
c  1722   -1   1822   1
c  1722   -1   1771   1
c  1871   -1   1822   1
c  1871   -1   1771   1
c  1822   -1   1771   1
c  1822   -1   1873   1
c  1573   -1   1622   1
c  1573   -1   1575   1
c  1475   -1   1526   1
c  1475   -1   1524   1
c  1525   -1   1523   1
c  1525   -1   1574   1
c  1623   -1   1523   1
c  1623   -1   1722   1
c  1674   -1   1723   1
c  1674   -1   1672   1
c  1723   -1   1623   1
c  1723   -1   1774   1
c  1675   -1   1673   1
c  1675   -1   1724   1
c  1624   -1   1724   1
c  1624   -1   1775   1
c  1575   -1   1475   1
c  1576   -1   1574   1
c  1676   -1   1624   1
c  1676   -1   1574   1
c  1912   -1   2012   1
c  1912   -1   2013   1
c  1963   -1   2012   1
c  1963   -1   1961   1
c  1962   -1   1913   1
c  1962   -1   1964   1
c  2013   -1   1913   1
c  2013   -1   1962   1
c  2014   -1   1965   1
c  2014   -1   1963   1
c  1964   -1   2015   1
c  1964   -1   2065   1
c  1915   -1   1964   1
c  1915   -1   1967   1
c  1965   -1   2016   1
c  1867   -1   1916   1
c  1867   -1   2016   1
c  1917   -1   1966   1
c  1917   -1   1866   1
c  1918   -1   1967   1
c  1918   -1   1866   1
c  1868   -1   1917   1
c  1966   -1   2017   1
c  1966   -1   1964   1
c  1869   -1   1818   1
c  1869   -1   1968   1
c  1478   -1   1430   1
c  1955   -1   2006   1
c  1955   -1   2007   1
c  2006   -1   2055   1
c  2006   -1   2057   1
c  1957   -1   1960   1
c  1957   -1   1910   1
c  1958   -1   2007   1
c  1958   -1   1956   1
c  2157   -1   2057   1
c  2157   -1   1956   1
c  2007   -1   2009   1
c  2055   -1   2004   1
c  2055   -1   1954   1
c  1959   -1   1908   1
c  1959   -1   2010   1
c  1960   -1   1911   1
c  1960   -1   1962   1
c  1911   -1   1962   1
c  1911   -1   2012   1
c  2011   -1   2062   1
c  2011   -1   2013   1
c  2010   -1   1961   1
c  1430   -1   1481   1
c  1430   -1   1381   1
c  1477   -1   1528   1
c  1477   -1   1578   1
c  1429   -1   1478   1
c  1429   -1   1380   1
c  1135   -1   1084   1
c  1135   -1   1083   1
c  985   -1   1036   1
c  985   -1   1034   1
c  986   -1   1034   1
c  987   -1   1036   1
c  987   -1   1035   1
c  1085   -1   985   1
c  1134   -1   1085   1
c  1134   -1   1237   1
c  1231   -1   1282   1
c  1231   -1   1280   1
c  1334   -1   1383   1
c  1334   -1   1230   1
c  1234   -1   1185   1
c  1234   -1   1283   1
c  1282   -1   1233   1
c  1282   -1   1284   1
c  1284   -1   1286   1
c  1284   -1   1336   1
c  1333   -1   1382   1
c  1333   -1   1381   1
c  1185   -1   1187   1
c  1185   -1   1134   1
c  1331   -1   1382   1
c  1331   -1   1282   1
c  1332   -1   1281   1
c  1332   -1   1330   1
c  1381   -1   1379   1
c  1381   -1   1330   1
c  1526   -1   1575   1
c  1526   -1   1625   1
c  1527   -1   1576   1
c  1527   -1   1575   1
c  1380   -1   1480   1
c  1380   -1   1431   1
c  1530   -1   1532   1
c  1530   -1   1482   1
c  540   -1   589   1
c  640   -1   539   1
c  888   -1   937   1
c  888   -1   837   1
c  839   -1   890   1
c  839   -1   739   1
c  790   -1   839   1
c  790   -1   841   1
c  791   -1   793   1
c  791   -1   794   1
c  740   -1   689   1
c  741   -1   641   1
c  741   -1   591   1
c  691   -1   740   1
c  691   -1   689   1
c  591   -1   642   1
c  591   -1   542   1
c  593   -1   595   1
c  593   -1   544   1
c  937   -1   889   1
c  988   -1   937   1
c  988   -1   1039   1
c  939   -1   937   1
c  939   -1   887   1
c  1038   -1   938   1
c  1038   -1   989   1
c  989   -1   1040   1
c  989   -1   888   1
c  1086   -1   1088   1
c  1037   -1   986   1
c  1037   -1   1086   1
c  940   -1   841   1
c  940   -1   887   1
c  889   -1   940   1
c  889   -1   990   1
c  491   -1   540   1
c  491   -1   542   1
c  541   -1   592   1
c  541   -1   442   1
c  45   -1   96   1
c  45   -1   98   1
c  95   -1   44   1
c  95   -1   93   1
c  195   -1   95   1
c  195   -1   94   1
c  196   -1   148   1
c  197   -1   246   1
c  197   -1   98   1
c  46   -1   146   1
c  46   -1   98   1
c  97   -1   146   1
c  97   -1   46   1
c  148   -1   199   1
c  148   -1   249   1
c  48   -1   147   1
c  48   -1   196   1
c  247   -1   347   1
c  296   -1   247   1
c  296   -1   248   1
c  347   -1   298   1
c  347   -1   398   1
c  298   -1   249   1
c  298   -1   198   1
c  246   -1   297   1
c  248   -1   297   1
c  248   -1   197   1
c  198   -1   247   1
c  198   -1   297   1
c  397   -1   297   1
c  295   -1   346   1
c  295   -1   396   1
c  346   -1   397   1
c  346   -1   447   1
c  443   -1   492   1
c  443   -1   495   1
c  641   -1   692   1
c  641   -1   639   1
c  542   -1   642   1
c  542   -1   641   1
c  543   -1   594   1
c  543   -1   494   1
c  494   -1   395   1
c  592   -1   543   1
c  592   -1   493   1
c  245   -1   345   1
c  245   -1   395   1
c  396   -1   345   1
c  446   -1   497   1
c  446   -1   395   1
c  495   -1   544   1
c  495   -1   395   1
c  497   -1   445   1
c  2002   -1   2051   1
c  2001   -1   2003   1
c  2052   -1   2101   1
c  2052   -1   2151   1
c  2005   -1   2056   1
c  2005   -1   2054   1
c  2102   -1   2153   1
c  2102   -1   2253   1
c  2203   -1   2152   1
c  2203   -1   2201   1
c  2153   -1   2253   1
c  2153   -1   2204   1
c  2152   -1   2103   1
c  2152   -1   2101   1
c  2106   -1   2206   1
c  2106   -1   2158   1
c  2357   -1   2457   1
c  2357   -1   2406   1
c  2155   -1   2206   1
c  2155   -1   2153   1
c  2205   -1   2156   1
c  2205   -1   2253   1
c  2206   -1   2255   1
c  2206   -1   2157   1
c  2056   -1   2007   1
c  2056   -1   2105   1
c  2156   -1   2306   1
c  2156   -1   2153   1
c  2051   -1   2053   1
c  2051   -1   2005   1
c  2254   -1   2305   1
c  2254   -1   2354   1
c  2202   -1   2204   1
c  2202   -1   2301   1
c  2303   -1   2254   1
c  2303   -1   2204   1
c  1820   -1   1720   1
c  1820   -1   1920   1
c  1870   -1   1821   1
c  1870   -1   1872   1
c  1971   -1   1922   1
c  1971   -1   1821   1
c  1872   -1   1924   1
c  1773   -1   1822   1
c  1921   -1   2021   1
c  1921   -1   2071   1
c  2022   -1   2073   1
c  2022   -1   1871   1
c  1823   -1   1774   1
c  1823   -1   1874   1
c  1873   -1   1773   1
c  1873   -1   1924   1
c  1625   -1   1525   1
c  1625   -1   1576   1
c  1724   -1   1773   1
c  1724   -1   1823   1
c  1774   -1   1725   1
c  1774   -1   1675   1
c  1725   -1   1676   1
c  1725   -1   1825   1
c  1777   -1   1675   1
c  1775   -1   1824   1
c  1775   -1   1777   1
c  1626   -1   1575   1
c  1626   -1   1577   1
c  1577   -1   1526   1
c  1577   -1   1575   1
c  1627   -1   1629   1
c  1627   -1   1576   1
c  1726   -1   1777   1
c  1726   -1   1826   1
c  1677   -1   1628   1
c  1677   -1   1626   1
c  1727   -1   1676   1
c  1727   -1   1778   1
c  1728   -1   1726   1
c  1728   -1   1676   1
c  2012   -1   2014   1
c  2012   -1   2063   1
c  2063   -1   2112   1
c  2063   -1   2115   1
c  2064   -1   2013   1
c  2064   -1   2015   1
c  2065   -1   2014   1
c  2065   -1   2013   1
c  2015   -1   1966   1
c  2015   -1   2066   1
c  2112   -1   2014   1
c  2112   -1   2310   1
c  1967   -1   2018   1
c  2016   -1   2065   1
c  2016   -1   1918   1
c  1968   -1   2017   1
c  1968   -1   2019   1
c  1919   -1   2018   1
c  1919   -1   2017   1
c  1969   -1   1918   1
c  1969   -1   1868   1
c  1920   -1   1869   1
c  1920   -1   1918   1
c  1972   -1   1920   1
c  1972   -1   1868   1
c  2017   -1   2068   1
c  1528   -1   1479   1
c  1528   -1   1628   1
c  1479   -1   1481   1
c  1479   -1   1531   1
c  1578   -1   1478   1
c  1578   -1   1529   1
c  2008   -1   2006   1
c  2008   -1   2056   1
c  2057   -1   2106   1
c  2057   -1   2206   1
c  2107   -1   2156   1
c  2107   -1   2055   1
c  2207   -1   2256   1
c  2207   -1   2156   1
c  2158   -1   2156   1
c  2058   -1   2107   1
c  2058   -1   2157   1
c  2009   -1   2060   1
c  2009   -1   2110   1
c  2111   -1   2055   1
c  2111   -1   2005   1
c  2060   -1   1960   1
c  2060   -1   2011   1
c  2061   -1   2112   1
c  2061   -1   2211   1
c  2062   -1   2060   1
c  2062   -1   2111   1
c  2110   -1   2010   1
c  1480   -1   1431   1
c  1480   -1   1531   1
c  1431   -1   1433   1
c  1481   -1   1432   1
c  1481   -1   1532   1
c  1529   -1   1577   1
c  1529   -1   1477   1
c  1136   -1   1237   1
c  1136   -1   987   1
c  1285   -1   1185   1
c  1285   -1   1135   1
c  1237   -1   1286   1
c  1237   -1   1186   1
c  1384   -1   1333   1
c  1335   -1   1384   1
c  1335   -1   1383   1
c  1336   -1   1334   1
c  1336   -1   1338   1
c  1383   -1   1434   1
c  1383   -1   1235   1
c  1235   -1   1286   1
c  1235   -1   1335   1
c  1286   -1   1385   1
c  1186   -1   1286   1
c  1186   -1   1333   1
c  1382   -1   1480   1
c  1187   -1   1138   1
c  1187   -1   1136   1
c  1433   -1   1382   1
c  1433   -1   1332   1
c  1432   -1   1381   1
c  1432   -1   1383   1
c  1580   -1   1680   1
c  1580   -1   1679   1
c  1531   -1   1582   1
c  1531   -1   1583   1
c  1579   -1   1530   1
c  1579   -1   1531   1
c  1630   -1   1581   1
c  1630   -1   1530   1
c  1532   -1   1581   1
c  1532   -1   1580   1
c  1482   -1   1582   1
c  1482   -1   1632   1
c  840   -1   889   1
c  840   -1   888   1
c  890   -1   990   1
c  841   -1   740   1
c  792   -1   841   1
c  792   -1   843   1
c  793   -1   844   1
c  793   -1   742   1
c  794   -1   694   1
c  794   -1   743   1
c  742   -1   691   1
c  742   -1   693   1
c  692   -1   741   1
c  693   -1   691   1
c  693   -1   641   1
c  642   -1   644   1
c  642   -1   594   1
c  643   -1   543   1
c  643   -1   694   1
c  594   -1   645   1
c  595   -1   695   1
c  544   -1   595   1
c  544   -1   596   1
c  1039   -1   1088   1
c  1039   -1   1037   1
c  1088   -1   1137   1
c  1088   -1   1139   1
c  990   -1   941   1
c  1040   -1   1042   1
c  1087   -1   1089   1
c  1087   -1   1187   1
c  941   -1   1041   1
c  941   -1   992   1
c  1041   -1   1092   1
c  1041   -1   940   1
c  992   -1   940   1
c  98   -1   96   1
c  98   -1   47   1
c  47   -1   96   1
c  47   -1   95   1
c  199   -1   197   1
c  199   -1   247   1
c  149   -1   49   1
c  99   -1   150   1
c  99   -1   148   1
c  150   -1   148   1
c  249   -1   347   1
c  49   -1   98   1
c  49   -1   100   1
c  350   -1   250   1
c  350   -1   247   1
c  348   -1   399   1
c  348   -1   397   1
c  398   -1   400   1
c  299   -1   250   1
c  299   -1   199   1
c  399   -1   298   1
c  250   -1   150   1
c  250   -1   248   1
c  447   -1   498   1
c  447   -1   599   1
c  545   -1   494   1
c  545   -1   596   1
c  496   -1   596   1
c  496   -1   646   1
c  546   -1   497   1
c  546   -1   495   1
c  547   -1   647   1
c  547   -1   599   1
c  498   -1   549   1
c  2101   -1   2201   1
c  2151   -1   2051   1
c  2253   -1   2302   1
c  2253   -1   2301   1
c  2201   -1   2152   1
c  2201   -1   2252   1
c  2307   -1   2305   1
c  2307   -1   2207   1
c  2356   -1   2358   1
c  2356   -1   2405   1
c  2407   -1   2456   1
c  2407   -1   2455   1
c  2358   -1   2307   1
c  2306   -1   2357   1
c  2306   -1   2407   1
c  2458   -1   2357   1
c  2458   -1   2307   1
c  2457   -1   2408   1
c  2457   -1   2410   1
c  2406   -1   2355   1
c  2406   -1   2455   1
c  2255   -1   2304   1
c  2255   -1   2354   1
c  2256   -1   2254   1
c  2304   -1   2353   1
c  2304   -1   2253   1
c  2305   -1   2405   1
c  2305   -1   2406   1
c  2354   -1   2352   1
c  2354   -1   2405   1
c  2252   -1   2352   1
c  2252   -1   2402   1
c  2251   -1   2302   1
c  2251   -1   2202   1
c  2302   -1   2202   1
c  2302   -1   2403   1
c  2301   -1   2352   1
c  2301   -1   2252   1
c  2353   -1   2402   1
c  2353   -1   2401   1
c  2401   -1   2301   1
c  2401   -1   2303   1
c  2404   -1   2304   1
c  2404   -1   2303   1
c  1970   -1   1919   1
c  1970   -1   1870   1
c  2021   -1   1970   1
c  2021   -1   1920   1
c  1922   -1   1873   1
c  1922   -1   1973   1
c  1923   -1   1872   1
c  1923   -1   1974   1
c  1924   -1   1973   1
c  1924   -1   1975   1
c  2071   -1   2019   1
c  2072   -1   2121   1
c  2072   -1   2020   1
c  2023   -1   1972   1
c  2023   -1   2123   1
c  1973   -1   2022   1
c  2073   -1   1973   1
c  2073   -1   1974   1
c  1824   -1   1923   1
c  1824   -1   1973   1
c  1874   -1   1923   1
c  1874   -1   1972   1
c  1974   -1   1873   1
c  1875   -1   1726   1
c  1875   -1   1625   1
c  1776   -1   1725   1
c  1776   -1   1727   1
c  1825   -1   1876   1
c  1825   -1   1925   1
c  1827   -1   1778   1
c  1827   -1   1876   1
c  1778   -1   1726   1
c  1780   -1   1778   1
c  1780   -1   1777   1
c  1628   -1   1630   1
c  1629   -1   1729   1
c  1629   -1   1678   1
c  1826   -1   1778   1
c  1826   -1   1728   1
c  1678   -1   1680   1
c  1729   -1   1778   1
c  1729   -1   1829   1
c  1779   -1   1728   1
c  1779   -1   1678   1
c  2113   -1   2162   1
c  2113   -1   2062   1
c  2114   -1   2063   1
c  2114   -1   2065   1
c  2115   -1   2017   1
c  2066   -1   2115   1
c  2066   -1   2165   1
c  2162   -1   2111   1
c  2162   -1   2164   1
c  2163   -1   2112   1
c  2163   -1   2212   1
c  2310   -1   2359   1
c  2310   -1   2361   1
c  2018   -1   2066   1
c  2018   -1   2116   1
c  2116   -1   2016   1
c  2116   -1   2068   1
c  2019   -1   1919   1
c  2069   -1   2118   1
c  2069   -1   1969   1
c  2020   -1   1969   1
c  2020   -1   2071   1
c  2119   -1   2019   1
c  2119   -1   1972   1
c  2067   -1   2118   1
c  2067   -1   2119   1
c  2068   -1   2117   1
c  2068   -1   2168   1
c  1679   -1   1628   1
c  1679   -1   1578   1
c  2108   -1   2059   1
c  2108   -1   2057   1
c  2257   -1   2308   1
c  2257   -1   2306   1
c  2208   -1   2159   1
c  2208   -1   2108   1
c  2159   -1   2161   1
c  2159   -1   2111   1
c  2109   -1   2158   1
c  2109   -1   2309   1
c  2059   -1   2110   1
c  2059   -1   2160   1
c  2161   -1   2212   1
c  2161   -1   2213   1
c  2211   -1   2260   1
c  2211   -1   2159   1
c  2160   -1   2260   1
c  2160   -1   2261   1
c  1137   -1   1186   1
c  1137   -1   1188   1
c  1236   -1   1285   1
c  1236   -1   1187   1
c  1287   -1   1338   1
c  1287   -1   1388   1
c  1238   -1   1289   1
c  1289   -1   1287   1
c  1289   -1   1237   1
c  1434   -1   1385   1
c  1385   -1   1433   1
c  1385   -1   1432   1
c  1435   -1   1384   1
c  1435   -1   1484   1
c  1386   -1   1286   1
c  1386   -1   1287   1
c  1337   -1   1288   1
c  1337   -1   1286   1
c  1338   -1   1387   1
c  1338   -1   1189   1
c  1188   -1   1087   1
c  1138   -1   1189   1
c  1483   -1   1534   1
c  1483   -1   1532   1
c  1581   -1   1632   1
c  1581   -1   1633   1
c  1680   -1   1780   1
c  1680   -1   1731   1
c  1533   -1   1582   1
c  1533   -1   1531   1
c  1582   -1   1682   1
c  1582   -1   1681   1
c  1583   -1   1534   1
c  1583   -1   1484   1
c  1631   -1   1680   1
c  1631   -1   1682   1
c  1632   -1   1583   1
c  1632   -1   1681   1
c  891   -1   842   1
c  891   -1   840   1
c  942   -1   891   1
c  942   -1   890   1
c  842   -1   893   1
c  842   -1   894   1
c  843   -1   894   1
c  843   -1   895   1
c  743   -1   692   1
c  743   -1   694   1
c  844   -1   842   1
c  844   -1   896   1
c  744   -1   795   1
c  744   -1   796   1
c  795   -1   594   1
c  795   -1   544   1
c  694   -1   594   1
c  695   -1   795   1
c  695   -1   693   1
c  644   -1   595   1
c  644   -1   546   1
c  645   -1   647   1
c  645   -1   643   1
c  596   -1   645   1
c  596   -1   594   1
c  598   -1   600   1
c  598   -1   595   1
c  1089   -1   1138   1
c  1089   -1   1040   1
c  1090   -1   1041   1
c  1090   -1   1039   1
c  1139   -1   1188   1
c  991   -1   1040   1
c  991   -1   891   1
c  1091   -1   1040   1
c  1091   -1   1042   1
c  1042   -1   991   1
c  1042   -1   942   1
c  1092   -1   1143   1
c  1092   -1   1043   1
c  993   -1   991   1
c  993   -1   1044   1
c  892   -1   943   1
c  892   -1   992   1
c  50   -1   99   1
c  50   -1   98   1
c  200   -1   249   1
c  200   -1   149   1
c  100   -1   149   1
c  300   -1   400   1
c  300   -1   349   1
c  349   -1   449   1
c  349   -1   400   1
c  448   -1   399   1
c  448   -1   400   1
c  449   -1   398   1
c  449   -1   500   1
c  450   -1   399   1
c  450   -1   548   1
c  500   -1   399   1
c  599   -1   550   1
c  599   -1   597   1
c  646   -1   697   1
c  646   -1   598   1
c  597   -1   548   1
c  597   -1   549   1
c  548   -1   499   1
c  548   -1   599   1
c  647   -1   596   1
c  647   -1   696   1
c  499   -1   550   1
c  499   -1   650   1
c  549   -1   500   1
c  549   -1   600   1
c  2308   -1   2208   1
c  2258   -1   2307   1
c  2258   -1   2255   1
c  2355   -1   2255   1
c  2355   -1   2256   1
c  2456   -1   2356   1
c  2456   -1   2459   1
c  2405   -1   2454   1
c  2408   -1   2459   1
c  2408   -1   2410   1
c  2455   -1   2355   1
c  2359   -1   2410   1
c  2359   -1   2411   1
c  2309   -1   2358   1
c  2309   -1   2408   1
c  2459   -1   2359   1
c  2459   -1   2360   1
c  2410   -1   2461   1
c  2410   -1   2459   1
c  2352   -1   2405   1
c  2352   -1   2406   1
c  2402   -1   2453   1
c  2403   -1   2454   1
c  2403   -1   2455   1
c  2351   -1   2402   1
c  2351   -1   2403   1
c  2451   -1   2351   1
c  2451   -1   2352   1
c  2452   -1   2401   1
c  2452   -1   2352   1
c  2453   -1   2401   1
c  2122   -1   2073   1
c  2122   -1   2021   1
c  2024   -1   1973   1
c  2024   -1   1923   1
c  1925   -1   1976   1
c  1925   -1   2025   1
c  1975   -1   2024   1
c  2070   -1   2119   1
c  2070   -1   2019   1
c  2121   -1   2170   1
c  2121   -1   2070   1
c  2124   -1   2126   1
c  2124   -1   2023   1
c  2123   -1   2172   1
c  2123   -1   2125   1
c  2074   -1   2125   1
c  2074   -1   2175   1
c  2025   -1   1974   1
c  2025   -1   2074   1
c  1876   -1   1878   1
c  1876   -1   1927   1
c  1877   -1   1828   1
c  1877   -1   1829   1
c  1828   -1   1879   1
c  1828   -1   1779   1
c  1730   -1   1681   1
c  1730   -1   1732   1
c  1830   -1   1879   1
c  1830   -1   1881   1
c  1781   -1   1832   1
c  1781   -1   1883   1
c  1880   -1   1780   1
c  1880   -1   1929   1
c  1879   -1   1780   1
c  1829   -1   1878   1
c  1829   -1   1979   1
c  2164   -1   2116   1
c  2165   -1   2163   1
c  2165   -1   2213   1
c  2212   -1   2210   1
c  2213   -1   2164   1
c  2213   -1   2166   1
c  2214   -1   2163   1
c  2214   -1   2216   1
c  2260   -1   2309   1
c  2260   -1   2308   1
c  2360   -1   2309   1
c  2360   -1   2409   1
c  2311   -1   2211   1
c  2259   -1   2310   1
c  2259   -1   2360   1
c  2209   -1   2160   1
c  2209   -1   2310   1
c  2262   -1   2311   1
c  2262   -1   2310   1
c  2460   -1   2409   1
c  2460   -1   2310   1
c  2361   -1   2363   1
c  2361   -1   2462   1
c  2166   -1   2117   1
c  2166   -1   2118   1
c  2117   -1   2168   1
c  2117   -1   2119   1
c  2118   -1   2019   1
c  2118   -1   2070   1
c  2169   -1   2218   1
c  2169   -1   2220   1
c  2120   -1   2171   1
c  2120   -1   2270   1
c  2219   -1   2119   1
c  2219   -1   2217   1
c  2168   -1   2219   1
c  2210   -1   2259   1
c  2210   -1   2311   1
c  2261   -1   2210   1
c  2261   -1   2209   1
c  2263   -1   2212   1
c  2263   -1   2211   1
c  1288   -1   1339   1
c  1288   -1   1189   1
c  1387   -1   1287   1
c  1388   -1   1439   1
c  1388   -1   1490   1
c  1239   -1   1288   1
c  1239   -1   1291   1
c  1189   -1   1240   1
c  1189   -1   1238   1
c  1339   -1   1290   1
c  1290   -1   1190   1
c  1290   -1   1241   1
c  1240   -1   1289   1
c  1240   -1   1288   1
c  1484   -1   1436   1
c  1485   -1   1534   1
c  1485   -1   1483   1
c  1436   -1   1487   1
c  1436   -1   1537   1
c  1534   -1   1435   1
c  1534   -1   1635   1
c  1486   -1   1386   1
c  1633   -1   1582   1
c  1633   -1   1631   1
c  1681   -1   1781   1
c  1731   -1   1682   1
c  1731   -1   1684   1
c  1682   -1   1733   1
c  1682   -1   1784   1
c  1584   -1   1633   1
c  1584   -1   1684   1
c  943   -1   945   1
c  943   -1   842   1
c  894   -1   845   1
c  894   -1   942   1
c  893   -1   844   1
c  893   -1   845   1
c  944   -1   893   1
c  944   -1   843   1
c  895   -1   995   1
c  895   -1   795   1
c  845   -1   745   1
c  845   -1   946   1
c  896   -1   898   1
c  745   -1   696   1
c  745   -1   646   1
c  796   -1   847   1
c  796   -1   897   1
c  846   -1   946   1
c  846   -1   795   1
c  746   -1   697   1
c  746   -1   694   1
c  697   -1   695   1
c  697   -1   694   1
c  696   -1   747   1
c  648   -1   699   1
c  648   -1   749   1
c  600   -1   499   1
c  1140   -1   1191   1
c  1140   -1   991   1
c  1141   -1   1241   1
c  1141   -1   1090   1
c  1190   -1   1241   1
c  1190   -1   1139   1
c  1043   -1   1095   1
c  1043   -1   1145   1
c  1242   -1   1042   1
c  1142   -1   1193   1
c  1142   -1   1292   1
c  1093   -1   993   1
c  1093   -1   994   1
c  1094   -1   1092   1
c  1095   -1   1144   1
c  1095   -1   1092   1
c  1143   -1   1245   1
c  1143   -1   996   1
c  994   -1   894   1
c  994   -1   943   1
c  1044   -1   1046   1
c  1044   -1   1142   1
c  550   -1   450   1
c  550   -1   400   1
c  649   -1   698   1
c  649   -1   700   1
c  650   -1   599   1
c  650   -1   549   1
c  700   -1   549   1
c  750   -1   799   1
c  750   -1   549   1
c  2409   -1   2411   1
c  2411   -1   2264   1
c  2461   -1   2412   1
c  2172   -1   2223   1
c  2172   -1   2273   1
c  2173   -1   2124   1
c  2173   -1   2122   1
c  2075   -1   2024   1
c  2075   -1   2123   1
c  2026   -1   2077   1
c  2026   -1   2024   1
c  1926   -1   2026   1
c  1926   -1   2027   1
c  1976   -1   2025   1
c  1976   -1   1978   1
c  2171   -1   2169   1
c  2171   -1   2271   1
c  2170   -1   2172   1
c  2174   -1   2273   1
c  2174   -1   2272   1
c  2125   -1   2174   1
c  2175   -1   2226   1
c  2175   -1   2124   1
c  2126   -1   2128   1
c  2127   -1   2075   1
c  2127   -1   2025   1
c  1878   -1   1929   1
c  1878   -1   1978   1
c  1927   -1   1878   1
c  1927   -1   1828   1
c  1732   -1   1681   1
c  1732   -1   1734   1
c  1831   -1   1782   1
c  1831   -1   1783   1
c  1832   -1   1881   1
c  1832   -1   1830   1
c  1783   -1   1832   1
c  1783   -1   1830   1
c  1782   -1   1784   1
c  1782   -1   1682   1
c  1883   -1   1982   1
c  1883   -1   2032   1
c  1930   -1   1979   1
c  1930   -1   1981   1
c  1882   -1   1880   1
c  1882   -1   1930   1
c  1982   -1   2031   1
c  1982   -1   1880   1
c  1929   -1   1881   1
c  1928   -1   1926   1
c  1928   -1   1879   1
c  1979   -1   2030   1
c  1979   -1   2031   1
c  2215   -1   2166   1
c  2215   -1   2266   1
c  2264   -1   2364   1
c  2264   -1   2365   1
c  2216   -1   2267   1
c  2216   -1   2317   1
c  2312   -1   2314   1
c  2312   -1   2264   1
c  2362   -1   2364   1
c  2362   -1   2365   1
c  2363   -1   2412   1
c  2363   -1   2314   1
c  2462   -1   2413   1
c  2462   -1   2363   1
c  2167   -1   2118   1
c  2167   -1   2218   1
c  2218   -1   2269   1
c  2220   -1   2171   1
c  2220   -1   2422   1
c  2270   -1   2221   1
c  2270   -1   2268   1
c  2269   -1   2320   1
c  2217   -1   2215   1
c  2217   -1   2266   1
c  2313   -1   2264   1
c  2313   -1   2414   1
c  1437   -1   1486   1
c  1437   -1   1485   1
c  1438   -1   1489   1
c  1438   -1   1389   1
c  1389   -1   1239   1
c  1389   -1   1290   1
c  1390   -1   1388   1
c  1390   -1   1339   1
c  1439   -1   1488   1
c  1439   -1   1390   1
c  1490   -1   1492   1
c  1490   -1   1541   1
c  1291   -1   1242   1
c  1291   -1   1243   1
c  1340   -1   1391   1
c  1340   -1   1343   1
c  1241   -1   1292   1
c  1241   -1   1342   1
c  1191   -1   1240   1
c  1191   -1   1242   1
c  1535   -1   1537   1
c  1535   -1   1538   1
c  1536   -1   1436   1
c  1487   -1   1438   1
c  1537   -1   1588   1
c  1537   -1   1586   1
c  1586   -1   1486   1
c  1586   -1   1534   1
c  1684   -1   1633   1
c  1684   -1   1534   1
c  1635   -1   1684   1
c  1635   -1   1735   1
c  1683   -1   1734   1
c  1634   -1   1683   1
c  1634   -1   1682   1
c  1733   -1   1782   1
c  1784   -1   1833   1
c  1585   -1   1685   1
c  1585   -1   1686   1
c  945   -1   894   1
c  946   -1   944   1
c  995   -1   1095   1
c  995   -1   1145   1
c  897   -1   946   1
c  897   -1   948   1
c  847   -1   896   1
c  847   -1   946   1
c  898   -1   947   1
c  898   -1   997   1
c  797   -1   848   1
c  797   -1   898   1
c  849   -1   846   1
c  747   -1   698   1
c  698   -1   696   1
c  699   -1   750   1
c  749   -1   698   1
c  749   -1   798   1
c  1145   -1   1196   1
c  1145   -1   1245   1
c  1192   -1   1243   1
c  1192   -1   1244   1
c  1292   -1   1341   1
c  1292   -1   1392   1
c  1243   -1   1294   1
c  1243   -1   1292   1
c  1193   -1   1242   1
c  1193   -1   1191   1
c  1244   -1   1293   1
c  1244   -1   1242   1
c  1144   -1   1195   1
c  1144   -1   1246   1
c  1045   -1   1094   1
c  1045   -1   994   1
c  1096   -1   1145   1
c  1096   -1   1045   1
c  1195   -1   1095   1
c  1195   -1   1045   1
c  1147   -1   1095   1
c  1147   -1   1245   1
c  1194   -1   1245   1
c  1194   -1   1143   1
c  996   -1   1045   1
c  996   -1   847   1
c  1046   -1   1146   1
c  1046   -1   1147   1
c  748   -1   699   1
c  748   -1   649   1
c  800   -1   900   1
c  800   -1   899   1
c  799   -1   748   1
c  799   -1   850   1
c  2412   -1   2463   1
c  2222   -1   2173   1
c  2222   -1   2224   1
c  2223   -1   2225   1
c  2273   -1   2271   1
c  2273   -1   2171   1
c  2221   -1   2223   1
c  2221   -1   2173   1
c  2224   -1   2173   1
c  2224   -1   2275   1
c  2076   -1   2125   1
c  2076   -1   1977   1
c  2027   -1   2076   1
c  2027   -1   2078   1
c  2077   -1   2028   1
c  2077   -1   2126   1
c  1977   -1   2028   1
c  1977   -1   2029   1
c  2226   -1   2275   1
c  2226   -1   1976   1
c  1978   -1   1927   1
c  2271   -1   2322   1
c  2271   -1   2323   1
c  2272   -1   2321   1
c  2272   -1   2371   1
c  2225   -1   2274   1
c  2176   -1   2227   1
c  2176   -1   2225   1
c  2177   -1   2175   1
c  2177   -1   2077   1
c  2276   -1   2176   1
c  2276   -1   2126   1
c  2128   -1   2179   1
c  2128   -1   2080   1
c  1734   -1   1634   1
c  1734   -1   1635   1
c  1833   -1   1782   1
c  1931   -1   1982   1
c  1931   -1   1983   1
c  1933   -1   1984   1
c  1933   -1   1981   1
c  1884   -1   1835   1
c  1884   -1   1785   1
c  1934   -1   1883   1
c  1934   -1   1834   1
c  2032   -1   1983   1
c  2032   -1   2081   1
c  1980   -1   1978   1
c  1980   -1   2028   1
c  1981   -1   1983   1
c  1981   -1   1984   1
c  1932   -1   1983   1
c  1932   -1   1981   1
c  1735   -1   1784   1
c  1735   -1   1882   1
c  1983   -1   1934   1
c  2031   -1   1980   1
c  2029   -1   2078   1
c  2029   -1   2080   1
c  2030   -1   1981   1
c  2265   -1   2216   1
c  2265   -1   2316   1
c  2266   -1   2264   1
c  2266   -1   2313   1
c  2314   -1   2365   1
c  2314   -1   2415   1
c  2315   -1   2264   1
c  2315   -1   2416   1
c  2364   -1   2413   1
c  2364   -1   2415   1
c  2365   -1   2414   1
c  2267   -1   2218   1
c  2267   -1   2368   1
c  2317   -1   2366   1
c  2317   -1   2266   1
c  2413   -1   2313   1
c  2413   -1   2362   1
c  2463   -1   2363   1
c  2463   -1   2313   1
c  2268   -1   2319   1
c  2268   -1   2317   1
c  2422   -1   2471   1
c  2422   -1   2473   1
c  2320   -1   2271   1
c  2320   -1   2372   1
c  2319   -1   2370   1
c  2319   -1   2419   1
c  2414   -1   2465   1
c  1488   -1   1537   1
c  1488   -1   1536   1
c  1489   -1   1487   1
c  1489   -1   1536   1
c  1491   -1   1389   1
c  1440   -1   1491   1
c  1440   -1   1540   1
c  1391   -1   1342   1
c  1391   -1   1443   1
c  1392   -1   1443   1
c  1392   -1   1390   1
c  1442   -1   1440   1
c  1442   -1   1390   1
c  1394   -1   1342   1
c  1394   -1   1390   1
c  1539   -1   1488   1
c  1539   -1   1439   1
c  1540   -1   1491   1
c  1540   -1   1492   1
c  1538   -1   1489   1
c  1538   -1   1490   1
c  1441   -1   1492   1
c  1441   -1   1490   1
c  1589   -1   1540   1
c  1589   -1   1490   1
c  1590   -1   1588   1
c  1590   -1   1490   1
c  1492   -1   1541   1
c  1541   -1   1592   1
c  1341   -1   1393   1
c  1341   -1   1392   1
c  1342   -1   1393   1
c  1342   -1   1291   1
c  1343   -1   1394   1
c  1343   -1   1498   1
c  1587   -1   1538   1
c  1587   -1   1536   1
c  1588   -1   1586   1
c  1588   -1   1539   1
c  1636   -1   1735   1
c  1636   -1   1737   1
c  1685   -1   1734   1
c  1685   -1   1636   1
c  1834   -1   1836   1
c  1834   -1   1935   1
c  1785   -1   1736   1
c  1686   -1   1735   1
c  1686   -1   1785   1
c  947   -1   998   1
c  947   -1   996   1
c  997   -1   995   1
c  948   -1   997   1
c  848   -1   850   1
c  848   -1   997   1
c  899   -1   948   1
c  899   -1   799   1
c  999   -1   898   1
c  798   -1   849   1
c  798   -1   850   1
c  850   -1   899   1
c  900   -1   849   1
c  1146   -1   1097   1
c  1146   -1   1194   1
c  1196   -1   1247   1
c  1196   -1   1296   1
c  1293   -1   1344   1
c  1293   -1   1345   1
c  1294   -1   1292   1
c  1246   -1   1195   1
c  1246   -1   1294   1
c  1097   -1   1148   1
c  1097   -1   998   1
c  1197   -1   1248   1
c  1197   -1   1348   1
c  1148   -1   1299   1
c  1148   -1   1349   1
c  1098   -1   1147   1
c  1198   -1   1147   1
c  1198   -1   1249   1
c  1295   -1   1394   1
c  1295   -1   1444   1
c  1345   -1   1245   1
c  1296   -1   1245   1
c  1296   -1   1447   1
c  1047   -1   996   1
c  1047   -1   1098   1
c  998   -1   1047   1
c  998   -1   1046   1
c  1100   -1   1000   1
c  1100   -1   800   1
c  2323   -1   2374   1
c  2323   -1   2274   1
c  2274   -1   2276   1
c  2275   -1   2324   1
c  2275   -1   2326   1
c  2028   -1   2079   1
c  2028   -1   2129   1
c  2078   -1   1978   1
c  2227   -1   2278   1
c  2321   -1   2370   1
c  2321   -1   2423   1
c  2371   -1   2271   1
c  2371   -1   2322   1
c  2322   -1   2373   1
c  2322   -1   2423   1
c  2178   -1   2227   1
c  2178   -1   2129   1
c  2326   -1   2277   1
c  2326   -1   2377   1
c  2277   -1   2377   1
c  2277   -1   2376   1
c  2327   -1   2276   1
c  2129   -1   2229   1
c  2129   -1   2279   1
c  2179   -1   2227   1
c  2080   -1   2082   1
c  2080   -1   1980   1
c  1736   -1   1685   1
c  1736   -1   1734   1
c  1984   -1   2035   1
c  1984   -1   2036   1
c  1885   -1   1936   1
c  1885   -1   1986   1
c  1835   -1   1837   1
c  1835   -1   1886   1
c  1935   -1   1986   1
c  1935   -1   1836   1
c  2082   -1   2031   1
c  2082   -1   2033   1
c  2033   -1   2084   1
c  2033   -1   1935   1
c  2081   -1   2130   1
c  2081   -1   2129   1
c  2131   -1   2031   1
c  2131   -1   2232   1
c  2079   -1   2030   1
c  2316   -1   2367   1
c  2316   -1   2268   1
c  2415   -1   2466   1
c  2415   -1   2467   1
c  2416   -1   2465   1
c  2416   -1   2414   1
c  2417   -1   2365   1
c  2417   -1   2364   1
c  2366   -1   2368   1
c  2366   -1   2417   1
c  2465   -1   2365   1
c  2368   -1   2319   1
c  2368   -1   2370   1
c  2367   -1   2418   1
c  2367   -1   2416   1
c  2318   -1   2369   1
c  2318   -1   2370   1
c  2464   -1   2415   1
c  2464   -1   2416   1
c  2372   -1   2323   1
c  2372   -1   2424   1
c  2421   -1   2372   1
c  2421   -1   2470   1
c  2472   -1   2474   1
c  2472   -1   2424   1
c  2423   -1   2474   1
c  2423   -1   2472   1
c  2419   -1   2421   1
c  2419   -1   2422   1
c  2373   -1   2422   1
c  2373   -1   2472   1
c  2471   -1   2469   1
c  2473   -1   2475   1
c  2473   -1   2476   1
c  2370   -1   2419   1
c  2369   -1   2418   1
c  2369   -1   2320   1
c  1542   -1   1593   1
c  1542   -1   1491   1
c  1443   -1   1492   1
c  1393   -1   1442   1
c  1393   -1   1446   1
c  1444   -1   1442   1
c  1444   -1   1544   1
c  1344   -1   1295   1
c  1395   -1   1444   1
c  1395   -1   1397   1
c  1640   -1   1589   1
c  1640   -1   1539   1
c  1639   -1   1641   1
c  1639   -1   1538   1
c  1638   -1   1589   1
c  1638   -1   1590   1
c  1591   -1   1642   1
c  1591   -1   1443   1
c  1493   -1   1544   1
c  1493   -1   1546   1
c  1592   -1   1492   1
c  1592   -1   1543   1
c  1494   -1   1545   1
c  1494   -1   1492   1
c  1641   -1   1541   1
c  1641   -1   1542   1
c  1543   -1   1545   1
c  1543   -1   1541   1
c  1498   -1   1598   1
c  1498   -1   1599   1
c  1637   -1   1737   1
c  1637   -1   1786   1
c  1737   -1   1788   1
c  1737   -1   1785   1
c  1836   -1   1887   1
c  1836   -1   1937   1
c  1786   -1   1788   1
c  1786   -1   1789   1
c  1687   -1   1736   1
c  1687   -1   1786   1
c  1689   -1   1687   1
c  1689   -1   1686   1
c  949   -1   1000   1
c  949   -1   1048   1
c  1000   -1   1049   1
c  1000   -1   848   1
c  1049   -1   899   1
c  1048   -1   999   1
c  1048   -1   1148   1
c  950   -1   999   1
c  950   -1   1049   1
c  1050   -1   999   1
c  1050   -1   1048   1
c  1247   -1   1298   1
c  1247   -1   1348   1
c  1099   -1   1097   1
c  1099   -1   1047   1
c  1248   -1   1299   1
c  1248   -1   1199   1
c  1348   -1   1248   1
c  1348   -1   1199   1
c  1149   -1   1200   1
c  1149   -1   1100   1
c  1299   -1   1350   1
c  1299   -1   1348   1
c  1349   -1   1449   1
c  1349   -1   1400   1
c  1199   -1   1099   1
c  1199   -1   1299   1
c  1249   -1   1300   1
c  1346   -1   1295   1
c  1346   -1   1344   1
c  1297   -1   1346   1
c  1297   -1   1447   1
c  1447   -1   1348   1
c  1150   -1   1099   1
c  1150   -1   1049   1
c  1250   -1   1150   1
c  1250   -1   1100   1
c  2324   -1   2375   1
c  2374   -1   2325   1
c  2325   -1   2327   1
c  2325   -1   2328   1
c  2228   -1   2277   1
c  2228   -1   2328   1
c  2278   -1   2229   1
c  2278   -1   2329   1
c  2376   -1   2327   1
c  2376   -1   2328   1
c  2377   -1   2278   1
c  2328   -1   2428   1
c  2328   -1   2427   1
c  2378   -1   2327   1
c  2378   -1   2380   1
c  2429   -1   2328   1
c  2429   -1   2327   1
c  2130   -1   2079   1
c  2130   -1   2181   1
c  2230   -1   2279   1
c  2230   -1   2129   1
c  2229   -1   2329   1
c  2229   -1   2280   1
c  2279   -1   2328   1
c  2180   -1   2229   1
c  2180   -1   2279   1
c  2034   -1   2134   1
c  2034   -1   2085   1
c  1985   -1   2034   1
c  1985   -1   1936   1
c  2035   -1   2084   1
c  2035   -1   1986   1
c  2036   -1   1985   1
c  2036   -1   2085   1
c  1886   -1   1935   1
c  1886   -1   1937   1
c  1887   -1   1936   1
c  1887   -1   1885   1
c  1986   -1   2037   1
c  1986   -1   2087   1
c  1837   -1   1937   1
c  2132   -1   2183   1
c  2132   -1   2134   1
c  2083   -1   2134   1
c  2083   -1   2034   1
c  2133   -1   2082   1
c  2133   -1   2182   1
c  2334   -1   2082   1
c  2084   -1   1985   1
c  2181   -1   2183   1
c  2181   -1   2233   1
c  2231   -1   2131   1
c  2231   -1   2282   1
c  2331   -1   2431   1
c  2331   -1   2131   1
c  2232   -1   2181   1
c  2232   -1   2130   1
c  2466   -1   2464   1
c  2466   -1   2417   1
c  2467   -1   2416   1
c  2418   -1   2469   1
c  2418   -1   2467   1
c  2424   -1   2475   1
c  2424   -1   2375   1
c  2420   -1   2469   1
c  2420   -1   2418   1
c  2470   -1   2472   1
c  2469   -1   2369   1
c  2468   -1   2419   1
c  2468   -1   2369   1
c  2475   -1   2477   1
c  2475   -1   2427   1
c  2476   -1   2377   1
c  1544   -1   1542   1
c  1544   -1   1592   1
c  1593   -1   1644   1
c  1593   -1   1591   1
c  1446   -1   1397   1
c  1446   -1   1495   1
c  1445   -1   1396   1
c  1445   -1   1545   1
c  1396   -1   1347   1
c  1396   -1   1398   1
c  1397   -1   1348   1
c  1397   -1   1346   1
c  1690   -1   1641   1
c  1690   -1   1791   1
c  1691   -1   1740   1
c  1691   -1   1640   1
c  1688   -1   1690   1
c  1688   -1   1637   1
c  1642   -1   1543   1
c  1546   -1   1598   1
c  1546   -1   1647   1
c  1495   -1   1544   1
c  1495   -1   1543   1
c  1545   -1   1644   1
c  1545   -1   1643   1
c  1741   -1   1790   1
c  1741   -1   1641   1
c  1644   -1   1543   1
c  1448   -1   1397   1
c  1448   -1   1347   1
c  1497   -1   1397   1
c  1497   -1   1548   1
c  1548   -1   1599   1
c  1548   -1   1348   1
c  1499   -1   1399   1
c  1398   -1   1498   1
c  1398   -1   1447   1
c  1549   -1   1498   1
c  1549   -1   1448   1
c  1598   -1   1649   1
c  1598   -1   1699   1
c  1787   -1   1838   1
c  1787   -1   1888   1
c  1738   -1   1838   1
c  1738   -1   1790   1
c  1788   -1   1837   1
c  1937   -1   1988   1
c  1937   -1   2036   1
c  1789   -1   1738   1
c  1789   -1   1838   1
c  1739   -1   1788   1
c  1739   -1   1839   1
c  1298   -1   1300   1
c  1298   -1   1249   1
c  1347   -1   1349   1
c  1347   -1   1399   1
c  1399   -1   1348   1
c  1200   -1   1249   1
c  1300   -1   1199   1
c  1350   -1   1250   1
c  1350   -1   1199   1
c  1449   -1   1398   1
c  1449   -1   1549   1
c  1400   -1   1300   1
c  2375   -1   2426   1
c  2375   -1   2476   1
c  2425   -1   2325   1
c  2425   -1   2376   1
c  2329   -1   2380   1
c  2329   -1   2282   1
c  2426   -1   2377   1
c  2427   -1   2476   1
c  2427   -1   2376   1
c  2428   -1   2477   1
c  2428   -1   2377   1
c  2379   -1   2381   1
c  2379   -1   2478   1
c  2478   -1   2429   1
c  2478   -1   2378   1
c  2477   -1   2378   1
c  2477   -1   2431   1
c  2380   -1   2431   1
c  2479   -1   2428   1
c  2430   -1   2479   1
c  2430   -1   2481   1
c  2280   -1   2180   1
c  2332   -1   2281   1
c  2332   -1   2230   1
c  2134   -1   2183   1
c  2085   -1   2136   1
c  2085   -1   2137   1
c  1987   -1   2036   1
c  1987   -1   1985   1
c  2086   -1   2035   1
c  2037   -1   2086   1
c  2137   -1   2186   1
c  2137   -1   2036   1
c  1888   -1   1937   1
c  1888   -1   1837   1
c  1988   -1   1887   1
c  2087   -1   2136   1
c  2087   -1   2085   1
c  1838   -1   1889   1
c  2182   -1   2231   1
c  2183   -1   2234   1
c  2135   -1   2186   1
c  2135   -1   2083   1
c  2284   -1   2384   1
c  2284   -1   2385   1
c  2333   -1   2331   1
c  2333   -1   2281   1
c  2384   -1   2333   1
c  2384   -1   2332   1
c  2335   -1   2435   1
c  2335   -1   2386   1
c  2234   -1   2334   1
c  2234   -1   2382   1
c  2233   -1   2231   1
c  2233   -1   2184   1
c  2281   -1   2283   1
c  2281   -1   2284   1
c  2283   -1   2232   1
c  2283   -1   2231   1
c  2282   -1   2380   1
c  2330   -1   2332   1
c  2330   -1   2283   1
c  2381   -1   2432   1
c  2381   -1   2383   1
c  2431   -1   2482   1
c  2431   -1   2433   1
c  1594   -1   1546   1
c  1594   -1   1396   1
c  1643   -1   1692   1
c  1643   -1   1745   1
c  1496   -1   1599   1
c  1496   -1   1500   1
c  1740   -1   1742   1
c  1792   -1   1741   1
c  1792   -1   1690   1
c  1791   -1   1842   1
c  1791   -1   1843   1
c  1692   -1   1694   1
c  1596   -1   1545   1
c  1596   -1   1547   1
c  1547   -1   1598   1
c  1547   -1   1648   1
c  1647   -1   1596   1
c  1647   -1   1595   1
c  1595   -1   1646   1
c  1595   -1   1644   1
c  1742   -1   1791   1
c  1742   -1   1793   1
c  1840   -1   1791   1
c  1840   -1   1741   1
c  1790   -1   1841   1
c  1790   -1   1842   1
c  1694   -1   1743   1
c  1694   -1   1643   1
c  1645   -1   1596   1
c  1645   -1   1696   1
c  1693   -1   1644   1
c  1693   -1   1695   1
c  1500   -1   1449   1
c  1500   -1   1448   1
c  1450   -1   1499   1
c  1450   -1   1399   1
c  1597   -1   1648   1
c  1597   -1   1499   1
c  1550   -1   1499   1
c  1550   -1   1648   1
c  1600   -1   1549   1
c  1600   -1   1500   1
c  1648   -1   1599   1
c  1648   -1   1600   1
c  1649   -1   1600   1
c  1699   -1   1750   1
c  1699   -1   1648   1
c  1650   -1   1599   1
c  1650   -1   1699   1
c  1839   -1   1788   1
c  1938   -1   1940   1
c  1938   -1   1990   1
c  2480   -1   2432   1
c  2480   -1   2384   1
c  2382   -1   2433   1
c  2382   -1   2384   1
c  2184   -1   2135   1
c  2184   -1   2085   1
c  2136   -1   2185   1
c  2038   -1   1989   1
c  2038   -1   1938   1
c  2088   -1   2037   1
c  2187   -1   2236   1
c  2187   -1   2136   1
c  2138   -1   2089   1
c  2138   -1   2087   1
c  2238   -1   2187   1
c  2238   -1   2137   1
c  2186   -1   2235   1
c  1889   -1   1938   1
c  1889   -1   1988   1
c  1939   -1   1988   1
c  1939   -1   1888   1
c  1989   -1   1991   1
c  1989   -1   2040   1
c  1940   -1   1989   1
c  1940   -1   1988   1
c  2139   -1   2088   1
c  2139   -1   2087   1
c  2185   -1   2234   1
c  2185   -1   2237   1
c  2285   -1   2386   1
c  2385   -1   2383   1
c  2385   -1   2387   1
c  2383   -1   2434   1
c  2383   -1   2483   1
c  2434   -1   2485   1
c  2434   -1   2483   1
c  2336   -1   2285   1
c  2336   -1   2287   1
c  2337   -1   2335   1
c  2337   -1   2385   1
c  2435   -1   2432   1
c  2435   -1   2431   1
c  2386   -1   2486   1
c  2386   -1   2337   1
c  2235   -1   2286   1
c  2235   -1   2184   1
c  2236   -1   2285   1
c  2236   -1   2234   1
c  2432   -1   2434   1
c  2432   -1   2481   1
c  2482   -1   2480   1
c  2433   -1   2484   1
c  2433   -1   2385   1
c  1745   -1   1696   1
c  1745   -1   1595   1
c  1793   -1   1745   1
c  1841   -1   1792   1
c  1841   -1   1843   1
c  1942   -1   1891   1
c  1942   -1   1791   1
c  1843   -1   1794   1
c  1843   -1   1942   1
c  1743   -1   1692   1
c  1646   -1   1697   1
c  1697   -1   1648   1
c  1697   -1   1699   1
c  1698   -1   1647   1
c  1698   -1   1550   1
c  1748   -1   1697   1
c  1748   -1   1647   1
c  1890   -1   1892   1
c  1890   -1   1839   1
c  1891   -1   1840   1
c  1891   -1   1940   1
c  1892   -1   1840   1
c  1744   -1   1693   1
c  1744   -1   1793   1
c  1695   -1   1744   1
c  1695   -1   1646   1
c  1746   -1   1744   1
c  1746   -1   1694   1
c  1696   -1   1747   1
c  1696   -1   1748   1
c  1749   -1   1798   1
c  1749   -1   1847   1
c  1700   -1   1749   1
c  1700   -1   1698   1
c  1750   -1   1698   1
c  1990   -1   1941   1
c  1990   -1   1890   1
c  2039   -1   2088   1
c  2039   -1   2090   1
c  2089   -1   2038   1
c  2089   -1   1989   1
c  2041   -1   2089   1
c  2041   -1   2088   1
c  2237   -1   2235   1
c  2237   -1   2289   1
c  2188   -1   2186   1
c  2188   -1   2236   1
c  2288   -1   2286   1
c  2288   -1   2336   1
c  2239   -1   2288   1
c  2239   -1   2188   1
c  2287   -1   2238   1
c  2287   -1   2437   1
c  2338   -1   2238   1
c  2338   -1   2289   1
c  2488   -1   2388   1
c  2488   -1   2238   1
c  1991   -1   1993   1
c  1991   -1   1940   1
c  2040   -1   2089   1
c  2040   -1   2139   1
c  1941   -1   1892   1
c  1941   -1   1843   1
c  1992   -1   1990   1
c  1992   -1   1940   1
c  2189   -1   2089   1
c  2189   -1   2288   1
c  2140   -1   2189   1
c  2140   -1   2039   1
c  2090   -1   2139   1
c  2090   -1   2092   1
c  2286   -1   2237   1
c  2485   -1   2385   1
c  2485   -1   2336   1
c  2387   -1   2438   1
c  2387   -1   2338   1
c  2483   -1   2432   1
c  2483   -1   2485   1
c  2484   -1   2435   1
c  2484   -1   2436   1
c  2436   -1   2336   1
c  2436   -1   2337   1
c  2437   -1   2435   1
c  2437   -1   2488   1
c  2486   -1   2437   1
c  2486   -1   2438   1
c  1795   -1   1844   1
c  1795   -1   1945   1
c  1796   -1   1745   1
c  1796   -1   1896   1
c  1794   -1   1845   1
c  1794   -1   1895   1
c  1844   -1   1893   1
c  1844   -1   1793   1
c  1893   -1   1891   1
c  1893   -1   1841   1
c  1943   -1   1894   1
c  1943   -1   1843   1
c  1944   -1   1942   1
c  1944   -1   1892   1
c  1845   -1   1843   1
c  1747   -1   1698   1
c  1747   -1   1798   1
c  1798   -1   1898   1
c  1798   -1   1899   1
c  1899   -1   1848   1
c  1899   -1   1748   1
c  1799   -1   1750   1
c  1799   -1   1700   1
c  1848   -1   1749   1
c  1848   -1   1900   1
c  1847   -1   1946   1
c  1847   -1   1945   1
c  1800   -1   1849   1
c  1800   -1   1848   1
c  2091   -1   2093   1
c  2091   -1   2042   1
c  2042   -1   2093   1
c  2042   -1   1991   1
c  2289   -1   2340   1
c  2289   -1   2342   1
c  2240   -1   2291   1
c  2240   -1   2341   1
c  2388   -1   2437   1
c  2388   -1   2487   1
c  2339   -1   2240   1
c  2339   -1   2190   1
c  2438   -1   2338   1
c  2389   -1   2338   1
c  2389   -1   2387   1
c  2487   -1   2387   1
c  2487   -1   2439   1
c  2489   -1   2389   1
c  2489   -1   2340   1
c  1993   -1   2044   1
c  1993   -1   2042   1
c  2190   -1   2290   1
c  2141   -1   2190   1
c  2141   -1   2092   1
c  2191   -1   2140   1
c  2092   -1   2143   1
c  2092   -1   2144   1
c  1797   -1   1795   1
c  1797   -1   1844   1
c  1945   -1   1896   1
c  1945   -1   1994   1
c  1846   -1   1895   1
c  1846   -1   1747   1
c  1896   -1   1947   1
c  1896   -1   1847   1
c  1895   -1   1946   1
c  1895   -1   1947   1
c  1894   -1   1945   1
c  1894   -1   1947   1
c  1994   -1   1895   1
c  1995   -1   1997   1
c  1995   -1   1944   1
c  1950   -1   1848   1
c  1950   -1   1798   1
c  1898   -1   1947   1
c  1898   -1   2045   1
c  1849   -1   1898   1
c  1949   -1   1900   1
c  1949   -1   1850   1
c  1900   -1   1847   1
c  1999   -1   1899   1
c  1999   -1   1849   1
c  1850   -1   1848   1
c  1850   -1   1799   1
c  1897   -1   1948   1
c  1897   -1   1900   1
c  2093   -1   2142   1
c  2093   -1   2192   1
c  2043   -1   2094   1
c  2043   -1   2092   1
c  2044   -1   2042   1
c  2044   -1   2095   1
c  2290   -1   2341   1
c  2290   -1   2391   1
c  2340   -1   2391   1
c  2342   -1   2291   1
c  2342   -1   2393   1
c  2241   -1   2141   1
c  2241   -1   2292   1
c  2292   -1   2290   1
c  2292   -1   2240   1
c  2291   -1   2340   1
c  2291   -1   2391   1
c  2341   -1   2292   1
c  2341   -1   2392   1
c  2439   -1   2390   1
c  2439   -1   2340   1
c  2390   -1   2290   1
c  2390   -1   2291   1
c  2490   -1   2492   1
c  2490   -1   2441   1
c  2192   -1   2241   1
c  2192   -1   2190   1
c  2142   -1   2191   1
c  2193   -1   2093   1
c  2193   -1   2141   1
c  2242   -1   2291   1
c  2242   -1   2191   1
c  2143   -1   2094   1
c  2143   -1   2043   1
c  2144   -1   2095   1
c  2144   -1   2193   1
c  1997   -1   2048   1
c  1997   -1   1797   1
c  2047   -1   2096   1
c  2047   -1   1945   1
c  1947   -1   2046   1
c  2094   -1   1994   1
c  2045   -1   1994   1
c  2045   -1   2043   1
c  1996   -1   1994   1
c  1996   -1   2045   1
c  2000   -1   2049   1
c  1948   -1   1950   1
c  1948   -1   2000   1
c  1998   -1   2098   1
c  1998   -1   2097   1
c  2049   -1   1998   1
c  2049   -1   1948   1
c  2098   -1   1999   1
c  2095   -1   2097   1
c  2095   -1   2098   1
c  2391   -1   2442   1
c  2391   -1   2492   1
c  2392   -1   2441   1
c  2392   -1   2491   1
c  2343   -1   2292   1
c  2343   -1   2245   1
c  2393   -1   2344   1
c  2393   -1   2444   1
c  2293   -1   2242   1
c  2293   -1   2393   1
c  2442   -1   2291   1
c  2440   -1   2442   1
c  2440   -1   2392   1
c  2491   -1   2440   1
c  2491   -1   2493   1
c  2492   -1   2443   1
c  2492   -1   2392   1
c  2441   -1   2492   1
c  2441   -1   2445   1
c  2294   -1   2245   1
c  2294   -1   2192   1
c  2243   -1   2194   1
c  2243   -1   2294   1
c  2194   -1   2295   1
c  2194   -1   2294   1
c  2244   -1   2293   1
c  2244   -1   2143   1
c  2145   -1   2096   1
c  2145   -1   2245   1
c  2195   -1   2146   1
c  2195   -1   2144   1
c  2046   -1   1997   1
c  2046   -1   2095   1
c  2048   -1   2097   1
c  2097   -1   2148   1
c  2097   -1   2146   1
c  2147   -1   2047   1
c  2147   -1   2048   1
c  2096   -1   2099   1
c  2096   -1   2199   1
c  2050   -1   2099   1
c  2050   -1   2150   1
c  2099   -1   2048   1
c  2148   -1   2096   1
c  2245   -1   2095   1
c  2394   -1   2392   1
c  2394   -1   2295   1
c  2344   -1   2293   1
c  2344   -1   2395   1
c  2443   -1   2394   1
c  2443   -1   2395   1
c  2493   -1   2444   1
c  2493   -1   2393   1
c  2444   -1   2495   1
c  2445   -1   2491   1
c  2445   -1   2347   1
c  2494   -1   2492   1
c  2494   -1   2443   1
c  2295   -1   2346   1
c  2295   -1   2244   1
c  2345   -1   2296   1
c  2345   -1   2294   1
c  2146   -1   2046   1
c  2146   -1   2244   1
c  2196   -1   2145   1
c  2196   -1   2296   1
c  2197   -1   2148   1
c  2197   -1   2246   1
c  2247   -1   2298   1
c  2247   -1   2147   1
c  2199   -1   2250   1
c  2199   -1   2248   1
c  2100   -1   2149   1
c  2100   -1   2200   1
c  2150   -1   2148   1
c  2150   -1   2249   1
c  2149   -1   2198   1
c  2198   -1   2250   1
c  2200   -1   2149   1
c  2200   -1   2148   1
c  2246   -1   2146   1
c  2296   -1   2245   1
c  2296   -1   2248   1
c  2395   -1   2444   1
c  2495   -1   2446   1
c  2446   -1   2395   1
c  2446   -1   2346   1
c  2396   -1   2345   1
c  2396   -1   2445   1
c  2497   -1   2446   1
c  2497   -1   2445   1
c  2347   -1   2396   1
c  2347   -1   2446   1
c  2346   -1   2397   1
c  2346   -1   2447   1
c  2297   -1   2246   1
c  2297   -1   2196   1
c  2248   -1   2197   1
c  2248   -1   2348   1
c  2298   -1   2349   1
c  2298   -1   2250   1
c  2249   -1   2200   1
c  2299   -1   2199   1
c  2299   -1   2198   1
c  2300   -1   2400   1
c  2300   -1   2199   1
c  2250   -1   2149   1
c  2399   -1   2299   1
c  2399   -1   2246   1
c  2496   -1   2498   1
c  2447   -1   2496   1
c  2447   -1   2396   1
c  2397   -1   2446   1
c  2397   -1   2448   1
c  2498   -1   2449   1
c  2498   -1   2399   1
c  2348   -1   2299   1
c  2348   -1   2448   1
c  2400   -1   2349   1
c  2400   -1   2298   1
c  2448   -1   2399   1
c  2448   -1   2298   1
c  2349   -1   2300   1
c  2349   -1   2249   1
c  2350   -1   2299   1
c  2350   -1   2399   1
c  2500   -1   2400   1
c  2500   -1   2300   1
c  2398   -1   2449   1
c  2398   -1   2498   1
c  2449   -1   2400   1
c  2499   -1   2448   1
c  2499   -1   2399   1
c  2450   -1   2448   1
c  2450   -1   2398   1
r  1   53   103   2
c  51   -1   54   2
r  2   51   103   2
c  102   -1   1   2
c  52   -1   104   2
c  103   -1   202   2
r  101   103   104   2
r  151   52   103   2
r  3   102   51   2
r  54   252   102   2
r  152   253   252   2
r  153   253   102   2
r  104   155   207   2
c  53   -1   151   2
r  202   251   151   2
r  201   152   252   2
r  4   104   56   2
c  155   -1   256   2
r  105   204   152   2
r  204   104   201   2
c  255   -1   104   2
c  253   -1   201   2
c  352   -1   203   2
c  302   -1   401   2
r  251   351   253   2
c  56   -1   208   2
c  156   -1   108   2
c  106   -1   155   2
c  254   -1   156   2
c  403   -1   503   2
c  354   -1   405   2
c  157   -1   109   2
r  351   402   353   2
c  402   -1   404   2
r  7   9   5   2
c  9   -1   58   2
c  260   -1   160   2
c  161   -1   210   2
r  310   359   313   2
c  59   -1   161   2
c  262   -1   310   2
c  263   -1   161   2
c  504   -1   456   2
r  502   602   652   2
r  553   602   601   2
c  505   -1   554   2
c  62   -1   164   2
c  409   -1   608   2
c  459   -1   508   2
r  412   361   211   2
r  213   164   264   2
r  163   214   264   2
r  114   14   63   2
c  214   -1   313   2
c  362   -1   364   2
c  411   -1   409   2
c  461   -1   361   2
r  552   604   501   2
c  602   -1   701   2
c  602   -1   702   2
c  705   -1   603   2
r  13   62   65   2
r  551   553   651   2
r  508   607   608   2
c  557   -1   560   2
r  64   66   115   2
c  216   -1   214   2
c  702   -1   551   2
c  701   -1   754   2
r  756   754   707   2
c  858   -1   906   2
c  757   -1   856   2
r  660   711   662   2
r  14   12   115   2
c  563   -1   464   2
r  167   216   165   2
c  16   -1   64   2
c  116   -1   217   2
c  116   -1   268   2
r  67   116   65   2
c  66   -1   118   2
c  68   -1   65   2
c  365   -1   416   2
c  515   -1   364   2
c  118   -1   67   2
c  465   -1   618   2
r  804   701   752   2
c  855   -1   804   2
r  758   809   806   2
c  809   -1   856   2
c  810   -1   761   2
c  566   -1   617   2
c  569   -1   464   2
r  318   266   316   2
c  219   -1   367   2
c  319   -1   321   2
c  618   -1   469   2
r  903   906   803   2
r  905   954   803   2
r  1004   1056   1053   2
c  958   -1   902   2
c  1056   -1   907   2
c  762   -1   710   2
r  811   912   914   2
c  665   -1   716   2
c  615   -1   613   2
r  20   71   120   2
r  368   270   269   2
c  220   -1   271   2
c  72   -1   20   2
c  668   -1   764   2
c  902   -1   1102   2
c  1006   -1   909   2
c  1001   -1   1003   2
c  861   -1   960   2
r  1107   1056   1206   2
r  1106   1301   1207   2
c  812   -1   864   2
r  123   23   74   2
c  73   -1   122   2
c  420   -1   568   2
c  420   -1   518   2
r  521   621   570   2
r  174   225   276   2
r  24   75   125   2
r  1052   1103   1151   2
c  1051   -1   1103   2
c  1101   -1   1153   2
r  1151   1154   1203   2
c  1109   -1   1058   2
c  1160   -1   1209   2
r  1201   1203   1253   2
c  915   -1   1016   2
c  766   -1   764   2
c  816   -1   768   2
c  768   -1   820   2
c  719   -1   671   2
c  74   -1   77   2
c  76   -1   23   2
c  770   -1   823   2
c  623   -1   575   2
c  673   -1   572   2
c  422   -1   523   2
c  125   -1   225   2
c  325   -1   174   2
c  226   -1   77   2
c  1202   -1   1051   2
c  1161   -1   1112   2
r  1112   1063   1114   2
c  1357   -1   1458   2
r  1204   1304   1252   2
r  1251   1204   1254   2
c  1252   -1   1301   2
c  75   -1   127   2
c  77   -1   79   2
c  871   -1   773   2
r  969   1069   770   2
c  474   -1   276   2
c  724   -1   727   2
c  427   -1   424   2
c  427   -1   373   2
r  475   424   423   2
c  772   -1   724   2
c  872   -1   824   2
c  1303   -1   1352   2
c  1254   -1   1303   2
c  1255   -1   1251   2
c  1308   -1   1312   2
c  1114   -1   1014   2
r  1358   1458   1406   2
c  1351   -1   1303   2
c  1304   -1   1255   2
r  27   127   79   2
c  78   -1   127   2
c  1069   -1   1118   2
r  970   919   921   2
r  875   924   823   2
c  576   -1   627   2
c  676   -1   825   2
c  1070   -1   1018   2
c  925   -1   877   2
c  973   -1   724   2
c  775   -1   876   2
c  827   -1   725   2
c  777   -1   828   2
c  228   -1   129   2
c  229   -1   331   2
c  33   -1   82   2
c  83   -1   81   2
r  280   329   81   2
c  183   -1   132   2
c  478   -1   529   2
c  429   -1   427   2
c  1312   -1   1260   2
c  1166   -1   1263   2
c  1456   -1   1508   2
c  1507   -1   1404   2
c  1459   -1   1410   2
c  1410   -1   1309   2
c  1410   -1   1510   2
c  1404   -1   1503   2
c  1510   -1   1561   2
c  1118   -1   1169   2
c  1072   -1   1023   2
c  1169   -1   1171   2
c  528   -1   576   2
c  579   -1   678   2
c  927   -1   980   2
c  1173   -1   1175   2
r  828   927   876   2
c  929   -1   978   2
c  879   -1   828   2
c  829   -1   781   2
c  279   -1   135   2
c  379   -1   483   2
r  134   85   136   2
c  234   -1   183   2
r  1503   1501   1452   2
c  1502   -1   1401   2
c  1362   -1   1313   2
c  1414   -1   1365   2
c  1316   -1   1363   2
c  1412   -1   1410   2
c  1557   -1   1706   2
r  928   976   979   2
c  1024   -1   1124   2
c  1270   -1   1172   2
r  1368   1370   1268   2
c  1076   -1   926   2
c  1030   -1   879   2
c  432   -1   286   2
c  86   -1   137   2
c  187   -1   135   2
r  35   137   136   2
c  284   -1   339   2
c  138   -1   185   2
c  236   -1   188   2
c  1553   -1   1601   2
c  1601   -1   1702   2
c  1551   -1   1603   2
c  1464   -1   1466   2
c  1514   -1   1715   2
c  1607   -1   1506   2
r  1611   1710   1712   2
r  1664   1764   1561   2
c  1127   -1   978   2
c  1320   -1   1318   2
c  1323   -1   1224   2
c  1421   -1   1524   2
c  1373   -1   1421   2
c  1374   -1   1273   2
c  1275   -1   1529   2
r  1079   978   1128   2
c  1082   -1   932   2
c  832   -1   834   2
c  384   -1   283   2
c  385   -1   332   2
r  36   87   88   2
r  188   139   136   2
c  87   -1   187   2
c  237   -1   137   2
r  1702   1802   1753   2
c  1614   -1   1464   2
c  1518   -1   1467   2
r  1654   1703   1702   2
c  1707   -1   1605   2
c  1710   -1   1759   2
r  1763   1712   1861   2
c  1616   -1   1613   2
c  1761   -1   1710   2
r  1713   1512   1614   2
c  683   -1   634   2
c  933   -1   981   2
c  933   -1   832   2
c  1520   -1   1619   2
c  1474   -1   1372   2
r  1179   1130   1077   2
r  833   782   733   2
c  733   -1   831   2
r  882   982   1032   2
c  1083   -1   985   2
c  883   -1   782   2
c  835   -1   737   2
r  287   338   389   2
c  141   -1   89   2
c  1568   -1   1619   2
c  1618   -1   1517   2
c  1805   -1   1859   2
r  1809   1909   1860   2
c  1859   -1   1759   2
c  1863   -1   1762   2
r  1811   1863   1763   2
r  1668   1566   1616   2
c  1862   -1   1761   2
c  635   -1   683   2
c  686   -1   635   2
c  636   -1   685   2
c  1084   -1   1136   2
r  1035   1084   1135   2
c  1085   -1   1033   2
c  986   -1   934   2
r  1472   1423   1621   2
c  1619   -1   1523   2
c  1575   -1   1426   2
c  1478   -1   1426   2
r  1428   1426   1375   2
c  1230   -1   1181   2
r  1379   1428   1330   2
c  1283   -1   1083   2
c  388   -1   340   2
c  440   -1   291   2
r  1852   1804   1903   2
r  1901   1903   1753   2
c  1814   -1   1863   2
c  1866   -1   1764   2
c  1916   -1   1918   2
c  1855   -1   1804   2
c  1908   -1   1960   2
r  1909   1960   1858   2
r  1907   1856   1956   2
c  1913   -1   1812   2
c  1768   -1   1670   2
c  1086   -1   1187   2
c  1622   -1   1723   2
c  1576   -1   1476   2
c  1382   -1   1330   2
c  1628   -1   1680   2
c  1431   -1   1530   2
c  937   -1   985   2
r  838   738   789   2
c  93   -1   142   2
c  93   -1   144   2
c  442   -1   491   2
c  492   -1   444   2
r  1902   1951   2003   2
c  1951   -1   1953   2
r  1952   2001   2051   2
c  1769   -1   1670   2
c  1771   -1   1672   2
c  1771   -1   1769   2
r  1915   1964   2065   2
c  1868   -1   2019   2
c  1965   -1   1967   2
c  2010   -1   1911   2
c  1770   -1   1772   2
c  1139   -1   1134   2
r  1187   1138   1286   2
c  1721   -1   1723   2
c  1721   -1   1622   2
c  1384   -1   1433   2
c  1678   -1   1627   2
c  1434   -1   1284   2
c  1286   -1   1433   2
c  990   -1   937   2
c  1040   -1   940   2
c  740   -1   693   2
c  640   -1   741   2
c  890   -1   790   2
c  992   -1   1041   2
c  841   -1   793   2
c  540   -1   542   2
r  491   540   543   2
c  194   -1   98   2
r  145   197   244   2
c  146   -1   148   2
c  297   -1   395   2
c  444   -1   345   2
c  494   -1   593   2
r  45   96   145   2
c  96   -1   148   2
c  96   -1   147   2
c  2002   -1   1902   2
c  2204   -1   2103   2
c  2204   -1   2255   2
c  2001   -1   2052   2
c  1967   -1   1868   2
c  2019   -1   2068   2
r  2066   2165   1966   2
c  2017   -1   2015   2
c  2007   -1   2005   2
c  2110   -1   2210   2
c  1138   -1   1186   2
r  1140   1191   1189   2
c  1188   -1   1237   2
c  1238   -1   1137   2
c  1773   -1   1923   2
c  1872   -1   1722   2
c  1777   -1   1725   2
c  1778   -1   1927   2
c  1484   -1   1383   2
r  1684   1534   1582   2
c  1681   -1   1683   2
r  1584   1684   1635   2
r  1730   1681   1682   2
c  1833   -1   1680   2
c  692   -1   792   2
r  98   47   149   2
c  196   -1   247   2
r  46   98   196   2
r  48   196   96   2
c  247   -1   98   2
r  296   247   345   2
r  347   298   148   2
c  246   -1   248   2
c  397   -1   296   2
c  396   -1   445   2
c  497   -1   549   2
c  594   -1   643   2
c  2101   -1   2053   2
c  2455   -1   2204   2
c  2151   -1   2102   2
c  2115   -1   2166   2
c  2164   -1   2065   2
c  1973   -1   1873   2
c  2071   -1   2022   2
r  2068   2117   2119   2
c  2158   -1   2161   2
c  595   -1   693   2
c  1387   -1   1390   2
c  1339   -1   1240   2
c  1975   -1   1973   2
r  1877   1828   1778   2
c  1486   -1   1537   2
c  1683   -1   1731   2
c  1733   -1   1534   2
c  1784   -1   1831   2
c  1879   -1   1926   2
c  1242   -1   1240   2
c  694   -1   642   2
r  943   945   894   2
c  1094   -1   1146   2
r  49   100   148   2
c  100   -1   98   2
c  149   -1   197   2
c  150   -1   199   2
c  249   -1   150   2
r  350   250   199   2
r  348   399   247   2
c  400   -1   298   2
c  400   -1   347   2
c  398   -1   549   2
c  399   -1   248   2
c  498   -1   399   2
r  2201   2152   2253   2
c  2358   -1   2406   2
r  2457   2408   2459   2
r  2406   2355   2306   2
c  2256   -1   2405   2
r  2304   2253   2405   2
r  2354   2352   2253   2
r  2301   2252   2402   2
r  2353   2402   2452   2
c  2454   -1   2352   2
c  2454   -1   2401   2
r  2403   2454   2405   2
c  1974   -1   2022   2
c  2168   -1   2070   2
c  2218   -1   2118   2
c  2212   -1   2310   2
c  2311   -1   2260   2
r  2360   2309   2411   2
r  1490   1541   1539   2
c  1978   -1   1879   2
r  2075   2123   2124   2
c  1929   -1   1980   2
c  2031   -1   1927   2
c  1536   -1   1538   2
c  1487   -1   1439   2
c  1785   -1   1687   2
c  1881   -1   1983   2
c  1881   -1   1981   2
c  1788   -1   1883   2
r  1930   1981   1982   2
c  2030   -1   2130   2
c  1345   -1   1242   2
c  696   -1   694   2
c  945   -1   845   2
r  1195   1045   1143   2
c  1245   -1   1196   2
c  1245   -1   995   2
c  896   -1   947   2
r  50   98   149   2
r  300   400   450   2
c  500   -1   548   2
r  597   548   550   2
c  700   -1   799   2
c  600   -1   649   2
c  747   -1   795   2
c  2308   -1   2408   2
r  2404   2303   2307   2
r  2352   2405   2401   2
c  2453   -1   2406   2
r  2351   2402   2452   2
r  2451   2351   2301   2
c  2125   -1   2173   2
c  2126   -1   2174   2
c  2170   -1   2271   2
c  2269   -1   2371   2
c  2409   -1   2259   2
c  2411   -1   2363   2
c  2461   -1   2409   2
r  2363   2412   2359   2
r  2362   2364   2463   2
r  2413   2362   2361   2
r  2462   2363   2264   2
c  1491   -1   1443   2
c  1294   -1   1343   2
c  1492   -1   1543   2
r  2077   2028   2128   2
c  2079   -1   2027   2
c  2078   -1   1977   2
r  2176   2225   2125   2
c  2225   -1   2173   2
c  2227   -1   2126   2
r  2177   2077   2225   2
c  1983   -1   2031   2
c  1936   -1   2186   2
c  1936   -1   1686   2
c  1838   -1   1786   2
r  1739   1839   1741   2
c  1839   -1   1738   2
c  1837   -1   2038   2
c  1344   -1   1297   2
c  698   -1   647   2
c  946   -1   1046   2
c  997   -1   1046   2
r  1148   1349   1248   2
c  1098   -1   1299   2
r  650   549   548   2
c  699   -1   747   2
c  850   -1   750   2
c  849   -1   1150   2
c  2223   -1   2271   2
r  2364   2415   2416   2
c  2365   -1   2413   2
c  2414   -1   2417   2
c  2412   -1   2416   2
r  2415   2466   2363   2
c  1541   -1   1392   2
c  1443   -1   1543   2
r  1498   1598   1600   2
c  2274   -1   2176   2
c  2327   -1   2427   2
c  2179   -1   2228   2
c  2324   -1   2273   2
c  2334   -1   2131   2
c  2134   -1   2082   2
c  2186   -1   2234   2
r  2035   2084   2136   2
r  1790   1841   1792   2
c  1740   -1   1791   2
c  1988   -1   1839   2
c  2084   -1   2135   2
r  2087   2136   1985   2
c  2037   -1   2137   2
c  2183   -1   2130   2
r  1297   1346   1348   2
r  998   1046   1049   2
c  948   -1   1000   2
c  1249   -1   1148   2
c  1447   -1   1498   2
c  999   -1   899   2
c  900   -1   1048   2
r  1150   1049   1199   2
c  2465   -1   2364   2
r  2466   2417   2365   2
c  2467   -1   2365   2
c  2471   -1   2423   2
c  2370   -1   2372   2
r  2464   2415   2417   2
c  1642   -1   1541   2
c  1499   -1   1598   2
c  1599   -1   1348   2
c  1599   -1   1798   2
c  1644   -1   1748   2
r  1643   1745   1543   2
c  2280   -1   2129   2
c  2279   -1   2277   2
c  2377   -1   2328   2
r  2428   2477   2327   2
r  2379   2381   2327   2
r  2230   2129   2278   2
c  2374   -1   2425   2
c  2182   -1   2184   2
c  2282   -1   2331   2
r  2283   2231   2234   2
c  2136   -1   2238   2
c  2086   -1   1988   2
c  1842   -1   1942   2
c  1842   -1   1891   2
c  1892   -1   1791   2
c  2088   -1   2137   2
c  1399   -1   1350   2
c  1049   -1   949   2
c  1200   -1   1248   2
r  1250   1150   1199   2
r  1350   1199   1249   2
c  1300   -1   1150   2
c  1400   -1   1199   2
c  2474   -1   2372   2
c  2474   -1   2322   2
c  2469   -1   2421   2
c  2470   -1   2373   2
c  2476   -1   2328   2
c  1692   -1   1793   2
r  1500   1449   1398   2
r  1450   1499   1549   2
c  1649   -1   1698   2
c  1646   -1   1545   2
r  1744   1793   1643   2
c  2426   -1   2374   2
r  2425   2325   2377   2
c  2380   -1   2432   2
c  2479   -1   2431   2
c  2482   -1   2381   2
c  2481   -1   2384   2
c  2481   -1   2433   2
r  2480   2432   2431   2
c  2285   -1   2238   2
r  2386   2486   2437   2
c  1793   -1   1693   2
c  2286   -1   2238   2
c  1743   -1   1646   2
r  1893   1841   1945   2
c  2190   -1   2139   2
c  1750   -1   1648   2
r  1899   1848   1948   2
r  1749   1798   1900   2
r  2338   2238   2340   2
c  1845   -1   1945   2
r  2240   2341   2340   2
c  1994   -1   1991   2
c  2191   -1   2143   2
r  2092   2143   2140   2
r  1800   1849   1749   2
c  1849   -1   1700   2
r  1999   1899   1848   2
c  1947   -1   1848   2
c  1900   -1   1947   2
r  1846   1895   1945   2
r  1949   1900   1898   2
c  2000   -1   2098   2
r  1948   2000   1999   2
c  2438   -1   2487   2
r  2439   2390   2387   2
c  2340   -1   2438   2
c  1946   -1   1894   2
c  1946   -1   1845   2
r  2390   2290   2240   2
c  2094   -1   2092   2
c  2142   -1   2043   2
r  2143   2094   2141   2
c  2048   -1   2000   2
c  2098   -1   2096   2
r  2050   2150   2149   2
c  2099   -1   1948   2
r  2440   2442   2492   2
r  2490   2441   2442   2
c  2442   -1   2491   2
c  2245   -1   2293   2
c  2148   -1   2199   2
r  2100   2149   2199   2
c  2149   -1   2097   2
c  2444   -1   2392   2
c  2495   -1   2392   2
r  2197   2246   2348   2
c  2395   -1   2493   2
c  2246   -1   2248   2
c  2198   -1   2200   2
c  2250   -1   2148   2
c  2496   -1   2348   2
r  2497   2445   2495   2
c  2249   -1   2197   2
r  2298   2250   2300   2
r  2396   2345   2448   2
r  2397   2448   2399   2
r  2299   2199   2448   2
r  2349   2300   2498   2
r  2350   2399   2448   2
r  2400   2298   2448   2
c  2449   -1   2397   2
r  2450   2448   2399   2
r  2500   2300   2398   2
r  1   52   56   3
r  2   103   104   3
r  3   52   102   3
r  53   151   102   3
r  151   51   104   3
r  57   106   156   3
r  9   58   56   3
r  155   256   107   3
r  105   56   57   3
r  253   201   204   3
r  251   302   202   3
r  156   108   207   3
r  160   209   111   3
r  159   61   210   3
r  61   10   109   3
r  209   161   211   3
r  357   305   207   3
r  351   353   402   3
r  354   255   406   3
r  451   402   403   3
r  13   64   16   3
r  311   411   211   3
r  313   213   212   3
r  164   166   213   3
r  458   409   511   3
r  501   601   603   3
r  14   115   65   3
r  15   66   117   3
r  17   66   13   3
r  557   509   608   3
r  601   701   502   3
c  652   -1   551   3
r  653   554   505   3
r  559   608   459   3
r  566   617   618   3
r  71   69   20   3
r  751   802   803   3
r  802   753   854   3
r  517   464   566   3
r  851   902   904   3
r  904   953   902   3
r  953   1053   902   3
r  1004   1055   951   3
r  959   910   1011   3
r  74   77   126   3
r  271   222   223   3
r  901   903   953   3
r  1002   902   1102   3
r  1053   1151   1101   3
r  1006   909   1053   3
r  960   1111   1011   3
r  862   911   864   3
r  127   176   122   3
r  573   524   575   3
r  1206   1058   1154   3
r  26   75   28   3
c  79   -1   81   3
r  80   129   31   3
r  1260   1209   1308   3
r  1358   1406   1458   3
r  1301   1303   1253   3
r  1302   1351   1304   3
r  1118   1067   1217   3
r  877   929   928   3
r  1401   1353   1303   3
r  136   236   87   3
r  1368   1319   1471   3
r  1361   1410   1363   3
r  1562   1613   1510   3
r  88   39   137   3
r  139   88   239   3
r  1419   1518   1468   3
r  931   980   933   3
r  1552   1652   1651   3
r  1712   1813   1561   3
r  582   580   533   3
r  583   581   482   3
r  39   91   142   3
r  91   140   89   3
r  1656   1607   1555   3
r  40   89   141   3
r  191   242   142   3
r  291   394   340   3
r  686   635   737   3
r  984   987   1036   3
r  1377   1430   1328   3
r  1425   1473   1476   3
r  1426   1375   1527   3
r  1476   1427   1575   3
r  1479   1531   1430   3
r  1184   1284   1233   3
r  1703   1752   1654   3
r  1704   1755   1805   3
r  1910   1861   1808   3
r  393   444   345   3
r  44   93   92   3
r  43   95   244   3
r  1851   1803   1753   3
r  1810   1710   1913   3
r  94   96   48   3
r  146   148   47   3
r  444   344   493   3
r  445   494   443   3
r  1774   1675   1777   3
r  840   888   940   3
r  2002   1902   1903   3
r  48   96   149   3
r  147   144   46   3
r  47   96   148   3
r  196   247   96   3
r  97   46   148   3
r  347   148   298   3
r  298   198   148   3
r  295   346   344   3
r  397   297   248   3
r  46   146   98   3
r  1874   1923   1973   3
r  1876   1878   1778   3
r  2018   2116   1918   3
r  149   197   249   3
r  197   246   148   3
r  148   199   248   3
r  99   148   247   3
r  50   99   98   3
r  348   247   400   3
r  400   298   498   3
r  300   349   298   3
r  250   150   199   3
r  546   495   645   3
r  1783   1830   1780   3
r  1883   2032   1935   3
r  1634   1682   1686   3
r  2203   2201   2252   3
r  2101   2201   2103   3
r  2357   2406   2305   3
r  2205   2156   2153   3
r  2157   1956   2204   3
r  2303   2254   2405   3
r  2302   2202   2204   3
r  2255   2354   2405   3
r  448   399   549   3
r  600   649   399   3
r  647   696   644   3
r  597   549   600   3
r  1929   1980   1978   3
r  1835   1837   1937   3
r  1293   1344   1242   3
r  1045   1094   1145   3
r  1096   1145   997   3
r  2252   2402   2301   3
r  2201   2252   2301   3
r  2403   2455   2202   3
r  2401   2301   2253   3
c  2405   -1   2302   3
r  2454   2352   2256   3
r  2251   2202   2352   3
c  2402   -1   2302   3
r  2410   2459   2310   3
r  2361   2462   2459   3
r  650   599   550   3
r  850   899   1000   3
r  1491   1443   1442   3
r  1198   1249   1350   3
r  2451   2352   2252   3
r  2453   2401   2352   3
r  2351   2452   2402   3
r  2452   2401   2301   3
r  2313   2414   2365   3
r  2460   2310   2359   3
r  2362   2463   2414   3
r  2268   2319   2369   3
r  900   1048   848   3
r  1498   1600   1598   3
r  2325   2327   2377   3
r  1690   1791   1741   3
r  1099   1047   1250   3
r  1249   1300   1348   3
r  1200   1248   1148   3
r  1350   1249   1199   3
r  2413   2361   2415   3
r  2315   2416   2414   3
r  2414   2417   2264   3
r  2412   2463   2363   3
r  1050   1048   899   3
r  1250   1199   1149   3
r  1546   1598   1644   3
r  2376   2327   2278   3
r  2378   2380   2427   3
r  2426   2374   2327   3
r  2374   2325   2376   3
r  2185   2234   2236   3
r  1400   1300   1348   3
r  1449   1549   1348   3
r  1450   1549   1348   3
r  2465   2365   2314   3
r  2415   2363   2417   3
r  2464   2417   2415   3
r  2467   2416   2464   3
r  2466   2365   2414   3
r  2370   2372   2418   3
r  2469   2421   2370   3
r  1500   1398   1549   3
r  1547   1648   1496   3
r  1600   1549   1598   3
r  2482   2480   2433   3
r  2435   2432   2433   3
r  2479   2428   2380   3
r  2433   2385   2384   3
r  2434   2485   2382   3
r  2480   2431   2432   3
r  2478   2429   2328   3
r  2475   2477   2372   3
r  1750   1698   1848   3
r  2388   2487   2337   3
r  2142   2191   2190   3
r  1796   1745   1847   3
r  1850   1848   1898   3
r  1949   1850   1749   3
r  2340   2391   2292   3
r  2440   2492   2340   3
r  2490   2442   2340   3
r  2393   2444   2340   3
r  2441   2492   2291   3
r  2444   2495   2440   3
r  2443   2394   2392   3
r  2197   2348   2246   3
r  2246   2146   2298   3
r  2247   2147   2148   3
r  2200   2148   2299   3
r  2248   2348   2299   3
r  2300   2400   2399   3
r  2299   2448   2199   3
r  2350   2448   2199   3
r  2446   2346   2498   3
r  2397   2446   2448   3
r  2349   2249   2248   3
r  2399   2246   2347   3
r  2398   2449   2299   3
r  2498   2449   2400   3
r  2450   2398   2448   3
r  2500   2400   2448   3
r  1   103   104   4
r  51   54   56   4
r  2   104   103   4
r  104   153   156   4
r  52   104   54   4
r  3   102   103   4
r  152   303   253   4
r  4   56   102   4
r  251   253   102   4
r  6   55   207   4
r  106   58   57   4
r  7   5   207   4
r  58   7   54   4
r  53   102   208   4
r  151   104   153   4
r  253   204   103   4
r  202   302   204   4
r  201   203   153   4
r  301   252   303   4
r  108   106   156   4
r  258   307   306   4
r  163   165   111   4
r  352   203   403   4
r  63   12   65   4
r  505   606   604   4
r  559   459   458   4
r  555   656   506   4
r  501   603   702   4
r  117   215   65   4
r  167   116   66   4
r  119   66   117   4
r  558   609   560   4
r  652   553   505   4
r  551   651   603   4
r  651   702   603   4
r  68   65   116   4
r  120   220   69   4
r  170   121   69   4
r  753   856   854   4
r  751   852   804   4
r  858   706   757   4
r  520   421   568   4
r  764   713   816   4
r  766   915   768   4
r  913   915   813   4
r  27   78   127   4
r  178   229   31   4
r  911   860   1011   4
r  1052   1101   1152   4
r  1051   1002   1151   4
r  229   129   128   4
r  873   973   825   4
r  826   927   725   4
r  775   777   724   4
r  478   529   476   4
r  379   483   427   4
r  1207   1107   1258   4
r  180   80   129   4
r  132   80   232   4
r  83   81   183   4
r  628   577   576   4
r  1322   1373   1171   4
r  1203   1254   1252   4
r  1166   1115   1118   4
r  1204   1252   1253   4
r  87   35   135   4
r  1372   1421   1272   4
r  1302   1253   1254   4
r  1305   1353   1252   4
r  333   435   384   4
r  36   85   136   4
r  88   37   35   4
r  89   38   142   4
r  1419   1468   1471   4
r  1262   1311   1363   4
r  1360   1312   1313   4
r  39   90   141   4
r  90   141   142   4
r  141   241   92   4
r  1366   1466   1517   4
r  1465   1417   1367   4
r  1523   1574   1575   4
r  982   1082   1031   4
r  835   735   787   4
r  92   41   94   4
r  1577   1575   1476   4
r  1601   1702   1502   4
r  1551   1652   1553   4
r  145   244   148   4
r  146   47   148   4
r  1429   1478   1376   4
r  1533   1582   1530   4
r  1808   1859   1860   4
r  45   98   42   4
r  195   94   244   4
r  47   148   145   4
r  247   347   148   4
r  298   249   199   4
r  198   247   147   4
r  295   396   395   4
r  1336   1334   1339   4
r  1701   1652   1603   4
r  1807   1858   1856   4
r  1812   1761   1763   4
r  448   400   395   4
r  49   148   150   4
r  150   148   98   4
r  199   197   148   4
r  249   347   247   4
r  399   248   347   4
r  300   450   248   4
r  350   247   298   4
r  250   248   298   4
r  200   249   248   4
r  1820   1720   1871   4
r  1975   2024   1923   4
r  1927   1828   1879   4
r  1879   1780   1778   4
r  1635   1735   1686   4
r  1801   1853   1753   4
r  1802   1853   1702   4
r  1857   1808   1859   4
r  349   400   398   4
r  1851   1753   1853   4
r  1854   1805   1753   4
r  598   600   596   4
r  597   550   549   4
r  2029   2080   1978   4
r  1882   1880   1982   4
r  1836   1937   1986   4
r  1951   1953   2003   4
r  2051   2005   1903   4
r  1952   2051   2003   4
r  2017   2015   1918   4
r  2067   2119   2019   4
r  1986   2037   2137   4
r  1987   1985   1936   4
r  1197   1248   1245   4
r  2455   2355   2356   4
r  2253   2301   2204   4
r  2210   2311   2310   4
r  899   948   1000   4
r  948   1000   999   4
r  1150   1199   1350   4
r  2422   2471   2424   4
r  2429   2328   2377   4
r  2426   2377   2328   4
r  2375   2476   2377   4
r  2384   2332   2485   4
r  1840   1791   1838   4
r  1494   1545   1543   4
r  1548   1599   1500   4
r  1598   1699   1348   4
r  1149   1200   1348   4
r  1049   949   1148   4
r  1100   800   1148   4
r  1199   1299   1250   4
r  2202   2204   2405   4
r  2306   2357   2405   4
r  2304   2405   2403   4
r  2354   2253   2256   4
r  2353   2452   2253   4
r  2454   2256   2301   4
r  2352   2401   2253   4
r  2451   2301   2302   4
r  2403   2202   2352   4
r  2401   2303   2301   4
r  2453   2352   2253   4
r  2351   2402   2253   4
r  2402   2302   2253   4
r  2409   2259   2310   4
r  950   999   899   4
r  1200   1148   1248   4
r  2318   2370   2418   4
r  2264   2364   2363   4
r  2478   2378   2427   4
r  2379   2327   2428   4
r  2430   2481   2432   4
r  1550   1648   1598   4
r  1798   1899   1749   4
r  1300   1150   1348   4
r  2460   2359   2411   4
r  2362   2414   2264   4
r  2363   2359   2414   4
r  2420   2418   2369   4
r  2468   2369   2370   4
r  2465   2364   2313   4
r  2480   2384   2380   4
r  2484   2436   2385   4
r  2337   2335   2435   4
r  2387   2438   2340   4
r  2040   2089   2088   4
r  2288   2336   2340   4
r  1794   1845   1945   4
r  1698   1550   1749   4
r  1700   1749   1848   4
r  2412   2363   2415   4
r  2464   2416   2413   4
r  2466   2414   2413   4
r  2340   2292   2392   4
r  2489   2389   2438   4
r  2291   2391   2392   4
r  1949   1749   1700   4
r  1796   1847   1747   4
r  2000   2098   2099   4
r  2389   2387   2340   4
r  2490   2492   2391   4
r  2391   2442   2491   4
r  2049   1948   2098   4
r  2491   2440   2444   4
r  2493   2444   2392   4
r  2442   2291   2444   4
r  2395   2444   2392   4
r  2494   2443   2392   4
r  2396   2445   2299   4
r  2346   2447   2448   4
r  2347   2446   2448   4
r  2200   2149   2148   4
r  2249   2197   2148   4
r  2300   2399   2148   4
r  2150   2148   2197   4
r  2447   2396   2498   4
r  2448   2399   2496   4
r  2498   2399   2449   4
r  2348   2299   2399   4
r  2299   2198   2498   4
r  2247   2148   2299   4
r  2297   2246   2197   4
r  2499   2448   2350   4
r  2450   2448   2498   4
r  2400   2448   2299   4
r  2500   2448   2397   4
r  2   102   51   5
r  52   54   1   5
r  101   52   152   5
r  103   203   51   5
r  4   53   56   5
r  151   153   102   5
r  203   252   102   5
r  105   152   56   5
r  307   356   56   5
r  58   54   207   5
r  154   156   256   5
r  153   102   252   5
r  201   153   152   5
r  253   103   153   5
r  204   201   253   5
r  158   307   207   5
r  11   63   109   5
r  212   263   214   5
r  406   455   506   5
r  354   406   454   5
r  353   302   351   5
r  362   313   264   5
r  458   509   510   5
r  14   65   115   5
r  315   366   313   5
r  553   505   702   5
r  501   651   603   5
r  167   66   115   5
r  552   603   652   5
r  601   652   552   5
r  602   702   553   5
r  702   551   603   5
r  651   602   702   5
r  415   364   316   5
r  613   564   718   5
r  758   806   856   5
r  759   810   761   5
r  466   515   367   5
r  751   803   802   5
r  851   904   803   5
r  813   862   914   5
r  953   902   904   5
r  1004   1053   1051   5
r  76   24   74   5
r  25   76   23   5
r  951   1002   1053   5
r  911   1011   862   5
r  1054   1001   1006   5
r  1051   1151   1003   5
r  869   818   921   5
r  278   229   276   5
r  32   83   77   5
r  29   32   27   5
r  84   183   81   5
r  1151   1202   1252   5
r  1206   1106   1055   5
r  135   84   236   5
r  1251   1203   1303   5
r  1211   1209   1312   5
r  1302   1254   1253   5
r  1304   1255   1353   5
r  37   35   135   5
r  1220   1171   1218   5
r  1353   1306   1404   5
r  1403   1502   1303   5
r  1360   1313   1312   5
r  534   483   482   5
r  632   683   482   5
r  40   141   142   5
r  388   340   339   5
r  140   189   42   5
r  91   191   142   5
r  783   832   883   5
r  1552   1651   1603   5
r  1602   1551   1502   5
r  42   94   142   5
r  1428   1375   1326   5
r  1280   1229   1130   5
r  43   45   94   5
r  44   42   145   5
r  145   148   92   5
r  95   44   144   5
r  146   148   98   5
r  1667   1718   1768   5
r  1629   1678   1578   5
r  1711   1762   1709   5
r  1714   1665   1616   5
r  1713   1614   1764   5
r  1653   1704   1752   5
r  47   95   148   5
r  298   148   400   5
r  1858   1961   1758   5
r  1803   1852   1702   5
r  1852   1801   1753   5
r  197   148   149   5
r  49   98   148   5
r  198   297   98   5
r  50   149   150   5
r  150   199   148   5
r  248   297   199   5
r  348   400   248   5
r  299   199   148   5
r  400   347   549   5
r  1877   1778   1879   5
r  1878   1978   1778   5
r  1188   1237   1088   5
r  942   891   991   5
r  1909   1858   1809   5
r  100   98   148   5
r  250   298   149   5
r  450   399   549   5
r  550   450   548   5
r  496   646   544   5
r  645   647   694   5
r  2021   1920   2172   5
r  1832   1830   1780   5
r  1928   1879   1979   5
r  1964   2065   2012   5
r  1951   2002   1902   5
r  2052   2101   1903   5
r  1952   2052   2102   5
r  796   847   694   5
r  2168   2070   2119   5
r  1487   1439   1536   5
r  1245   995   1243   5
r  2151   2051   2302   5
r  2357   2305   2156   5
r  2202   2405   2204   5
r  2252   2352   2204   5
r  749   698   850   5
r  1932   1983   1881   5
r  2225   2274   2126   5
r  2226   1976   2274   5
r  2132   2183   2184   5
r  1441   1492   1443   5
r  1147   1095   1248   5
r  2212   2210   2111   5
r  2201   2301   2405   5
r  2456   2459   2357   5
r  2256   2254   2305   5
r  2306   2405   2253   5
r  2454   2301   2352   5
r  2301   2352   2253   5
r  2352   2406   2405   5
r  2451   2252   2403   5
r  2351   2403   2302   5
r  2402   2453   2302   5
r  2403   2352   2253   5
r  2401   2301   2405   5
r  2453   2406   2301   5
r  2452   2301   2253   5
r  2404   2304   2253   5
r  2251   2302   2405   5
r  900   849   1000   5
r  2272   2321   2223   5
r  2422   2424   2475   5
r  2378   2327   2276   5
r  2182   2184   2233   5
r  1890   1839   1838   5
r  1840   1838   1942   5
r  1494   1543   1443   5
r  2236   2234   2238   5
r  1448   1397   1348   5
r  1499   1399   1548   5
r  1549   1448   1348   5
r  1500   1549   1498   5
r  1550   1499   1498   5
r  2355   2255   2304   5
r  1200   1248   1348   5
r  1350   1199   1348   5
r  2322   2373   2472   5
r  2372   2424   2370   5
r  2421   2470   2370   5
r  2430   2432   2428   5
r  2479   2380   2432   5
r  2480   2432   2431   5
r  2484   2435   2431   5
r  2482   2381   2384   5
r  2336   2287   2433   5
r  1450   1348   1350   5
r  1249   1148   1350   5
r  1250   1149   1348   5
r  2469   2370   2423   5
r  2414   2465   2314   5
r  2413   2313   2264   5
r  2465   2314   2365   5
r  2337   2385   2340   5
r  2486   2438   2337   5
r  2488   2388   2387   5
r  1844   1893   1945   5
r  1750   1848   1698   5
r  2463   2313   2314   5
r  2415   2467   2363   5
r  2416   2414   2413   5
r  2464   2413   2416   5
r  2466   2464   2414   5
r  2290   2391   2392   5
r  1800   1749   1950   5
r  2000   2049   2098   5
r  2442   2444   2340   5
r  2044   2095   2092   5
r  2047   2096   2148   5
r  2049   1998   2097   5
r  2492   2443   2444   5
r  2445   2347   2392   5
r  2498   2449   2392   5
r  2148   2096   2299   5
r  2345   2296   2194   5
r  2496   2498   2397   5
r  2446   2498   2397   5
r  2447   2498   2445   5
r  2448   2496   2446   5
r  2499   2399   2299   5
r  2349   2248   2199   5
r  2399   2347   2498   5
r  2250   2149   2299   5
r  2200   2299   2149   5
r  2246   2298   2249   5
r  2449   2397   2347   5
r  2500   2397   2448   5
r  2350   2299   2397   5
r  2249   2148   2197   5
r  2297   2197   2299   5
r  1   56   103   6
r  51   56   53   6
r  52   1   56   6
r  53   104   56   6
r  3   51   56   6
r  54   103   56   6
r  154   105   205   6
r  55   3   104   6
r  205   254   104   6
r  251   102   103   6
r  252   303   103   6
r  253   153   251   6
r  8   57   207   6
r  9   6   207   6
r  108   156   56   6
r  59   161   56   6
r  356   405   505   6
r  110   56   161   6
r  12   10   109   6
r  403   503   302   6
r  112   163   212   6
r  164   264   111   6
r  213   165   111   6
r  453   504   501   6
r  607   558   560   6
r  14   16   65   6
r  15   117   115   6
r  16   64   117   6
r  601   502   652   6
r  551   602   553   6
r  64   115   117   6
r  552   652   603   6
r  805   754   655   6
r  801   804   701   6
r  710   759   713   6
r  19   120   119   6
r  953   904   802   6
r  516   616   618   6
r  318   316   366   6
r  468   568   367   6
r  71   20   69   6
r  1004   951   902   6
r  221   272   223   6
r  122   177   74   6
r  124   173   226   6
r  222   120   220   6
r  224   276   226   6
r  25   23   226   6
r  75   127   24   6
r  76   23   25   6
r  1101   1002   1103   6
r  623   572   523   6
r  525   474   622   6
r  375   423   224   6
r  27   79   80   6
r  28   128   127   6
r  1121   1070   971   6
r  774   825   876   6
r  80   29   28   6
r  626   526   577   6
r  1165   1216   1217   6
r  82   31   129   6
r  133   232   135   6
r  1451   1502   1303   6
r  578   677   527   6
r  828   830   928   6
r  84   81   132   6
r  1404   1503   1455   6
r  1501   1552   1453   6
r  878   876   980   6
r  36   88   187   6
r  1551   1603   1651   6
r  435   483   484   6
r  584   635   482   6
r  189   138   240   6
r  190   142   241   6
r  1607   1506   1656   6
r  1657   1606   1557   6
r  1562   1510   1559   6
r  1652   1603   1701   6
r  1179   1077   1130   6
r  1130   1077   1181   6
r  882   933   782   6
r  141   92   42   6
r  486   435   534   6
r  41   142   140   6
r  1654   1605   1555   6
r  736   836   738   6
r  1671   1619   1622   6
r  1329   1331   1281   6
r  43   244   96   6
r  95   144   42   6
r  145   92   98   6
r  1802   1702   1753   6
r  588   489   539   6
r  492   444   395   6
r  589   640   538   6
r  640   741   538   6
r  96   148   149   6
r  147   46   98   6
r  47   148   98   6
r  347   298   448   6
r  1916   1965   1815   6
r  1851   1802   1903   6
r  1820   1871   1771   6
r  1534   1435   1686   6
r  1235   1286   1384   6
r  541   592   641   6
r  443   492   395   6
r  445   394   345   6
r  49   150   98   6
r  197   149   148   6
r  99   247   148   6
r  150   148   248   6
r  100   148   98   6
r  348   248   399   6
r  299   148   248   6
r  350   199   449   6
r  396   445   443   6
r  2001   2052   1903   6
r  1952   2102   2052   6
r  2002   1903   1902   6
r  1872   1722   1773   6
r  1976   2025   1927   6
r  1877   1829   1778   6
r  1435   1484   1433   6
r  1387   1390   1286   6
r  643   694   596   6
r  200   149   148   6
r  250   149   148   6
r  449   398   548   6
r  2061   2112   2012   6
r  2062   2060   2162   6
r  2155   2153   2106   6
r  2205   2153   2305   6
r  2254   2354   2405   6
r  2353   2253   2204   6
r  2301   2253   2204   6
r  2403   2405   2204   6
r  1683   1734   1635   6
r  1094   1146   1195   6
r  644   546   596   6
r  500   399   498   6
r  2160   2261   2310   6
r  2067   2118   2168   6
r  2253   2204   2405   6
r  2302   2204   2453   6
r  2202   2204   2253   6
r  2407   2455   2307   6
r  2256   2405   2253   6
r  2304   2403   2405   6
r  2454   2401   2253   6
r  2456   2357   2405   6
r  2251   2352   2253   6
r  2303   2204   2403   6
r  2352   2253   2301   6
r  2401   2253   2302   6
r  2351   2302   2405   6
r  2452   2352   2301   6
r  2402   2253   2405   6
r  1442   1440   1439   6
r  647   644   645   6
r  2261   2209   2310   6
r  2451   2403   2253   6
r  2258   2255   2253   6
r  2408   2410   2359   6
r  1932   1881   1983   6
r  2176   2125   2174   6
r  2227   2126   2328   6
r  1838   1786   1988   6
r  1541   1592   1490   6
r  1792   1741   1843   6
r  2235   2286   2238   6
r  1293   1242   1245   6
r  1294   1343   1245   6
r  1344   1297   1245   6
r  1196   1296   1348   6
r  1147   1248   1348   6
r  850   750   899   6
r  2313   2264   2416   6
r  2363   2414   2416   6
r  2326   2377   2328   6
r  1544   1542   1541   6
r  1592   1543   1443   6
r  1600   1500   1498   6
r  949   1048   1049   6
r  950   1049   999   6
r  2467   2365   2313   6
r  2416   2413   2314   6
r  2315   2414   2415   6
r  2462   2413   2363   6
r  2412   2416   2264   6
r  2463   2314   2264   6
r  2472   2474   2475   6
r  2477   2431   2328   6
r  2483   2432   2384   6
r  1694   1643   1793   6
r  1943   1894   1945   6
r  1450   1399   1348   6
r  1650   1699   1648   6
r  1699   1648   1598   6
r  1200   1249   1099   6
r  1099   1097   1348   6
r  2417   2365   2314   6
r  2466   2414   2314   6
r  2464   2416   2413   6
r  2367   2416   2365   6
r  2437   2488   2337   6
r  2486   2437   2340   6
r  2092   2140   2192   6
r  2142   2043   2392   6
r  2438   2487   2387   6
r  2487   2439   2340   6
r  2489   2340   2437   6
r  2342   2393   2340   6
r  1300   1348   1399   6
r  1700   1848   1648   6
r  1799   1750   1898   6
r  1898   2045   1900   6
r  1249   1348   1300   6
r  1250   1348   1149   6
r  1997   2048   2097   6
r  2144   2095   2245   6
r  2391   2492   2340   6
r  2492   2444   2340   6
r  2440   2340   2391   6
r  1899   1748   1848   6
r  1999   1848   1898   6
r  2295   2244   2395   6
r  2443   2392   2446   6
r  2049   2098   2149   6
r  2200   2149   2299   6
r  2247   2299   2148   6
r  2248   2299   2148   6
r  2296   2248   2299   6
r  2496   2397   2346   6
r  2448   2446   2299   6
r  2497   2495   2397   6
r  2499   2350   2397   6
r  2450   2399   2299   6
r  2399   2299   2197   6
r  2449   2347   2498   6
r  2298   2349   2498   6
r  2400   2349   2199   6
r  2150   2197   2199   6
r  2250   2148   2248   6
r  2300   2148   2248   6
r  2500   2448   2299   6
r  2350   2199   2299   6
r  2   51   104   7
r  104   207   56   7
r  103   51   207   7
r  101   104   56   7
r  52   103   54   7
r  102   1   202   7
r  3   56   102   7
r  154   205   56   7
r  205   256   56   7
r  152   252   104   7
r  155   107   104   7
r  202   204   104   7
r  156   55   56   7
r  153   252   102   7
r  151   102   252   7
r  203   102   103   7
r  201   152   103   7
r  57   156   201   7
r  256   207   56   7
r  106   155   207   7
r  254   156   152   7
r  5   56   208   7
r  252   103   205   7
r  107   56   207   7
r  10   109   56   7
r  301   303   254   7
r  351   402   451   7
r  402   404   303   7
r  401   403   353   7
r  211   262   310   7
r  454   505   403   7
r  451   502   402   7
r  453   501   505   7
r  311   211   309   7
r  263   214   111   7
r  502   553   505   7
r  501   603   553   7
r  461   459   560   7
r  14   65   117   7
r  65   116   165   7
r  701   754   603   7
r  601   552   701   7
r  552   501   652   7
r  751   804   652   7
r  559   458   459   7
r  706   655   856   7
r  316   365   218   7
r  115   16   117   7
r  67   65   116   7
r  318   267   367   7
r  665   716   668   7
r  70   170   168   7
r  951   1053   953   7
r  1002   903   1103   7
r  471   520   420   7
r  76   74   24   7
r  77   79   74   7
r  1052   1152   1103   7
r  1151   1252   1051   7
r  26   77   78   7
r  29   31   77   7
r  1207   1258   1107   7
r  1208   1109   1107   7
r  1201   1252   1303   7
r  1153   1102   1151   7
r  30   78   27   7
r  1205   1254   1207   7
r  1251   1254   1401   7
r  1301   1253   1303   7
r  1351   1252   1253   7
r  1169   1171   1070   7
r  135   236   184   7
r  1212   1261   1314   7
r  1401   1352   1503   7
r  528   577   476   7
r  479   528   527   7
r  37   86   136   7
r  188   136   135   7
r  1454   1405   1502   7
r  1321   1421   1370   7
r  1175   1073   1124   7
r  285   336   137   7
r  88   35   136   7
r  1553   1602   1502   7
r  1601   1502   1501   7
r  834   836   782   7
r  287   389   339   7
r  91   142   140   7
r  1607   1707   1555   7
r  1470   1468   1570   7
r  586   686   534   7
r  191   142   42   7
r  43   94   142   7
r  1657   1557   1555   7
r  1564   1465   1464   7
r  1702   1753   1904   7
r  736   738   885   7
r  1377   1428   1429   7
r  1229   1129   1281   7
r  96   149   248   7
r  1582   1682   1530   7
r  46   196   148   7
r  195   244   98   7
r  48   147   148   7
r  147   98   196   7
r  97   146   248   7
r  99   148   145   7
r  1961   1910   1913   7
r  1853   1904   1802   7
r  1952   2003   1852   7
r  1719   1770   1721   7
r  1137   1186   1237   7
r  199   247   98   7
r  250   199   98   7
r  100   98   148   7
r  397   248   345   7
r  399   298   549   7
r  349   398   298   7
r  400   549   449   7
r  446   497   345   7
r  2002   1902   1903   7
r  2004   1904   1956   7
r  2003   2102   2051   7
r  2154   2206   2253   7
r  2052   1903   2001   7
r  1829   1979   1778   7
r  1435   1433   1383   7
r  450   549   399   7
r  545   494   594   7
r  2102   2153   2204   7
r  2152   2101   2253   7
r  2254   2405   2302   7
r  2403   2253   2405   7
r  2202   2301   2204   7
r  2351   2405   2204   7
r  2255   2304   2253   7
r  2027   2078   2126   7
r  1978   1879   2079   7
r  1930   1979   1879   7
r  550   400   449   7
r  2058   2157   2206   7
r  2018   1918   1969   7
r  2356   2358   2253   7
r  2458   2307   2359   7
r  2303   2405   2401   7
r  2452   2301   2405   7
r  2451   2302   2301   7
r  2256   2305   2252   7
r  2301   2204   2253   7
r  2352   2301   2253   7
r  2401   2405   2253   7
r  2402   2302   2253   7
r  2355   2304   2253   7
r  2353   2204   2405   7
r  2453   2253   2405   7
r  2404   2253   2352   7
r  1836   1986   1788   7
r  1192   1243   1245   7
r  1193   1242   1245   7
r  799   748   699   7
r  2460   2411   2310   7
r  2411   2264   2310   7
r  1938   1990   1989   7
r  1888   1937   1988   7
r  850   899   999   7
r  2312   2314   2415   7
r  2264   2363   2415   7
r  2363   2416   2365   7
r  2279   2277   2376   7
r  2180   2229   2231   7
r  2277   2376   2328   7
r  2335   2435   2337   7
r  1939   1988   1990   7
r  1497   1548   1348   7
r  1500   1448   1598   7
r  2416   2314   2365   7
r  2462   2363   2365   7
r  2364   2416   2264   7
r  2466   2314   2264   7
r  2366   2368   2264   7
r  2463   2264   2365   7
r  2369   2320   2317   7
r  2373   2422   2469   7
r  2370   2419   2423   7
r  2379   2428   2328   7
r  2429   2327   2328   7
r  2383   2434   2431   7
r  2434   2382   2431   7
r  2485   2385   2337   7
r  1942   1791   1790   7
r  1893   1945   1994   7
r  1945   1896   1843   7
r  1399   1350   1448   7
r  1299   1350   1199   7
r  1300   1399   1348   7
r  1249   1300   1348   7
r  1250   1149   1348   7
r  1350   1348   1298   7
r  2465   2313   2417   7
r  2417   2314   2365   7
r  2467   2313   2413   7
r  2468   2419   2369   7
r  2470   2472   2421   7
r  2424   2475   2377   7
r  2471   2423   2475   7
r  1595   1644   1696   7
r  1995   1944   2046   7
r  1947   1848   1945   7
r  2091   2042   2140   7
r  2489   2438   2340   7
r  2439   2387   2240   7
r  1699   1598   1648   7
r  1898   1947   1749   7
r  2440   2392   2340   7
r  2441   2445   2340   7
r  2490   2340   2392   7
r  1950   1798   1749   7
r  1949   1700   1848   7
r  1850   1898   1848   7
r  2394   2392   2294   7
r  2444   2440   2493   7
r  2345   2194   2392   7
r  2446   2397   2392   7
r  2099   1948   2097   7
r  2197   2246   2299   7
r  2149   2097   2197   7
r  2247   2298   2299   7
r  2248   2197   2299   7
r  2499   2397   2148   7
r  2199   2248   2197   7
r  2395   2392   2293   7
r  2496   2346   2397   7
r  2399   2197   2299   7
r  2449   2400   2299   7
r  2400   2299   2448   7
r  2246   2249   2199   7
r  2300   2199   2397   7
r  2500   2299   2448   7
r  2350   2397   2298   7
r  2397   2448   2299   7
r  1   103   55   8
r  51   53   104   8
r  55   104   256   8
r  101   152   104   8
r  52   54   207   8
r  102   202   56   8
r  3   103   56   8
r  105   57   207   8
r  202   151   56   8
r  53   56   104   8
r  204   153   104   8
r  57   154   104   8
r  56   58   103   8
r  5   208   56   8
r  151   103   56   8
r  207   109   56   8
r  152   104   56   8
r  4   56   207   8
r  153   202   56   8
r  253   251   102   8
r  155   104   56   8
r  254   152   56   8
r  252   205   254   8
r  157   109   56   8
r  257   208   56   8
r  158   207   56   8
r  404   356   455   8
r  11   62   110   8
r  401   353   303   8
r  351   302   452   8
r  260   160   211   8
r  451   402   353   8
r  503   402   456   8
r  651   603   505   8
r  13   65   115   8
r  112   161   213   8
r  164   213   263   8
r  557   608   459   8
r  501   702   603   8
r  553   702   652   8
r  703   752   603   8
r  602   553   502   8
r  754   654   652   8
r  551   553   702   8
r  601   652   603   8
r  216   116   264   8
r  755   757   655   8
r  804   753   902   8
r  954   1003   802   8
r  18   69   65   8
r  119   117   116   8
r  851   802   902   8
r  953   1004   803   8
r  565   464   618   8
r  69   118   20   8
r  716   668   768   8
r  1202   1102   1303   8
r  861   812   962   8
r  222   220   271   8
r  1057   1008   1055   8
r  1155   1153   1207   8
r  1154   1106   1157   8
r  125   225   77   8
r  1208   1308   1206   8
r  1012   964   1064   8
r  1351   1303   1252   8
r  1301   1303   1253   8
r  1352   1252   1253   8
r  1353   1159   1253   8
r  1354   1307   1303   8
r  1452   1501   1303   8
r  1258   1157   1207   8
r  78   80   27   8
r  28   79   31   8
r  917   868   1015   8
r  1458   1509   1359   8
r  1552   1603   1651   8
r  1601   1501   1502   8
r  181   282   132   8
r  180   129   228   8
r  182   281   135   8
r  138   187   135   8
r  36   187   135   8
r  928   979   879   8
r  1361   1363   1410   8
r  1608   1506   1555   8
r  1706   1757   1555   8
r  1751   1702   1654   8
r  1752   1852   1803   8
r  186   188   137   8
r  1418   1467   1517   8
r  1662   1610   1561   8
r  1802   1753   1702   8
r  190   241   142   8
r  40   142   89   8
r  91   140   142   8
r  1327   1379   1330   8
r  783   831   832   8
r  1851   1903   1753   8
r  1903   1951   2052   8
r  1901   1852   1903   8
r  439   390   339   8
r  486   534   488   8
r  41   141   92   8
r  192   292   98   8
r  93   144   90   8
r  687   738   685   8
r  1279   1230   1281   8
r  1085   1033   1083   8
r  738   787   835   8
r  887   889   885   8
r  1953   1852   1853   8
r  2001   2003   1952   8
r  2002   2051   1951   8
r  45   145   98   8
r  98   149   248   8
r  96   248   148   8
r  49   98   144   8
r  1533   1531   1582   8
r  2103   2357   2253   8
r  2204   2255   2253   8
r  2151   2302   2253   8
r  2056   2007   2156   8
r  99   150   248   8
r  50   150   149   8
r  47   145   148   8
r  250   148   248   8
r  196   96   98   8
r  147   196   98   8
r  249   247   98   8
r  100   149   98   8
r  299   250   98   8
r  200   148   96   8
r  149   249   145   8
r  246   248   148   8
r  1772   1871   1872   8
r  941   1041   1040   8
r  2010   1911   1962   8
r  2205   2305   2405   8
r  2201   2253   2204   8
r  2401   2302   2204   8
r  2405   2454   2204   8
r  593   544   596   8
r  199   98   99   8
r  350   298   248   8
r  1927   1879   1929   8
r  1434   1284   1335   8
r  1683   1731   1734   8
r  1338   1387   1240   8
r  2252   2204   2405   8
r  2303   2403   2405   8
r  2452   2405   2306   8
r  2256   2252   2405   8
r  2455   2204   2253   8
r  2403   2204   2253   8
r  2305   2406   2253   8
r  2353   2405   2253   8
r  2453   2301   2253   8
r  2404   2307   2253   8
r  2257   2306   2253   8
r  2354   2256   2253   8
r  2304   2405   2253   8
r  2456   2405   2253   8
r  2408   2459   2253   8
r  2451   2253   2402   8
r  449   548   549   8
r  499   650   399   8
r  450   399   550   8
r  500   498   400   8
r  599   550   596   8
r  2027   2126   1978   8
r  1783   1780   1682   8
r  2067   2019   2118   8
r  2358   2307   2310   8
r  2411   2363   2459   8
r  2313   2365   2264   8
r  547   599   549   8
r  2079   2030   1977   8
r  2177   2175   2276   8
r  1884   1785   1935   8
r  1588   1586   1640   8
r  2362   2365   2415   8
r  2363   2365   2264   8
r  2462   2365   2413   8
r  2364   2413   2415   8
r  2463   2363   2264   8
r  2316   2268   2264   8
r  2465   2417   2264   8
r  648   699   748   8
r  2232   2130   2281   8
r  1691   1640   1742   8
r  2464   2413   2365   8
r  2466   2264   2365   8
r  900   1000   1049   8
r  2381   2432   2384   8
r  2333   2281   2431   8
r  2431   2433   2384   8
r  2239   2288   2340   8
r  1499   1548   1599   8
r  1500   1598   1348   8
r  1445   1396   1544   8
r  948   999   1000   8
r  1148   1248   1348   8
r  2373   2472   2271   8
r  2322   2423   2475   8
r  2374   2376   2377   8
r  2375   2426   2328   8
r  2421   2370   2469   8
r  2379   2328   2428   8
r  2425   2376   2328   8
r  2432   2434   2332   8
r  2485   2336   2433   8
r  2336   2433   2340   8
r  1892   1791   1843   8
r  1695   1744   1793   8
r  1496   1599   1348   8
r  1550   1498   1348   8
r  1149   1100   1350   8
r  1100   1000   1348   8
r  1350   1298   1348   8
r  2420   2469   2372   8
r  2470   2373   2419   8
r  1646   1545   1644   8
r  1744   1643   1696   8
r  1846   1945   1749   8
r  1747   1798   1945   8
r  2291   2340   2491   8
r  2492   2392   2489   8
r  2488   2238   2340   8
r  2292   2240   2340   8
r  2490   2391   2340   8
r  2343   2245   2340   8
r  2494   2492   2340   8
r  1850   1848   1648   8
r  1898   1900   2098   8
r  2048   2000   1999   8
r  1948   1950   1848   8
r  1900   1847   1849   8
r  2093   2142   2141   8
r  2440   2340   2392   8
r  2443   2446   2392   8
r  2446   2395   2397   8
r  2395   2293   2392   8
r  2447   2496   2392   8
r  2396   2448   2392   8
r  1949   1848   1749   8
r  2147   2047   2099   8
r  2099   2097   2200   8
r  1999   1898   1950   8
r  2198   2200   2299   8
r  2345   2392   2394   8
r  2398   2299   2349   8
r  2298   2300   2199   8
r  2249   2197   2498   8
r  2400   2199   2299   8
r  2397   2299   2448   8
r  2347   2448   2299   8
r  2196   2145   2299   8
r  2100   2200   2299   8
r  2246   2199   2299   8
r  2500   2448   2299   8
r  2399   2498   2199   8
r  2350   2299   2199   8
r  2348   2399   2299   8
r  1   55   207   9
r  51   102   56   9
r  2   104   56   9
r  104   56   207   9
r  52   56   104   9
r  3   102   207   9
r  205   56   207   9
r  202   56   207   9
r  151   252   104   9
r  253   102   104   9
r  7   207   104   9
r  254   56   104   9
r  5   56   104   9
r  157   58   104   9
r  206   255   56   9
r  308   208   56   9
r  58   6   56   9
r  256   156   207   9
r  252   204   207   9
r  152   56   207   9
r  53   104   56   9
r  55   256   102   9
r  255   104   56   9
r  204   104   56   9
r  4   207   56   9
r  251   103   56   9
r  203   152   56   9
r  201   252   56   9
r  306   257   56   9
r  107   207   56   9
r  403   302   56   9
r  401   452   254   9
r  302   201   452   9
r  453   505   603   9
r  452   454   303   9
r  405   506   403   9
r  351   452   303   9
r  262   161   211   9
r  12   109   110   9
r  361   309   412   9
r  608   458   459   9
r  606   604   505   9
r  602   701   505   9
r  604   503   502   9
r  164   263   213   9
r  13   16   117   9
r  552   603   503   9
r  754   652   603   9
r  558   560   459   9
r  703   603   652   9
r  702   603   602   9
r  704   755   652   9
r  17   65   115   9
r  751   652   702   9
r  708   808   858   9
r  515   566   618   9
r  415   316   367   9
r  317   365   417   9
r  852   854   752   9
r  662   709   710   9
r  167   115   65   9
r  15   13   117   9
r  16   65   115   9
r  902   1102   953   9
r  903   803   1003   9
r  19   119   116   9
r  956   902   856   9
r  951   904   854   9
r  1001   1003   902   9
r  1051   1003   1053   9
r  71   118   120   9
r  1153   1052   1001   9
r  1055   1155   1207   9
r  1101   1153   1002   9
r  770   669   821   9
r  22   69   24   9
r  23   72   122   9
r  24   125   122   9
r  962   1061   959   9
r  25   226   122   9
r  76   25   74   9
r  1160   1060   1206   9
r  1302   1253   1251   9
r  1305   1253   1303   9
r  1301   1253   1303   9
r  1351   1252   1303   9
r  1451   1402   1253   9
r  1306   1206   1303   9
r  26   28   127   9
r  30   27   127   9
r  79   81   77   9
r  1356   1308   1507   9
r  1023   1171   1021   9
r  628   576   529   9
r  1076   926   1124   9
r  185   234   137   9
r  85   136   137   9
r  238   185   137   9
r  35   136   135   9
r  1607   1555   1655   9
r  1031   1082   1033   9
r  38   142   89   9
r  1520   1419   1471   9
r  1423   1474   1523   9
r  1572   1521   1524   9
r  882   782   933   9
r  833   733   782   9
r  1132   1181   1281   9
r  40   89   142   9
r  91   142   42   9
r  1759   1807   1860   9
r  1902   2003   2052   9
r  1476   1527   1626   9
r  836   885   737   9
r  340   392   388   9
r  41   140   142   9
r  192   98   42   9
r  1617   1666   1768   9
r  1951   1902   1903   9
r  1382   1330   1281   9
r  1431   1530   1281   9
r  145   196   42   9
r  94   48   148   9
r  194   98   96   9
r  146   98   148   9
r  297   395   98   9
r  49   148   98   9
r  1911   2012   1913   9
r  2008   2056   1956   9
r  2053   2102   2253   9
r  2101   2053   2253   9
r  1875   1625   1725   9
r  790   839   889   9
r  244   196   98   9
r  196   98   248   9
r  296   345   98   9
r  298   400   395   9
r  50   98   148   9
r  149   145   98   9
r  1915   1967   1815   9
r  2106   2158   2253   9
r  2156   2306   2253   9
r  2157   2057   2253   9
r  2202   2253   2405   9
r  2401   2253   2405   9
r  2252   2301   2204   9
r  2303   2405   2204   9
r  2402   2405   2204   9
r  2201   2204   2253   9
r  1732   1734   1781   9
r  150   248   148   9
r  198   147   249   9
r  250   248   148   9
r  200   96   98   9
r  199   99   98   9
r  300   248   98   9
r  100   98   248   9
r  398   400   449   9
r  2066   2115   2017   9
r  2206   2255   2253   9
r  2351   2204   2405   9
r  2251   2405   2403   9
r  2353   2401   2405   9
r  2207   2156   2253   9
r  2451   2402   2253   9
r  2406   2455   2253   9
r  2308   2408   2253   9
r  2158   2161   2110   9
r  2304   2253   2405   9
r  2305   2253   2302   9
r  2455   2253   2306   9
r  2403   2253   2352   9
r  2454   2253   2405   9
r  2301   2253   2405   9
r  2113   2162   2212   9
r  1970   1919   2019   9
r  1971   1821   1920   9
r  2122   2021   2022   9
r  1093   994   1044   9
r  450   550   399   9
r  500   400   399   9
r  544   595   395   9
r  2458   2359   2310   9
r  2361   2459   2264   9
r  2313   2264   2415   9
r  1980   1978   2078   9
r  1489   1536   1537   9
r  546   645   544   9
r  547   549   598   9
r  2362   2264   2365   9
r  2363   2264   2365   9
r  2465   2365   2313   9
r  2416   2465   2264   9
r  2364   2415   2413   9
r  2316   2367   2365   9
r  2464   2365   2264   9
r  2417   2364   2264   9
r  2466   2365   2264   9
r  1787   1838   1988   9
r  1936   1686   2085   9
r  1498   1598   1348   9
r  1395   1397   1295   9
r  1146   1194   1348   9
r  1097   998   1348   9
r  2413   2264   2464   9
r  2184   2085   2084   9
r  2332   2230   2231   9
r  2381   2383   2433   9
r  2431   2482   2433   9
r  1499   1599   1348   9
r  1396   1398   1348   9
r  1049   1148   898   9
r  1150   1350   1348   9
r  1198   1147   1348   9
r  2318   2418   2370   9
r  2321   2423   2469   9
r  2277   2328   2427   9
r  2382   2384   2431   9
r  2432   2481   2384   9
r  2380   2432   2384   9
r  2430   2428   2377   9
r  2483   2485   2431   9
r  2480   2431   2384   9
r  2336   2340   2437   9
r  2386   2337   2340   9
r  1942   1790   1893   9
r  1649   1698   1748   9
r  1600   1498   1348   9
r  950   999   1049   9
r  2421   2469   2369   9
r  2423   2474   2372   9
r  2420   2369   2475   9
r  2471   2469   2419   9
r  2424   2377   2372   9
r  2426   2328   2477   9
r  2379   2428   2328   9
r  2478   2427   2377   9
r  2237   2235   2340   9
r  2436   2336   2340   9
r  2286   2238   2340   9
r  2487   2340   2337   9
r  1992   1940   1891   9
r  2289   2342   2238   9
r  1895   1946   1844   9
r  2390   2291   2292   9
r  2291   2491   2340   9
r  2191   2140   2340   9
r  2440   2391   2340   9
r  2491   2493   2340   9
r  2389   2340   2392   9
r  1800   1950   1898   9
r  1899   1948   1749   9
r  2292   2340   2392   9
r  2343   2340   2392   9
r  2344   2293   2392   9
r  2495   2446   2397   9
r  2498   2400   2397   9
r  2395   2493   2294   9
r  2147   2048   2299   9
r  2198   2299   2448   9
r  2248   2299   2199   9
r  2099   2048   2299   9
r  2496   2397   2498   9
r  2397   2448   2299   9
r  2448   2298   2199   9
r  2497   2397   2299   9
r  2398   2349   2299   9
r  2450   2299   2448   9
r  2196   2299   2245   9
r  2150   2249   2299   9
r  2298   2498   2400   9
r  2300   2397   2199   9
r  2500   2398   2448   9
r  2350   2298   2299   9
r  1   104   56   10
r  51   104   207   10
r  2   103   207   10
r  56   208   104   10
r  101   56   207   10
r  52   207   56   10
r  258   306   56   10
r  6   8   104   10
r  58   56   104   10
r  154   56   207   10
r  102   104   207   10
r  57   104   207   10
r  7   104   207   10
r  53   56   207   10
r  55   53   207   10
r  155   56   207   10
r  4   102   207   10
r  251   202   207   10
r  203   56   207   10
r  107   56   207   10
r  54   56   207   10
r  106   207   104   10
r  8   207   104   10
r  153   102   104   10
r  205   207   56   10
r  202   207   56   10
r  253   104   56   10
r  5   207   56   10
r  152   207   56   10
r  301   253   56   10
r  304   306   56   10
r  303   403   56   10
r  201   56   104   10
r  353   402   254   10
r  401   254   353   10
r  352   403   451   10
r  210   212   111   10
r  111   212   113   10
r  403   56   401   10
r  502   652   603   10
r  459   359   510   10
r  501   603   505   10
r  508   608   560   10
r  552   652   603   10
r  559   508   608   10
r  265   316   65   10
r  654   755   652   10
r  601   701   652   10
r  14   117   17   10
r  17   115   117   10
r  64   116   115   10
r  65   114   116   10
r  218   266   367   10
r  803   703   902   10
r  15   115   116   10
r  16   117   116   10
r  18   20   120   10
r  806   855   808   10
r  852   752   854   10
r  760   709   910   10
r  904   802   953   10
r  905   803   902   10
r  666   614   668   10
r  815   766   665   10
r  521   570   568   10
r  471   522   570   10
r  1002   1103   1051   10
r  1052   1103   952   10
r  1053   1102   1151   10
r  911   962   1010   10
r  573   522   422   10
r  23   122   72   10
r  73   122   125   10
r  1013   1114   1113   10
r  574   525   623   10
r  1204   1255   1303   10
r  1301   1304   1203   10
r  1017   1068   968   10
r  25   122   77   10
r  28   31   177   10
r  26   127   125   10
r  1251   1303   1402   10
r  1302   1251   1253   10
r  1403   1452   1253   10
r  1270   1172   1118   10
r  132   83   81   10
r  83   232   81   10
r  1024   1124   1027   10
r  84   133   135   10
r  34   184   135   10
r  35   86   137   10
r  186   237   135   10
r  285   234   135   10
r  237   137   135   10
r  1652   1601   1654   10
r  1415   1366   1314   10
r  1411   1362   1510   10
r  235   136   137   10
r  36   135   137   10
r  89   138   42   10
r  1606   1655   1555   10
r  1702   1904   1753   10
r  1654   1555   1752   10
r  1752   1652   1603   10
r  1177   1275   1078   10
r  1128   1126   1176   10
r  1082   1030   1033   10
r  883   782   733   10
r  436   335   384   10
r  435   484   534   10
r  190   142   42   10
r  40   142   140   10
r  90   142   42   10
r  1707   1605   1705   10
r  1761   1763   1812   10
r  1714   1666   1613   10
r  1376   1427   1330   10
r  1520   1471   1620   10
r  91   89   142   10
r  44   145   142   10
r  144   294   148   10
r  96   147   42   10
r  1851   1853   1903   10
r  1858   1758   1759   10
r  1811   1862   1913   10
r  1580   1679   1582   10
r  292   193   145   10
r  194   96   98   10
r  45   42   148   10
r  147   98   144   10
r  247   148   144   10
r  146   144   98   10
r  150   148   96   10
r  1902   2052   2001   10
r  2003   2052   1903   10
r  1865   1867   1913   10
r  1912   2013   1963   10
r  1916   1918   1865   10
r  1727   1676   1826   10
r  1383   1434   1385   10
r  296   98   148   10
r  298   395   98   10
r  197   98   199   10
r  246   297   98   10
r  149   49   248   10
r  196   248   98   10
r  48   149   248   10
r  100   248   98   10
r  49   144   148   10
r  99   145   148   10
r  200   248   148   10
r  300   298   148   10
r  249   98   298   10
r  50   148   98   10
r  350   449   98   10
r  2101   2103   2405   10
r  2102   2253   2405   10
r  2151   2102   2103   10
r  1827   1876   1878   10
r  1828   1879   1927   10
r  1879   1926   1729   10
r  2105   2157   2204   10
r  2104   1852   2253   10
r  2152   2103   2405   10
r  2057   2106   2253   10
r  1869   1818   1918   10
r  595   695   543   10
r  843   895   943   10
r  498   549   449   10
r  450   548   549   10
r  550   449   399   10
r  2155   2206   2253   10
r  2303   2204   2405   10
r  2254   2305   2405   10
r  2251   2403   2405   10
r  2402   2204   2405   10
r  2356   2405   2204   10
r  2404   2352   2204   10
r  2202   2405   2253   10
r  2401   2405   2253   10
r  2304   2353   2253   10
r  2305   2405   2253   10
r  2455   2306   2253   10
r  2403   2352   2253   10
r  2301   2402   2253   10
r  2307   2207   2253   10
r  2454   2405   2253   10
r  2360   2411   2253   10
r  2255   2253   2204   10
r  2352   2253   2204   10
r  2256   2253   2204   10
r  2456   2253   2405   10
r  2211   2159   2310   10
r  2067   2118   2167   10
r  2114   2063   2015   10
r  1192   1244   1345   10
r  695   693   746   10
r  745   646   694   10
r  650   548   449   10
r  500   399   600   10
r  2357   2457   2310   10
r  2457   2459   2356   10
r  2411   2459   2408   10
r  2408   2253   2310   10
r  2461   2412   2310   10
r  2177   2276   2173   10
r  2233   2184   2131   10
r  1838   1889   1937   10
r  1985   1936   1885   10
r  898   947   846   10
r  947   996   999   10
r  1246   1195   1348   10
r  800   900   999   10
r  2264   2415   2313   10
r  2362   2365   2264   10
r  2412   2264   2365   10
r  2462   2413   2415   10
r  2271   2323   2475   10
r  2323   2374   2223   10
r  2133   2082   1985   10
r  2332   2281   2431   10
r  2335   2386   2340   10
r  2085   2136   1937   10
r  1494   1443   1592   10
r  899   1000   850   10
r  1150   1348   1199   10
r  1098   1147   1348   10
r  1000   1049   799   10
r  2416   2264   2413   10
r  2265   2216   2365   10
r  2465   2313   2467   10
r  2413   2415   2264   10
r  2364   2264   2415   10
r  2322   2472   2370   10
r  2374   2425   2328   10
r  2331   2131   2384   10
r  2382   2431   2384   10
r  2432   2384   2434   10
r  2285   2238   2340   10
r  2433   2384   2333   10
r  2485   2337   2431   10
r  1942   1891   1945   10
r  1594   1396   1543   10
r  1349   1400   1448   10
r  1650   1599   1348   10
r  1199   1250   1349   10
r  949   1049   900   10
r  1200   1348   1149   10
r  2414   2264   2315   10
r  2315   2264   2366   10
r  2466   2264   2415   10
r  2418   2469   2365   10
r  2419   2421   2475   10
r  2469   2423   2372   10
r  2420   2475   2469   10
r  2426   2477   2328   10
r  2477   2328   2377   10
r  2479   2431   2328   10
r  2482   2384   2431   10
r  2486   2340   2437   10
r  2487   2387   2340   10
r  2390   2240   2392   10
r  2488   2387   2437   10
r  2389   2338   2340   10
r  2292   2290   2340   10
r  2444   2493   2340   10
r  1991   1940   2043   10
r  2140   2039   2092   10
r  1797   1795   1749   10
r  1897   1948   1945   10
r  1300   1348   1249   10
r  2470   2421   2418   10
r  2391   2340   2291   10
r  2394   2294   2392   10
r  2295   2346   2392   10
r  2497   2299   2392   10
r  1796   1747   1744   10
r  1800   1898   1749   10
r  1850   1648   1898   10
r  2345   2294   2299   10
r  2496   2348   2299   10
r  2398   2299   2199   10
r  2349   2199   2148   10
r  2249   2200   2148   10
r  2500   2299   2498   10
r  2347   2396   2498   10
r  2346   2397   2299   10
r  2147   2299   2149   10
r  2198   2250   2299   10
r  2149   2197   2299   10
r  2248   2199   2299   10
r  2399   2199   2448   10
r  2400   2299   2199   10
r  2450   2498   2299   10
r  2250   2248   2448   10
r  2348   2448   2199   10
r  101   207   56   11
r  52   56   207   11
r  257   157   104   11
r  58   104   56   11
r  9   56   104   11
r  256   56   104   11
r  57   201   104   11
r  55   102   104   11
r  251   56   104   11
r  106   57   207   11
r  8   104   207   11
r  307   407   207   11
r  59   56   207   11
r  10   59   207   11
r  153   56   207   11
r  151   104   207   11
r  255   156   207   11
r  204   56   207   11
r  205   104   207   11
r  202   104   207   11
r  253   56   207   11
r  5   56   207   11
r  7   207   104   11
r  102   207   104   11
r  4   207   104   11
r  306   255   354   11
r  152   253   104   11
r  252   207   56   11
r  154   207   56   11
r  53   207   56   11
r  203   207   56   11
r  54   207   56   11
r  201   103   56   11
r  254   303   56   11
r  355   406   56   11
r  305   404   56   11
r  451   403   56   11
r  354   405   56   11
r  107   207   104   11
r  209   211   261   11
r  155   207   104   11
r  301   56   303   11
r  302   401   353   11
r  304   56   403   11
r  404   353   505   11
r  111   113   211   11
r  453   603   505   11
r  553   652   505   11
r  604   502   652   11
r  508   560   510   11
r  559   608   458   11
r  13   115   116   11
r  552   503   652   11
r  601   652   552   11
r  702   602   603   11
r  414   365   362   11
r  703   652   603   11
r  751   702   603   11
r  267   417   269   11
r  704   652   805   11
r  801   803   854   11
r  16   115   65   11
r  119   116   117   11
r  853   802   804   11
r  902   951   854   11
r  1004   1051   953   11
r  1002   1102   1151   11
r  1052   1151   1103   11
r  76   74   72   11
r  1101   1103   1054   11
r  1059   1057   1107   11
r  1011   912   862   11
r  1102   1151   1053   11
r  226   77   125   11
r  26   125   77   11
r  1158   1107   1206   11
r  1012   1064   1063   11
r  920   820   821   11
r  29   77   127   11
r  79   77   127   11
r  30   127   77   11
r  80   31   77   11
r  179   230   77   11
r  1301   1203   1253   11
r  1355   1404   1253   11
r  1503   1452   1303   11
r  1352   1253   1304   11
r  178   129   229   11
r  578   527   728   11
r  1272   1323   1171   11
r  1553   1601   1651   11
r  1167   1215   1164   11
r  131   129   135   11
r  83   183   132   11
r  135   184   81   11
r  183   132   135   11
r  34   135   137   11
r  1273   1224   1173   11
r  1321   1370   1323   11
r  980   929   928   11
r  1552   1601   1504   11
r  1603   1601   1654   11
r  35   137   84   11
r  237   188   137   11
r  235   186   135   11
r  236   137   135   11
r  36   136   135   11
r  38   89   135   11
r  282   330   384   11
r  1461   1409   1510   11
r  1561   1612   1559   11
r  1702   1653   1603   11
r  1703   1803   1752   11
r  139   239   142   11
r  39   141   93   11
r  1607   1655   1555   11
r  1706   1555   1604   11
r  1611   1712   1710   11
r  1468   1517   1367   11
r  1469   1520   1517   11
r  1572   1570   1621   11
r  1177   1078   1126   11
r  982   1031   1033   11
r  932   1083   1032   11
r  784   786   835   11
r  583   482   634   11
r  1606   1555   1608   11
r  1655   1657   1706   11
r  90   191   142   11
r  93   142   98   11
r  1623   1722   1621   11
r  1625   1525   1476   11
r  1132   1281   1083   11
r  1809   1860   1659   11
r  1904   1906   1851   11
r  1851   1903   1902   11
r  1902   1904   1753   11
r  1806   1757   1755   11
r  389   342   340   11
r  143   194   98   11
r  144   293   98   11
r  1757   1858   1860   11
r  1185   1134   1237   11
r  1953   1902   1852   11
r  1901   1753   1853   11
r  2001   1903   2003   11
r  2053   2253   1903   11
r  47   98   144   11
r  146   148   248   11
r  150   98   148   11
r  99   148   249   11
r  247   144   199   11
r  149   248   48   11
r  298   199   148   11
r  197   199   98   11
r  249   298   98   11
r  245   345   98   11
r  349   449   98   11
r  1768   1670   1669   11
r  1683   1734   1582   11
r  1040   940   992   11
r  2103   2106   2405   11
r  2102   2204   2253   11
r  2151   2103   2405   11
r  196   98   248   11
r  49   98   100   11
r  299   98   148   11
r  294   346   395   11
r  400   498   499   11
r  1880   1929   1778   11
r  2105   2204   2253   11
r  2203   2252   2405   11
r  2201   2405   2204   11
r  1968   2019   1919   11
r  1587   1538   1535   11
r  1141   1090   1042   11
r  1093   993   1144   11
r  2156   2253   2405   11
r  2303   2401   2354   11
r  2351   2405   2204   11
r  2453   2405   2352   11
r  2404   2204   2352   11
r  2354   2405   2204   11
r  2207   2256   2405   11
r  2202   2204   2405   11
r  2454   2352   2405   11
r  2107   2055   2253   11
r  2255   2204   2253   11
r  2352   2405   2253   11
r  2256   2405   2253   11
r  2208   2108   2253   11
r  2358   2310   2253   11
r  2456   2405   2253   11
r  2407   2456   2253   11
r  2458   2310   2253   11
r  2310   2361   2253   11
r  2302   2403   2204   11
r  2355   2253   2204   11
r  2304   2253   2302   11
r  2251   2253   2204   11
r  2452   2253   2405   11
r  2356   2253   2405   11
r  2401   2253   2405   11
r  2307   2253   2405   11
r  2451   2253   2204   11
r  2066   1966   2068   11
r  1242   1042   1245   11
r  2459   2359   2310   11
r  2117   2119   2068   11
r  1740   1742   1792   11
r  2312   2415   2365   11
r  2362   2264   2314   11
r  2363   2365   2264   11
r  2462   2415   2413   11
r  1000   848   899   11
r  850   999   1049   11
r  2272   2223   2372   11
r  2275   2324   2328   11
r  2133   2182   2084   11
r  2332   2431   2433   11
r  2384   2333   2433   11
r  1493   1546   1444   11
r  1841   1843   1942   11
r  1346   1295   1348   11
r  848   997   999   11
r  1050   899   898   11
r  1150   1199   1348   11
r  2416   2365   2264   11
r  2366   2417   2415   11
r  2413   2464   2415   11
r  2414   2314   2264   11
r  2367   2365   2264   11
r  2467   2413   2264   11
r  2364   2415   2264   11
r  2466   2415   2363   11
r  949   900   1049   11
r  2368   2370   2371   11
r  2277   2427   2328   11
r  2382   2384   2431   11
r  2385   2383   2433   11
r  2482   2431   2384   11
r  2336   2437   2340   11
r  1942   1893   1891   11
r  2187   2136   2340   11
r  1695   1646   1744   11
r  1547   1496   1348   11
r  1450   1348   1198   11
r  1099   1250   1350   11
r  1200   1149   1348   11
r  1300   1249   1348   11
r  2472   2475   2372   11
r  2423   2372   2475   11
r  2474   2322   2377   11
r  2424   2372   2328   11
r  2377   2278   2379   11
r  2426   2328   2377   11
r  2478   2377   2278   11
r  2479   2432   2431   11
r  2477   2378   2328   11
r  2483   2384   2385   11
r  2486   2437   2340   11
r  2388   2437   2340   11
r  2439   2240   2437   11
r  2492   2489   2392   11
r  2437   2337   2340   11
r  2190   2290   2340   11
r  2391   2491   2340   11
r  2343   2292   2340   11
r  2293   2393   2340   11
r  2493   2393   2340   11
r  2344   2392   2340   11
r  2192   2241   2340   11
r  2394   2295   2340   11
r  1696   1748   1693   11
r  2489   2340   2392   11
r  2241   2292   2392   11
r  2495   2392   2299   11
r  2396   2299   2498   11
r  2497   2446   2445   11
r  2397   2299   2392   11
r  2097   2146   2099   11
r  1950   1749   1898   11
r  1899   1749   1999   11
r  1850   1799   1749   11
r  2299   2498   2447   11
r  2296   2299   2448   11
r  2499   2148   2448   11
r  2398   2199   2299   11
r  2349   2148   2397   11
r  2500   2448   2299   11
r  2200   2148   2498   11
r  2450   2299   2498   11
r  2348   2199   2498   11
r  2297   2299   2498   11
r  2399   2448   2199   11
r  2147   2099   2299   11
r  2249   2498   2448   11
r  2298   2400   2148   11
r  2247   2148   2199   11
r  2248   2148   2199   11
r  2400   2448   2299   11
r  1   56   104   12
r  101   104   207   12
r  52   207   56   12
r  3   207   104   12
r  208   54   56   12
r  357   306   56   12
r  58   56   104   12
r  9   104   56   12
r  256   104   56   12
r  59   8   104   12
r  153   104   56   12
r  151   56   104   12
r  204   253   56   12
r  202   56   104   12
r  7   56   207   12
r  4   56   207   12
r  306   354   207   12
r  152   104   207   12
r  154   256   207   12
r  201   56   207   12
r  254   56   207   12
r  301   254   207   12
r  109   60   207   12
r  102   104   207   12
r  252   56   207   12
r  355   306   207   12
r  451   56   207   12
r  5   207   56   12
r  251   207   56   12
r  8   207   104   12
r  307   207   104   12
r  53   208   104   12
r  203   56   104   12
r  253   207   56   12
r  107   104   56   12
r  358   258   56   12
r  353   351   56   12
r  304   403   56   12
r  155   104   56   12
r  402   303   56   12
r  406   454   56   12
r  110   61   56   12
r  351   451   452   12
r  302   353   403   12
r  303   56   403   12
r  501   505   603   12
r  352   401   403   12
r  454   403   505   12
r  505   604   603   12
r  458   511   560   12
r  163   264   211   12
r  551   603   505   12
r  13   116   65   12
r  552   652   505   12
r  63   213   117   12
r  601   603   652   12
r  651   505   603   12
r  704   805   603   12
r  753   854   603   12
r  14   115   117   12
r  65   165   67   12
r  66   118   14   12
r  16   65   115   12
r  807   758   805   12
r  851   803   854   12
r  854   953   1003   12
r  1004   953   952   12
r  955   907   856   12
r  852   854   953   12
r  858   757   856   12
r  711   713   663   12
r  951   953   902   12
r  1001   1103   953   12
r  764   816   664   12
r  1102   1053   952   12
r  123   72   226   12
r  1101   1054   1152   12
r  1154   1157   1207   12
r  1105   1156   1207   12
r  865   814   1015   12
r  868   919   968   12
r  76   24   74   12
r  1156   1205   1207   12
r  1159   1210   1110   12
r  26   77   127   12
r  1301   1253   1352   12
r  1255   1303   1253   12
r  1401   1303   1253   12
r  1354   1303   1253   12
r  1403   1253   1304   12
r  1503   1403   1602   12
r  1404   1455   1303   12
r  627   527   726   12
r  1601   1502   1553   12
r  1406   1507   1408   12
r  82   84   135   12
r  1551   1553   1602   12
r  1651   1654   1603   12
r  1652   1701   1752   12
r  1410   1309   1458   12
r  34   137   135   12
r  37   136   137   12
r  38   40   137   12
r  184   133   135   12
r  88   137   135   12
r  980   880   879   12
r  1607   1555   1506   12
r  1653   1701   1753   12
r  1701   1603   1753   12
r  1412   1363   1311   12
r  35   135   137   12
r  139   190   42   12
r  39   142   42   12
r  1754   1705   1853   12
r  1704   1805   1702   12
r  634   586   534   12
r  338   389   341   12
r  241   340   190   12
r  1468   1367   1517   12
r  1525   1574   1425   12
r  1761   1710   1861   12
r  636   587   634   12
r  91   42   98   12
r  41   92   93   12
r  94   145   142   12
r  95   93   98   12
r  145   98   148   12
r  1035   1135   1083   12
r  836   936   787   12
r  1902   1753   2052   12
r  1901   1903   1952   12
r  1953   1852   1951   12
r  2001   1952   1903   12
r  45   148   246   12
r  297   98   148   12
r  195   95   148   12
r  146   248   148   12
r  46   148   248   12
r  99   248   148   12
r  247   199   148   12
r  250   148   248   12
r  149   48   248   12
r  50   149   148   12
r  350   248   148   12
r  197   148   249   12
r  147   144   98   12
r  47   144   98   12
r  150   96   98   12
r  296   148   98   12
r  196   248   98   12
r  49   148   98   12
r  299   148   98   12
r  1533   1582   1485   12
r  1957   1960   1906   12
r  2051   1903   2253   12
r  2104   2204   2405   12
r  100   98   248   12
r  200   98   249   12
r  349   98   148   12
r  400   499   549   12
r  346   447   395   12
r  1820   1920   1769   12
r  1819   1871   1771   12
r  1825   1925   1778   12
r  2005   2054   2253   12
r  2056   2156   2253   12
r  2154   2253   2405   12
r  2201   2253   2405   12
r  393   345   395   12
r  399   347   500   12
r  448   549   399   12
r  447   599   449   12
r  2155   2106   2206   12
r  2106   2253   2204   12
r  2156   2405   2253   12
r  2402   2405   2204   12
r  2353   2405   2204   12
r  2453   2352   2405   12
r  2354   2204   2405   12
r  2301   2405   2204   12
r  2256   2204   2405   12
r  2355   2204   2253   12
r  2304   2405   2253   12
r  2251   2405   2253   12
r  2452   2405   2253   12
r  2356   2204   2253   12
r  2401   2405   2253   12
r  2307   2405   2253   12
r  2451   2204   2253   12
r  2158   2110   2253   12
r  2259   2310   2253   12
r  2309   2358   2253   12
r  2209   2160   2253   12
r  2352   2253   2405   12
r  2351   2253   2405   12
r  2202   2253   2204   12
r  2455   2253   2204   12
r  2255   2253   2355   12
r  2308   2253   2405   12
r  2456   2253   2405   12
r  2407   2253   2405   12
r  1968   1919   2068   12
r  498   399   549   12
r  650   550   549   12
r  944   893   842   12
r  2459   2310   2410   12
r  2117   2068   2017   12
r  547   598   596   12
r  2077   2128   1977   12
r  2029   2078   2077   12
r  1588   1640   1490   12
r  1094   1092   1143   12
r  2362   2415   2264   12
r  2363   2264   2312   12
r  2462   2264   2365   12
r  2175   2124   2274   12
r  2222   2224   2271   12
r  2225   2126   2174   12
r  2176   2174   2173   12
r  1691   1742   1791   12
r  2365   2414   2313   12
r  2416   2413   2414   12
r  2415   2417   2264   12
r  2466   2413   2264   12
r  2315   2366   2264   12
r  2364   2264   2415   12
r  2276   2176   2328   12
r  2333   2431   2384   12
r  1446   1495   1348   12
r  1296   1245   1348   12
r  2417   2264   2413   12
r  2464   2264   2365   12
r  2368   2371   2317   12
r  2319   2370   2422   12
r  2318   2369   2271   12
r  2278   2329   2377   12
r  2331   2431   2433   12
r  2332   2231   2431   12
r  2385   2433   2431   12
r  2482   2433   2431   12
r  2432   2434   2384   12
r  2337   2435   2392   12
r  2236   2238   2340   12
r  1746   1744   1793   12
r  1450   1350   1348   12
r  1649   1748   1348   12
r  1248   1299   1350   12
r  2470   2419   2372   12
r  2421   2372   2419   12
r  2473   2476   2377   12
r  2474   2372   2425   12
r  2471   2419   2372   12
r  2479   2431   2377   12
r  2381   2384   2332   12
r  2435   2431   2484   12
r  2387   2340   2392   12
r  2287   2238   2340   12
r  2487   2340   2392   12
r  2240   2291   2392   12
r  2488   2437   2392   12
r  2192   2190   2392   12
r  2489   2392   2340   12
r  2241   2141   2340   12
r  2443   2392   2340   12
r  2142   2190   2340   12
r  2294   2245   2340   12
r  2345   2394   2340   12
r  1846   1749   1797   12
r  1400   1348   1349   12
r  1799   1700   1848   12
r  2445   2491   2299   12
r  2439   2340   2392   12
r  2495   2397   2392   12
r  2141   2092   2392   12
r  2347   2498   2392   12
r  2245   2095   2299   12
r  2193   2093   2294   12
r  2346   2448   2498   12
r  1900   1849   1898   12
r  1800   1749   1898   12
r  1849   1898   1749   12
r  1850   1749   1999   12
r  1950   1848   1749   12
r  1949   1898   1900   12
r  2497   2392   2299   12
r  2397   2392   2299   12
r  2498   2392   2299   12
r  2297   2498   2299   12
r  2348   2498   2399   12
r  2300   2248   2448   12
r  2399   2199   2448   12
r  2450   2448   2299   12
r  2000   2099   2299   12
r  2147   2299   2199   12
r  2099   2299   2199   12
r  2250   2299   2198   12
r  2499   2299   2199   12
r  2200   2299   2448   12
r  2248   2299   2197   12
r  1   104   56   13
r  51   207   104   13
r  2   56   104   13
r  101   56   104   13
r  52   104   207   13
r  3   104   207   13
r  206   56   104   13
r  208   56   104   13
r  58   104   56   13
r  153   56   104   13
r  151   104   56   13
r  255   56   104   13
r  205   56   104   13
r  202   104   56   13
r  152   56   104   13
r  201   104   56   13
r  301   303   56   13
r  102   56   104   13
r  54   56   207   13
r  5   56   207   13
r  251   104   207   13
r  8   56   207   13
r  307   56   207   13
r  158   56   207   13
r  305   354   207   13
r  304   56   207   13
r  11   109   207   13
r  53   104   207   13
r  354   56   207   13
r  155   54   207   13
r  403   401   207   13
r  10   207   104   13
r  306   207   104   13
r  258   207   104   13
r  9   207   104   13
r  4   207   56   13
r  254   207   56   13
r  252   207   56   13
r  203   103   56   13
r  356   455   56   13
r  59   207   56   13
r  7   207   56   13
r  303   352   56   13
r  452   303   56   13
r  352   403   56   13
r  159   210   56   13
r  261   210   56   13
r  253   56   104   13
r  107   56   104   13
r  61   12   110   13
r  353   56   452   13
r  401   303   352   13
r  161   210   212   13
r  451   207   505   13
r  411   409   261   13
r  410   461   560   13
r  606   554   603   13
r  702   601   505   13
r  552   505   652   13
r  461   361   510   13
r  558   459   409   13
r  508   557   560   13
r  14   17   65   13
r  17   117   119   13
r  656   705   603   13
r  511   410   459   13
r  601   552   603   13
r  551   505   603   13
r  752   652   603   13
r  266   264   367   13
r  167   65   116   13
r  15   117   66   13
r  16   115   119   13
r  68   116   117   13
r  802   854   902   13
r  755   655   856   13
r  19   116   120   13
r  851   854   802   13
r  953   802   854   13
r  517   417   618   13
r  21   23   120   13
r  1001   902   854   13
r  952   1051   1103   13
r  1052   1103   902   13
r  24   122   77   13
r  222   171   174   13
r  1057   1055   1207   13
r  962   862   1010   13
r  1152   1201   1253   13
r  1155   1207   1206   13
r  29   27   78   13
r  79   127   125   13
r  1013   1064   962   13
r  1209   1258   1207   13
r  873   824   876   13
r  924   926   825   13
r  178   31   77   13
r  1115   1066   1016   13
r  1210   1310   1161   13
r  1351   1303   1251   13
r  1255   1251   1303   13
r  1452   1401   1253   13
r  1502   1551   1303   13
r  576   578   579   13
r  130   132   81   13
r  1355   1253   1406   13
r  1404   1303   1455   13
r  1501   1453   1452   13
r  1503   1303   1651   13
r  975   1074   1126   13
r  85   137   136   13
r  35   84   135   13
r  1507   1458   1406   13
r  929   827   877   13
r  236   135   137   13
r  1654   1702   1651   13
r  1653   1753   1702   13
r  435   433   482   13
r  1416   1367   1517   13
r  1565   1616   1464   13
r  1751   1651   1753   13
r  1704   1702   1752   13
r  1803   1854   1852   13
r  1802   1804   1753   13
r  1853   1802   1702   13
r  1375   1276   1426   13
r  191   42   142   13
r  94   148   98   13
r  95   98   142   13
r  96   148   142   13
r  193   142   148   13
r  1708   1759   1809   13
r  1711   1760   1662   13
r  1710   1662   1712   13
r  1901   1952   1903   13
r  1902   2052   1951   13
r  1671   1622   1771   13
r  1675   1724   1574   13
r  638   589   586   13
r  45   98   148   13
r  145   42   98   13
r  46   248   148   13
r  246   148   298   13
r  197   249   148   13
r  150   148   248   13
r  196   148   248   13
r  299   248   148   13
r  100   148   98   13
r  200   148   98   13
r  349   148   98   13
r  346   397   98   13
r  1952   2052   1851   13
r  2002   1951   1902   13
r  2053   2104   2253   13
r  2003   1903   2052   13
r  2051   2253   1902   13
r  50   98   248   13
r  250   98   148   13
r  49   98   148   13
r  348   397   449   13
r  1912   2012   1961   13
r  1965   1967   1816   13
r  2151   2405   2204   13
r  1335   1383   1433   13
r  450   399   499   13
r  500   600   400   13
r  2056   2253   2405   13
r  2153   2253   2405   13
r  2306   2407   2405   13
r  2258   2307   2405   13
r  2402   2204   2405   13
r  2257   2308   2405   13
r  2358   2406   2405   13
r  2355   2256   2204   13
r  2251   2204   2405   13
r  2307   2305   2405   13
r  2451   2301   2405   13
r  2201   2405   2253   13
r  2058   2107   2253   13
r  2106   2204   2253   13
r  2352   2405   2253   13
r  2351   2405   2253   13
r  2202   2204   2253   13
r  2455   2356   2253   13
r  2255   2405   2253   13
r  2308   2405   2253   13
r  2456   2356   2253   13
r  2407   2307   2253   13
r  2154   2205   2253   13
r  2108   2059   2253   13
r  2357   2156   2253   13
r  2457   2356   2253   13
r  1435   1384   1433   13
r  1585   1685   1534   13
r  1436   1537   1485   13
r  595   693   694   13
r  550   399   599   13
r  2353   2253   2405   13
r  2301   2253   2405   13
r  2453   2253   2204   13
r  2207   2253   2204   13
r  2305   2253   2405   13
r  2452   2253   2405   13
r  2211   2260   2262   13
r  1931   1983   1880   13
r  1978   2079   2077   13
r  1538   1490   1487   13
r  1637   1737   1686   13
r  694   594   795   13
r  647   645   594   13
r  649   698   799   13
r  797   848   795   13
r  2070   2019   1969   13
r  2363   2312   2365   13
r  2412   2365   2264   13
r  2462   2413   2314   13
r  1439   1390   1490   13
r  1292   1341   1393   13
r  1096   997   996   13
r  1244   1242   1143   13
r  2313   2415   2413   13
r  2364   2413   2264   13
r  2465   2467   2365   13
r  2467   2464   2415   13
r  2466   2363   2365   13
r  2417   2413   2264   13
r  2232   2181   2234   13
r  1344   1245   1348   13
r  1493   1544   1442   13
r  1150   1348   1199   13
r  900   1049   999   13
r  2220   2171   2271   13
r  2416   2264   2365   13
r  2315   2264   2413   13
r  2464   2415   2413   13
r  2274   2276   2328   13
r  2276   2328   2377   13
r  2275   2328   2377   13
r  2281   2283   2384   13
r  1792   1690   1891   13
r  2469   2372   2271   13
r  2324   2273   2377   13
r  2326   2277   2377   13
r  2329   2380   2377   13
r  2482   2431   2433   13
r  2382   2433   2384   13
r  2483   2385   2384   13
r  2235   2184   2340   13
r  1891   1840   1843   13
r  2238   2187   2340   13
r  1347   1349   1398   13
r  1400   1349   1348   13
r  2421   2419   2469   13
r  2423   2472   2372   13
r  2474   2425   2328   13
r  2378   2276   2425   13
r  2426   2327   2328   13
r  2424   2328   2377   13
r  2237   2340   2392   13
r  2286   2237   2392   13
r  2435   2484   2431   13
r  2387   2338   2340   13
r  2481   2384   2483   13
r  2287   2437   2392   13
r  2338   2289   2392   13
r  2436   2340   2287   13
r  2487   2392   2340   13
r  2191   2143   2392   13
r  2489   2437   2392   13
r  2439   2392   2340   13
r  2242   2291   2340   13
r  2245   2293   2340   13
r  2093   2141   2340   13
r  2244   2143   2340   13
r  2495   2299   2340   13
r  2438   2387   2392   13
r  1941   1892   1842   13
r  1744   1693   1793   13
r  2437   2340   2392   13
r  2396   2498   2299   13
r  2443   2340   2392   13
r  2345   2340   2392   13
r  2295   2392   2299   13
r  2246   2299   2199   13
r  2145   2096   2299   13
r  2496   2299   2397   13
r  2044   2042   1991   13
r  1896   1847   1945   13
r  1750   1648   1898   13
r  1948   1999   1749   13
r  1850   1898   1799   13
r  2446   2392   2299   13
r  2346   2498   2199   13
r  2297   2299   2199   13
r  2196   2245   2299   13
r  2247   2199   2448   13
r  2248   2199   2299   13
r  2349   2498   2448   13
r  2398   2498   2199   13
r  2250   2198   2299   13
r  2499   2448   2299   13
r  2200   2448   2299   13
r  2046   2095   2097   13
r  2399   2299   2498   13
r  2350   2299   2498   13
r  2050   2149   2199   13
r  1   56   104   14
r  51   56   207   14
r  2   104   56   14
r  101   104   56   14
r  3   207   104   14
r  206   104   56   14
r  208   104   56   14
r  58   56   104   14
r  153   104   56   14
r  202   56   104   14
r  152   104   56   14
r  109   111   56   14
r  54   102   56   14
r  8   104   56   14
r  307   104   56   14
r  155   56   104   14
r  403   351   56   14
r  10   104   207   14
r  258   56   207   14
r  402   302   207   14
r  110   161   207   14
r  4   56   207   14
r  254   56   207   14
r  252   254   207   14
r  59   56   207   14
r  7   104   207   14
r  452   56   207   14
r  253   202   207   14
r  107   156   207   14
r  306   104   207   14
r  9   104   207   14
r  203   56   207   14
r  554   603   207   14
r  108   157   104   14
r  5   207   56   14
r  255   207   56   14
r  205   207   56   14
r  102   207   56   14
r  256   207   104   14
r  151   207   104   14
r  158   207   104   14
r  305   207   104   14
r  303   56   104   14
r  301   207   104   14
r  251   207   104   14
r  53   207   104   14
r  352   451   403   14
r  304   207   56   14
r  354   207   56   14
r  457   358   56   14
r  351   452   56   14
r  302   403   56   14
r  401   352   56   14
r  353   452   302   14
r  555   606   603   14
r  454   503   553   14
r  458   510   608   14
r  261   56   310   14
r  161   61   113   14
r  602   502   553   14
r  707   655   856   14
r  551   603   505   14
r  704   655   505   14
r  17   119   117   14
r  754   954   705   14
r  855   906   603   14
r  511   460   559   14
r  16   116   117   14
r  18   65   169   14
r  166   65   117   14
r  804   902   856   14
r  802   804   854   14
r  267   269   367   14
r  119   117   116   14
r  853   902   953   14
r  711   662   713   14
r  319   321   367   14
r  951   854   1002   14
r  959   1010   911   14
r  910   859   1011   14
r  765   665   768   14
r  1052   902   1103   14
r  1102   952   1053   14
r  1151   1203   1103   14
r  961   910   1010   14
r  76   74   24   14
r  224   275   125   14
r  326   277   174   14
r  23   72   77   14
r  1201   1303   1252   14
r  26   127   77   14
r  29   78   77   14
r  30   77   127   14
r  79   128   77   14
r  1251   1402   1303   14
r  1305   1303   1253   14
r  1402   1253   1252   14
r  1301   1303   1253   14
r  1351   1251   1303   14
r  1352   1251   1253   14
r  1404   1455   1303   14
r  1501   1452   1303   14
r  129   78   77   14
r  31   33   82   14
r  1502   1303   1651   14
r  967   918   1015   14
r  1212   1314   1263   14
r  678   676   727   14
r  180   228   135   14
r  84   132   81   14
r  1601   1503   1552   14
r  1411   1459   1458   14
r  975   1126   1077   14
r  34   83   137   14
r  232   181   135   14
r  580   730   629   14
r  85   34   137   14
r  236   188   135   14
r  1752   1603   1651   14
r  1606   1604   1555   14
r  1608   1555   1556   14
r  1706   1755   1757   14
r  1222   1171   1372   14
r  928   977   979   14
r  189   240   142   14
r  89   142   140   14
r  39   93   142   14
r  1751   1654   1702   14
r  1753   1853   1654   14
r  1801   1753   1702   14
r  1804   1704   1752   14
r  1611   1710   1660   14
r  1368   1268   1517   14
r  1474   1525   1522   14
r  90   142   190   14
r  142   140   98   14
r  40   140   93   14
r  1860   1857   1809   14
r  1466   1517   1518   14
r  982   1033   1031   14
r  1183   1283   1132   14
r  141   89   98   14
r  91   98   42   14
r  92   94   98   14
r  96   42   148   14
r  93   90   142   14
r  43   142   98   14
r  193   148   42   14
r  1954   1854   2003   14
r  1910   1808   1908   14
r  2003   2052   1902   14
r  1135   1084   1286   14
r  44   142   98   14
r  45   246   98   14
r  46   98   248   14
r  146   98   144   14
r  48   248   99   14
r  99   148   248   14
r  244   246   148   14
r  150   248   148   14
r  196   248   148   14
r  100   248   148   14
r  200   249   148   14
r  297   144   98   14
r  50   248   98   14
r  250   148   98   14
r  348   449   98   14
r  49   148   98   14
r  1955   2007   2253   14
r  2151   2204   2405   14
r  2006   2055   2253   14
r  2008   2006   2253   14
r  2007   2009   2253   14
r  2101   2253   2204   14
r  195   98   248   14
r  47   98   248   14
r  300   98   248   14
r  246   98   148   14
r  347   398   549   14
r  2153   2204   2253   14
r  2104   2405   2204   14
r  2303   2354   2204   14
r  2306   2405   2204   14
r  2354   2405   2204   14
r  2155   2206   2405   14
r  2454   2405   2204   14
r  2401   2204   2405   14
r  2451   2405   2204   14
r  2209   2310   2405   14
r  2058   2206   2405   14
r  2352   2204   2405   14
r  2351   2204   2405   14
r  2456   2405   2204   14
r  2457   2410   2405   14
r  2159   2161   2253   14
r  2353   2405   2253   14
r  2301   2204   2253   14
r  2453   2405   2253   14
r  2207   2204   2253   14
r  2305   2302   2253   14
r  2452   2405   2253   14
r  2459   2410   2253   14
r  2408   2310   2253   14
r  2460   2409   2253   14
r  2409   2411   2253   14
r  2201   2253   2405   14
r  1087   1089   1136   14
r  1334   1230   1433   14
r  393   395   493   14
r  394   392   443   14
r  448   399   549   14
r  2154   2253   2205   14
r  2157   2253   2405   14
r  2403   2253   2204   14
r  2307   2253   2204   14
r  2206   2253   2405   14
r  2208   2253   2405   14
r  2304   2253   2405   14
r  2255   2253   2405   14
r  2308   2253   2405   14
r  2357   2253   2405   14
r  2107   2253   2405   14
r  2158   2253   2405   14
r  2458   2253   2310   14
r  2162   2111   2310   14
r  2312   2365   2310   14
r  1734   1635   1682   14
r  1782   1682   1681   14
r  643   543   694   14
r  548   499   647   14
r  750   799   798   14
r  2163   2212   2062   14
r  2362   2314   2365   14
r  2263   2212   2365   14
r  2412   2264   2365   14
r  1438   1489   1539   14
r  843   894   892   14
r  747   698   694   14
r  746   694   795   14
r  2413   2264   2364   14
r  2465   2365   2414   14
r  2466   2365   2413   14
r  2315   2413   2264   14
r  2464   2365   2264   14
r  2368   2319   2264   14
r  1932   1981   1881   14
r  2078   1978   2076   14
r  1443   1543   1490   14
r  748   699   799   14
r  850   1000   999   14
r  2414   2264   2365   14
r  2367   2264   2365   14
r  2217   2215   2365   14
r  2124   2023   2175   14
r  2176   2227   2225   14
r  1150   1099   1348   14
r  900   848   1000   14
r  950   899   999   14
r  2470   2372   2369   14
r  2421   2469   2372   14
r  2275   2377   2328   14
r  2227   2328   2377   14
r  2276   2377   2328   14
r  2284   2385   2340   14
r  2333   2331   2431   14
r  1494   1492   1543   14
r  2420   2372   2271   14
r  2471   2372   2370   14
r  2324   2375   2328   14
r  2332   2431   2384   14
r  2434   2483   2331   14
r  2482   2433   2431   14
r  2381   2332   2384   14
r  2481   2483   2384   14
r  2382   2384   2482   14
r  1989   1991   2139   14
r  1250   1100   1199   14
r  1500   1498   1598   14
r  1595   1696   1644   14
r  2427   2376   2379   14
r  2424   2377   2328   14
r  2478   2278   2377   14
r  2480   2384   2377   14
r  2237   2392   2340   14
r  2339   2190   2392   14
r  2288   2286   2392   14
r  2486   2337   2392   14
r  2190   2139   2392   14
r  2242   2191   2392   14
r  2436   2287   2340   14
r  2437   2435   2340   14
r  2395   2392   2340   14
r  2443   2395   2340   14
r  2345   2392   2340   14
r  2146   2046   2340   14
r  2447   2392   2340   14
r  2089   2038   2340   14
r  2487   2340   2392   14
r  1893   1891   1942   14
r  2289   2340   2392   14
r  1696   1747   1793   14
r  1795   1844   1793   14
r  1744   1793   1747   14
r  1700   1648   1749   14
r  2344   2340   2392   14
r  2193   2294   2392   14
r  2246   2199   2299   14
r  2296   2448   2299   14
r  2496   2397   2392   14
r  2147   2149   2299   14
r  2397   2299   2199   14
r  2497   2445   2199   14
r  1849   1700   1898   14
r  1800   1848   1849   14
r  1850   1999   1898   14
r  1897   1945   1749   14
r  2247   2448   2199   14
r  2248   2197   2199   14
r  2297   2199   2299   14
r  2349   2448   2199   14
r  2300   2448   2399   14
r  2148   2199   2448   14
r  2449   2498   2199   14
r  2200   2498   2448   14
r  2399   2498   2299   14
r  2350   2199   2299   14
r  2050   2199   2299   14
r  2099   2199   2299   14
r  2498   2299   2199   14
r  2348   2299   2199   14
r  2450   2299   2199   14
r  2500   2299   2449   14
r  1   207   56   15
r  51   207   56   15
r  2   56   104   15
r  101   207   104   15
r  52   56   104   15
r  3   56   207   15
r  5   56   207   15
r  4   207   56   15
r  203   207   56   15
r  258   207   56   15
r  255   56   207   15
r  205   56   207   15
r  107   207   56   15
r  58   207   56   15
r  256   56   207   15
r  305   56   207   15
r  251   56   207   15
r  53   56   207   15
r  206   56   104   15
r  208   56   104   15
r  153   207   104   15
r  204   56   104   15
r  152   56   104   15
r  201   207   104   15
r  307   207   104   15
r  252   207   104   15
r  11   110   104   15
r  402   207   104   15
r  7   207   104   15
r  403   56   104   15
r  358   407   207   15
r  151   104   207   15
r  301   104   207   15
r  102   104   207   15
r  202   104   56   15
r  155   104   56   15
r  254   104   56   15
r  59   104   56   15
r  452   207   56   15
r  253   104   56   15
r  158   104   56   15
r  405   456   56   15
r  353   302   56   15
r  451   353   56   15
r  303   104   56   15
r  456   505   56   15
r  553   601   56   15
r  352   56   207   15
r  304   56   207   15
r  302   56   207   15
r  401   56   207   15
r  351   56   207   15
r  259   208   207   15
r  454   505   207   15
r  62   111   11   15
r  111   211   212   15
r  161   212   110   15
r  501   553   505   15
r  552   603   505   15
r  504   456   603   15
r  604   553   505   15
r  112   213   211   15
r  654   603   505   15
r  703   754   505   15
r  557   459   510   15
r  802   854   603   15
r  14   65   116   15
r  15   116   117   15
r  513   464   618   15
r  952   1001   854   15
r  901   952   854   15
r  951   1002   953   15
r  68   117   120   15
r  415   367   417   15
r  317   366   416   15
r  1051   1053   952   15
r  1054   1006   1002   15
r  70   168   68   15
r  123   74   72   15
r  172   174   224   15
r  862   864   813   15
r  1105   1157   1206   15
r  912   960   1011   15
r  73   125   226   15
r  222   174   322   15
r  323   274   174   15
r  1013   962   914   15
r  1402   1303   1253   15
r  1352   1304   1252   15
r  1305   1252   1303   15
r  1403   1304   1253   15
r  1453   1504   1303   15
r  126   77   24   15
r  918   869   870   15
r  917   1015   966   15
r  1501   1303   1651   15
r  229   331   77   15
r  130   83   77   15
r  378   427   329   15
r  1551   1602   1502   15
r  1602   1502   1553   15
r  1701   1753   1502   15
r  32   77   135   15
r  181   132   135   15
r  134   183   81   15
r  1703   1654   1651   15
r  1605   1706   1656   15
r  83   81   135   15
r  231   380   135   15
r  182   231   83   15
r  234   236   135   15
r  286   334   135   15
r  283   234   135   15
r  1755   1655   1654   15
r  1801   1702   1753   15
r  1854   1753   1752   15
r  88   135   137   15
r  139   42   289   15
r  39   142   98   15
r  931   933   1032   15
r  1902   2001   1753   15
r  1716   1564   1665   15
r  583   632   683   15
r  42   142   148   15
r  1473   1475   1524   15
r  1228   1328   1330   15
r  733   832   834   15
r  784   835   782   15
r  2052   2151   1902   15
r  1810   1913   1763   15
r  242   289   98   15
r  95   42   98   15
r  43   96   142   15
r  41   142   98   15
r  48   99   42   15
r  99   249   148   15
r  194   145   148   15
r  350   148   248   15
r  245   395   148   15
r  94   142   148   15
r  100   148   248   15
r  49   100   148   15
r  146   144   98   15
r  195   148   98   15
r  47   248   98   15
r  46   148   98   15
r  300   148   98   15
r  246   148   98   15
r  397   345   98   15
r  1377   1429   1428   15
r  1520   1620   1517   15
r  1721   1723   1621   15
r  1479   1430   1427   15
r  1131   1133   1281   15
r  2006   2057   2405   15
r  2004   1955   2253   15
r  2051   1902   2002   15
r  2053   1903   2204   15
r  44   98   148   15
r  198   98   299   15
r  250   98   148   15
r  349   98   148   15
r  1771   1672   1768   15
r  1533   1485   1482   15
r  936   885   985   15
r  2056   2405   2253   15
r  2054   2103   2253   15
r  2057   2253   2405   15
r  2105   2253   2405   15
r  2101   2204   2253   15
r  2152   2405   2204   15
r  1088   1139   1237   15
r  2306   2204   2405   15
r  2354   2204   2405   15
r  2104   2204   2405   15
r  2454   2204   2405   15
r  2256   2405   2204   15
r  2251   2405   2204   15
r  2356   2405   2204   15
r  2451   2204   2405   15
r  2106   2206   2405   15
r  2351   2405   2204   15
r  2202   2405   2204   15
r  2456   2204   2405   15
r  2159   2111   2405   15
r  2453   2204   2405   15
r  2201   2405   2253   15
r  2154   2205   2253   15
r  2157   2405   2253   15
r  2403   2204   2253   15
r  2206   2157   2253   15
r  2208   2405   2253   15
r  2304   2302   2253   15
r  2255   2405   2253   15
r  2308   2405   2253   15
r  2357   2310   2253   15
r  2107   2405   2253   15
r  2158   2405   2253   15
r  2410   2461   2253   15
r  2260   2308   2253   15
r  2411   2408   2253   15
r  2458   2310   2253   15
r  2307   2204   2253   15
r  2311   2260   2253   15
r  2153   2253   2204   15
r  2305   2253   2204   15
r  2155   2253   2204   15
r  2352   2253   2204   15
r  2156   2253   2405   15
r  2353   2253   2405   15
r  2452   2253   2405   15
r  2408   2253   2405   15
r  2360   2253   2405   15
r  1969   1868   2118   15
r  1828   1927   1879   15
r  1289   1287   1189   15
r  2459   2253   2310   15
r  2362   2365   2310   15
r  2412   2365   2264   15
r  799   699   999   15
r  1488   1536   1535   15
r  1439   1490   1537   15
r  2462   2365   2264   15
r  2363   2365   2264   15
r  2413   2415   2264   15
r  2415   2264   2313   15
r  1000   899   748   15
r  946   944   898   15
r  897   946   999   15
r  1931   1880   1983   15
r  1096   996   1348   15
r  2314   2365   2366   15
r  2416   2414   2264   15
r  2414   2365   2264   15
r  2317   2366   2264   15
r  2464   2264   2415   15
r  2466   2264   2415   15
r  2465   2264   2365   15
r  950   999   948   15
r  1542   1491   1594   15
r  2417   2264   2466   15
r  2468   2370   2271   15
r  2318   2370   2369   15
r  2320   2271   2475   15
r  2422   2475   2369   15
r  1200   1099   1350   15
r  1148   1348   1199   15
r  2224   2173   2273   15
r  2323   2274   2475   15
r  2227   2278   2328   15
r  2230   2279   2328   15
r  1497   1348   1398   15
r  1594   1543   1646   15
r  1648   1599   1348   15
r  1597   1499   1348   15
r  2470   2369   2370   15
r  2373   2469   2377   15
r  2372   2370   2271   15
r  2471   2475   2271   15
r  2322   2370   2422   15
r  2472   2424   2370   15
r  1350   1348   1199   15
r  2276   2126   2377   15
r  2280   2129   2377   15
r  2332   2433   2431   15
r  2434   2431   2483   15
r  2385   2387   2340   15
r  2482   2431   2433   15
r  2382   2482   2384   15
r  2484   2431   2384   15
r  2187   2340   2392   15
r  2188   2236   2340   15
r  2424   2328   2377   15
r  2479   2377   2427   15
r  2386   2437   2392   15
r  2388   2337   2392   15
r  2436   2337   2392   15
r  2487   2392   2340   15
r  2189   2288   2340   15
r  2289   2238   2340   15
r  2344   2395   2340   15
r  2445   2392   2340   15
r  2193   2141   2340   15
r  2496   2498   2340   15
r  2396   2392   2340   15
r  2140   2092   2392   15
r  1744   1747   1793   15
r  2439   2340   2392   15
r  2293   2340   2392   15
r  2294   2340   2392   15
r  2092   2144   1991   15
r  2395   2340   2392   15
r  2244   2340   2392   15
r  2397   2199   2299   15
r  2446   2397   2392   15
r  2497   2199   2397   15
r  2194   2294   2392   15
r  1800   1898   1899   15
r  1899   1848   1749   15
r  1850   1799   1999   15
r  1949   1749   1898   15
r  2098   1999   2299   15
r  2146   2340   2299   15
r  2347   2392   2199   15
r  2250   2448   2498   15
r  2399   2448   2199   15
r  2350   2498   2199   15
r  2099   2200   2199   15
r  2498   2199   2299   15
r  2348   2399   2299   15
r  2500   2449   2299   15
r  2049   2097   2299   15
r  2450   2199   2299   15
r  2050   2299   2199   15
r  1   56   207   16
r  51   56   207   16
r  2   104   56   16
r  101   104   207   16
r  52   104   56   16
r  3   104   56   16
r  5   207   56   16
r  4   56   207   16
r  256   207   56   16
r  305   207   56   16
r  152   207   56   16
r  252   56   207   16
r  10   207   104   16
r  306   56   104   16
r  355   56   104   16
r  301   56   104   16
r  102   207   104   16
r  8   207   104   16
r  155   56   104   16
r  254   207   104   16
r  59   56   104   16
r  253   207   104   16
r  353   254   104   16
r  304   353   104   16
r  9   207   104   16
r  151   207   104   16
r  206   104   56   16
r  208   104   56   16
r  204   104   56   16
r  11   104   56   16
r  403   104   56   16
r  255   104   56   16
r  205   104   56   16
r  53   104   56   16
r  352   403   56   16
r  251   104   56   16
r  351   303   56   16
r  454   553   56   16
r  203   104   207   16
r  258   104   207   16
r  107   104   207   16
r  58   104   207   16
r  153   104   207   16
r  201   104   207   16
r  307   104   207   16
r  7   104   207   16
r  159   110   207   16
r  452   56   207   16
r  158   56   207   16
r  451   505   207   16
r  303   56   207   16
r  61   110   207   16
r  60   111   207   16
r  404   455   207   16
r  302   207   56   16
r  401   207   56   16
r  407   409   56   16
r  502   505   56   16
r  209   260   56   16
r  359   410   560   16
r  310   308   263   16
r  552   505   603   16
r  705   805   505   16
r  601   603   505   16
r  312   160   211   16
r  551   505   603   16
r  114   63   117   16
r  17   117   119   16
r  165   217   117   16
r  362   364   214   16
r  801   701   902   16
r  805   655   856   16
r  954   854   902   16
r  851   902   953   16
r  906   908   1056   16
r  903   1003   854   16
r  268   319   367   16
r  1002   1051   1103   16
r  1102   1051   952   16
r  911   862   860   16
r  1101   1002   1052   16
r  1201   1253   1152   16
r  1208   1107   1108   16
r  817   766   815   16
r  1155   1103   1207   16
r  173   226   276   16
r  127   125   230   16
r  1402   1253   1303   16
r  1301   1352   1303   16
r  1401   1503   1303   16
r  1501   1651   1253   16
r  25   74   125   16
r  30   28   77   16
r  872   821   924   16
r  918   870   770   16
r  1551   1502   1602   16
r  1408   1459   1357   16
r  31   131   135   16
r  922   873   825   16
r  924   825   823   16
r  1601   1552   1502   16
r  1409   1357   1458   16
r  33   82   135   16
r  83   135   81   16
r  186   137   81   16
r  1021   1018   1122   16
r  1556   1659   1656   16
r  1607   1506   1555   16
r  233   235   135   16
r  88   136   135   16
r  284   339   135   16
r  39   98   135   16
r  1414   1264   1314   16
r  1075   975   974   16
r  1077   1126   1075   16
r  1704   1753   1702   16
r  1757   1860   1809   16
r  1709   1611   1610   16
r  36   135   87   16
r  40   42   98   16
r  1465   1416   1517   16
r  1127   1079   1176   16
r  1851   1753   1903   16
r  1852   1903   2003   16
r  1903   2052   2003   16
r  584   482   683   16
r  142   98   148   16
r  41   98   142   16
r  93   98   148   16
r  192   243   98   16
r  191   142   42   16
r  145   148   42   16
r  1423   1523   1525   16
r  883   834   782   16
r  784   782   733   16
r  1901   1853   1852   16
r  1953   1853   1851   16
r  2052   2001   2253   16
r  1951   2003   2002   16
r  1905   1907   2253   16
r  1906   2055   2253   16
r  1907   1958   1856   16
r  535   584   634   16
r  91   42   98   16
r  193   42   98   16
r  350   248   299   16
r  196   148   248   16
r  50   148   248   16
r  95   142   148   16
r  46   248   148   16
r  246   298   148   16
r  292   145   98   16
r  44   148   98   16
r  198   249   98   16
r  250   148   98   16
r  349   148   98   16
r  147   98   248   16
r  150   98   248   16
r  245   98   345   16
r  296   98   148   16
r  100   98   148   16
r  300   98   148   16
r  1671   1620   1769   16
r  2102   2253   2204   16
r  2007   2253   2405   16
r  2055   1954   2253   16
r  447   449   549   16
r  1333   1381   1281   16
r  2054   2203   2405   16
r  2101   2253   2204   16
r  2152   2204   2405   16
r  2306   2405   2204   16
r  2151   2405   2204   16
r  2251   2204   2405   16
r  2356   2204   2405   16
r  2259   2360   2405   16
r  2309   2408   2405   16
r  2106   2405   2204   16
r  2457   2405   2204   16
r  2453   2405   2204   16
r  2207   2405   2204   16
r  2056   2105   2405   16
r  2357   2405   2204   16
r  2107   2156   2405   16
r  2057   2405   2253   16
r  2153   2204   2253   16
r  2305   2204   2253   16
r  2353   2405   2253   16
r  2452   2306   2253   16
r  2408   2359   2253   16
r  2360   2405   2253   16
r  2105   2405   2253   16
r  2359   2410   2253   16
r  2210   2259   2253   16
r  2461   2310   2253   16
r  2362   2264   2253   16
r  2155   2204   2253   16
r  2352   2204   2253   16
r  2156   2405   2253   16
r  2059   2110   2253   16
r  1965   1816   1913   16
r  500   548   398   16
r  393   493   395   16
r  498   549   500   16
r  1137   1237   1189   16
r  2157   2253   2405   16
r  2201   2253   2405   16
r  2256   2253   2405   16
r  2351   2253   2405   16
r  2456   2253   2204   16
r  2301   2253   2204   16
r  2403   2253   2204   16
r  2304   2253   2204   16
r  2255   2253   2204   16
r  2409   2253   2405   16
r  2208   2253   2405   16
r  2308   2253   2405   16
r  2458   2253   2405   16
r  2108   2253   2405   16
r  2361   2264   2310   16
r  2462   2264   2365   16
r  600   399   449   16
r  700   799   599   16
r  699   750   549   16
r  1484   1436   1433   16
r  1535   1537   1487   16
r  2413   2264   2415   16
r  2415   2313   2264   16
r  1922   1873   2022   16
r  598   596   647   16
r  800   899   798   16
r  746   697   694   16
r  1783   1832   1881   16
r  843   892   894   16
r  2464   2415   2264   16
r  2466   2413   2264   16
r  2465   2414   2264   16
r  2417   2365   2264   16
r  2414   2264   2365   16
r  848   850   799   16
r  1049   899   1348   16
r  948   1000   999   16
r  2128   2179   2028   16
r  1643   1543   1541   16
r  2471   2370   2372   16
r  1148   1199   1348   16
r  2275   2326   2377   16
r  2137   2186   2340   16
r  1497   1397   1348   16
r  1494   1592   1545   16
r  1350   1199   1348   16
r  1546   1647   1348   16
r  1699   1648   1348   16
r  2425   2377   2276   16
r  2426   2377   2475   16
r  2424   2375   2328   16
r  1250   1348   1299   16
r  1400   1348   1349   16
r  2276   2377   2428   16
r  2280   2180   2328   16
r  2331   2433   2431   16
r  2432   2384   2282   16
r  2484   2385   2431   16
r  2435   2431   2384   16
r  2336   2285   2392   16
r  2187   2392   2340   16
r  2479   2328   2377   16
r  2480   2377   2328   16
r  2239   2188   2392   16
r  2245   2299   2392   16
r  2141   2190   2340   16
r  2439   2392   2340   16
r  2293   2242   2340   16
r  2395   2294   2340   16
r  2243   2194   2340   16
r  2194   2392   2340   16
r  2294   2192   2340   16
r  2244   2392   2340   16
r  2487   2340   2392   16
r  2090   2139   2392   16
r  1800   1849   1749   16
r  1850   1898   1749   16
r  1949   1900   1749   16
r  2445   2340   2392   16
r  2397   2399   2199   16
r  2345   2340   2392   16
r  1993   2042   2092   16
r  1846   1797   1945   16
r  1999   1849   1898   16
r  2248   2199   2397   16
r  2498   2299   2199   16
r  2198   2448   2397   16
r  2148   2448   2199   16
r  2050   2199   2299   16
r  1996   1994   1947   16
r  2500   2299   2199   16
r  1   207   56   17
r  51   207   56   17
r  2   207   104   17
r  101   207   104   17
r  3   207   104   17
r  256   56   207   17
r  305   56   207   17
r  152   56   207   17
r  306   207   56   17
r  301   207   56   17
r  8   56   207   17
r  155   207   56   17
r  254   56   207   17
r  59   207   56   17
r  253   56   207   17
r  353   56   207   17
r  304   207   56   17
r  151   56   207   17
r  204   56   104   17
r  251   207   104   17
r  203   207   104   17
r  258   56   104   17
r  107   207   104   17
r  58   207   104   17
r  153   56   104   17
r  201   56   104   17
r  307   207   104   17
r  7   207   104   17
r  202   56   104   17
r  205   207   104   17
r  10   104   207   17
r  9   104   207   17
r  402   104   207   17
r  356   505   207   17
r  102   104   207   17
r  405   403   207   17
r  5   104   207   17
r  401   353   207   17
r  4   104   56   17
r  252   104   56   17
r  355   104   56   17
r  259   310   56   17
r  452   207   56   17
r  158   207   56   17
r  303   207   56   17
r  61   207   56   17
r  404   207   56   17
r  455   506   56   17
r  60   11   56   17
r  703   505   56   17
r  302   56   207   17
r  354   56   207   17
r  554   605   603   17
r  406   56   207   17
r  209   56   207   17
r  503   505   207   17
r  459   508   207   17
r  12   60   117   17
r  753   603   856   17
r  559   459   508   17
r  551   702   505   17
r  654   505   603   17
r  601   652   603   17
r  651   603   505   17
r  754   603   505   17
r  558   409   560   17
r  512   461   560   17
r  264   215   211   17
r  852   953   854   17
r  853   804   902   17
r  851   802   854   17
r  954   802   852   17
r  1102   1053   1054   17
r  1053   1151   1153   17
r  765   716   767   17
r  1152   1203   1303   17
r  960   1011   962   17
r  1201   1152   1253   17
r  22   24   77   17
r  1252   1301   1304   17
r  1013   914   1112   17
r  73   226   77   17
r  176   125   174   17
r  1451   1303   1252   17
r  1452   1303   1252   17
r  1501   1602   1303   17
r  1402   1252   1253   17
r  1306   1303   1253   17
r  1354   1253   1303   17
r  875   823   872   17
r  874   823   825   17
r  126   75   77   17
r  80   28   125   17
r  1551   1602   1553   17
r  1164   1115   1266   17
r  577   579   528   17
r  627   625   676   17
r  180   135   81   17
r  1602   1651   1502   17
r  1601   1502   1503   17
r  1504   1502   1651   17
r  1554   1457   1651   17
r  1316   1314   1215   17
r  628   579   577   17
r  927   980   879   17
r  1271   1320   1118   17
r  184   135   81   17
r  182   83   81   17
r  83   81   135   17
r  1706   1604   1806   17
r  1661   1710   1510   17
r  1077   1026   1126   17
r  431   331   330   17
r  36   87   135   17
r  236   135   187   17
r  383   332   283   17
r  1853   1902   1753   17
r  89   140   98   17
r  42   93   98   17
r  1852   1753   1903   17
r  1179   1230   1281   17
r  485   534   482   17
r  1081   1032   933   17
r  387   334   339   17
r  337   388   340   17
r  90   42   148   17
r  142   148   98   17
r  41   142   98   17
r  92   43   148   17
r  143   98   148   17
r  91   98   42   17
r  1952   1851   2003   17
r  2003   2051   2253   17
r  2052   2253   2204   17
r  1953   1851   1902   17
r  2001   2003   1902   17
r  1951   2002   1852   17
r  1864   1913   1812   17
r  984   1036   1033   17
r  1181   1280   1330   17
r  46   98   142   17
r  196   248   148   17
r  94   148   248   17
r  145   42   148   17
r  50   248   148   17
r  49   148   248   17
r  95   148   248   17
r  195   248   148   17
r  193   93   148   17
r  147   194   98   17
r  150   248   98   17
r  245   345   98   17
r  296   148   98   17
r  100   248   98   17
r  300   248   98   17
r  243   194   98   17
r  293   342   98   17
r  549   600   98   17
r  344   395   98   17
r  44   98   148   17
r  397   98   148   17
r  250   98   148   17
r  2004   1956   2405   17
r  2051   2002   2253   17
r  2102   2204   2253   17
r  1955   2253   2405   17
r  1957   1906   2253   17
r  2007   2005   2253   17
r  1719   1721   1771   17
r  1775   1824   1778   17
r  1234   1185   1282   17
r  439   339   390   17
r  400   549   499   17
r  750   798   799   17
r  448   395   399   17
r  447   498   398   17
r  648   748   549   17
r  2306   2204   2405   17
r  2258   2405   2204   17
r  2152   2405   2204   17
r  2354   2405   2204   17
r  2104   2405   2204   17
r  2251   2405   2204   17
r  2106   2204   2405   17
r  2202   2204   2405   17
r  2407   2405   2458   17
r  2453   2204   2405   17
r  2357   2204   2405   17
r  2107   2405   2204   17
r  2307   2405   2204   17
r  2153   2405   2204   17
r  2305   2405   2204   17
r  2452   2405   2204   17
r  2360   2409   2405   17
r  2461   2409   2405   17
r  2156   2153   2204   17
r  2101   2405   2253   17
r  2009   2060   2253   17
r  2060   2011   2253   17
r  2157   2405   2253   17
r  2201   2405   2253   17
r  2256   2204   2253   17
r  2351   2405   2253   17
r  2456   2405   2253   17
r  2301   2405   2253   17
r  2403   2204   2253   17
r  2409   2310   2253   17
r  2208   2405   2253   17
r  2308   2208   2253   17
r  2458   2405   2253   17
r  2108   2405   2253   17
r  2459   2310   2253   17
r  2361   2363   2253   17
r  2412   2415   2253   17
r  2304   2405   2253   17
r  2161   2213   2253   17
r  2353   2253   2405   17
r  2151   2253   2405   17
r  2457   2253   2405   17
r  2257   2253   2204   17
r  2056   2253   2204   17
r  2159   2253   2204   17
r  2057   2253   2405   17
r  2105   2253   2405   17
r  1776   1725   1778   17
r  589   538   640   17
r  1038   938   937   17
r  392   492   443   17
r  596   594   694   17
r  2158   2253   2405   17
r  2210   2253   2405   17
r  2255   2204   2405   17
r  2460   2253   2405   17
r  2113   2062   2310   17
r  2462   2314   2264   17
r  2413   2415   2264   17
r  1138   1189   1187   17
r  691   689   642   17
r  2463   2365   2313   17
r  2314   2415   2365   17
r  2464   2264   2365   17
r  2467   2415   2365   17
r  2465   2365   2315   17
r  2367   2418   2264   17
r  2215   2166   2264   17
r  1095   1144   1143   17
r  950   1049   999   17
r  2366   2264   2315   17
r  2417   2264   2365   17
r  1932   1881   1981   17
r  1884   1835   1988   17
r  1638   1590   1490   17
r  1343   1394   1348   17
r  1440   1491   1442   17
r  1443   1492   1541   17
r  1047   996   1348   17
r  1199   1349   1350   17
r  1789   1738   1988   17
r  1886   1935   1837   17
r  1395   1295   1348   17
r  1592   1443   1543   17
r  1295   1394   1348   17
r  1399   1448   1199   17
r  1445   1545   1348   17
r  1400   1349   1348   17
r  1250   1199   1348   17
r  2373   2377   2328   17
r  2323   2223   2271   17
r  2179   2227   2328   17
r  2184   2084   2340   17
r  2282   2331   2384   17
r  2335   2337   2392   17
r  2186   2234   2340   17
r  2425   2276   2377   17
r  2276   2428   2377   17
r  2037   2086   2085   17
r  2285   2386   2392   17
r  2434   2483   2431   17
r  2482   2433   2431   17
r  2139   2087   2392   17
r  1841   1792   1843   17
r  2236   2285   2392   17
r  2187   2236   2392   17
r  1695   1793   1646   17
r  1949   1898   1849   17
r  1999   1898   1749   17
r  1800   1749   1848   17
r  2479   2377   2328   17
r  2189   2089   2392   17
r  2396   2299   2392   17
r  2439   2437   2392   17
r  2243   2294   2392   17
r  2244   2293   2392   17
r  2487   2337   2340   17
r  2445   2392   2340   17
r  2143   2043   2340   17
r  2295   2299   2340   17
r  2446   2299   2340   17
r  2345   2299   2340   17
r  2090   2092   2340   17
r  2483   2384   2432   17
r  2294   2340   2299   17
r  2195   2146   2392   17
r  2145   2299   2392   17
r  2094   2092   2392   17
r  1746   1793   1945   17
r  1796   1896   1945   17
r  1950   1749   2299   17
r  2049   2299   2199   17
r  2246   2299   2199   17
r  2497   2397   2199   17
r  2296   2245   2199   17
r  2196   2299   2199   17
r  2096   2099   2299   17
r  2050   2099   2199   17
r  2248   2299   2199   17
r  2349   2199   2148   17
r  2399   2299   2397   17
r  2498   2397   2299   17
r  2449   2299   2498   17
r  2297   2196   2199   17
r  2500   2199   2299   17
r  2450   2299   2199   17
r  1   104   207   18
r  51   56   207   18
r  2   56   207   18
r  101   104   207   18
r  52   207   104   18
r  3   56   207   18
r  402   207   104   18
r  7   104   207   18
r  107   104   207   18
r  407   356   207   18
r  454   207   104   18
r  59   104   207   18
r  304   104   207   18
r  452   403   207   18
r  303   403   104   18
r  256   207   56   18
r  8   207   56   18
r  254   207   56   18
r  253   207   56   18
r  353   104   56   18
r  204   104   56   18
r  258   104   56   18
r  201   207   56   18
r  202   104   56   18
r  305   104   56   18
r  152   207   56   18
r  302   207   56   18
r  354   454   56   18
r  151   207   56   18
r  153   207   56   18
r  406   506   56   18
r  12   117   56   18
r  453   505   56   18
r  505   603   56   18
r  206   56   104   18
r  357   56   104   18
r  355   56   104   18
r  255   56   104   18
r  53   56   104   18
r  351   56   104   18
r  4   56   104   18
r  102   56   104   18
r  9   56   104   18
r  356   56   104   18
r  503   456   104   18
r  301   56   207   18
r  155   56   207   18
r  251   56   207   18
r  203   56   207   18
r  58   56   207   18
r  307   56   207   18
r  205   56   207   18
r  61   56   207   18
r  404   56   207   18
r  455   56   207   18
r  306   56   207   18
r  158   56   104   18
r  408   459   560   18
r  111   162   211   18
r  552   652   505   18
r  13   65   66   18
r  651   702   603   18
r  162   213   211   18
r  656   503   856   18
r  14   116   119   18
r  363   414   360   18
r  852   854   953   18
r  64   115   116   18
r  15   66   119   18
r  16   117   116   18
r  116   217   216   18
r  216   214   117   18
r  708   856   759   18
r  217   119   416   18
r  851   953   902   18
r  951   953   854   18
r  901   854   952   18
r  958   907   1056   18
r  1004   952   953   18
r  268   217   417   18
r  416   316   268   18
r  1153   1151   1303   18
r  1101   1152   952   18
r  172   224   120   18
r  1201   1252   1303   18
r  1109   1058   1207   18
r  816   768   764   18
r  1351   1253   1252   18
r  1451   1252   1303   18
r  1251   1303   1302   18
r  1403   1303   1252   18
r  1401   1303   1352   18
r  1301   1303   1352   18
r  1405   1353   1457   18
r  1551   1553   1502   18
r  26   77   125   18
r  227   278   77   18
r  177   79   77   18
r  130   81   135   18
r  1553   1502   1702   18
r  1602   1502   1651   18
r  1601   1503   1604   18
r  180   280   135   18
r  1706   1806   1555   18
r  1604   1555   1705   18
r  1360   1312   1358   18
r  184   132   135   18
r  83   132   81   18
r  185   137   81   18
r  234   183   81   18
r  84   81   137   18
r  233   284   137   18
r  1268   1219   1118   18
r  1272   1321   1223   18
r  1563   1515   1464   18
r  1803   1852   1854   18
r  1853   1753   1752   18
r  1852   1903   1752   18
r  38   135   87   18
r  288   286   340   18
r  189   90   42   18
r  976   1076   1126   18
r  878   927   979   18
r  1851   1902   2003   18
r  241   190   42   18
r  190   42   98   18
r  142   98   148   18
r  90   190   98   18
r  140   192   98   18
r  93   148   98   18
r  43   98   148   18
r  143   148   98   18
r  141   98   148   18
r  1078   1178   1176   18
r  931   1032   933   18
r  834   782   883   18
r  1710   1759   1761   18
r  2002   1902   2253   18
r  2001   1903   2204   18
r  2053   2204   2405   18
r  582   482   634   18
r  191   42   98   18
r  242   98   148   18
r  91   42   98   18
r  196   148   248   18
r  200   148   248   18
r  297   148   248   18
r  348   399   148   18
r  49   248   148   18
r  195   148   248   18
r  47   148   248   18
r  46   142   98   18
r  44   148   98   18
r  397   148   98   18
r  250   148   98   18
r  347   549   98   18
r  396   345   98   18
r  94   98   148   18
r  246   98   248   18
r  50   98   248   18
r  350   98   148   18
r  95   98   148   18
r  249   98   200   18
r  1955   2006   2253   18
r  2052   1902   2253   18
r  2051   2253   2405   18
r  2005   2056   2405   18
r  2306   2405   2204   18
r  2402   2405   2204   18
r  2354   2204   2405   18
r  2406   2306   2204   18
r  2104   2204   2405   18
r  2451   2405   2204   18
r  2058   2405   2204   18
r  2202   2405   2204   18
r  2407   2458   2405   18
r  2207   2204   2405   18
r  2411   2310   2405   18
r  2307   2204   2405   18
r  2153   2204   2405   18
r  2155   2405   2204   18
r  2101   2204   2405   18
r  2201   2204   2405   18
r  2351   2204   2405   18
r  2456   2204   2405   18
r  2308   2405   2204   18
r  2458   2357   2405   18
r  2108   2057   2204   18
r  2459   2360   2405   18
r  2161   2212   2310   18
r  2353   2405   2253   18
r  2151   2405   2253   18
r  2457   2405   2253   18
r  2257   2204   2253   18
r  2056   2405   2253   18
r  2159   2204   2253   18
r  2057   2405   2253   18
r  2105   2405   2253   18
r  2158   2405   2253   18
r  2255   2405   2253   18
r  2460   2310   2253   18
r  2262   2310   2253   18
r  2261   2310   2253   18
r  2312   2264   2253   18
r  2109   2158   2253   18
r  2061   2012   2253   18
r  2110   2010   2253   18
r  550   599   449   18
r  400   449   549   18
r  498   500   549   18
r  600   449   549   18
r  647   596   549   18
r  1425   1474   1575   18
r  1132   1083   1281   18
r  2015   1966   1913   18
r  2102   2253   2204   18
r  2301   2253   2405   18
r  2304   2253   2405   18
r  2251   2253   2405   18
r  2107   2253   2405   18
r  2305   2253   2405   18
r  2152   2253   2405   18
r  2258   2253   2405   18
r  2452   2253   2405   18
r  2206   2253   2204   18
r  2352   2253   2204   18
r  2259   2253   2204   18
r  2403   2253   2204   18
r  2256   2253   2204   18
r  2409   2253   2310   18
r  2260   2253   2405   18
r  2208   2253   2405   18
r  450   549   399   18
r  650   549   599   18
r  594   643   694   18
r  2017   2068   2019   18
r  2164   2065   2166   18
r  2463   2313   2365   18
r  2415   2264   2413   18
r  2414   2365   2264   18
r  2464   2413   2264   18
r  2366   2415   2264   18
r  2417   2365   2264   18
r  2216   2317   2264   18
r  494   395   596   18
r  798   850   999   18
r  2069   2118   2168   18
r  2465   2264   2365   18
r  2369   2418   2271   18
r  897   999   795   18
r  997   1046   999   18
r  1434   1385   1383   18
r  1783   1881   1681   18
r  892   943   991   18
r  2072   2121   1973   18
r  896   947   845   18
r  1487   1536   1539   18
r  2420   2271   2372   18
r  2475   2427   2377   18
r  2321   2370   2422   18
r  1046   1147   1348   18
r  1045   1145   1348   18
r  1599   1798   1648   18
r  1345   1242   1348   18
r  1250   1348   1199   18
r  1400   1348   1299   18
r  1094   1195   1145   18
r  1144   1195   1245   18
r  2224   2275   2173   18
r  2426   2328   2377   18
r  1700   1698   1697   18
r  2283   2234   2131   18
r  1986   2087   1887   18
r  1886   1937   1988   18
r  1590   1490   1539   18
r  1641   1541   1543   18
r  1592   1492   1541   18
r  2430   2479   2328   18
r  2380   2431   2377   18
r  1646   1644   1793   18
r  1850   1999   1898   18
r  1949   1849   1798   18
r  1800   1848   1749   18
r  1900   1947   1849   18
r  2179   2328   2278   18
r  2282   2384   2431   18
r  2335   2392   2384   18
r  2481   2384   2484   18
r  1695   1646   1793   18
r  2049   2149   2299   18
r  2048   2097   2299   18
r  2185   2236   2340   18
r  2331   2431   2433   18
r  2332   2431   2433   18
r  2385   2340   2433   18
r  2435   2433   2431   18
r  2432   2282   2384   18
r  2483   2432   2384   18
r  2235   2340   2392   18
r  2088   2037   2340   18
r  1894   1945   1994   18
r  2238   2137   2392   18
r  2237   2340   2392   18
r  2194   2295   2392   18
r  2445   2299   2392   18
r  2295   2395   2392   18
r  2140   2392   2340   18
r  2294   2299   2340   18
r  2195   2392   2340   18
r  2144   2245   2340   18
r  2146   2244   2340   18
r  2349   2397   2199   18
r  2247   2199   2397   18
r  2500   2498   2199   18
r  2246   2199   2299   18
r  2196   2296   2299   18
r  2248   2397   2299   18
r  2399   2397   2299   18
r  2449   2498   2299   18
r  2450   2199   2299   18
r  2100   2299   2399   18
r  2145   2392   2199   18
r  2346   2299   2392   18
r  1   207   104   19
r  51   207   56   19
r  2   207   56   19
r  101   56   104   19
r  52   56   207   19
r  3   104   56   19
r  7   207   104   19
r  107   207   104   19
r  352   207   104   19
r  252   207   104   19
r  452   207   104   19
r  254   104   207   19
r  353   207   104   19
r  151   104   207   19
r  153   104   207   19
r  453   502   207   19
r  206   306   56   19
r  357   104   56   19
r  355   104   56   19
r  255   207   56   19
r  53   104   56   19
r  351   104   56   19
r  4   104   56   19
r  102   104   56   19
r  9   207   56   19
r  209   261   56   19
r  356   207   56   19
r  301   207   56   19
r  155   104   56   19
r  251   207   56   19
r  203   207   56   19
r  58   104   56   19
r  307   207   56   19
r  404   207   56   19
r  306   104   56   19
r  408   560   56   19
r  554   207   56   19
r  205   104   56   19
r  455   354   56   19
r  256   56   207   19
r  152   56   207   19
r  8   56   207   19
r  253   56   207   19
r  201   56   207   19
r  303   56   207   19
r  402   56   207   19
r  5   56   104   19
r  401   56   104   19
r  403   56   104   19
r  59   56   104   19
r  202   56   104   19
r  305   56   104   19
r  10   56   104   19
r  208   56   104   19
r  304   56   104   19
r  204   56   104   19
r  354   56   104   19
r  358   56   104   19
r  158   104   207   19
r  302   56   207   19
r  359   460   207   19
r  161   113   207   19
r  163   211   207   19
r  505   56   603   19
r  608   459   460   19
r  213   111   211   19
r  212   214   164   19
r  701   652   505   19
r  706   856   603   19
r  655   603   505   19
r  855   603   902   19
r  17   119   117   19
r  708   759   856   19
r  217   416   117   19
r  954   902   854   19
r  1004   953   854   19
r  1001   953   1103   19
r  68   119   169   19
r  266   214   416   19
r  267   416   265   19
r  712   661   710   19
r  713   813   810   19
r  1104   1055   1207   19
r  171   220   120   19
r  318   366   416   19
r  1151   1103   1102   19
r  1101   952   1103   19
r  962   959   862   19
r  124   226   77   19
r  766   768   666   19
r  1206   1055   1308   19
r  1351   1252   1253   19
r  1305   1253   1252   19
r  1354   1305   1253   19
r  1251   1401   1303   19
r  1403   1252   1303   19
r  1401   1253   1303   19
r  1301   1352   1303   19
r  1255   1303   1252   19
r  1455   1458   1404   19
r  26   125   77   19
r  275   174   226   19
r  80   125   28   19
r  1212   1312   1314   19
r  81   133   137   19
r  129   77   81   19
r  280   81   135   19
r  1117   1217   1268   19
r  1361   1410   1312   19
r  1608   1556   1656   19
r  1655   1604   1557   19
r  1652   1654   1603   19
r  1653   1752   1651   19
r  36   137   81   19
r  87   187   81   19
r  134   81   137   19
r  186   81   137   19
r  39   42   137   19
r  184   81   137   19
r  236   187   135   19
r  38   87   135   19
r  336   385   135   19
r  975   1024   1026   19
r  1853   1752   1753   19
r  1852   2003   1903   19
r  1855   1804   1752   19
r  1801   1752   1852   19
r  189   42   98   19
r  40   98   148   19
r  1321   1372   1272   19
r  927   876   979   19
r  1711   1709   1660   19
r  1904   1851   2003   19
r  1903   1952   2253   19
r  1956   2055   2253   19
r  142   144   98   19
r  140   42   148   19
r  436   384   438   19
r  41   98   148   19
r  388   339   337   19
r  532   485   483   19
r  831   782   834   19
r  1857   1908   1860   19
r  1954   1903   2253   19
r  2003   2253   2405   19
r  1953   1951   2405   19
r  2001   2204   2253   19
r  2008   2253   1957   19
r  242   193   98   19
r  141   148   98   19
r  192   42   148   19
r  143   42   148   19
r  43   148   98   19
r  194   148   248   19
r  200   248   148   19
r  45   148   248   19
r  195   248   148   19
r  292   194   148   19
r  296   248   148   19
r  300   148   248   19
r  293   244   148   19
r  44   92   148   19
r  94   248   98   19
r  246   248   98   19
r  50   148   98   19
r  350   148   98   19
r  249   200   98   19
r  343   392   98   19
r  294   345   98   19
r  95   148   98   19
r  447   549   98   19
r  150   98   248   19
r  49   98   248   19
r  196   98   148   19
r  47   98   148   19
r  250   98   148   19
r  1130   1079   1281   19
r  2053   2405   2204   19
r  2052   2253   2405   19
r  2404   2352   2204   19
r  2354   2405   2204   19
r  2358   2405   2204   19
r  2356   2405   2204   19
r  2451   2204   2405   19
r  2309   2405   2204   19
r  2202   2204   2405   19
r  2207   2405   2204   19
r  2054   2405   2204   19
r  2357   2405   2204   19
r  2359   2411   2405   19
r  2156   2204   2405   19
r  2059   2160   2405   19
r  2157   2204   2405   19
r  2308   2204   2405   19
r  2108   2204   2405   19
r  2159   2405   2204   19
r  2158   2156   2405   19
r  2312   2310   2405   19
r  2102   2204   2253   19
r  2301   2204   2253   19
r  2304   2204   2253   19
r  2107   2405   2253   19
r  2152   2405   2253   19
r  2258   2204   2253   19
r  2452   2405   2253   19
r  2206   2204   2253   19
r  2352   2204   2253   19
r  2403   2204   2253   19
r  2256   2204   2253   19
r  2111   2055   2253   19
r  2409   2310   2253   19
r  2210   2405   2253   19
r  2260   2405   2253   19
r  2208   2405   2253   19
r  2211   2262   2253   19
r  2251   2405   2253   19
r  2305   2405   2253   19
r  2112   2310   2253   19
r  2162   2164   2253   19
r  2259   2405   2253   19
r  2056   2253   2405   19
r  636   685   534   19
r  499   550   398   19
r  450   399   549   19
r  650   599   549   19
r  400   549   449   19
r  1427   1478   1330   19
r  1867   2016   1915   19
r  2055   2253   2405   19
r  2401   2253   2204   19
r  2408   2253   2204   19
r  2453   2253   2204   19
r  2106   2253   2204   19
r  2153   2253   2204   19
r  2459   2253   2204   19
r  2201   2253   2204   19
r  2306   2253   2405   19
r  2402   2253   2405   19
r  2353   2253   2405   19
r  2151   2253   2405   19
r  2457   2253   2405   19
r  2105   2253   2405   19
r  2255   2253   2405   19
r  2261   2253   2405   19
r  2109   2253   2405   19
r  2155   2253   2405   19
r  2361   2253   2405   19
r  2110   2253   2405   19
r  2410   2253   2204   19
r  2363   2264   2365   19
r  594   645   596   19
r  1379   1530   1280   19
r  2463   2365   2364   19
r  2415   2413   2264   19
r  2414   2315   2365   19
r  2467   2365   2266   19
r  2367   2365   2364   19
r  2465   2315   2264   19
r  2267   2368   2264   19
r  2266   2264   2365   19
r  849   846   999   19
r  940   887   991   19
r  2466   2264   2365   19
r  2417   2264   2365   19
r  2215   2264   2315   19
r  1049   1348   997   19
r  1048   1148   1348   19
r  1050   999   1348   19
r  1634   1686   1682   19
r  2169   2218   2271   19
r  2271   2322   2422   19
r  1200   1348   1299   19
r  2371   2271   2422   19
r  2470   2418   2271   19
r  2421   2369   2271   19
r  2471   2271   2422   19
r  1145   1196   1348   19
r  1298   1300   1350   19
r  1450   1198   1148   19
r  1250   1199   1348   19
r  1400   1299   1348   19
r  1394   1342   1348   19
r  1044   1046   1348   19
r  1293   1345   1348   19
r  1978   1927   2026   19
r  1441   1443   1390   19
r  2334   2082   2340   19
r  2178   2129   2328   19
r  2426   2475   2328   19
r  2230   2328   2377   19
r  2277   2377   2275   19
r  2229   2280   2328   19
r  1799   1848   1900   19
r  1999   1950   2199   19
r  1900   1898   1999   19
r  1800   1749   1898   19
r  2335   2384   2392   19
r  2479   2328   2329   19
r  1948   1749   1900   19
r  1949   1749   1898   19
r  1850   1749   1899   19
r  2000   2098   2199   19
r  1946   1845   1895   19
r  2136   2238   2340   19
r  2331   2433   2431   19
r  2332   2384   2431   19
r  2482   2431   2433   19
r  2485   2431   2392   19
r  2235   2392   2340   19
r  2489   2392   2491   19
r  2188   2186   2392   19
r  2195   2144   2392   19
r  2237   2392   2340   19
r  2094   1994   2340   19
r  2091   2140   2340   19
r  2040   2088   2392   19
r  1894   1947   1843   19
r  2346   2392   2299   19
r  2347   2299   2392   19
r  2397   2299   2392   19
r  2349   2148   2298   19
r  2247   2397   2199   19
r  2246   2248   2199   19
r  2450   2299   2199   19
r  2447   2340   2392   19
r  2140   2340   2392   19
r  2144   2340   2392   19
r  2145   2199   2392   19
r  2399   2199   2249   19
r  2100   2199   2299   19
r  1   56   207   20
r  51   104   207   20
r  2   104   207   20
r  52   104   56   20
r  3   207   104   20
r  256   207   56   20
r  152   207   56   20
r  301   56   207   20
r  8   207   56   20
r  203   56   207   20
r  307   56   207   20
r  401   207   56   20
r  252   56   207   20
r  59   207   56   20
r  452   56   207   20
r  352   56   207   20
r  204   207   56   20
r  354   207   56   20
r  358   207   56   20
r  308   207   104   20
r  109   56   104   20
r  11   207   104   20
r  502   603   104   20
r  60   207   104   20
r  254   207   104   20
r  151   56   104   20
r  453   207   104   20
r  357   207   104   20
r  355   207   104   20
r  53   207   104   20
r  351   207   104   20
r  4   207   104   20
r  102   207   104   20
r  209   56   104   20
r  155   207   104   20
r  58   207   104   20
r  306   207   104   20
r  205   56   104   20
r  455   56   104   20
r  158   308   104   20
r  302   452   104   20
r  405   207   104   20
r  456   556   104   20
r  159   207   104   20
r  208   104   56   20
r  202   104   56   20
r  403   104   56   20
r  5   104   56   20
r  305   104   56   20
r  10   104   56   20
r  503   104   56   20
r  459   510   560   20
r  304   104   56   20
r  402   104   56   20
r  303   104   56   20
r  201   104   56   20
r  253   104   56   20
r  7   104   207   20
r  107   104   207   20
r  454   104   207   20
r  12   110   207   20
r  9   104   207   20
r  356   104   207   20
r  506   503   207   20
r  353   104   207   20
r  255   104   207   20
r  251   104   207   20
r  404   505   207   20
r  212   164   207   20
r  359   207   56   20
r  210   111   56   20
r  552   603   56   20
r  604   505   56   20
r  504   604   602   20
r  409   608   560   20
r  164   111   211   20
r  13   117   116   20
r  654   652   505   20
r  754   705   603   20
r  752   603   505   20
r  165   117   67   20
r  64   116   13   20
r  801   902   803   20
r  15   119   116   20
r  16   119   117   20
r  218   267   117   20
r  851   854   952   20
r  267   265   416   20
r  19   120   169   20
r  1051   1103   1054   20
r  1151   1102   952   20
r  909   958   911   20
r  1105   1207   1056   20
r  911   860   1011   20
r  912   961   1010   20
r  921   972   770   20
r  1305   1252   1253   20
r  1452   1253   1303   20
r  1306   1253   1303   20
r  1451   1303   1252   20
r  1401   1303   1253   20
r  824   775   873   20
r  30   127   135   20
r  1502   1651   1553   20
r  576   579   476   20
r  129   81   135   20
r  1601   1604   1603   20
r  877   980   879   20
r  37   135   81   20
r  34   137   81   20
r  35   137   81   20
r  236   135   81   20
r  183   135   137   20
r  181   81   137   20
r  133   182   137   20
r  32   81   137   20
r  234   81   137   20
r  1077   1126   1175   20
r  382   384   481   20
r  432   286   384   20
r  89   98   148   20
r  40   148   98   20
r  1853   1753   2405   20
r  1704   1702   1753   20
r  1805   1654   1752   20
r  1851   2003   1752   20
r  1801   1753   2253   20
r  434   483   383   20
r  240   40   98   20
r  41   93   98   20
r  1901   1852   2253   20
r  882   933   931   20
r  833   782   733   20
r  241   239   98   20
r  191   140   148   20
r  141   98   148   20
r  96   148   248   20
r  48   42   248   20
r  244   148   248   20
r  194   248   148   20
r  145   148   248   20
r  200   148   248   20
r  297   248   148   20
r  195   148   248   20
r  193   148   248   20
r  100   148   248   20
r  243   292   148   20
r  91   142   148   20
r  347   448   148   20
r  294   395   148   20
r  95   248   148   20
r  150   248   98   20
r  49   248   98   20
r  196   248   98   20
r  47   248   98   20
r  250   148   98   20
r  395   397   98   20
r  295   344   98   20
r  444   493   98   20
r  46   98   248   20
r  242   98   248   20
r  293   98   248   20
r  44   98   248   20
r  346   98   148   20
r  45   98   148   20
r  300   98   148   20
r  50   98   148   20
r  1906   1955   2405   20
r  1810   1763   1759   20
r  1954   2003   2405   20
r  1953   1902   2253   20
r  2102   2253   2204   20
r  2206   2253   2204   20
r  2408   2204   2253   20
r  2256   2253   2204   20
r  2453   2204   2253   20
r  2106   2204   2253   20
r  2307   2253   2204   20
r  2153   2204   2253   20
r  2101   2253   2204   20
r  2459   2204   2253   20
r  2301   2253   2204   20
r  2458   2253   2204   20
r  2052   2204   2253   20
r  2402   2204   2253   20
r  2202   2253   2204   20
r  2108   2253   2204   20
r  2109   2309   2253   20
r  2155   2204   2253   20
r  2110   2210   2253   20
r  2053   2204   2405   20
r  2354   2253   2405   20
r  2358   2204   2405   20
r  2356   2253   2405   20
r  2207   2204   2405   20
r  2054   2253   2405   20
r  2357   2204   2405   20
r  2311   2211   2405   20
r  2159   2204   2405   20
r  2057   2253   2405   20
r  2262   2253   2405   20
r  2107   2253   2405   20
r  2152   2253   2405   20
r  2452   2253   2405   20
r  2260   2309   2405   20
r  2208   2253   2405   20
r  2251   2253   2405   20
r  2305   2253   2405   20
r  2259   2253   2405   20
r  2058   2253   2405   20
r  1952   1852   2253   20
r  1955   2405   2204   20
r  1907   1856   2253   20
r  2454   2405   2204   20
r  2005   2405   2204   20
r  2209   2405   2204   20
r  2407   2405   2204   20
r  2360   2405   2204   20
r  2359   2405   2204   20
r  2156   2405   2204   20
r  2308   2405   2204   20
r  2257   2405   2204   20
r  2158   2405   2204   20
r  2460   2405   2204   20
r  2304   2405   2204   20
r  2352   2405   2204   20
r  2403   2405   2204   20
r  2409   2405   2204   20
r  2051   2405   2253   20
r  2055   2405   2253   20
r  2401   2405   2253   20
r  2201   2405   2253   20
r  2306   2405   2253   20
r  2353   2405   2253   20
r  2151   2405   2253   20
r  2457   2405   2253   20
r  2105   2405   2253   20
r  2255   2405   2253   20
r  2261   2405   2253   20
r  2361   2405   2253   20
r  2410   2310   2253   20
r  2212   2111   2253   20
r  2160   2310   2253   20
r  2056   2405   2253   20
r  1376   1328   1378   20
r  1527   1576   1476   20
r  1428   1326   1330   20
r  1180   1281   1280   20
r  683   581   534   20
r  585   636   536   20
r  2363   2365   2264   20
r  1282   1284   1330   20
r  450   549   398   20
r  547   647   598   20
r  2368   2317   2365   20
r  2466   2415   2264   20
r  2417   2466   2264   20
r  1631   1680   1582   20
r  748   649   999   20
r  798   999   898   20
r  849   1150   898   20
r  1000   748   898   20
r  900   1000   799   20
r  2367   2264   2365   20
r  2217   2365   2168   20
r  1732   1681   1680   20
r  1049   997   1348   20
r  998   1049   1348   20
r  948   997   1049   20
r  2419   2422   2372   20
r  2370   2423   2372   20
r  2319   2419   2271   20
r  2269   2371   2369   20
r  1976   1927   2027   20
r  944   842   893   20
r  2371   2422   2420   20
r  2421   2372   2370   20
r  2470   2370   2372   20
r  2423   2372   2271   20
r  2322   2422   2271   20
r  1933   1984   1982   20
r  1298   1249   1199   20
r  1200   1299   1348   20
r  1245   1243   1348   20
r  1393   1446   1348   20
r  1593   1644   1541   20
r  1545   1644   1542   20
r  2279   2328   2377   20
r  2277   2328   2377   20
r  2282   2431   2377   20
r  2178   2328   2377   20
r  2226   2274   2328   20
r  2179   2278   2328   20
r  2479   2427   2328   20
r  2036   2085   2340   20
r  2284   2340   2392   20
r  1693   1644   1744   20
r  1645   1596   1793   20
r  1850   1899   1749   20
r  1900   1999   1898   20
r  2481   2484   2384   20
r  2482   2433   2431   20
r  2485   2392   2340   20
r  2235   2340   2392   20
r  2382   2384   2433   20
r  2489   2491   2392   20
r  2143   2141   2392   20
r  2237   2289   2392   20
r  2039   2090   2340   20
r  2139   2088   2340   20
r  2346   2199   2340   20
r  2497   2299   2340   20
r  2447   2392   2340   20
r  2144   2193   2340   20
r  2092   1991   2340   20
r  2041   2089   2340   20
r  2140   2189   2340   20
r  1745   1595   1945   20
r  1948   1848   1899   20
r  2091   2340   2392   20
r  2093   2340   2392   20
r  2498   2199   2392   20
r  2397   2392   2299   20
r  1894   1994   1945   20
r  2047   1945   2199   20
r  2149   2299   2448   20
r  2450   2498   2299   20
r  2146   2340   2199   20
r  2399   2299   2199   20
r  2100   2299   2199   20
r  1   207   56   21
r  51   207   104   21
r  2   56   104   21
r  101   207   56   21
r  52   207   104   21
r  3   104   207   21
r  152   56   207   21
r  203   207   56   21
r  401   56   207   21
r  252   207   56   21
r  59   56   207   21
r  352   207   56   21
r  204   56   207   21
r  354   56   207   21
r  308   56   207   21
r  109   207   56   21
r  11   56   207   21
r  60   56   207   21
r  254   56   207   21
r  453   56   207   21
r  357   56   207   21
r  58   56   207   21
r  455   207   56   21
r  202   56   104   21
r  258   207   104   21
r  5   56   104   21
r  305   56   104   21
r  10   56   104   21
r  402   56   104   21
r  201   56   104   21
r  153   56   104   21
r  253   56   104   21
r  7   207   104   21
r  107   207   104   21
r  12   207   104   21
r  356   207   104   21
r  353   56   104   21
r  255   207   104   21
r  251   207   104   21
r  404   207   104   21
r  208   56   104   21
r  259   207   104   21
r  303   56   104   21
r  9   56   104   21
r  304   56   104   21
r  159   104   207   21
r  405   104   207   21
r  355   104   207   21
r  53   104   207   21
r  351   104   207   21
r  4   104   207   21
r  102   104   207   21
r  155   104   207   21
r  306   104   207   21
r  408   359   560   21
r  256   104   207   21
r  8   104   207   21
r  552   505   603   21
r  358   104   207   21
r  604   652   505   21
r  301   104   56   21
r  307   104   56   21
r  452   104   56   21
r  151   104   56   21
r  209   104   56   21
r  205   104   56   21
r  61   109   56   21
r  506   504   56   21
r  158   104   56   21
r  302   104   56   21
r  309   261   56   21
r  705   505   56   21
r  603   503   56   21
r  62   11   207   21
r  652   505   207   21
r  13   66   117   21
r  360   313   211   21
r  311   412   211   21
r  752   701   603   21
r  163   207   211   21
r  17   117   64   21
r  805   856   757   21
r  18   120   69   21
r  1001   1103   902   21
r  1002   1151   1051   21
r  1054   1003   952   21
r  1108   1006   1206   21
r  960   962   1011   21
r  1105   1056   1207   21
r  816   765   768   21
r  1301   1253   1252   21
r  1451   1253   1303   21
r  1455   1404   1303   21
r  720   671   773   21
r  176   225   77   21
r  1452   1303   1253   21
r  1401   1253   1252   21
r  1351   1303   1252   21
r  1502   1553   1651   21
r  1456   1508   1358   21
r  277   228   77   21
r  130   135   81   21
r  1212   1263   1312   21
r  1115   1016   1015   21
r  1607   1555   1506   21
r  920   821   968   21
r  228   129   135   21
r  328   279   428   21
r  1704   1752   1651   21
r  82   135   137   21
r  83   135   137   21
r  185   183   137   21
r  36   135   137   21
r  85   136   81   21
r  136   285   81   21
r  86   135   81   21
r  84   135   81   21
r  183   137   135   21
r  34   81   137   21
r  33   81   137   21
r  37   81   135   21
r  287   339   135   21
r  1173   1175   1272   21
r  975   1077   1027   21
r  1215   1163   1264   21
r  1854   1852   1753   21
r  1801   2253   2405   21
r  234   135   136   21
r  189   98   148   21
r  89   42   98   21
r  1318   1267   1369   21
r  1075   974   1175   21
r  1125   1074   1024   21
r  1852   1752   2405   21
r  1956   2253   2204   21
r  1851   1752   2253   21
r  338   340   390   21
r  240   98   148   21
r  190   141   148   21
r  41   148   248   21
r  93   142   148   21
r  1420   1371   1469   21
r  1031   983   933   21
r  782   733   834   21
r  1664   1561   1613   21
r  1902   1753   2253   21
r  1951   1852   2253   21
r  2006   2253   2204   21
r  2408   2253   2204   21
r  2453   2253   2204   21
r  2307   2204   2253   21
r  2153   2253   2204   21
r  2351   2253   2204   21
r  2456   2253   2204   21
r  2301   2204   2253   21
r  2458   2204   2253   21
r  2052   2253   2204   21
r  2202   2204   2253   21
r  2108   2204   2253   21
r  2155   2253   2204   21
r  2110   2253   2204   21
r  2159   2253   2204   21
r  2057   2206   2253   21
r  2262   2311   2253   21
r  2452   2204   2253   21
r  2251   2204   2253   21
r  2305   2204   2253   21
r  2259   2204   2253   21
r  2058   2204   2253   21
r  1955   2204   2405   21
r  1907   2253   2405   21
r  2454   2204   2405   21
r  2005   2204   2405   21
r  2209   2204   2405   21
r  2407   2253   2405   21
r  2359   2204   2405   21
r  2156   2204   2405   21
r  2257   2204   2405   21
r  2158   2204   2405   21
r  2304   2204   2405   21
r  2352   2253   2405   21
r  2403   2204   2405   21
r  2409   2253   2405   21
r  2051   2053   2405   21
r  2055   2253   2405   21
r  2401   2204   2405   21
r  2201   2204   2405   21
r  2306   2253   2405   21
r  2353   2253   2405   21
r  2151   2253   2405   21
r  2457   2204   2405   21
r  2105   2253   2405   21
r  2261   2253   2405   21
r  2160   2260   2405   21
r  2056   2253   2405   21
r  2002   1903   2405   21
r  2001   2253   2405   21
r  2309   2204   2405   21
r  2360   2204   2405   21
r  2362   2253   2405   21
r  2212   2310   2405   21
r  2410   2204   2405   21
r  1958   2007   2253   21
r  1370   1421   1471   21
r  141   148   98   21
r  43   98   148   21
r  46   248   98   21
r  94   98   248   21
r  47   98   248   21
r  293   248   98   21
r  44   248   98   21
r  45   248   98   21
r  297   98   248   21
r  243   98   248   21
r  95   98   248   21
r  96   142   148   21
r  244   248   148   21
r  200   98   148   21
r  195   98   148   21
r  193   98   148   21
r  100   248   148   21
r  250   248   148   21
r  145   98   148   21
r  194   148   248   21
r  144   148   248   21
r  299   148   248   21
r  245   148   248   21
r  49   148   248   21
r  291   340   98   21
r  242   148   98   21
r  346   148   98   21
r  300   148   98   21
r  50   148   98   21
r  446   395   98   21
r  345   343   98   21
r  882   931   782   21
r  983   981   931   21
r  982   1031   1033   21
r  2104   2405   2204   21
r  2358   2405   2204   21
r  2451   2405   2204   21
r  2207   2405   2204   21
r  2357   2405   2204   21
r  2461   2405   2204   21
r  2059   2405   2204   21
r  2157   2405   2204   21
r  2210   2310   2204   21
r  2106   2405   2204   21
r  2402   2405   2204   21
r  2206   2405   2253   21
r  2256   2405   2253   21
r  2101   2405   2253   21
r  2354   2405   2253   21
r  2356   2405   2253   21
r  2054   2405   2253   21
r  2107   2405   2253   21
r  2152   2405   2253   21
r  2208   2405   2253   21
r  2102   2405   2253   21
r  2008   1956   2253   21
r  2255   2253   2204   21
r  2361   2253   2204   21
r  750   799   999   21
r  400   449   448   21
r  1180   1229   1281   21
r  1036   1084   1136   21
r  2413   2264   2415   21
r  2314   2365   2413   21
r  450   499   399   21
r  600   549   449   21
r  646   697   694   21
r  1429   1376   1330   21
r  1533   1482   1582   21
r  1969   2118   1869   21
r  2368   2365   2315   21
r  2266   2313   2264   21
r  2367   2365   2264   21
r  2215   2266   2264   21
r  2465   2264   2364   21
r  2467   2264   2365   21
r  2117   2168   2066   21
r  1000   898   1049   21
r  947   998   898   21
r  899   799   950   21
r  1827   1778   1829   21
r  1633   1631   1635   21
r  1584   1633   1582   21
r  1039   1037   937   21
r  1040   1042   940   21
r  2419   2475   2271   21
r  2370   2372   2271   21
r  950   999   898   21
r  2420   2469   2271   21
r  2320   2475   2271   21
r  2371   2420   2271   21
r  2472   2372   2271   21
r  2470   2372   2370   21
r  1292   1393   1348   21
r  1142   1193   1348   21
r  1294   1292   1348   21
r  1750   1898   1348   21
r  1144   1245   1348   21
r  2321   2469   2372   21
r  2421   2370   2377   21
r  2471   2372   2271   21
r  2373   2271   2377   21
r  1250   1348   1199   21
r  1044   1348   1144   21
r  2225   2173   2328   21
r  1593   1541   1495   21
r  1949   1898   1749   21
r  1847   1945   1900   21
r  1493   1444   1541   21
r  2178   2377   2328   21
r  2226   2328   2377   21
r  2228   2328   2377   21
r  2480   2328   2377   21
r  2229   2328   2377   21
r  2179   2328   2377   21
r  2479   2328   2377   21
r  2180   2279   2377   21
r  2277   2377   2328   21
r  2279   2377   2328   21
r  1692   1694   1744   21
r  2098   2096   2199   21
r  2199   2250   2340   21
r  2182   2231   2130   21
r  2281   2284   2234   21
r  2284   2392   2431   21
r  2186   2235   2392   21
r  2482   2384   2380   21
r  1944   1892   1843   21
r  2097   2099   2299   21
r  2149   2448   2299   21
r  2448   2299   2148   21
r  2350   2299   2148   21
r  2497   2340   2392   21
r  2196   2299   2340   21
r  2100   2399   2299   21
r  2498   2299   2199   21
r  2185   2237   2392   21
r  2383   2483   2381   21
r  2385   2433   2392   21
r  2382   2433   2384   21
r  2235   2392   2340   21
r  2089   1989   2392   21
r  2039   2088   2392   21
r  2447   2445   2392   21
r  2041   2088   2392   21
r  2138   2087   2340   21
r  2145   2392   2340   21
r  2091   2093   2340   21
r  2093   2392   2340   21
r  2043   2092   2340   21
r  2348   2199   2340   21
r  2296   2199   2392   21
r  2399   2199   2299   21
r  1   56   207   22
r  51   104   207   22
r  2   207   56   22
r  101   56   207   22
r  52   56   207   22
r  3   207   104   22
r  152   207   56   22
r  203   56   207   22
r  352   56   207   22
r  204   207   56   22
r  308   207   56   22
r  11   207   56   22
r  502   56   207   22
r  60   207   56   22
r  453   207   56   22
r  357   207   56   22
r  58   207   56   22
r  202   207   56   22
r  5   207   56   22
r  10   207   56   22
r  201   207   56   22
r  253   207   56   22
r  7   56   207   22
r  353   207   56   22
r  255   56   207   22
r  404   56   207   22
r  303   207   56   22
r  159   207   104   22
r  451   56   104   22
r  407   56   104   22
r  454   207   104   22
r  355   56   104   22
r  53   207   104   22
r  351   207   104   22
r  4   56   104   22
r  102   207   104   22
r  155   207   104   22
r  306   56   104   22
r  256   207   104   22
r  8   207   104   22
r  503   207   104   22
r  301   56   104   22
r  452   56   104   22
r  151   56   104   22
r  205   207   104   22
r  61   56   104   22
r  158   207   104   22
r  302   207   104   22
r  405   56   104   22
r  406   207   104   22
r  403   207   104   22
r  307   207   104   22
r  208   104   56   22
r  305   104   56   22
r  402   104   56   22
r  153   104   56   22
r  9   104   56   22
r  401   104   56   22
r  59   104   56   22
r  354   104   56   22
r  254   104   56   22
r  252   104   207   22
r  109   104   207   22
r  455   104   207   22
r  258   104   207   22
r  107   104   207   22
r  12   104   207   22
r  356   104   207   22
r  251   104   207   22
r  359   56   207   22
r  210   56   207   22
r  501   603   207   22
r  457   357   207   22
r  163   111   207   22
r  259   104   207   22
r  458   560   207   22
r  461   510   207   22
r  505   554   56   22
r  160   111   56   22
r  504   603   56   22
r  655   505   56   22
r  161   207   56   22
r  654   505   56   22
r  552   56   505   22
r  63   117   116   22
r  652   207   505   22
r  165   67   117   22
r  14   119   65   22
r  805   756   856   22
r  852   953   854   22
r  804   856   902   22
r  18   69   120   22
r  851   952   953   22
r  903   854   952   22
r  1102   952   902   22
r  1052   952   902   22
r  761   710   763   22
r  957   1008   1056   22
r  1154   1207   1258   22
r  72   20   77   22
r  123   72   77   22
r  1251   1302   1352   22
r  1012   1063   963   22
r  1353   1253   1252   22
r  1301   1252   1253   22
r  1452   1253   1303   22
r  1351   1253   1303   22
r  1401   1352   1253   22
r  572   570   422   22
r  870   821   968   22
r  1205   1256   1156   22
r  1159   1161   1207   22
r  1551   1651   1603   22
r  624   622   523   22
r  130   81   135   22
r  230   228   135   22
r  1309   1459   1510   22
r  1071   1022   1019   22
r  180   135   137   22
r  131   82   137   22
r  1707   1655   1555   22
r  1604   1705   1651   22
r  1751   1702   1654   22
r  1221   1270   1172   22
r  1372   1272   1171   22
r  82   137   135   22
r  182   135   137   22
r  35   135   137   22
r  236   137   135   22
r  84   137   135   22
r  133   135   81   22
r  34   135   81   22
r  37   135   81   22
r  187   135   81   22
r  183   181   137   22
r  132   81   137   22
r  83   81   135   22
r  36   81   135   22
r  234   137   135   22
r  282   331   135   22
r  189   142   98   22
r  139   289   98   22
r  40   93   148   22
r  1853   1702   2253   22
r  1903   2003   2405   22
r  1904   1802   2253   22
r  1905   2253   2405   22
r  1956   2007   2253   22
r  1851   2253   2405   22
r  41   98   148   22
r  436   385   538   22
r  388   337   339   22
r  1466   1468   1517   22
r  1858   1809   1758   22
r  1902   1951   2405   22
r  1953   2253   2204   22
r  1901   2253   2405   22
r  1954   2405   2204   22
r  2003   2405   2253   22
r  2006   2204   2253   22
r  1957   1910   2405   22
r  2307   2253   2204   22
r  2153   2204   2253   22
r  2456   2204   2253   22
r  2052   2204   2253   22
r  2108   2253   2204   22
r  2155   2204   2253   22
r  2110   2204   2253   22
r  2057   2253   2204   22
r  2251   2253   2204   22
r  2259   2253   2204   22
r  2058   2253   2204   22
r  2005   2253   2204   22
r  2352   2204   2253   22
r  2409   2204   2253   22
r  2401   2253   2204   22
r  2201   2253   2204   22
r  2353   2204   2253   22
r  2056   2204   2253   22
r  2002   2253   2204   22
r  2001   1902   2253   22
r  1951   1903   2405   22
r  1952   2003   2405   22
r  2104   2253   2405   22
r  2310   2253   2405   22
r  2451   2253   2405   22
r  2207   2204   2405   22
r  2059   2204   2405   22
r  2157   2253   2405   22
r  2308   2204   2405   22
r  2161   2310   2405   22
r  2460   2253   2405   22
r  2210   2253   2405   22
r  2106   2253   2405   22
r  2402   2204   2405   22
r  2206   2204   2405   22
r  2256   2204   2405   22
r  2101   2204   2405   22
r  2354   2253   2405   22
r  2356   2253   2405   22
r  2054   2253   2405   22
r  2107   2253   2405   22
r  2152   2253   2405   22
r  2102   2204   2405   22
r  2361   2310   2405   22
r  2358   2204   2405   22
r  2357   2204   2405   22
r  2009   2110   2405   22
r  2211   2253   2405   22
r  1228   1279   1281   22
r  882   782   834   22
r  241   98   148   22
r  42   98   248   22
r  94   248   98   22
r  196   98   248   22
r  47   248   98   22
r  192   98   248   22
r  297   248   98   22
r  243   248   98   22
r  200   248   98   22
r  145   248   98   22
r  342   340   148   22
r  141   42   148   22
r  144   248   148   22
r  299   248   148   22
r  349   298   148   22
r  245   248   148   22
r  397   98   148   22
r  343   98   148   22
r  49   98   148   22
r  242   248   148   22
r  346   395   148   22
r  300   98   148   22
r  50   248   148   22
r  396   98   148   22
r  350   299   148   22
r  444   98   148   22
r  146   148   248   22
r  100   148   248   22
r  93   148   248   22
r  91   148   248   22
r  347   148   248   22
r  250   148   248   22
r  45   148   248   22
r  43   148   98   22
r  95   148   98   22
r  193   148   98   22
r  195   148   98   22
r  443   395   98   22
r  2454   2405   2204   22
r  2309   2405   2204   22
r  2004   2405   2204   22
r  2359   2405   2204   22
r  2156   2405   2204   22
r  2007   2405   2204   22
r  2257   2405   2204   22
r  2158   2405   2204   22
r  2403   2405   2204   22
r  2051   2405   2204   22
r  2459   2405   2204   22
r  2457   2405   2204   22
r  2410   2405   2204   22
r  2301   2405   2204   22
r  2458   2405   2204   22
r  2202   2405   2204   22
r  2452   2405   2204   22
r  2305   2405   2204   22
r  2262   2405   2204   22
r  2408   2405   2253   22
r  2453   2405   2253   22
r  2351   2405   2253   22
r  2159   2405   2253   22
r  2407   2405   2253   22
r  2055   2405   2253   22
r  2306   2405   2253   22
r  2151   2405   2253   22
r  2261   2405   2253   22
r  2362   2405   2253   22
r  2255   2355   2253   22
r  2062   2162   2253   22
r  2008   2253   2204   22
r  2105   2405   2204   22
r  2208   2253   2204   22
r  935   987   986   22
r  400   499   449   22
r  448   549   500   22
r  2462   2365   2413   22
r  2413   2415   2264   22
r  2363   2314   2365   22
r  2314   2366   2365   22
r  1230   1181   1330   22
r  450   398   499   22
r  598   647   596   22
r  2019   1919   2070   22
r  2367   2364   2365   22
r  2465   2365   2264   22
r  2315   2264   2364   22
r  2116   2068   2017   22
r  1827   1829   1778   22
r  1581   1632   1682   22
r  643   694   594   22
r  798   898   999   22
r  949   1049   898   22
r  1000   1049   898   22
r  897   948   999   22
r  950   898   999   22
r  898   997   799   22
r  2168   2119   2019   22
r  1586   1486   1487   22
r  996   1045   1348   22
r  2372   2271   2377   22
r  2471   2271   2370   22
r  1191   1240   1348   22
r  1198   1350   1299   22
r  1144   1246   1095   22
r  1095   1143   1348   22
r  1250   1299   1348   22
r  1700   1697   1348   22
r  1244   1143   1348   22
r  1243   1292   1348   22
r  2473   2475   2271   22
r  2423   2271   2377   22
r  1933   1981   1881   22
r  1200   1348   1299   22
r  1800   1899   1749   22
r  2327   2276   2278   22
r  2479   2329   2328   22
r  2178   2328   2377   22
r  2277   2328   2377   22
r  2279   2376   2377   22
r  2330   2283   2131   22
r  1787   1888   1836   22
r  1936   2085   2340   22
r  1594   1546   1543   22
r  1799   1900   1899   22
r  1949   1798   1900   22
r  1948   1900   1749   22
r  2230   2377   2328   22
r  2228   2377   2328   22
r  2229   2377   2328   22
r  2332   2433   2384   22
r  2048   2299   2199   22
r  2482   2380   2384   22
r  2433   2484   2331   22
r  2385   2431   2340   22
r  2435   2431   2340   22
r  2086   1988   2340   22
r  2235   2340   2392   22
r  2138   2089   2392   22
r  2043   2094   2392   22
r  2398   2199   2340   22
r  2349   2199   2340   22
r  2040   2392   2340   22
r  2246   2299   2340   22
r  2296   2392   2340   22
r  1895   1844   1843   22
r  2097   2299   2199   22
r  2148   2199   2392   22
r  2099   2199   2148   22
r  2448   2148   2392   22
r  2397   2299   2392   22
r  2248   2299   2148   22
r  2196   2340   2392   22
r  2348   2340   2199   22
r  2250   2498   2199   22
r  2399   2249   2199   22
r  2498   2199   2299   22
r  2346   2340   2392   22
r  2092   2340   2392   22
r  2350   2199   2299   22
r  1   104   56   23
r  51   207   104   23
r  2   56   207   23
r  101   207   56   23
r  52   207   56   23
r  3   104   207   23
r  208   107   104   23
r  451   104   56   23
r  305   56   104   23
r  407   104   56   23
r  61   104   56   23
r  301   104   56   23
r  212   163   56   23
r  59   56   104   23
r  354   56   104   23
r  254   56   104   23
r  355   104   56   23
r  306   104   56   23
r  405   104   56   23
r  358   56   104   23
r  252   56   104   23
r  455   56   104   23
r  258   56   104   23
r  12   56   104   23
r  255   104   56   23
r  502   104   56   23
r  204   56   207   23
r  308   104   207   23
r  11   56   207   23
r  60   104   207   23
r  357   104   207   23
r  58   56   207   23
r  456   56   207   23
r  202   56   207   23
r  5   104   207   23
r  10   104   207   23
r  201   56   207   23
r  253   104   207   23
r  353   56   207   23
r  454   104   207   23
r  53   56   207   23
r  351   104   207   23
r  155   104   207   23
r  256   104   207   23
r  8   104   207   23
r  503   104   207   23
r  158   56   207   23
r  302   104   207   23
r  406   104   207   23
r  403   56   207   23
r  307   56   207   23
r  152   56   207   23
r  453   56   207   23
r  303   104   207   23
r  102   56   207   23
r  205   104   207   23
r  409   560   207   23
r  260   211   207   23
r  504   56   207   23
r  161   110   207   23
r  110   207   104   23
r  356   207   104   23
r  251   207   104   23
r  109   207   104   23
r  402   207   104   23
r  153   207   104   23
r  9   207   104   23
r  655   652   505   23
r  203   207   56   23
r  352   207   56   23
r  7   207   56   23
r  404   207   56   23
r  304   207   56   23
r  4   207   56   23
r  151   207   56   23
r  210   207   56   23
r  452   207   56   23
r  211   263   56   23
r  602   505   56   23
r  702   603   56   23
r  551   603   56   23
r  164   211   56   23
r  705   56   505   23
r  752   603   854   23
r  313   212   362   23
r  17   64   117   23
r  751   603   902   23
r  267   416   117   23
r  853   953   952   23
r  907   858   856   23
r  859   808   856   23
r  903   952   854   23
r  954   854   902   23
r  19   169   120   23
r  223   171   120   23
r  1154   1258   1207   23
r  471   420   568   23
r  622   674   523   23
r  324   273   223   23
r  472   571   423   23
r  1301   1253   1252   23
r  1351   1252   1253   23
r  1401   1253   1303   23
r  1306   1303   1252   23
r  867   916   1016   23
r  969   869   921   23
r  76   24   74   23
r  175   226   77   23
r  23   77   126   23
r  1258   1156   1206   23
r  1260   1311   1206   23
r  1551   1502   1651   23
r  1502   1401   1553   23
r  80   28   135   23
r  178   229   135   23
r  228   128   77   23
r  128   77   135   23
r  1602   1553   1702   23
r  129   31   137   23
r  180   137   135   23
r  428   377   476   23
r  1653   1651   1752   23
r  528   476   479   23
r  1266   1165   1217   23
r  82   135   137   23
r  182   137   135   23
r  86   137   135   23
r  84   135   137   23
r  133   137   135   23
r  34   137   135   23
r  37   137   135   23
r  32   137   81   23
r  38   137   81   23
r  36   137   81   23
r  284   333   384   23
r  39   137   148   23
r  236   81   137   23
r  329   377   135   23
r  35   81   135   23
r  187   81   135   23
r  281   329   135   23
r  385   286   135   23
r  232   135   137   23
r  83   135   85   23
r  234   135   137   23
r  286   135   137   23
r  287   135   137   23
r  139   98   148   23
r  337   389   388   23
r  1417   1466   1516   23
r  1466   1517   1415   23
r  1852   1903   2253   23
r  1903   2405   2204   23
r  1904   2253   2405   23
r  1905   1956   2204   23
r  1956   2253   2405   23
r  1851   2405   2253   23
r  1032   933   931   23
r  142   98   248   23
r  41   148   98   23
r  150   98   248   23
r  42   248   98   23
r  44   98   248   23
r  192   248   98   23
r  191   98   248   23
r  244   98   248   23
r  200   98   248   23
r  145   98   248   23
r  241   42   98   23
r  144   98   248   23
r  245   98   248   23
r  50   98   248   23
r  396   443   98   23
r  194   248   148   23
r  146   248   148   23
r  100   248   148   23
r  344   98   148   23
r  93   248   148   23
r  91   248   148   23
r  347   98   148   23
r  250   248   148   23
r  295   98   148   23
r  45   248   148   23
r  95   98   148   23
r  193   98   148   23
r  195   248   148   23
r  483   485   534   23
r  485   436   534   23
r  1762   1862   1861   23
r  1902   2253   2204   23
r  1953   2204   2253   23
r  1901   2405   2253   23
r  1954   2253   2405   23
r  2003   2253   2405   23
r  2006   2253   2204   23
r  1957   2405   2204   23
r  2456   2253   2204   23
r  2109   2253   2204   23
r  2155   2253   2204   23
r  2110   2253   2204   23
r  2053   2253   2204   23
r  2311   2253   2204   23
r  2260   2253   2204   23
r  2251   2204   2253   23
r  2259   2204   2253   23
r  1907   1956   1860   23
r  2304   2253   2204   23
r  2352   2253   2204   23
r  2409   2253   2204   23
r  2401   2204   2253   23
r  2201   2204   2253   23
r  2353   2253   2204   23
r  2002   2204   2253   23
r  2001   2253   2204   23
r  2212   2253   2204   23
r  2451   2204   2253   23
r  2157   2204   2253   23
r  2161   2253   2204   23
r  2460   2204   2253   23
r  2210   2204   2253   23
r  2206   2253   2204   23
r  2101   2253   2204   23
r  2354   2204   2253   23
r  2107   2204   2253   23
r  2152   2204   2253   23
r  2102   2253   2204   23
r  2361   2204   2253   23
r  2357   2253   2204   23
r  2454   2204   2405   23
r  2309   2204   2405   23
r  2004   2253   2405   23
r  2461   2204   2405   23
r  2156   2204   2405   23
r  2007   2204   2405   23
r  2060   2253   2405   23
r  2257   2253   2405   23
r  2158   2253   2405   23
r  2403   2253   2405   23
r  2111   2253   2405   23
r  2051   2204   2405   23
r  2457   2204   2405   23
r  2410   2204   2405   23
r  2202   2204   2405   23
r  2305   2253   2405   23
r  2262   2253   2405   23
r  2351   2253   2405   23
r  2407   2204   2405   23
r  2055   2253   2405   23
r  2306   2253   2405   23
r  2151   2253   2405   23
r  2261   2253   2405   23
r  2362   2310   2405   23
r  2255   2253   2405   23
r  2105   2204   2405   23
r  2208   2204   2405   23
r  2359   2204   2405   23
r  2061   2253   2405   23
r  2112   2014   2405   23
r  2301   2253   2405   23
r  2458   2204   2405   23
r  2452   2204   2405   23
r  2408   2253   2405   23
r  2453   2253   2405   23
r  2459   2204   2405   23
r  2159   2204   2405   23
r  1573   1622   1476   23
r  348   148   248   23
r  349   148   248   23
r  296   148   248   23
r  143   148   248   23
r  447   398   449   23
r  293   148   248   23
r  46   148   248   23
r  94   148   248   23
r  297   148   248   23
r  243   148   248   23
r  196   148   98   23
r  49   148   98   23
r  300   148   98   23
r  445   443   98   23
r  400   449   549   23
r  2358   2405   2204   23
r  2209   2405   2204   23
r  2207   2405   2204   23
r  2411   2405   2204   23
r  2360   2405   2204   23
r  2059   2405   2204   23
r  2308   2405   2204   23
r  2312   2405   2204   23
r  1952   2405   2204   23
r  2402   2405   2204   23
r  1951   2405   2204   23
r  2256   2405   2204   23
r  2153   2405   2204   23
r  2052   2405   2204   23
r  2056   2405   2204   23
r  2307   2405   2253   23
r  2108   2405   2253   23
r  2057   2405   2253   23
r  2005   2405   2253   23
r  2104   2405   2253   23
r  2310   2405   2253   23
r  2106   2405   2253   23
r  2211   2405   2253   23
r  2008   1957   2253   23
r  2058   2405   2253   23
r  2054   2405   2253   23
r  1378   1427   1330   23
r  635   683   536   23
r  499   399   448   23
r  450   399   549   23
r  600   499   549   23
r  649   799   549   23
r  2016   1918   1913   23
r  2463   2264   2365   23
r  2416   2365   2467   23
r  2267   2218   2365   23
r  2465   2364   2365   23
r  2315   2415   2264   23
r  2418   2467   2264   23
r  2467   2365   2264   23
r  2368   2264   2365   23
r  1779   1678   1878   23
r  950   948   898   23
r  1921   2071   1972   23
r  2119   1972   2168   23
r  1929   1978   1778   23
r  991   1040   890   23
r  997   999   1348   23
r  944   843   845   23
r  2269   2320   2271   23
r  2420   2271   2371   23
r  2320   2271   2322   23
r  2471   2422   2271   23
r  1882   1930   1983   23
r  1092   1143   1348   23
r  1143   1245   1348   23
r  1192   1245   1348   23
r  1193   1245   1348   23
r  1044   1144   1348   23
r  1200   1299   1348   23
r  1195   1143   1348   23
r  1444   1544   1348   23
r  1194   1143   1348   23
r  1800   1898   1348   23
r  2423   2377   2328   23
r  2029   1978   2130   23
r  1043   1095   1144   23
r  2274   2328   2377   23
r  2480   2380   2328   23
r  2226   2275   2328   23
r  2230   2278   2377   23
r  2228   2277   2377   23
r  2229   2329   2377   23
r  2078   1977   2080   23
r  1837   2038   1988   23
r  1985   2034   2340   23
r  1849   1898   1847   23
r  2178   2377   2328   23
r  2277   2377   2328   23
r  2283   2131   2231   23
r  2135   2186   2340   23
r  1840   1741   1843   23
r  1791   1842   1891   23
r  1998   2098   2299   23
r  2048   2199   2299   23
r  1950   1898   2199   23
r  2382   2384   2433   23
r  2484   2384   2433   23
r  2334   2131   2431   23
r  2085   1937   2340   23
r  2040   2139   2392   23
r  1843   1794   2340   23
r  2145   2245   2392   23
r  2398   2299   2199   23
r  2349   2298   2392   23
r  2435   2384   2392   23
r  2087   1985   2340   23
r  2095   2097   2340   23
r  2449   2299   2340   23
r  2497   2392   2340   23
r  2196   2392   2340   23
r  2346   2299   2340   23
r  2092   2192   2340   23
r  2298   2199   2340   23
r  2347   2199   2340   23
r  2448   2392   2340   23
r  1994   1895   1843   23
r  2148   2392   2199   23
r  2099   2148   2199   23
r  2149   2299   2392   23
r  2198   2397   2392   23
r  2200   2299   2392   23
r  2150   2299   2392   23
r  2499   2299   2392   23
r  2397   2392   2299   23
r  2248   2148   2299   23
r  2246   2340   2392   23
r  2146   2299   2392   23
r  2498   2299   2199   23
r  2350   2299   2199   23
r  2093   2340   2392   23
r  2296   2340   2392   23
r  2348   2199   2392   23
r  2450   2199   2392   23
r  1   56   104   24
r  101   104   207   24
r  52   56   207   24
r  3   207   104   24
r  407   56   104   24
r  61   56   104   24
r  59   104   56   24
r  354   104   56   24
r  405   56   104   24
r  252   104   56   24
r  455   104   56   24
r  258   104   56   24
r  107   56   104   24
r  12   104   56   24
r  501   505   56   24
r  502   56   104   24
r  457   56   104   24
r  60   56   104   24
r  58   104   56   24
r  454   56   104   24
r  8   56   104   24
r  158   104   56   24
r  152   104   56   24
r  303   56   104   24
r  102   104   56   24
r  409   509   560   24
r  159   104   207   24
r  356   104   207   24
r  251   56   207   24
r  408   56   207   24
r  554   56   207   24
r  109   104   207   24
r  153   56   207   24
r  9   104   207   24
r  203   56   207   24
r  352   56   207   24
r  7   104   207   24
r  304   56   207   24
r  4   104   207   24
r  210   56   207   24
r  452   104   207   24
r  602   553   207   24
r  410   459   207   24
r  213   264   207   24
r  113   211   207   24
r  110   104   207   24
r  402   104   207   24
r  404   104   207   24
r  507   510   207   24
r  151   104   207   24
r  214   313   207   24
r  705   505   207   24
r  204   207   56   24
r  11   207   56   24
r  453   207   56   24
r  456   207   56   24
r  202   207   56   24
r  201   207   56   24
r  353   207   56   24
r  53   207   56   24
r  403   207   56   24
r  307   207   56   24
r  305   207   56   24
r  254   207   56   24
r  358   207   56   24
r  451   207   104   24
r  301   207   104   24
r  255   207   104   24
r  357   207   104   24
r  253   207   104   24
r  256   207   104   24
r  205   207   104   24
r  259   207   104   24
r  351   207   104   24
r  155   207   104   24
r  504   207   56   24
r  556   507   56   24
r  555   506   56   24
r  162   164   56   24
r  112   211   56   24
r  552   505   56   24
r  605   603   56   24
r  651   603   56   24
r  652   551   56   24
r  802   902   854   24
r  116   216   165   24
r  14   117   116   24
r  16   117   13   24
r  115   66   167   24
r  801   854   902   24
r  852   854   953   24
r  17   13   116   24
r  860   760   856   24
r  853   952   953   24
r  901   953   854   24
r  68   169   71   24
r  1002   1051   902   24
r  1054   1002   902   24
r  21   72   69   24
r  221   223   169   24
r  571   523   568   24
r  1109   1207   1206   24
r  1204   1253   1252   24
r  1404   1406   1253   24
r  1301   1252   1253   24
r  1452   1252   1253   24
r  1255   1252   1303   24
r  964   1015   1062   24
r  919   1019   770   24
r  23   74   77   24
r  1208   1108   1259   24
r  1351   1303   1252   24
r  27   80   135   24
r  78   127   135   24
r  1601   1553   1752   24
r  229   77   135   24
r  31   82   137   24
r  1173   1222   1171   24
r  1262   1362   1314   24
r  1362   1313   1314   24
r  1655   1706   1555   24
r  1652   1603   1654   24
r  1707   1555   1607   24
r  134   137   81   24
r  138   185   81   24
r  32   81   137   24
r  38   81   137   24
r  336   387   137   24
r  182   81   137   24
r  133   81   137   24
r  82   137   135   24
r  84   137   135   24
r  232   137   135   24
r  83   85   135   24
r  234   137   135   24
r  286   137   135   24
r  287   289   135   24
r  332   281   135   24
r  334   332   135   24
r  382   481   135   24
r  36   135   137   24
r  35   135   81   24
r  1561   1661   1610   24
r  1705   1805   1656   24
r  1756   1656   1805   24
r  139   148   98   24
r  1077   1175   1176   24
r  1758   1859   1658   24
r  1903   2253   2405   24
r  1904   2003   2253   24
r  1956   2204   2253   24
r  240   139   98   24
r  190   148   248   24
r  142   248   98   24
r  41   98   148   24
r  42   98   248   24
r  246   98   248   24
r  47   98   248   24
r  44   248   98   24
r  294   98   248   24
r  244   248   98   24
r  200   248   98   24
r  145   248   98   24
r  241   98   248   24
r  144   248   98   24
r  299   98   248   24
r  245   248   98   24
r  397   296   98   24
r  396   98   248   24
r  100   98   248   24
r  45   98   248   24
r  95   248   98   24
r  193   248   98   24
r  349   98   148   24
r  296   248   148   24
r  143   248   148   24
r  291   242   148   24
r  293   248   148   24
r  46   248   148   24
r  345   443   148   24
r  43   142   148   24
r  94   98   148   24
r  297   248   148   24
r  196   98   148   24
r  49   98   148   24
r  300   98   148   24
r  348   248   148   24
r  447   449   148   24
r  243   248   148   24
r  632   482   534   24
r  1902   2204   2253   24
r  1953   2253   2204   24
r  1954   2405   2253   24
r  1955   2253   2204   24
r  2006   2204   2253   24
r  1901   1903   2405   24
r  2109   2204   2253   24
r  2155   2204   2253   24
r  2110   2204   2253   24
r  2053   2204   2253   24
r  2311   2204   2253   24
r  2259   2253   2204   24
r  2304   2204   2253   24
r  2352   2204   2253   24
r  2353   2204   2253   24
r  2160   2253   2204   24
r  2001   2204   2253   24
r  2161   2204   2253   24
r  2460   2253   2204   24
r  2354   2253   2204   24
r  2107   2253   2204   24
r  2361   2253   2204   24
r  2357   2204   2253   24
r  2003   1902   2204   24
r  2004   2204   2253   24
r  2007   2253   2204   24
r  2060   1960   2253   24
r  2257   2204   2253   24
r  2158   2204   2253   24
r  2403   2204   2253   24
r  2111   2005   2253   24
r  2410   2253   2204   24
r  2351   2204   2253   24
r  2055   2004   2204   24
r  2151   2204   2253   24
r  2261   2210   2204   24
r  2255   2204   2253   24
r  2458   2253   2204   24
r  2453   2204   2253   24
r  2459   2253   2204   24
r  2358   2204   2405   24
r  2209   2253   2405   24
r  2411   2253   2405   24
r  2360   2253   2405   24
r  2059   2253   2405   24
r  2308   2204   2405   24
r  2162   2310   2405   24
r  1952   2204   2405   24
r  2402   2204   2405   24
r  2256   2204   2405   24
r  2153   2253   2405   24
r  2052   2204   2405   24
r  2056   2253   2405   24
r  2062   2253   2405   24
r  2307   2204   2405   24
r  2057   2253   2405   24
r  2005   2204   2405   24
r  2104   2253   2405   24
r  2310   2359   2405   24
r  2106   2204   2405   24
r  2211   2310   2405   24
r  2008   2204   2405   24
r  2010   1961   2405   24
r  2207   2253   2405   24
r  2312   2253   2405   24
r  1951   2253   2405   24
r  2108   2253   2405   24
r  2058   2204   2405   24
r  2054   2253   2405   24
r  933   832   1032   24
r  191   148   98   24
r  194   148   248   24
r  92   148   248   24
r  146   148   248   24
r  93   148   248   24
r  350   148   248   24
r  250   148   248   24
r  195   148   248   24
r  192   148   248   24
r  150   148   98   24
r  50   148   98   24
r  344   148   98   24
r  347   148   98   24
r  295   148   98   24
r  1624   1724   1725   24
r  686   637   634   24
r  2309   2405   2204   24
r  2359   2405   2204   24
r  2461   2405   2204   24
r  2258   2405   2204   24
r  2051   2405   2204   24
r  2457   2405   2204   24
r  2202   2405   2204   24
r  2452   2405   2204   24
r  1958   1956   2204   24
r  2159   2405   2204   24
r  2407   2405   2204   24
r  2251   2405   2204   24
r  2401   2405   2204   24
r  2201   2405   2204   24
r  2002   2405   2204   24
r  2210   2405   2204   24
r  2152   2405   2204   24
r  2456   2405   2253   24
r  2260   2405   2253   24
r  2212   2405   2253   24
r  2206   2405   2253   24
r  2101   2405   2253   24
r  2102   2405   2253   24
r  2305   2405   2253   24
r  2306   2405   2253   24
r  2408   2405   2253   24
r  2356   2405   2253   24
r  2301   2405   2253   24
r  2105   2405   2204   24
r  2208   2405   2204   24
r  2061   2405   2204   24
r  984   1033   933   24
r  1182   1233   1281   24
r  550   449   596   24
r  647   594   596   24
r  650   449   599   24
r  490   541   542   24
r  2462   2264   2365   24
r  2416   2467   2365   24
r  800   798   898   24
r  746   795   596   24
r  1870   1872   1771   24
r  1827   1778   1876   24
r  2463   2365   2264   24
r  2417   2365   2368   24
r  2215   2264   2365   24
r  2467   2264   2365   24
r  791   794   742   24
r  849   999   749   24
r  850   999   898   24
r  1049   1348   799   24
r  1829   1878   1827   24
r  1685   1636   1534   24
r  900   999   898   24
r  1587   1535   1487   24
r  1537   1588   1539   24
r  2372   2377   2271   24
r  2471   2271   2422   24
r  1141   1241   1348   24
r  1442   1439   1348   24
r  1094   1143   1348   24
r  1639   1538   1539   24
r  2423   2328   2271   24
r  2475   2372   2328   24
r  2222   2271   2174   24
r  1887   1936   1935   24
r  1696   1793   1743   24
r  2178   2328   2377   24
r  2179   2228   2328   24
r  2380   2384   2328   24
r  2038   1989   2340   24
r  1890   1892   1988   24
r  2277   2328   2377   24
r  2426   2377   2378   24
r  2049   2199   2392   24
r  2048   2299   2199   24
r  2199   2340   2392   24
r  2136   2340   2392   24
r  2037   2085   2340   24
r  2235   2392   2340   24
r  2382   2433   2384   24
r  2088   2340   2392   24
r  1891   1843   1840   24
r  2485   2433   2392   24
r  2398   2199   2392   24
r  2497   2199   2392   24
r  2347   2392   2199   24
r  2448   2199   2392   24
r  2148   2199   2340   24
r  2246   2199   2340   24
r  2146   2199   2340   24
r  2399   2299   2340   24
r  2498   2392   2340   24
r  1991   1993   2340   24
r  2093   2192   2340   24
r  2296   2392   2340   24
r  2042   1991   2340   24
r  2348   2392   2340   24
r  2149   2198   2340   24
r  2200   2448   2340   24
r  2499   2199   2340   24
r  2400   2299   2340   24
r  2299   2447   2340   24
r  2099   2199   2392   24
r  2095   2340   2392   24
r  2150   2392   2299   24
r  2449   2340   2392   24
r  2397   2299   2392   24
r  2196   2340   2392   24
r  2500   2299   2392   24
r  2247   2299   2392   24
r  2350   2148   2392   24
r  2447   2340   2199   24
r  2450   2392   2199   24
r  2484   2433   2384   24
r  2482   2384   2433   24
r  2044   2092   2392   24
r  2298   2340   2392   24
r  2250   2199   2392   24
r  1   104   56   25
r  51   56   207   25
r  2   104   56   25
r  101   207   104   25
r  52   207   56   25
r  3   56   207   25
r  407   104   56   25
r  355   56   104   25
r  306   56   104   25
r  405   104   56   25
r  62   164   56   25
r  107   104   56   25
r  457   104   56   25
r  454   104   56   25
r  8   104   56   25
r  158   56   104   25
r  152   56   104   25
r  303   104   56   25
r  102   56   104   25
r  356   56   104   25
r  109   56   104   25
r  352   104   56   25
r  602   56   505   25
r  404   56   104   25
r  507   560   104   25
r  705   603   56   25
r  204   104   207   25
r  11   56   207   25
r  453   104   207   25
r  456   56   207   25
r  202   104   207   25
r  201   56   207   25
r  403   56   207   25
r  305   56   207   25
r  358   56   207   25
r  451   56   207   25
r  357   104   207   25
r  253   104   207   25
r  256   56   207   25
r  205   104   207   25
r  259   56   207   25
r  351   56   207   25
r  155   56   207   25
r  553   505   207   25
r  309   211   207   25
r  164   56   207   25
r  504   602   207   25
r  552   56   207   25
r  111   211   207   25
r  262   310   207   25
r  607   560   207   25
r  353   104   207   25
r  53   104   207   25
r  254   56   207   25
r  301   56   207   25
r  654   603   207   25
r  551   505   207   25
r  556   56   207   25
r  261   310   207   25
r  255   56   207   25
r  604   505   207   25
r  655   56   207   25
r  651   56   207   25
r  310   263   207   25
r  505   603   207   25
r  406   207   104   25
r  209   207   104   25
r  506   207   104   25
r  302   207   104   25
r  402   207   104   25
r  401   207   104   25
r  7   207   104   25
r  151   207   104   25
r  252   207   104   25
r  258   207   104   25
r  501   207   104   25
r  354   207   104   25
r  502   207   56   25
r  163   207   56   25
r  60   207   56   25
r  251   207   56   25
r  554   207   56   25
r  203   207   56   25
r  304   207   56   25
r  113   207   56   25
r  601   603   56   25
r  653   505   56   25
r  701   603   56   25
r  606   505   56   25
r  153   207   56   25
r  608   408   560   25
r  751   802   803   25
r  64   13   116   25
r  65   116   13   25
r  14   116   117   25
r  363   360   264   25
r  907   959   858   25
r  851   902   854   25
r  1103   1152   902   25
r  1053   1101   902   25
r  18   169   70   25
r  317   416   268   25
r  368   269   416   25
r  71   69   169   25
r  21   120   169   25
r  1201   1303   1252   25
r  815   665   767   25
r  1305   1253   1252   25
r  1301   1253   1252   25
r  1401   1252   1253   25
r  1351   1253   1303   25
r  1451   1303   1253   25
r  1255   1303   1252   25
r  1453   1303   1253   25
r  127   230   135   25
r  324   223   226   25
r  474   276   422   25
r  624   673   626   25
r  1259   1210   1206   25
r  826   777   726   25
r  25   77   74   25
r  177   81   135   25
r  128   126   77   25
r  79   77   127   25
r  576   627   477   25
r  1408   1456   1457   25
r  1504   1651   1502   25
r  1601   1603   1552   25
r  1607   1656   1555   25
r  1119   1220   1070   25
r  179   77   135   25
r  80   77   137   25
r  134   136   137   25
r  38   137   81   25
r  130   77   137   25
r  37   81   137   25
r  36   137   135   25
r  35   81   135   25
r  335   386   135   25
r  384   332   135   25
r  383   331   135   25
r  433   482   135   25
r  1073   1124   1122   25
r  1605   1603   1607   25
r  1606   1608   1557   25
r  1652   1654   1603   25
r  1704   1753   2405   25
r  1803   1854   1651   25
r  1753   1903   1651   25
r  84   135   137   25
r  86   135   137   25
r  184   135   81   25
r  234   135   137   25
r  286   135   137   25
r  239   339   98   25
r  139   98   148   25
r  1220   1271   1268   25
r  1267   1316   1215   25
r  976   1027   1176   25
r  1802   1702   2405   25
r  1806   1855   1752   25
r  190   248   148   25
r  90   148   248   25
r  41   248   98   25
r  246   248   98   25
r  47   248   98   25
r  200   98   248   25
r  241   248   98   25
r  299   248   98   25
r  343   442   248   25
r  242   98   248   25
r  91   98   248   25
r  45   248   98   25
r  95   98   248   25
r  349   248   98   25
r  143   98   248   25
r  94   248   98   25
r  297   98   248   25
r  447   98   248   25
r  194   98   148   25
r  92   248   148   25
r  146   98   148   25
r  93   248   148   25
r  350   248   148   25
r  250   248   148   25
r  195   248   148   25
r  192   98   148   25
r  150   98   148   25
r  50   248   148   25
r  344   98   148   25
r  347   98   148   25
r  191   248   148   25
r  399   500   148   25
r  1324   1373   1326   25
r  1904   2253   2204   25
r  1905   2405   2253   25
r  1956   2253   2204   25
r  1953   2204   2253   25
r  2109   2253   2204   25
r  2155   2253   2204   25
r  2110   2253   2204   25
r  2053   2253   2204   25
r  2259   2204   2253   25
r  1955   2204   2253   25
r  2304   2253   2204   25
r  2409   2204   2253   25
r  2353   2253   2204   25
r  2160   2204   2253   25
r  2001   2253   2204   25
r  1902   2253   2204   25
r  2161   2253   2204   25
r  2107   2204   2253   25
r  2361   2204   2253   25
r  2357   2253   2204   25
r  2003   2204   2253   25
r  2454   2253   2204   25
r  2158   2253   2204   25
r  2410   2204   2253   25
r  2351   2253   2204   25
r  2055   2204   2253   25
r  2261   2204   2253   25
r  2255   2253   2204   25
r  2458   2204   2253   25
r  2453   2253   2204   25
r  1903   2204   2253   25
r  2358   2253   2204   25
r  2059   2204   2253   25
r  1952   2253   2204   25
r  2256   2253   2204   25
r  2153   2204   2253   25
r  2062   2111   2204   25
r  2057   2204   2253   25
r  2005   2253   2204   25
r  2108   2204   2253   25
r  1851   2253   2405   25
r  1954   2204   2405   25
r  2359   2253   2405   25
r  2461   2204   2405   25
r  2412   2253   2405   25
r  2258   2253   2405   25
r  2051   2204   2405   25
r  2457   2204   2405   25
r  2202   2204   2405   25
r  2452   2204   2405   25
r  2159   2204   2405   25
r  2407   2253   2405   25
r  2401   2204   2405   25
r  2201   2253   2405   25
r  2002   2253   2405   25
r  2210   2204   2405   25
r  2152   2253   2405   25
r  2456   2253   2405   25
r  2260   2204   2405   25
r  2206   2204   2405   25
r  2305   2253   2405   25
r  2306   2253   2405   25
r  2408   2204   2405   25
r  2356   2204   2405   25
r  2301   2253   2405   25
r  2061   2204   2405   25
r  2309   2253   2405   25
r  2101   2253   2405   25
r  2102   2253   2405   25
r  2208   2204   2405   25
r  1962   1913   2405   25
r  881   832   834   25
r  296   148   248   25
r  291   148   248   25
r  293   148   248   25
r  46   148   248   25
r  43   148   248   25
r  44   148   248   25
r  145   148   248   25
r  144   148   248   25
r  295   395   248   25
r  42   148   98   25
r  294   148   98   25
r  396   148   98   25
r  100   148   98   25
r  196   148   98   25
r  49   148   98   25
r  300   148   98   25
r  342   148   98   25
r  441   443   98   25
r  584   533   482   25
r  684   733   534   25
r  1326   1427   1426   25
r  1810   1759   1861   25
r  1667   1767   1616   25
r  2006   2405   2204   25
r  2354   2405   2253   25
r  2156   2405   2204   25
r  2009   2405   2204   25
r  2308   2405   2204   25
r  2112   2405   2204   25
r  2402   2405   2204   25
r  2052   2405   2204   25
r  2362   2405   2204   25
r  1901   2405   2204   25
r  2307   2405   2204   25
r  2451   2405   2204   25
r  2157   2405   2204   25
r  2211   2405   2204   25
r  2058   2405   2204   25
r  2352   2405   2204   25
r  2257   2405   2204   25
r  2151   2405   2204   25
r  2004   2405   2204   25
r  2007   2405   2253   25
r  2262   2405   2253   25
r  2459   2405   2253   25
r  2104   2405   2253   25
r  2207   2405   2253   25
r  2312   2405   2253   25
r  1951   2405   2253   25
r  2054   2405   2253   25
r  2105   2204   2253   25
r  2360   2405   2253   25
r  2056   2405   2253   25
r  2462   2413   2264   25
r  783   832   734   25
r  547   598   549   25
r  598   595   549   25
r  2463   2264   2365   25
r  2368   2365   2264   25
r  2467   2365   2264   25
r  1232   1283   1330   25
r  1036   1034   885   25
r  697   694   596   25
r  2268   2317   2271   25
r  1967   1868   1869   25
r  888   937   789   25
r  748   999   898   25
r  849   898   999   25
r  798   999   898   25
r  1000   898   899   25
r  900   898   999   25
r  896   845   795   25
r  1826   1778   1725   25
r  1827   1876   1778   25
r  1631   1682   1683   25
r  2218   2269   2271   25
r  2420   2371   2271   25
r  2372   2271   2377   25
r  2321   2422   2370   25
r  891   842   893   25
r  1731   1682   1683   25
r  2120   2171   2271   25
r  2323   2271   2377   25
r  1043   1144   1348   25
r  1093   1144   1348   25
r  1544   1541   1348   25
r  1391   1443   1348   25
r  1392   1443   1348   25
r  1646   1697   1348   25
r  2324   2377   2427   25
r  2327   2427   2275   25
r  2277   2275   2328   25
r  2181   2183   2377   25
r  2426   2378   2377   25
r  1438   1389   1537   25
r  1250   1348   1299   25
r  1800   1348   1900   25
r  1494   1545   1541   25
r  1978   2026   2076   25
r  1835   1937   1988   25
r  2176   2225   2328   25
r  2178   2377   2328   25
r  1898   2098   1847   25
r  1999   2199   2299   25
r  1744   1793   1746   25
r  2033   1935   2134   25
r  2183   2234   2131   25
r  1986   2137   2340   25
r  2382   2384   2392   25
r  2482   2433   2384   25
r  1849   1749   1898   25
r  2049   2299   2199   25
r  2000   2299   2392   25
r  2299   2340   2392   25
r  2035   2136   2340   25
r  2038   1938   2392   25
r  1989   2040   2392   25
r  2235   2238   2392   25
r  1995   2046   2392   25
r  1997   1797   2340   25
r  2048   1999   2340   25
r  2099   2392   2148   25
r  2050   2299   2392   25
r  2249   2448   2392   25
r  2298   2392   2340   25
r  2300   2199   2340   25
r  2197   2148   2392   25
r  2250   2392   2340   25
r  2297   2199   2392   25
r  2348   2340   2392   25
r  2248   2199   2340   25
r  2150   2199   2392   25
r  1993   2044   2340   25
r  2044   2392   2340   25
r  2137   2036   2392   25
r  2148   2299   2392   25
r  2296   2299   2392   25
r  2088   2137   2340   25
r  2095   2098   2340   25
r  2397   2392   2340   25
r  2196   2199   2340   25
r  2350   2392   2340   25
r  2447   2199   2340   25
r  2136   2392   2340   25
r  2198   2299   2340   25
r  2449   2392   2340   25
r  2500   2392   2340   25
r  2247   2392   2340   25
r  2246   2340   2199   25
r  2347   2340   2392   25
r  2399   2340   2392   25
r  2498   2340   2392   25
r  2042   2340   2392   25
r  2400   2340   2392   25
r  2096   2299   2392   25
r  2147   2299   2392   25
r  2450   2299   2392   25
r  1   56   104   26
r  51   207   56   26
r  2   207   104   26
r  101   104   207   26
r  52   104   207   26
r  3   207   56   26
r  61   104   56   26
r  306   104   56   26
r  405   56   104   26
r  62   56   104   26
r  107   56   104   26
r  457   56   104   26
r  458   608   104   26
r  58   56   104   26
r  5   56   104   26
r  152   104   56   26
r  303   56   104   26
r  102   104   56   26
r  260   309   56   26
r  356   104   56   26
r  9   56   104   26
r  4   56   104   26
r  210   110   104   26
r  602   505   56   26
r  404   104   56   26
r  204   56   104   26
r  11   104   56   26
r  456   104   56   26
r  202   56   104   26
r  305   104   56   26
r  451   104   56   26
r  155   104   56   26
r  504   56   104   26
r  552   603   56   26
r  53   56   104   26
r  301   104   56   26
r  551   56   104   26
r  255   104   56   26
r  651   505   56   26
r  406   56   207   26
r  506   104   207   26
r  302   104   207   26
r  402   104   207   26
r  401   56   207   26
r  160   211   207   26
r  7   56   207   26
r  151   104   207   26
r  252   56   207   26
r  258   104   207   26
r  501   56   207   26
r  307   56   207   26
r  112   56   207   26
r  354   56   207   26
r  605   56   207   26
r  502   56   207   26
r  163   56   207   26
r  60   104   207   26
r  251   56   207   26
r  554   603   207   26
r  203   104   207   26
r  304   56   207   26
r  601   505   207   26
r  653   56   207   26
r  606   603   207   26
r  153   56   207   26
r  508   510   207   26
r  263   161   207   26
r  557   510   207   26
r  362   264   207   26
r  209   56   207   26
r  560   460   207   26
r  312   310   207   26
r  510   561   207   26
r  201   207   56   26
r  403   207   56   26
r  254   207   56   26
r  358   207   56   26
r  256   207   56   26
r  259   207   56   26
r  351   207   56   26
r  158   207   56   26
r  109   207   56   26
r  455   207   104   26
r  159   207   104   26
r  110   207   104   26
r  357   207   104   26
r  205   207   104   26
r  309   207   104   26
r  353   207   104   26
r  161   207   104   26
r  556   207   56   26
r  704   603   56   26
r  311   309   56   26
r  63   116   117   26
r  114   13   116   26
r  14   65   116   26
r  15   117   13   26
r  216   264   116   26
r  660   662   711   26
r  801   803   854   26
r  852   953   854   26
r  904   902   852   26
r  1001   902   1103   26
r  851   953   902   26
r  18   70   69   26
r  69   20   71   26
r  1056   907   1206   26
r  1106   1207   1008   26
r  1353   1404   1253   26
r  1305   1252   1253   26
r  1401   1253   1252   26
r  1351   1252   1253   26
r  1451   1252   1303   26
r  1453   1253   1303   26
r  1255   1252   1303   26
r  1402   1303   1252   26
r  920   968   770   26
r  24   73   125   26
r  373   371   422   26
r  875   872   824   26
r  25   74   77   26
r  27   135   177   26
r  29   127   135   26
r  28   127   135   26
r  133   137   81   26
r  330   480   135   26
r  430   379   135   26
r  331   280   135   26
r  84   137   135   26
r  86   137   135   26
r  184   81   135   26
r  234   137   135   26
r  333   433   135   26
r  1023   1221   1171   26
r  1412   1410   1510   26
r  1554   1505   1603   26
r  1657   1608   1557   26
r  1653   1752   1602   26
r  1652   1603   1654   26
r  1751   1753   1651   26
r  1219   1168   1118   26
r  32   135   81   26
r  37   135   81   26
r  38   135   137   26
r  36   135   137   26
r  239   190   148   26
r  189   148   248   26
r  40   148   248   26
r  1801   2405   2253   26
r  90   248   148   26
r  142   148   248   26
r  41   98   248   26
r  47   98   248   26
r  241   98   248   26
r  242   248   98   26
r  91   248   98   26
r  45   98   248   26
r  349   98   248   26
r  243   98   248   26
r  194   248   98   26
r  146   248   98   26
r  150   248   98   26
r  344   445   98   26
r  347   248   98   26
r  296   98   148   26
r  293   98   148   26
r  446   345   148   26
r  46   248   148   26
r  44   98   148   26
r  145   98   148   26
r  144   98   148   26
r  295   98   148   26
r  294   248   148   26
r  396   248   148   26
r  100   248   148   26
r  300   98   148   26
r  394   345   148   26
r  497   445   148   26
r  43   98   148   26
r  42   98   148   26
r  49   98   148   26
r  400   448   148   26
r  1522   1473   1524   26
r  1473   1525   1475   26
r  1807   1856   1759   26
r  1852   2405   2204   26
r  1904   2405   2253   26
r  1905   2253   2405   26
r  1953   2253   2204   26
r  1906   2253   2204   26
r  2311   2253   2204   26
r  1955   2253   2204   26
r  1907   1860   2253   26
r  2353   2204   2253   26
r  2160   2253   2204   26
r  1902   2204   2253   26
r  2161   2204   2253   26
r  2460   2204   2253   26
r  2107   2253   2204   26
r  2357   2204   2253   26
r  2454   2204   2253   26
r  2351   2204   2253   26
r  2055   2253   2204   26
r  2458   2253   2204   26
r  2453   2204   2253   26
r  1903   2253   2204   26
r  2358   2204   2253   26
r  2010   1962   2204   26
r  1851   1903   2204   26
r  2461   2253   2204   26
r  2051   2253   2204   26
r  2202   2253   2204   26
r  2159   2253   2204   26
r  2201   2204   2253   26
r  2210   2253   2204   26
r  2152   2204   2253   26
r  2456   2204   2253   26
r  2260   2253   2204   26
r  2206   2253   2204   26
r  2305   2204   2253   26
r  2306   2204   2253   26
r  2408   2253   2204   26
r  2301   2204   2253   26
r  2309   2204   2253   26
r  2102   2204   2253   26
r  2208   2159   2204   26
r  2006   2253   2405   26
r  2156   2253   2405   26
r  2009   2204   2405   26
r  2308   2253   2405   26
r  2402   2204   2405   26
r  2052   2253   2405   26
r  2362   2253   2405   26
r  1901   2204   2405   26
r  2307   2204   2405   26
r  2251   2253   2405   26
r  2451   2253   2405   26
r  2157   2253   2405   26
r  2058   2204   2405   26
r  2352   2204   2405   26
r  2257   2253   2405   26
r  2151   2253   2405   26
r  2004   2204   2405   26
r  2007   2204   2405   26
r  2459   2204   2405   26
r  2104   2253   2405   26
r  2207   2204   2405   26
r  2312   2253   2405   26
r  1951   2204   2405   26
r  2054   2204   2405   26
r  2360   2204   2405   26
r  2056   2204   2405   26
r  2011   2013   2405   26
r  1959   1908   2405   26
r  1957   2253   2405   26
r  2354   2253   2405   26
r  1958   2204   2405   26
r  292   148   248   26
r  93   148   248   26
r  350   148   248   26
r  250   148   248   26
r  141   148   248   26
r  346   148   248   26
r  195   148   248   26
r  245   148   248   26
r  50   148   248   26
r  193   148   248   26
r  244   148   248   26
r  246   148   248   26
r  299   148   248   26
r  94   148   248   26
r  200   148   98   26
r  95   148   98   26
r  297   148   98   26
r  447   148   98   26
r  192   148   98   26
r  393   445   98   26
r  143   148   98   26
r  343   148   98   26
r  443   98   395   26
r  448   500   549   26
r  450   549   448   26
r  499   448   400   26
r  682   733   534   26
r  1910   1908   1759   26
r  1858   1759   1809   26
r  1717   1816   1666   26
r  1954   2405   2204   26
r  2356   2405   2204   26
r  2403   2405   2204   26
r  2407   2405   2253   26
r  2162   2405   2204   26
r  2457   2405   2204   26
r  2452   2405   2204   26
r  2401   2405   2204   26
r  2310   2405   2204   26
r  2106   2405   2204   26
r  2008   2405   2204   26
r  2060   2405   2204   26
r  2111   2405   2204   26
r  2259   2405   2204   26
r  2409   2405   2204   26
r  2361   2405   2204   26
r  2003   2405   2204   26
r  2059   2405   2204   26
r  2057   2405   2204   26
r  2108   2405   2204   26
r  2105   2156   2204   26
r  2410   2405   2204   26
r  2261   2405   2204   26
r  2153   2405   2204   26
r  2109   2405   2253   26
r  2155   2405   2253   26
r  2110   2405   2253   26
r  2053   2405   2253   26
r  2304   2405   2253   26
r  2001   2405   2253   26
r  2255   2405   2253   26
r  2209   2405   2253   26
r  2411   2405   2253   26
r  1952   2405   2253   26
r  2256   2405   2253   26
r  2005   2405   2253   26
r  2258   2405   2253   26
r  2002   2405   2253   26
r  2101   2405   2253   26
r  2359   2405   2253   26
r  2313   2416   2253   26
r  1964   2015   1913   26
r  2412   2405   2204   26
r  548   599   596   26
r  646   694   549   26
r  2463   2364   2264   26
r  886   938   935   26
r  750   549   898   26
r  749   798   898   26
r  740   693   742   26
r  1480   1531   1429   26
r  1232   1183   1281   26
r  1385   1432   1281   26
r  1482   1582   1583   26
r  2265   2365   2364   26
r  2464   2365   2364   26
r  2216   2267   2365   26
r  2266   2264   2315   26
r  2467   2264   2365   26
r  2368   2264   2365   26
r  986   934   937   26
r  999   899   1348   26
r  945   894   694   26
r  1825   1876   1879   26
r  1826   1725   1778   26
r  1733   1782   1582   26
r  949   898   799   26
r  1049   799   1348   26
r  1000   899   898   26
r  950   898   799   26
r  1050   1348   999   26
r  899   950   799   26
r  995   1145   1348   26
r  1535   1538   1539   26
r  2372   2377   2271   26
r  2320   2322   2271   26
r  2471   2422   2271   26
r  1250   1299   1348   26
r  1596   1547   1348   26
r  1342   1291   1348   26
r  1242   1245   1348   26
r  1341   1393   1348   26
r  1647   1596   1348   26
r  1536   1436   1487   26
r  2272   2371   2328   26
r  2423   2271   2377   26
r  1500   1348   1547   26
r  2225   2174   2377   26
r  2476   2377   2324   26
r  2324   2328   2377   26
r  1849   1898   1749   26
r  1695   1793   1945   26
r  1744   1746   1945   26
r  1984   2036   2340   26
r  2330   2332   2377   26
r  2178   2227   2377   26
r  2231   2131   2377   26
r  2049   2199   2340   26
r  2299   2392   2340   26
r  1950   2199   2392   26
r  1895   1843   1942   26
r  2034   2134   2340   26
r  2184   2135   2392   26
r  1987   1936   2340   26
r  1995   1997   2340   26
r  2048   2199   2392   26
r  2097   2148   2340   26
r  2099   2148   2340   26
r  2050   2392   2340   26
r  2199   2197   2340   26
r  2249   2392   2340   26
r  2298   2340   2392   26
r  2300   2340   2392   26
r  2348   2392   2340   26
r  2248   2340   2392   26
r  2150   2392   2340   26
r  2044   1991   2392   26
r  2334   2431   2392   26
r  2448   2392   2199   26
r  2136   2185   2392   26
r  2247   2199   2392   26
r  2197   2299   2340   26
r  2297   2299   2340   26
r  2098   2299   2340   26
r  2045   1994   2340   26
r  2347   2199   2340   26
r  2399   2199   2340   26
r  2498   2392   2340   26
r  2042   2093   2340   26
r  2096   2199   2340   26
r  2147   2199   2340   26
r  2450   2392   2340   26
r  2047   2148   2340   26
r  2246   2199   2340   26
r  2400   2392   2340   26
r  2086   2340   2392   26
r  2100   2299   2392   26
r  2087   2340   2392   26
r  2397   2340   2392   26
r  2350   2340   2392   26
r  2449   2340   2392   26
r  2500   2340   2392   26
r  1   207   56   27
r  51   104   207   27
r  2   104   207   27
r  101   207   104   27
r  52   56   104   27
r  3   104   207   27
r  403   56   207   27
r  307   207   56   27
r  254   56   207   27
r  153   207   56   27
r  502   207   56   27
r  351   56   207   27
r  401   207   56   27
r  354   207   56   27
r  252   207   56   27
r  406   207   56   27
r  405   207   56   27
r  457   207   56   27
r  58   207   56   27
r  303   207   56   27
r  204   207   56   27
r  202   207   56   27
r  357   56   207   27
r  205   56   207   27
r  309   56   207   27
r  353   56   207   27
r  161   56   207   27
r  306   56   104   27
r  308   207   104   27
r  8   56   104   27
r  152   207   104   27
r  356   207   104   27
r  404   56   104   27
r  456   56   104   27
r  305   207   104   27
r  253   56   104   27
r  155   56   104   27
r  302   207   104   27
r  258   207   104   27
r  601   56   104   27
r  61   207   104   27
r  59   56   104   27
r  102   207   104   27
r  352   207   104   27
r  452   207   104   27
r  11   56   104   27
r  607   207   104   27
r  110   104   207   27
r  159   104   207   27
r  455   104   207   27
r  555   603   207   27
r  162   211   207   27
r  158   104   207   27
r  109   104   207   27
r  201   104   207   27
r  358   104   207   27
r  256   104   207   27
r  556   457   207   27
r  259   104   207   27
r  311   211   207   27
r  62   104   56   27
r  107   104   56   27
r  359   207   56   27
r  5   104   56   27
r  408   560   56   27
r  9   104   56   27
r  210   104   56   27
r  507   104   56   27
r  504   104   56   27
r  111   212   56   27
r  262   207   56   27
r  53   104   56   27
r  551   104   56   27
r  261   259   56   27
r  655   505   56   27
r  310   207   56   27
r  501   104   56   27
r  112   207   56   27
r  605   207   56   27
r  251   104   56   27
r  304   104   56   27
r  653   604   56   27
r  557   207   56   27
r  209   104   56   27
r  312   207   56   27
r  459   560   56   27
r  355   104   56   27
r  4   104   56   27
r  410   207   56   27
r  213   211   56   27
r  361   412   56   27
r  263   207   56   27
r  703   56   207   27
r  603   56   207   27
r  652   56   207   27
r  509   558   207   27
r  460   408   207   27
r  559   458   207   27
r  411   360   207   27
r  264   211   207   27
r  608   460   207   27
r  558   560   207   27
r  701   56   207   27
r  704   56   207   27
r  412   363   207   27
r  752   854   902   27
r  802   854   902   27
r  804   752   856   27
r  15   116   117   27
r  415   417   367   27
r  801   902   803   27
r  1102   1054   854   27
r  1002   1103   854   27
r  16   13   117   27
r  1056   1008   1207   27
r  169   220   68   27
r  468   367   416   27
r  20   120   169   27
r  766   764   768   27
r  912   1011   864   27
r  1251   1303   1351   27
r  1307   1259   1207   27
r  1301   1303   1253   27
r  1452   1253   1252   27
r  1453   1303   1252   27
r  1402   1252   1303   27
r  1401   1252   1253   27
r  24   77   76   27
r  77   74   135   27
r  1601   1752   1603   27
r  1603   1654   1752   27
r  25   125   74   27
r  27   177   135   27
r  824   873   771   27
r  1652   1752   2204   27
r  1604   1552   1752   27
r  1653   1602   1752   27
r  1605   1607   1658   27
r  1706   1757   1658   27
r  228   77   137   27
r  34   81   137   27
r  335   384   137   27
r  234   136   137   27
r  32   137   135   27
r  381   432   135   27
r  37   137   135   27
r  286   137   135   27
r  38   137   135   27
r  36   137   135   27
r  132   232   81   27
r  1170   1122   1118   27
r  1802   2405   2253   27
r  133   135   137   27
r  184   135   81   27
r  235   135   81   27
r  88   135   81   27
r  83   135   81   27
r  239   148   248   27
r  139   142   248   27
r  40   248   148   27
r  879   828   779   27
r  1026   926   1075   27
r  1851   2204   2253   27
r  1852   2204   2405   27
r  1904   2253   2405   27
r  1956   2405   2253   27
r  2262   2253   2405   27
r  2411   2253   2405   27
r  1957   2405   2253   27
r  2258   2253   2405   27
r  2354   2405   2253   27
r  2407   2253   2405   27
r  2006   2405   2253   27
r  2155   2253   2405   27
r  2156   2405   2253   27
r  2158   2405   2253   27
r  2256   2253   2405   27
r  2052   2405   2253   27
r  2062   2405   2253   27
r  2112   2253   2405   27
r  2110   2253   2405   27
r  1953   2405   2253   27
r  1906   2405   2253   27
r  1955   2405   2253   27
r  2059   2253   2405   27
r  2162   2253   2405   27
r  2008   2253   2405   27
r  2202   2405   2253   27
r  2401   2253   2405   27
r  2206   2405   2253   27
r  2356   2253   2405   27
r  2105   2253   2405   27
r  2457   2253   2405   27
r  2260   2405   2253   27
r  1907   2405   2204   27
r  1902   2253   2204   27
r  2161   2405   2204   27
r  2460   2253   2204   27
r  2454   2253   2204   27
r  2351   2405   2204   27
r  2453   2253   2204   27
r  2358   2253   2204   27
r  2201   2405   2204   27
r  2152   2253   2204   27
r  2456   2253   2204   27
r  2305   2405   2204   27
r  2301   2253   2204   27
r  2061   2405   2204   27
r  2309   2253   2204   27
r  2009   2405   2204   27
r  2402   2405   2204   27
r  1901   2253   2204   27
r  2307   2253   2204   27
r  2058   2253   2204   27
r  2004   2253   2204   27
r  2007   2405   2204   27
r  2459   2253   2204   27
r  2207   2405   2204   27
r  1951   2405   2204   27
r  2054   2405   2204   27
r  2360   2405   2204   27
r  2056   2405   2204   27
r  2357   2405   2204   27
r  2306   2405   2204   27
r  2102   2405   2204   27
r  2352   2253   2204   27
r  2353   2253   2204   27
r  2311   2204   2253   27
r  2160   2204   2253   27
r  2107   2204   2253   27
r  2055   2204   2253   27
r  2458   2204   2253   27
r  1903   2204   2253   27
r  2010   2204   2253   27
r  2461   2204   2253   27
r  2051   2204   2253   27
r  2210   2204   2253   27
r  2408   2204   2253   27
r  2208   2204   2253   27
r  2308   2204   2253   27
r  2362   2204   2253   27
r  2251   2204   2253   27
r  2451   2204   2253   27
r  2157   2204   2253   27
r  2257   2204   2253   27
r  2151   2204   2253   27
r  2104   2204   2253   27
r  1954   2204   2405   27
r  2403   2204   2405   27
r  2452   2204   2405   27
r  2106   2204   2405   27
r  2211   2204   2405   27
r  2060   2204   2405   27
r  2259   2204   2405   27
r  2057   2204   2405   27
r  2108   2204   2405   27
r  2410   2204   2405   27
r  2261   2204   2405   27
r  2053   2204   2405   27
r  2304   2204   2405   27
r  2001   2204   2405   27
r  2255   2204   2405   27
r  2209   2204   2405   27
r  2005   2204   2405   27
r  2101   2204   2405   27
r  2359   2204   2405   27
r  1960   1911   2405   27
r  2310   2204   2405   27
r  2212   2204   2405   27
r  2409   2204   2405   27
r  2361   2204   2405   27
r  2153   2204   2405   27
r  2109   2204   2405   27
r  2002   2204   2405   27
r  240   98   248   27
r  190   148   248   27
r  90   98   248   27
r  140   148   248   27
r  41   148   98   27
r  242   98   248   27
r  45   248   98   27
r  345   98   248   27
r  243   248   98   27
r  146   98   248   27
r  347   98   248   27
r  399   549   98   27
r  293   248   98   27
r  446   98   248   27
r  294   98   248   27
r  100   98   248   27
r  394   443   98   27
r  43   248   98   27
r  292   248   148   27
r  93   248   148   27
r  250   98   148   27
r  291   98   148   27
r  141   98   148   27
r  346   98   148   27
r  195   98   148   27
r  50   98   148   27
r  193   98   148   27
r  244   98   148   27
r  246   248   148   27
r  299   98   148   27
r  196   248   148   27
r  200   98   148   27
r  95   98   148   27
r  297   248   148   27
r  447   248   148   27
r  192   98   148   27
r  143   98   148   27
r  343   248   148   27
r  142   98   148   27
r  496   596   148   27
r  350   248   148   27
r  245   98   148   27
r  94   98   148   27
r  449   549   148   27
r  342   98   148   27
r  1475   1524   1426   27
r  681   781   834   27
r  1419   1471   1517   27
r  1908   1960   1759   27
r  2113   2212   2253   27
r  1857   1859   1809   27
r  390   341   437   27
r  241   148   98   27
r  92   148   248   27
r  348   148   248   27
r  549   500   596   27
r  46   148   248   27
r  191   148   248   27
r  397   148   248   27
r  91   148   248   27
r  194   148   248   27
r  150   148   248   27
r  47   148   98   27
r  349   148   98   27
r  44   148   98   27
r  145   148   98   27
r  144   148   98   27
r  295   148   98   27
r  300   148   98   27
r  49   148   98   27
r  398   549   98   27
r  296   148   98   27
r  42   148   98   27
r  450   448   549   27
r  732   683   834   27
r  2214   2216   2365   27
r  2414   2264   2315   27
r  2265   2364   2365   27
r  2317   2266   2365   27
r  2464   2364   2365   27
r  2266   2315   2264   27
r  2467   2266   2264   27
r  650   599   596   27
r  600   449   596   27
r  783   883   832   27
r  1579   1531   1532   27
r  735   634   737   27
r  736   885   785   27
r  2418   2264   2271   27
r  750   898   799   27
r  695   746   596   27
r  1379   1330   1281   27
r  1969   1918   2017   27
r  2068   2168   1969   27
r  849   999   898   27
r  947   999   1348   27
r  1827   1878   1879   27
r  1634   1682   1582   27
r  2272   2372   2377   27
r  2170   2172   2273   27
r  2423   2475   2328   27
r  2473   2271   2328   27
r  900   999   898   27
r  950   999   898   27
r  994   943   1348   27
r  840   940   789   27
r  940   841   891   27
r  1779   1728   1879   27
r  1633   1582   1681   27
r  1686   1785   1737   27
r  2273   2271   2377   27
r  2121   2070   2172   27
r  2476   2324   2377   27
r  1091   1040   1348   27
r  1500   1547   1348   27
r  1698   1647   1348   27
r  1493   1541   1348   27
r  1595   1646   1348   27
r  1594   1646   1348   27
r  1590   1539   1348   27
r  2177   2225   2377   27
r  2274   2377   2328   27
r  2128   2028   2328   27
r  2330   2131   2328   27
r  2478   2328   2429   27
r  1148   1348   1199   27
r  1592   1541   1594   27
r  1540   1492   1390   27
r  1935   1836   2340   27
r  2481   2384   2331   27
r  2381   2433   2392   27
r  2332   2431   2392   27
r  1747   1698   1749   27
r  1694   1743   1945   27
r  1799   1899   1900   27
r  1850   1749   1899   27
r  1692   1744   1945   27
r  2083   2034   2340   27
r  2234   2334   2392   27
r  2482   2384   2392   27
r  2284   2384   2392   27
r  1849   1749   1898   27
r  1899   1749   1847   27
r  1947   1945   2392   27
r  1999   1749   2340   27
r  1998   2299   2340   27
r  2035   2340   2392   27
r  2135   2083   2392   27
r  1987   2340   2392   27
r  1989   2392   2340   27
r  2085   2137   2392   27
r  2448   2199   2392   27
r  2249   2148   2392   27
r  2150   2299   2392   27
r  2047   2199   2392   27
r  2050   2199   2392   27
r  2000   2199   2340   27
r  2046   1997   2340   27
r  2298   2148   2340   27
r  2300   2392   2340   27
r  2248   2392   2340   27
r  2100   2392   2340   27
r  2087   2085   2340   27
r  2397   2199   2340   27
r  2350   2392   2340   27
r  2449   2199   2340   27
r  2500   2199   2340   27
r  2483   2431   2382   27
r  2399   2340   2199   27
r  2299   2340   2392   27
r  2097   2340   2392   27
r  2099   2340   2392   27
r  2250   2340   2392   27
r  2348   2340   2392   27
r  1991   2340   2392   27
r  2098   2340   2392   27
r  2498   2340   2392   27
r  2450   2340   2392   27
r  2400   2340   2392   27
r  1997   2340   2392   27
r  1   56   207   28
r  51   207   104   28
r  2   207   104   28
r  101   104   207   28
r  52   104   56   28
r  502   56   207   28
r  351   207   56   28
r  354   56   207   28
r  252   56   207   28
r  7   207   56   28
r  457   56   207   28
r  58   56   207   28
r  202   56   207   28
r  353   207   56   28
r  306   207   56   28
r  8   207   56   28
r  356   56   207   28
r  404   207   56   28
r  456   207   56   28
r  253   207   56   28
r  61   56   207   28
r  10   207   104   28
r  160   207   104   28
r  151   207   104   28
r  407   56   104   28
r  60   56   104   28
r  203   56   104   28
r  606   207   104   28
r  158   207   104   28
r  109   207   104   28
r  602   207   104   28
r  451   56   104   28
r  301   56   104   28
r  9   207   104   28
r  304   56   104   28
r  355   56   104   28
r  162   207   104   28
r  705   207   104   28
r  201   56   104   28
r  256   207   104   28
r  62   56   104   28
r  504   207   104   28
r  459   207   104   28
r  59   104   56   28
r  458   104   56   28
r  409   560   56   28
r  11   104   56   28
r  155   104   56   28
r  163   211   56   28
r  601   104   56   28
r  510   559   56   28
r  254   104   56   28
r  205   104   56   28
r  309   104   56   28
r  161   104   56   28
r  357   104   56   28
r  307   104   207   28
r  153   104   207   28
r  401   104   207   28
r  406   104   207   28
r  405   104   207   28
r  303   104   207   28
r  308   104   207   28
r  305   104   207   28
r  302   104   207   28
r  258   104   207   28
r  102   104   207   28
r  352   104   207   28
r  452   104   207   28
r  607   104   207   28
r  211   56   207   28
r  702   56   207   28
r  359   56   207   28
r  310   313   207   28
r  112   56   207   28
r  605   505   207   28
r  410   56   207   28
r  361   56   207   28
r  263   111   207   28
r  204   104   207   28
r  360   211   207   28
r  152   104   207   28
r  215   113   207   28
r  262   56   207   28
r  557   56   207   28
r  312   56   207   28
r  462   411   207   28
r  512   510   207   28
r  754   505   207   28
r  656   603   207   28
r  657   659   207   28
r  603   207   56   28
r  652   207   56   28
r  704   207   56   28
r  412   207   56   28
r  362   207   56   28
r  460   207   56   28
r  559   207   56   28
r  363   264   56   28
r  706   603   856   28
r  16   116   14   28
r  904   852   902   28
r  1101   1103   902   28
r  616   618   664   28
r  1052   902   854   28
r  419   368   367   28
r  19   120   169   28
r  864   813   962   28
r  221   172   120   28
r  1201   1253   1303   28
r  819   870   770   28
r  868   870   770   28
r  1209   1308   1206   28
r  174   226   77   28
r  1251   1351   1303   28
r  1301   1253   1303   28
r  1452   1303   1253   28
r  1354   1303   1252   28
r  1401   1253   1252   28
r  1404   1303   1252   28
r  1352   1252   1304   28
r  1204   1252   1253   28
r  1402   1253   1404   28
r  1306   1252   1303   28
r  226   277   77   28
r  325   174   277   28
r  1412   1510   1312   28
r  79   125   135   28
r  1552   1651   1752   28
r  1554   1651   1502   28
r  1507   1404   1458   28
r  231   280   137   28
r  82   129   137   28
r  86   81   137   28
r  133   137   135   28
r  235   137   135   28
r  88   81   135   28
r  83   81   135   28
r  89   98   135   28
r  432   483   135   28
r  481   383   135   28
r  184   137   135   28
r  1020   1121   1072   28
r  477   428   577   28
r  1854   1752   1651   28
r  180   135   137   28
r  32   135   137   28
r  35   135   81   28
r  84   135   137   28
r  236   135   81   28
r  234   135   81   28
r  286   135   137   28
r  36   135   137   28
r  40   148   248   28
r  90   248   98   28
r  1167   1164   1118   28
r  978   927   879   28
r  1904   2204   2253   28
r  190   98   148   28
r  140   98   148   28
r  41   98   148   28
r  444   345   248   28
r  146   248   98   28
r  344   98   248   28
r  347   248   98   28
r  293   98   248   28
r  100   248   98   28
r  43   98   248   28
r  292   98   248   28
r  93   98   248   28
r  346   248   98   28
r  244   248   98   28
r  299   248   98   28
r  192   248   98   28
r  245   248   98   28
r  92   248   148   28
r  348   248   148   28
r  46   248   148   28
r  445   345   148   28
r  397   248   148   28
r  91   248   148   28
r  194   98   148   28
r  150   248   148   28
r  47   98   148   28
r  349   98   148   28
r  44   248   148   28
r  145   98   148   28
r  144   98   148   28
r  295   98   148   28
r  300   98   148   28
r  49   98   148   28
r  296   248   148   28
r  42   248   148   28
r  395   444   148   28
r  191   248   148   28
r  398   98   148   28
r  1370   1471   1469   28
r  1078   1176   1175   28
r  1852   2405   2204   28
r  1905   2204   2253   28
r  1807   1758   1809   28
r  1851   2253   2204   28
r  2262   2405   2253   28
r  1957   2253   2405   28
r  2354   2253   2405   28
r  2407   2405   2253   28
r  2006   2253   2405   28
r  2155   2405   2253   28
r  2156   2253   2405   28
r  2256   2405   2253   28
r  2052   2253   2405   28
r  2062   2253   2405   28
r  2112   2405   2253   28
r  2110   2405   2253   28
r  1955   2253   2405   28
r  2003   2253   2405   28
r  2059   2405   2253   28
r  2162   2405   2253   28
r  2412   2264   2253   28
r  2356   2405   2253   28
r  2105   2405   2253   28
r  2457   2405   2253   28
r  2260   2253   2405   28
r  2152   2405   2253   28
r  2061   2211   2405   28
r  2309   2405   2253   28
r  2009   2253   2405   28
r  2402   2253   2405   28
r  1901   2405   2253   28
r  2058   2405   2253   28
r  2004   2405   2253   28
r  1951   2253   2405   28
r  2306   2253   2405   28
r  2352   2405   2253   28
r  2311   2405   2204   28
r  2160   2405   2204   28
r  2055   2253   2204   28
r  2458   2253   2204   28
r  1903   2253   2204   28
r  2210   2405   2204   28
r  2408   2253   2204   28
r  2208   2253   2204   28
r  2308   2253   2204   28
r  2251   2253   2204   28
r  2451   2253   2204   28
r  2157   2253   2204   28
r  2257   2253   2204   28
r  2151   2253   2204   28
r  2104   2405   2204   28
r  1959   2010   2204   28
r  1958   2405   2204   28
r  1954   2253   2204   28
r  2403   2405   2204   28
r  2452   2405   2204   28
r  2106   2253   2204   28
r  2211   2405   2204   28
r  2060   2253   2204   28
r  2259   2405   2204   28
r  2057   2405   2204   28
r  2108   2253   2204   28
r  2410   2405   2204   28
r  2053   2253   2204   28
r  2304   2405   2204   28
r  2001   2405   2204   28
r  2255   2253   2204   28
r  2209   2253   2204   28
r  2005   2253   2204   28
r  2101   2405   2204   28
r  2359   2405   2204   28
r  2310   2405   2204   28
r  2361   2253   2204   28
r  2153   2253   2204   28
r  2109   2405   2204   28
r  2113   2253   2204   28
r  2107   2405   2204   28
r  2010   2253   2204   28
r  2261   2405   2204   28
r  2409   2405   2204   28
r  2002   2253   2204   28
r  2051   2253   2204   28
r  2353   2204   2253   28
r  1902   2204   2253   28
r  2454   2204   2253   28
r  2453   2204   2253   28
r  2358   2204   2253   28
r  2159   2204   2253   28
r  2456   2204   2253   28
r  2301   2204   2253   28
r  1962   1964   1913   28
r  2307   2204   2253   28
r  2459   2204   2253   28
r  2401   2204   2253   28
r  2008   2204   2253   28
r  2411   2204   2253   28
r  2258   2204   2253   28
r  2158   2204   2405   28
r  1953   2204   2405   28
r  1906   2204   2405   28
r  2161   2204   2405   28
r  2351   2204   2405   28
r  2305   2204   2405   28
r  2007   2204   2405   28
r  2207   2204   2405   28
r  2054   2204   2405   28
r  2360   2204   2405   28
r  2056   2204   2405   28
r  2357   2204   2405   28
r  2102   2204   2405   28
r  1952   2204   2405   28
r  2111   2204   2405   28
r  2202   2204   2405   28
r  2201   2204   2405   28
r  1907   2204   2405   28
r  1809   1910   1758   28
r  438   487   340   28
r  350   148   248   28
r  246   148   248   28
r  396   148   248   28
r  196   148   248   28
r  297   148   248   28
r  45   148   248   28
r  242   148   98   28
r  345   148   98   28
r  446   148   98   28
r  294   148   98   28
r  250   148   98   28
r  141   148   98   28
r  195   148   98   28
r  50   148   98   28
r  193   148   98   28
r  200   148   98   28
r  95   148   98   28
r  143   148   98   28
r  94   148   98   28
r  443   495   98   28
r  499   400   98   28
r  142   148   98   28
r  449   148   98   28
r  392   493   98   28
r  832   834   733   28
r  599   597   694   28
r  650   596   597   28
r  1082   1033   1031   28
r  2414   2315   2264   28
r  1916   1865   1868   28
r  699   549   596   28
r  750   799   898   28
r  698   696   596   28
r  696   694   596   28
r  747   795   596   28
r  1429   1380   1281   28
r  1231   1282   1330   28
r  2217   2168   2365   28
r  946   898   1348   28
r  2368   2365   2271   28
r  948   1049   1348   28
r  1138   1187   1237   28
r  1783   1682   1683   28
r  1148   1199   1348   28
r  1697   1648   1348   28
r  1494   1543   1348   28
r  1591   1443   1348   28
r  1881   1981   1982   28
r  2223   2271   2377   28
r  2273   2171   2328   28
r  2174   2273   2176   28
r  1696   1743   1945   28
r  1793   1745   1945   28
r  1884   1988   2340   28
r  1935   1986   2392   28
r  2324   2427   2328   28
r  2176   2173   2377   28
r  2478   2429   2328   28
r  1798   1898   1849   28
r  1849   1898   1749   28
r  1899   1999   1749   28
r  2132   2134   2183   28
r  1837   1937   2340   28
r  2281   2234   2392   28
r  2381   2392   2340   28
r  2331   2384   2340   28
r  2332   2392   2340   28
r  1947   2392   2340   28
r  1999   2340   2392   28
r  1998   2340   2392   28
r  2034   2340   2392   28
r  2084   2135   2340   28
r  2134   2082   2340   28
r  2035   1986   2340   28
r  2036   1985   2392   28
r  2037   2137   2392   28
r  1993   2092   2392   28
r  2045   2043   2392   28
r  2046   2097   2392   28
r  2300   2399   2392   28
r  2100   2199   2392   28
r  2350   2199   2392   28
r  2284   2392   2340   28
r  2399   2199   2340   28
r  2097   2199   2340   28
r  2099   2299   2340   28
r  2250   2299   2340   28
r  2348   2392   2340   28
r  2098   2392   2340   28
r  2498   2199   2340   28
r  2450   2392   2340   28
r  2400   2199   2340   28
r  1997   2097   2340   28
r  1996   1947   2340   28
r  2299   2392   2340   28
r  2248   2340   2392   28
r  2484   2431   2392   28
r  2434   2431   2392   28
r  1992   1990   2392   28
r  1   207   56   29
r  51   104   207   29
r  2   56   207   29
r  52   56   104   29
r  403   207   56   29
r  502   207   56   29
r  354   207   56   29
r  457   207   56   29
r  58   207   56   29
r  202   207   56   29
r  353   56   207   29
r  306   56   207   29
r  8   56   207   29
r  356   207   56   29
r  456   56   207   29
r  253   56   207   29
r  61   207   56   29
r  10   56   207   29
r  151   56   207   29
r  407   207   56   29
r  158   56   207   29
r  451   207   56   29
r  304   207   56   29
r  355   207   56   29
r  459   56   207   29
r  212   56   104   29
r  59   56   104   29
r  107   207   104   29
r  5   207   104   29
r  503   56   104   29
r  255   56   104   29
r  110   207   104   29
r  357   56   104   29
r  307   56   104   29
r  153   207   104   29
r  401   56   104   29
r  406   56   104   29
r  405   207   104   29
r  303   56   104   29
r  305   207   104   29
r  102   207   104   29
r  352   207   104   29
r  452   56   104   29
r  152   56   104   29
r  161   56   104   29
r  259   56   104   29
r  308   207   104   29
r  510   56   104   29
r  160   104   207   29
r  162   104   207   29
r  606   104   207   29
r  109   104   207   29
r  602   104   207   29
r  256   104   207   29
r  9   104   207   29
r  504   104   207   29
r  351   104   207   29
r  404   104   207   29
r  704   505   207   29
r  412   211   207   29
r  7   104   207   29
r  362   214   207   29
r  559   508   207   29
r  363   314   207   29
r  252   104   56   29
r  60   104   56   29
r  203   104   56   29
r  301   104   56   29
r  201   104   56   29
r  461   560   56   29
r  164   207   56   29
r  508   207   56   29
r  703   207   56   29
r  558   207   56   29
r  701   505   56   29
r  607   207   56   29
r  211   310   56   29
r  112   207   56   29
r  410   207   56   29
r  262   211   56   29
r  557   207   56   29
r  462   413   56   29
r  755   856   56   29
r  560   511   56   29
r  702   505   56   29
r  360   309   56   29
r  652   56   207   29
r  460   56   207   29
r  511   459   207   29
r  610   612   207   29
r  313   362   207   29
r  603   56   207   29
r  751   902   854   29
r  316   218   416   29
r  954   852   854   29
r  1101   1052   854   29
r  16   117   116   29
r  119   67   71   29
r  467   367   618   29
r  18   120   169   29
r  468   319   367   29
r  914   862   962   29
r  766   768   764   29
r  1301   1303   1253   29
r  1453   1404   1651   29
r  1401   1303   1253   29
r  1305   1253   1252   29
r  1351   1303   1252   29
r  1352   1304   1252   29
r  1354   1252   1303   29
r  1452   1252   1303   29
r  24   76   77   29
r  1013   1112   1064   29
r  176   174   135   29
r  74   125   77   29
r  274   276   226   29
r  26   77   135   29
r  923   823   872   29
r  1601   1552   1752   29
r  1653   1702   1651   29
r  1457   1455   1355   29
r  1557   1706   1656   29
r  30   77   137   29
r  33   137   81   29
r  281   330   137   29
r  86   137   81   29
r  133   81   137   29
r  235   81   137   29
r  180   137   135   29
r  32   81   135   29
r  35   81   135   29
r  84   81   135   29
r  236   137   135   29
r  234   137   135   29
r  286   235   135   29
r  36   137   135   29
r  431   330   135   29
r  1855   1956   2253   29
r  1853   2405   2204   29
r  1904   2253   2204   29
r  1656   1707   1607   29
r  184   135   137   29
r  181   135   81   29
r  34   135   81   29
r  334   135   137   29
r  37   135   137   29
r  433   135   137   29
r  139   248   98   29
r  40   248   148   29
r  828   876   879   29
r  1269   1318   1118   29
r  1318   1420   1517   29
r  1175   1127   1076   29
r  976   1176   1075   29
r  1366   1517   1415   29
r  1957   2405   2253   29
r  2354   2405   2253   29
r  2407   2253   2405   29
r  2156   2405   2253   29
r  2052   2405   2253   29
r  2062   2405   2113   29
r  1955   2405   2253   29
r  2356   2253   2405   29
r  2105   2253   2405   29
r  2457   2253   2405   29
r  2460   2405   2253   29
r  2152   2253   2405   29
r  2309   2253   2405   29
r  2402   2405   2253   29
r  2058   2253   2405   29
r  1951   2405   2253   29
r  2306   2405   2253   29
r  1851   2405   2253   29
r  2311   2253   2405   29
r  2160   2253   2405   29
r  2055   2405   2253   29
r  2308   2405   2253   29
r  2251   2405   2253   29
r  2157   2405   2253   29
r  1959   2405   2253   29
r  1958   2253   2405   29
r  1954   2405   2253   29
r  2211   2253   2405   29
r  2060   2405   2253   29
r  2108   2405   2253   29
r  2053   2405   2253   29
r  2101   2253   2405   29
r  2359   2253   2405   29
r  2361   2405   2253   29
r  2153   2405   2253   29
r  2107   2253   2405   29
r  2010   2405   2253   29
r  2409   2253   2405   29
r  2002   2405   2253   29
r  1905   2405   2204   29
r  2353   2253   2204   29
r  1902   2405   2204   29
r  2454   2405   2204   29
r  2453   2405   2204   29
r  2358   2253   2204   29
r  2461   2405   2204   29
r  2159   2253   2204   29
r  2456   2253   2204   29
r  2301   2405   2204   29
r  2362   2253   2204   29
r  2307   2405   2204   29
r  2459   2253   2204   29
r  2401   2405   2204   29
r  2411   2405   2204   29
r  2258   2253   2204   29
r  2212   2405   2204   29
r  2158   2405   2204   29
r  1953   2405   2204   29
r  2161   2405   2204   29
r  2305   2405   2204   29
r  2007   2253   2204   29
r  2207   2405   2204   29
r  2054   2253   2204   29
r  2360   2405   2204   29
r  2056   2405   2204   29
r  2357   2405   2204   29
r  2102   2253   2204   29
r  1952   2405   2204   29
r  2111   2253   2204   29
r  2202   2405   2204   29
r  2201   2253   2204   29
r  1909   1809   2204   29
r  2008   2253   2204   29
r  2351   2253   2204   29
r  1907   2253   2204   29
r  2463   2264   2204   29
r  1906   2253   2204   29
r  1852   2204   2405   29
r  1807   1759   1758   29
r  2458   2204   2253   29
r  1903   2204   2253   29
r  2051   2204   2253   29
r  2408   2204   2253   29
r  2208   2204   2253   29
r  2451   2204   2253   29
r  2257   2204   2253   29
r  2151   2204   2253   29
r  2312   2204   2253   29
r  2106   2204   2253   29
r  2255   2204   2253   29
r  2209   2204   2253   29
r  2005   2204   2253   29
r  2003   2204   2253   29
r  2260   2204   2253   29
r  2061   2204   2253   29
r  2006   2204   2253   29
r  2009   2204   2253   29
r  1956   2204   2405   29
r  2155   2204   2405   29
r  2256   2204   2405   29
r  2110   2204   2405   29
r  2206   2204   2405   29
r  1901   2204   2405   29
r  2004   2204   2405   29
r  2352   2204   2405   29
r  2210   2204   2405   29
r  2104   2204   2405   29
r  2403   2204   2405   29
r  2452   2204   2405   29
r  2259   2204   2405   29
r  2057   2204   2405   29
r  2410   2204   2405   29
r  2304   2204   2405   29
r  2001   2204   2405   29
r  2310   2204   2405   29
r  2261   2204   2405   29
r  2059   2204   2405   29
r  2109   2204   2405   29
r  240   148   98   29
r  190   148   98   29
r  140   148   98   29
r  41   248   98   29
r  146   98   248   29
r  344   248   98   29
r  100   98   248   29
r  244   98   248   29
r  192   98   248   29
r  343   98   248   29
r  496   544   98   29
r  245   98   248   29
r  92   98   248   29
r  348   98   248   29
r  445   98   248   29
r  194   248   98   29
r  349   248   98   29
r  144   248   98   29
r  300   248   98   29
r  296   98   248   29
r  350   248   148   29
r  246   98   148   29
r  396   248   148   29
r  196   98   148   29
r  297   98   148   29
r  45   248   148   29
r  242   98   148   29
r  345   98   148   29
r  446   248   148   29
r  294   98   148   29
r  250   248   148   29
r  141   248   148   29
r  195   98   148   29
r  50   98   148   29
r  193   98   148   29
r  200   98   148   29
r  95   98   148   29
r  143   98   148   29
r  94   248   148   29
r  142   248   148   29
r  449   98   148   29
r  393   395   148   29
r  388   439   488   29
r  91   148   248   29
r  1369   1469   1517   29
r  2113   2204   2253   29
r  439   390   339   29
r  395   148   248   29
r  46   148   248   29
r  191   148   248   29
r  397   148   248   29
r  150   148   248   29
r  243   148   248   29
r  44   148   248   29
r  394   148   248   29
r  42   148   248   29
r  399   148   248   29
r  347   148   248   29
r  346   148   248   29
r  299   148   248   29
r  444   148   98   29
r  400   148   98   29
r  291   148   98   29
r  47   148   98   29
r  145   148   98   29
r  295   148   98   29
r  49   148   98   29
r  398   148   98   29
r  498   449   98   29
r  93   148   98   29
r  292   148   98   29
r  392   98   248   29
r  500   400   549   29
r  1519   1568   1619   29
r  2367   2264   2271   29
r  2215   2315   2264   29
r  2015   2066   2017   29
r  550   596   499   29
r  700   599   596   29
r  784   735   782   29
r  1180   1281   1330   29
r  2417   2368   2271   29
r  650   549   596   29
r  985   1034   933   29
r  1134   1085   1083   29
r  1532   1581   1583   29
r  2420   2372   2369   29
r  898   846   1348   29
r  1037   986   937   29
r  1780   1778   1881   29
r  1633   1635   1582   29
r  949   1000   898   29
r  798   898   999   29
r  1683   1582   1534   29
r  2177   2377   2328   29
r  2274   2176   2377   29
r  2175   2274   2377   29
r  2129   2279   2328   29
r  2325   2328   2229   29
r  1041   940   1348   29
r  1495   1544   1348   29
r  1545   1643   1348   29
r  1340   1343   1348   29
r  1443   1490   1348   29
r  1291   1242   1348   29
r  1592   1594   1348   29
r  1441   1390   1348   29
r  1543   1545   1348   29
r  1593   1495   1348   29
r  2128   2328   2079   29
r  2431   2433   2340   29
r  2332   2340   2392   29
r  1390   1339   1490   29
r  2033   2134   2340   29
r  1984   2340   2392   29
r  1638   1589   1539   29
r  2384   2433   2392   29
r  2333   2384   2392   29
r  2482   2392   2340   29
r  2433   2333   2392   29
r  2383   2431   2340   29
r  2234   2382   2340   29
r  1899   1847   1848   29
r  1850   1898   1749   29
r  1846   1747   1749   29
r  1693   1744   1945   29
r  1796   1945   1747   29
r  1985   1885   2392   29
r  1936   2186   2392   29
r  2034   2392   2340   29
r  2084   2340   2392   29
r  2434   2331   2340   29
r  2484   2392   2340   29
r  1950   2299   2340   29
r  1991   2043   2340   29
r  1998   2097   2340   29
r  2248   2299   2340   29
r  2134   2340   2392   29
r  1986   1887   2392   29
r  2348   2340   2392   29
r  2098   2340   2392   29
r  2450   2340   2392   29
r  1996   2340   2392   29
r  2299   2199   2392   29
r  2483   2384   2392   29
r  1999   2392   2340   29
r  2086   2392   2340   29
r  1841   1942   1945   29
r  1   104   207   30
r  51   56   104   30
r  2   207   56   30
r  101   207   104   30
r  52   207   56   30
r  3   56   104   30
r  110   104   207   30
r  159   207   104   30
r  308   104   207   30
r  402   207   104   30
r  162   207   104   30
r  352   104   207   30
r  256   207   104   30
r  305   104   207   30
r  5   104   207   30
r  408   207   104   30
r  204   207   104   30
r  504   207   104   30
r  501   207   104   30
r  309   207   104   30
r  458   207   104   30
r  155   207   104   30
r  403   104   207   30
r  61   104   207   30
r  203   207   104   30
r  304   104   207   30
r  355   104   207   30
r  508   560   207   30
r  558   610   207   30
r  607   507   207   30
r  451   104   207   30
r  353   207   56   30
r  8   207   56   30
r  456   207   56   30
r  253   207   56   30
r  10   104   56   30
r  151   104   56   30
r  158   207   56   30
r  62   207   56   30
r  459   207   56   30
r  212   104   56   30
r  503   104   56   30
r  255   207   56   30
r  357   207   56   30
r  401   104   56   30
r  406   104   56   30
r  303   207   56   30
r  452   207   56   30
r  152   104   56   30
r  161   104   56   30
r  259   207   56   30
r  214   113   56   30
r  509   560   56   30
r  411   261   56   30
r  359   207   56   30
r  361   261   56   30
r  312   207   56   30
r  754   207   56   30
r  460   207   56   30
r  313   207   56   30
r  603   652   56   30
r  306   104   56   30
r  59   104   56   30
r  307   207   56   30
r  510   207   56   30
r  413   362   56   30
r  264   313   56   30
r  461   56   104   30
r  454   56   104   30
r  4   56   104   30
r  507   56   104   30
r  453   56   104   30
r  553   56   104   30
r  554   56   104   30
r  653   56   104   30
r  555   56   104   30
r  302   56   104   30
r  351   56   104   30
r  7   56   104   30
r  502   56   207   30
r  457   56   207   30
r  58   56   207   30
r  407   56   207   30
r  107   56   207   30
r  405   56   207   30
r  102   56   207   30
r  164   56   207   30
r  112   56   207   30
r  410   56   207   30
r  557   56   207   30
r  202   56   207   30
r  153   56   207   30
r  609   561   207   30
r  315   266   207   30
r  752   505   207   30
r  63   117   116   30
r  217   117   116   30
r  802   603   854   30
r  801   854   902   30
r  957   1006   856   30
r  317   268   416   30
r  904   953   952   30
r  1001   1103   902   30
r  16   116   117   30
r  471   570   469   30
r  862   913   914   30
r  1201   1303   1253   30
r  20   123   120   30
r  913   813   962   30
r  866   965   915   30
r  1401   1253   1303   30
r  1404   1252   1303   30
r  1351   1252   1303   30
r  1301   1252   1303   30
r  1402   1404   1253   30
r  126   24   72   30
r  276   325   77   30
r  626   577   726   30
r  1409   1358   1510   30
r  1504   1553   1651   30
r  1602   1651   1752   30
r  1652   2204   1752   30
r  1552   1752   1651   30
r  1555   1557   1658   30
r  377   328   276   30
r  278   327   135   30
r  384   283   137   30
r  383   283   137   30
r  330   382   137   30
r  86   81   137   30
r  38   81   137   30
r  379   428   135   30
r  184   81   135   30
r  181   137   135   30
r  34   137   135   30
r  334   383   135   30
r  37   137   135   30
r  433   384   135   30
r  1853   2204   2405   30
r  1801   2253   2405   30
r  1904   2204   2253   30
r  1606   1555   1658   30
r  180   135   137   30
r  35   135   81   30
r  84   135   81   30
r  133   135   81   30
r  235   135   81   30
r  186   135   81   30
r  32   135   81   30
r  33   135   137   30
r  284   135   137   30
r  236   135   137   30
r  234   135   137   30
r  189   98   148   30
r  89   135   98   30
r  40   98   248   30
r  1373   1421   1422   30
r  1025   1027   1076   30
r  1711   1660   1763   30
r  1707   1607   1656   30
r  2353   2204   2253   30
r  2458   2253   2204   30
r  1903   2253   2204   30
r  2208   2253   2204   30
r  2451   2253   2204   30
r  2257   2253   2204   30
r  2312   2253   2204   30
r  2106   2253   2204   30
r  2209   2253   2204   30
r  2005   2253   2204   30
r  2258   2204   2253   30
r  2003   2253   2204   30
r  2351   2204   2253   30
r  2007   2204   2253   30
r  2054   2204   2253   30
r  2102   2204   2253   30
r  2111   2204   2253   30
r  2201   2204   2253   30
r  2009   2253   2204   30
r  2407   2204   2253   30
r  2256   2253   2204   30
r  2206   2253   2204   30
r  2004   2253   2204   30
r  2352   2253   2204   30
r  2311   2204   2253   30
r  2160   2204   2253   30
r  2210   2253   2204   30
r  2104   2253   2204   30
r  1958   2204   2253   30
r  2403   2253   2204   30
r  2211   2204   2253   30
r  2359   2204   2253   30
r  2261   2253   2204   30
r  2409   2204   2253   30
r  2105   2204   2253   30
r  2109   2253   2204   30
r  1957   2204   2405   30
r  2354   2253   2405   30
r  2156   2204   2405   30
r  2052   2253   2405   30
r  1955   2204   2405   30
r  1951   2253   2405   30
r  2055   2253   2405   30
r  2308   2204   2405   30
r  2251   2204   2405   30
r  2157   2204   2405   30
r  1954   2204   2405   30
r  2060   2204   2405   30
r  2108   2204   2405   30
r  2053   2204   2405   30
r  2361   2253   2405   30
r  2153   2204   2405   30
r  2010   2204   2405   30
r  1902   2204   2405   30
r  2454   2204   2405   30
r  2453   2253   2405   30
r  2301   2204   2405   30
r  2307   2204   2405   30
r  2401   2253   2405   30
r  2158   2204   2405   30
r  2161   2204   2405   30
r  2305   2253   2405   30
r  2207   2253   2405   30
r  2360   2253   2405   30
r  2056   2253   2405   30
r  2357   2204   2405   30
r  2202   2204   2405   30
r  2402   2253   2405   30
r  2306   2204   2405   30
r  2002   2253   2405   30
r  2461   2253   2405   30
r  1952   2253   2405   30
r  2460   2253   2405   30
r  289   189   98   30
r  190   98   148   30
r  90   98   248   30
r  41   98   248   30
r  146   248   98   30
r  100   248   98   30
r  497   549   596   30
r  43   248   98   30
r  343   248   98   30
r  245   248   98   30
r  350   98   248   30
r  196   248   98   30
r  297   248   98   30
r  195   248   98   30
r  193   248   98   30
r  94   98   248   30
r  449   500   248   30
r  91   248   148   30
r  241   248   148   30
r  46   248   148   30
r  191   248   148   30
r  150   248   148   30
r  44   98   148   30
r  42   248   148   30
r  347   98   148   30
r  346   98   148   30
r  299   248   148   30
r  444   98   148   30
r  400   98   148   30
r  47   98   148   30
r  145   248   148   30
r  295   248   148   30
r  49   98   148   30
r  93   248   148   30
r  394   248   148   30
r  292   98   148   30
r  1077   1176   1126   30
r  1127   978   1175   30
r  2452   2405   2204   30
r  2259   2405   2204   30
r  2057   2405   2204   30
r  2410   2405   2204   30
r  2304   2405   2204   30
r  2001   2405   2204   30
r  1956   2405   2204   30
r  2155   2405   2204   30
r  2110   2405   2204   30
r  2059   2405   2204   30
r  1901   2405   2204   30
r  2006   2405   2204   30
r  2260   2405   2204   30
r  2061   2405   2204   30
r  2408   2405   2204   30
r  2151   2405   2204   30
r  2255   2405   2204   30
r  2051   2405   2204   30
r  2457   2405   2253   30
r  2152   2405   2253   30
r  2309   2405   2253   30
r  2058   2405   2253   30
r  2101   2405   2253   30
r  2107   2405   2253   30
r  2358   2405   2253   30
r  2159   2405   2253   30
r  2456   2405   2253   30
r  2459   2405   2253   30
r  2011   2405   2253   30
r  1960   2405   2253   30
r  2062   2113   2253   30
r  2356   2405   2253   30
r  2008   2405   2253   30
r  2263   2365   2204   30
r  290   341   388   30
r  396   148   248   30
r  45   148   248   30
r  446   148   248   30
r  250   148   248   30
r  141   148   248   30
r  142   148   248   30
r  344   148   248   30
r  194   148   248   30
r  144   148   248   30
r  300   148   248   30
r  398   449   248   30
r  498   549   248   30
r  192   148   98   30
r  342   148   98   30
r  92   148   98   30
r  348   148   98   30
r  445   148   98   30
r  296   148   98   30
r  294   148   98   30
r  50   148   98   30
r  200   148   98   30
r  143   148   98   30
r  244   148   98   30
r  448   399   98   30
r  495   544   98   30
r  246   148   98   30
r  95   148   98   30
r  450   499   98   30
r  500   398   98   30
r  550   548   596   30
r  648   749   596   30
r  650   596   549   30
r  649   549   596   30
r  1180   1280   1281   30
r  2415   2363   2413   30
r  2467   2365   2271   30
r  2217   2266   2264   30
r  750   999   799   30
r  748   898   999   30
r  1133   1182   1281   30
r  1233   1284   1281   30
r  1481   1432   1330   30
r  2470   2271   2369   30
r  2322   2475   2377   30
r  2473   2377   2271   30
r  2422   2369   2328   30
r  950   898   999   30
r  1050   898   1348   30
r  1823   1874   1923   30
r  1928   1926   1778   30
r  1874   1972   1923   30
r  2323   2475   2328   30
r  1241   1342   1348   30
r  1190   1139   1348   30
r  1644   1543   1348   30
r  1390   1490   1348   30
r  1492   1541   1348   30
r  1491   1389   1348   30
r  1696   1945   1348   30
r  1642   1543   1348   30
r  1542   1593   1348   30
r  1747   1945   1348   30
r  1486   1386   1539   30
r  2224   2173   2377   30
r  2325   2377   2328   30
r  1796   1744   1945   30
r  1984   2392   2340   30
r  1488   1535   1536   30
r  1538   1489   1587   30
r  2431   2384   2392   30
r  2481   2331   2392   30
r  2381   2384   2392   30
r  2332   2384   2340   30
r  2283   2232   2392   30
r  1849   1847   1898   30
r  1850   1749   1848   30
r  1742   1791   1945   30
r  1792   1843   1945   30
r  2132   2183   2340   30
r  2083   2134   2392   30
r  2034   2085   2392   30
r  2084   1985   2340   30
r  2384   2392   2340   30
r  2382   2392   2340   30
r  2482   2340   2392   30
r  2433   2392   2340   30
r  2383   2340   2392   30
r  2333   2431   2340   30
r  1999   2299   2392   30
r  1946   1895   2340   30
r  1994   1843   2340   30
r  2133   1985   2340   30
r  2134   2392   2340   30
r  1992   1891   2340   30
r  2348   2392   2340   30
r  2098   2199   2340   30
r  2450   2199   2340   30
r  2483   2392   2340   30
r  1990   1941   2340   30
r  1996   2392   2340   30
r  2484   2340   2392   30
r  1989   2340   2392   30
r  2086   2340   2392   30
r  1939   1888   1988   30
