c  1   -1   101   1
c  1   -1   102   1
c  51   -1   102   1
c  2   -1   51   1
c  2   -1   53   1
c  101   -1   152   1
c  102   -1   151   1
c  102   -1   352   1
c  52   -1   3   1
c  52   -1   101   1
c  3   -1   51   1
c  3   -1   101   1
c  53   -1   55   1
c  53   -1   105   1
c  151   -1   153   1
c  103   -1   52   1
c  103   -1   101   1
c  152   -1   203   1
c  152   -1   201   1
c  352   -1   401   1
c  352   -1   403   1
c  4   -1   55   1
c  4   -1   104   1
c  54   -1   5   1
c  54   -1   56   1
c  104   -1   53   1
c  104   -1   55   1
c  55   -1   106   1
c  55   -1   57   1
c  105   -1   54   1
c  105   -1   154   1
c  201   -1   252   1
c  153   -1   104   1
c  153   -1   204   1
c  203   -1   103   1
c  202   -1   204   1
c  202   -1   153   1
c  302   -1   351   1
c  302   -1   354   1
c  351   -1   252   1
c  402   -1   351   1
c  402   -1   301   1
c  353   -1   302   1
c  353   -1   252   1
c  452   -1   352   1
c  452   -1   503   1
c  401   -1   403   1
c  401   -1   452   1
c  403   -1   355   1
c  5   -1   8   1
c  5   -1   58   1
c  108   -1   60   1
c  108   -1   54   1
c  56   -1   5   1
c  56   -1   104   1
c  154   -1   205   1
c  6   -1   55   1
c  6   -1   105   1
c  106   -1   6   1
c  57   -1   8   1
c  57   -1   108   1
c  155   -1   153   1
c  155   -1   58   1
c  156   -1   105   1
c  156   -1   207   1
c  206   -1   155   1
c  206   -1   105   1
c  251   -1   351   1
c  251   -1   202   1
c  252   -1   254   1
c  252   -1   203   1
c  204   -1   255   1
c  204   -1   304   1
c  253   -1   302   1
c  253   -1   256   1
c  301   -1   401   1
c  301   -1   452   1
c  303   -1   252   1
c  303   -1   401   1
c  354   -1   403   1
c  354   -1   402   1
c  304   -1   301   1
c  304   -1   351   1
c  451   -1   502   1
c  451   -1   402   1
c  502   -1   602   1
c  453   -1   354   1
c  503   -1   554   1
c  503   -1   603   1
c  404   -1   504   1
c  404   -1   453   1
c  355   -1   304   1
c  355   -1   404   1
c  8   -1   108   1
c  8   -1   56   1
c  58   -1   109   1
c  107   -1   158   1
c  107   -1   8   1
c  158   -1   58   1
c  158   -1   7   1
c  109   -1   60   1
c  109   -1   160   1
c  9   -1   58   1
c  9   -1   108   1
c  60   -1   11   1
c  60   -1   9   1
c  205   -1   156   1
c  7   -1   58   1
c  7   -1   9   1
c  157   -1   106   1
c  157   -1   206   1
c  59   -1   57   1
c  59   -1   161   1
c  257   -1   205   1
c  257   -1   156   1
c  207   -1   358   1
c  255   -1   206   1
c  255   -1   356   1
c  208   -1   157   1
c  208   -1   206   1
c  254   -1   256   1
c  254   -1   303   1
c  405   -1   354   1
c  405   -1   454   1
c  305   -1   256   1
c  305   -1   405   1
c  501   -1   552   1
c  501   -1   601   1
c  552   -1   453   1
c  552   -1   454   1
c  602   -1   651   1
c  454   -1   254   1
c  454   -1   205   1
c  553   -1   604   1
c  553   -1   606   1
c  504   -1   455   1
c  504   -1   507   1
c  554   -1   602   1
c  603   -1   454   1
c  356   -1   358   1
c  356   -1   405   1
c  159   -1   210   1
c  159   -1   111   1
c  110   -1   61   1
c  110   -1   62   1
c  160   -1   9   1
c  10   -1   61   1
c  10   -1   112   1
c  61   -1   12   1
c  12   -1   10   1
c  12   -1   60   1
c  11   -1   62   1
c  11   -1   63   1
c  161   -1   159   1
c  161   -1   212   1
c  307   -1   358   1
c  307   -1   356   1
c  258   -1   207   1
c  258   -1   209   1
c  306   -1   257   1
c  306   -1   308   1
c  358   -1   407   1
c  358   -1   459   1
c  209   -1   160   1
c  209   -1   309   1
c  263   -1   208   1
c  455   -1   506   1
c  455   -1   604   1
c  406   -1   408   1
c  406   -1   458   1
c  551   -1   602   1
c  551   -1   604   1
c  601   -1   603   1
c  601   -1   652   1
c  651   -1   552   1
c  652   -1   603   1
c  652   -1   703   1
c  653   -1   553   1
c  653   -1   602   1
c  604   -1   606   1
c  604   -1   656   1
c  606   -1   506   1
c  606   -1   504   1
c  505   -1   554   1
c  505   -1   556   1
c  507   -1   407   1
c  507   -1   558   1
c  555   -1   655   1
c  555   -1   607   1
c  605   -1   556   1
c  605   -1   554   1
c  556   -1   554   1
c  655   -1   604   1
c  655   -1   603   1
c  357   -1   359   1
c  357   -1   409   1
c  407   -1   356   1
c  210   -1   161   1
c  111   -1   160   1
c  111   -1   210   1
c  211   -1   61   1
c  211   -1   110   1
c  62   -1   64   1
c  112   -1   11   1
c  63   -1   61   1
c  63   -1   12   1
c  13   -1   62   1
c  13   -1   113   1
c  162   -1   213   1
c  162   -1   113   1
c  212   -1   263   1
c  212   -1   312   1
c  308   -1   259   1
c  308   -1   407   1
c  309   -1   307   1
c  309   -1   258   1
c  259   -1   210   1
c  259   -1   211   1
c  408   -1   459   1
c  408   -1   410   1
c  359   -1   259   1
c  359   -1   261   1
c  457   -1   508   1
c  457   -1   358   1
c  409   -1   460   1
c  409   -1   358   1
c  410   -1   459   1
c  410   -1   358   1
c  459   -1   359   1
c  213   -1   264   1
c  213   -1   164   1
c  262   -1   311   1
c  262   -1   213   1
c  313   -1   262   1
c  313   -1   115   1
c  264   -1   164   1
c  264   -1   266   1
c  163   -1   263   1
c  163   -1   262   1
c  456   -1   407   1
c  456   -1   556   1
c  506   -1   457   1
c  506   -1   755   1
c  458   -1   507   1
c  458   -1   410   1
c  701   -1   752   1
c  701   -1   652   1
c  702   -1   653   1
c  702   -1   751   1
c  703   -1   655   1
c  654   -1   703   1
c  654   -1   754   1
c  705   -1   654   1
c  705   -1   604   1
c  656   -1   705   1
c  656   -1   605   1
c  607   -1   558   1
c  607   -1   508   1
c  706   -1   757   1
c  706   -1   606   1
c  508   -1   506   1
c  508   -1   505   1
c  557   -1   608   1
c  557   -1   506   1
c  558   -1   658   1
c  558   -1   708   1
c  754   -1   705   1
c  754   -1   655   1
c  707   -1   656   1
c  707   -1   655   1
c  260   -1   211   1
c  260   -1   262   1
c  261   -1   361   1
c  261   -1   411   1
c  113   -1   211   1
c  113   -1   261   1
c  64   -1   66   1
c  14   -1   115   1
c  14   -1   165   1
c  114   -1   163   1
c  114   -1   162   1
c  312   -1   363   1
c  312   -1   260   1
c  310   -1   312   1
c  310   -1   411   1
c  360   -1   411   1
c  360   -1   311   1
c  411   -1   460   1
c  461   -1   410   1
c  461   -1   512   1
c  509   -1   458   1
c  509   -1   511   1
c  214   -1   265   1
c  214   -1   66   1
c  164   -1   215   1
c  164   -1   216   1
c  362   -1   262   1
c  311   -1   362   1
c  311   -1   313   1
c  363   -1   463   1
c  363   -1   366   1
c  314   -1   316   1
c  314   -1   311   1
c  413   -1   313   1
c  413   -1   462   1
c  364   -1   413   1
c  364   -1   313   1
c  115   -1   64   1
c  115   -1   66   1
c  265   -1   314   1
c  265   -1   316   1
c  266   -1   217   1
c  266   -1   315   1
c  755   -1   804   1
c  755   -1   704   1
c  751   -1   802   1
c  751   -1   852   1
c  704   -1   702   1
c  704   -1   701   1
c  752   -1   703   1
c  753   -1   755   1
c  753   -1   756   1
c  657   -1   757   1
c  657   -1   758   1
c  608   -1   657   1
c  658   -1   607   1
c  658   -1   508   1
c  559   -1   608   1
c  559   -1   607   1
c  661   -1   659   1
c  661   -1   607   1
c  756   -1   707   1
c  756   -1   758   1
c  609   -1   558   1
c  609   -1   508   1
c  708   -1   757   1
c  708   -1   858   1
c  804   -1   853   1
c  804   -1   855   1
c  805   -1   754   1
c  805   -1   756   1
c  808   -1   759   1
c  808   -1   707   1
c  361   -1   310   1
c  361   -1   511   1
c  165   -1   66   1
c  165   -1   113   1
c  16   -1   14   1
c  16   -1   113   1
c  65   -1   114   1
c  65   -1   116   1
c  15   -1   66   1
c  15   -1   64   1
c  17   -1   66   1
c  17   -1   64   1
c  510   -1   512   1
c  510   -1   461   1
c  462   -1   460   1
c  462   -1   513   1
c  412   -1   363   1
c  412   -1   361   1
c  511   -1   560   1
c  511   -1   462   1
c  512   -1   563   1
c  512   -1   610   1
c  215   -1   266   1
c  215   -1   115   1
c  216   -1   265   1
c  216   -1   315   1
c  463   -1   412   1
c  463   -1   362   1
c  414   -1   365   1
c  414   -1   363   1
c  315   -1   364   1
c  315   -1   363   1
c  366   -1   417   1
c  366   -1   317   1
c  316   -1   215   1
c  365   -1   316   1
c  365   -1   317   1
c  116   -1   167   1
c  116   -1   216   1
c  267   -1   216   1
c  267   -1   215   1
c  166   -1   215   1
c  166   -1   266   1
c  217   -1   268   1
c  217   -1   219   1
c  806   -1   804   1
c  806   -1   755   1
c  801   -1   803   1
c  801   -1   852   1
c  802   -1   851   1
c  802   -1   753   1
c  852   -1   903   1
c  852   -1   901   1
c  803   -1   854   1
c  803   -1   752   1
c  853   -1   753   1
c  758   -1   760   1
c  758   -1   709   1
c  860   -1   609   1
c  860   -1   608   1
c  659   -1   708   1
c  659   -1   710   1
c  660   -1   658   1
c  660   -1   711   1
c  560   -1   611   1
c  560   -1   612   1
c  611   -1   662   1
c  611   -1   562   1
c  711   -1   760   1
c  662   -1   711   1
c  561   -1   610   1
c  561   -1   661   1
c  807   -1   858   1
c  807   -1   855   1
c  759   -1   757   1
c  759   -1   708   1
c  610   -1   710   1
c  610   -1   659   1
c  709   -1   760   1
c  709   -1   761   1
c  858   -1   909   1
c  858   -1   809   1
c  854   -1   954   1
c  854   -1   905   1
c  855   -1   906   1
c  855   -1   956   1
c  856   -1   805   1
c  856   -1   905   1
c  809   -1   860   1
c  809   -1   1009   1
c  908   -1   808   1
c  908   -1   906   1
c  811   -1   860   1
c  811   -1   808   1
c  67   -1   16   1
c  67   -1   15   1
c  18   -1   16   1
c  18   -1   66   1
c  117   -1   119   1
c  117   -1   17   1
c  68   -1   117   1
c  68   -1   66   1
c  513   -1   565   1
c  513   -1   616   1
c  562   -1   613   1
c  562   -1   614   1
c  563   -1   514   1
c  563   -1   515   1
c  464   -1   564   1
c  464   -1   365   1
c  514   -1   463   1
c  514   -1   565   1
c  465   -1   463   1
c  465   -1   514   1
c  415   -1   515   1
c  415   -1   467   1
c  416   -1   367   1
c  416   -1   318   1
c  367   -1   467   1
c  367   -1   418   1
c  417   -1   468   1
c  417   -1   419   1
c  317   -1   217   1
c  317   -1   218   1
c  167   -1   68   1
c  167   -1   69   1
c  268   -1   219   1
c  268   -1   220   1
c  318   -1   367   1
c  318   -1   267   1
c  218   -1   169   1
c  218   -1   321   1
c  118   -1   218   1
c  118   -1   217   1
c  219   -1   319   1
c  219   -1   320   1
c  851   -1   902   1
c  901   -1   952   1
c  901   -1   801   1
c  902   -1   951   1
c  902   -1   1004   1
c  953   -1   902   1
c  953   -1   852   1
c  903   -1   954   1
c  810   -1   762   1
c  810   -1   610   1
c  859   -1   959   1
c  859   -1   908   1
c  910   -1   859   1
c  910   -1   912   1
c  861   -1   1012   1
c  861   -1   1011   1
c  761   -1   862   1
c  761   -1   659   1
c  710   -1   810   1
c  712   -1   710   1
c  712   -1   660   1
c  612   -1   712   1
c  612   -1   563   1
c  663   -1   665   1
c  663   -1   711   1
c  613   -1   662   1
c  613   -1   561   1
c  614   -1   565   1
c  614   -1   662   1
c  665   -1   764   1
c  665   -1   662   1
c  857   -1   957   1
c  857   -1   956   1
c  906   -1   955   1
c  906   -1   807   1
c  907   -1   858   1
c  907   -1   859   1
c  905   -1   857   1
c  905   -1   858   1
c  909   -1   960   1
c  909   -1   1010   1
c  904   -1   953   1
c  904   -1   1103   1
c  955   -1   855   1
c  955   -1   854   1
c  954   -1   855   1
c  956   -1   905   1
c  956   -1   904   1
c  1009   -1   908   1
c  1009   -1   961   1
c  958   -1   909   1
c  958   -1   1009   1
c  812   -1   814   1
c  812   -1   864   1
c  911   -1   909   1
c  911   -1   811   1
c  862   -1   811   1
c  862   -1   813   1
c  119   -1   68   1
c  119   -1   67   1
c  19   -1   70   1
c  19   -1   68   1
c  168   -1   219   1
c  168   -1   18   1
c  69   -1   120   1
c  69   -1   118   1
c  565   -1   464   1
c  616   -1   565   1
c  616   -1   515   1
c  564   -1   664   1
c  515   -1   564   1
c  515   -1   517   1
c  466   -1   468   1
c  466   -1   517   1
c  617   -1   666   1
c  617   -1   465   1
c  467   -1   617   1
c  368   -1   417   1
c  368   -1   419   1
c  418   -1   467   1
c  418   -1   517   1
c  517   -1   417   1
c  468   -1   519   1
c  419   -1   468   1
c  169   -1   167   1
c  169   -1   221   1
c  269   -1   320   1
c  269   -1   220   1
c  319   -1   268   1
c  319   -1   218   1
c  220   -1   218   1
c  220   -1   271   1
c  321   -1   372   1
c  321   -1   272   1
c  320   -1   371   1
c  951   -1   953   1
c  952   -1   903   1
c  952   -1   1001   1
c  1004   -1   1002   1
c  1004   -1   905   1
c  1003   -1   952   1
c  1003   -1   903   1
c  1002   -1   1053   1
c  1002   -1   953   1
c  762   -1   813   1
c  762   -1   713   1
c  959   -1   1008   1
c  959   -1   1058   1
c  960   -1   911   1
c  960   -1   1011   1
c  912   -1   964   1
c  863   -1   861   1
c  863   -1   912   1
c  963   -1   1012   1
c  963   -1   861   1
c  1012   -1   912   1
c  1011   -1   1009   1
c  1011   -1   1059   1
c  713   -1   664   1
c  713   -1   665   1
c  763   -1   712   1
c  763   -1   913   1
c  714   -1   712   1
c  714   -1   663   1
c  664   -1   764   1
c  664   -1   715   1
c  615   -1   666   1
c  715   -1   713   1
c  715   -1   615   1
c  666   -1   715   1
c  666   -1   765   1
c  566   -1   615   1
c  566   -1   665   1
c  716   -1   665   1
c  716   -1   765   1
c  764   -1   813   1
c  764   -1   762   1
c  957   -1   1006   1
c  1007   -1   956   1
c  1007   -1   907   1
c  1103   -1   1106   1
c  1103   -1   1205   1
c  1005   -1   1054   1
c  1005   -1   954   1
c  1006   -1   1055   1
c  1006   -1   1106   1
c  1008   -1   957   1
c  1059   -1   1008   1
c  1059   -1   1010   1
c  961   -1   1010   1
c  961   -1   1012   1
c  1056   -1   1058   1
c  1056   -1   958   1
c  813   -1   713   1
c  814   -1   863   1
c  814   -1   763   1
c  864   -1   913   1
c  864   -1   866   1
c  913   -1   911   1
c  962   -1   964   1
c  962   -1   862   1
c  120   -1   71   1
c  120   -1   22   1
c  70   -1   119   1
c  21   -1   119   1
c  21   -1   168   1
c  20   -1   71   1
c  20   -1   72   1
c  170   -1   168   1
c  170   -1   69   1
c  516   -1   565   1
c  516   -1   467   1
c  567   -1   467   1
c  567   -1   616   1
c  667   -1   616   1
c  667   -1   664   1
c  618   -1   518   1
c  618   -1   616   1
c  766   -1   666   1
c  766   -1   616   1
c  668   -1   617   1
c  668   -1   619   1
c  369   -1   320   1
c  369   -1   269   1
c  469   -1   418   1
c  469   -1   471   1
c  518   -1   567   1
c  518   -1   569   1
c  568   -1   619   1
c  568   -1   517   1
c  569   -1   469   1
c  569   -1   517   1
c  420   -1   469   1
c  420   -1   468   1
c  519   -1   420   1
c  370   -1   319   1
c  370   -1   419   1
c  221   -1   272   1
c  221   -1   270   1
c  270   -1   272   1
c  271   -1   320   1
c  271   -1   370   1
c  371   -1   471   1
c  371   -1   420   1
c  322   -1   273   1
c  372   -1   421   1
c  372   -1   323   1
c  272   -1   372   1
c  1001   -1   1052   1
c  1001   -1   1101   1
c  1054   -1   1155   1
c  1054   -1   1107   1
c  1053   -1   1102   1
c  1053   -1   1104   1
c  1102   -1   1003   1
c  1052   -1   1152   1
c  1052   -1   1101   1
c  1058   -1   1109   1
c  1058   -1   1159   1
c  1013   -1   1064   1
c  1013   -1   912   1
c  964   -1   913   1
c  964   -1   915   1
c  1062   -1   1013   1
c  1062   -1   1065   1
c  1060   -1   1109   1
c  1060   -1   1012   1
c  1112   -1   1012   1
c  1112   -1   1013   1
c  1061   -1   1059   1
c  1061   -1   1110   1
c  1163   -1   1214   1
c  1163   -1   1011   1
c  765   -1   763   1
c  717   -1   766   1
c  717   -1   666   1
c  767   -1   716   1
c  767   -1   667   1
c  817   -1   768   1
c  817   -1   716   1
c  816   -1   764   1
c  816   -1   813   1
c  1057   -1   1006   1
c  1057   -1   1106   1
c  1055   -1   1007   1
c  1159   -1   1208   1
c  1159   -1   1010   1
c  1153   -1   1202   1
c  1153   -1   1102   1
c  1104   -1   1155   1
c  1104   -1   1205   1
c  1152   -1   1103   1
c  1152   -1   1053   1
c  1106   -1   1104   1
c  1205   -1   1105   1
c  1205   -1   1355   1
c  1109   -1   1057   1
c  1105   -1   1156   1
c  1105   -1   1056   1
c  815   -1   766   1
c  815   -1   866   1
c  865   -1   814   1
c  865   -1   766   1
c  914   -1   965   1
c  914   -1   916   1
c  866   -1   767   1
c  866   -1   668   1
c  121   -1   172   1
c  121   -1   173   1
c  71   -1   171   1
c  71   -1   221   1
c  22   -1   73   1
c  22   -1   74   1
c  72   -1   21   1
c  72   -1   123   1
c  73   -1   21   1
c  73   -1   20   1
c  171   -1   173   1
c  171   -1   122   1
c  172   -1   170   1
c  172   -1   123   1
c  619   -1   670   1
c  619   -1   717   1
c  669   -1   569   1
c  669   -1   618   1
c  768   -1   766   1
c  768   -1   717   1
c  718   -1   720   1
c  718   -1   769   1
c  470   -1   370   1
c  470   -1   519   1
c  471   -1   422   1
c  471   -1   522   1
c  570   -1   568   1
c  570   -1   519   1
c  421   -1   370   1
c  520   -1   620   1
c  520   -1   571   1
c  521   -1   472   1
c  521   -1   519   1
c  222   -1   173   1
c  222   -1   124   1
c  223   -1   221   1
c  223   -1   271   1
c  273   -1   271   1
c  273   -1   173   1
c  323   -1   374   1
c  323   -1   274   1
c  274   -1   174   1
c  274   -1   322   1
c  422   -1   374   1
c  373   -1   422   1
c  373   -1   421   1
c  423   -1   372   1
c  423   -1   472   1
c  1051   -1   1102   1
c  1051   -1   1152   1
c  1101   -1   1152   1
c  1155   -1   1206   1
c  1107   -1   1156   1
c  1107   -1   1105   1
c  1202   -1   1102   1
c  1202   -1   1254   1
c  1154   -1   1206   1
c  1154   -1   1052   1
c  1108   -1   1208   1
c  1108   -1   1209   1
c  1157   -1   1108   1
c  1157   -1   1058   1
c  1063   -1   1112   1
c  1063   -1   964   1
c  1014   -1   1063   1
c  1014   -1   1062   1
c  1111   -1   1062   1
c  1111   -1   1013   1
c  1064   -1   1214   1
c  965   -1   916   1
c  965   -1   1016   1
c  915   -1   815   1
c  915   -1   866   1
c  1065   -1   1116   1
c  1065   -1   1216   1
c  1110   -1   1159   1
c  1110   -1   1210   1
c  1162   -1   1113   1
c  1162   -1   1114   1
c  1113   -1   1111   1
c  1113   -1   1212   1
c  1161   -1   1112   1
c  1161   -1   1108   1
c  1213   -1   1264   1
c  1213   -1   1262   1
c  1164   -1   1064   1
c  1115   -1   1164   1
c  1115   -1   1163   1
c  1214   -1   1263   1
c  1214   -1   1114   1
c  769   -1   767   1
c  769   -1   669   1
c  867   -1   818   1
c  867   -1   769   1
c  818   -1   769   1
c  818   -1   821   1
c  1158   -1   1107   1
c  1158   -1   1160   1
c  1209   -1   1160   1
c  1209   -1   1211   1
c  1160   -1   1108   1
c  1210   -1   1159   1
c  1210   -1   1208   1
c  1208   -1   1257   1
c  1208   -1   1206   1
c  1203   -1   1252   1
c  1203   -1   1152   1
c  1151   -1   1202   1
c  1151   -1   1203   1
c  1201   -1   1252   1
c  1201   -1   1152   1
c  1304   -1   1355   1
c  1304   -1   1152   1
c  1156   -1   1255   1
c  1206   -1   1106   1
c  1206   -1   1107   1
c  1204   -1   1304   1
c  1204   -1   1255   1
c  1255   -1   1306   1
c  1255   -1   1307   1
c  1256   -1   1205   1
c  1256   -1   1254   1
c  1207   -1   1258   1
c  1207   -1   1205   1
c  1355   -1   1453   1
c  916   -1   867   1
c  916   -1   815   1
c  122   -1   73   1
c  122   -1   71   1
c  124   -1   224   1
c  124   -1   121   1
c  23   -1   74   1
c  23   -1   72   1
c  24   -1   73   1
c  24   -1   22   1
c  74   -1   123   1
c  74   -1   173   1
c  123   -1   174   1
c  123   -1   222   1
c  620   -1   671   1
c  620   -1   672   1
c  670   -1   721   1
c  670   -1   623   1
c  719   -1   721   1
c  719   -1   671   1
c  819   -1   768   1
c  819   -1   870   1
c  720   -1   722   1
c  720   -1   769   1
c  472   -1   474   1
c  472   -1   524   1
c  522   -1   524   1
c  522   -1   621   1
c  571   -1   522   1
c  621   -1   570   1
c  621   -1   672   1
c  671   -1   570   1
c  224   -1   273   1
c  224   -1   275   1
c  225   -1   174   1
c  225   -1   223   1
c  375   -1   224   1
c  375   -1   223   1
c  275   -1   324   1
c  275   -1   273   1
c  127   -1   324   1
c  127   -1   273   1
c  324   -1   224   1
c  324   -1   375   1
c  374   -1   376   1
c  325   -1   274   1
c  325   -1   225   1
c  174   -1   125   1
c  174   -1   226   1
c  473   -1   422   1
c  473   -1   374   1
c  424   -1   422   1
c  424   -1   375   1
c  523   -1   574   1
c  523   -1   423   1
c  1252   -1   1352   1
c  1252   -1   1353   1
c  1251   -1   1202   1
c  1251   -1   1203   1
c  1303   -1   1203   1
c  1303   -1   1202   1
c  1254   -1   1303   1
c  1254   -1   1203   1
c  1015   -1   1017   1
c  1015   -1   1067   1
c  1114   -1   1116   1
c  1114   -1   1117   1
c  966   -1   968   1
c  966   -1   1066   1
c  967   -1   965   1
c  967   -1   916   1
c  1016   -1   917   1
c  1066   -1   1166   1
c  1066   -1   1068   1
c  1117   -1   1217   1
c  1117   -1   1065   1
c  1116   -1   1215   1
c  1216   -1   1167   1
c  1216   -1   1267   1
c  1212   -1   1261   1
c  1212   -1   1263   1
c  1211   -1   1260   1
c  1211   -1   1213   1
c  1263   -1   1261   1
c  1264   -1   1315   1
c  1264   -1   1313   1
c  1262   -1   1313   1
c  1165   -1   1167   1
c  1165   -1   1116   1
c  1069   -1   1020   1
c  1069   -1   1164   1
c  1215   -1   1266   1
c  1215   -1   1316   1
c  770   -1   821   1
c  770   -1   721   1
c  917   -1   919   1
c  917   -1   1066   1
c  868   -1   870   1
c  868   -1   819   1
c  918   -1   867   1
c  918   -1   969   1
c  821   -1   720   1
c  1259   -1   1210   1
c  1259   -1   1208   1
c  1260   -1   1209   1
c  1260   -1   1160   1
c  1258   -1   1358   1
c  1258   -1   1357   1
c  1257   -1   1259   1
c  1257   -1   1356   1
c  1253   -1   1353   1
c  1253   -1   1354   1
c  1354   -1   1403   1
c  1354   -1   1453   1
c  1305   -1   1303   1
c  1305   -1   1254   1
c  1306   -1   1357   1
c  1306   -1   1406   1
c  1307   -1   1407   1
c  1307   -1   1254   1
c  1356   -1   1256   1
c  1356   -1   1307   1
c  1410   -1   1207   1
c  1405   -1   1305   1
c  1405   -1   1354   1
c  1353   -1   1355   1
c  1353   -1   1305   1
c  1455   -1   1355   1
c  1455   -1   1305   1
c  1406   -1   1355   1
c  1407   -1   1405   1
c  1407   -1   1355   1
c  1453   -1   1603   1
c  1453   -1   1551   1
c  968   -1   919   1
c  968   -1   916   1
c  125   -1   74   1
c  125   -1   25   1
c  126   -1   124   1
c  176   -1   125   1
c  176   -1   124   1
c  175   -1   75   1
c  175   -1   23   1
c  25   -1   74   1
c  25   -1   76   1
c  75   -1   24   1
c  26   -1   75   1
c  26   -1   74   1
c  622   -1   620   1
c  622   -1   673   1
c  672   -1   571   1
c  721   -1   672   1
c  721   -1   723   1
c  623   -1   621   1
c  623   -1   572   1
c  869   -1   969   1
c  869   -1   1021   1
c  820   -1   871   1
c  820   -1   869   1
c  870   -1   821   1
c  870   -1   771   1
c  722   -1   671   1
c  722   -1   771   1
c  474   -1   523   1
c  524   -1   473   1
c  524   -1   722   1
c  572   -1   621   1
c  572   -1   671   1
c  624   -1   621   1
c  624   -1   571   1
c  226   -1   275   1
c  226   -1   175   1
c  227   -1   175   1
c  227   -1   225   1
c  178   -1   226   1
c  178   -1   225   1
c  425   -1   474   1
c  425   -1   476   1
c  376   -1   427   1
c  376   -1   481   1
c  276   -1   278   1
c  276   -1   126   1
c  77   -1   79   1
c  77   -1   126   1
c  177   -1   78   1
c  177   -1   128   1
c  128   -1   179   1
c  128   -1   227   1
c  76   -1   127   1
c  76   -1   27   1
c  27   -1   127   1
c  27   -1   78   1
c  280   -1   282   1
c  280   -1   127   1
c  326   -1   277   1
c  326   -1   378   1
c  573   -1   524   1
c  573   -1   474   1
c  574   -1   577   1
c  1302   -1   1253   1
c  1302   -1   1251   1
c  1351   -1   1302   1
c  1351   -1   1252   1
c  1352   -1   1303   1
c  1301   -1   1352   1
c  1301   -1   1353   1
c  1017   -1   1117   1
c  1017   -1   1116   1
c  1067   -1   1116   1
c  1067   -1   1016   1
c  1166   -1   1016   1
c  1166   -1   1218   1
c  1019   -1   1068   1
c  1019   -1   1066   1
c  1068   -1   1070   1
c  1068   -1   1121   1
c  1167   -1   1218   1
c  1167   -1   1017   1
c  1118   -1   1116   1
c  1118   -1   1167   1
c  1217   -1   1317   1
c  1217   -1   1169   1
c  1266   -1   1264   1
c  1266   -1   1365   1
c  1267   -1   1366   1
c  1267   -1   1365   1
c  1261   -1   1312   1
c  1310   -1   1261   1
c  1310   -1   1211   1
c  1313   -1   1362   1
c  1313   -1   1365   1
c  1314   -1   1265   1
c  1314   -1   1415   1
c  1265   -1   1364   1
c  1265   -1   1317   1
c  1315   -1   1266   1
c  1315   -1   1364   1
c  1312   -1   1310   1
c  1312   -1   1265   1
c  1119   -1   1071   1
c  1070   -1   1019   1
c  1070   -1   1119   1
c  1168   -1   1170   1
c  1168   -1   1069   1
c  1120   -1   1020   1
c  1120   -1   1069   1
c  1020   -1   1071   1
c  1316   -1   1367   1
c  1316   -1   1365   1
c  771   -1   723   1
c  771   -1   673   1
c  919   -1   921   1
c  919   -1   970   1
c  920   -1   918   1
c  920   -1   968   1
c  969   -1   1020   1
c  969   -1   1017   1
c  871   -1   920   1
c  871   -1   771   1
c  822   -1   824   1
c  822   -1   775   1
c  872   -1   821   1
c  872   -1   772   1
c  1309   -1   1258   1
c  1309   -1   1260   1
c  1308   -1   1357   1
c  1308   -1   1356   1
c  1358   -1   1307   1
c  1357   -1   1457   1
c  1357   -1   1406   1
c  1404   -1   1356   1
c  1404   -1   1456   1
c  1454   -1   1354   1
c  1454   -1   1457   1
c  1403   -1   1352   1
c  1403   -1   1401   1
c  1360   -1   1311   1
c  1360   -1   1460   1
c  1409   -1   1458   1
c  1409   -1   1411   1
c  1460   -1   1361   1
c  1411   -1   1362   1
c  1411   -1   1413   1
c  1361   -1   1410   1
c  1361   -1   1461   1
c  1456   -1   1505   1
c  1456   -1   1405   1
c  1505   -1   1556   1
c  1505   -1   1705   1
c  1457   -1   1459   1
c  1457   -1   1509   1
c  1408   -1   1359   1
c  1408   -1   1309   1
c  1507   -1   1458   1
c  1507   -1   1407   1
c  1508   -1   1557   1
c  1508   -1   1407   1
c  1452   -1   1503   1
c  1452   -1   1552   1
c  1503   -1   1554   1
c  1451   -1   1402   1
c  1451   -1   1453   1
c  1502   -1   1453   1
c  1502   -1   1451   1
c  1552   -1   1503   1
c  1552   -1   1453   1
c  1603   -1   1605   1
c  1603   -1   1606   1
c  1551   -1   1553   1
c  1551   -1   1602   1
c  1018   -1   969   1
c  1018   -1   1020   1
c  673   -1   725   1
c  772   -1   723   1
c  772   -1   672   1
c  674   -1   625   1
c  674   -1   672   1
c  774   -1   723   1
c  774   -1   721   1
c  723   -1   823   1
c  723   -1   623   1
c  525   -1   623   1
c  725   -1   624   1
c  725   -1   623   1
c  1021   -1   970   1
c  1021   -1   920   1
c  475   -1   524   1
c  475   -1   526   1
c  625   -1   676   1
c  625   -1   578   1
c  676   -1   624   1
c  277   -1   279   1
c  277   -1   280   1
c  228   -1   277   1
c  228   -1   180   1
c  179   -1   228   1
c  179   -1   130   1
c  229   -1   178   1
c  229   -1   177   1
c  426   -1   475   1
c  426   -1   326   1
c  476   -1   576   1
c  476   -1   525   1
c  377   -1   426   1
c  377   -1   326   1
c  328   -1   376   1
c  328   -1   528   1
c  427   -1   478   1
c  427   -1   476   1
c  481   -1   430   1
c  481   -1   381   1
c  327   -1   276   1
c  327   -1   329   1
c  278   -1   378   1
c  278   -1   329   1
c  28   -1   77   1
c  28   -1   76   1
c  79   -1   31   1
c  129   -1   78   1
c  80   -1   129   1
c  80   -1   128   1
c  29   -1   78   1
c  29   -1   27   1
c  230   -1   330   1
c  230   -1   279   1
c  279   -1   228   1
c  279   -1   429   1
c  330   -1   379   1
c  330   -1   382   1
c  281   -1   330   1
c  281   -1   229   1
c  282   -1   230   1
c  378   -1   329   1
c  378   -1   429   1
c  577   -1   626   1
c  577   -1   573   1
c  575   -1   675   1
c  575   -1   626   1
c  1402   -1   1302   1
c  1402   -1   1301   1
c  1401   -1   1352   1
c  1401   -1   1452   1
c  1218   -1   1118   1
c  1218   -1   1170   1
c  1121   -1   1070   1
c  1121   -1   1124   1
c  1268   -1   1168   1
c  1268   -1   1217   1
c  1318   -1   1267   1
c  1318   -1   1217   1
c  1317   -1   1366   1
c  1317   -1   1368   1
c  1169   -1   1120   1
c  1169   -1   1121   1
c  1366   -1   1266   1
c  1366   -1   1265   1
c  1365   -1   1414   1
c  1365   -1   1464   1
c  1311   -1   1309   1
c  1311   -1   1362   1
c  1359   -1   1361   1
c  1359   -1   1310   1
c  1363   -1   1365   1
c  1363   -1   1311   1
c  1362   -1   1513   1
c  1362   -1   1614   1
c  1364   -1   1415   1
c  1415   -1   1315   1
c  1414   -1   1315   1
c  1414   -1   1366   1
c  1071   -1   969   1
c  1071   -1   919   1
c  1072   -1   1070   1
c  1072   -1   1170   1
c  1170   -1   1121   1
c  1170   -1   1122   1
c  1222   -1   1121   1
c  1222   -1   1120   1
c  970   -1   1022   1
c  970   -1   1072   1
c  1073   -1   1071   1
c  1073   -1   1020   1
c  1367   -1   1318   1
c  1367   -1   1465   1
c  773   -1   771   1
c  773   -1   775   1
c  824   -1   724   1
c  824   -1   771   1
c  921   -1   923   1
c  921   -1   973   1
c  875   -1   924   1
c  875   -1   871   1
c  823   -1   772   1
c  823   -1   872   1
c  775   -1   724   1
c  922   -1   971   1
c  922   -1   974   1
c  873   -1   922   1
c  873   -1   921   1
c  923   -1   974   1
c  923   -1   872   1
c  1504   -1   1604   1
c  1504   -1   1603   1
c  1553   -1   1504   1
c  1553   -1   1454   1
c  1413   -1   1362   1
c  1413   -1   1360   1
c  1459   -1   1461   1
c  1459   -1   1511   1
c  1458   -1   1509   1
c  1458   -1   1510   1
c  1510   -1   1561   1
c  1461   -1   1561   1
c  1461   -1   1510   1
c  1509   -1   1460   1
c  1511   -1   1460   1
c  1511   -1   1462   1
c  1412   -1   1512   1
c  1412   -1   1461   1
c  1506   -1   1555   1
c  1506   -1   1554   1
c  1555   -1   1704   1
c  1555   -1   1706   1
c  1557   -1   1506   1
c  1557   -1   1505   1
c  1707   -1   1705   1
c  1707   -1   1505   1
c  1556   -1   1656   1
c  1556   -1   1657   1
c  1705   -1   1756   1
c  1705   -1   1806   1
c  1558   -1   1607   1
c  1558   -1   1659   1
c  1608   -1   1559   1
c  1608   -1   1508   1
c  1554   -1   1603   1
c  1554   -1   1602   1
c  1501   -1   1552   1
c  1501   -1   1601   1
c  1602   -1   1553   1
c  1653   -1   1704   1
c  1653   -1   1753   1
c  1604   -1   1653   1
c  1604   -1   1652   1
c  1605   -1   1556   1
c  1605   -1   1554   1
c  1606   -1   1555   1
c  1606   -1   1756   1
c  1601   -1   1652   1
c  1601   -1   1702   1
c  724   -1   773   1
c  724   -1   772   1
c  675   -1   724   1
c  675   -1   775   1
c  825   -1   774   1
c  825   -1   877   1
c  526   -1   528   1
c  526   -1   577   1
c  576   -1   525   1
c  576   -1   625   1
c  678   -1   729   1
c  678   -1   525   1
c  726   -1   775   1
c  726   -1   826   1
c  677   -1   726   1
c  677   -1   725   1
c  971   -1   1022   1
c  971   -1   1072   1
c  1022   -1   1071   1
c  1022   -1   1121   1
c  477   -1   475   1
c  477   -1   528   1
c  626   -1   677   1
c  626   -1   726   1
c  627   -1   676   1
c  627   -1   625   1
c  578   -1   527   1
c  578   -1   627   1
c  180   -1   231   1
c  180   -1   232   1
c  130   -1   30   1
c  130   -1   182   1
c  527   -1   476   1
c  527   -1   426   1
c  428   -1   377   1
c  428   -1   327   1
c  379   -1   430   1
c  379   -1   377   1
c  329   -1   380   1
c  329   -1   331   1
c  429   -1   329   1
c  429   -1   328   1
c  528   -1   479   1
c  528   -1   480   1
c  478   -1   329   1
c  431   -1   480   1
c  431   -1   630   1
c  480   -1   380   1
c  480   -1   531   1
c  531   -1   582   1
c  531   -1   631   1
c  482   -1   531   1
c  482   -1   582   1
c  530   -1   581   1
c  530   -1   481   1
c  533   -1   481   1
c  533   -1   480   1
c  430   -1   382   1
c  381   -1   432   1
c  381   -1   430   1
c  30   -1   79   1
c  30   -1   129   1
c  31   -1   80   1
c  31   -1   29   1
c  81   -1   32   1
c  81   -1   83   1
c  231   -1   282   1
c  231   -1   332   1
c  181   -1   232   1
c  181   -1   230   1
c  380   -1   431   1
c  380   -1   331   1
c  331   -1   282   1
c  331   -1   383   1
c  332   -1   281   1
c  332   -1   330   1
c  382   -1   482   1
c  382   -1   533   1
c  232   -1   131   1
c  283   -1   334   1
c  283   -1   286   1
c  234   -1   232   1
c  234   -1   282   1
c  529   -1   480   1
c  529   -1   577   1
c  1219   -1   1270   1
c  1219   -1   1268   1
c  1171   -1   1173   1
c  1171   -1   1169   1
c  1122   -1   1073   1
c  1122   -1   1124   1
c  1124   -1   1173   1
c  1124   -1   1224   1
c  1269   -1   1369   1
c  1269   -1   1220   1
c  1368   -1   1419   1
c  1368   -1   1420   1
c  1319   -1   1270   1
c  1319   -1   1370   1
c  1418   -1   1367   1
c  1418   -1   1318   1
c  1369   -1   1318   1
c  1369   -1   1418   1
c  1416   -1   1365   1
c  1416   -1   1467   1
c  1464   -1   1413   1
c  1464   -1   1412   1
c  1513   -1   1562   1
c  1614   -1   1612   1
c  1465   -1   1413   1
c  1465   -1   1462   1
c  1463   -1   1461   1
c  1463   -1   1414   1
c  1023   -1   1072   1
c  1023   -1   1122   1
c  972   -1   923   1
c  972   -1   1072   1
c  1123   -1   1072   1
c  1123   -1   1023   1
c  1220   -1   1171   1
c  1220   -1   1172   1
c  1221   -1   1270   1
c  1221   -1   1170   1
c  1172   -1   1223   1
c  1172   -1   1124   1
c  1272   -1   1374   1
c  1272   -1   1375   1
c  1223   -1   1123   1
c  1223   -1   1274   1
c  1372   -1   1272   1
c  1372   -1   1222   1
c  1371   -1   1222   1
c  1371   -1   1469   1
c  1074   -1   1023   1
c  1074   -1   1025   1
c  924   -1   922   1
c  924   -1   1073   1
c  1417   -1   1466   1
c  1417   -1   1517   1
c  874   -1   974   1
c  874   -1   823   1
c  973   -1   924   1
c  973   -1   1024   1
c  925   -1   923   1
c  925   -1   976   1
c  876   -1   927   1
c  876   -1   928   1
c  776   -1   727   1
c  776   -1   827   1
c  974   -1   925   1
c  974   -1   1025   1
c  1462   -1   1513   1
c  1462   -1   1413   1
c  1560   -1   1609   1
c  1560   -1   1659   1
c  1610   -1   1510   1
c  1610   -1   1509   1
c  1561   -1   1610   1
c  1559   -1   1659   1
c  1559   -1   1660   1
c  1512   -1   1463   1
c  1704   -1   1753   1
c  1704   -1   1804   1
c  1706   -1   1755   1
c  1706   -1   1754   1
c  1607   -1   1656   1
c  1607   -1   1556   1
c  1657   -1   1706   1
c  1657   -1   1756   1
c  1757   -1   1857   1
c  1757   -1   1808   1
c  1708   -1   1660   1
c  1755   -1   1707   1
c  1656   -1   1705   1
c  1656   -1   1605   1
c  1655   -1   1755   1
c  1655   -1   1704   1
c  1756   -1   1857   1
c  1756   -1   1808   1
c  1806   -1   1757   1
c  1806   -1   1758   1
c  1659   -1   1708   1
c  1658   -1   1607   1
c  1658   -1   1609   1
c  1609   -1   1660   1
c  1609   -1   1612   1
c  1654   -1   1554   1
c  1654   -1   1602   1
c  1652   -1   1703   1
c  1703   -1   1654   1
c  1703   -1   1604   1
c  1651   -1   1702   1
c  1651   -1   1653   1
c  1753   -1   1751   1
c  1753   -1   1801   1
c  1702   -1   1753   1
c  1702   -1   1751   1
c  826   -1   828   1
c  826   -1   1026   1
c  877   -1   928   1
c  628   -1   626   1
c  628   -1   579   1
c  728   -1   777   1
c  728   -1   879   1
c  679   -1   728   1
c  679   -1   730   1
c  729   -1   780   1
c  727   -1   879   1
c  727   -1   880   1
c  579   -1   630   1
c  579   -1   631   1
c  580   -1   529   1
c  580   -1   578   1
c  131   -1   82   1
c  131   -1   180   1
c  182   -1   231   1
c  182   -1   131   1
c  479   -1   430   1
c  479   -1   428   1
c  432   -1   383   1
c  432   -1   483   1
c  630   -1   730   1
c  630   -1   633   1
c  581   -1   583   1
c  581   -1   584   1
c  532   -1   534   1
c  532   -1   483   1
c  582   -1   682   1
c  582   -1   533   1
c  631   -1   680   1
c  631   -1   679   1
c  433   -1   484   1
c  433   -1   482   1
c  383   -1   434   1
c  383   -1   482   1
c  583   -1   634   1
c  583   -1   580   1
c  534   -1   485   1
c  534   -1   483   1
c  584   -1   533   1
c  584   -1   582   1
c  32   -1   34   1
c  32   -1   131   1
c  183   -1   134   1
c  183   -1   31   1
c  82   -1   33   1
c  82   -1   185   1
c  83   -1   183   1
c  83   -1   132   1
c  333   -1   382   1
c  333   -1   432   1
c  233   -1   284   1
c  233   -1   333   1
c  284   -1   335   1
c  284   -1   385   1
c  334   -1   285   1
c  286   -1   337   1
c  286   -1   334   1
c  184   -1   237   1
c  184   -1   238   1
c  235   -1   284   1
c  235   -1   184   1
c  185   -1   234   1
c  1173   -1   1122   1
c  1173   -1   1273   1
c  1174   -1   1225   1
c  1174   -1   1226   1
c  1125   -1   1174   1
c  1125   -1   1224   1
c  1126   -1   1124   1
c  1126   -1   1128   1
c  1224   -1   1275   1
c  1320   -1   1369   1
c  1320   -1   1269   1
c  1370   -1   1470   1
c  1370   -1   1269   1
c  1419   -1   1470   1
c  1419   -1   1370   1
c  1420   -1   1371   1
c  1420   -1   1320   1
c  1468   -1   1470   1
c  1468   -1   1471   1
c  1469   -1   1418   1
c  1469   -1   1417   1
c  1470   -1   1369   1
c  1466   -1   1468   1
c  1466   -1   1469   1
c  1618   -1   1667   1
c  1618   -1   1416   1
c  1467   -1   1465   1
c  1467   -1   1464   1
c  1514   -1   1563   1
c  1514   -1   1562   1
c  1564   -1   1464   1
c  1564   -1   1566   1
c  1515   -1   1464   1
c  1515   -1   1513   1
c  1563   -1   1614   1
c  1563   -1   1612   1
c  1562   -1   1611   1
c  1562   -1   1661   1
c  1613   -1   1662   1
c  1613   -1   1712   1
c  1664   -1   1666   1
c  1664   -1   1616   1
c  1615   -1   1664   1
c  1615   -1   1564   1
c  1663   -1   1614   1
c  1663   -1   1563   1
c  1612   -1   1763   1
c  1612   -1   1764   1
c  1024   -1   924   1
c  1271   -1   1320   1
c  1271   -1   1220   1
c  1322   -1   1421   1
c  1322   -1   1470   1
c  1273   -1   1324   1
c  1273   -1   1271   1
c  1321   -1   1372   1
c  1321   -1   1272   1
c  1324   -1   1272   1
c  1374   -1   1325   1
c  1374   -1   1274   1
c  1375   -1   1326   1
c  1375   -1   1327   1
c  1274   -1   1325   1
c  1422   -1   1321   1
c  1373   -1   1422   1
c  1373   -1   1271   1
c  1421   -1   1470   1
c  1421   -1   1419   1
c  1323   -1   1274   1
c  1323   -1   1371   1
c  1075   -1   1024   1
c  1075   -1   973   1
c  1025   -1   878   1
c  1516   -1   1467   1
c  1516   -1   1417   1
c  1517   -1   1617   1
c  1517   -1   1568   1
c  975   -1   1026   1
c  926   -1   1026   1
c  926   -1   975   1
c  976   -1   978   1
c  976   -1   1025   1
c  927   -1   978   1
c  928   -1   979   1
c  928   -1   926   1
c  777   -1   826   1
c  777   -1   828   1
c  778   -1   727   1
c  778   -1   776   1
c  827   -1   778   1
c  827   -1   728   1
c  1611   -1   1560   1
c  1660   -1   1711   1
c  1660   -1   1611   1
c  1662   -1   1611   1
c  1662   -1   1561   1
c  1754   -1   1703   1
c  1754   -1   1752   1
c  1804   -1   1753   1
c  1804   -1   1755   1
c  1807   -1   1856   1
c  1807   -1   1809   1
c  1758   -1   1709   1
c  1758   -1   1807   1
c  1809   -1   1910   1
c  1809   -1   1757   1
c  1857   -1   1855   1
c  1857   -1   1905   1
c  1808   -1   1810   1
c  1709   -1   1660   1
c  1709   -1   1658   1
c  1805   -1   1803   1
c  1805   -1   1854   1
c  1856   -1   1805   1
c  1856   -1   1955   1
c  1710   -1   1659   1
c  1710   -1   1759   1
c  1701   -1   1801   1
c  1701   -1   1851   1
c  1752   -1   1701   1
c  1752   -1   1801   1
c  1803   -1   1854   1
c  1803   -1   1852   1
c  1904   -1   1753   1
c  1751   -1   1802   1
c  1751   -1   1852   1
c  828   -1   877   1
c  1026   -1   977   1
c  878   -1   927   1
c  878   -1   1028   1
c  977   -1   877   1
c  977   -1   1028   1
c  629   -1   680   1
c  629   -1   681   1
c  879   -1   930   1
c  879   -1   931   1
c  680   -1   731   1
c  680   -1   729   1
c  781   -1   680   1
c  781   -1   679   1
c  730   -1   779   1
c  730   -1   830   1
c  779   -1   879   1
c  780   -1   829   1
c  880   -1   878   1
c  880   -1   829   1
c  132   -1   33   1
c  385   -1   434   1
c  385   -1   432   1
c  633   -1   684   1
c  633   -1   682   1
c  632   -1   581   1
c  632   -1   634   1
c  434   -1   483   1
c  434   -1   532   1
c  682   -1   634   1
c  681   -1   730   1
c  681   -1   781   1
c  484   -1   436   1
c  485   -1   436   1
c  485   -1   483   1
c  435   -1   433   1
c  435   -1   484   1
c  384   -1   435   1
c  384   -1   484   1
c  335   -1   384   1
c  335   -1   383   1
c  634   -1   636   1
c  634   -1   586   1
c  535   -1   486   1
c  535   -1   487   1
c  585   -1   685   1
c  585   -1   534   1
c  536   -1   487   1
c  536   -1   534   1
c  33   -1   35   1
c  33   -1   84   1
c  34   -1   134   1
c  34   -1   85   1
c  133   -1   82   1
c  133   -1   33   1
c  134   -1   185   1
c  134   -1   83   1
c  84   -1   133   1
c  84   -1   135   1
c  86   -1   84   1
c  86   -1   83   1
c  285   -1   336   1
c  285   -1   386   1
c  236   -1   287   1
c  236   -1   335   1
c  336   -1   236   1
c  287   -1   387   1
c  287   -1   235   1
c  337   -1   288   1
c  337   -1   335   1
c  237   -1   239   1
c  237   -1   437   1
c  238   -1   137   1
c  135   -1   133   1
c  186   -1   137   1
c  186   -1   86   1
c  136   -1   87   1
c  136   -1   185   1
c  1175   -1   1224   1
c  1175   -1   1226   1
c  1225   -1   1274   1
c  1226   -1   1129   1
c  1226   -1   1078   1
c  1076   -1   1027   1
c  1076   -1   1125   1
c  1176   -1   1227   1
c  1176   -1   1225   1
c  1127   -1   1076   1
c  1127   -1   1078   1
c  1227   -1   1225   1
c  1227   -1   1126   1
c  1128   -1   1179   1
c  1128   -1   1130   1
c  1275   -1   1226   1
c  1471   -1   1420   1
c  1471   -1   1469   1
c  1518   -1   1567   1
c  1518   -1   1469   1
c  1569   -1   1469   1
c  1569   -1   1468   1
c  1519   -1   1470   1
c  1519   -1   1471   1
c  1520   -1   1569   1
c  1520   -1   1571   1
c  1568   -1   1519   1
c  1568   -1   1470   1
c  1620   -1   1470   1
c  1617   -1   1566   1
c  1668   -1   1719   1
c  1668   -1   1670   1
c  1619   -1   1719   1
c  1619   -1   1668   1
c  1567   -1   1618   1
c  1567   -1   1616   1
c  1669   -1   1618   1
c  1669   -1   1767   1
c  1667   -1   1616   1
c  1565   -1   1514   1
c  1565   -1   1667   1
c  1566   -1   1517   1
c  1566   -1   1518   1
c  1661   -1   1712   1
c  1661   -1   1762   1
c  1712   -1   1761   1
c  1712   -1   1663   1
c  1714   -1   1765   1
c  1665   -1   1714   1
c  1665   -1   1764   1
c  1666   -1   1617   1
c  1666   -1   1615   1
c  1616   -1   1665   1
c  1616   -1   1565   1
c  1713   -1   1762   1
c  1713   -1   1812   1
c  1763   -1   1714   1
c  1763   -1   1863   1
c  1764   -1   1813   1
c  1764   -1   1815   1
c  1325   -1   1376   1
c  1325   -1   1327   1
c  1424   -1   1473   1
c  1424   -1   1422   1
c  1423   -1   1474   1
c  1423   -1   1374   1
c  1425   -1   1325   1
c  1425   -1   1326   1
c  1326   -1   1427   1
c  1326   -1   1476   1
c  1327   -1   1376   1
c  1472   -1   1523   1
c  1472   -1   1573   1
c  929   -1   927   1
c  929   -1   926   1
c  978   -1   1029   1
c  978   -1   929   1
c  979   -1   977   1
c  832   -1   830   1
c  832   -1   777   1
c  1711   -1   1760   1
c  1711   -1   1762   1
c  1810   -1   1859   1
c  1810   -1   1662   1
c  1854   -1   1903   1
c  1854   -1   1852   1
c  1907   -1   1807   1
c  1907   -1   1808   1
c  1759   -1   1712   1
c  1859   -1   1808   1
c  1859   -1   1758   1
c  1858   -1   1809   1
c  1858   -1   1811   1
c  1762   -1   1813   1
c  1762   -1   1809   1
c  1910   -1   1859   1
c  1910   -1   2010   1
c  1855   -1   1906   1
c  1855   -1   1956   1
c  1905   -1   1903   1
c  1905   -1   2005   1
c  1908   -1   1808   1
c  1908   -1   1859   1
c  1906   -1   1955   1
c  1955   -1   1904   1
c  1955   -1   1854   1
c  1760   -1   1661   1
c  1851   -1   1951   1
c  1851   -1   2001   1
c  1802   -1   1851   1
c  1853   -1   1904   1
c  1853   -1   1902   1
c  1852   -1   1801   1
c  1903   -1   2003   1
c  1954   -1   1903   1
c  1954   -1   1902   1
c  1902   -1   1904   1
c  1902   -1   1851   1
c  829   -1   730   1
c  1027   -1   1128   1
c  1027   -1   1129   1
c  1077   -1   1028   1
c  1077   -1   1026   1
c  1028   -1   1079   1
c  1028   -1   979   1
c  930   -1   979   1
c  931   -1   933   1
c  731   -1   782   1
c  731   -1   733   1
c  831   -1   780   1
c  831   -1   882   1
c  782   -1   831   1
c  782   -1   882   1
c  830   -1   930   1
c  830   -1   779   1
c  881   -1   830   1
c  881   -1   782   1
c  386   -1   435   1
c  386   -1   437   1
c  387   -1   336   1
c  387   -1   385   1
c  683   -1   732   1
c  683   -1   734   1
c  684   -1   784   1
c  684   -1   884   1
c  732   -1   632   1
c  733   -1   784   1
c  733   -1   682   1
c  785   -1   734   1
c  785   -1   681   1
c  436   -1   536   1
c  436   -1   537   1
c  486   -1   488   1
c  486   -1   435   1
c  537   -1   486   1
c  537   -1   485   1
c  635   -1   586   1
c  635   -1   736   1
c  734   -1   685   1
c  734   -1   634   1
c  636   -1   587   1
c  636   -1   736   1
c  586   -1   637   1
c  586   -1   588   1
c  487   -1   587   1
c  487   -1   586   1
c  685   -1   736   1
c  685   -1   687   1
c  35   -1   86   1
c  85   -1   36   1
c  36   -1   87   1
c  36   -1   139   1
c  87   -1   89   1
c  87   -1   139   1
c  138   -1   237   1
c  138   -1   236   1
c  288   -1   239   1
c  288   -1   237   1
c  187   -1   287   1
c  187   -1   238   1
c  388   -1   337   1
c  388   -1   287   1
c  338   -1   289   1
c  338   -1   389   1
c  437   -1   388   1
c  437   -1   337   1
c  289   -1   238   1
c  289   -1   237   1
c  239   -1   339   1
c  239   -1   340   1
c  188   -1   288   1
c  188   -1   88   1
c  189   -1   138   1
c  189   -1   238   1
c  137   -1   189   1
c  137   -1   239   1
c  1276   -1   1376   1
c  1276   -1   1327   1
c  1177   -1   1226   1
c  1177   -1   1276   1
c  1129   -1   1029   1
c  1129   -1   1028   1
c  1078   -1   1029   1
c  1078   -1   1080   1
c  1277   -1   1177   1
c  1277   -1   1328   1
c  1228   -1   1277   1
c  1228   -1   1280   1
c  1178   -1   1227   1
c  1178   -1   1079   1
c  1278   -1   1229   1
c  1278   -1   1227   1
c  1179   -1   1230   1
c  1179   -1   1130   1
c  1130   -1   1181   1
c  1130   -1   1230   1
c  1521   -1   1570   1
c  1521   -1   1519   1
c  1522   -1   1471   1
c  1572   -1   1521   1
c  1572   -1   1471   1
c  1570   -1   1621   1
c  1570   -1   1522   1
c  1571   -1   1620   1
c  1571   -1   1568   1
c  1670   -1   1719   1
c  1621   -1   1670   1
c  1621   -1   1672   1
c  1671   -1   1620   1
c  1671   -1   1622   1
c  1718   -1   1769   1
c  1718   -1   1669   1
c  1719   -1   1770   1
c  1719   -1   1717   1
c  1720   -1   1669   1
c  1720   -1   1671   1
c  1767   -1   1818   1
c  1767   -1   1769   1
c  1717   -1   1766   1
c  1717   -1   1867   1
c  1864   -1   1665   1
c  1864   -1   1667   1
c  1812   -1   1763   1
c  1812   -1   1712   1
c  1761   -1   1812   1
c  1761   -1   1713   1
c  1715   -1   1865   1
c  1715   -1   1915   1
c  1814   -1   1863   1
c  1814   -1   1714   1
c  1716   -1   1714   1
c  1716   -1   1764   1
c  1765   -1   1816   1
c  1863   -1   1865   1
c  1863   -1   1812   1
c  1815   -1   1864   1
c  1815   -1   1863   1
c  1474   -1   1425   1
c  1474   -1   1525   1
c  1473   -1   1522   1
c  1473   -1   1524   1
c  1475   -1   1575   1
c  1426   -1   1475   1
c  1426   -1   1524   1
c  1476   -1   1425   1
c  1476   -1   1527   1
c  1377   -1   1426   1
c  1377   -1   1276   1
c  1427   -1   1378   1
c  1427   -1   1379   1
c  1328   -1   1379   1
c  1328   -1   1429   1
c  1378   -1   1329   1
c  1378   -1   1327   1
c  1428   -1   1377   1
c  1428   -1   1327   1
c  1523   -1   1474   1
c  1523   -1   1574   1
c  1573   -1   1525   1
c  1029   -1   929   1
c  980   -1   1031   1
c  980   -1   929   1
c  1030   -1   978   1
c  882   -1   931   1
c  882   -1   884   1
c  833   -1   733   1
c  833   -1   732   1
c  1860   -1   1811   1
c  1860   -1   1862   1
c  1811   -1   1862   1
c  1811   -1   1912   1
c  1957   -1   2057   1
c  1957   -1   2008   1
c  1909   -1   1858   1
c  1909   -1   1960   1
c  1960   -1   2060   1
c  1960   -1   2011   1
c  1911   -1   1913   1
c  1911   -1   1862   1
c  1861   -1   1910   1
c  1861   -1   1912   1
c  2009   -1   1960   1
c  2009   -1   1910   1
c  2010   -1   2061   1
c  2010   -1   2062   1
c  1956   -1   1905   1
c  2005   -1   1956   1
c  1958   -1   2009   1
c  1958   -1   1909   1
c  1959   -1   1908   1
c  1959   -1   1957   1
c  2006   -1   2057   1
c  2006   -1   1955   1
c  1901   -1   1852   1
c  1901   -1   1903   1
c  1951   -1   1953   1
c  1951   -1   2002   1
c  2001   -1   2101   1
c  2001   -1   2003   1
c  1953   -1   1853   1
c  1953   -1   2054   1
c  2003   -1   2052   1
c  2004   -1   2006   1
c  2004   -1   2055   1
c  2002   -1   2004   1
c  2002   -1   1954   1
c  2153   -1   1953   1
c  2153   -1   1954   1
c  1952   -1   1901   1
c  1952   -1   2001   1
c  1079   -1   1177   1
c  1079   -1   1181   1
c  981   -1   1030   1
c  981   -1   987   1
c  932   -1   881   1
c  933   -1   984   1
c  933   -1   882   1
c  783   -1   834   1
c  783   -1   734   1
c  784   -1   835   1
c  784   -1   787   1
c  884   -1   932   1
c  884   -1   1033   1
c  735   -1   835   1
c  735   -1   784   1
c  835   -1   886   1
c  835   -1   887   1
c  786   -1   784   1
c  786   -1   834   1
c  438   -1   436   1
c  438   -1   486   1
c  488   -1   439   1
c  488   -1   338   1
c  587   -1   589   1
c  587   -1   538   1
c  538   -1   589   1
c  538   -1   487   1
c  588   -1   539   1
c  588   -1   537   1
c  736   -1   738   1
c  686   -1   638   1
c  637   -1   686   1
c  637   -1   588   1
c  489   -1   487   1
c  489   -1   389   1
c  687   -1   738   1
c  687   -1   638   1
c  37   -1   188   1
c  37   -1   189   1
c  38   -1   36   1
c  38   -1   91   1
c  139   -1   188   1
c  139   -1   137   1
c  88   -1   137   1
c  88   -1   140   1
c  89   -1   138   1
c  389   -1   438   1
c  389   -1   289   1
c  439   -1   388   1
c  439   -1   390   1
c  339   -1   390   1
c  339   -1   142   1
c  290   -1   341   1
c  290   -1   189   1
c  340   -1   240   1
c  340   -1   289   1
c  240   -1   191   1
c  240   -1   291   1
c  190   -1   239   1
c  190   -1   241   1
c  1080   -1   1129   1
c  1080   -1   1131   1
c  1229   -1   1280   1
c  1229   -1   1331   1
c  1280   -1   1282   1
c  1280   -1   1380   1
c  1279   -1   1330   1
c  1279   -1   1180   1
c  1330   -1   1278   1
c  1180   -1   1231   1
c  1180   -1   1283   1
c  1230   -1   1181   1
c  1230   -1   1282   1
c  1131   -1   1082   1
c  1131   -1   1133   1
c  1181   -1   1235   1
c  1181   -1   1185   1
c  1622   -1   1522   1
c  1622   -1   1570   1
c  1672   -1   1674   1
c  1672   -1   1723   1
c  1721   -1   1772   1
c  1721   -1   1773   1
c  1673   -1   1722   1
c  1673   -1   1671   1
c  1768   -1   1817   1
c  1768   -1   1717   1
c  1769   -1   1717   1
c  1769   -1   1716   1
c  1770   -1   1819   1
c  1766   -1   1866   1
c  1766   -1   1865   1
c  1817   -1   1766   1
c  1817   -1   1765   1
c  1816   -1   1767   1
c  1816   -1   1868   1
c  1818   -1   1867   1
c  1818   -1   1918   1
c  1867   -1   1816   1
c  1867   -1   1766   1
c  1914   -1   1963   1
c  1914   -1   2014   1
c  1865   -1   1916   1
c  1865   -1   1867   1
c  1866   -1   1815   1
c  1866   -1   1864   1
c  1862   -1   1813   1
c  1913   -1   1862   1
c  1913   -1   1812   1
c  1915   -1   1966   1
c  1915   -1   1917   1
c  1524   -1   1475   1
c  1524   -1   1573   1
c  1525   -1   1476   1
c  1525   -1   1574   1
c  1575   -1   1624   1
c  1575   -1   1674   1
c  1477   -1   1426   1
c  1477   -1   1428   1
c  1329   -1   1280   1
c  1329   -1   1426   1
c  1526   -1   1477   1
c  1526   -1   1478   1
c  1527   -1   1627   1
c  1527   -1   1578   1
c  1430   -1   1479   1
c  1430   -1   1377   1
c  1379   -1   1430   1
c  1429   -1   1380   1
c  1429   -1   1331   1
c  1478   -1   1429   1
c  1478   -1   1527   1
c  1574   -1   1526   1
c  1623   -1   1723   1
c  1623   -1   1672   1
c  1624   -1   1573   1
c  1031   -1   982   1
c  1031   -1   1082   1
c  883   -1   932   1
c  883   -1   885   1
c  834   -1   836   1
c  1912   -1   2012   1
c  1912   -1   2013   1
c  2007   -1   1958   1
c  2007   -1   1959   1
c  2057   -1   2106   1
c  2057   -1   2105   1
c  2008   -1   2108   1
c  2008   -1   2106   1
c  1961   -1   2012   1
c  1961   -1   1963   1
c  2059   -1   2008   1
c  2059   -1   1960   1
c  2060   -1   2011   1
c  2060   -1   2109   1
c  2011   -1   2013   1
c  1963   -1   2012   1
c  1963   -1   2010   1
c  2164   -1   2113   1
c  2164   -1   2010   1
c  2061   -1   2110   1
c  2061   -1   2012   1
c  2062   -1   2011   1
c  2055   -1   2106   1
c  2056   -1   2005   1
c  2056   -1   2156   1
c  2108   -1   2157   1
c  2108   -1   1958   1
c  2151   -1   2051   1
c  2151   -1   1951   1
c  2051   -1   2002   1
c  2051   -1   2152   1
c  2052   -1   2101   1
c  2052   -1   2001   1
c  2101   -1   2053   1
c  2054   -1   2103   1
c  2054   -1   2003   1
c  2053   -1   2002   1
c  2053   -1   2157   1
c  2103   -1   2003   1
c  2202   -1   2153   1
c  2202   -1   2003   1
c  2152   -1   2103   1
c  2203   -1   2102   1
c  2203   -1   2155   1
c  2154   -1   2205   1
c  2154   -1   2203   1
c  2102   -1   2153   1
c  2102   -1   2201   1
c  2104   -1   2106   1
c  2104   -1   1952   1
c  982   -1   984   1
c  982   -1   934   1
c  987   -1   1036   1
c  987   -1   838   1
c  1032   -1   932   1
c  934   -1   932   1
c  934   -1   983   1
c  983   -1   1034   1
c  983   -1   1032   1
c  984   -1   986   1
c  984   -1   1035   1
c  787   -1   838   1
c  885   -1   936   1
c  885   -1   834   1
c  1033   -1   1133   1
c  1033   -1   1035   1
c  836   -1   887   1
c  836   -1   986   1
c  935   -1   835   1
c  886   -1   937   1
c  886   -1   935   1
c  887   -1   838   1
c  887   -1   788   1
c  737   -1   788   1
c  737   -1   786   1
c  589   -1   640   1
c  589   -1   491   1
c  539   -1   639   1
c  539   -1   490   1
c  638   -1   689   1
c  638   -1   539   1
c  738   -1   787   1
c  490   -1   492   1
c  490   -1   390   1
c  688   -1   639   1
c  688   -1   737   1
c  788   -1   687   1
c  39   -1   88   1
c  39   -1   90   1
c  91   -1   89   1
c  91   -1   140   1
c  140   -1   89   1
c  140   -1   142   1
c  90   -1   139   1
c  90   -1   88   1
c  40   -1   91   1
c  40   -1   89   1
c  390   -1   392   1
c  390   -1   441   1
c  440   -1   540   1
c  440   -1   492   1
c  391   -1   440   1
c  391   -1   439   1
c  341   -1   392   1
c  341   -1   339   1
c  142   -1   91   1
c  142   -1   90   1
c  291   -1   191   1
c  291   -1   244   1
c  241   -1   141   1
c  241   -1   143   1
c  192   -1   241   1
c  192   -1   240   1
c  191   -1   142   1
c  191   -1   140   1
c  1081   -1   1032   1
c  1081   -1   1033   1
c  1331   -1   1380   1
c  1331   -1   1231   1
c  1281   -1   1330   1
c  1281   -1   1332   1
c  1231   -1   1280   1
c  1282   -1   1231   1
c  1282   -1   1181   1
c  1380   -1   1431   1
c  1380   -1   1484   1
c  1283   -1   1232   1
c  1283   -1   1234   1
c  1132   -1   1183   1
c  1132   -1   1033   1
c  1082   -1   1084   1
c  1082   -1   1034   1
c  1133   -1   1082   1
c  1133   -1   1032   1
c  1182   -1   1082   1
c  1182   -1   1081   1
c  1232   -1   1181   1
c  1232   -1   1331   1
c  1235   -1   1284   1
c  1235   -1   1184   1
c  1185   -1   1134   1
c  1185   -1   1083   1
c  1722   -1   1822   1
c  1722   -1   1871   1
c  1674   -1   1723   1
c  1674   -1   1722   1
c  1723   -1   1721   1
c  1723   -1   1624   1
c  1771   -1   1820   1
c  1771   -1   1819   1
c  1772   -1   1871   1
c  1773   -1   1824   1
c  1773   -1   1874   1
c  1868   -1   1768   1
c  1819   -1   1868   1
c  1819   -1   1870   1
c  1821   -1   1770   1
c  1821   -1   1769   1
c  1920   -1   1769   1
c  1820   -1   1822   1
c  1967   -1   1918   1
c  1967   -1   1817   1
c  1918   -1   1969   1
c  1918   -1   1869   1
c  1917   -1   1866   1
c  1917   -1   1966   1
c  1964   -1   2015   1
c  1964   -1   1913   1
c  2014   -1   2063   1
c  2014   -1   1962   1
c  1916   -1   1965   1
c  1965   -1   1963   1
c  1965   -1   2013   1
c  1966   -1   2018   1
c  1576   -1   1574   1
c  1576   -1   1525   1
c  1625   -1   1674   1
c  1625   -1   1724   1
c  1626   -1   1675   1
c  1626   -1   1575   1
c  1577   -1   1628   1
c  1577   -1   1629   1
c  1528   -1   1530   1
c  1528   -1   1629   1
c  1627   -1   1676   1
c  1627   -1   1730   1
c  1578   -1   1529   1
c  1480   -1   1529   1
c  1480   -1   1429   1
c  1431   -1   1480   1
c  1431   -1   1482   1
c  1479   -1   1577   1
c  1529   -1   1580   1
c  1529   -1   1478   1
c  1962   -1   1964   1
c  1962   -1   2013   1
c  2015   -1   2013   1
c  2015   -1   1912   1
c  2012   -1   2059   1
c  2013   -1   2062   1
c  2013   -1   1964   1
c  2058   -1   2007   1
c  2058   -1   2107   1
c  2107   -1   2356   1
c  2106   -1   2155   1
c  2106   -1   2206   1
c  2105   -1   2056   1
c  2105   -1   2107   1
c  2109   -1   2209   1
c  2109   -1   2161   1
c  2110   -1   2112   1
c  2110   -1   2212   1
c  2114   -1   2214   1
c  2114   -1   2163   1
c  2163   -1   2263   1
c  2163   -1   2112   1
c  2214   -1   2263   1
c  2214   -1   2314   1
c  2165   -1   2216   1
c  2165   -1   2167   1
c  2113   -1   2062   1
c  2113   -1   2064   1
c  2111   -1   2211   1
c  2111   -1   2160   1
c  2112   -1   2013   1
c  2112   -1   2014   1
c  2063   -1   2114   1
c  2063   -1   2162   1
c  2156   -1   2205   1
c  2156   -1   2105   1
c  2158   -1   2156   1
c  2158   -1   2258   1
c  2159   -1   2259   1
c  2159   -1   2108   1
c  2157   -1   2106   1
c  2157   -1   2058   1
c  2201   -1   2252   1
c  2201   -1   2152   1
c  2205   -1   2203   1
c  2205   -1   2054   1
c  2252   -1   2203   1
c  2251   -1   2202   1
c  2251   -1   2253   1
c  2302   -1   2152   1
c  2253   -1   2304   1
c  2253   -1   2102   1
c  2204   -1   2253   1
c  2204   -1   2303   1
c  2155   -1   2206   1
c  2155   -1   2104   1
c  937   -1   988   1
c  937   -1   986   1
c  986   -1   1037   1
c  986   -1   939   1
c  1037   -1   1088   1
c  988   -1   936   1
c  1038   -1   987   1
c  1038   -1   986   1
c  1036   -1   1087   1
c  838   -1   789   1
c  985   -1   934   1
c  985   -1   936   1
c  1083   -1   1134   1
c  1083   -1   983   1
c  1034   -1   1085   1
c  1034   -1   985   1
c  1035   -1   986   1
c  1035   -1   1136   1
c  837   -1   888   1
c  936   -1   887   1
c  936   -1   1091   1
c  1183   -1   1033   1
c  1183   -1   1335   1
c  888   -1   788   1
c  888   -1   890   1
c  639   -1   690   1
c  639   -1   739   1
c  590   -1   539   1
c  590   -1   542   1
c  540   -1   589   1
c  540   -1   591   1
c  640   -1   691   1
c  640   -1   642   1
c  491   -1   440   1
c  491   -1   390   1
c  441   -1   542   1
c  441   -1   539   1
c  689   -1   789   1
c  739   -1   788   1
c  739   -1   690   1
c  789   -1   738   1
c  789   -1   837   1
c  492   -1   541   1
c  492   -1   543   1
c  740   -1   689   1
c  740   -1   688   1
c  690   -1   788   1
c  690   -1   838   1
c  41   -1   92   1
c  41   -1   90   1
c  141   -1   90   1
c  141   -1   42   1
c  92   -1   90   1
c  42   -1   142   1
c  42   -1   91   1
c  392   -1   443   1
c  392   -1   293   1
c  442   -1   391   1
c  442   -1   493   1
c  342   -1   344   1
c  342   -1   294   1
c  143   -1   43   1
c  143   -1   44   1
c  193   -1   142   1
c  193   -1   93   1
c  194   -1   143   1
c  194   -1   142   1
c  292   -1   243   1
c  292   -1   241   1
c  244   -1   293   1
c  244   -1   346   1
c  242   -1   193   1
c  242   -1   191   1
c  144   -1   93   1
c  144   -1   192   1
c  293   -1   242   1
c  293   -1   192   1
c  1381   -1   1332   1
c  1381   -1   1281   1
c  1332   -1   1232   1
c  1332   -1   1435   1
c  1335   -1   1384   1
c  1335   -1   1331   1
c  1333   -1   1382   1
c  1333   -1   1282   1
c  1484   -1   1384   1
c  1233   -1   1182   1
c  1233   -1   1132   1
c  1284   -1   1333   1
c  1284   -1   1335   1
c  1234   -1   1232   1
c  1234   -1   1285   1
c  1084   -1   1135   1
c  1084   -1   1133   1
c  1134   -1   1183   1
c  1285   -1   1134   1
c  1285   -1   1133   1
c  1236   -1   1337   1
c  1186   -1   1137   1
c  1186   -1   1235   1
c  1287   -1   1285   1
c  1287   -1   1235   1
c  1184   -1   1135   1
c  1184   -1   1136   1
c  1135   -1   1137   1
c  1136   -1   1185   1
c  1136   -1   1088   1
c  1237   -1   1186   1
c  1237   -1   1185   1
c  1822   -1   1871   1
c  1822   -1   1921   1
c  1871   -1   1922   1
c  1871   -1   1971   1
c  1724   -1   1775   1
c  1724   -1   1826   1
c  1675   -1   1724   1
c  1675   -1   1726   1
c  1873   -1   1772   1
c  1823   -1   1774   1
c  1823   -1   1924   1
c  1774   -1   1874   1
c  1774   -1   1875   1
c  1824   -1   1873   1
c  1874   -1   1923   1
c  1874   -1   1925   1
c  1869   -1   1920   1
c  1869   -1   1970   1
c  1919   -1   1870   1
c  1919   -1   1868   1
c  1968   -1   1920   1
c  1968   -1   1868   1
c  1870   -1   1970   1
c  1870   -1   1922   1
c  1970   -1   1919   1
c  1970   -1   2169   1
c  1921   -1   1972   1
c  1921   -1   1974   1
c  2017   -1   2066   1
c  2017   -1   2015   1
c  1969   -1   1967   1
c  1969   -1   2017   1
c  2064   -1   2115   1
c  2064   -1   2116   1
c  2016   -1   2065   1
c  2016   -1   2067   1
c  2018   -1   2067   1
c  2018   -1   1969   1
c  1678   -1   1629   1
c  1678   -1   1576   1
c  1676   -1   1678   1
c  1676   -1   1727   1
c  1726   -1   1626   1
c  1677   -1   1626   1
c  1677   -1   1827   1
c  1628   -1   1677   1
c  1628   -1   1528   1
c  1629   -1   1682   1
c  1629   -1   1533   1
c  1530   -1   1481   1
c  1530   -1   1431   1
c  1728   -1   1628   1
c  1728   -1   1627   1
c  1730   -1   1732   1
c  1579   -1   1679   1
c  1579   -1   1530   1
c  1481   -1   1532   1
c  1481   -1   1533   1
c  1432   -1   1332   1
c  1432   -1   1383   1
c  1482   -1   1382   1
c  1482   -1   1381   1
c  1580   -1   1680   1
c  2065   -1   2165   1
c  2356   -1   2407   1
c  2356   -1   2358   1
c  2206   -1   2306   1
c  2206   -1   2255   1
c  2209   -1   2110   1
c  2161   -1   2110   1
c  2161   -1   2163   1
c  2160   -1   2211   1
c  2160   -1   2261   1
c  2212   -1   2163   1
c  2212   -1   2260   1
c  2115   -1   2066   1
c  2115   -1   2067   1
c  2162   -1   2211   1
c  2162   -1   2210   1
c  2213   -1   2264   1
c  2213   -1   2215   1
c  2263   -1   2212   1
c  2263   -1   2314   1
c  2264   -1   2364   1
c  2264   -1   2262   1
c  2215   -1   2266   1
c  2215   -1   2166   1
c  2216   -1   2214   1
c  2314   -1   2365   1
c  2166   -1   2115   1
c  2166   -1   2269   1
c  2265   -1   2314   1
c  2265   -1   2165   1
c  2167   -1   2267   1
c  2167   -1   2318   1
c  2211   -1   2260   1
c  2211   -1   2411   1
c  2208   -1   2257   1
c  2208   -1   2307   1
c  2258   -1   2209   1
c  2258   -1   2207   1
c  2210   -1   2159   1
c  2210   -1   2257   1
c  2259   -1   2310   1
c  2259   -1   2308   1
c  2207   -1   2209   1
c  2207   -1   2259   1
c  2255   -1   2355   1
c  2255   -1   2257   1
c  2351   -1   2302   1
c  2351   -1   2252   1
c  2254   -1   2252   1
c  2254   -1   2302   1
c  2301   -1   2352   1
c  2301   -1   2452   1
c  2303   -1   2301   1
c  2303   -1   2251   1
c  2405   -1   2456   1
c  2405   -1   2251   1
c  2352   -1   2403   1
c  2352   -1   2305   1
c  2401   -1   2352   1
c  2401   -1   2302   1
c  2353   -1   2302   1
c  2353   -1   2404   1
c  2305   -1   2303   1
c  2305   -1   2302   1
c  2304   -1   2355   1
c  2304   -1   2405   1
c  938   -1   889   1
c  938   -1   940   1
c  1086   -1   1135   1
c  1086   -1   986   1
c  939   -1   839   1
c  939   -1   890   1
c  1087   -1   1187   1
c  1137   -1   1037   1
c  1039   -1   1037   1
c  1039   -1   1139   1
c  1088   -1   1137   1
c  1088   -1   1188   1
c  989   -1   1040   1
c  989   -1   1088   1
c  990   -1   939   1
c  990   -1   988   1
c  1091   -1   1142   1
c  1091   -1   1038   1
c  839   -1   990   1
c  890   -1   839   1
c  890   -1   838   1
c  1085   -1   1136   1
c  1085   -1   1138   1
c  889   -1   840   1
c  889   -1   891   1
c  591   -1   542   1
c  542   -1   642   1
c  542   -1   544   1
c  541   -1   443   1
c  641   -1   692   1
c  641   -1   541   1
c  691   -1   642   1
c  691   -1   592   1
c  642   -1   693   1
c  642   -1   644   1
c  790   -1   690   1
c  790   -1   839   1
c  493   -1   392   1
c  495   -1   544   1
c  495   -1   492   1
c  543   -1   545   1
c  543   -1   495   1
c  741   -1   790   1
c  741   -1   690   1
c  692   -1   690   1
c  693   -1   741   1
c  693   -1   690   1
c  93   -1   95   1
c  93   -1   145   1
c  43   -1   92   1
c  43   -1   94   1
c  393   -1   342   1
c  393   -1   442   1
c  443   -1   394   1
c  443   -1   395   1
c  343   -1   294   1
c  343   -1   394   1
c  344   -1   395   1
c  344   -1   445   1
c  294   -1   243   1
c  294   -1   346   1
c  243   -1   194   1
c  243   -1   143   1
c  44   -1   145   1
c  44   -1   146   1
c  195   -1   146   1
c  195   -1   144   1
c  245   -1   296   1
c  346   -1   245   1
c  346   -1   195   1
c  94   -1   45   1
c  94   -1   96   1
c  145   -1   196   1
c  145   -1   94   1
c  95   -1   144   1
c  95   -1   195   1
c  1382   -1   1485   1
c  1383   -1   1332   1
c  1383   -1   1284   1
c  1435   -1   1335   1
c  1334   -1   1383   1
c  1334   -1   1286   1
c  1385   -1   1434   1
c  1385   -1   1433   1
c  1336   -1   1334   1
c  1336   -1   1436   1
c  1384   -1   1284   1
c  1384   -1   1333   1
c  1434   -1   1485   1
c  1434   -1   1635   1
c  1483   -1   1485   1
c  1483   -1   1434   1
c  1534   -1   1585   1
c  1534   -1   1586   1
c  1485   -1   1487   1
c  1485   -1   1387   1
c  1433   -1   1484   1
c  1433   -1   1534   1
c  1286   -1   1386   1
c  1286   -1   1385   1
c  1187   -1   1236   1
c  1187   -1   1238   1
c  1337   -1   1288   1
c  1337   -1   1339   1
c  1288   -1   1237   1
c  1288   -1   1239   1
c  1238   -1   1287   1
c  1872   -1   1823   1
c  1872   -1   1875   1
c  1922   -1   1873   1
c  1971   -1   2020   1
c  1971   -1   1969   1
c  1725   -1   1676   1
c  1725   -1   1825   1
c  1775   -1   1824   1
c  1775   -1   1924   1
c  1826   -1   1877   1
c  1826   -1   1777   1
c  1776   -1   1725   1
c  1776   -1   1675   1
c  1923   -1   1972   1
c  1923   -1   2023   1
c  1828   -1   1824   1
c  1828   -1   1823   1
c  1924   -1   1973   1
c  1924   -1   1976   1
c  1875   -1   1826   1
c  1875   -1   1775   1
c  1825   -1   1776   1
c  1974   -1   1874   1
c  1974   -1   1875   1
c  1925   -1   1976   1
c  1925   -1   1977   1
c  2020   -1   2071   1
c  2020   -1   2119   1
c  2169   -1   2269   1
c  2169   -1   2220   1
c  1972   -1   2021   1
c  2019   -1   2017   1
c  2019   -1   2119   1
c  2066   -1   2068   1
c  2066   -1   2117   1
c  2072   -1   2023   1
c  2072   -1   1969   1
c  2116   -1   2317   1
c  2116   -1   2318   1
c  2117   -1   2166   1
c  2117   -1   2016   1
c  2068   -1   2117   1
c  2068   -1   2019   1
c  2069   -1   2169   1
c  2069   -1   2018   1
c  1679   -1   1681   1
c  1679   -1   1779   1
c  1778   -1   1829   1
c  1778   -1   1678   1
c  1727   -1   1730   1
c  1727   -1   1629   1
c  1777   -1   1726   1
c  1777   -1   1825   1
c  1630   -1   1582   1
c  1630   -1   1677   1
c  1827   -1   1778   1
c  1827   -1   1779   1
c  1682   -1   1731   1
c  1682   -1   1633   1
c  1533   -1   1482   1
c  1531   -1   1582   1
c  1531   -1   1580   1
c  1532   -1   1583   1
c  1532   -1   1530   1
c  1729   -1   1780   1
c  1729   -1   1778   1
c  1780   -1   1728   1
c  1680   -1   1729   1
c  1680   -1   1779   1
c  1731   -1   1831   1
c  1681   -1   1730   1
c  1681   -1   1829   1
c  1781   -1   1730   1
c  1781   -1   1680   1
c  1831   -1   1780   1
c  1831   -1   1730   1
c  1732   -1   1681   1
c  1732   -1   1785   1
c  1582   -1   1533   1
c  1582   -1   1482   1
c  1581   -1   1632   1
c  1581   -1   1682   1
c  2306   -1   2308   1
c  2306   -1   2207   1
c  2355   -1   2455   1
c  2355   -1   2406   1
c  2406   -1   2455   1
c  2406   -1   2403   1
c  2357   -1   2408   1
c  2357   -1   2308   1
c  2307   -1   2358   1
c  2307   -1   2356   1
c  2407   -1   2405   1
c  2358   -1   2360   1
c  2358   -1   2407   1
c  2256   -1   2304   1
c  2256   -1   2354   1
c  2311   -1   2210   1
c  2311   -1   2209   1
c  2261   -1   2310   1
c  2261   -1   2210   1
c  2262   -1   2311   1
c  2262   -1   2211   1
c  2312   -1   2261   1
c  2312   -1   2212   1
c  2260   -1   2262   1
c  2260   -1   2312   1
c  2313   -1   2262   1
c  2313   -1   2365   1
c  2363   -1   2263   1
c  2363   -1   2414   1
c  2315   -1   2263   1
c  2315   -1   2362   1
c  2364   -1   2313   1
c  2364   -1   2412   1
c  2266   -1   2317   1
c  2266   -1   2167   1
c  2217   -1   2268   1
c  2365   -1   2414   1
c  2269   -1   2320   1
c  2269   -1   2220   1
c  2168   -1   2217   1
c  2168   -1   2068   1
c  2218   -1   2169   1
c  2218   -1   2167   1
c  2267   -1   2316   1
c  2267   -1   2218   1
c  2318   -1   2267   1
c  2318   -1   2266   1
c  2411   -1   2460   1
c  2411   -1   2413   1
c  2308   -1   2208   1
c  2257   -1   2259   1
c  2257   -1   2308   1
c  2309   -1   2409   1
c  2309   -1   2408   1
c  2310   -1   2359   1
c  2310   -1   2410   1
c  2402   -1   2351   1
c  2402   -1   2301   1
c  2453   -1   2305   1
c  2453   -1   2254   1
c  2452   -1   2401   1
c  2452   -1   2303   1
c  2404   -1   2402   1
c  2455   -1   2404   1
c  2354   -1   2405   1
c  2354   -1   2403   1
c  2454   -1   2405   1
c  2454   -1   2402   1
c  2456   -1   2458   1
c  2451   -1   2402   1
c  2451   -1   2352   1
c  2403   -1   2452   1
c  2403   -1   2401   1
c  940   -1   889   1
c  1138   -1   1089   1
c  1138   -1   1140   1
c  1089   -1   840   1
c  1040   -1   1089   1
c  1139   -1   1190   1
c  1139   -1   1240   1
c  1188   -1   1140   1
c  1188   -1   1191   1
c  991   -1   1042   1
c  991   -1   1040   1
c  1090   -1   990   1
c  1090   -1   1190   1
c  1041   -1   992   1
c  1041   -1   1043   1
c  1141   -1   1090   1
c  1141   -1   1190   1
c  1092   -1   1041   1
c  1092   -1   1141   1
c  1140   -1   1091   1
c  1140   -1   1191   1
c  1042   -1   1091   1
c  1142   -1   1093   1
c  1142   -1   1043   1
c  840   -1   792   1
c  840   -1   742   1
c  891   -1   940   1
c  592   -1   543   1
c  592   -1   541   1
c  593   -1   644   1
c  593   -1   542   1
c  544   -1   595   1
c  544   -1   645   1
c  644   -1   691   1
c  644   -1   742   1
c  643   -1   692   1
c  643   -1   742   1
c  694   -1   643   1
c  694   -1   642   1
c  791   -1   840   1
c  791   -1   891   1
c  494   -1   445   1
c  494   -1   595   1
c  444   -1   493   1
c  444   -1   393   1
c  445   -1   296   1
c  545   -1   496   1
c  496   -1   649   1
c  446   -1   495   1
c  446   -1   545   1
c  447   -1   496   1
c  447   -1   495   1
c  742   -1   791   1
c  742   -1   693   1
c  842   -1   742   1
c  842   -1   741   1
c  743   -1   792   1
c  743   -1   643   1
c  645   -1   744   1
c  645   -1   693   1
c  394   -1   445   1
c  394   -1   396   1
c  395   -1   346   1
c  345   -1   343   1
c  345   -1   446   1
c  497   -1   548   1
c  497   -1   344   1
c  295   -1   346   1
c  295   -1   248   1
c  196   -1   245   1
c  196   -1   243   1
c  45   -1   98   1
c  45   -1   99   1
c  146   -1   246   1
c  146   -1   197   1
c  246   -1   197   1
c  246   -1   398   1
c  296   -1   396   1
c  296   -1   347   1
c  396   -1   445   1
c  396   -1   447   1
c  347   -1   396   1
c  347   -1   395   1
c  297   -1   346   1
c  297   -1   248   1
c  247   -1   346   1
c  247   -1   149   1
c  96   -1   147   1
c  96   -1   197   1
c  46   -1   95   1
c  46   -1   199   1
c  97   -1   95   1
c  97   -1   45   1
c  1436   -1   1387   1
c  1436   -1   1434   1
c  1386   -1   1435   1
c  1386   -1   1485   1
c  1486   -1   1535   1
c  1486   -1   1435   1
c  1487   -1   1435   1
c  1387   -1   1487   1
c  1387   -1   1336   1
c  1388   -1   1337   1
c  1388   -1   1336   1
c  1635   -1   1684   1
c  1584   -1   1586   1
c  1584   -1   1536   1
c  1535   -1   1586   1
c  1585   -1   1485   1
c  1586   -1   1635   1
c  1536   -1   1485   1
c  1536   -1   1585   1
c  1338   -1   1289   1
c  1338   -1   1340   1
c  1339   -1   1388   1
c  1339   -1   1387   1
c  1289   -1   1389   1
c  1289   -1   1190   1
c  1290   -1   1288   1
c  1290   -1   1238   1
c  1239   -1   1188   1
c  1239   -1   1190   1
c  1189   -1   1238   1
c  1189   -1   1289   1
c  2021   -1   2023   1
c  2021   -1   2024   1
c  1876   -1   1925   1
c  1876   -1   1976   1
c  1877   -1   1828   1
c  1877   -1   1778   1
c  1973   -1   1975   1
c  2023   -1   2025   1
c  2023   -1   2074   1
c  1878   -1   1880   1
c  1878   -1   1829   1
c  1829   -1   1880   1
c  1829   -1   1781   1
c  1881   -1   1828   1
c  1976   -1   2025   1
c  2024   -1   1975   1
c  2024   -1   1925   1
c  1926   -1   1975   1
c  1926   -1   1977   1
c  2025   -1   1925   1
c  1977   -1   1879   1
c  1977   -1   1830   1
c  2070   -1   2119   1
c  2070   -1   2021   1
c  2071   -1   2022   1
c  2071   -1   1972   1
c  2119   -1   2219   1
c  2219   -1   2270   1
c  2219   -1   2221   1
c  2170   -1   2119   1
c  2170   -1   2069   1
c  2118   -1   2169   1
c  2118   -1   2219   1
c  2120   -1   2169   1
c  2120   -1   2168   1
c  2220   -1   2272   1
c  2022   -1   2073   1
c  2022   -1   2123   1
c  2122   -1   2073   1
c  2122   -1   2224   1
c  2073   -1   2124   1
c  2073   -1   2125   1
c  2171   -1   2071   1
c  2171   -1   2072   1
c  2174   -1   2072   1
c  2174   -1   2071   1
c  2317   -1   2269   1
c  1779   -1   1881   1
c  1779   -1   1931   1
c  1631   -1   1682   1
c  1631   -1   1633   1
c  1632   -1   1681   1
c  1632   -1   1683   1
c  1683   -1   1734   1
c  1683   -1   1783   1
c  1633   -1   1533   1
c  1633   -1   1582   1
c  1583   -1   1634   1
c  1583   -1   1685   1
c  1830   -1   1779   1
c  1830   -1   1881   1
c  1782   -1   1731   1
c  1782   -1   1882   1
c  1733   -1   1731   1
c  1733   -1   1681   1
c  1783   -1   1732   1
c  1783   -1   1731   1
c  1832   -1   1881   1
c  1832   -1   1883   1
c  1785   -1   1734   1
c  1785   -1   1885   1
c  2457   -1   2406   1
c  2457   -1   2357   1
c  2458   -1   2406   1
c  2408   -1   2459   1
c  2408   -1   2359   1
c  2359   -1   2410   1
c  2359   -1   2411   1
c  2360   -1   2311   1
c  2360   -1   2309   1
c  2361   -1   2312   1
c  2361   -1   2363   1
c  2362   -1   2313   1
c  2362   -1   2360   1
c  2464   -1   2312   1
c  2413   -1   2415   1
c  2413   -1   2464   1
c  2414   -1   2416   1
c  2414   -1   2465   1
c  2316   -1   2367   1
c  2316   -1   2365   1
c  2412   -1   2361   1
c  2412   -1   2461   1
c  2268   -1   2368   1
c  2268   -1   2369   1
c  2415   -1   2417   1
c  2415   -1   2466   1
c  2366   -1   2415   1
c  2366   -1   2317   1
c  2319   -1   2370   1
c  2319   -1   2371   1
c  2270   -1   2319   1
c  2270   -1   2369   1
c  2320   -1   2371   1
c  2320   -1   2419   1
c  2368   -1   2270   1
c  2369   -1   2320   1
c  2369   -1   2318   1
c  2410   -1   2361   1
c  2461   -1   2413   1
c  2462   -1   2460   1
c  2462   -1   2411   1
c  2460   -1   2409   1
c  2409   -1   2360   1
c  2409   -1   2458   1
c  941   -1   892   1
c  941   -1   943   1
c  1190   -1   1290   1
c  1190   -1   1291   1
c  1240   -1   1291   1
c  1240   -1   1189   1
c  1191   -1   1240   1
c  1191   -1   1193   1
c  992   -1   1092   1
c  992   -1   943   1
c  942   -1   991   1
c  942   -1   993   1
c  1043   -1   994   1
c  1043   -1   1094   1
c  1093   -1   1042   1
c  1093   -1   943   1
c  1192   -1   1241   1
c  1192   -1   1243   1
c  1143   -1   1043   1
c  1143   -1   1094   1
c  841   -1   892   1
c  841   -1   944   1
c  792   -1   892   1
c  792   -1   891   1
c  892   -1   843   1
c  892   -1   943   1
c  594   -1   592   1
c  594   -1   645   1
c  546   -1   597   1
c  546   -1   544   1
c  595   -1   696   1
c  595   -1   695   1
c  893   -1   793   1
c  893   -1   643   1
c  744   -1   795   1
c  695   -1   744   1
c  695   -1   743   1
c  794   -1   694   1
c  794   -1   695   1
c  843   -1   792   1
c  843   -1   791   1
c  597   -1   545   1
c  548   -1   546   1
c  548   -1   496   1
c  649   -1   700   1
c  649   -1   647   1
c  397   -1   448   1
c  397   -1   399   1
c  448   -1   499   1
c  448   -1   547   1
c  498   -1   547   1
c  498   -1   447   1
c  894   -1   794   1
c  894   -1   842   1
c  795   -1   842   1
c  793   -1   795   1
c  793   -1   844   1
c  646   -1   546   1
c  646   -1   598   1
c  596   -1   645   1
c  596   -1   594   1
c  547   -1   598   1
c  547   -1   549   1
c  248   -1   97   1
c  248   -1   96   1
c  197   -1   248   1
c  197   -1   98   1
c  199   -1   197   1
c  199   -1   196   1
c  98   -1   149   1
c  99   -1   148   1
c  99   -1   150   1
c  147   -1   247   1
c  147   -1   198   1
c  198   -1   146   1
c  398   -1   349   1
c  398   -1   449   1
c  348   -1   399   1
c  348   -1   397   1
c  298   -1   250   1
c  298   -1   199   1
c  249   -1   198   1
c  249   -1   297   1
c  149   -1   147   1
c  47   -1   96   1
c  47   -1   98   1
c  48   -1   97   1
c  48   -1   46   1
c  148   -1   97   1
c  148   -1   249   1
c  1437   -1   1388   1
c  1437   -1   1339   1
c  1488   -1   1486   1
c  1488   -1   1437   1
c  1537   -1   1637   1
c  1537   -1   1488   1
c  1438   -1   1489   1
c  1438   -1   1487   1
c  1538   -1   1587   1
c  1538   -1   1487   1
c  1389   -1   1340   1
c  1389   -1   1290   1
c  1634   -1   1683   1
c  1634   -1   1733   1
c  1685   -1   1736   1
c  1685   -1   1683   1
c  1636   -1   1684   1
c  1636   -1   1734   1
c  1684   -1   1686   1
c  1587   -1   1638   1
c  1587   -1   1687   1
c  1588   -1   1586   1
c  1588   -1   1688   1
c  1340   -1   1291   1
c  1340   -1   1293   1
c  1291   -1   1293   1
c  1291   -1   1243   1
c  1341   -1   1290   1
c  1341   -1   1242   1
c  1927   -1   1876   1
c  1927   -1   1978   1
c  1928   -1   1877   1
c  1928   -1   1876   1
c  2123   -1   2023   1
c  2074   -1   2123   1
c  1879   -1   1979   1
c  1879   -1   1928   1
c  1880   -1   1779   1
c  1931   -1   1982   1
c  1931   -1   1979   1
c  1882   -1   1931   1
c  1882   -1   1930   1
c  1929   -1   1880   1
c  1929   -1   1881   1
c  2026   -1   1975   1
c  2026   -1   1926   1
c  1978   -1   1976   1
c  2075   -1   2026   1
c  2075   -1   2126   1
c  2027   -1   1927   1
c  2027   -1   2126   1
c  2126   -1   2077   1
c  2126   -1   1977   1
c  2029   -1   1929   1
c  2029   -1   1977   1
c  2121   -1   2070   1
c  2121   -1   2170   1
c  2221   -1   2272   1
c  2221   -1   2173   1
c  2272   -1   2323   1
c  2272   -1   2274   1
c  2172   -1   2272   1
c  2172   -1   2322   1
c  2224   -1   2124   1
c  2224   -1   2125   1
c  2124   -1   2173   1
c  2124   -1   2172   1
c  2125   -1   2074   1
c  2125   -1   2173   1
c  2173   -1   2175   1
c  2173   -1   2176   1
c  2175   -1   2126   1
c  2175   -1   2226   1
c  2367   -1   2369   1
c  1735   -1   1733   1
c  1735   -1   1683   1
c  1734   -1   1783   1
c  1833   -1   1782   1
c  1833   -1   1784   1
c  1784   -1   1735   1
c  1784   -1   1733   1
c  1834   -1   1783   1
c  1834   -1   1885   1
c  1883   -1   1983   1
c  1883   -1   1887   1
c  1835   -1   1935   1
c  1835   -1   1886   1
c  1786   -1   1737   1
c  1786   -1   1835   1
c  1836   -1   1834   1
c  1836   -1   1785   1
c  1885   -1   1883   1
c  2459   -1   2410   1
c  2463   -1   2414   1
c  2463   -1   2410   1
c  2465   -1   2467   1
c  2416   -1   2465   1
c  2416   -1   2464   1
c  2417   -1   2466   1
c  2370   -1   2419   1
c  2370   -1   2272   1
c  2371   -1   2422   1
c  2371   -1   2473   1
c  2271   -1   2273   1
c  2271   -1   2224   1
c  2321   -1   2372   1
c  2321   -1   2273   1
c  2419   -1   2470   1
c  2419   -1   2471   1
c  2418   -1   2367   1
c  2418   -1   2466   1
c  2421   -1   2472   1
c  2421   -1   2368   1
c  2420   -1   2369   1
c  2420   -1   2422   1
c  943   -1   994   1
c  943   -1   995   1
c  1241   -1   1292   1
c  1241   -1   1342   1
c  1193   -1   1242   1
c  1193   -1   1244   1
c  993   -1   995   1
c  993   -1   1044   1
c  1044   -1   943   1
c  994   -1   996   1
c  1094   -1   1194   1
c  1094   -1   1195   1
c  1144   -1   1093   1
c  1144   -1   1193   1
c  1242   -1   1343   1
c  1242   -1   1340   1
c  1243   -1   1343   1
c  1243   -1   1144   1
c  1194   -1   1143   1
c  1194   -1   1146   1
c  944   -1   995   1
c  696   -1   647   1
c  696   -1   747   1
c  745   -1   796   1
c  745   -1   696   1
c  844   -1   744   1
c  647   -1   598   1
c  647   -1   599   1
c  598   -1   649   1
c  598   -1   498   1
c  599   -1   597   1
c  599   -1   648   1
c  549   -1   600   1
c  648   -1   748   1
c  648   -1   797   1
c  699   -1   750   1
c  699   -1   748   1
c  650   -1   648   1
c  650   -1   699   1
c  749   -1   649   1
c  749   -1   697   1
c  750   -1   649   1
c  700   -1   648   1
c  399   -1   450   1
c  449   -1   498   1
c  449   -1   549   1
c  499   -1   398   1
c  500   -1   498   1
c  500   -1   449   1
c  895   -1   944   1
c  895   -1   844   1
c  845   -1   894   1
c  845   -1   896   1
c  796   -1   845   1
c  796   -1   895   1
c  349   -1   298   1
c  349   -1   248   1
c  300   -1   349   1
c  300   -1   197   1
c  200   -1   300   1
c  200   -1   299   1
c  299   -1   199   1
c  299   -1   198   1
c  250   -1   199   1
c  49   -1   100   1
c  49   -1   98   1
c  100   -1   98   1
c  50   -1   98   1
c  50   -1   148   1
c  150   -1   250   1
c  150   -1   249   1
c  400   -1   449   1
c  400   -1   398   1
c  1489   -1   1440   1
c  1489   -1   1390   1
c  1390   -1   1490   1
c  1390   -1   1488   1
c  1539   -1   1588   1
c  1539   -1   1537   1
c  1637   -1   1588   1
c  1439   -1   1441   1
c  1439   -1   1392   1
c  1686   -1   1735   1
c  1686   -1   1737   1
c  1736   -1   1787   1
c  1736   -1   1784   1
c  1638   -1   1640   1
c  1638   -1   1687   1
c  1687   -1   1689   1
c  1589   -1   1689   1
c  1589   -1   1688   1
c  1639   -1   1637   1
c  1639   -1   1588   1
c  1688   -1   1739   1
c  1688   -1   1740   1
c  1292   -1   1341   1
c  1292   -1   1340   1
c  1293   -1   1392   1
c  1293   -1   1390   1
c  1342   -1   1291   1
c  1391   -1   1442   1
c  1391   -1   1342   1
c  1392   -1   1441   1
c  1392   -1   1341   1
c  1930   -1   1981   1
c  1930   -1   1928   1
c  1979   -1   2030   1
c  1979   -1   2079   1
c  1981   -1   1979   1
c  1981   -1   2030   1
c  1932   -1   1883   1
c  1932   -1   1981   1
c  1982   -1   1882   1
c  1982   -1   1883   1
c  2076   -1   2131   1
c  2076   -1   2132   1
c  2127   -1   2076   1
c  2127   -1   2026   1
c  2028   -1   2030   1
c  2028   -1   1980   1
c  2077   -1   2227   1
c  2077   -1   2277   1
c  2078   -1   2027   1
c  2078   -1   1979   1
c  2176   -1   2125   1
c  2176   -1   2275   1
c  2079   -1   2179   1
c  2079   -1   2180   1
c  2030   -1   2078   1
c  2030   -1   2128   1
c  1980   -1   2029   1
c  1980   -1   2079   1
c  2080   -1   2029   1
c  2080   -1   1979   1
c  2222   -1   2224   1
c  2222   -1   2372   1
c  2322   -1   2422   1
c  2322   -1   2421   1
c  2273   -1   2275   1
c  2273   -1   2225   1
c  2372   -1   2272   1
c  2372   -1   2273   1
c  2323   -1   2374   1
c  2323   -1   2274   1
c  2274   -1   2225   1
c  2274   -1   2325   1
c  2223   -1   2274   1
c  2223   -1   2225   1
c  2225   -1   2177   1
c  2225   -1   2178   1
c  2226   -1   2275   1
c  2469   -1   2418   1
c  2469   -1   2367   1
c  1884   -1   1886   1
c  1884   -1   1984   1
c  1933   -1   1984   1
c  1933   -1   1982   1
c  1983   -1   1932   1
c  1983   -1   1981   1
c  1887   -1   1838   1
c  1887   -1   1788   1
c  1935   -1   1884   1
c  1886   -1   1987   1
c  1886   -1   1988   1
c  1787   -1   1738   1
c  1737   -1   1739   1
c  1737   -1   1688   1
c  1837   -1   1888   1
c  1837   -1   1937   1
c  1936   -1   1934   1
c  1936   -1   1885   1
c  2467   -1   2418   1
c  2467   -1   2416   1
c  2470   -1   2371   1
c  2422   -1   2419   1
c  2473   -1   2424   1
c  2473   -1   2425   1
c  2374   -1   2321   1
c  2468   -1   2419   1
c  2468   -1   2470   1
c  2471   -1   2422   1
c  2373   -1   2422   1
c  2373   -1   2421   1
c  2472   -1   2470   1
c  995   -1   946   1
c  995   -1   1046   1
c  1195   -1   1144   1
c  1195   -1   1193   1
c  1244   -1   1296   1
c  1045   -1   1094   1
c  1045   -1   1195   1
c  996   -1   846   1
c  1095   -1   1144   1
c  1095   -1   1147   1
c  1145   -1   1096   1
c  1145   -1   1094   1
c  1343   -1   1392   1
c  1343   -1   1292   1
c  1294   -1   1194   1
c  1294   -1   1346   1
c  1146   -1   1246   1
c  1146   -1   1195   1
c  945   -1   846   1
c  746   -1   748   1
c  746   -1   697   1
c  697   -1   648   1
c  697   -1   550   1
c  747   -1   796   1
c  747   -1   846   1
c  797   -1   846   1
c  797   -1   844   1
c  600   -1   598   1
c  550   -1   599   1
c  550   -1   648   1
c  698   -1   798   1
c  698   -1   750   1
c  748   -1   849   1
c  849   -1   749   1
c  849   -1   699   1
c  799   -1   748   1
c  799   -1   848   1
c  800   -1   749   1
c  800   -1   748   1
c  450   -1   499   1
c  450   -1   697   1
c  896   -1   945   1
c  896   -1   996   1
c  846   -1   897   1
c  847   -1   796   1
c  350   -1   299   1
c  350   -1   450   1
c  1490   -1   1492   1
c  1490   -1   1542   1
c  1540   -1   1489   1
c  1440   -1   1391   1
c  1440   -1   1540   1
c  1441   -1   1393   1
c  1738   -1   1689   1
c  1738   -1   1686   1
c  1640   -1   1642   1
c  1640   -1   1692   1
c  1689   -1   1640   1
c  1689   -1   1691   1
c  1590   -1   1641   1
c  1590   -1   1690   1
c  1739   -1   1790   1
c  1739   -1   1791   1
c  1740   -1   1691   1
c  1740   -1   1789   1
c  1393   -1   1493   1
c  1393   -1   1342   1
c  1492   -1   1441   1
c  1492   -1   1391   1
c  1443   -1   1392   1
c  1443   -1   1391   1
c  1442   -1   1493   1
c  1442   -1   1393   1
c  2031   -1   2082   1
c  2031   -1   1982   1
c  2081   -1   1981   1
c  2081   -1   2083   1
c  2032   -1   1981   1
c  2032   -1   1980   1
c  2033   -1   1982   1
c  2033   -1   1981   1
c  2034   -1   1983   1
c  2034   -1   1932   1
c  1984   -1   1982   1
c  1984   -1   2032   1
c  2228   -1   2179   1
c  2228   -1   2076   1
c  2131   -1   2080   1
c  2131   -1   2180   1
c  2132   -1   2033   1
c  2132   -1   2233   1
c  2177   -1   2077   1
c  2177   -1   2128   1
c  2128   -1   2179   1
c  2128   -1   2130   1
c  2227   -1   2276   1
c  2227   -1   2275   1
c  2277   -1   2275   1
c  2277   -1   2279   1
c  2178   -1   2176   1
c  2178   -1   2129   1
c  2275   -1   2375   1
c  2129   -1   2180   1
c  2129   -1   2229   1
c  2180   -1   2231   1
c  2180   -1   2134   1
c  2130   -1   2179   1
c  2130   -1   2181   1
c  2324   -1   2275   1
c  2324   -1   2474   1
c  2325   -1   2374   1
c  2325   -1   2323   1
c  2424   -1   2422   1
c  2424   -1   2223   1
c  2276   -1   2327   1
c  1934   -1   1985   1
c  1934   -1   1983   1
c  1985   -1   1884   1
c  2035   -1   1984   1
c  2035   -1   1983   1
c  1937   -1   1939   1
c  1937   -1   1889   1
c  1888   -1   1988   1
c  1888   -1   1987   1
c  1838   -1   1789   1
c  1838   -1   1790   1
c  1788   -1   1737   1
c  1788   -1   1739   1
c  1986   -1   1935   1
c  1986   -1   1934   1
c  1987   -1   1989   1
c  1987   -1   2138   1
c  1988   -1   1937   1
c  1988   -1   2037   1
c  2036   -1   1936   1
c  2036   -1   1985   1
c  1938   -1   1987   1
c  1938   -1   1936   1
c  2423   -1   2374   1
c  2423   -1   2425   1
c  2474   -1   2423   1
c  2474   -1   2422   1
c  2425   -1   2374   1
c  2425   -1   2376   1
c  2375   -1   2426   1
c  2375   -1   2475   1
c  946   -1   949   1
c  946   -1   848   1
c  1046   -1   997   1
c  1046   -1   948   1
c  1245   -1   1344   1
c  1245   -1   1343   1
c  1196   -1   1147   1
c  1196   -1   1096   1
c  1246   -1   1195   1
c  1246   -1   1049   1
c  1296   -1   1347   1
c  1296   -1   1397   1
c  997   -1   948   1
c  997   -1   946   1
c  947   -1   996   1
c  947   -1   945   1
c  998   -1   996   1
c  998   -1   949   1
c  1096   -1   1048   1
c  1147   -1   1145   1
c  1147   -1   1096   1
c  1344   -1   1395   1
c  1344   -1   1445   1
c  1295   -1   1346   1
c  1295   -1   1446   1
c  1345   -1   1294   1
c  1345   -1   1296   1
c  1346   -1   1297   1
c  1047   -1   1096   1
c  1047   -1   1146   1
c  1197   -1   1146   1
c  1197   -1   1148   1
c  798   -1   847   1
c  798   -1   896   1
c  848   -1   896   1
c  899   -1   848   1
c  899   -1   850   1
c  850   -1   799   1
c  850   -1   848   1
c  900   -1   800   1
c  900   -1   849   1
c  897   -1   946   1
c  1491   -1   1540   1
c  1491   -1   1542   1
c  1541   -1   1490   1
c  1541   -1   1441   1
c  1542   -1   1593   1
c  1542   -1   1594   1
c  1789   -1   1738   1
c  1690   -1   1889   1
c  1641   -1   1592   1
c  1641   -1   1690   1
c  1642   -1   1693   1
c  1642   -1   1644   1
c  1692   -1   1690   1
c  1692   -1   1743   1
c  1691   -1   1693   1
c  1691   -1   1643   1
c  1591   -1   1593   1
c  1591   -1   1543   1
c  1592   -1   1590   1
c  1592   -1   1643   1
c  1790   -1   1839   1
c  1790   -1   1788   1
c  1791   -1   1740   1
c  1791   -1   1690   1
c  1741   -1   1690   1
c  1741   -1   1692   1
c  1792   -1   1892   1
c  1792   -1   1740   1
c  1394   -1   1443   1
c  1394   -1   1442   1
c  1493   -1   1542   1
c  1494   -1   1492   1
c  1494   -1   1445   1
c  1444   -1   1493   1
c  1444   -1   1645   1
c  1495   -1   1444   1
c  1495   -1   1443   1
c  1543   -1   1592   1
c  1543   -1   1442   1
c  2082   -1   2033   1
c  2083   -1   2132   1
c  2083   -1   2032   1
c  2084   -1   2135   1
c  2084   -1   2185   1
c  2085   -1   1985   1
c  2085   -1   2034   1
c  2278   -1   2378   1
c  2278   -1   2227   1
c  2229   -1   2280   1
c  2229   -1   2231   1
c  2181   -1   2132   1
c  2181   -1   2133   1
c  2231   -1   2131   1
c  2230   -1   2181   1
c  2230   -1   2131   1
c  2133   -1   2082   1
c  2133   -1   2131   1
c  2183   -1   2232   1
c  2183   -1   2131   1
c  2182   -1   2233   1
c  2182   -1   2282   1
c  2234   -1   2183   1
c  2234   -1   2132   1
c  2233   -1   2333   1
c  2233   -1   2334   1
c  2327   -1   2427   1
c  2327   -1   2426   1
c  2279   -1   2330   1
c  2279   -1   2230   1
c  2134   -1   2185   1
c  2134   -1   2186   1
c  2476   -1   2425   1
c  2476   -1   2324   1
c  2326   -1   2427   1
c  2326   -1   2279   1
c  2475   -1   2424   1
c  1939   -1   1990   1
c  1939   -1   1988   1
c  1889   -1   1938   1
c  1889   -1   1940   1
c  1839   -1   1940   1
c  1839   -1   1941   1
c  1840   -1   1789   1
c  1840   -1   1838   1
c  2037   -1   2039   1
c  2037   -1   1990   1
c  1989   -1   2040   1
c  1989   -1   1991   1
c  2138   -1   2087   1
c  2138   -1   2189   1
c  2038   -1   2087   1
c  2038   -1   2089   1
c  2086   -1   2137   1
c  2086   -1   2088   1
c  1890   -1   1939   1
c  1890   -1   1938   1
c  1941   -1   1841   1
c  1941   -1   1938   1
c  2426   -1   2475   1
c  2376   -1   2427   1
c  2376   -1   2328   1
c  949   -1   1049   1
c  949   -1   900   1
c  948   -1   897   1
c  948   -1   1000   1
c  1247   -1   1199   1
c  1049   -1   950   1
c  1297   -1   1348   1
c  1297   -1   1399   1
c  1446   -1   1346   1
c  1446   -1   1296   1
c  1347   -1   1247   1
c  1397   -1   1448   1
c  1048   -1   997   1
c  1048   -1   1050   1
c  999   -1   1099   1
c  999   -1   1050   1
c  1097   -1   1049   1
c  1097   -1   1050   1
c  1148   -1   1097   1
c  1148   -1   1099   1
c  1198   -1   1147   1
c  1198   -1   1247   1
c  1395   -1   1346   1
c  1395   -1   1397   1
c  1445   -1   1545   1
c  1396   -1   1398   1
c  1396   -1   1445   1
c  898   -1   900   1
c  898   -1   850   1
c  950   -1   948   1
c  950   -1   898   1
c  1593   -1   1595   1
c  1593   -1   1693   1
c  1594   -1   1494   1
c  1594   -1   1643   1
c  1643   -1   1694   1
c  1643   -1   1692   1
c  1693   -1   1793   1
c  1693   -1   1893   1
c  1644   -1   1544   1
c  1644   -1   1595   1
c  1742   -1   1791   1
c  1742   -1   1793   1
c  1743   -1   1741   1
c  1841   -1   1792   1
c  1841   -1   1741   1
c  1793   -1   1791   1
c  1842   -1   1742   1
c  1842   -1   1891   1
c  1843   -1   1792   1
c  1843   -1   1892   1
c  1544   -1   1593   1
c  1544   -1   1546   1
c  1645   -1   1696   1
c  1645   -1   1697   1
c  1545   -1   1594   1
c  1496   -1   1498   1
c  1496   -1   1499   1
c  1546   -1   1597   1
c  1546   -1   1495   1
c  2087   -1   2085   1
c  2087   -1   2084   1
c  2135   -1   2186   1
c  2135   -1   2235   1
c  2185   -1   2136   1
c  2185   -1   2137   1
c  2186   -1   2085   1
c  2328   -1   2379   1
c  2328   -1   2330   1
c  2329   -1   2278   1
c  2329   -1   2378   1
c  2378   -1   2327   1
c  2280   -1   2331   1
c  2280   -1   2231   1
c  2281   -1   2230   1
c  2281   -1   2232   1
c  2232   -1   2234   1
c  2232   -1   2184   1
c  2331   -1   2380   1
c  2331   -1   2231   1
c  2332   -1   2433   1
c  2332   -1   2231   1
c  2184   -1   2235   1
c  2184   -1   2135   1
c  2283   -1   2182   1
c  2283   -1   2134   1
c  2282   -1   2333   1
c  2282   -1   2284   1
c  2284   -1   2333   1
c  2284   -1   2233   1
c  2235   -1   2186   1
c  2334   -1   2385   1
c  2334   -1   2234   1
c  2333   -1   2384   1
c  2333   -1   2434   1
c  2377   -1   2428   1
c  2377   -1   2429   1
c  2427   -1   2378   1
c  2330   -1   2332   1
c  2330   -1   2382   1
c  2477   -1   2377   1
c  1940   -1   1942   1
c  1940   -1   1842   1
c  1990   -1   2039   1
c  1990   -1   2038   1
c  2088   -1   2037   1
c  2088   -1   2090   1
c  2039   -1   2041   1
c  2040   -1   1940   1
c  2040   -1   1941   1
c  1991   -1   1942   1
c  1991   -1   1993   1
c  2137   -1   2088   1
c  2137   -1   2188   1
c  2188   -1   2190   1
c  2188   -1   2136   1
c  2139   -1   2292   1
c  2139   -1   2293   1
c  2089   -1   2138   1
c  2089   -1   2188   1
c  2189   -1   2089   1
c  2189   -1   2090   1
c  2136   -1   2087   1
c  2136   -1   2184   1
c  1891   -1   1942   1
c  1891   -1   1990   1
c  1942   -1   1893   1
c  1942   -1   2043   1
c  1000   -1   1049   1
c  1000   -1   949   1
c  1248   -1   1199   1
c  1248   -1   1200   1
c  1199   -1   1148   1
c  1199   -1   1098   1
c  1099   -1   1199   1
c  1099   -1   1150   1
c  1050   -1   1150   1
c  1050   -1   1099   1
c  1098   -1   1049   1
c  1098   -1   1050   1
c  1149   -1   1049   1
c  1149   -1   1100   1
c  1100   -1   1049   1
c  1100   -1   999   1
c  1298   -1   1349   1
c  1298   -1   1249   1
c  1348   -1   1397   1
c  1348   -1   1396   1
c  1399   -1   1499   1
c  1447   -1   1445   1
c  1447   -1   1398   1
c  1449   -1   1348   1
c  1449   -1   1446   1
c  1398   -1   1349   1
c  1398   -1   1449   1
c  1448   -1   1399   1
c  1448   -1   1298   1
c  1200   -1   1149   1
c  1200   -1   1148   1
c  1249   -1   1198   1
c  1249   -1   1300   1
c  1595   -1   1695   1
c  1694   -1   1743   1
c  1694   -1   1645   1
c  1744   -1   1693   1
c  1744   -1   1695   1
c  1745   -1   1694   1
c  1745   -1   1693   1
c  1893   -1   1793   1
c  1893   -1   1842   1
c  1794   -1   1843   1
c  1794   -1   1743   1
c  1844   -1   1898   1
c  1844   -1   1949   1
c  1695   -1   1646   1
c  1695   -1   1698   1
c  1646   -1   1597   1
c  1646   -1   1745   1
c  1696   -1   1747   1
c  1696   -1   1798   1
c  1697   -1   1648   1
c  1497   -1   1448   1
c  1497   -1   1398   1
c  1498   -1   1398   1
c  1498   -1   1449   1
c  1499   -1   1599   1
c  1596   -1   1695   1
c  1596   -1   1795   1
c  1547   -1   1447   1
c  1547   -1   1498   1
c  1597   -1   1697   1
c  1597   -1   1649   1
c  2236   -1   2336   1
c  2236   -1   2387   1
c  2187   -1   2292   1
c  2187   -1   2293   1
c  2237   -1   2186   1
c  2237   -1   2286   1
c  2379   -1   2428   1
c  2428   -1   2477   1
c  2430   -1   2330   1
c  2430   -1   2280   1
c  2381   -1   2332   1
c  2381   -1   2432   1
c  2380   -1   2431   1
c  2380   -1   2282   1
c  2382   -1   2380   1
c  2382   -1   2430   1
c  2432   -1   2332   1
c  2432   -1   2282   1
c  2383   -1   2332   1
c  2383   -1   2434   1
c  2433   -1   2431   1
c  2433   -1   2382   1
c  2285   -1   2236   1
c  2285   -1   2384   1
c  2286   -1   2235   1
c  2286   -1   2337   1
c  2385   -1   2285   1
c  2385   -1   2235   1
c  2384   -1   2484   1
c  2384   -1   2435   1
c  2335   -1   2337   1
c  2335   -1   2384   1
c  2485   -1   2434   1
c  2485   -1   2334   1
c  2434   -1   2385   1
c  2434   -1   2386   1
c  2478   -1   2427   1
c  2478   -1   2377   1
c  2429   -1   2427   1
c  2479   -1   2430   1
c  2479   -1   2427   1
c  2090   -1   2141   1
c  2140   -1   2089   1
c  2140   -1   2039   1
c  2041   -1   2090   1
c  2041   -1   2140   1
c  2143   -1   2091   1
c  2143   -1   2040   1
c  1992   -1   2043   1
c  1992   -1   2094   1
c  2141   -1   1991   1
c  1993   -1   2044   1
c  1993   -1   1944   1
c  2238   -1   2289   1
c  2238   -1   2240   1
c  2289   -1   2188   1
c  2190   -1   2141   1
c  2190   -1   2192   1
c  2239   -1   2190   1
c  2239   -1   2139   1
c  2292   -1   2341   1
c  2292   -1   2392   1
c  2293   -1   2342   1
c  2293   -1   2244   1
c  2191   -1   2189   1
c  2191   -1   2239   1
c  1943   -1   1994   1
c  1943   -1   2043   1
c  2043   -1   2041   1
c  2043   -1   2143   1
c  1250   -1   1199   1
c  1250   -1   1349   1
c  1300   -1   1199   1
c  1299   -1   1348   1
c  1299   -1   1350   1
c  1349   -1   1449   1
c  1400   -1   1300   1
c  1400   -1   1249   1
c  1350   -1   1399   1
c  1450   -1   1499   1
c  1450   -1   1550   1
c  1549   -1   1449   1
c  1549   -1   1398   1
c  1500   -1   1498   1
c  1500   -1   1449   1
c  1550   -1   1449   1
c  1550   -1   1400   1
c  1795   -1   1846   1
c  1795   -1   1694   1
c  1746   -1   1797   1
c  1746   -1   1697   1
c  1894   -1   1994   1
c  1894   -1   1945   1
c  1845   -1   1794   1
c  1845   -1   1796   1
c  1944   -1   1946   1
c  1944   -1   1844   1
c  1898   -1   1949   1
c  1898   -1   1947   1
c  1698   -1   1598   1
c  1647   -1   1696   1
c  1647   -1   1596   1
c  1747   -1   1646   1
c  1798   -1   1849   1
c  1798   -1   1697   1
c  1648   -1   1597   1
c  1648   -1   1699   1
c  1548   -1   1499   1
c  1548   -1   1497   1
c  1599   -1   1650   1
c  1599   -1   1550   1
c  1598   -1   1549   1
c  1598   -1   1650   1
c  1649   -1   1698   1
c  1649   -1   1700   1
c  2336   -1   2285   1
c  2336   -1   2436   1
c  2387   -1   2488   1
c  2387   -1   2440   1
c  2287   -1   2289   1
c  2287   -1   2290   1
c  2480   -1   2482   1
c  2480   -1   2483   1
c  2431   -1   2482   1
c  2431   -1   2480   1
c  2482   -1   2430   1
c  2481   -1   2432   1
c  2481   -1   2381   1
c  2483   -1   2485   1
c  2483   -1   2436   1
c  2484   -1   2433   1
c  2337   -1   2437   1
c  2337   -1   2436   1
c  2435   -1   2486   1
c  2435   -1   2437   1
c  2386   -1   2337   1
c  2386   -1   2287   1
c  2486   -1   2437   1
c  2486   -1   2438   1
c  2436   -1   2487   1
c  2436   -1   2485   1
c  2091   -1   1992   1
c  2042   -1   1993   1
c  2042   -1   2091   1
c  2093   -1   2144   1
c  2093   -1   1995   1
c  2142   -1   2193   1
c  2142   -1   2242   1
c  2193   -1   2346   1
c  2193   -1   2347   1
c  2144   -1   1996   1
c  2144   -1   1997   1
c  2094   -1   2096   1
c  2094   -1   2143   1
c  2242   -1   2190   1
c  2242   -1   2143   1
c  2194   -1   2145   1
c  2194   -1   2143   1
c  2145   -1   2143   1
c  2145   -1   2094   1
c  2092   -1   2141   1
c  2092   -1   2192   1
c  2192   -1   2141   1
c  2192   -1   2292   1
c  1994   -1   2094   1
c  1994   -1   2095   1
c  1995   -1   1993   1
c  1995   -1   1944   1
c  2044   -1   2093   1
c  2044   -1   2042   1
c  2288   -1   2339   1
c  2288   -1   2340   1
c  2240   -1   2192   1
c  2339   -1   2390   1
c  2339   -1   2388   1
c  2290   -1   2241   1
c  2290   -1   2390   1
c  2291   -1   2340   1
c  2291   -1   2389   1
c  2342   -1   2291   1
c  2341   -1   2241   1
c  2392   -1   2443   1
c  2392   -1   2341   1
c  2243   -1   2194   1
c  2243   -1   2192   1
c  2343   -1   2443   1
c  2343   -1   2291   1
c  2294   -1   2243   1
c  2294   -1   2296   1
c  2244   -1   2295   1
c  2244   -1   2246   1
c  2241   -1   2243   1
c  2241   -1   2244   1
c  1600   -1   1649   1
c  1600   -1   1699   1
c  1796   -1   1747   1
c  1796   -1   1698   1
c  1895   -1   1995   1
c  1895   -1   1795   1
c  1846   -1   1946   1
c  1797   -1   1848   1
c  1797   -1   1846   1
c  1896   -1   1845   1
c  1896   -1   1894   1
c  1945   -1   1996   1
c  1945   -1   1997   1
c  1946   -1   1997   1
c  1848   -1   1799   1
c  1848   -1   1850   1
c  1897   -1   1946   1
c  1897   -1   1848   1
c  1948   -1   1899   1
c  1948   -1   1900   1
c  1899   -1   1897   1
c  1899   -1   1799   1
c  1997   -1   1948   1
c  1997   -1   1898   1
c  1947   -1   1848   1
c  1999   -1   1950   1
c  1999   -1   1947   1
c  1950   -1   1948   1
c  1950   -1   1947   1
c  1849   -1   1800   1
c  1849   -1   1949   1
c  1998   -1   1949   1
c  1998   -1   2149   1
c  1900   -1   1949   1
c  1900   -1   1849   1
c  1748   -1   1649   1
c  1748   -1   1599   1
c  1699   -1   1799   1
c  1699   -1   1748   1
c  1650   -1   1750   1
c  1650   -1   1698   1
c  1799   -1   1748   1
c  1749   -1   1798   1
c  1749   -1   1849   1
c  1800   -1   1798   1
c  1800   -1   2048   1
c  1750   -1   1799   1
c  1750   -1   1798   1
c  1700   -1   1600   1
c  2437   -1   2488   1
c  2437   -1   2489   1
c  2388   -1   2437   1
c  2388   -1   2288   1
c  2438   -1   2387   1
c  2438   -1   2487   1
c  2488   -1   2439   1
c  2440   -1   2491   1
c  2440   -1   2492   1
c  2338   -1   2438   1
c  2338   -1   2439   1
c  2487   -1   2439   1
c  2045   -1   2094   1
c  2045   -1   2093   1
c  2346   -1   2397   1
c  2346   -1   2295   1
c  2347   -1   2345   1
c  2347   -1   2295   1
c  2095   -1   2144   1
c  2095   -1   2044   1
c  2195   -1   2095   1
c  2195   -1   2144   1
c  1996   -1   2047   1
c  1996   -1   2096   1
c  2146   -1   2095   1
c  2146   -1   2094   1
c  2096   -1   2098   1
c  2096   -1   2147   1
c  2340   -1   2391   1
c  2340   -1   2440   1
c  2389   -1   2440   1
c  2389   -1   2441   1
c  2439   -1   2390   1
c  2439   -1   2339   1
c  2489   -1   2440   1
c  2489   -1   2339   1
c  2390   -1   2441   1
c  2390   -1   2490   1
c  2442   -1   2342   1
c  2442   -1   2391   1
c  2391   -1   2491   1
c  2391   -1   2389   1
c  2393   -1   2442   1
c  2393   -1   2444   1
c  2493   -1   2392   1
c  2443   -1   2440   1
c  2344   -1   2244   1
c  2344   -1   2245   1
c  2394   -1   2343   1
c  2394   -1   2445   1
c  2295   -1   2344   1
c  2295   -1   2343   1
c  2245   -1   2296   1
c  2245   -1   2294   1
c  2345   -1   2294   1
c  2345   -1   2394   1
c  2296   -1   2298   1
c  2296   -1   2397   1
c  2196   -1   2245   1
c  2196   -1   2244   1
c  2246   -1   2197   1
c  1847   -1   1796   1
c  1847   -1   1947   1
c  1850   -1   1799   1
c  1850   -1   1899   1
c  2047   -1   1998   1
c  2047   -1   2098   1
c  2049   -1   1998   1
c  2000   -1   2049   1
c  2000   -1   2048   1
c  2050   -1   1999   1
c  2050   -1   2099   1
c  2048   -1   2097   1
c  2048   -1   2096   1
c  2149   -1   2200   1
c  2149   -1   2248   1
c  2490   -1   2439   1
c  2490   -1   2492   1
c  2441   -1   2492   1
c  2441   -1   2493   1
c  2491   -1   2442   1
c  2492   -1   2443   1
c  2046   -1   2095   1
c  2046   -1   2146   1
c  2097   -1   2046   1
c  2097   -1   2045   1
c  2396   -1   2445   1
c  2396   -1   2345   1
c  2496   -1   2445   1
c  2496   -1   2346   1
c  2397   -1   2348   1
c  2297   -1   2196   1
c  2297   -1   2199   1
c  2348   -1   2296   1
c  2348   -1   2246   1
c  2398   -1   2347   1
c  2398   -1   2199   1
c  2197   -1   2248   1
c  2197   -1   2195   1
c  2147   -1   2098   1
c  2098   -1   2198   1
c  2098   -1   2250   1
c  2444   -1   2495   1
c  2444   -1   2493   1
c  2494   -1   2445   1
c  2494   -1   2447   1
c  2495   -1   2493   1
c  2395   -1   2495   1
c  2395   -1   2496   1
c  2247   -1   2396   1
c  2247   -1   2345   1
c  2299   -1   2297   1
c  2299   -1   2296   1
c  2298   -1   2300   1
c  2298   -1   2449   1
c  2099   -1   2199   1
c  2099   -1   2148   1
c  2100   -1   2200   1
c  2100   -1   2149   1
c  2148   -1   2197   1
c  2148   -1   2048   1
c  2199   -1   2150   1
c  2199   -1   2250   1
c  2150   -1   2250   1
c  2150   -1   2300   1
c  2200   -1   2349   1
c  2248   -1   2299   1
c  2248   -1   2348   1
c  2446   -1   2495   1
c  2446   -1   2444   1
c  2497   -1   2448   1
c  2497   -1   2398   1
c  2447   -1   2496   1
c  2447   -1   2498   1
c  2300   -1   2297   1
c  2349   -1   2449   1
c  2349   -1   2400   1
c  2448   -1   2499   1
c  2399   -1   2448   1
c  2399   -1   2447   1
c  2350   -1   2399   1
c  2350   -1   2398   1
c  2499   -1   2398   1
c  2198   -1   2200   1
c  2198   -1   2150   1
c  2250   -1   2299   1
c  2250   -1   2248   1
c  2249   -1   2198   1
c  2249   -1   2300   1
c  2449   -1   2498   1
c  2449   -1   2497   1
c  2400   -1   2449   1
c  2400   -1   2499   1
c  2500   -1   2449   1
c  2500   -1   2448   1
c  2450   -1   2499   1
c  2450   -1   2399   1
r  1   101   152   2
c  51   -1   104   2
r  2   51   101   2
r  102   151   2   2
r  152   203   52   2
c  101   -1   153   2
r  156   207   102   2
c  151   -1   103   2
c  201   -1   153   2
r  4   55   6   2
r  54   5   6   2
c  154   -1   203   2
r  56   5   157   2
c  106   -1   53   2
c  203   -1   303   2
c  205   -1   105   2
c  351   -1   204   2
r  452   503   303   2
c  403   -1   251   2
r  252   203   403   2
r  204   304   206   2
c  256   -1   252   2
c  256   -1   153   2
r  57   8   5   2
c  58   -1   56   2
c  207   -1   205   2
r  301   401   252   2
c  502   -1   551   2
c  453   -1   551   2
r  304   351   401   2
c  407   -1   403   2
r  7   9   108   2
r  9   58   57   2
r  108   54   59   2
c  263   -1   314   2
c  603   -1   656   2
r  501   552   602   2
c  602   -1   655   2
r  551   604   652   2
c  61   -1   59   2
c  160   -1   64   2
r  359   259   308   2
c  460   -1   358   2
c  460   -1   509   2
c  459   -1   511   2
c  210   -1   110   2
c  554   -1   551   2
c  556   -1   504   2
c  651   -1   604   2
r  12   10   113   2
c  62   -1   60   2
c  112   -1   16   2
c  64   -1   165   2
c  411   -1   312   2
r  164   215   66   2
c  362   -1   461   2
c  316   -1   217   2
c  703   -1   701   2
c  752   -1   652   2
c  608   -1   757   2
r  559   608   658   2
r  13   113   64   2
c  66   -1   114   2
c  66   -1   113   2
r  215   266   66   2
r  414   365   463   2
c  760   -1   659   2
c  760   -1   607   2
c  757   -1   705   2
c  757   -1   755   2
c  853   -1   754   2
c  662   -1   560   2
c  564   -1   513   2
c  565   -1   617   2
r  416   318   467   2
c  711   -1   810   2
c  710   -1   663   2
c  851   -1   751   2
c  903   -1   951   2
r  614   565   711   2
c  517   -1   464   2
c  615   -1   467   2
c  467   -1   515   2
c  468   -1   370   2
c  419   -1   467   2
c  270   -1   218   2
c  320   -1   375   2
c  957   -1   807   2
c  954   -1   852   2
r  901   952   953   2
c  951   -1   852   2
c  1008   -1   908   2
c  765   -1   712   2
c  912   -1   861   2
c  1012   -1   964   2
c  1010   -1   911   2
c  1010   -1   864   2
c  70   -1   171   2
c  519   -1   568   2
c  272   -1   323   2
c  322   -1   223   2
c  813   -1   715   2
c  1102   -1   1001   2
c  913   -1   915   2
c  1064   -1   1012   2
c  1055   -1   1104   2
c  821   -1   768   2
c  421   -1   521   2
c  422   -1   523   2
c  374   -1   325   2
c  1106   -1   1054   2
c  1101   -1   1203   2
c  1109   -1   1209   2
r  1162   1113   1214   2
c  1164   -1   1215   2
c  1155   -1   1302   2
c  1160   -1   1211   2
c  173   -1   122   2
c  173   -1   71   2
c  126   -1   172   2
c  571   -1   524   2
c  671   -1   571   2
c  474   -1   521   2
c  1156   -1   1256   2
r  1201   1252   1203   2
c  1355   -1   1202   2
c  1016   -1   1065   2
r  1166   1016   1065   2
c  1116   -1   1016   2
c  1263   -1   1211   2
c  1262   -1   1264   2
r  1302   1251   1353   2
c  75   -1   177   2
r  76   127   175   2
r  572   621   672   2
c  525   -1   622   2
c  673   -1   624   2
c  574   -1   623   2
c  1020   -1   968   2
r  823   772   771   2
r  824   771   772   2
c  775   -1   824   2
c  478   -1   377   2
c  430   -1   330   2
c  1410   -1   1359   2
c  1406   -1   1453   2
r  1351   1302   1453   2
c  1352   -1   1453   2
c  1261   -1   1313   2
c  1119   -1   1068   2
r  1314   1265   1365   2
c  1364   -1   1264   2
c  1358   -1   1309   2
c  78   -1   130   2
c  78   -1   180   2
c  79   -1   131   2
c  676   -1   575   2
r  626   677   624   2
c  877   -1   775   2
c  129   -1   178   2
c  282   -1   329   2
c  483   -1   384   2
c  483   -1   435   2
c  1460   -1   1407   2
r  1451   1402   1353   2
c  1503   -1   1454   2
c  1602   -1   1453   2
c  1415   -1   1266   2
c  1270   -1   1268   2
c  1270   -1   1267   2
r  678   525   629   2
c  1024   -1   975   2
c  975   -1   924   2
c  828   -1   876   2
c  927   -1   1028   2
c  1025   -1   1076   2
c  232   -1   31   2
c  682   -1   630   2
c  732   -1   630   2
r  730   779   728   2
c  484   -1   487   2
c  1510   -1   1508   2
c  1509   -1   1560   2
r  1601   1702   1552   2
c  1652   -1   1704   2
r  1653   1753   1554   2
c  1470   -1   1219   2
r  1223   1274   1124   2
c  1513   -1   1614   2
c  1614   -1   1464   2
c  132   -1   186   2
c  1026   -1   978   2
c  729   -1   829   2
c  1224   -1   1074   2
c  979   -1   976   2
c  829   -1   778   2
c  930   -1   927   2
c  779   -1   731   2
c  1029   -1   878   2
c  334   -1   386   2
c  185   -1   133   2
c  780   -1   880   2
r  830   930   879   2
c  736   -1   632   2
c  336   -1   287   2
c  1561   -1   1559   2
c  1512   -1   1461   2
c  1611   -1   1509   2
c  1708   -1   1609   2
c  1755   -1   1605   2
c  1659   -1   1661   2
c  1801   -1   1653   2
c  1801   -1   1651   2
c  1620   -1   1569   2
c  1324   -1   1322   2
c  1422   -1   1272   2
r  34   85   133   2
c  931   -1   830   2
c  932   -1   880   2
c  1274   -1   1174   2
c  1225   -1   1125   2
c  1275   -1   1376   2
c  1030   -1   1028   2
c  238   -1   89   2
r  136   87   235   2
c  135   -1   33   2
c  35   -1   185   2
c  834   -1   883   2
c  686   -1   587   2
c  738   -1   639   2
c  1759   -1   1757   2
c  1808   -1   1909   2
c  1802   -1   1854   2
c  1852   -1   1804   2
c  1522   -1   1573   2
c  1670   -1   1618   2
c  1617   -1   1516   2
c  1667   -1   1566   2
c  1376   -1   1378   2
c  1376   -1   1226   2
c  1327   -1   1427   2
c  1714   -1   1666   2
c  85   -1   33   2
c  1032   -1   981   2
c  89   -1   38   2
c  787   -1   834   2
c  788   -1   639   2
r  688   737   739   2
c  935   -1   1183   2
r  139   188   191   2
c  1760   -1   1712   2
c  1862   -1   1661   2
c  1904   -1   1901   2
c  1906   -1   1753   2
c  1573   -1   1475   2
c  1772   -1   1671   2
c  1624   -1   1671   2
c  1475   -1   1527   2
r  1428   1377   1426   2
c  1765   -1   1866   2
c  1813   -1   1713   2
c  1813   -1   1913   2
c  1231   -1   1279   2
r  39   88   91   2
c  837   -1   886   2
c  838   -1   891   2
c  689   -1   788   2
r  740   688   788   2
c  839   -1   788   2
c  591   -1   589   2
r  191   140   143   2
c  1903   -1   2057   2
c  1956   -1   2003   2
c  2005   -1   1855   2
c  2152   -1   1951   2
c  2101   -1   2002   2
c  2003   -1   2152   2
c  1330   -1   1328   2
c  1574   -1   1674   2
c  1770   -1   1873   2
c  1873   -1   1924   2
c  1379   -1   1428   2
c  1037   -1   1136   2
c  988   -1   986   2
c  1036   -1   1038   2
c  1135   -1   1082   2
c  1134   -1   1233   2
c  1236   -1   1137   2
c  92   -1   340   2
r  42   142   90   2
c  891   -1   943   2
c  1137   -1   986   2
c  692   -1   592   2
c  744   -1   690   2
c  541   -1   692   2
c  493   -1   445   2
r  193   93   241   2
c  2011   -1   1912   2
c  2012   -1   2014   2
c  2062   -1   2163   2
c  2055   -1   2104   2
r  2201   2252   2003   2
c  2302   -1   2203   2
c  2103   -1   2101   2
c  1920   -1   1868   2
c  1820   -1   1871   2
c  1824   -1   1922   2
c  1922   -1   1823   2
c  1868   -1   1969   2
c  1916   -1   1766   2
c  1966   -1   1867   2
c  1578   -1   1530   2
c  1479   -1   1481   2
c  1087   -1   1135   2
c  1382   -1   1331   2
c  1435   -1   1286   2
c  1238   -1   1140   2
c  940   -1   840   2
c  1042   -1   792   2
c  844   -1   893   2
c  795   -1   846   2
c  1089   -1   941   2
c  1040   -1   1042   2
c  445   -1   346   2
c  545   -1   445   2
c  496   -1   395   2
c  2065   -1   1966   2
c  2107   -1   2008   2
r  2154   2205   2105   2
r  2251   2202   2153   2
c  2252   -1   2303   2
r  2353   2404   2304   2
r  2254   2252   2404   2
r  2402   2301   2302   2
r  2403   2452   2302   2
c  2456   -1   2302   2
c  1484   -1   1386   2
c  1726   -1   1827   2
c  1825   -1   1874   2
c  1975   -1   2021   2
c  1975   -1   1874   2
c  1972   -1   1870   2
c  1973   -1   2022   2
c  1976   -1   2126   2
c  1730   -1   1779   2
c  1580   -1   1682   2
c  1487   -1   1588   2
c  245   -1   446   2
c  395   -1   343   2
c  944   -1   844   2
c  1044   -1   992   2
c  994   -1   894   2
c  846   -1   898   2
c  597   -1   447   2
c  2067   -1   2116   2
c  2067   -1   2065   2
r  2253   2102   2402   2
c  2209   -1   2308   2
c  2216   -1   2167   2
c  2314   -1   2362   2
c  2217   -1   2165   2
r  2207   2209   2158   2
r  2351   2302   2403   2
c  2407   -1   2301   2
r  2452   2303   2454   2
c  2404   -1   2303   2
c  2455   -1   2356   2
c  2458   -1   2357   2
r  1534   1586   1536   2
c  1585   -1   1484   2
c  1881   -1   1979   2
r  1928   1876   1828   2
c  2025   -1   2072   2
c  2123   -1   2172   2
c  2074   -1   2224   2
c  1978   -1   1981   2
c  2119   -1   2168   2
c  1533   -1   1530   2
c  1780   -1   1931   2
c  1731   -1   1779   2
c  1535   -1   1436   2
c  1635   -1   1536   2
r  246   398   297   2
r  247   149   98   2
r  96   147   198   2
r  97   45   198   2
c  198   -1   95   2
c  945   -1   996   2
r  946   949   948   2
c  748   -1   750   2
r  697   550   748   2
c  847   -1   648   2
c  750   -1   796   2
r  798   896   648   2
c  897   -1   848   2
c  549   -1   649   2
c  700   -1   800   2
c  399   -1   547   2
c  499   -1   648   2
r  46   95   98   2
c  98   -1   199   2
c  2308   -1   2356   2
r  2364   2313   2263   2
c  2365   -1   2264   2
r  2409   2360   2407   2
c  2459   -1   2310   2
c  2460   -1   2458   2
c  1586   -1   1583   2
c  1880   -1   1778   2
c  2220   -1   2168   2
c  2317   -1   2365   2
c  1734   -1   1732   2
c  1684   -1   1586   2
c  1637   -1   1634   2
c  1687   -1   1588   2
c  1342   -1   1242   2
r  48   46   100   2
r  50   148   97   2
r  249   297   300   2
c  149   -1   198   2
c  848   -1   949   2
c  1096   -1   1049   2
c  1244   -1   1447   2
c  600   -1   449   2
r  400   449   349   2
r  200   299   249   2
c  250   -1   148   2
r  49   100   148   2
c  100   -1   148   2
c  2464   -1   2415   2
r  2413   2415   2312   2
c  2410   -1   2312   2
c  2461   -1   2364   2
c  2368   -1   2415   2
r  2462   2460   2413   2
c  2275   -1   2224   2
c  2226   -1   2077   2
c  2367   -1   2416   2
c  1787   -1   1734   2
c  1935   -1   1785   2
c  1885   -1   1737   2
c  1540   -1   1439   2
c  1441   -1   1493   2
c  1049   -1   998   2
r  1000   949   1099   2
r  1097   1049   1199   2
c  1346   -1   1499   2
c  1247   -1   1146   2
c  2465   -1   2418   2
c  2466   -1   2464   2
c  2466   -1   2414   2
c  2417   -1   2413   2
c  2422   -1   2320   2
c  2470   -1   2369   2
c  2179   -1   2231   2
c  2179   -1   2282   2
c  2231   -1   2282   2
c  2082   -1   2131   2
c  2235   -1   2132   2
r  2233   2334   2184   2
c  2276   -1   2376   2
r  2469   2418   2371   2
c  1985   -1   1987   2
c  1493   -1   1495   2
c  1690   -1   1642   2
c  1789   -1   1941   2
r  1149   1100   1050   2
c  1347   -1   1449   2
c  1397   -1   1446   2
r  1497   1448   1449   2
c  1445   -1   1496   2
r  1396   1398   1499   2
c  1499   -1   1398   2
r  1248   1200   1148   2
c  2472   -1   2371   2
r  2423   2425   2371   2
c  2374   -1   2422   2
c  2471   -1   2473   2
r  2328   2330   2377   2
c  2378   -1   2478   2
c  2186   -1   2387   2
c  2475   -1   2325   2
c  2426   -1   2477   2
c  2428   -1   2327   2
c  2427   -1   2328   2
r  1742   1791   1693   2
c  1743   -1   1593   2
c  1793   -1   1741   2
c  1892   -1   1791   2
c  1892   -1   1742   2
c  1545   -1   1494   2
c  1150   -1   1148   2
c  1150   -1   1199   2
r  1249   1300   1348   2
r  1200   1148   1099   2
c  1300   -1   1349   2
c  1399   -1   1498   2
r  1548   1499   1496   2
c  1349   -1   1498   2
r  1550   1400   1499   2
c  2379   -1   2430   2
c  2482   -1   2332   2
r  2485   2434   2437   2
r  2336   2436   2387   2
c  2477   -1   2479   2
c  2429   -1   2376   2
c  2039   -1   1987   2
c  1595   -1   1597   2
r  1646   1597   1693   2
c  1697   -1   1748   2
r  1299   1348   1449   2
c  1350   -1   1249   2
r  1450   1499   1498   2
r  1600   1649   1750   2
r  2481   2432   2430   2
c  2484   -1   2382   2
c  2487   -1   2485   2
c  2488   -1   2338   2
c  2240   -1   2287   2
c  2289   -1   2337   2
c  2090   -1   2039   2
c  1747   -1   1745   2
c  2141   -1   2143   2
c  1949   -1   2050   2
c  1949   -1   2146   2
c  1698   -1   1798   2
c  1700   -1   1698   2
c  1799   -1   1949   2
r  2439   2390   2437   2
c  2443   -1   2340   2
c  2341   -1   2440   2
c  2491   -1   2390   2
c  2492   -1   2389   2
c  2342   -1   2241   2
c  2091   -1   1993   2
c  1846   -1   1895   2
c  1946   -1   1998   2
r  1899   1897   1848   2
c  1947   -1   1899   2
c  2445   -1   2493   2
c  2445   -1   2441   2
c  2493   -1   2496   2
c  2246   -1   2295   2
r  2046   2146   2094   2
r  2096   2098   2047   2
r  2347   2345   2296   2
c  2049   -1   2096   2
c  2147   -1   2049   2
c  2495   -1   2396   2
c  2397   -1   2345   2
r  2297   2196   2248   2
r  2398   2199   2449   2
c  2200   -1   2098   2
c  2300   -1   2199   2
r  2349   2400   2448   2
r  2250   2248   2349   2
c  2448   -1   2450   2
r  2399   2447   2499   2
c  2498   -1   2398   2
c  2498   -1   2399   2
r  1   152   101   3
r  51   104   152   3
r  101   153   53   3
r  52   101   104   3
r  3   101   102   3
r  4   104   53   3
r  205   105   153   3
r  254   303   153   3
r  8   108   106   3
r  301   252   303   3
r  159   111   61   3
r  460   509   408   3
r  553   604   656   3
r  653   602   752   3
r  606   504   655   3
r  13   64   16   3
r  63   61   14   3
r  116   216   215   3
r  166   266   115   3
r  751   802   803   3
r  117   17   66   3
r  19   70   66   3
r  806   755   906   3
r  901   953   802   3
r  959   1008   908   3
r  714   663   665   3
r  120   71   72   3
r  469   471   518   3
r  1053   1104   1001   3
r  274   174   374   3
c  672   -1   623   3
r  1304   1355   1453   3
r  1251   1203   1302   3
r  624   621   672   3
r  482   531   533   3
r  1315   1266   1366   3
r  1402   1301   1353   3
r  972   1072   921   3
r  1452   1503   1352   3
r  1553   1454   1453   3
r  1501   1601   1453   3
r  130   182   31   3
r  878   927   979   3
r  1653   1554   1753   3
r  1555   1706   1652   3
r  1369   1418   1371   3
r  82   33   84   3
r  1702   1753   1704   3
r  1655   1704   1756   3
r  1321   1272   1373   3
r  33   84   185   3
r  34   133   135   3
r  85   36   82   3
r  185   234   34   3
r  832   777   881   3
r  1802   1854   1753   3
r  1516   1417   1667   3
r  1228   1280   1177   3
r  938   889   788   3
r  2101   2002   2152   3
r  1866   1815   1715   3
r  40   89   92   3
r  41   92   142   3
r  2103   2101   2106   3
r  2251   2253   2203   3
r  2012   2014   2010   3
r  242   191   194   3
r  1386   1435   1335   3
r  2301   2452   2402   3
r  2352   2305   2354   3
r  2401   2352   2304   3
r  2353   2304   2254   3
r  2351   2403   2302   3
r  2452   2454   2302   3
r  2451   2402   2302   3
r  2404   2303   2302   3
r  2455   2356   2302   3
r  2204   2253   2355   3
r  2405   2456   2403   3
r  2064   2115   2013   3
r  1629   1682   1677   3
r  1188   1191   1190   3
r  94   96   97   3
r  649   647   748   3
r  196   245   97   3
r  45   99   150   3
r  146   246   97   3
r  2402   2302   2303   3
r  2403   2302   2303   3
r  2254   2302   2303   3
r  2355   2406   2303   3
r  2255   2355   2354   3
r  2453   2254   2402   3
r  2207   2259   2159   3
r  2358   2407   2310   3
r  2217   2268   2265   3
r  96   198   199   3
r  198   146   98   3
c  996   -1   948   3
r  598   649   549   3
r  399   547   448   3
r  197   248   200   3
r  46   98   97   3
r  148   249   45   3
r  150   249   148   3
r  147   198   199   3
r  2124   2172   2072   3
r  1631   1682   1582   3
r  298   199   249   3
r  48   100   148   3
r  50   98   99   3
r  99   150   97   3
r  149   147   97   3
r  49   148   97   3
r  1047   1096   1199   3
r  550   648   598   3
r  749   649   648   3
r  799   748   750   3
r  300   349   150   3
r  2082   2131   1981   3
r  1447   1398   1496   3
r  2463   2414   2461   3
r  2462   2411   2414   3
r  2422   2419   2370   3
r  2133   2131   2282   3
r  2233   2184   2282   3
r  1200   1099   1050   3
r  2373   2421   2371   3
r  2473   2424   2422   3
r  2328   2379   2479   3
r  2283   2134   2183   3
r  2376   2427   2327   3
r  2427   2378   2375   3
r  2428   2477   2329   3
r  1892   1791   1841   3
r  1400   1300   1449   3
r  1300   1199   1449   3
r  1547   1447   1496   3
r  1939   1988   1987   3
r  2431   2480   2282   3
r  2479   2430   2378   3
r  2478   2377   2376   3
r  2481   2430   2332   3
r  1550   1499   1498   3
r  1649   1698   1750   3
r  1600   1750   1698   3
r  1698   1598   1599   3
r  1700   1698   1599   3
r  2437   2488   2440   3
r  2485   2334   2387   3
r  2436   2487   2439   3
r  2441   2492   2342   3
r  2492   2443   2390   3
r  1899   1848   2048   3
r  1999   1947   1849   3
r  2444   2495   2396   3
r  1900   1949   1947   3
r  2149   2248   2348   3
r  2247   2396   2398   3
r  2199   2250   2248   3
r  2447   2498   2449   3
r  2398   2347   2298   3
r  2300   2297   2198   3
r  2448   2450   2350   3
r  2350   2399   2499   3
c  2499   -1   2349   3
r  2450   2399   2398   3
r  2500   2448   2398   3
r  2400   2499   2448   3
r  1   102   152   4
r  2   101   153   4
r  152   201   104   4
r  55   57   52   4
r  4   6   56   4
r  106   6   104   4
r  156   102   104   4
r  5   8   56   4
r  351   204   353   4
r  253   302   352   4
r  6   55   58   4
r  304   301   453   4
r  7   108   107   4
r  158   58   9   4
r  504   455   506   4
r  554   551   506   4
r  701   752   603   4
r  14   115   66   4
r  851   902   803   4
r  562   614   712   4
r  1003   903   902   4
r  1001   1101   1152   4
r  712   660   764   4
r  368   419   467   4
r  70   171   21   4
r  21   168   123   4
r  121   173   174   4
r  22   74   123   4
r  126   124   74   4
r  1210   1159   1108   4
r  1251   1202   1352   4
r  1354   1453   1401   4
r  1301   1353   1252   4
r  1401   1452   1252   4
r  1352   1453   1354   4
r  1353   1355   1453   4
r  1402   1353   1453   4
r  1601   1652   1453   4
r  1313   1365   1265   4
r  1651   1702   1753   4
r  1702   1751   1753   4
r  1221   1170   1371   4
r  1852   1801   1753   4
r  880   878   831   4
r  1224   1074   1226   4
r  83   183   135   4
r  335   383   235   4
r  732   630   734   4
r  133   82   34   4
r  35   86   82   4
r  185   133   85   4
r  84   135   185   4
r  85   82   83   4
r  36   87   90   4
r  2101   2053   2003   4
r  188   88   239   4
r  2252   2303   2003   4
r  1772   1671   1823   4
r  40   91   142   4
r  2302   2152   2402   4
r  2253   2402   2251   4
r  2351   2302   2405   4
r  2254   2303   2203   4
r  1626   1675   1778   4
r  41   90   92   4
r  242   193   191   4
r  93   95   97   4
r  2352   2354   2405   4
r  2453   2305   2302   4
r  2256   2354   2405   4
r  744   690   693   4
r  145   196   97   4
r  97   198   199   4
r  2454   2405   2304   4
r  2311   2210   2410   4
r  45   150   97   4
r  47   96   199   4
r  96   197   198   4
r  147   199   98   4
r  98   149   250   4
r  196   243   96   4
r  99   148   199   4
r  150   148   97   4
r  2362   2313   2364   4
r  2411   2460   2312   4
r  2123   2172   2125   4
r  547   549   648   4
r  699   748   648   4
r  700   648   748   4
r  398   449   450   4
r  46   97   98   4
r  49   97   148   4
r  50   97   98   4
r  149   97   248   4
r  200   249   298   4
r  2319   2370   2422   4
r  1587   1687   1689   4
r  2077   2227   2125   4
r  1835   1935   1737   4
r  800   749   648   4
r  2418   2466   2415   4
r  2468   2470   2369   4
r  2273   2275   2371   4
r  2178   2176   2079   4
r  999   1050   1150   4
r  1296   1397   1449   4
r  1148   1099   1050   4
r  1149   1049   999   4
r  1100   999   1000   4
r  2427   2375   2378   4
r  2330   2382   2282   4
r  2478   2376   2429   4
r  2482   2332   2280   4
r  2380   2282   2332   4
r  2433   2431   2436   4
r  2335   2337   2284   4
r  2336   2285   2287   4
r  1400   1449   1498   4
r  1500   1498   1400   4
r  1695   1698   1697   4
r  2480   2482   2431   4
r  2388   2288   2337   4
r  2489   2440   2337   4
r  2486   2437   2440   4
r  1598   1549   1750   4
r  1699   1799   1599   4
r  2491   2390   2241   4
r  2100   2200   2098   4
r  2446   2444   2394   4
r  2396   2445   2496   4
r  2299   2296   2348   4
r  2349   2449   2398   4
r  2250   2349   2248   4
r  2498   2398   2349   4
r  2450   2499   2350   4
r  2500   2449   2349   4
r  2400   2448   2398   4
r  2   53   152   5
r  3   51   152   5
r  53   55   153   5
r  352   403   303   5
r  4   53   206   5
r  203   303   252   5
r  206   155   153   5
r  6   58   53   5
r  401   452   252   5
r  108   59   105   5
r  158   7   109   5
r  551   602   603   5
r  159   61   110   5
r  110   61   161   5
r  11   62   13   5
r  603   454   556   5
r  13   16   64   5
r  561   661   712   5
r  856   905   804   5
r  901   802   803   5
r  956   904   1004   5
r  663   665   712   5
r  1051   1102   1203   5
r  76   175   74   5
r  1101   1203   1154   5
r  77   79   80   5
r  1212   1261   1214   5
r  1303   1203   1251   5
r  1251   1352   1353   5
r  329   331   428   5
r  1068   1121   1117   5
r  1402   1453   1353   5
r  1401   1252   1453   5
r  1022   1071   921   5
r  776   727   879   5
r  631   680   629   5
r  1168   1069   1067   5
r  1501   1453   1601   5
r  1654   1554   1652   5
r  633   684   680   5
r  32   131   83   5
r  83   132   185   5
r  1561   1559   1509   5
r  536   534   489   5
r  133   34   82   5
r  34   135   86   5
r  134   185   33   5
r  1905   2005   1753   5
r  1077   1028   1128   5
r  488   439   389   5
r  1855   1906   1903   5
r  934   932   1033   5
r  38   91   90   5
r  88   140   142   5
r  1035   986   1032   5
r  39   90   142   5
r  2201   2152   2153   5
r  2053   2157   2102   5
r  1136   1088   1083   5
r  592   543   645   5
r  1917   1866   1766   5
r  2301   2402   2304   5
r  2163   2112   2214   5
r  342   344   293   5
r  593   644   642   5
r  45   97   143   5
r  145   97   199   5
r  2352   2405   2455   5
r  2401   2304   2352   5
r  2451   2352   2402   5
r  2404   2402   2406   5
r  2454   2304   2302   5
r  2458   2357   2302   5
r  2402   2303   2405   5
r  2353   2302   2405   5
r  2351   2252   2304   5
r  2305   2302   2405   5
r  2403   2303   2304   5
r  2115   2066   2167   5
r  95   195   98   5
r  596   594   644   5
r  46   199   97   5
r  199   196   248   5
r  96   199   98   5
r  147   98   199   5
r  150   250   98   5
r  149   248   97   5
r  50   99   97   5
r  2072   2023   2074   5
r  2452   2302   2404   5
r  2453   2302   2401   5
r  2117   2016   2169   5
r  2266   2317   2264   5
r  894   842   945   5
r  747   846   649   5
r  700   748   648   5
r  48   97   199   5
r  100   148   49   5
r  248   97   98   5
r  300   150   199   5
r  2171   2071   2070   5
r  800   648   848   5
r  2028   2030   2079   5
r  2462   2413   2410   5
r  2418   2367   2464   5
r  2419   2471   2367   5
r  2369   2318   2371   5
r  2370   2419   2471   5
r  1247   1199   1147   5
r  1198   1247   1146   5
r  2273   2225   2224   5
r  2470   2369   2422   5
r  2424   2422   2371   5
r  1542   1593   1441   5
r  1148   1097   1250   5
r  1449   1446   1298   5
r  1496   1499   1449   5
r  1100   1049   1199   5
r  1839   1941   1888   5
r  1399   1498   1348   5
r  1349   1449   1347   5
r  1400   1498   1449   5
r  1350   1249   1449   5
r  1300   1449   1249   5
r  2329   2278   2427   5
r  2431   2482   2332   5
r  2430   2330   2432   5
r  2386   2287   2438   5
r  1600   1698   1748   5
r  2482   2280   2382   5
r  2288   2340   2337   5
r  1898   1949   1849   5
r  2442   2342   2440   5
r  2294   2296   2246   5
r  1950   1948   1799   5
r  2445   2441   2392   5
r  2195   2144   2094   5
r  2000   2049   1899   5
r  2100   2098   2198   5
r  2494   2447   2394   5
r  2495   2493   2346   5
r  2199   2150   2299   5
r  2497   2398   2348   5
r  2447   2449   2398   5
r  2248   2348   2150   5
r  2498   2349   2398   5
r  2449   2497   2350   5
r  2450   2350   2349   5
r  2400   2398   2448   5
r  1   101   52   6
r  2   153   101   6
r  152   52   53   6
r  101   53   153   6
r  3   102   153   6
r  151   153   52   6
r  103   52   55   6
r  352   401   252   6
r  4   206   6   6
r  156   105   153   6
r  56   157   53   6
r  55   52   108   6
r  302   351   401   6
r  353   252   301   6
r  5   58   106   6
r  304   453   252   6
r  301   303   252   6
r  158   109   57   6
r  501   602   603   6
r  551   603   651   6
r  10   61   113   6
r  651   552   506   6
r  557   506   606   6
r  63   14   61   6
r  12   60   112   6
r  555   607   506   6
r  703   655   603   6
r  464   365   364   6
r  851   751   703   6
r  801   852   752   6
r  803   752   902   6
r  714   665   763   6
r  221   272   218   6
r  71   221   123   6
r  1014   1062   1012   6
r  1056   958   1054   6
r  1152   1053   1154   6
r  1109   1209   1208   6
r  1163   1011   1114   6
r  76   74   78   6
r  1252   1352   1254   6
r  1303   1251   1252   6
r  327   276   430   6
r  1301   1352   1353   6
r  1452   1552   1353   6
r  1504   1604   1453   6
r  1501   1552   1453   6
r  1606   1555   1705   6
r  1509   1560   1461   6
r  975   924   878   6
r  679   730   681   6
r  1420   1320   1318   6
r  1655   1755   1754   6
r  1701   1801   1753   6
r  1752   1801   1653   6
r  1754   1703   1605   6
r  1610   1510   1461   6
r  1570   1621   1470   6
r  1615   1664   1566   6
r  33   35   82   6
r  135   133   84   6
r  1803   1854   1704   6
r  1660   1711   1759   6
r  1710   1759   1661   6
r  1621   1670   1521   6
r  1951   2002   2102   6
r  1907   1808   1859   6
r  1760   1712   1660   6
r  1862   1813   1910   6
r  139   137   142   6
r  2052   2101   1951   6
r  2053   2002   2001   6
r  2101   2152   2153   6
r  2005   1956   2057   6
r  838   891   939   6
r  39   142   90   6
r  141   90   89   6
r  38   36   142   6
r  837   888   788   6
r  140   89   88   6
r  42   90   142   6
r  741   690   839   6
r  642   693   541   6
r  43   94   97   6
r  2204   2303   2302   6
r  2254   2404   2303   6
r  2301   2304   2405   6
r  2405   2403   2302   6
r  1825   1776   1774   6
r  145   94   97   6
r  2401   2352   2404   6
r  2455   2404   2402   6
r  2351   2304   2302   6
r  2452   2401   2302   6
r  2453   2402   2302   6
r  2457   2357   2302   6
r  2353   2405   2404   6
r  146   97   199   6
r  47   199   248   6
r  96   98   199   6
r  149   198   98   6
r  198   98   97   6
r  49   148   97   6
r  200   300   97   6
r  250   148   97   6
r  2451   2302   2404   6
r  2454   2302   2403   6
r  2365   2414   2263   6
r  246   197   346   6
r  549   600   450   6
r  599   597   498   6
r  650   699   750   6
r  398   450   549   6
r  399   450   199   6
r  450   499   448   6
r  99   97   198   6
r  100   49   199   6
r  150   97   198   6
r  249   300   98   6
r  298   249   98   6
r  197   98   299   6
r  2361   2312   2413   6
r  2464   2415   2362   6
r  2412   2461   2363   6
r  2414   2465   2418   6
r  1095   1144   1146   6
r  550   599   499   6
r  750   649   648   6
r  849   749   750   6
r  2272   2274   2224   6
r  1980   2029   2082   6
r  2463   2410   2414   6
r  2465   2467   2417   6
r  2467   2416   2464   6
r  2371   2473   2367   6
r  1096   1048   1050   6
r  1047   1199   1096   6
r  1246   1195   1147   6
r  2323   2274   2422   6
r  2471   2473   2371   6
r  2374   2321   2371   6
r  2423   2371   2369   6
r  2424   2371   2422   6
r  1641   1690   1643   6
r  1048   1050   1199   6
r  1197   1146   1049   6
r  1199   1148   1050   6
r  2328   2479   2477   6
r  2184   2235   2231   6
r  1200   1149   1148   6
r  1300   1249   1449   6
r  2427   2378   2376   6
r  2430   2280   2282   6
r  2477   2479   2428   6
r  2380   2332   2280   6
r  2432   2282   2483   6
r  1600   1699   1698   6
r  1700   1600   1798   6
r  1650   1698   1798   6
r  2481   2332   2432   6
r  2438   2487   2440   6
r  1993   2044   2143   6
r  1699   1599   1697   6
r  2489   2337   2440   6
r  1950   1799   1998   6
r  2000   1899   1949   6
r  2195   2094   2244   6
r  2097   2046   1998   6
r  2447   2398   2394   6
r  2199   2248   2098   6
r  2198   2200   2149   6
r  2497   2348   2398   6
r  2448   2350   2300   6
r  2248   2150   2300   6
r  2350   2398   2348   6
r  2250   2248   2198   6
r  2498   2398   2349   6
r  2449   2350   2349   6
r  2400   2449   2398   6
r  2450   2349   2448   6
r  2499   2349   2450   6
r  2500   2349   2350   6
r  1   152   103   7
r  51   152   2   7
r  2   101   153   7
r  103   101   105   7
r  101   152   104   7
r  102   2   153   7
r  3   153   104   7
r  151   52   153   7
r  156   153   103   7
r  4   6   53   7
r  205   153   152   7
r  203   103   205   7
r  252   403   153   7
r  255   206   153   7
r  6   53   153   7
r  56   53   105   7
r  5   106   105   7
r  58   109   55   7
r  402   351   252   7
r  353   301   252   7
r  303   252   256   7
r  452   352   254   7
r  451   402   403   7
r  406   408   358   7
r  61   59   110   7
r  13   62   113   7
r  652   603   553   7
r  704   702   603   7
r  702   653   803   7
r  15   64   115   7
r  901   801   753   7
r  852   901   952   7
r  903   954   803   7
r  953   852   803   7
r  614   711   712   7
r  717   666   769   7
r  23   74   123   7
r  720   722   669   7
r  273   173   123   7
r  126   172   75   7
r  1101   1154   1203   7
r  1105   1156   1054   7
r  1202   1102   1251   7
r  1201   1203   1252   7
r  1251   1302   1203   7
r  725   624   672   7
r  228   277   128   7
r  1352   1303   1451   7
r  1402   1353   1453   7
r  1401   1453   1302   7
r  1404   1356   1453   7
r  1351   1252   1552   7
r  1456   1505   1453   7
r  1554   1602   1453   7
r  129   178   29   7
r  379   377   479   7
r  79   31   130   7
r  1502   1453   1353   7
r  1501   1453   1552   7
r  1756   1808   1605   7
r  1806   1758   1809   7
r  1076   1125   1128   7
r  33   185   84   7
r  133   82   185   7
r  134   33   185   7
r  35   185   33   7
r  135   33   184   7
r  1901   1903   1753   7
r  336   236   388   7
r  36   90   142   7
r  1855   1903   1955   7
r  1761   1713   1809   7
r  89   38   142   7
r  688   639   788   7
r  139   142   88   7
r  2053   2102   2004   7
r  2153   1953   2003   7
r  42   142   89   7
r  38   142   139   7
r  1574   1526   1475   7
r  1817   1766   1866   7
r  2201   2153   2101   7
r  2106   2206   2205   7
r  641   541   645   7
r  93   97   199   7
r  44   145   97   7
r  2253   2251   2255   7
r  145   199   98   7
r  46   98   199   7
r  147   199   45   7
r  98   250   198   7
r  1776   1725   1676   7
r  2018   1969   2169   7
r  2303   2251   2455   7
r  2304   2355   2302   7
r  2456   2458   2405   7
r  2351   2405   2404   7
r  2453   2401   2402   7
r  2457   2406   2403   7
r  2354   2403   2302   7
r  2403   2304   2302   7
r  2451   2404   2302   7
r  2402   2351   2404   7
r  2357   2408   2405   7
r  2216   2167   2163   7
r  1387   1336   1434   7
r  1240   1189   1238   7
r  96   199   98   7
r  50   98   199   7
r  49   98   198   7
r  250   199   197   7
r  247   346   97   7
r  48   199   97   7
r  99   198   97   7
r  349   298   97   7
r  546   544   598   7
r  150   98   199   7
r  298   250   199   7
r  400   398   199   7
r  100   199   198   7
r  297   346   98   7
r  299   199   98   7
r  2454   2402   2353   7
r  2401   2302   2452   7
r  2217   2165   2166   7
r  2411   2413   2311   7
r  945   996   844   7
r  699   750   848   7
r  2071   2022   2023   7
r  2361   2363   2461   7
r  1147   1096   1094   7
r  550   499   648   7
r  600   598   549   7
r  850   848   648   7
r  2077   2125   2275   7
r  2465   2417   2414   7
r  2466   2414   2418   7
r  2419   2367   2421   7
r  1096   1049   1148   7
r  1097   1199   1148   7
r  1098   1050   1147   7
r  1198   1147   1097   7
r  899   848   750   7
r  900   849   848   7
r  1934   1985   1885   7
r  2473   2425   2371   7
r  2324   2474   2422   7
r  1048   1199   999   7
r  999   1099   1199   7
r  1049   950   1199   7
r  1149   1050   1000   7
r  1150   1199   1000   7
r  1099   1150   1048   7
r  1397   1446   1449   7
r  1499   1599   1349   7
r  1249   1348   1449   7
r  2280   2331   2282   7
r  2474   2422   2375   7
r  1349   1347   1449   7
r  1500   1400   1498   7
r  1350   1399   1498   7
r  2377   2429   2329   7
r  2427   2376   2378   7
r  2431   2332   2382   7
r  2428   2327   2328   7
r  2379   2428   2479   7
r  2434   2385   2332   7
r  2482   2430   2332   7
r  2484   2382   2332   7
r  2435   2486   2487   7
r  1597   1649   1698   7
r  2486   2440   2387   7
r  2288   2337   2241   7
r  1750   1798   1748   7
r  2092   2192   2143   7
r  2100   2149   2098   7
r  2496   2445   2394   7
r  2495   2346   2394   7
r  2098   2198   2298   7
r  2248   2300   2250   7
r  2349   2398   2499   7
r  2399   2448   2348   7
r  2400   2448   2348   7
r  2300   2198   2398   7
r  2498   2349   2398   7
r  2449   2498   2350   7
r  2450   2448   2399   7
r  2500   2350   2400   7
r  2350   2348   2398   7
r  1   52   153   8
r  51   2   153   8
r  2   153   104   8
r  101   104   103   8
r  102   352   53   8
r  6   153   103   8
r  105   154   153   8
r  151   103   105   8
r  252   254   354   8
r  156   103   153   8
r  205   156   153   8
r  54   6   153   8
r  56   105   3   8
r  202   153   104   8
r  305   405   356   8
r  352   252   254   8
r  302   401   402   8
r  404   504   252   8
r  453   354   553   8
r  11   13   113   8
r  264   164   316   8
r  365   317   263   8
r  64   66   113   8
r  63   12   66   8
r  12   112   64   8
r  360   411   261   8
r  652   703   603   8
r  654   703   606   8
r  751   803   603   8
r  661   607   658   8
r  617   666   517   8
r  69   118   169   8
r  20   71   22   8
r  951   852   803   8
r  713   665   764   8
r  1003   952   1001   8
r  958   1009   859   8
r  272   372   221   8
r  121   172   123   8
r  23   72   120   8
r  173   122   72   8
r  1014   1063   1065   8
r  1159   1208   1108   8
r  1251   1203   1152   8
r  965   1016   968   8
r  1354   1401   1453   8
r  1353   1305   1402   8
r  1405   1305   1453   8
r  724   772   771   8
r  77   126   129   8
r  1352   1451   1453   8
r  1452   1353   1401   8
r  1451   1353   1552   8
r  1402   1302   1451   8
r  1401   1302   1453   8
r  1502   1451   1453   8
r  1020   968   1017   8
r  31   80   78   8
r  828   877   879   8
r  32   83   86   8
r  1801   1651   1752   8
r  1608   1508   1660   8
r  1321   1372   1272   8
r  489   389   486   8
r  36   139   189   8
r  1951   1953   2153   8
r  1759   1757   1662   8
r  1860   1811   1809   8
r  188   239   237   8
r  2002   1954   1951   8
r  2102   2153   2003   8
r  2051   2002   2003   8
r  2005   2057   2104   8
r  1669   1618   1769   8
r  1228   1277   1226   8
r  1815   1864   1867   8
r  1960   2060   1912   8
r  39   90   142   8
r  42   89   142   8
r  2151   1951   2003   8
r  2201   2101   2153   8
r  1039   1139   1088   8
r  592   645   492   8
r  543   495   541   8
r  45   98   97   8
r  2253   2304   2302   8
r  2063   2162   2163   8
r  2112   2014   2211   8
r  1432   1383   1485   8
r  594   645   642   8
r  46   199   98   8
r  148   97   199   8
r  147   247   199   8
r  146   199   97   8
r  2303   2455   2255   8
r  2352   2455   2404   8
r  2455   2402   2404   8
r  2351   2404   2405   8
r  2403   2401   2455   8
r  2454   2353   2302   8
r  2401   2452   2302   8
r  2357   2308   2302   8
r  2453   2302   2405   8
r  1239   1188   1290   8
r  498   547   549   8
r  249   198   300   8
r  200   97   98   8
r  50   97   198   8
r  298   98   198   8
r  49   198   199   8
r  250   97   199   8
r  247   97   199   8
r  100   98   199   8
r  48   97   199   8
r  197   299   97   8
r  300   199   97   8
r  400   199   97   8
r  297   98   97   8
r  299   198   97   8
r  2451   2302   2404   8
r  1682   1633   1631   8
r  845   894   897   8
r  398   549   449   8
r  150   199   98   8
r  2120   2168   2069   8
r  1781   1730   1779   8
r  2366   2317   2312   8
r  1195   1193   1199   8
r  600   549   696   8
r  900   848   648   8
r  2416   2464   2418   8
r  2321   2372   2422   8
r  1441   1493   1490   8
r  997   948   897   8
r  2470   2371   2369   8
r  2420   2422   2371   8
r  1048   997   1000   8
r  1049   1199   1047   8
r  1050   1099   999   8
r  1446   1346   1348   8
r  2474   2423   2374   8
r  1592   1590   1594   8
r  1300   1449   1498   8
r  1399   1348   1298   8
r  1299   1350   1498   8
r  1549   1398   1496   8
r  1400   1249   1499   8
r  2431   2382   2332   8
r  2432   2332   2282   8
r  2478   2429   2328   8
r  2477   2428   2376   8
r  2429   2427   2378   8
r  2481   2432   2332   8
r  2483   2436   2332   8
r  2336   2287   2237   8
r  2287   2289   2241   8
r  2484   2332   2382   8
r  2288   2241   2440   8
r  2487   2439   2436   8
r  1898   1947   1946   8
r  1699   1748   1798   8
r  1650   1750   1748   8
r  2389   2441   2442   8
r  2490   2439   2339   8
r  2093   2144   1994   8
r  2092   2141   2043   8
r  1950   1998   2048   8
r  2049   1998   1949   8
r  1700   1599   1748   8
r  2445   2392   2496   8
r  2396   2345   2445   8
r  2249   2198   2149   8
r  2200   2098   2198   8
r  2497   2398   2449   8
r  2248   2299   2199   8
r  2499   2398   2348   8
r  2449   2349   2348   8
r  2448   2499   2399   8
r  2299   2348   2398   8
r  2498   2399   2349   8
r  2399   2348   2300   8
r  2500   2400   2449   8
r  2350   2499   2399   8
r  1   153   152   9
r  51   102   104   9
r  2   152   56   9
r  52   104   153   9
r  3   104   153   9
r  56   3   105   9
r  54   56   103   9
r  55   106   57   9
r  203   205   254   9
r  154   205   106   9
r  257   205   153   9
r  5   105   153   9
r  4   53   104   9
r  6   103   106   9
r  106   104   205   9
r  8   106   108   9
r  58   56   105   9
r  352   303   354   9
r  107   158   9   9
r  301   252   353   9
r  351   252   452   9
r  61   110   113   9
r  62   64   113   9
r  551   652   603   9
r  112   11   66   9
r  64   165   66   9
r  651   506   603   9
r  701   652   604   9
r  410   358   359   9
r  315   363   215   9
r  13   113   66   9
r  801   803   603   9
r  167   69   66   9
r  69   120   66   9
r  753   755   805   9
r  852   952   951   9
r  802   753   901   9
r  955   855   754   9
r  20   22   71   9
r  70   119   22   9
r  904   953   803   9
r  857   957   855   9
r  120   22   173   9
r  21   119   120   9
r  816   764   867   9
r  222   124   71   9
r  24   22   123   9
r  1051   1203   1102   9
r  1203   1252   1353   9
r  423   372   524   9
r  481   381   382   9
r  1301   1353   1254   9
r  1352   1354   1451   9
r  525   623   527   9
r  179   130   78   9
r  1351   1552   1353   9
r  1402   1453   1552   9
r  1401   1352   1552   9
r  1501   1601   1453   9
r  677   726   625   9
r  874   974   774   9
r  627   625   575   9
r  30   79   78   9
r  1558   1607   1660   9
r  81   32   33   9
r  535   487   436   9
r  83   135   131   9
r  33   82   86   9
r  34   86   83   9
r  86   84   82   9
r  133   33   82   9
r  1751   1802   1851   9
r  1710   1661   1708   9
r  35   33   185   9
r  237   239   137   9
r  1901   1753   2003   9
r  1903   2057   1852   9
r  1909   1858   1809   9
r  138   236   287   9
r  88   137   141   9
r  2051   2003   2201   9
r  2052   1951   2152   9
r  2103   2003   2001   9
r  2101   2153   2152   9
r  1623   1723   1674   9
r  242   194   142   9
r  2151   2003   2054   9
r  2201   2003   2152   9
r  2014   1962   1912   9
r  292   241   143   9
r  44   146   199   9
r  195   144   97   9
r  2204   2302   2405   9
r  2301   2352   2404   9
r  497   548   495   9
r  45   143   98   9
r  146   197   98   9
r  2255   2257   2302   9
r  2352   2403   2405   9
r  2303   2301   2405   9
r  2456   2405   2403   9
r  2351   2405   2404   9
r  2452   2404   2401   9
r  2254   2203   2302   9
r  2355   2455   2302   9
r  2407   2405   2302   9
r  2305   2405   2302   9
r  2453   2402   2302   9
r  2451   2402   2302   9
r  2308   2356   2302   9
r  2404   2302   2453   9
r  2304   2302   2255   9
r  2357   2302   2207   9
r  2356   2358   2405   9
r  2353   2404   2405   9
r  2306   2308   2405   9
r  1968   1868   1919   9
r  1869   1920   1969   9
r  1825   1774   1776   9
r  1580   1680   1533   9
r  1436   1387   1485   9
r  396   447   245   9
r  498   447   648   9
r  95   144   248   9
r  149   98   198   9
r  198   95   45   9
r  249   98   97   9
r  200   298   198   9
r  50   198   97   9
r  300   197   199   9
r  248   96   97   9
r  47   98   96   9
r  100   199   97   9
r  48   199   97   9
r  150   198   97   9
r  350   299   97   9
r  2408   2359   2310   9
r  746   748   648   9
r  699   848   697   9
r  700   800   748   9
r  250   199   98   9
r  2120   2169   2171   9
r  1640   1642   1588   9
r  697   748   750   9
r  898   850   648   9
r  850   799   750   9
r  800   848   648   9
r  749   648   747   9
r  799   848   699   9
r  2173   2175   2224   9
r  2369   2371   2422   9
r  2421   2472   2369   9
r  1643   1694   1640   9
r  1197   1148   1246   9
r  1148   1250   1199   9
r  1199   1050   1049   9
r  1447   1445   1449   9
r  2470   2369   2473   9
r  2420   2369   2422   9
r  2183   2131   2132   9
r  1790   1788   1887   9
r  1100   1000   1148   9
r  1249   1198   1349   9
r  2425   2374   2275   9
r  2385   2285   2282   9
r  1549   1496   1498   9
r  1400   1499   1498   9
r  1548   1496   1449   9
r  2427   2378   2376   9
r  2481   2381   2282   9
r  1697   1748   1646   9
r  2482   2332   2380   9
r  1992   2094   2044   9
r  1949   2050   1997   9
r  1750   1799   1698   9
r  2392   2341   2293   9
r  2092   2043   1993   9
r  1799   1949   2048   9
r  2000   2048   1998   9
r  2394   2445   2397   9
r  2100   2198   2197   9
r  2200   2349   2348   9
r  2447   2394   2396   9
r  2248   2250   2348   9
r  2349   2448   2398   9
r  2400   2398   2300   9
r  2499   2450   2398   9
r  2300   2199   2348   9
r  2498   2349   2300   9
r  2450   2398   2448   9
r  1   152   104   10
r  2   56   153   10
r  103   105   56   10
r  101   153   152   10
r  52   3   105   10
r  3   153   105   10
r  102   153   104   10
r  151   105   103   10
r  55   108   153   10
r  4   104   153   10
r  106   205   153   10
r  251   202   153   10
r  157   206   153   10
r  57   108   153   10
r  252   153   352   10
r  452   254   256   10
r  302   402   254   10
r  107   9   58   10
r  301   353   403   10
r  7   58   157   10
r  8   56   57   10
r  303   256   252   10
r  403   251   252   10
r  160   64   113   10
r  602   655   604   10
r  801   752   604   10
r  411   312   362   10
r  14   165   113   10
r  216   265   113   10
r  705   604   603   10
r  703   603   751   10
r  851   703   752   10
r  166   115   66   10
r  169   221   66   10
r  659   708   608   10
r  611   662   613   10
r  514   463   616   10
r  469   518   467   10
r  662   560   710   10
r  123   222   171   10
r  1101   1203   1202   10
r  1302   1253   1152   10
r  1112   1012   1064   10
r  1116   1215   1064   10
r  523   574   374   10
r  377   326   279   10
r  1201   1152   1203   10
r  1252   1353   1453   10
r  1354   1453   1254   10
r  1162   1214   1113   10
r  1163   1214   1116   10
r  77   80   131   10
r  228   128   177   10
r  1402   1552   1453   10
r  1452   1401   1552   10
r  1401   1552   1352   10
r  1502   1353   1553   10
r  971   1022   1020   10
r  129   29   131   10
r  1317   1366   1415   10
r  826   1026   879   10
r  926   975   977   10
r  433   482   385   10
r  32   34   84   10
r  1702   1704   1653   10
r  1372   1272   1321   10
r  83   131   32   10
r  84   185   184   10
r  1851   1951   1753   10
r  1954   1902   1753   10
r  1710   1708   1609   10
r  1760   1661   1609   10
r  1569   1468   1470   10
r  87   139   189   10
r  437   388   287   10
r  784   787   683   10
r  786   834   835   10
r  1956   2003   2004   10
r  289   238   189   10
r  2051   2152   2003   10
r  2002   2004   2152   10
r  2053   2004   1952   10
r  2152   2103   2001   10
r  1133   1082   1182   10
r  139   88   142   10
r  190   239   89   10
r  38   90   89   10
r  140   88   191   10
r  39   142   92   10
r  491   390   539   10
r  1084   1135   1033   10
r  2052   2001   1952   10
r  2151   2054   2003   10
r  2201   2153   2054   10
r  1477   1428   1525   10
r  44   97   98   10
r  2405   2251   2403   10
r  2456   2403   2405   10
r  2351   2404   2405   10
r  2452   2401   2405   10
r  2457   2403   2405   10
r  2354   2405   2303   10
r  2454   2403   2351   10
r  2401   2404   2405   10
r  2453   2405   2402   10
r  2404   2406   2302   10
r  2406   2455   2302   10
r  2304   2255   2302   10
r  2353   2405   2302   10
r  2407   2302   2405   10
r  1868   1768   1766   10
r  1919   1868   1766   10
r  94   45   145   10
r  45   97   199   10
r  196   96   98   10
r  146   97   45   10
r  2305   2302   2405   10
r  2403   2302   2458   10
r  2451   2302   2453   10
r  2212   2260   2214   10
r  1974   1874   1824   10
r  95   248   199   10
r  249   97   347   10
r  200   198   97   10
r  148   45   248   10
r  49   97   98   10
r  46   98   199   10
r  299   98   199   10
r  100   97   199   10
r  150   97   199   10
r  197   200   98   10
r  248   98   96   10
r  47   96   98   10
r  99   199   45   10
r  300   199   98   10
r  50   199   98   10
r  298   199   97   10
r  450   697   97   10
r  250   197   97   10
r  247   199   97   10
r  348   397   97   10
r  48   97   45   10
r  2265   2165   2263   10
r  1877   1828   1981   10
r  1534   1585   1485   10
r  500   449   648   10
r  1244   1447   1346   10
r  850   750   748   10
r  799   699   648   10
r  2221   2272   2224   10
r  2224   2124   2172   10
r  1692   1690   1792   10
r  1097   1050   1046   10
r  1197   1246   1199   10
r  1199   1098   1000   10
r  1200   1050   1146   10
r  2470   2422   2371   10
r  1592   1594   1690   10
r  1198   1146   1049   10
r  1297   1399   1396   10
r  1345   1294   1446   10
r  1446   1348   1346   10
r  1395   1346   1449   10
r  1150   1148   1099   10
r  2475   2325   2376   10
r  1841   1741   1789   10
r  1298   1249   1498   10
r  1300   1498   1449   10
r  1399   1298   1498   10
r  1450   1550   1399   10
r  2331   2231   2282   10
r  2383   2332   2282   10
r  2479   2427   2282   10
r  2480   2483   2332   10
r  1844   1949   1946   10
r  1600   1748   1750   10
r  1598   1750   1748   10
r  2429   2378   2427   10
r  2381   2332   2485   10
r  2432   2282   2380   10
r  2483   2332   2382   10
r  2486   2438   2440   10
r  2488   2338   2437   10
r  2490   2339   2389   10
r  2339   2388   2440   10
r  2492   2389   2443   10
r  2342   2291   2340   10
r  2093   1995   1993   10
r  1848   1850   1946   10
r  1950   1947   1849   10
r  2149   2348   2250   10
r  2394   2343   2398   10
r  2395   2496   2446   10
r  2150   2300   2249   10
r  2250   2198   2298   10
r  2497   2448   2397   10
r  2447   2496   2348   10
r  2198   2149   2098   10
r  2349   2398   2300   10
r  2400   2300   2398   10
r  2249   2149   2348   10
r  2399   2300   2348   10
r  2299   2398   2348   10
r  2300   2348   2098   10
r  2498   2300   2449   10
r  2350   2399   2498   10
r  2450   2448   2398   10
r  1   103   153   11
r  51   104   2   11
r  101   152   153   11
r  3   105   104   11
r  54   103   106   11
r  154   203   105   11
r  105   153   57   11
r  102   53   153   11
r  151   103   53   11
r  157   106   105   11
r  56   104   153   11
r  202   104   153   11
r  6   106   153   11
r  158   9   153   11
r  7   107   153   11
r  5   153   105   11
r  57   153   106   11
r  252   352   254   11
r  301   452   352   11
r  9   57   58   11
r  303   252   403   11
r  352   254   403   11
r  302   254   351   11
r  353   302   452   11
r  354   402   303   11
r  455   506   603   11
r  210   110   113   11
r  110   161   113   11
r  601   652   453   11
r  63   66   162   11
r  12   113   66   11
r  653   553   651   11
r  65   116   113   11
r  657   757   558   11
r  852   903   803   11
r  168   219   66   11
r  806   906   855   11
r  611   613   712   11
r  20   71   120   11
r  70   22   123   11
r  952   1001   803   11
r  956   1004   807   11
r  369   320   318   11
r  171   173   120   11
r  1003   902   1052   11
r  421   370   320   11
r  22   123   120   11
r  174   226   71   11
r  1053   1001   1152   11
r  1202   1251   1102   11
r  1302   1353   1453   11
r  1204   1255   1152   11
r  1201   1252   1152   11
r  1154   1052   1105   11
r  1354   1254   1453   11
r  1401   1453   1353   11
r  1402   1453   1351   11
r  1502   1553   1451   11
r  1604   1652   1453   11
r  1020   1071   1068   11
r  80   128   131   11
r  1511   1462   1509   11
r  680   731   830   11
r  679   728   682   11
r  33   86   185   11
r  184   238   83   11
r  1708   1609   1607   11
r  1608   1660   1659   11
r  1802   1851   1751   11
r  1854   1903   1753   11
r  778   776   879   11
r  779   731   728   11
r  336   287   385   11
r  486   488   437   11
r  135   184   86   11
r  1520   1571   1471   11
r  238   137   142   11
r  1764   1815   1863   11
r  1571   1568   1519   11
r  1951   2153   2003   11
r  1952   1901   2003   11
r  2052   2152   2001   11
r  2101   2003   2052   11
r  2152   2001   2054   11
r  38   139   189   11
r  240   291   142   11
r  140   191   92   11
r  1715   1865   1764   11
r  1959   1908   2008   11
r  1277   1177   1226   11
r  2251   2153   2003   11
r  2253   2255   2405   11
r  93   145   97   11
r  43   92   98   11
r  44   98   198   11
r  1964   2015   1912   11
r  2255   2302   2355   11
r  2457   2405   2403   11
r  2454   2351   2405   11
r  2401   2405   2403   11
r  2353   2254   2405   11
r  2403   2458   2302   11
r  2460   2409   2302   11
r  2451   2404   2302   11
r  2309   2408   2302   11
r  2357   2207   2302   11
r  2207   2158   2302   11
r  2402   2405   2351   11
r  45   199   97   11
r  196   97   45   11
r  146   45   199   11
r  2452   2302   2404   11
r  2209   2110   2405   11
r  2408   2459   2259   11
r  2461   2413   2312   11
r  1138   1089   1190   11
r  1238   1140   1190   11
r  1188   1190   1240   11
r  496   395   648   11
r  249   300   97   11
r  147   45   198   11
r  100   198   98   11
r  99   97   199   11
r  300   97   199   11
r  50   98   199   11
r  450   448   199   11
r  250   97   199   11
r  348   399   248   11
r  399   199   97   11
r  148   199   97   11
r  49   199   97   11
r  150   199   97   11
r  48   148   97   11
r  347   396   97   11
r  1776   1676   1827   11
r  1289   1190   1238   11
r  2315   2362   2264   11
r  1581   1682   1683   11
r  1488   1437   1588   11
r  696   647   648   11
r  746   648   750   11
r  699   648   748   11
r  849   750   648   11
r  899   750   648   11
r  897   848   648   11
r  2170   2119   2070   11
r  2316   2365   2318   11
r  1927   1876   1981   11
r  2371   2422   2272   11
r  1639   1588   1587   11
r  997   897   948   11
r  1197   1049   1095   11
r  1148   1199   1049   11
r  2322   2422   2371   11
r  2470   2371   2422   11
r  2184   2231   2132   11
r  1149   1000   1049   11
r  1099   1048   1148   11
r  1250   1349   1449   11
r  1150   1099   1199   11
r  1938   1936   1990   11
r  1298   1349   1399   11
r  1400   1498   1499   11
r  1550   1449   1499   11
r  2380   2280   2282   11
r  2382   2380   2282   11
r  2480   2332   2282   11
r  2433   2436   2282   11
r  2335   2284   2282   11
r  1891   1942   1940   11
r  1598   1650   1698   11
r  1600   1698   1798   11
r  2338   2439   2440   11
r  2485   2387   2440   11
r  1648   1597   1798   11
r  1650   1798   1699   11
r  1750   1698   1798   11
r  2490   2492   2437   11
r  2489   2339   2389   11
r  2391   2389   2440   11
r  2294   2246   2394   11
r  2394   2397   2396   11
r  1999   1950   2048   11
r  2000   1949   1849   11
r  2494   2394   2396   11
r  2395   2446   2493   11
r  2247   2345   2348   11
r  2200   2198   2098   11
r  2250   2299   2348   11
r  2497   2397   2448   11
r  2349   2300   2398   11
r  2499   2398   2300   11
r  2249   2300   2398   11
r  2300   2398   2348   11
r  2399   2348   2350   11
r  2450   2399   2498   11
r  2449   2348   2300   11
r  2   104   105   12
r  101   103   105   12
r  52   105   101   12
r  3   104   153   12
r  105   57   153   12
r  151   53   104   12
r  53   105   101   12
r  55   57   53   12
r  4   56   53   12
r  102   104   105   12
r  5   105   153   12
r  57   106   153   12
r  207   358   153   12
r  107   8   153   12
r  8   108   153   12
r  59   57   153   12
r  155   153   106   12
r  252   354   352   12
r  452   303   252   12
r  351   353   252   12
r  302   351   403   12
r  551   603   602   12
r  554   506   603   12
r  213   264   113   12
r  310   411   261   12
r  12   66   113   12
r  702   803   603   12
r  752   703   603   12
r  703   701   603   12
r  115   66   113   12
r  15   66   113   12
r  708   757   760   12
r  805   754   803   12
r  804   853   905   12
r  20   120   123   12
r  955   754   855   12
r  220   218   272   12
r  120   173   123   12
r  21   123   74   12
r  174   125   70   12
r  1002   953   1102   12
r  73   20   120   12
r  22   120   123   12
r  424   422   523   12
r  472   524   323   12
r  1352   1451   1602   12
r  968   916   1020   12
r  1118   1167   1067   12
r  1402   1351   1453   12
r  1401   1353   1453   12
r  1651   1653   1453   12
r  1801   1653   1453   12
r  1407   1355   1458   12
r  1511   1509   1410   12
r  1601   1453   1503   12
r  1652   1703   1604   12
r  1802   1751   1851   12
r  1752   1653   1852   12
r  380   431   382   12
r  80   131   78   12
r  81   33   185   12
r  1705   1806   1605   12
r  1852   1753   2003   12
r  682   630   583   12
r  182   131   31   12
r  33   185   35   12
r  85   83   82   12
r  84   184   185   12
r  284   385   386   12
r  1320   1269   1470   12
r  1907   1859   1756   12
r  1951   2003   2201   12
r  35   82   83   12
r  87   89   239   12
r  2103   2001   2003   12
r  2201   2054   2003   12
r  2102   2003   2054   12
r  188   288   339   12
r  189   138   287   12
r  1571   1620   1471   12
r  1668   1719   1769   12
r  139   142   88   12
r  190   241   142   12
r  38   89   142   12
r  193   241   191   12
r  40   92   91   12
r  39   91   142   12
r  241   143   142   12
r  291   244   142   12
r  2255   2354   2302   12
r  2254   2302   2405   12
r  2455   2404   2453   12
r  2351   2405   2404   12
r  2457   2403   2406   12
r  2454   2405   2403   12
r  2401   2403   2405   12
r  2453   2402   2405   12
r  2451   2453   2405   12
r  2407   2405   2302   12
r  2452   2404   2302   12
r  2408   2310   2302   12
r  2306   2405   2302   12
r  2402   2404   2405   12
r  44   199   98   12
r  1625   1724   1775   12
r  2354   2302   2405   12
r  2307   2358   2405   12
r  94   145   98   12
r  145   98   199   12
r  45   97   199   12
r  196   45   97   12
r  146   98   97   12
r  1822   1921   1771   12
r  2361   2461   2312   12
r  149   198   98   12
r  100   98   97   12
r  300   98   97   12
r  50   97   45   12
r  47   248   199   12
r  247   98   199   12
r  148   248   199   12
r  48   97   199   12
r  248   96   98   12
r  147   199   98   12
r  49   98   248   12
r  150   98   248   12
r  99   199   97   12
r  398   349   97   12
r  348   97   98   12
r  2363   2414   2312   12
r  695   744   648   12
r  549   649   648   12
r  1876   1925   1981   12
r  2367   2416   2415   12
r  699   748   648   12
r  700   748   697   12
r  749   747   648   12
r  2371   2367   2422   12
r  2322   2371   2422   12
r  2372   2273   2323   12
r  1836   1834   1885   12
r  2470   2473   2371   12
r  1047   1146   1247   12
r  1148   1050   1199   12
r  1247   1147   1148   12
r  999   1199   1100   12
r  1936   1885   1983   12
r  2324   2422   2273   12
r  1048   999   1198   12
r  1150   1000   1148   12
r  1297   1396   1449   12
r  1347   1449   1499   12
r  1449   1298   1396   12
r  2378   2327   2376   12
r  2476   2425   2376   12
r  1450   1399   1499   12
r  1550   1498   1449   12
r  1400   1449   1498   12
r  2481   2332   2433   12
r  2334   2234   2282   12
r  2434   2332   2282   12
r  2384   2435   2282   12
r  2381   2485   2282   12
r  2432   2483   2282   12
r  2482   2382   2282   12
r  1746   1697   1847   12
r  1697   1648   1796   12
r  2429   2376   2380   12
r  2486   2440   2438   12
r  2436   2485   2440   12
r  2493   2392   2440   12
r  1948   1900   2048   12
r  2494   2445   2395   12
r  2496   2394   2449   12
r  2344   2245   2496   12
r  2246   2197   2300   12
r  1900   1947   1799   12
r  2446   2495   2444   12
r  2497   2449   2398   12
r  2449   2300   2348   12
r  2300   2098   2398   12
r  2050   1999   2197   12
r  2199   2098   2348   12
r  2150   2250   2348   12
r  2200   2098   2197   12
r  2448   2300   2348   12
r  2399   2350   2298   12
r  2450   2398   2348   12
r  2350   2398   2348   12
r  2349   2398   2498   12
r  2299   2297   2398   12
r  2500   2449   2348   12
r  2100   2197   2348   12
r  2   105   104   13
r  52   101   105   13
r  3   152   104   13
r  103   55   105   13
r  151   153   252   13
r  56   105   104   13
r  53   101   105   13
r  152   104   156   13
r  102   105   53   13
r  202   204   53   13
r  7   157   105   13
r  5   56   105   13
r  57   5   105   13
r  8   57   105   13
r  59   161   105   13
r  155   58   153   13
r  252   352   153   13
r  9   58   153   13
r  4   153   105   13
r  106   153   55   13
r  254   153   105   13
r  253   256   403   13
r  109   160   113   13
r  60   9   113   13
r  354   303   252   13
r  502   602   603   13
r  501   603   452   13
r  110   62   66   13
r  62   113   64   13
r  112   16   161   13
r  552   454   603   13
r  213   113   66   13
r  13   64   113   13
r  166   66   113   13
r  18   16   113   13
r  653   651   753   13
r  801   604   752   13
r  118   217   66   13
r  753   756   852   13
r  803   902   954   13
r  903   803   852   13
r  905   858   803   13
r  21   74   123   13
r  171   122   174   13
r  614   662   616   13
r  73   21   173   13
r  1003   1052   1152   13
r  1055   1104   1106   13
r  75   177   127   13
r  323   274   422   13
r  670   721   672   13
r  870   771   769   13
r  1063   964   1111   13
r  1406   1355   1305   13
r  1601   1503   1453   13
r  1702   1653   1453   13
r  579   631   528   13
r  1554   1453   1602   13
r  1701   1753   1852   13
r  1315   1364   1413   13
r  33   84   82   13
r  434   483   432   13
r  1707   1705   1756   13
r  1854   1852   1902   13
r  1366   1266   1415   13
r  35   185   84   13
r  85   82   83   13
r  335   235   286   13
r  1951   2102   2052   13
r  2051   2201   1951   13
r  2101   2052   2003   13
r  1125   1174   1226   13
r  1369   1318   1270   13
r  138   287   142   13
r  488   338   436   13
r  2151   2051   1951   13
r  2201   2152   2203   13
r  1371   1222   1470   13
r  1616   1565   1714   13
r  2204   2405   2302   13
r  140   142   89   13
r  40   142   89   13
r  42   142   90   13
r  93   97   98   13
r  41   142   90   13
r  44   198   97   13
r  195   146   98   13
r  2059   1960   2108   13
r  2255   2355   2405   13
r  2206   2306   2405   13
r  2352   2405   2401   13
r  2458   2406   2405   13
r  2454   2403   2405   13
r  2452   2405   2403   13
r  2356   2407   2302   13
r  2305   2303   2302   13
r  2354   2405   2302   13
r  2307   2405   2302   13
r  2459   2410   2302   13
r  2409   2458   2302   13
r  2358   2310   2302   13
r  2351   2302   2405   13
r  2407   2302   2405   13
r  145   199   98   13
r  45   199   97   13
r  2457   2302   2405   13
r  1331   1380   1280   13
r  95   98   248   13
r  149   98   46   13
r  249   347   98   13
r  147   198   199   13
r  298   198   199   13
r  49   248   199   13
r  150   97   199   13
r  99   45   199   13
r  297   248   199   13
r  48   199   97   13
r  250   199   97   13
r  300   199   98   13
r  299   199   98   13
r  100   199   98   13
r  46   199   198   13
r  50   199   97   13
r  348   98   97   13
r  397   399   97   13
r  446   545   97   13
r  1385   1433   1484   13
r  497   495   648   13
r  844   744   796   13
r  548   496   648   13
r  746   697   648   13
r  796   895   648   13
r  650   750   748   13
r  1341   1290   1343   13
r  897   648   945   13
r  1245   1343   1194   13
r  1637   1634   1488   13
r  1689   1691   1588   13
r  2467   2464   2415   13
r  1393   1493   1391   13
r  1148   1049   1246   13
r  1196   1147   1148   13
r  1200   1148   1049   13
r  2423   2369   2419   13
r  2472   2470   2419   13
r  2028   1980   1927   13
r  2322   2421   2371   13
r  2373   2422   2272   13
r  1048   1000   1148   13
r  1100   1199   1000   13
r  1347   1499   1449   13
r  2183   2232   2282   13
r  1397   1449   1496   13
r  1350   1498   1499   13
r  1986   1935   1984   13
r  2378   2376   2427   13
r  2332   2231   2380   13
r  2380   2431   2433   13
r  2429   2427   2282   13
r  2483   2485   2282   13
r  2478   2328   2377   13
r  2386   2438   2440   13
r  1649   1750   1798   13
r  1650   1748   1798   13
r  1797   1846   1697   13
r  2388   2437   2440   13
r  2439   2437   2387   13
r  2487   2485   2440   13
r  1699   1697   1748   13
r  2489   2389   2438   13
r  1900   1799   2048   13
r  2149   2200   2348   13
r  2442   2440   2340   13
r  2444   2396   2496   13
r  2495   2394   2493   13
r  2394   2398   2295   13
r  2098   2250   2348   13
r  2148   2197   2249   13
r  2395   2493   2346   13
r  2297   2248   2348   13
r  2150   2348   2199   13
r  2497   2398   2449   13
r  2197   2195   2348   13
r  2400   2398   2448   13
r  2200   2197   2249   13
r  2299   2398   2449   13
r  2500   2398   2300   13
r  2498   2449   2348   13
r  2399   2298   2348   13
r  2499   2348   2398   13
r  2450   2348   2398   13
r  2350   2348   2398   13
r  1   104   53   14
r  51   2   104   14
r  2   104   105   14
r  52   153   104   14
r  102   53   105   14
r  5   105   58   14
r  57   105   53   14
r  107   58   105   14
r  8   105   104   14
r  4   53   153   14
r  106   53   153   14
r  108   105   153   14
r  58   55   153   14
r  254   105   153   14
r  208   157   153   14
r  156   153   105   14
r  257   153   105   14
r  301   352   252   14
r  352   354   252   14
r  552   453   452   14
r  11   113   62   14
r  501   452   552   14
r  216   315   66   14
r  62   60   113   14
r  67   15   113   14
r  115   113   66   14
r  119   68   66   14
r  20   72   71   14
r  568   619   467   14
r  902   951   803   14
r  903   951   803   14
r  758   760   658   14
r  610   659   712   14
r  172   123   71   14
r  664   715   712   14
r  857   855   906   14
r  22   123   71   14
r  958   859   1006   14
r  1205   1355   1152   14
r  1301   1252   1152   14
r  126   74   78   14
r  77   131   29   14
r  476   576   528   14
r  1157   1108   1208   14
r  1303   1202   1453   14
r  28   76   129   14
r  129   78   31   14
r  378   329   427   14
r  1455   1305   1453   14
r  1554   1603   1453   14
r  80   129   31   14
r  1654   1602   1753   14
r  1701   1852   1753   14
r  1316   1367   1265   14
r  184   237   82   14
r  729   780   879   14
r  1852   1804   1753   14
r  2001   2003   2252   14
r  33   35   84   14
r  134   83   85   14
r  285   386   337   14
r  135   84   184   14
r  1951   2201   2003   14
r  2051   1951   2203   14
r  2101   2152   1951   14
r  1223   1123   1122   14
r  35   84   185   14
r  87   239   142   14
r  288   237   189   14
r  2102   2054   2003   14
r  37   189   142   14
r  88   141   189   14
r  139   191   142   14
r  836   887   788   14
r  2301   2404   2403   14
r  2352   2404   2405   14
r  2460   2458   2405   14
r  2452   2403   2405   14
r  2354   2303   2405   14
r  2254   2303   2302   14
r  2351   2404   2302   14
r  2407   2301   2302   14
r  2256   2304   2302   14
r  2457   2406   2302   14
r  2257   2308   2302   14
r  38   189   92   14
r  40   89   142   14
r  441   542   492   14
r  2404   2302   2455   14
r  2158   2156   2207   14
r  1475   1575   1473   14
r  41   92   89   14
r  692   690   640   14
r  2411   2311   2362   14
r  2361   2312   2364   14
r  45   97   199   14
r  196   98   199   14
r  393   342   445   14
r  2412   2363   2312   14
r  2263   2212   2312   14
r  2417   2413   2312   14
r  95   248   98   14
r  149   46   98   14
r  200   98   248   14
r  146   97   98   14
r  147   98   49   14
r  48   45   199   14
r  96   198   199   14
r  250   97   199   14
r  299   97   199   14
r  100   97   199   14
r  350   450   199   14
r  50   97   199   14
r  300   98   199   14
r  349   248   199   14
r  99   199   248   14
r  49   199   98   14
r  46   97   98   14
r  400   349   98   14
r  150   199   97   14
r  345   343   97   14
r  246   297   97   14
r  296   396   97   14
r  449   549   97   14
r  448   499   97   14
r  1433   1484   1485   14
r  2416   2418   2464   14
r  398   97   248   14
r  747   796   648   14
r  748   849   697   14
r  799   750   748   14
r  600   449   648   14
r  848   896   648   14
r  1341   1343   1293   14
r  2419   2421   2422   14
r  847   648   748   14
r  1245   1344   1199   14
r  1489   1390   1391   14
r  1639   1587   1588   14
r  849   648   697   14
r  948   897   1049   14
r  2420   2371   2369   14
r  2470   2371   2370   14
r  2421   2368   2370   14
r  1197   1199   1099   14
r  1097   1046   1049   14
r  1199   1000   1096   14
r  1200   1049   1148   14
r  1049   998   1096   14
r  1198   1049   1247   14
r  1100   1000   1049   14
r  1150   1148   1049   14
r  1250   1199   1498   14
r  1348   1397   1498   14
r  1397   1496   1449   14
r  1400   1499   1449   14
r  2428   2329   2376   14
r  2431   2332   2380   14
r  2384   2484   2386   14
r  2379   2430   2282   14
r  2484   2382   2282   14
r  1798   1849   1599   14
r  2380   2282   2382   14
r  2432   2282   2332   14
r  2480   2282   2433   14
r  2483   2282   2432   14
r  2488   2439   2440   14
r  1849   1800   2048   14
r  2486   2387   2440   14
r  2493   2496   2442   14
r  2492   2390   2444   14
r  2494   2396   2445   14
r  2196   2245   2348   14
r  2049   2096   2098   14
r  2099   2199   2348   14
r  2199   2299   2398   14
r  2150   2249   2348   14
r  2497   2449   2348   14
r  2449   2348   2300   14
r  2299   2449   2350   14
r  2499   2398   2348   14
r  2450   2398   2348   14
r  2350   2398   2348   14
r  2448   2348   2499   14
r  2400   2348   2398   14
r  1   53   104   15
r  51   104   105   15
r  101   153   104   15
r  52   105   153   15
r  3   104   105   15
r  152   53   105   15
r  7   105   104   15
r  5   58   56   15
r  207   205   105   15
r  108   60   105   15
r  151   104   153   15
r  156   105   153   15
r  454   205   153   15
r  352   252   153   15
r  302   403   153   15
r  204   255   105   15
r  54   153   52   15
r  56   153   105   15
r  155   153   55   15
r  4   153   55   15
r  257   156   206   15
r  57   153   105   15
r  351   452   403   15
r  452   256   603   15
r  303   401   252   15
r  353   252   302   15
r  11   63   113   15
r  502   551   403   15
r  551   651   603   15
r  505   554   603   15
r  111   160   113   15
r  63   162   66   15
r  164   66   113   15
r  115   66   113   15
r  17   66   113   15
r  62   113   66   15
r  501   552   603   15
r  651   604   554   15
r  755   704   603   15
r  754   705   603   15
r  15   113   66   15
r  166   113   66   15
r  470   370   467   15
r  1001   1152   1004   15
r  22   73   123   15
r  373   421   371   15
r  1102   1001   1054   15
r  229   177   180   15
r  1151   1203   1353   15
r  1253   1353   1453   15
r  1301   1152   1453   15
r  726   826   879   15
r  79   131   31   15
r  80   31   129   15
r  1401   1352   1353   15
r  1652   1604   1453   15
r  1701   1753   1453   15
r  1654   1753   1453   15
r  182   31   131   15
r  1803   1852   1652   15
r  33   82   185   15
r  86   83   185   15
r  133   82   184   15
r  2054   2003   1753   15
r  1558   1659   1658   15
r  1559   1660   1658   15
r  187   287   142   15
r  488   436   437   15
r  2053   1952   2106   15
r  2104   2106   2003   15
r  2103   2003   2203   15
r  1951   2003   2203   15
r  2002   2152   2203   15
r  2101   2003   2152   15
r  37   142   89   15
r  2154   2203   2302   15
r  2204   2355   2405   15
r  1673   1722   1471   15
r  1425   1325   1327   15
r  92   90   89   15
r  240   191   89   15
r  42   90   142   15
r  144   192   142   15
r  243   143   142   15
r  292   243   142   15
r  41   89   142   15
r  2201   2003   2302   15
r  2256   2302   2356   15
r  2352   2401   2403   15
r  2353   2405   2404   15
r  2460   2405   2312   15
r  2306   2207   2405   15
r  2404   2453   2302   15
r  2258   2209   2302   15
r  2159   2108   2302   15
r  1328   1429   1279   15
r  93   199   97   15
r  195   97   199   15
r  145   97   199   15
r  2451   2302   2453   15
r  2454   2302   2403   15
r  2307   2302   2405   15
r  2409   2302   2405   15
r  1961   2012   1912   15
r  45   199   97   15
r  146   199   97   15
r  2364   2412   2312   15
r  2463   2461   2312   15
r  2466   2464   2312   15
r  2415   2466   2312   15
r  1817   1765   1868   15
r  1528   1530   1627   15
r  148   97   248   15
r  99   248   199   15
r  250   199   97   15
r  299   199   97   15
r  100   199   97   15
r  46   198   199   15
r  200   248   98   15
r  147   49   98   15
r  50   199   98   15
r  349   199   98   15
r  247   199   98   15
r  297   199   98   15
r  246   97   98   15
r  149   98   45   15
r  400   98   199   15
r  49   98   199   15
r  348   248   199   15
r  398   449   97   15
r  150   97   199   15
r  646   546   648   15
r  546   597   648   15
r  2413   2312   2364   15
r  2316   2318   2422   15
r  1537   1637   1588   15
r  700   697   748   15
r  750   796   799   15
r  847   748   648   15
r  849   699   648   15
r  2419   2422   2370   15
r  1531   1582   1482   15
r  798   648   898   15
r  899   648   748   15
r  900   648   750   15
r  2423   2374   2272   15
r  2273   2371   2422   15
r  1197   1095   1049   15
r  1098   1049   1150   15
r  1196   1148   1147   15
r  1787   1734   1739   15
r  1492   1391   1443   15
r  1397   1449   1498   15
r  1448   1399   1396   15
r  1350   1449   1498   15
r  1400   1449   1499   15
r  2184   2135   2282   15
r  1937   1939   1940   15
r  1842   1891   1693   15
r  1600   1798   1748   15
r  2378   2427   2477   15
r  2281   2232   2380   15
r  2335   2282   2235   15
r  2237   2186   2235   15
r  2431   2380   2433   15
r  2383   2434   2380   15
r  2482   2380   2433   15
r  2380   2433   2282   15
r  2432   2380   2282   15
r  2480   2431   2282   15
r  2483   2382   2282   15
r  1597   1698   1646   15
r  1650   1798   1648   15
r  1648   1798   1748   15
r  1750   1748   1699   15
r  1798   1599   1849   15
r  2436   2440   2387   15
r  2093   1994   1992   15
r  1850   1899   2048   15
r  2442   2340   2293   15
r  1949   1997   2048   15
r  2148   2249   2348   15
r  2297   2199   2295   15
r  2250   2348   2449   15
r  2198   2098   2348   15
r  2496   2346   2348   15
r  2395   2346   2447   15
r  2349   2499   2400   15
r  2500   2300   2398   15
r  2499   2300   2350   15
r  2449   2350   2348   15
r  2448   2499   2348   15
r  2400   2398   2348   15
r  2350   2348   2398   15
r  2399   2348   2498   15
r  2450   2348   2398   15
r  1   104   53   16
r  2   105   156   16
r  101   105   153   16
r  52   104   105   16
r  3   153   104   16
r  156   153   105   16
r  103   105   55   16
r  152   156   204   16
r  154   106   53   16
r  202   53   105   16
r  6   105   104   16
r  5   56   105   16
r  8   104   105   16
r  59   105   8   16
r  106   55   101   16
r  208   206   105   16
r  54   52   153   16
r  56   104   153   16
r  155   55   153   16
r  4   55   153   16
r  57   53   153   16
r  253   403   153   16
r  306   308   153   16
r  301   403   153   16
r  351   403   153   16
r  303   403   153   16
r  7   153   105   16
r  302   153   403   16
r  352   153   252   16
r  353   302   252   16
r  161   212   113   16
r  11   62   66   16
r  452   252   403   16
r  456   407   508   16
r  17   64   66   16
r  62   66   113   16
r  15   115   113   16
r  166   215   113   16
r  116   215   113   16
r  501   603   705   16
r  606   655   603   16
r  752   652   852   16
r  753   805   603   16
r  609   508   658   16
r  560   611   712   16
r  561   712   512   16
r  170   168   123   16
r  901   753   852   16
r  904   1103   852   16
r  613   662   712   16
r  21   123   173   16
r  22   71   120   16
r  857   906   855   16
r  953   803   1004   16
r  1001   1052   1152   16
r  764   762   716   16
r  223   221   272   16
r  25   74   173   16
r  176   125   78   16
r  1154   1206   1054   16
r  1151   1202   1453   16
r  27   127   129   16
r  917   919   1067   16
r  1251   1152   1254   16
r  1161   1108   1113   16
r  1454   1354   1407   16
r  1652   1704   1753   16
r  1802   1753   1453   16
r  1852   2003   1453   16
r  32   86   185   16
r  826   879   727   16
r  1851   1753   1752   16
r  1902   1904   2003   16
r  2151   1951   1852   16
r  33   84   184   16
r  84   185   184   16
r  780   880   879   16
r  1756   1857   1557   16
r  135   184   83   16
r  34   83   184   16
r  1124   1173   1226   16
r  2051   2203   2054   16
r  2252   2203   2405   16
r  2202   2153   2101   16
r  2203   2155   2003   16
r  237   437   142   16
r  189   238   142   16
r  438   436   489   16
r  1571   1519   1470   16
r  1613   1662   1661   16
r  2204   2302   2253   16
r  2206   2255   2302   16
r  2456   2405   2407   16
r  2308   2208   2405   16
r  2306   2405   2455   16
r  2451   2405   2302   16
r  2454   2405   2302   16
r  2409   2405   2302   16
r  2208   2307   2302   16
r  2359   2410   2302   16
r  2260   2312   2302   16
r  88   142   140   16
r  1127   1076   1226   16
r  1622   1522   1521   16
r  1665   1714   1716   16
r  1711   1760   1660   16
r  2353   2302   2405   16
r  2459   2302   2405   16
r  2358   2302   2405   16
r  2410   2312   2362   16
r  2360   2311   2312   16
r  38   92   89   16
r  39   92   91   16
r  40   91   89   16
r  140   89   142   16
r  342   294   142   16
r  340   289   142   16
r  294   243   142   16
r  940   840   788   16
r  2462   2414   2413   16
r  2361   2413   2312   16
r  2414   2418   2312   16
r  2416   2464   2312   16
r  42   142   89   16
r  41   142   89   16
r  93   98   199   16
r  94   98   199   16
r  145   199   97   16
r  295   346   97   16
r  346   195   97   16
r  391   439   492   16
r  592   492   544   16
r  2467   2418   2414   16
r  45   97   199   16
r  245   446   97   16
r  146   97   199   16
r  345   446   248   16
r  841   944   792   16
r  2469   2371   2422   16
r  198   45   150   16
r  349   98   199   16
r  197   98   248   16
r  399   448   199   16
r  300   199   98   16
r  348   199   98   16
r  397   448   98   16
r  448   547   199   16
r  299   98   199   16
r  148   248   97   16
r  46   199   97   16
r  50   98   97   16
r  298   97   98   16
r  49   97   98   16
r  250   97   199   16
r  246   346   199   16
r  100   97   248   16
r  150   199   98   16
r  398   97   98   16
r  744   693   793   16
r  649   748   697   16
r  1924   1976   1824   16
r  698   750   749   16
r  550   598   499   16
r  745   796   648   16
r  899   850   648   16
r  894   794   897   16
r  945   844   996   16
r  2170   2069   2224   16
r  2068   2117   2119   16
r  849   648   748   16
r  746   648   748   16
r  1097   1049   1146   16
r  1197   1099   1096   16
r  1098   1150   1199   16
r  1247   1148   1147   16
r  1346   1499   1449   16
r  2079   2180   1981   16
r  1049   1047   1148   16
r  999   1150   1148   16
r  1347   1449   1498   16
r  1249   1349   1498   16
r  1446   1346   1449   16
r  2477   2377   2327   16
r  1790   1887   1788   16
r  1298   1498   1449   16
r  1499   1349   1448   16
r  1350   1498   1449   16
r  1400   1498   1449   16
r  1547   1496   1449   16
r  1300   1449   1499   16
r  2329   2427   2282   16
r  2335   2384   2282   16
r  2431   2433   2380   16
r  2482   2433   2431   16
r  1650   1648   1748   16
r  1750   1699   1650   16
r  2287   2290   2291   16
r  2432   2282   2481   16
r  2381   2282   2433   16
r  1700   1798   1698   16
r  2486   2438   2387   16
r  2042   2091   2143   16
r  2193   2346   2348   16
r  1850   2048   1798   16
r  1998   2149   2096   16
r  2342   2241   2440   16
r  2195   2244   2348   16
r  2000   1998   2048   16
r  2494   2395   2394   16
r  2495   2396   2444   16
r  2398   2298   2346   16
r  2349   2498   2398   16
r  2050   2197   2348   16
r  2250   2449   2348   16
r  2350   2398   2348   16
r  2399   2499   2348   16
r  2395   2447   2348   16
r  2198   2348   2149   16
r  2445   2493   2394   16
r  2345   2294   2496   16
r  2449   2348   2498   16
r  2497   2348   2398   16
r  2400   2348   2498   16
r  2450   2398   2448   16
r  1   153   105   17
r  2   153   105   17
r  53   153   102   17
r  101   153   105   17
r  3   104   153   17
r  156   104   153   17
r  103   56   105   17
r  157   105   53   17
r  106   101   104   17
r  7   104   153   17
r  203   252   105   17
r  6   153   105   17
r  253   153   105   17
r  255   356   105   17
r  352   252   105   17
r  151   252   105   17
r  301   252   352   17
r  353   252   153   17
r  307   356   153   17
r  451   403   153   17
r  109   113   66   17
r  10   113   66   17
r  453   551   603   17
r  162   113   263   17
r  161   113   61   17
r  503   554   656   17
r  115   113   66   17
r  265   316   113   17
r  315   364   113   17
r  751   852   803   17
r  555   506   603   17
r  605   556   603   17
r  654   754   603   17
r  118   66   167   17
r  20   71   120   17
r  561   512   712   17
r  172   71   123   17
r  122   73   120   17
r  903   803   951   17
r  611   712   613   17
r  424   523   376   17
r  78   180   129   17
r  228   177   78   17
r  131   180   78   17
r  130   31   29   17
r  1203   1152   1453   17
r  1254   1203   1453   17
r  35   83   31   17
r  1703   1604   1453   17
r  1653   1753   1453   17
r  1551   1553   1503   17
r  1113   1111   1211   17
r  83   32   34   17
r  84   133   185   17
r  134   185   83   17
r  727   880   876   17
r  1654   1453   1753   17
r  1555   1704   1705   17
r  2151   2003   2203   17
r  37   89   142   17
r  137   239   142   17
r  781   679   830   17
r  926   977   1028   17
r  1954   1903   2003   17
r  2054   2103   2003   17
r  2001   2101   2003   17
r  1952   2001   2203   17
r  2003   2052   2302   17
r  2203   2003   2405   17
r  188   237   142   17
r  88   140   142   17
r  41   90   142   17
r  42   89   142   17
r  91   140   40   17
r  240   142   189   17
r  1906   1753   1855   17
r  2205   2203   2405   17
r  2204   2253   2302   17
r  1271   1320   1374   17
r  93   97   98   17
r  43   97   199   17
r  44   98   199   17
r  195   199   97   17
r  94   199   98   17
r  638   539   788   17
r  1176   1225   1125   17
r  1078   1029   1129   17
r  1858   1811   1958   17
r  2456   2407   2405   17
r  2356   2405   2407   17
r  2257   2259   2405   17
r  2258   2207   2405   17
r  2451   2453   2403   17
r  2454   2403   2405   17
r  2256   2356   2302   17
r  2307   2405   2302   17
r  2353   2404   2302   17
r  2459   2405   2302   17
r  2358   2405   2302   17
r  2261   2310   2302   17
r  2355   2302   2455   17
r  2309   2302   2405   17
r  1374   1325   1425   17
r  1372   1222   1272   17
r  245   296   199   17
r  196   199   98   17
r  146   199   97   17
r  345   97   98   17
r  445   296   97   17
r  396   445   97   17
r  2410   2361   2312   17
r  1570   1470   1471   17
r  1670   1618   1769   17
r  149   45   98   17
r  298   98   97   17
r  99   97   248   17
r  49   98   97   17
r  400   97   98   17
r  250   98   97   17
r  299   97   98   17
r  246   98   97   17
r  300   98   199   17
r  348   98   199   17
r  449   97   199   17
r  46   97   199   17
r  197   248   98   17
r  150   248   97   17
r  50   97   98   17
r  349   199   98   17
r  350   199   98   17
r  100   98   97   17
r  398   98   97   17
r  447   495   648   17
r  1911   1862   2012   17
r  2462   2413   2414   17
r  2465   2418   2312   17
r  2467   2414   2312   17
r  2418   2415   2312   17
r  596   644   648   17
r  798   847   648   17
r  849   697   648   17
r  900   750   648   17
r  797   844   748   17
r  1961   1963   2012   17
r  1963   2012   1912   17
r  2113   2062   2214   17
r  2315   2263   2214   17
r  1871   1971   1769   17
r  2469   2422   2369   17
r  2270   2369   2422   17
r  2420   2369   2371   17
r  2470   2370   2369   17
r  1725   1676   1777   17
r  1100   1148   948   17
r  1242   1340   1291   17
r  2471   2422   2272   17
r  1728   1628   1779   17
r  1047   1247   1148   17
r  1099   1199   1096   17
r  1150   1199   1148   17
r  1197   1096   1148   17
r  1781   1779   1730   17
r  1097   1146   1199   17
r  1200   1148   1498   17
r  1879   1928   1881   17
r  2379   2479   2376   17
r  2132   2033   2282   17
r  1300   1499   1449   17
r  1499   1448   1349   17
r  1447   1449   1498   17
r  1397   1498   1449   17
r  1837   1888   1988   17
r  2378   2478   2282   17
r  2282   2284   2432   17
r  2232   2184   2132   17
r  1350   1449   1398   17
r  1599   1650   1648   17
r  1746   1797   1947   17
r  2430   2282   2381   17
r  2381   2433   2282   17
r  2383   2282   2332   17
r  2480   2282   2380   17
r  2382   2430   2431   17
r  2431   2380   2433   17
r  1649   1700   1698   17
r  2483   2282   2481   17
r  2435   2437   2440   17
r  2194   2145   2094   17
r  1996   2096   1944   17
r  2436   2387   2440   17
r  2487   2440   2387   17
r  2440   2492   2241   17
r  2437   2440   2389   17
r  2438   2440   2389   17
r  2490   2389   2387   17
r  2048   2097   2348   17
r  2244   2295   2348   17
r  2442   2293   2440   17
r  2290   2390   2442   17
r  2294   2243   2348   17
r  2295   2344   2348   17
r  2447   2396   2298   17
r  2500   2398   2449   17
r  2198   2149   2348   17
r  2345   2496   2348   17
r  2449   2498   2348   17
r  2497   2448   2348   17
r  2400   2448   2348   17
r  2450   2498   2348   17
r  2445   2394   2348   17
r  2299   2348   2398   17
r  2250   2348   2449   17
r  2499   2348   2300   17
r  1   53   153   18
r  2   105   153   18
r  101   104   153   18
r  3   105   104   18
r  155   153   53   18
r  53   102   153   18
r  56   153   53   18
r  253   352   153   18
r  157   53   105   18
r  256   153   105   18
r  205   153   105   18
r  251   153   105   18
r  401   252   105   18
r  6   105   153   18
r  302   354   153   18
r  402   252   153   18
r  304   252   153   18
r  354   403   153   18
r  452   403   153   18
r  501   705   153   18
r  305   356   153   18
r  60   113   66   18
r  161   159   113   18
r  852   803   603   18
r  164   216   66   18
r  115   66   113   18
r  266   217   113   18
r  316   217   113   18
r  68   66   113   18
r  70   21   122   18
r  903   852   803   18
r  953   902   803   18
r  122   71   173   18
r  611   613   609   18
r  562   613   610   18
r  857   855   906   18
r  75   127   123   18
r  26   74   123   18
r  1203   1453   1152   18
r  571   524   623   18
r  1201   1152   1453   18
r  1251   1254   1453   18
r  1403   1352   1602   18
r  1701   1851   1753   18
r  1802   1851   1753   18
r  1851   1752   1453   18
r  1705   1605   1453   18
r  131   78   31   18
r  575   675   624   18
r  1359   1310   1458   18
r  32   84   85   18
r  1656   1705   1756   18
r  2152   1951   2203   18
r  2051   2054   2102   18
r  2252   2003   2203   18
r  33   184   134   18
r  134   83   185   18
r  1364   1415   1315   18
r  2004   2055   2104   18
r  2052   2001   2003   18
r  2251   2203   2302   18
r  2103   2203   2302   18
r  2306   2455   2405   18
r  2354   2405   2455   18
r  2457   2405   2408   18
r  2451   2403   2405   18
r  2307   2356   2405   18
r  2205   2054   2302   18
r  2355   2455   2302   18
r  2309   2405   2302   18
r  2259   2310   2302   18
r  2310   2410   2302   18
r  2455   2302   2303   18
r  2207   2302   2405   18
r  2409   2302   2405   18
r  2158   2207   2405   18
r  1666   1617   1614   18
r  140   92   89   18
r  239   339   142   18
r  290   189   142   18
r  288   239   142   18
r  93   199   142   18
r  293   192   142   18
r  392   443   142   18
r  240   189   142   18
r  90   88   92   18
r  735   835   732   18
r  786   835   834   18
r  1074   1025   1122   18
r  2408   2302   2312   18
r  2459   2302   2410   18
r  2411   2312   2360   18
r  42   142   89   18
r  194   142   97   18
r  44   97   98   18
r  145   97   199   18
r  244   346   98   18
r  346   97   199   18
r  1323   1371   1272   18
r  1765   1816   1863   18
r  2462   2414   2312   18
r  2314   2365   2312   18
r  2367   2369   2312   18
r  2468   2369   2312   18
r  2111   2160   2013   18
r  45   199   97   18
r  345   248   97   18
r  296   97   98   18
r  396   97   199   18
r  347   395   199   18
r  99   199   97   18
r  46   199   97   18
r  397   97   199   18
r  50   45   97   18
r  400   199   97   18
r  298   199   98   18
r  49   97   98   18
r  250   97   98   18
r  246   199   98   18
r  399   97   98   18
r  100   248   98   18
r  348   97   98   18
r  449   498   98   18
r  2363   2312   2314   18
r  2465   2312   2418   18
r  196   98   199   18
r  349   98   199   18
r  350   98   199   18
r  300   199   349   18
r  150   98   199   18
r  299   98   97   18
r  1377   1426   1326   18
r  2473   2371   2419   18
r  550   648   498   18
r  698   798   799   18
r  800   748   798   18
r  846   897   648   18
r  743   792   642   18
r  2272   2224   2422   18
r  945   996   948   18
r  1291   1293   1343   18
r  1388   1336   1288   18
r  1587   1689   1487   18
r  1047   1096   1049   18
r  1099   1148   1199   18
r  1198   1097   1049   18
r  1196   1096   1049   18
r  2427   2376   2279   18
r  1296   1347   1499   18
r  1294   1194   1296   18
r  2230   2131   2282   18
r  2130   2179   2178   18
r  1297   1449   1498   18
r  2430   2381   2282   18
r  2431   2433   2380   18
r  2383   2380   2282   18
r  2480   2380   2282   18
r  2284   2233   2282   18
r  2483   2432   2282   18
r  1450   1499   1398   18
r  1447   1496   1449   18
r  1400   1499   1498   18
r  1398   1349   1298   18
r  1349   1498   1396   18
r  1350   1398   1449   18
r  2485   2440   2387   18
r  2487   2387   2440   18
r  2238   2240   2241   18
r  1700   1748   1599   18
r  2390   2441   2436   18
r  2490   2387   2241   18
r  2438   2389   2440   18
r  2289   2337   2440   18
r  2290   2241   2440   18
r  2388   2440   2489   18
r  1699   1798   1750   18
r  2495   2444   2348   18
r  1999   1849   1899   18
r  2394   2295   2496   18
r  2446   2394   2348   18
r  2395   2348   2444   18
r  2344   2244   2348   18
r  2245   2294   2348   18
r  2346   2397   2348   18
r  2398   2346   2150   18
r  2200   2249   2298   18
r  2345   2394   2449   18
r  2299   2350   2348   18
r  2250   2298   2348   18
r  2499   2300   2348   18
r  2396   2496   2348   18
r  2350   2348   2398   18
r  1   105   53   19
r  2   156   105   19
r  3   153   105   19
r  201   252   105   19
r  353   452   105   19
r  6   104   105   19
r  304   401   105   19
r  501   601   603   19
r  305   256   105   19
r  155   53   153   19
r  257   206   153   19
r  56   105   153   19
r  256   105   153   19
r  205   152   153   19
r  251   351   153   19
r  401   403   153   19
r  403   355   153   19
r  352   105   153   19
r  404   252   153   19
r  106   153   53   19
r  4   153   53   19
r  252   153   105   19
r  301   153   105   19
r  302   153   105   19
r  10   112   113   19
r  354   153   403   19
r  61   12   66   19
r  11   66   64   19
r  19   68   113   19
r  213   164   113   19
r  163   263   66   19
r  62   64   66   19
r  12   113   66   19
r  68   113   66   19
r  316   215   66   19
r  212   263   113   19
r  263   208   113   19
r  801   603   803   19
r  802   901   853   19
r  852   603   803   19
r  70   123   171   19
r  267   215   316   19
r  120   123   173   19
r  955   854   803   19
r  854   954   852   19
r  21   173   123   19
r  22   123   173   19
r  952   803   1004   19
r  222   173   123   19
r  74   123   174   19
r  368   467   468   19
r  125   25   173   19
r  1052   1152   1453   19
r  423   472   374   19
r  1061   1059   1010   19
r  1305   1254   1453   19
r  80   129   31   19
r  1452   1352   1602   19
r  1604   1653   1552   19
r  1654   1652   1453   19
r  1751   1851   1453   19
r  1656   1605   1453   19
r  1754   1605   1453   19
r  35   185   83   19
r  83   185   31   19
r  333   432   284   19
r  1262   1313   1214   19
r  2001   2003   2203   19
r  1357   1406   1309   19
r  33   134   82   19
r  133   185   82   19
r  34   134   85   19
r  84   184   135   19
r  86   185   189   19
r  1119   1071   1121   19
r  1265   1364   1415   19
r  1507   1407   1509   19
r  2201   2302   2003   19
r  336   388   435   19
r  826   727   726   19
r  683   732   735   19
r  1270   1268   1470   19
r  827   728   879   19
r  2052   1952   2302   19
r  2202   2003   2302   19
r  2103   2302   2156   19
r  42   91   142   19
r  1269   1220   1470   19
r  1319   1270   1470   19
r  2154   2105   2405   19
r  2354   2455   2405   19
r  2455   2303   2302   19
r  2207   2159   2302   19
r  2409   2405   2302   19
r  2459   2310   2302   19
r  2457   2302   2405   19
r  2208   2302   2405   19
r  2359   2302   2405   19
r  2358   2302   2405   19
r  2058   2007   2106   19
r  39   142   42   19
r  44   199   97   19
r  244   293   199   19
r  295   97   98   19
r  346   245   98   19
r  2411   2360   2312   19
r  1813   1913   1714   19
r  45   97   199   19
r  296   98   97   19
r  396   199   98   19
r  347   97   98   19
r  99   248   199   19
r  297   97   199   19
r  400   97   199   19
r  246   97   199   19
r  399   199   97   19
r  100   97   199   19
r  196   97   98   19
r  300   97   98   19
r  150   97   98   19
r  398   97   98   19
r  299   97   98   19
r  349   199   98   19
r  350   199   98   19
r  2462   2312   2364   19
r  2363   2263   2312   19
r  2413   2464   2312   19
r  2465   2414   2312   19
r  247   98   199   19
r  298   98   199   19
r  46   98   199   19
r  50   98   199   19
r  49   98   97   19
r  250   98   97   19
r  499   648   97   19
r  1036   1087   1137   19
r  1427   1378   1429   19
r  2415   2312   2466   19
r  550   498   648   19
r  546   598   597   19
r  597   447   648   19
r  796   845   696   19
r  746   748   648   19
r  743   642   645   19
r  1092   1041   991   19
r  1771   1819   1720   19
r  2420   2371   2369   19
r  1868   1766   1870   19
r  800   648   748   19
r  949   900   898   19
r  1528   1629   1530   19
r  2473   2419   2272   19
r  2323   2374   2371   19
r  2373   2272   2422   19
r  2118   2169   2115   19
r  998   949   1046   19
r  1537   1488   1637   19
r  2475   2376   2275   19
r  1047   1148   1096   19
r  1150   1049   1096   19
r  1095   1146   1049   19
r  2476   2324   2275   19
r  1097   1148   1099   19
r  1393   1342   1293   19
r  1740   1691   1693   19
r  2377   2329   2282   19
r  2328   2477   2282   19
r  1297   1348   1396   19
r  1345   1446   1498   19
r  1299   1498   1398   19
r  1298   1399   1498   19
r  1834   1885   1934   19
r  2478   2427   2282   19
r  1300   1449   1498   19
r  1400   1449   1499   19
r  1397   1448   1498   19
r  1350   1499   1498   19
r  1500   1498   1398   19
r  2181   2132   2282   19
r  2283   2182   2132   19
r  2430   2282   2481   19
r  1600   1750   1699   19
r  1797   1697   1745   19
r  2383   2282   2432   19
r  2485   2437   2440   19
r  1650   1699   1599   19
r  1699   1750   1798   19
r  2337   2437   2440   19
r  2436   2440   2438   19
r  2437   2489   2440   19
r  2388   2489   2440   19
r  2489   2440   2387   19
r  2492   2443   2348   19
r  2296   2397   2345   19
r  2249   2398   2449   19
r  2150   2199   2298   19
r  2400   2498   2449   19
r  2495   2493   2444   19
r  2394   2496   2348   19
r  2350   2498   2348   19
r  2147   2098   2348   19
r  2198   2348   2398   19
r  2449   2348   2397   19
r  2450   2348   2298   19
r  2250   2348   2398   19
r  2395   2444   2496   19
r  1   153   105   20
r  51   153   53   20
r  2   105   53   20
r  105   54   254   20
r  3   105   153   20
r  56   153   105   20
r  6   153   53   20
r  106   53   153   20
r  4   53   153   20
r  302   403   153   20
r  158   57   105   20
r  59   8   105   20
r  306   153   105   20
r  351   153   105   20
r  303   153   105   20
r  451   502   105   20
r  402   153   105   20
r  352   403   105   20
r  9   108   105   20
r  354   252   105   20
r  404   453   105   20
r  305   105   256   20
r  252   105   153   20
r  301   105   153   20
r  258   207   153   20
r  405   354   153   20
r  109   66   113   20
r  601   453   652   20
r  801   803   603   20
r  706   757   603   20
r  260   211   113   20
r  115   64   66   20
r  266   315   66   20
r  117   119   113   20
r  167   66   113   20
r  264   266   113   20
r  68   117   113   20
r  118   218   66   20
r  219   320   66   20
r  655   603   606   20
r  20   123   174   20
r  70   171   123   20
r  903   951   905   20
r  901   803   903   20
r  25   76   120   20
r  22   120   71   20
r  74   173   123   20
r  222   71   171   20
r  125   74   123   20
r  1153   1202   1453   20
r  523   374   472   20
r  1253   1453   1202   20
r  29   27   129   20
r  130   29   31   20
r  1403   1602   1552   20
r  1553   1504   1604   20
r  1803   1704   1453   20
r  1706   1755   1453   20
r  1606   1756   1453   20
r  1506   1554   1453   20
r  231   282   31   20
r  82   84   31   20
r  33   82   31   20
r  676   575   725   20
r  185   85   83   20
r  133   82   185   20
r  134   185   83   20
r  35   31   185   20
r  34   85   82   20
r  86   189   142   20
r  1363   1311   1264   20
r  776   879   828   20
r  2101   2152   2302   20
r  2152   2203   2302   20
r  2203   2102   2101   20
r  2002   2203   2302   20
r  2251   2302   2405   20
r  2054   1753   2302   20
r  2154   2405   2203   20
r  1758   1709   1809   20
r  1462   1413   1362   20
r  192   240   291   20
r  191   143   89   20
r  139   88   42   20
r  39   42   142   20
r  91   40   340   20
r  929   926   878   20
r  786   784   788   20
r  2155   2206   2302   20
r  2401   2405   2403   20
r  2255   2405   2353   20
r  2209   2308   2302   20
r  2457   2405   2302   20
r  2359   2405   2302   20
r  2358   2405   2302   20
r  2408   2259   2302   20
r  2208   2405   2302   20
r  2262   2211   2302   20
r  2356   2302   2405   20
r  2409   2302   2405   20
r  240   142   189   20
r  42   142   91   20
r  144   142   97   20
r  44   97   199   20
r  295   248   97   20
r  94   98   199   20
r  1321   1373   1470   20
r  1570   1522   1470   20
r  195   98   199   20
r  45   199   97   20
r  245   199   98   20
r  296   97   199   20
r  347   199   97   20
r  146   97   199   20
r  246   199   97   20
r  449   199   97   20
r  196   199   97   20
r  349   97   199   20
r  446   495   98   20
r  298   199   98   20
r  46   199   98   20
r  50   199   98   20
r  49   97   98   20
r  250   97   98   20
r  1084   1133   1183   20
r  2462   2410   2312   20
r  2265   2263   2312   20
r  2419   2370   2312   20
r  350   98   199   20
r  399   98   199   20
r  100   98   97   20
r  398   98   97   20
r  150   98   97   20
r  300   98   199   20
r  592   544   741   20
r  1379   1430   1326   20
r  2464   2312   2413   20
r  2463   2312   2362   20
r  1820   1871   1769   20
r  800   748   648   20
r  2269   2220   2422   20
r  850   648   697   20
r  1192   1241   1343   20
r  2372   2323   2273   20
r  2472   2419   2272   20
r  2020   2119   1972   20
r  999   1100   1199   20
r  1925   1976   2026   20
r  2274   2225   2323   20
r  2426   2475   2225   20
r  2476   2275   2282   20
r  1050   1150   1099   20
r  1150   1148   1049   20
r  1780   1931   1778   20
r  2477   2376   2282   20
r  2428   2328   2282   20
r  1147   1094   1096   20
r  1246   1049   1199   20
r  1247   1146   1449   20
r  1583   1634   1683   20
r  1631   1633   1683   20
r  2329   2378   2380   20
r  2481   2433   2380   20
r  2483   2481   2432   20
r  2229   2231   2282   20
r  2234   2132   2282   20
r  2430   2432   2282   20
r  2285   2384   2282   20
r  2383   2332   2282   20
r  1297   1396   1449   20
r  1396   1499   1498   20
r  1884   1984   1983   20
r  2480   2282   2432   20
r  2485   2440   2436   20
r  1300   1349   1398   20
r  1350   1449   1299   20
r  1500   1449   1498   20
r  1400   1498   1449   20
r  2436   2438   2440   20
r  1598   1748   1699   20
r  1600   1699   1798   20
r  1795   1694   1646   20
r  2489   2438   2440   20
r  2392   2293   2440   20
r  2338   2440   2387   20
r  1700   1698   1748   20
r  1650   1599   1798   20
r  2093   1993   1942   20
r  2393   2442   2348   20
r  2444   2493   2348   20
r  2494   2445   2348   20
r  1997   1898   2048   20
r  1998   2096   1849   20
r  2245   2348   2449   20
r  1850   1798   2048   20
r  2395   2495   2348   20
r  2396   2445   2398   20
r  2447   2298   2449   20
r  2448   2399   2250   20
r  2400   2449   2398   20
r  2350   2398   2298   20
r  2198   2398   2348   20
r  2449   2300   2348   20
r  2450   2298   2348   20
r  2250   2398   2348   20
r  2497   2348   2298   20
r  2499   2348   2398   20
r  1   53   153   21
r  2   153   105   21
r  101   153   53   21
r  3   153   105   21
r  55   153   106   21
r  401   153   252   21
r  6   53   153   21
r  306   257   153   21
r  351   252   153   21
r  303   252   153   21
r  54   153   105   21
r  305   256   105   21
r  252   254   105   21
r  301   153   105   21
r  355   404   105   21
r  256   153   105   21
r  502   603   105   21
r  56   105   153   21
r  402   105   153   21
r  354   105   153   21
r  60   66   113   21
r  503   656   552   21
r  61   113   64   21
r  409   460   407   21
r  310   261   113   21
r  655   606   603   21
r  111   113   66   21
r  63   61   12   21
r  265   314   66   21
r  263   314   66   21
r  167   68   66   21
r  12   66   113   21
r  214   66   113   21
r  215   66   113   21
r  118   167   113   21
r  162   213   113   21
r  262   213   113   21
r  801   603   803   21
r  903   905   1004   21
r  172   123   120   21
r  659   608   711   21
r  1003   1001   1453   21
r  711   810   610   21
r  465   463   467   21
r  22   173   123   21
r  23   120   174   21
r  222   171   174   21
r  24   73   175   21
r  958   909   1009   21
r  1052   1101   1152   21
r  1255   1307   1152   21
r  1251   1453   1152   21
r  1203   1152   1453   21
r  1253   1202   1453   21
r  1753   1801   1453   21
r  1555   1652   1453   21
r  1704   1753   1453   21
r  1755   1707   1453   21
r  77   129   31   21
r  1653   1453   1753   21
r  81   185   78   21
r  282   329   231   21
r  1951   2203   2302   21
r  2101   2302   2052   21
r  32   185   34   21
r  82   31   35   21
r  132   33   185   21
r  2153   1954   2302   21
r  2251   2405   2302   21
r  85   33   185   21
r  34   184   232   21
r  134   83   185   21
r  84   185   33   21
r  135   86   133   21
r  1365   1414   1264   21
r  925   923   1026   21
r  2255   2353   2405   21
r  2351   2405   2403   21
r  2459   2410   2405   21
r  2158   2258   2302   21
r  2356   2407   2302   21
r  2210   2257   2302   21
r  2404   2302   2353   21
r  2401   2302   2405   21
r  2457   2302   2405   21
r  1811   1912   1809   21
r  136   185   85   21
r  2312   2261   2365   21
r  2260   2302   2312   21
r  141   42   189   21
r  143   43   199   21
r  338   389   142   21
r  240   189   142   21
r  42   91   142   21
r  341   392   142   21
r  833   733   734   21
r  1419   1470   1318   21
r  2412   2361   2364   21
r  2315   2214   2312   21
r  2415   2466   2312   21
r  2463   2414   2312   21
r  93   142   97   21
r  144   97   199   21
r  44   98   97   21
r  244   199   97   21
r  294   142   97   21
r  43   199   97   21
r  638   689   739   21
r  1569   1469   1471   21
r  1914   2014   2013   21
r  145   199   97   21
r  195   97   98   21
r  45   98   199   21
r  299   98   97   21
r  348   98   97   21
r  150   97   98   21
r  397   98   97   21
r  400   98   97   21
r  300   349   97   21
r  295   97   199   21
r  396   98   199   21
r  246   97   199   21
r  449   97   199   21
r  196   98   199   21
r  298   97   199   21
r  46   97   199   21
r  1916   1965   1867   21
r  2471   2371   2422   21
r  297   199   97   21
r  349   199   97   21
r  49   199   97   21
r  250   199   97   21
r  296   199   98   21
r  350   199   98   21
r  247   199   98   21
r  399   199   98   21
r  100   199   98   21
r  398   248   98   21
r  2274   2323   2422   21
r  2223   2274   2275   21
r  594   592   643   21
r  645   744   648   21
r  850   748   648   21
r  744   795   648   21
r  1775   1824   1823   21
r  900   648   799   21
r  1585   1485   1583   21
r  2382   2431   2481   21
r  2482   2431   2380   21
r  2480   2433   2282   21
r  2383   2282   2380   21
r  2485   2436   2440   21
r  1099   1199   1147   21
r  1248   1199   1049   21
r  1148   1246   1097   21
r  1296   1449   1498   21
r  1346   1449   1498   21
r  1295   1446   1449   21
r  1640   1588   1688   21
r  2436   2440   2387   21
r  2287   2241   2440   21
r  1396   1445   1398   21
r  1347   1247   1398   21
r  2437   2440   2489   21
r  2338   2387   2440   21
r  1299   1449   1498   21
r  1500   1398   1449   21
r  1400   1449   1398   21
r  1349   1449   1498   21
r  1550   1499   1498   21
r  1300   1498   1449   21
r  1600   1748   1699   21
r  1697   1646   1748   21
r  1796   1698   1745   21
r  2445   2348   2398   21
r  2395   2496   2444   21
r  2496   2449   2394   21
r  2245   2296   2348   21
r  2249   2449   2298   21
r  2446   2444   2449   21
r  2350   2298   2449   21
r  2450   2448   2298   21
r  2146   2094   2348   21
r  2497   2298   2348   21
r  2499   2350   2348   21
r  1700   1599   1698   21
r  2200   2348   2398   21
r  2199   2348   2298   21
r  2498   2348   2449   21
r  2400   2348   2449   21
r  2500   2348   2398   21
r  1900   1849   1949   21
r  51   105   153   22
r  2   53   153   22
r  101   53   153   22
r  3   105   153   22
r  55   53   153   22
r  54   106   153   22
r  256   252   153   22
r  454   153   105   22
r  403   153   105   22
r  258   153   105   22
r  56   153   105   22
r  402   153   105   22
r  354   403   105   22
r  356   405   105   22
r  401   105   153   22
r  301   105   153   22
r  355   105   153   22
r  60   113   153   22
r  61   66   113   22
r  11   113   66   22
r  752   852   803   22
r  801   803   603   22
r  111   66   113   22
r  62   113   161   22
r  14   66   115   22
r  313   262   113   22
r  317   218   113   22
r  214   113   66   22
r  312   260   66   22
r  20   120   123   22
r  413   462   464   22
r  120   72   123   22
r  902   1004   951   22
r  901   903   803   22
r  806   804   803   22
r  71   171   23   22
r  121   174   173   22
r  25   173   123   22
r  22   123   120   22
r  75   24   120   22
r  72   123   174   22
r  1051   1102   1453   22
r  1152   1154   1453   22
r  715   615   764   22
r  1251   1353   1453   22
r  1452   1602   1503   22
r  1851   2001   2003   22
r  1407   1458   1453   22
r  1752   1852   1453   22
r  1653   1704   1453   22
r  1854   1753   1453   22
r  228   78   280   22
r  1401   1453   1302   22
r  1801   1453   1753   22
r  1805   1854   1753   22
r  180   232   129   22
r  524   722   623   22
r  1952   2203   2001   22
r  2102   2201   2302   22
r  2201   2203   2302   22
r  2152   2054   2405   22
r  1955   1854   2004   22
r  134   85   83   22
r  135   133   34   22
r  1017   1116   1065   22
r  1259   1208   1160   22
r  773   775   824   22
r  2001   2252   2302   22
r  2101   1951   2302   22
r  2105   2107   2302   22
r  2151   1852   2302   22
r  2255   2405   2304   22
r  2354   2405   2303   22
r  2404   2353   2302   22
r  2409   2405   2302   22
r  2401   2405   2302   22
r  2457   2408   2302   22
r  2311   2410   2302   22
r  2057   2105   2302   22
r  2058   2106   2302   22
r  2107   2356   2302   22
r  86   82   189   22
r  585   685   634   22
r  2454   2302   2403   22
r  2408   2302   2405   22
r  2208   2302   2405   22
r  2211   2411   2163   22
r  2464   2362   2312   22
r  92   89   199   22
r  40   89   91   22
r  289   237   142   22
r  91   340   189   22
r  38   142   189   22
r  341   142   189   22
r  2463   2312   2364   22
r  2369   2320   2371   22
r  93   97   199   22
r  144   199   97   22
r  292   142   97   22
r  44   199   98   22
r  194   143   98   22
r  43   97   199   22
r  1419   1318   1470   22
r  1175   1226   1124   22
r  2270   2319   2371   22
r  2321   2422   2272   22
r  1031   982   1033   22
r  94   199   98   22
r  149   98   399   22
r  346   98   97   22
r  150   98   97   22
r  397   97   98   22
r  400   97   98   22
r  300   97   98   22
r  45   97   98   22
r  396   245   97   22
r  246   98   97   22
r  449   98   97   22
r  196   97   98   22
r  298   98   97   22
r  245   98   199   22
r  349   98   199   22
r  49   97   199   22
r  250   98   199   22
r  350   97   199   22
r  247   97   199   22
r  399   98   199   22
r  100   98   199   22
r  398   98   199   22
r  297   98   199   22
r  50   97   199   22
r  195   199   97   22
r  295   199   97   22
r  1035   1136   934   22
r  1622   1521   1674   22
r  1177   1276   1128   22
r  1767   1818   1868   22
r  2375   2426   2424   22
r  146   199   97   22
r  46   199   97   22
r  299   199   98   22
r  348   199   98   22
r  296   98   97   22
r  1672   1674   1624   22
r  1180   1283   1331   22
r  989   1088   1092   22
r  1140   1191   1240   22
r  2326   2427   2282   22
r  2174   2071   2125   22
r  2477   2282   2376   22
r  649   697   748   22
r  700   748   697   22
r  847   796   748   22
r  795   842   648   22
r  900   800   648   22
r  797   846   799   22
r  1528   1627   1577   22
r  2278   2378   2282   22
r  2331   2380   2432   22
r  2384   2386   2432   22
r  2480   2432   2380   22
r  2383   2380   2282   22
r  2333   2434   2380   22
r  650   648   699   22
r  845   897   994   22
r  1878   1829   1881   22
r  2430   2282   2332   22
r  2485   2440   2437   22
r  1149   1049   948   22
r  1047   1049   1099   22
r  1781   1730   1779   22
r  2437   2489   2440   22
r  1099   1147   1199   22
r  1148   1199   1449   22
r  1147   1096   1049   22
r  1098   1199   1049   22
r  1395   1397   1398   22
r  1936   1934   1884   22
r  2439   2339   2437   22
r  2291   2389   2440   22
r  2491   2442   2340   22
r  2338   2440   2340   22
r  1298   1498   1396   22
r  2139   2293   2190   22
r  1497   1398   1400   22
r  1400   1499   1449   22
r  1349   1396   1449   22
r  1447   1449   1398   22
r  1350   1299   1398   22
r  1598   1699   1498   22
r  2445   2398   2348   22
r  2395   2348   2398   22
r  2496   2394   2398   22
r  1648   1748   1798   22
r  2295   2343   2298   22
r  2447   2449   2398   22
r  2148   2048   2150   22
r  2250   2449   2398   22
r  2200   2298   2348   22
r  2199   2298   2348   22
r  2498   2398   2348   22
r  2400   2449   2348   22
r  2446   2348   2398   22
r  2497   2348   2449   22
r  1699   1748   1697   22
r  1847   1796   1898   22
r  1895   1795   1946   22
r  2450   2348   2398   22
r  51   53   105   23
r  3   104   105   23
r  53   153   55   23
r  59   153   113   23
r  307   358   105   23
r  452   603   105   23
r  501   153   105   23
r  405   454   105   23
r  401   252   105   23
r  301   153   105   23
r  209   309   105   23
r  159   110   105   23
r  553   606   105   23
r  56   105   153   23
r  504   506   603   23
r  502   105   603   23
r  61   113   66   23
r  11   64   113   23
r  165   66   167   23
r  14   115   66   23
r  62   66   113   23
r  69   169   113   23
r  312   363   113   23
r  217   219   113   23
r  314   311   113   23
r  365   316   113   23
r  261   411   66   23
r  456   556   603   23
r  652   553   604   23
r  111   113   66   23
r  215   113   66   23
r  220   272   66   23
r  701   603   752   23
r  901   803   753   23
r  71   23   120   23
r  122   173   174   23
r  172   170   123   23
r  124   121   120   23
r  22   120   123   23
r  175   75   123   23
r  73   120   174   23
r  24   123   174   23
r  125   173   174   23
r  28   77   130   23
r  1101   1202   1453   23
r  1202   1102   1453   23
r  1252   1453   1152   23
r  1154   1105   1453   23
r  1204   1152   1453   23
r  1401   1353   1453   23
r  1505   1705   1453   23
r  1756   1605   1453   23
r  1556   1656   1453   23
r  1105   1054   1206   23
r  130   31   231   23
r  426   326   528   23
r  1451   1453   1503   23
r  1502   1453   1551   23
r  133   184   31   23
r  1257   1356   1309   23
r  2005   2104   2302   23
r  85   185   34   23
r  2104   2003   2302   23
r  2106   2155   2302   23
r  2154   2203   2405   23
r  2055   2104   2302   23
r  2255   2304   2405   23
r  2354   2303   2405   23
r  2159   2259   2405   23
r  2206   2405   2353   23
r  2309   2409   2405   23
r  2358   2360   2405   23
r  2401   2403   2405   23
r  2454   2405   2302   23
r  2408   2312   2302   23
r  2109   2209   2302   23
r  2260   2262   2302   23
r  2059   2108   2302   23
r  730   830   879   23
r  335   286   435   23
r  825   774   876   23
r  2351   2302   2405   23
r  2411   2362   2364   23
r  138   237   189   23
r  831   780   879   23
r  2463   2362   2312   23
r  143   199   97   23
r  241   141   189   23
r  40   91   89   23
r  140   89   189   23
r  38   89   142   23
r  90   92   189   23
r  39   142   189   23
r  2413   2312   2362   23
r  2419   2312   2422   23
r  93   199   97   23
r  193   142   97   23
r  44   97   199   23
r  244   97   199   23
r  343   294   97   23
r  294   346   98   23
r  43   199   97   23
r  2270   2422   2272   23
r  1518   1567   1617   23
r  94   97   199   23
r  149   97   98   23
r  450   97   98   23
r  150   97   98   23
r  397   98   97   23
r  349   97   98   23
r  50   98   97   23
r  195   97   199   23
r  146   98   199   23
r  347   98   199   23
r  299   97   199   23
r  145   97   199   23
r  345   98   199   23
r  46   98   199   23
r  45   199   97   23
r  245   199   98   23
r  100   199   98   23
r  297   199   98   23
r  250   199   98   23
r  246   199   98   23
r  298   199   98   23
r  296   347   98   23
r  300   199   97   23
r  49   199   97   23
r  350   199   97   23
r  247   199   97   23
r  394   445   97   23
r  2372   2272   2224   23
r  2373   2371   2272   23
r  2321   2272   2422   23
r  2474   2375   2422   23
r  2375   2424   2422   23
r  541   443   594   23
r  2325   2323   2224   23
r  2376   2328   2282   23
r  2120   2069   2224   23
r  598   549   546   23
r  547   648   599   23
r  1874   1925   1823   23
r  2125   2173   2072   23
r  2276   2327   2282   23
r  2477   2327   2282   23
r  2327   2426   2282   23
r  699   697   748   23
r  800   798   748   23
r  744   793   795   23
r  650   699   750   23
r  2427   2328   2282   23
r  2228   2076   2282   23
r  2430   2332   2282   23
r  2485   2387   2436   23
r  2286   2235   2440   23
r  1531   1482   1533   23
r  1145   1096   1049   23
r  1047   1099   1049   23
r  1146   1246   1049   23
r  1639   1637   1688   23
r  1150   1049   1099   23
r  1098   1147   1199   23
r  1296   1498   1449   23
r  1346   1297   1449   23
r  1295   1346   1498   23
r  2338   2438   2440   23
r  1446   1449   1498   23
r  1347   1398   1449   23
r  2494   2348   2449   23
r  1300   1398   1498   23
r  1400   1398   1498   23
r  1447   1398   1449   23
r  1350   1398   1449   23
r  1349   1449   1398   23
r  2495   2348   2398   23
r  2395   2398   2348   23
r  2496   2398   2449   23
r  2295   2298   2398   23
r  2298   2449   2398   23
r  2248   2199   2398   23
r  2447   2398   2449   23
r  2448   2250   2497   23
r  2498   2449   2398   23
r  2446   2449   2348   23
r  2497   2398   2348   23
r  2450   2398   2348   23
r  2500   2398   2348   23
r  2000   1849   2348   23
r  1750   1650   1697   23
r  1947   1899   2048   23
r  1700   1698   1798   23
r  53   55   153   24
r  201   153   252   24
r  403   252   153   24
r  301   352   153   24
r  355   304   105   24
r  56   153   105   24
r  211   110   105   24
r  402   105   153   24
r  210   161   153   24
r  161   113   66   24
r  61   66   113   24
r  111   66   113   24
r  162   263   66   24
r  262   311   66   24
r  215   66   113   24
r  169   66   113   24
r  119   66   113   24
r  214   265   113   24
r  267   316   113   24
r  410   359   358   24
r  702   751   803   24
r  701   604   603   24
r  851   752   603   24
r  12   113   66   24
r  165   113   66   24
r  313   113   66   24
r  704   603   752   24
r  901   753   803   24
r  21   123   174   24
r  121   173   174   24
r  25   123   174   24
r  173   71   23   24
r  806   855   905   24
r  72   174   123   24
r  24   175   123   24
r  523   472   374   24
r  1252   1152   1453   24
r  1451   1552   1453   24
r  1502   1451   1453   24
r  1801   1753   1453   24
r  1657   1756   1453   24
r  1557   1505   1453   24
r  1655   1756   1453   24
r  1806   1757   1453   24
r  185   83   31   24
r  1656   1453   1705   24
r  2053   2106   2302   24
r  2004   2006   2302   24
r  2051   2102   2302   24
r  2102   2302   2405   24
r  1608   1659   1660   24
r  1957   2008   2302   24
r  1113   1211   1111   24
r  1115   1163   1167   24
r  2103   2156   2302   24
r  2201   2003   2405   24
r  2055   2106   2405   24
r  2151   2203   2405   24
r  2202   2101   2405   24
r  2206   2353   2405   24
r  2260   2312   2405   24
r  2056   2005   2302   24
r  2008   2106   2302   24
r  2156   2205   2302   24
r  2351   2405   2302   24
r  2208   2257   2302   24
r  2160   2261   2302   24
r  2108   2157   2302   24
r  189   142   89   24
r  37   142   189   24
r  238   89   189   24
r  2106   2302   2405   24
r  2409   2302   2405   24
r  2454   2302   2405   24
r  2157   2058   2405   24
r  191   89   189   24
r  140   189   89   24
r  193   191   142   24
r  2264   2262   2312   24
r  2412   2312   2365   24
r  686   638   588   24
r  93   98   199   24
r  144   97   98   24
r  44   98   97   24
r  244   98   97   24
r  294   97   199   24
r  2469   2367   2422   24
r  789   837   690   24
r  94   199   97   24
r  149   399   97   24
r  450   98   97   24
r  196   98   97   24
r  349   98   97   24
r  399   97   98   24
r  50   97   98   24
r  146   97   98   24
r  299   98   97   24
r  345   97   98   24
r  46   97   98   24
r  45   97   199   24
r  245   98   199   24
r  100   98   199   24
r  348   98   199   24
r  295   97   199   24
r  300   98   199   24
r  49   97   199   24
r  145   199   97   24
r  298   98   399   24
r  150   199   97   24
r  400   199   97   24
r  344   445   97   24
r  195   199   97   24
r  2420   2422   2272   24
r  2471   2272   2419   24
r  1720   1669   1769   24
r  2324   2273   2422   24
r  2325   2224   2422   24
r  2223   2275   2422   24
r  1623   1672   1671   24
r  1427   1379   1476   24
r  599   498   696   24
r  649   748   697   24
r  547   599   648   24
r  2475   2275   2376   24
r  644   691   648   24
r  1041   1043   1092   24
r  699   748   750   24
r  650   750   648   24
r  796   648   748   24
r  2279   2330   2282   24
r  1431   1482   1429   24
r  2432   2332   2380   24
r  1928   1877   1881   24
r  1149   999   1049   24
r  1050   1099   948   24
r  2485   2437   2440   24
r  2336   2387   2440   24
r  2286   2337   2235   24
r  1150   1099   1049   24
r  1097   1199   1049   24
r  1246   1199   1049   24
r  2436   2439   2440   24
r  2487   2436   2387   24
r  1298   1449   1498   24
r  2289   2440   2292   24
r  1446   1498   1449   24
r  1349   1398   1449   24
r  2494   2394   2348   24
r  1593   1693   1644   24
r  1600   1699   1698   24
r  2394   2396   2398   24
r  2445   2348   2398   24
r  2495   2398   2348   24
r  2395   2348   2398   24
r  2496   2449   2398   24
r  2245   2449   2398   24
r  1650   1748   1697   24
r  2349   2398   2298   24
r  2249   2298   2398   24
r  2297   2295   2398   24
r  2345   2449   2398   24
r  2346   2295   2398   24
r  2497   2449   2398   24
r  2500   2348   2398   24
r  2400   2348   2449   24
r  1700   1748   1649   24
r  1749   1849   1700   24
r  1850   1799   1798   24
r  2050   2348   2398   24
r  2049   2098   1998   24
r  2046   2095   1995   24
r  101   153   52   25
r  454   254   153   25
r  60   11   105   25
r  402   301   105   25
r  259   211   105   25
r  406   458   105   25
r  201   105   153   25
r  59   105   153   25
r  159   105   153   25
r  56   105   153   25
r  309   258   153   25
r  161   61   113   25
r  212   113   66   25
r  61   113   66   25
r  703   751   752   25
r  704   752   603   25
r  62   113   66   25
r  311   362   113   25
r  264   316   66   25
r  12   64   113   25
r  168   66   113   25
r  313   66   113   25
r  170   69   113   25
r  364   313   113   25
r  220   66   113   25
r  315   113   66   25
r  218   169   66   25
r  805   756   905   25
r  70   123   21   25
r  904   852   855   25
r  856   804   803   25
r  952   903   852   25
r  21   174   123   25
r  368   417   467   25
r  24   123   120   25
r  75   120   174   25
r  22   71   174   25
r  25   120   123   25
r  953   803   905   25
r  810   610   712   25
r  1002   1053   1453   25
r  72   123   174   25
r  23   123   72   25
r  516   467   616   25
r  1103   1205   1453   25
r  1105   1206   1054   25
r  1457   1509   1453   25
r  1605   1554   1453   25
r  1853   1904   1453   25
r  1307   1407   1453   25
r  1656   1705   1453   25
r  1804   1755   1453   25
r  1805   1753   1453   25
r  1357   1309   1453   25
r  1108   1209   1260   25
r  282   231   31   25
r  1851   1453   1753   25
r  32   34   185   25
r  83   34   185   25
r  85   34   31   25
r  1952   2001   2302   25
r  1310   1211   1362   25
r  625   676   577   25
r  725   672   625   25
r  84   135   82   25
r  183   31   185   25
r  2153   2302   2405   25
r  2251   2302   2405   25
r  2102   2405   2302   25
r  2006   2057   2302   25
r  2007   1958   2302   25
r  1312   1265   1264   25
r  1313   1265   1365   25
r  189   89   142   25
r  2101   2052   2405   25
r  2155   2104   2405   25
r  2454   2403   2302   25
r  2157   2106   2302   25
r  2360   2309   2302   25
r  2108   2302   2405   25
r  37   189   142   25
r  92   340   189   25
r  143   97   98   25
r  140   89   189   25
r  341   189   142   25
r  39   189   142   25
r  242   142   189   25
r  291   142   189   25
r  340   142   189   25
r  779   879   730   25
r  826   726   879   25
r  2310   2302   2405   25
r  2311   2302   2405   25
r  2156   2302   2405   25
r  2351   2302   2405   25
r  144   93   97   25
r  44   199   98   25
r  41   142   90   25
r  293   142   97   25
r  43   97   199   25
r  243   142   97   25
r  2413   2364   2312   25
r  1126   1128   1175   25
r  1619   1719   1769   25
r  196   97   98   25
r  244   97   98   25
r  299   97   98   25
r  245   97   98   25
r  100   97   98   25
r  348   97   98   25
r  446   97   199   25
r  297   97   199   25
r  250   98   199   25
r  246   98   199   25
r  298   97   199   25
r  296   97   199   25
r  350   98   199   25
r  150   97   199   25
r  400   98   199   25
r  344   97   199   25
r  195   97   199   25
r  549   648   199   25
r  45   199   97   25
r  295   199   97   25
r  49   199   97   25
r  50   199   97   25
r  146   199   97   25
r  345   199   97   25
r  46   199   97   25
r  349   199   98   25
r  347   199   98   25
r  300   199   98   25
r  395   343   97   25
r  2467   2312   2418   25
r  2217   2166   2266   25
r  1622   1570   1471   25
r  591   542   642   25
r  2420   2272   2422   25
r  1820   1769   1772   25
r  2273   2224   2371   25
r  2471   2419   2272   25
r  2122   2224   2173   25
r  699   750   799   25
r  794   694   648   25
r  650   648   898   25
r  1776   1827   1626   25
r  2328   2282   2376   25
r  1926   1975   1981   25
r  2332   2433   2432   25
r  2335   2235   2186   25
r  2131   2080   2282   25
r  2128   2179   2282   25
r  1050   948   1199   25
r  1150   1049   1148   25
r  1095   1147   1146   25
r  1098   1199   1147   25
r  1293   1390   1342   25
r  2479   2282   2380   25
r  1298   1396   1449   25
r  1294   1346   1498   25
r  1443   1391   1441   25
r  1345   1498   1449   25
r  2486   2440   2337   25
r  2086   2088   2138   25
r  1448   1298   1499   25
r  1446   1449   1498   25
r  2491   2241   2442   25
r  1300   1449   1396   25
r  1400   1449   1499   25
r  1599   1648   1798   25
r  1600   1798   1697   25
r  2445   2398   2348   25
r  2344   2496   2398   25
r  2495   2444   2398   25
r  2194   2143   2348   25
r  1748   1599   1699   25
r  1800   2048   1697   25
r  1700   1649   1697   25
r  2349   2298   2398   25
r  2100   2098   2398   25
r  2450   2298   2398   25
r  2500   2449   2348   25
r  2400   2449   2348   25
r  2296   2345   2398   25
r  2350   2348   2398   25
r  2299   2348   2449   25
r  2197   2348   2398   25
r  1900   1949   1849   25
r  2149   2348   2398   25
r  2148   2348   2398   25
r  2198   2348   2398   25
r  101   105   153   26
r  258   209   153   26
r  60   153   66   26
r  201   252   105   26
r  159   153   105   26
r  56   153   105   26
r  109   113   105   26
r  160   9   105   26
r  552   603   105   26
r  453   603   153   26
r  308   259   153   26
r  357   359   153   26
r  406   105   603   26
r  61   64   113   26
r  111   113   66   26
r  310   113   66   26
r  654   606   652   26
r  802   853   603   26
r  62   66   113   26
r  311   113   66   26
r  67   16   167   26
r  169   167   66   26
r  165   66   113   26
r  315   215   113   26
r  219   319   113   26
r  365   113   66   26
r  267   113   66   26
r  168   113   66   26
r  217   113   66   26
r  801   603   803   26
r  704   603   655   26
r  851   603   752   26
r  758   658   760   26
r  70   21   123   26
r  120   173   174   26
r  855   956   803   26
r  952   852   803   26
r  856   803   905   26
r  21   120   174   26
r  24   174   123   26
r  172   120   174   26
r  72   174   123   26
r  23   72   123   26
r  1007   907   807   26
r  419   467   517   26
r  26   123   174   26
r  614   712   666   26
r  1057   1006   1105   26
r  962   964   1013   26
r  1255   1306   1453   26
r  1053   1152   1453   26
r  1106   1054   1453   26
r  1601   1552   1353   26
r  84   82   185   26
r  34   232   85   26
r  922   971   973   26
r  2053   2302   2405   26
r  2153   2405   2302   26
r  2102   2302   2405   26
r  2052   2302   2405   26
r  2001   2302   2405   26
r  1662   1611   1660   26
r  1364   1315   1313   26
r  484   436   383   26
r  434   432   483   26
r  585   534   485   26
r  2103   2106   2405   26
r  2353   2405   2453   26
r  2105   2056   2405   26
r  2056   2156   2405   26
r  2160   2211   2405   26
r  2251   2003   2302   26
r  2108   1958   2302   26
r  2106   2205   2302   26
r  2409   2407   2302   26
r  2310   2405   2302   26
r  2156   2405   2302   26
r  2351   2403   2302   26
r  2211   2163   2302   26
r  37   142   189   26
r  88   142   187   26
r  143   98   97   26
r  339   390   189   26
r  89   138   189   26
r  240   89   189   26
r  341   339   189   26
r  340   240   142   26
r  293   97   142   26
r  39   142   189   26
r  41   89   189   26
r  830   879   730   26
r  732   632   834   26
r  1026   977   1028   26
r  2259   2302   2405   26
r  2460   2302   2364   26
r  144   98   199   26
r  44   97   199   26
r  43   199   97   26
r  194   98   199   26
r  783   734   732   26
r  2412   2365   2312   26
r  2362   2360   2365   26
r  2466   2418   2367   26
r  2316   2367   2312   26
r  2467   2418   2312   26
r  1521   1570   1470   26
r  1324   1322   1321   26
r  448   97   98   26
r  397   97   98   26
r  299   98   97   26
r  245   98   97   26
r  348   98   97   26
r  246   97   98   26
r  298   399   97   26
r  296   98   97   26
r  150   98   97   26
r  344   395   98   26
r  195   98   97   26
r  549   450   97   26
r  295   98   199   26
r  247   98   199   26
r  146   97   199   26
r  46   97   199   26
r  349   97   199   26
r  300   98   199   26
r  394   97   199   26
r  499   97   199   26
r  145   98   199   26
r  50   98   199   26
r  45   98   199   26
r  250   199   98   26
r  396   199   98   26
r  350   199   98   26
r  400   199   98   26
r  450   199   648   26
r  196   199   97   26
r  399   199   97   26
r  244   199   97   26
r  100   199   97   26
r  446   199   97   26
r  443   394   97   26
r  500   648   97   26
r  297   199   97   26
r  739   788   839   26
r  1079   1177   1130   26
r  2117   2166   2068   26
r  2270   2371   2422   26
r  2420   2422   2272   26
r  2471   2272   2371   26
r  2325   2374   2224   26
r  650   748   648   26
r  2373   2422   2371   26
r  2172   2272   2372   26
r  2225   2178   2282   26
r  746   648   697   26
r  1041   1092   990   26
r  1334   1286   1332   26
r  2328   2377   2282   26
r  2227   2275   2282   26
r  2479   2378   2282   26
r  2235   2132   2282   26
r  1150   1096   1049   26
r  1248   1148   1449   26
r  1195   1199   1049   26
r  1241   1342   1343   26
r  2331   2282   2380   26
r  2435   2440   2387   26
r  2434   2282   2432   26
r  1932   1883   1984   26
r  1198   1049   1449   26
r  1245   1194   1498   26
r  2439   2437   2386   26
r  2486   2337   2440   26
r  1498   1398   1296   26
r  1299   1398   1449   26
r  1300   1498   1449   26
r  1400   1499   1449   26
r  1345   1449   1498   26
r  2437   2440   2292   26
r  2488   2437   2439   26
r  2438   2387   2337   26
r  2491   2442   2348   26
r  2088   2090   2039   26
r  2293   2342   2398   26
r  1600   1698   1798   26
r  1642   1693   1640   26
r  1591   1543   1542   26
r  2392   2440   2340   26
r  2444   2496   2398   26
r  2494   2348   2398   26
r  1792   1740   1693   26
r  2495   2348   2449   26
r  2347   2296   2398   26
r  2349   2398   2449   26
r  2196   2244   2398   26
r  2147   2049   2398   26
r  2250   2398   2199   26
r  2498   2398   2449   26
r  2000   2048   2398   26
r  2395   2444   2348   26
r  2350   2398   2348   26
r  2299   2449   2348   26
r  2197   2398   2348   26
r  2050   2099   2348   26
r  2198   2398   2348   26
r  2148   2150   2348   26
r  2249   2348   2300   26
r  2100   2348   2049   26
r  2447   2348   2398   26
r  2099   2348   2398   26
r  1799   2048   1697   26
r  1750   1697   1699   26
r  1849   1949   1947   26
r  2149   2398   2249   26
r  101   153   105   27
r  209   160   153   27
r  453   153   105   27
r  308   153   105   27
r  407   403   105   27
r  502   403   105   27
r  254   256   154   27
r  159   105   153   27
r  56   105   153   27
r  552   105   153   27
r  109   105   153   27
r  409   358   153   27
r  59   153   66   27
r  210   153   66   27
r  212   312   113   27
r  260   262   66   27
r  704   655   603   27
r  901   803   603   27
r  111   210   113   27
r  313   115   66   27
r  62   161   66   27
r  267   66   113   27
r  168   66   113   27
r  217   268   113   27
r  366   417   113   27
r  363   463   113   27
r  215   113   66   27
r  70   123   171   27
r  806   803   906   27
r  1001   1004   1453   27
r  22   174   173   27
r  72   21   174   27
r  612   563   661   27
r  23   123   176   27
r  126   78   174   27
r  713   664   716   27
r  1102   1003   1453   27
r  1404   1456   1353   27
r  1105   1056   1453   27
r  1356   1256   1453   27
r  1306   1357   1453   27
r  1658   1607   1453   27
r  1308   1356   1453   27
r  1256   1205   1453   27
r  863   912   962   27
r  1201   1453   1353   27
r  1502   1453   1602   27
r  1553   1453   1605   27
r  1458   1510   1407   27
r  1459   1511   1510   27
r  1109   1057   1010   27
r  229   180   330   27
r  130   30   31   27
r  1952   2302   2405   27
r  2004   2104   2405   27
r  378   429   329   27
r  85   83   185   27
r  135   83   31   27
r  183   185   31   27
r  2153   2302   2405   27
r  2051   2302   2405   27
r  2001   2203   2302   27
r  2104   1952   2405   27
r  234   282   183   27
r  1021   970   1072   27
r  2102   2003   2302   27
r  2353   2453   2405   27
r  2261   2210   2405   27
r  2156   2105   2405   27
r  2259   2405   2302   27
r  2460   2364   2302   27
r  2410   2312   2302   27
r  2361   2312   2302   27
r  2401   2302   2403   27
r  2359   2302   2405   27
r  1563   1612   1464   27
r  1316   1365   1415   27
r  187   238   189   27
r  680   830   829   27
r  37   189   142   27
r  88   189   142   27
r  40   89   189   27
r  290   341   189   27
r  338   289   189   27
r  42   89   189   27
r  291   189   142   27
r  39   189   142   27
r  41   189   142   27
r  826   828   877   27
r  2213   2264   2312   27
r  2462   2364   2362   27
r  2365   2263   2413   27
r  2315   2312   2263   27
r  1816   1767   1769   27
r  2064   2013   2163   27
r  144   97   98   27
r  44   199   97   27
r  43   97   199   27
r  294   98   97   27
r  2416   2312   2365   27
r  1620   1569   1471   27
r  94   97   199   27
r  397   98   97   27
r  449   97   98   27
r  245   97   98   27
r  348   97   98   27
r  344   98   97   27
r  46   98   97   27
r  300   97   98   27
r  347   98   199   27
r  250   97   199   27
r  396   98   199   27
r  350   98   199   27
r  345   98   199   27
r  49   98   199   27
r  196   98   199   27
r  399   97   199   27
r  100   97   199   27
r  297   97   199   27
r  400   98   199   27
r  244   98   199   27
r  145   199   98   27
r  98   199   150   27
r  45   199   98   27
r  247   199   98   27
r  50   199   98   27
r  298   199   98   27
r  448   199   97   27
r  246   199   97   27
r  146   199   97   27
r  498   648   97   27
r  497   648   97   27
r  739   690   788   27
r  2420   2272   2422   27
r  2373   2272   2422   27
r  2275   2224   2422   27
r  1278   1229   1226   27
r  937   986   788   27
r  2471   2422   2272   27
r  2171   2070   2224   27
r  1082   1084   983   27
r  746   750   648   27
r  796   696   648   27
r  2478   2282   2376   27
r  2481   2380   2333   27
r  2178   2079   2282   27
r  2331   2432   2282   27
r  2180   2134   2282   27
r  2134   2185   2282   27
r  2434   2386   2282   27
r  2130   2178   2282   27
r  2132   2282   2181   27
r  2483   2282   2481   27
r  1534   1485   1586   27
r  1189   1289   1240   27
r  1047   1049   1148   27
r  1242   1343   1191   27
r  1634   1683   1636   27
r  1196   1049   1247   27
r  1341   1242   1343   27
r  2437   2389   2440   27
r  2438   2440   2387   27
r  2441   2493   2348   27
r  1738   1689   1887   27
r  1397   1498   1499   27
r  1345   1498   1449   27
r  1398   1449   1498   27
r  2444   2348   2449   27
r  2494   2449   2348   27
r  2244   2348   2398   27
r  1547   1449   1349   27
r  2349   2449   2398   27
r  2250   2199   2398   27
r  2445   2496   2398   27
r  2500   2398   2449   27
r  2197   2248   2398   27
r  2495   2398   2348   27
r  2249   2300   2348   27
r  2100   2049   2348   27
r  2447   2398   2348   27
r  2099   2148   2348   27
r  2049   1949   2348   27
r  2246   2300   2398   27
r  2193   2348   2398   27
r  2497   2348   2449   27
r  2098   2348   2398   27
r  2498   2348   2398   27
r  2350   2348   2398   27
r  2198   2348   2398   27
r  2149   2250   2398   27
r  2045   2094   2398   27
r  2092   2143   1942   27
r  1648   1699   1697   27
r  1649   1698   1697   27
r  1949   2048   1849   27
r  1850   2048   1799   27
r  1948   2048   1946   27
r  101   105   153   28
r  356   358   153   28
r  211   61   153   28
r  407   356   153   28
r  159   153   105   28
r  56   53   105   28
r  406   358   105   28
r  10   66   105   28
r  109   60   113   28
r  501   105   153   28
r  308   105   153   28
r  653   752   803   28
r  801   803   603   28
r  803   954   603   28
r  851   752   603   28
r  852   951   603   28
r  311   66   113   28
r  119   67   66   28
r  165   167   66   28
r  365   66   113   28
r  215   66   113   28
r  314   113   66   28
r  168   113   66   28
r  557   606   657   28
r  703   603   803   28
r  70   171   123   28
r  24   120   174   28
r  22   123   174   28
r  176   124   174   28
r  423   524   320   28
r  1202   1453   1204   28
r  1205   1152   1453   28
r  1155   1206   1453   28
r  1201   1203   1453   28
r  1156   1256   1453   28
r  1502   1602   1453   28
r  1553   1604   1453   28
r  1257   1259   1453   28
r  1459   1510   1453   28
r  1707   1505   1453   28
r  1906   1855   1453   28
r  1954   2003   2302   28
r  2003   2152   2405   28
r  1952   2003   2302   28
r  1951   2052   2405   28
r  1759   1712   1659   28
r  133   185   82   28
r  181   230   31   28
r  34   82   31   28
r  2053   2405   2302   28
r  2153   2405   2302   28
r  2051   2405   2302   28
r  2001   2302   2003   28
r  2109   2161   2405   28
r  2007   1959   2405   28
r  2259   2308   2405   28
r  2361   2364   2405   28
r  2052   2003   2302   28
r  2401   2403   2302   28
r  2311   2209   2302   28
r  2359   2411   2302   28
r  1712   1761   1660   28
r  136   235   142   28
r  2210   2302   2405   28
r  2107   2302   2405   28
r  2110   2212   2013   28
r  824   772   872   28
r  2418   2464   2415   28
r  2462   2312   2364   28
r  37   142   189   28
r  88   142   189   28
r  143   44   98   28
r  39   91   189   28
r  242   189   142   28
r  2315   2263   2364   28
r  1768   1717   1868   28
r  144   98   97   28
r  98   150   199   28
r  2371   2272   2270   28
r  2471   2371   2422   28
r  2117   2068   2115   28
r  1671   1620   1471   28
r  94   98   97   28
r  249   97   300   28
r  449   98   97   28
r  299   97   98   28
r  349   98   97   28
r  300   98   97   28
r  394   396   97   28
r  499   398   97   28
r  250   98   97   28
r  350   97   98   28
r  49   97   98   28
r  400   97   98   28
r  44   97   199   28
r  145   98   199   28
r  247   98   199   28
r  450   648   199   28
r  50   97   199   28
r  395   97   199   28
r  298   98   199   28
r  448   97   199   28
r  246   97   199   28
r  146   97   199   28
r  45   97   199   28
r  446   98   199   28
r  295   199   98   28
r  196   199   98   28
r  46   199   98   28
r  498   549   98   28
r  245   199   97   28
r  348   199   97   28
r  399   199   97   28
r  297   199   97   28
r  589   640   541   28
r  1376   1378   1274   28
r  500   97   648   28
r  595   696   648   28
r  2426   2477   2282   28
r  2478   2377   2282   28
r  2277   2275   2282   28
r  1228   1226   1128   28
r  939   890   840   28
r  2483   2432   2282   28
r  1977   1830   2026   28
r  743   645   642   28
r  2430   2282   2331   28
r  850   648   799   28
r  800   648   697   28
r  750   648   699   28
r  897   945   895   28
r  1139   1190   1188   28
r  2238   2241   2440   28
r  1985   1987   1983   28
r  1194   1146   1093   28
r  1536   1485   1583   28
r  2438   2337   2440   28
r  2441   2348   2398   28
r  2442   2391   2348   28
r  2392   2340   2440   28
r  1099   1199   1048   28
r  1198   1247   1049   28
r  1196   1247   1049   28
r  2444   2398   2348   28
r  2244   2398   2348   28
r  2294   2348   2398   28
r  1395   1398   1498   28
r  2098   2298   2348   28
r  2149   2249   2348   28
r  2045   2093   2348   28
r  2195   2095   2398   28
r  2500   2449   2398   28
r  2495   2348   2398   28
r  2447   2348   2398   28
r  2049   1998   2398   28
r  1999   1899   2398   28
r  2095   2044   2398   28
r  2150   2348   2249   28
r  2396   2398   2449   28
r  2497   2398   2348   28
r  2498   2398   2348   28
r  2350   2398   2348   28
r  2198   2398   2348   28
r  2097   2045   2348   28
r  1549   1498   1398   28
r  1397   1499   1498   28
r  1398   1498   1449   28
r  1446   1498   1449   28
r  1300   1449   1498   28
r  1550   1449   1349   28
r  1400   1449   1396   28
r  1996   1944   1849   28
r  1648   1697   1599   28
r  1696   1747   1745   28
r  1749   1700   1697   28
r  101   52   105   29
r  259   210   153   29
r  453   553   153   29
r  159   210   153   29
r  109   153   105   29
r  501   603   105   29
r  406   105   153   29
r  503   603   153   29
r  310   312   113   29
r  703   803   603   29
r  853   754   603   29
r  952   803   603   29
r  654   603   656   29
r  311   113   66   29
r  170   123   66   29
r  168   66   113   29
r  67   113   168   29
r  215   113   66   29
r  609   658   607   29
r  1054   1155   1453   29
r  71   120   122   29
r  121   123   70   29
r  74   123   120   29
r  611   562   712   29
r  1202   1204   1453   29
r  1104   1205   1453   29
r  1851   2003   1453   29
r  1901   1852   1453   29
r  22   174   123   29
r  23   176   123   29
r  1955   1904   2302   29
r  963   1012   912   29
r  2054   2003   2405   29
r  2001   2405   2302   29
r  2002   2302   2405   29
r  2053   2001   2405   29
r  2153   2302   2405   29
r  2051   2302   2405   29
r  29   78   27   29
r  2057   2106   2405   29
r  2210   2159   2302   29
r  2107   2405   2302   29
r  2110   2013   2302   29
r  2162   2210   2302   29
r  1414   1315   1362   29
r  2356   2302   2305   29
r  2211   2302   2405   29
r  33   185   82   29
r  182   131   31   29
r  35   185   31   29
r  722   771   773   29
r  2461   2312   2362   29
r  186   137   142   29
r  2465   2418   2367   29
r  2464   2413   2415   29
r  2413   2362   2364   29
r  2416   2465   2312   29
r  2315   2264   2312   29
r  2317   2269   2312   29
r  1915   1966   1766   29
r  37   189   142   29
r  2466   2312   2415   29
r  237   142   189   29
r  88   189   142   29
r  192   241   189   29
r  143   97   199   29
r  241   189   340   29
r  293   242   97   29
r  41   142   189   29
r  779   728   879   29
r  2470   2422   2272   29
r  2421   2369   2272   29
r  2272   2323   2371   29
r  2474   2374   2224   29
r  2271   2273   2422   29
r  1967   1817   1868   29
r  144   199   150   29
r  393   445   97   29
r  43   98   97   29
r  2425   2275   2282   29
r  1874   1823   1974   29
r  94   199   98   29
r  249   98   97   29
r  150   97   98   29
r  349   97   98   29
r  300   97   98   29
r  350   98   97   29
r  100   98   97   29
r  400   98   97   29
r  44   98   97   29
r  247   97   98   29
r  448   98   97   29
r  146   98   97   29
r  295   97   199   29
r  46   98   199   29
r  245   97   199   29
r  348   97   199   29
r  399   97   199   29
r  297   98   199   29
r  196   98   199   29
r  145   199   98   29
r  246   199   97   29
r  50   199   97   29
r  45   199   97   29
r  49   199   97   29
r  296   199   98   29
r  347   199   98   29
r  395   199   97   29
r  447   648   97   29
r  2122   2073   2224   29
r  2378   2282   2376   29
r  2177   2128   2282   29
r  1725   1777   1674   29
r  1424   1473   1525   29
r  2330   2332   2432   29
r  2481   2333   2380   29
r  2381   2432   2481   29
r  2132   2233   2282   29
r  2430   2481   2282   29
r  2129   2229   2282   29
r  2028   1927   1981   29
r  1878   1881   1929   29
r  2233   2282   2380   29
r  2435   2387   2440   29
r  2080   1979   1981   29
r  700   697   799   29
r  746   697   748   29
r  850   799   648   29
r  750   699   648   29
r  844   893   648   29
r  800   697   648   29
r  841   892   742   29
r  799   648   697   29
r  2390   2490   2387   29
r  2290   2442   2292   29
r  2289   2292   2440   29
r  2293   2244   2348   29
r  2493   2440   2348   29
r  2294   2394   2348   29
r  1047   1148   1049   29
r  1150   1148   1099   29
r  1197   1148   1199   29
r  1344   1445   1498   29
r  2496   2348   2449   29
r  2193   2347   2348   29
r  2396   2449   2398   29
r  2146   2348   2398   29
r  2194   2094   2398   29
r  2497   2348   2398   29
r  2498   2348   2398   29
r  2350   2449   2398   29
r  2198   2348   2398   29
r  2046   1995   2398   29
r  2150   2298   2348   29
r  2495   2398   2348   29
r  2447   2398   2348   29
r  1999   2398   2348   29
r  1950   1849   2348   29
r  1689   1588   1638   29
r  1450   1498   1499   29
r  1500   1498   1396   29
r  1398   1298   1498   29
r  1300   1498   1449   29
r  1400   1396   1449   29
r  1446   1449   1498   29
r  1447   1449   1398   29
r  1750   1798   1697   29
r  211   153   66   30
r  502   603   153   30
r  309   307   105   30
r  308   407   105   30
r  59   66   105   30
r  406   603   105   30
r  353   105   404   30
r  553   105   153   30
r  109   105   153   30
r  503   153   452   30
r  60   105   113   30
r  168   18   66   30
r  67   167   113   30
r  314   316   113   30
r  215   115   113   30
r  360   261   66   30
r  654   652   603   30
r  706   603   604   30
r  953   905   803   30
r  22   173   174   30
r  76   78   174   30
r  26   174   123   30
r  813   715   712   30
r  1107   1105   1453   30
r  1902   1851   1453   30
r  1856   1955   1453   30
r  1608   1559   1453   30
r  1903   2003   1453   30
r  1901   1453   2405   30
r  29   27   78   30
r  2006   1955   2405   30
r  2002   1951   2302   30
r  2153   2405   2302   30
r  2051   2405   2302   30
r  33   82   85   30
r  132   185   31   30
r  84   33   31   30
r  184   83   31   30
r  2451   2405   2402   30
r  2309   2405   2358   30
r  2360   2312   2405   30
r  2310   2359   2405   30
r  2410   2362   2405   30
r  2001   2003   2405   30
r  2107   2008   2405   30
r  1958   1909   2302   30
r  1959   1957   2302   30
r  2356   2305   2302   30
r  2211   2405   2302   30
r  2060   2011   2302   30
r  2304   2302   2406   30
r  2401   2302   2403   30
r  2008   2302   2405   30
r  2161   2110   2405   30
r  135   31   83   30
r  1066   1068   1017   30
r  1067   1116   1065   30
r  1863   1812   1714   30
r  37   188   189   30
r  1021   1072   969   30
r  2414   2416   2365   30
r  2363   2314   2365   30
r  2466   2367   2312   30
r  1715   1764   1867   30
r  237   189   142   30
r  387   336   435   30
r  88   142   189   30
r  41   90   142   30
r  241   142   189   30
r  732   834   683   30
r  2416   2312   2367   30
r  144   97   98   30
r  393   442   199   30
r  777   826   879   30
r  2471   2272   2369   30
r  1570   1470   1521   30
r  249   97   98   30
r  449   97   98   30
r  299   98   97   30
r  349   98   97   30
r  396   97   98   30
r  345   97   98   30
r  100   97   98   30
r  400   97   98   30
r  247   98   97   30
r  448   97   98   30
r  348   98   97   30
r  399   98   97   30
r  145   97   199   30
r  45   98   199   30
r  49   97   199   30
r  296   97   199   30
r  347   98   199   30
r  395   97   199   30
r  500   498   199   30
r  50   98   199   30
r  150   199   97   30
r  245   199   97   30
r  295   199   97   30
r  300   199   97   30
r  195   199   98   30
r  350   199   98   30
r  44   199   98   30
r  298   199   98   30
r  46   199   98   30
r  297   199   98   30
r  1175   1224   1226   30
r  2322   2422   2273   30
r  545   496   598   30
r  889   891   788   30
r  2123   2023   2224   30
r  649   697   748   30
r  699   799   748   30
r  799   697   648   30
r  2431   2380   2382   30
r  2378   2376   2282   30
r  1877   1981   1828   30
r  948   1000   1099   30
r  899   648   799   30
r  2386   2440   2389   30
r  997   946   1049   30
r  1096   1050   948   30
r  1050   1199   948   30
r  1242   1191   1343   30
r  2441   2342   2348   30
r  2443   2440   2348   30
r  2392   2440   2348   30
r  2343   2291   2348   30
r  2243   2194   2348   30
r  1549   1398   1498   30
r  1350   1498   1446   30
r  1345   1296   1396   30
r  1300   1396   1498   30
r  1400   1498   1500   30
r  1447   1398   1449   30
r  1550   1349   1449   30
r  1394   1443   1498   30
r  2496   2449   2348   30
r  2497   2449   2348   30
r  2498   2449   2348   30
r  2444   2348   2398   30
r  2495   2348   2398   30
r  2447   2348   2398   30
r  2198   2398   2348   30
r  2096   2047   2348   30
r  1500   1449   1498   30
r  1592   1690   1640   30
r  2092   1942   2143   30
r  1644   1595   1542   30
