c  1   -1   52   1
c  1   -1   102   1
c  51   -1   2   1
c  51   -1   102   1
c  2   -1   103   1
c  2   -1   153   1
c  52   -1   3   1
c  52   -1   4   1
c  102   -1   53   1
c  102   -1   3   1
c  101   -1   201   1
c  101   -1   152   1
c  151   -1   51   1
c  151   -1   52   1
c  3   -1   54   1
c  3   -1   55   1
c  103   -1   54   1
c  103   -1   52   1
c  153   -1   102   1
c  153   -1   104   1
c  53   -1   104   1
c  4   -1   53   1
c  4   -1   105   1
c  152   -1   203   1
c  152   -1   303   1
c  202   -1   151   1
c  202   -1   101   1
c  201   -1   302   1
c  201   -1   253   1
c  54   -1   5   1
c  54   -1   56   1
c  55   -1   104   1
c  55   -1   57   1
c  104   -1   106   1
c  104   -1   56   1
c  203   -1   154   1
c  203   -1   103   1
c  154   -1   205   1
c  154   -1   103   1
c  205   -1   153   1
c  253   -1   302   1
c  253   -1   53   1
c  5   -1   105   1
c  5   -1   106   1
c  105   -1   154   1
c  105   -1   54   1
c  303   -1   301   1
c  303   -1   351   1
c  252   -1   203   1
c  252   -1   352   1
c  251   -1   302   1
c  251   -1   202   1
c  302   -1   304   1
c  56   -1   7   1
c  56   -1   58   1
c  106   -1   55   1
c  106   -1   207   1
c  57   -1   6   1
c  57   -1   59   1
c  204   -1   255   1
c  204   -1   206   1
c  353   -1   302   1
c  353   -1   203   1
c  155   -1   106   1
c  155   -1   56   1
c  255   -1   306   1
c  255   -1   307   1
c  206   -1   257   1
c  206   -1   155   1
c  254   -1   205   1
c  254   -1   156   1
c  6   -1   8   1
c  6   -1   9   1
c  304   -1   301   1
c  301   -1   401   1
c  301   -1   402   1
c  351   -1   353   1
c  351   -1   302   1
c  352   -1   401   1
c  352   -1   452   1
c  401   -1   453   1
c  401   -1   302   1
c  7   -1   58   1
c  7   -1   107   1
c  58   -1   158   1
c  156   -1   107   1
c  156   -1   158   1
c  107   -1   58   1
c  107   -1   109   1
c  108   -1   106   1
c  207   -1   258   1
c  207   -1   307   1
c  403   -1   352   1
c  403   -1   503   1
c  354   -1   254   1
c  305   -1   405   1
c  305   -1   354   1
c  256   -1   307   1
c  256   -1   358   1
c  407   -1   356   1
c  407   -1   255   1
c  306   -1   257   1
c  306   -1   258   1
c  307   -1   358   1
c  307   -1   258   1
c  257   -1   157   1
c  257   -1   209   1
c  8   -1   59   1
c  8   -1   108   1
c  9   -1   58   1
c  9   -1   109   1
c  404   -1   304   1
c  404   -1   455   1
c  355   -1   306   1
c  355   -1   304   1
c  402   -1   451   1
c  402   -1   351   1
c  452   -1   501   1
c  452   -1   403   1
c  451   -1   502   1
c  453   -1   553   1
c  453   -1   554   1
c  158   -1   207   1
c  158   -1   110   1
c  157   -1   208   1
c  157   -1   308   1
c  160   -1   211   1
c  160   -1   156   1
c  109   -1   161   1
c  159   -1   108   1
c  159   -1   210   1
c  208   -1   109   1
c  358   -1   208   1
c  358   -1   207   1
c  258   -1   358   1
c  60   -1   9   1
c  60   -1   11   1
c  10   -1   59   1
c  10   -1   12   1
c  161   -1   59   1
c  161   -1   12   1
c  454   -1   505   1
c  454   -1   403   1
c  503   -1   505   1
c  503   -1   404   1
c  405   -1   454   1
c  405   -1   354   1
c  356   -1   405   1
c  356   -1   305   1
c  409   -1   456   1
c  409   -1   256   1
c  357   -1   355   1
c  357   -1   405   1
c  406   -1   357   1
c  406   -1   355   1
c  457   -1   406   1
c  457   -1   459   1
c  408   -1   357   1
c  408   -1   309   1
c  308   -1   310   1
c  209   -1   158   1
c  209   -1   258   1
c  455   -1   506   1
c  502   -1   553   1
c  502   -1   551   1
c  504   -1   555   1
c  504   -1   452   1
c  501   -1   652   1
c  501   -1   703   1
c  506   -1   453   1
c  553   -1   504   1
c  554   -1   455   1
c  554   -1   506   1
c  110   -1   112   1
c  210   -1   161   1
c  210   -1   162   1
c  261   -1   210   1
c  261   -1   160   1
c  211   -1   262   1
c  259   -1   208   1
c  259   -1   308   1
c  456   -1   556   1
c  456   -1   208   1
c  359   -1   308   1
c  359   -1   210   1
c  458   -1   358   1
c  458   -1   406   1
c  309   -1   258   1
c  309   -1   360   1
c  61   -1   110   1
c  61   -1   10   1
c  111   -1   60   1
c  111   -1   10   1
c  11   -1   62   1
c  11   -1   112   1
c  12   -1   61   1
c  12   -1   110   1
c  162   -1   213   1
c  162   -1   263   1
c  212   -1   161   1
c  212   -1   112   1
c  505   -1   456   1
c  505   -1   457   1
c  459   -1   408   1
c  459   -1   510   1
c  410   -1   361   1
c  410   -1   310   1
c  460   -1   409   1
c  460   -1   411   1
c  507   -1   458   1
c  507   -1   556   1
c  508   -1   557   1
c  508   -1   408   1
c  310   -1   259   1
c  310   -1   312   1
c  552   -1   603   1
c  552   -1   501   1
c  551   -1   603   1
c  551   -1   704   1
c  555   -1   606   1
c  555   -1   507   1
c  652   -1   701   1
c  652   -1   751   1
c  703   -1   802   1
c  703   -1   801   1
c  556   -1   607   1
c  556   -1   657   1
c  557   -1   506   1
c  603   -1   554   1
c  603   -1   654   1
c  604   -1   652   1
c  604   -1   702   1
c  113   -1   110   1
c  112   -1   63   1
c  112   -1   12   1
c  260   -1   211   1
c  260   -1   212   1
c  311   -1   260   1
c  311   -1   413   1
c  262   -1   313   1
c  262   -1   213   1
c  263   -1   312   1
c  263   -1   261   1
c  360   -1   411   1
c  360   -1   511   1
c  509   -1   458   1
c  509   -1   558   1
c  62   -1   113   1
c  62   -1   111   1
c  13   -1   62   1
c  13   -1   113   1
c  63   -1   12   1
c  63   -1   114   1
c  64   -1   13   1
c  64   -1   12   1
c  163   -1   112   1
c  163   -1   212   1
c  213   -1   264   1
c  213   -1   216   1
c  510   -1   461   1
c  510   -1   462   1
c  411   -1   311   1
c  411   -1   312   1
c  461   -1   410   1
c  361   -1   461   1
c  361   -1   412   1
c  558   -1   560   1
c  558   -1   610   1
c  559   -1   557   1
c  559   -1   508   1
c  312   -1   163   1
c  602   -1   651   1
c  602   -1   701   1
c  601   -1   652   1
c  601   -1   552   1
c  651   -1   552   1
c  704   -1   753   1
c  704   -1   653   1
c  605   -1   705   1
c  605   -1   657   1
c  607   -1   555   1
c  606   -1   655   1
c  606   -1   557   1
c  702   -1   651   1
c  702   -1   603   1
c  653   -1   702   1
c  653   -1   752   1
c  752   -1   701   1
c  752   -1   652   1
c  701   -1   603   1
c  751   -1   802   1
c  751   -1   852   1
c  753   -1   804   1
c  654   -1   705   1
c  654   -1   703   1
c  802   -1   851   1
c  802   -1   902   1
c  801   -1   852   1
c  801   -1   704   1
c  657   -1   708   1
c  657   -1   608   1
c  608   -1   559   1
c  608   -1   557   1
c  853   -1   753   1
c  853   -1   603   1
c  655   -1   604   1
c  656   -1   605   1
c  656   -1   604   1
c  114   -1   66   1
c  114   -1   16   1
c  164   -1   115   1
c  164   -1   113   1
c  413   -1   513   1
c  362   -1   413   1
c  362   -1   262   1
c  313   -1   213   1
c  313   -1   264   1
c  264   -1   163   1
c  511   -1   513   1
c  560   -1   609   1
c  560   -1   509   1
c  14   -1   65   1
c  14   -1   63   1
c  15   -1   64   1
c  15   -1   13   1
c  65   -1   114   1
c  65   -1   116   1
c  214   -1   165   1
c  214   -1   216   1
c  216   -1   267   1
c  216   -1   265   1
c  610   -1   510   1
c  610   -1   562   1
c  561   -1   510   1
c  462   -1   511   1
c  462   -1   513   1
c  412   -1   463   1
c  412   -1   461   1
c  658   -1   707   1
c  658   -1   558   1
c  609   -1   709   1
c  609   -1   558   1
c  754   -1   752   1
c  754   -1   805   1
c  705   -1   754   1
c  705   -1   806   1
c  805   -1   705   1
c  805   -1   704   1
c  803   -1   754   1
c  803   -1   752   1
c  852   -1   903   1
c  852   -1   952   1
c  755   -1   753   1
c  755   -1   757   1
c  804   -1   855   1
c  804   -1   905   1
c  851   -1   853   1
c  851   -1   951   1
c  902   -1   851   1
c  902   -1   951   1
c  707   -1   758   1
c  708   -1   608   1
c  708   -1   609   1
c  660   -1   609   1
c  660   -1   608   1
c  903   -1   1003   1
c  903   -1   1053   1
c  854   -1   903   1
c  854   -1   803   1
c  706   -1   755   1
c  706   -1   757   1
c  758   -1   656   1
c  115   -1   117   1
c  115   -1   167   1
c  66   -1   115   1
c  66   -1   117   1
c  16   -1   67   1
c  16   -1   116   1
c  165   -1   65   1
c  363   -1   463   1
c  363   -1   464   1
c  463   -1   512   1
c  463   -1   514   1
c  414   -1   465   1
c  414   -1   463   1
c  513   -1   564   1
c  513   -1   614   1
c  314   -1   265   1
c  314   -1   365   1
c  265   -1   165   1
c  364   -1   264   1
c  364   -1   266   1
c  512   -1   561   1
c  512   -1   563   1
c  611   -1   560   1
c  611   -1   660   1
c  116   -1   165   1
c  116   -1   118   1
c  215   -1   267   1
c  215   -1   66   1
c  166   -1   217   1
c  166   -1   115   1
c  266   -1   217   1
c  266   -1   317   1
c  217   -1   219   1
c  267   -1   318   1
c  562   -1   513   1
c  562   -1   462   1
c  659   -1   708   1
c  659   -1   707   1
c  709   -1   660   1
c  709   -1   808   1
c  756   -1   805   1
c  756   -1   705   1
c  806   -1   757   1
c  806   -1   857   1
c  855   -1   954   1
c  855   -1   953   1
c  952   -1   1052   1
c  952   -1   1003   1
c  757   -1   808   1
c  757   -1   809   1
c  856   -1   905   1
c  856   -1   804   1
c  905   -1   954   1
c  905   -1   903   1
c  901   -1   1001   1
c  901   -1   1002   1
c  951   -1   1002   1
c  710   -1   759   1
c  710   -1   809   1
c  661   -1   710   1
c  661   -1   712   1
c  953   -1   807   1
c  904   -1   955   1
c  904   -1   855   1
c  1002   -1   953   1
c  1002   -1   903   1
c  1006   -1   1004   1
c  1006   -1   903   1
c  1003   -1   1203   1
c  1003   -1   1202   1
c  1053   -1   1004   1
c  1053   -1   1005   1
c  808   -1   806   1
c  808   -1   856   1
c  759   -1   810   1
c  807   -1   756   1
c  807   -1   758   1
c  858   -1   758   1
c  858   -1   860   1
c  117   -1   166   1
c  117   -1   165   1
c  167   -1   67   1
c  167   -1   66   1
c  67   -1   18   1
c  67   -1   19   1
c  17   -1   19   1
c  17   -1   169   1
c  464   -1   515   1
c  464   -1   565   1
c  465   -1   463   1
c  465   -1   514   1
c  514   -1   563   1
c  415   -1   466   1
c  415   -1   464   1
c  365   -1   414   1
c  563   -1   612   1
c  515   -1   513   1
c  515   -1   512   1
c  564   -1   612   1
c  614   -1   566   1
c  315   -1   366   1
c  315   -1   318   1
c  366   -1   266   1
c  366   -1   364   1
c  612   -1   512   1
c  711   -1   760   1
c  711   -1   611   1
c  662   -1   611   1
c  662   -1   613   1
c  118   -1   170   1
c  316   -1   365   1
c  316   -1   267   1
c  169   -1   218   1
c  169   -1   266   1
c  317   -1   268   1
c  317   -1   369   1
c  218   -1   267   1
c  218   -1   167   1
c  168   -1   217   1
c  168   -1   67   1
c  219   -1   270   1
c  219   -1   221   1
c  268   -1   319   1
c  268   -1   219   1
c  367   -1   316   1
c  367   -1   267   1
c  318   -1   369   1
c  318   -1   418   1
c  810   -1   709   1
c  857   -1   910   1
c  857   -1   860   1
c  954   -1   1053   1
c  1001   -1   1052   1
c  1001   -1   952   1
c  1052   -1   1101   1
c  1052   -1   1003   1
c  809   -1   760   1
c  809   -1   908   1
c  906   -1   857   1
c  906   -1   957   1
c  907   -1   807   1
c  907   -1   856   1
c  955   -1   907   1
c  1005   -1   954   1
c  1005   -1   905   1
c  760   -1   762   1
c  760   -1   811   1
c  712   -1   710   1
c  1102   -1   1002   1
c  1102   -1   1053   1
c  1101   -1   1002   1
c  956   -1   907   1
c  956   -1   1007   1
c  1056   -1   1054   1
c  1056   -1   1005   1
c  1007   -1   958   1
c  1007   -1   1056   1
c  1004   -1   955   1
c  1004   -1   1105   1
c  1103   -1   1003   1
c  1103   -1   1052   1
c  1203   -1   1155   1
c  1202   -1   1251   1
c  1202   -1   1302   1
c  1054   -1   1005   1
c  1054   -1   1155   1
c  1051   -1   1102   1
c  1051   -1   1053   1
c  1104   -1   1155   1
c  1104   -1   1053   1
c  908   -1   857   1
c  908   -1   807   1
c  859   -1   810   1
c  859   -1   960   1
c  860   -1   760   1
c  860   -1   811   1
c  68   -1   119   1
c  18   -1   69   1
c  18   -1   118   1
c  19   -1   68   1
c  19   -1   70   1
c  565   -1   614   1
c  565   -1   663   1
c  466   -1   517   1
c  466   -1   468   1
c  516   -1   465   1
c  516   -1   567   1
c  416   -1   365   1
c  416   -1   468   1
c  417   -1   415   1
c  417   -1   516   1
c  613   -1   664   1
c  613   -1   712   1
c  714   -1   565   1
c  714   -1   515   1
c  664   -1   713   1
c  664   -1   615   1
c  615   -1   617   1
c  615   -1   714   1
c  566   -1   615   1
c  566   -1   568   1
c  761   -1   812   1
c  761   -1   813   1
c  713   -1   711   1
c  713   -1   813   1
c  663   -1   714   1
c  663   -1   715   1
c  119   -1   168   1
c  120   -1   118   1
c  120   -1   69   1
c  170   -1   121   1
c  170   -1   122   1
c  269   -1   169   1
c  269   -1   218   1
c  220   -1   169   1
c  220   -1   119   1
c  368   -1   317   1
c  368   -1   417   1
c  369   -1   469   1
c  369   -1   519   1
c  320   -1   269   1
c  320   -1   219   1
c  270   -1   268   1
c  270   -1   321   1
c  221   -1   170   1
c  319   -1   419   1
c  319   -1   368   1
c  418   -1   467   1
c  418   -1   469   1
c  811   -1   813   1
c  811   -1   862   1
c  910   -1   912   1
c  910   -1   811   1
c  957   -1   954   1
c  1055   -1   1004   1
c  1055   -1   1008   1
c  1105   -1   1005   1
c  1105   -1   1054   1
c  762   -1   813   1
c  762   -1   811   1
c  1152   -1   1201   1
c  1152   -1   1103   1
c  1151   -1   1153   1
c  1151   -1   1202   1
c  1106   -1   1157   1
c  1106   -1   1155   1
c  1057   -1   1059   1
c  1008   -1   1057   1
c  1008   -1   1107   1
c  909   -1   860   1
c  909   -1   1007   1
c  958   -1   909   1
c  958   -1   960   1
c  1153   -1   1204   1
c  1153   -1   1254   1
c  1253   -1   1205   1
c  1204   -1   1253   1
c  1204   -1   1202   1
c  1252   -1   1203   1
c  1252   -1   1201   1
c  1154   -1   1203   1
c  1154   -1   1105   1
c  1304   -1   1203   1
c  1304   -1   1155   1
c  1155   -1   1255   1
c  1155   -1   1253   1
c  1201   -1   1301   1
c  1251   -1   1152   1
c  1302   -1   1353   1
c  1302   -1   1452   1
c  960   -1   911   1
c  960   -1   860   1
c  861   -1   963   1
c  861   -1   1012   1
c  911   -1   860   1
c  911   -1   964   1
c  862   -1   913   1
c  862   -1   860   1
c  961   -1   1010   1
c  961   -1   860   1
c  69   -1   20   1
c  69   -1   71   1
c  20   -1   18   1
c  20   -1   22   1
c  222   -1   122   1
c  222   -1   19   1
c  70   -1   121   1
c  70   -1   72   1
c  467   -1   568   1
c  467   -1   618   1
c  517   -1   566   1
c  517   -1   468   1
c  468   -1   417   1
c  567   -1   667   1
c  419   -1   468   1
c  419   -1   417   1
c  763   -1   613   1
c  763   -1   665   1
c  764   -1   813   1
c  764   -1   713   1
c  715   -1   713   1
c  715   -1   764   1
c  665   -1   667   1
c  665   -1   617   1
c  616   -1   665   1
c  616   -1   667   1
c  765   -1   865   1
c  765   -1   615   1
c  617   -1   566   1
c  617   -1   517   1
c  618   -1   669   1
c  618   -1   566   1
c  568   -1   468   1
c  812   -1   861   1
c  121   -1   72   1
c  121   -1   73   1
c  123   -1   72   1
c  123   -1   120   1
c  171   -1   220   1
c  171   -1   271   1
c  122   -1   73   1
c  122   -1   71   1
c  271   -1   220   1
c  271   -1   320   1
c  519   -1   419   1
c  519   -1   368   1
c  370   -1   372   1
c  370   -1   472   1
c  469   -1   517   1
c  469   -1   568   1
c  321   -1   372   1
c  321   -1   421   1
c  272   -1   321   1
c  272   -1   320   1
c  172   -1   221   1
c  172   -1   121   1
c  223   -1   225   1
c  223   -1   221   1
c  273   -1   222   1
c  273   -1   221   1
c  518   -1   469   1
c  518   -1   418   1
c  420   -1   418   1
c  420   -1   521   1
c  570   -1   519   1
c  570   -1   418   1
c  962   -1   910   1
c  962   -1   909   1
c  912   -1   812   1
c  912   -1   864   1
c  1156   -1   1208   1
c  1107   -1   1156   1
c  1107   -1   1207   1
c  1157   -1   1155   1
c  1058   -1   1107   1
c  1058   -1   1158   1
c  1059   -1   1110   1
c  1059   -1   1160   1
c  1009   -1   1060   1
c  1009   -1   1011   1
c  959   -1   1008   1
c  959   -1   961   1
c  1254   -1   1307   1
c  1303   -1   1254   1
c  1303   -1   1305   1
c  1205   -1   1256   1
c  1205   -1   1254   1
c  1255   -1   1204   1
c  1354   -1   1405   1
c  1305   -1   1358   1
c  1305   -1   1359   1
c  1404   -1   1455   1
c  1404   -1   1304   1
c  1301   -1   1352   1
c  1301   -1   1402   1
c  1351   -1   1251   1
c  1351   -1   1452   1
c  1352   -1   1401   1
c  1352   -1   1403   1
c  1403   -1   1452   1
c  1403   -1   1302   1
c  1353   -1   1306   1
c  1452   -1   1401   1
c  1010   -1   1111   1
c  963   -1   863   1
c  963   -1   862   1
c  1012   -1   1061   1
c  1012   -1   1111   1
c  964   -1   915   1
c  964   -1   916   1
c  863   -1   865   1
c  863   -1   965   1
c  913   -1   1013   1
c  913   -1   915   1
c  1011   -1   962   1
c  1011   -1   1163   1
c  71   -1   73   1
c  71   -1   173   1
c  21   -1   72   1
c  21   -1   122   1
c  22   -1   71   1
c  22   -1   121   1
c  173   -1   122   1
c  173   -1   222   1
c  72   -1   23   1
c  72   -1   74   1
c  619   -1   567   1
c  619   -1   468   1
c  667   -1   618   1
c  814   -1   865   1
c  814   -1   765   1
c  864   -1   964   1
c  864   -1   764   1
c  716   -1   667   1
c  716   -1   668   1
c  666   -1   617   1
c  666   -1   717   1
c  668   -1   666   1
c  668   -1   616   1
c  767   -1   667   1
c  767   -1   616   1
c  815   -1   864   1
c  815   -1   916   1
c  766   -1   817   1
c  766   -1   717   1
c  865   -1   816   1
c  865   -1   867   1
c  717   -1   617   1
c  717   -1   768   1
c  669   -1   720   1
c  669   -1   717   1
c  569   -1   518   1
c  569   -1   521   1
c  73   -1   24   1
c  73   -1   75   1
c  124   -1   175   1
c  124   -1   226   1
c  23   -1   123   1
c  23   -1   124   1
c  24   -1   124   1
c  24   -1   123   1
c  174   -1   223   1
c  174   -1   123   1
c  224   -1   124   1
c  224   -1   123   1
c  423   -1   374   1
c  423   -1   271   1
c  520   -1   469   1
c  520   -1   518   1
c  371   -1   422   1
c  371   -1   322   1
c  421   -1   370   1
c  421   -1   470   1
c  372   -1   470   1
c  372   -1   469   1
c  472   -1   474   1
c  472   -1   524   1
c  470   -1   521   1
c  470   -1   522   1
c  322   -1   273   1
c  322   -1   274   1
c  323   -1   274   1
c  323   -1   272   1
c  225   -1   276   1
c  225   -1   326   1
c  274   -1   325   1
c  274   -1   374   1
c  521   -1   570   1
c  620   -1   671   1
c  620   -1   669   1
c  571   -1   620   1
c  571   -1   522   1
c  914   -1   912   1
c  914   -1   865   1
c  1206   -1   1255   1
c  1206   -1   1303   1
c  1208   -1   1159   1
c  1208   -1   1108   1
c  1108   -1   1157   1
c  1108   -1   1059   1
c  1158   -1   1107   1
c  1158   -1   1207   1
c  1207   -1   1308   1
c  1159   -1   1157   1
c  1159   -1   1059   1
c  1109   -1   1158   1
c  1109   -1   1157   1
c  1060   -1   1209   1
c  1060   -1   1014   1
c  1110   -1   1010   1
c  1160   -1   1162   1
c  1307   -1   1207   1
c  1307   -1   1405   1
c  1256   -1   1305   1
c  1355   -1   1404   1
c  1355   -1   1454   1
c  1453   -1   1353   1
c  1453   -1   1354   1
c  1306   -1   1355   1
c  1306   -1   1354   1
c  1658   -1   1354   1
c  1658   -1   1404   1
c  1405   -1   1356   1
c  1405   -1   1407   1
c  1358   -1   1458   1
c  1358   -1   1409   1
c  1359   -1   1408   1
c  1359   -1   1208   1
c  1454   -1   1505   1
c  1454   -1   1456   1
c  1455   -1   1504   1
c  1455   -1   1403   1
c  1401   -1   1301   1
c  1402   -1   1451   1
c  1402   -1   1502   1
c  1451   -1   1551   1
c  1502   -1   1553   1
c  1502   -1   1504   1
c  1501   -1   1552   1
c  1501   -1   1452   1
c  1111   -1   1162   1
c  1111   -1   1160   1
c  1013   -1   1015   1
c  1013   -1   1011   1
c  1014   -1   963   1
c  1014   -1   1113   1
c  1062   -1   1013   1
c  1062   -1   964   1
c  1063   -1   1112   1
c  1063   -1   1012   1
c  1061   -1   1110   1
c  965   -1   1014   1
c  965   -1   1016   1
c  1064   -1   1013   1
c  1064   -1   964   1
c  915   -1   864   1
c  915   -1   866   1
c  916   -1   865   1
c  916   -1   965   1
c  1016   -1   1067   1
c  1016   -1   913   1
c  1163   -1   1263   1
c  1163   -1   1014   1
c  125   -1   174   1
c  125   -1   173   1
c  74   -1   125   1
c  74   -1   76   1
c  718   -1   769   1
c  718   -1   818   1
c  817   -1   969   1
c  817   -1   970   1
c  768   -1   819   1
c  768   -1   770   1
c  818   -1   767   1
c  818   -1   867   1
c  816   -1   917   1
c  816   -1   919   1
c  866   -1   917   1
c  866   -1   967   1
c  1015   -1   915   1
c  1015   -1   865   1
c  967   -1   1018   1
c  967   -1   865   1
c  867   -1   916   1
c  867   -1   918   1
c  719   -1   819   1
c  719   -1   770   1
c  670   -1   672   1
c  670   -1   621   1
c  720   -1   771   1
c  75   -1   126   1
c  75   -1   176   1
c  175   -1   226   1
c  175   -1   276   1
c  226   -1   324   1
c  25   -1   74   1
c  25   -1   23   1
c  126   -1   175   1
c  126   -1   174   1
c  373   -1   375   1
c  373   -1   424   1
c  422   -1   424   1
c  422   -1   323   1
c  473   -1   573   1
c  473   -1   479   1
c  424   -1   375   1
c  424   -1   475   1
c  523   -1   472   1
c  523   -1   423   1
c  425   -1   423   1
c  425   -1   473   1
c  374   -1   372   1
c  374   -1   322   1
c  471   -1   572   1
c  471   -1   622   1
c  522   -1   573   1
c  522   -1   473   1
c  474   -1   374   1
c  474   -1   426   1
c  524   -1   475   1
c  524   -1   624   1
c  324   -1   375   1
c  324   -1   376   1
c  325   -1   323   1
c  325   -1   374   1
c  275   -1   226   1
c  275   -1   27   1
c  176   -1   225   1
c  176   -1   325   1
c  276   -1   325   1
c  276   -1   327   1
c  326   -1   275   1
c  326   -1   477   1
c  621   -1   721   1
c  621   -1   521   1
c  572   -1   521   1
c  572   -1   623   1
c  671   -1   720   1
c  722   -1   571   1
c  1257   -1   1308   1
c  1257   -1   1206   1
c  1356   -1   1256   1
c  1356   -1   1206   1
c  1258   -1   1309   1
c  1258   -1   1307   1
c  1209   -1   1160   1
c  1209   -1   1207   1
c  1308   -1   1208   1
c  1259   -1   1308   1
c  1259   -1   1208   1
c  1210   -1   1161   1
c  1210   -1   1261   1
c  1161   -1   1061   1
c  1161   -1   1258   1
c  1162   -1   1113   1
c  1357   -1   1257   1
c  1357   -1   1306   1
c  1503   -1   1554   1
c  1503   -1   1552   1
c  1553   -1   1604   1
c  1553   -1   1453   1
c  1505   -1   1554   1
c  1505   -1   1453   1
c  1407   -1   1358   1
c  1407   -1   1306   1
c  1608   -1   1557   1
c  1608   -1   1708   1
c  1657   -1   1608   1
c  1657   -1   1609   1
c  1708   -1   1657   1
c  1708   -1   1656   1
c  1659   -1   1710   1
c  1659   -1   1608   1
c  1709   -1   1660   1
c  1709   -1   1658   1
c  1406   -1   1455   1
c  1406   -1   1454   1
c  1408   -1   1308   1
c  1408   -1   1310   1
c  1458   -1   1409   1
c  1458   -1   1410   1
c  1409   -1   1361   1
c  1409   -1   1412   1
c  1309   -1   1360   1
c  1309   -1   1209   1
c  1360   -1   1411   1
c  1360   -1   1412   1
c  1504   -1   1553   1
c  1456   -1   1356   1
c  1456   -1   1458   1
c  1557   -1   1505   1
c  1557   -1   1455   1
c  1551   -1   1553   1
c  1551   -1   1603   1
c  1112   -1   1212   1
c  1112   -1   1163   1
c  1113   -1   1013   1
c  1113   -1   1064   1
c  966   -1   1066   1
c  966   -1   866   1
c  1114   -1   1163   1
c  1114   -1   1065   1
c  1065   -1   1116   1
c  1065   -1   1016   1
c  917   -1   915   1
c  917   -1   968   1
c  1066   -1   1115   1
c  1017   -1   1019   1
c  1017   -1   966   1
c  1067   -1   1116   1
c  1213   -1   1313   1
c  1213   -1   1262   1
c  1164   -1   1162   1
c  1164   -1   1213   1
c  1212   -1   1163   1
c  1212   -1   1261   1
c  1214   -1   1163   1
c  1214   -1   1314   1
c  1263   -1   1212   1
c  1263   -1   1312   1
c  76   -1   127   1
c  76   -1   125   1
c  26   -1   77   1
c  26   -1   125   1
c  228   -1   179   1
c  228   -1   125   1
c  769   -1   771   1
c  769   -1   820   1
c  969   -1   1020   1
c  969   -1   920   1
c  970   -1   1019   1
c  970   -1   1018   1
c  819   -1   821   1
c  819   -1   770   1
c  770   -1   670   1
c  868   -1   917   1
c  868   -1   866   1
c  919   -1   1019   1
c  919   -1   1020   1
c  968   -1   966   1
c  918   -1   969   1
c  918   -1   967   1
c  1018   -1   1021   1
c  672   -1   572   1
c  672   -1   624   1
c  721   -1   770   1
c  771   -1   820   1
c  771   -1   819   1
c  27   -1   75   1
c  27   -1   128   1
c  227   -1   176   1
c  227   -1   278   1
c  277   -1   226   1
c  277   -1   331   1
c  278   -1   276   1
c  278   -1   226   1
c  77   -1   28   1
c  77   -1   25   1
c  127   -1   27   1
c  127   -1   78   1
c  128   -1   28   1
c  128   -1   126   1
c  375   -1   326   1
c  573   -1   624   1
c  573   -1   625   1
c  479   -1   379   1
c  479   -1   530   1
c  426   -1   475   1
c  426   -1   377   1
c  622   -1   671   1
c  622   -1   722   1
c  574   -1   525   1
c  574   -1   377   1
c  525   -1   627   1
c  525   -1   376   1
c  624   -1   673   1
c  376   -1   277   1
c  376   -1   278   1
c  177   -1   128   1
c  177   -1   26   1
c  327   -1   378   1
c  327   -1   329   1
c  477   -1   475   1
c  477   -1   378   1
c  623   -1   574   1
c  772   -1   821   1
c  772   -1   770   1
c  723   -1   725   1
c  723   -1   674   1
c  673   -1   722   1
c  823   -1   722   1
c  823   -1   775   1
c  1507   -1   1458   1
c  1507   -1   1356   1
c  1260   -1   1309   1
c  1260   -1   1209   1
c  1211   -1   1311   1
c  1211   -1   1162   1
c  1261   -1   1213   1
c  1165   -1   1162   1
c  1603   -1   1503   1
c  1554   -1   1603   1
c  1554   -1   1552   1
c  1604   -1   1602   1
c  1604   -1   1702   1
c  1555   -1   1654   1
c  1555   -1   1603   1
c  1506   -1   1557   1
c  1506   -1   1555   1
c  1556   -1   1456   1
c  1556   -1   1505   1
c  1457   -1   1408   1
c  1457   -1   1508   1
c  1558   -1   1507   1
c  1558   -1   1607   1
c  1607   -1   1507   1
c  1607   -1   1707   1
c  1609   -1   1558   1
c  1609   -1   1557   1
c  1508   -1   1608   1
c  1508   -1   1557   1
c  1656   -1   1705   1
c  1707   -1   1656   1
c  1707   -1   1756   1
c  1758   -1   1709   1
c  1758   -1   1659   1
c  1660   -1   1609   1
c  1710   -1   1662   1
c  1759   -1   1757   1
c  1759   -1   1808   1
c  1760   -1   1709   1
c  1760   -1   1611   1
c  1310   -1   1361   1
c  1310   -1   1411   1
c  1459   -1   1508   1
c  1459   -1   1558   1
c  1410   -1   1361   1
c  1410   -1   1462   1
c  1509   -1   1409   1
c  1509   -1   1560   1
c  1361   -1   1363   1
c  1361   -1   1312   1
c  1412   -1   1414   1
c  1412   -1   1461   1
c  1461   -1   1410   1
c  1461   -1   1309   1
c  1311   -1   1260   1
c  1311   -1   1360   1
c  1411   -1   1462   1
c  1601   -1   1701   1
c  1601   -1   1652   1
c  1602   -1   1702   1
c  1602   -1   1653   1
c  1115   -1   1113   1
c  1116   -1   1165   1
c  1116   -1   1216   1
c  1019   -1   968   1
c  1019   -1   917   1
c  1117   -1   1166   1
c  1117   -1   1066   1
c  1068   -1   1119   1
c  1068   -1   1066   1
c  1069   -1   1067   1
c  1069   -1   1117   1
c  1264   -1   1213   1
c  1264   -1   1262   1
c  1215   -1   1213   1
c  1215   -1   1263   1
c  1313   -1   1364   1
c  1313   -1   1212   1
c  1262   -1   1260   1
c  1262   -1   1211   1
c  1265   -1   1216   1
c  1265   -1   1214   1
c  1314   -1   1265   1
c  1314   -1   1266   1
c  1312   -1   1412   1
c  1312   -1   1411   1
c  178   -1   229   1
c  178   -1   26   1
c  229   -1   278   1
c  229   -1   227   1
c  230   -1   228   1
c  230   -1   179   1
c  179   -1   130   1
c  179   -1   127   1
c  870   -1   770   1
c  870   -1   769   1
c  820   -1   920   1
c  869   -1   969   1
c  869   -1   820   1
c  1020   -1   1018   1
c  1020   -1   1119   1
c  920   -1   971   1
c  920   -1   871   1
c  971   -1   870   1
c  972   -1   970   1
c  972   -1   1021   1
c  821   -1   770   1
c  1021   -1   1120   1
c  1021   -1   1219   1
c  871   -1   873   1
c  871   -1   771   1
c  822   -1   871   1
c  822   -1   771   1
c  724   -1   673   1
c  724   -1   771   1
c  28   -1   80   1
c  28   -1   81   1
c  78   -1   27   1
c  331   -1   282   1
c  331   -1   333   1
c  328   -1   377   1
c  328   -1   376   1
c  279   -1   230   1
c  279   -1   178   1
c  129   -1   80   1
c  129   -1   28   1
c  377   -1   477   1
c  377   -1   375   1
c  625   -1   725   1
c  625   -1   676   1
c  429   -1   380   1
c  429   -1   378   1
c  478   -1   429   1
c  478   -1   481   1
c  529   -1   481   1
c  480   -1   529   1
c  480   -1   531   1
c  428   -1   479   1
c  428   -1   377   1
c  379   -1   279   1
c  379   -1   530   1
c  530   -1   579   1
c  530   -1   680   1
c  476   -1   527   1
c  476   -1   577   1
c  526   -1   475   1
c  526   -1   426   1
c  427   -1   376   1
c  427   -1   378   1
c  575   -1   624   1
c  575   -1   526   1
c  674   -1   774   1
c  674   -1   574   1
c  576   -1   525   1
c  576   -1   574   1
c  627   -1   676   1
c  627   -1   726   1
c  378   -1   279   1
c  329   -1   378   1
c  527   -1   478   1
c  527   -1   529   1
c  773   -1   724   1
c  773   -1   674   1
c  725   -1   774   1
c  725   -1   824   1
c  873   -1   822   1
c  873   -1   922   1
c  824   -1   773   1
c  872   -1   921   1
c  872   -1   823   1
c  775   -1   824   1
c  775   -1   724   1
c  1166   -1   1217   1
c  1166   -1   1268   1
c  1653   -1   1704   1
c  1653   -1   1655   1
c  1652   -1   1603   1
c  1652   -1   1704   1
c  1651   -1   1602   1
c  1651   -1   1603   1
c  1654   -1   1754   1
c  1654   -1   1603   1
c  1605   -1   1656   1
c  1605   -1   1753   1
c  1655   -1   1704   1
c  1655   -1   1604   1
c  1702   -1   1704   1
c  1702   -1   1802   1
c  1606   -1   1555   1
c  1606   -1   1506   1
c  1559   -1   1510   1
c  1559   -1   1460   1
c  1610   -1   1661   1
c  1610   -1   1612   1
c  1560   -1   1660   1
c  1560   -1   1609   1
c  1460   -1   1462   1
c  1460   -1   1508   1
c  1511   -1   1509   1
c  1511   -1   1508   1
c  1706   -1   1755   1
c  1706   -1   1804   1
c  1705   -1   1754   1
c  1705   -1   1707   1
c  1757   -1   1755   1
c  1757   -1   1703   1
c  1755   -1   1707   1
c  1756   -1   1805   1
c  1756   -1   1754   1
c  1808   -1   1757   1
c  1808   -1   1756   1
c  1810   -1   1808   1
c  1810   -1   1758   1
c  1661   -1   1710   1
c  1661   -1   1760   1
c  1711   -1   1713   1
c  1662   -1   1711   1
c  1662   -1   1611   1
c  1809   -1   1860   1
c  1809   -1   1760   1
c  1859   -1   1759   1
c  1859   -1   1808   1
c  1858   -1   1809   1
c  1858   -1   1759   1
c  1761   -1   1661   1
c  1761   -1   1610   1
c  1811   -1   1762   1
c  1811   -1   1760   1
c  1611   -1   1560   1
c  1611   -1   1559   1
c  1462   -1   1413   1
c  1462   -1   1363   1
c  1510   -1   1461   1
c  1510   -1   1512   1
c  1362   -1   1411   1
c  1362   -1   1413   1
c  1363   -1   1314   1
c  1363   -1   1264   1
c  1413   -1   1364   1
c  1414   -1   1363   1
c  1414   -1   1463   1
c  1701   -1   1652   1
c  1701   -1   1653   1
c  1167   -1   1216   1
c  1167   -1   1116   1
c  1216   -1   1218   1
c  1216   -1   1318   1
c  1070   -1   1019   1
c  1070   -1   1072   1
c  1118   -1   1069   1
c  1118   -1   1169   1
c  1119   -1   1168   1
c  1119   -1   1270   1
c  1169   -1   1218   1
c  1169   -1   1069   1
c  1364   -1   1362   1
c  1315   -1   1364   1
c  1315   -1   1415   1
c  1266   -1   1315   1
c  1266   -1   1365   1
c  1267   -1   1316   1
c  1267   -1   1265   1
c  1415   -1   1464   1
c  1415   -1   1314   1
c  180   -1   131   1
c  180   -1   229   1
c  280   -1   329   1
c  280   -1   229   1
c  231   -1   229   1
c  231   -1   179   1
c  181   -1   130   1
c  181   -1   230   1
c  30   -1   79   1
c  30   -1   179   1
c  130   -1   81   1
c  130   -1   82   1
c  921   -1   1021   1
c  921   -1   1020   1
c  922   -1   973   1
c  922   -1   971   1
c  1022   -1   1071   1
c  1022   -1   971   1
c  973   -1   1024   1
c  973   -1   1022   1
c  1023   -1   972   1
c  1023   -1   1122   1
c  1071   -1   1122   1
c  1071   -1   1123   1
c  1120   -1   1220   1
c  1120   -1   1221   1
c  1219   -1   1170   1
c  1219   -1   1171   1
c  774   -1   726   1
c  726   -1   724   1
c  726   -1   826   1
c  29   -1   129   1
c  29   -1   78   1
c  80   -1   29   1
c  81   -1   84   1
c  79   -1   81   1
c  79   -1   131   1
c  281   -1   279   1
c  281   -1   330   1
c  330   -1   429   1
c  330   -1   582   1
c  381   -1   432   1
c  381   -1   332   1
c  332   -1   283   1
c  332   -1   383   1
c  380   -1   329   1
c  380   -1   331   1
c  382   -1   331   1
c  382   -1   281   1
c  282   -1   333   1
c  282   -1   334   1
c  333   -1   382   1
c  333   -1   284   1
c  675   -1   726   1
c  675   -1   776   1
c  626   -1   575   1
c  626   -1   628   1
c  676   -1   628   1
c  430   -1   381   1
c  430   -1   481   1
c  528   -1   579   1
c  528   -1   630   1
c  481   -1   432   1
c  481   -1   530   1
c  579   -1   679   1
c  580   -1   629   1
c  580   -1   529   1
c  631   -1   580   1
c  631   -1   529   1
c  482   -1   480   1
c  482   -1   430   1
c  531   -1   582   1
c  581   -1   530   1
c  581   -1   681   1
c  680   -1   731   1
c  680   -1   781   1
c  577   -1   528   1
c  577   -1   676   1
c  677   -1   726   1
c  677   -1   626   1
c  628   -1   679   1
c  628   -1   730   1
c  828   -1   779   1
c  828   -1   725   1
c  923   -1   872   1
c  923   -1   921   1
c  874   -1   876   1
c  874   -1   825   1
c  825   -1   873   1
c  825   -1   924   1
c  875   -1   824   1
c  875   -1   877   1
c  776   -1   727   1
c  776   -1   779   1
c  827   -1   776   1
c  827   -1   775   1
c  1217   -1   1266   1
c  1217   -1   1317   1
c  1268   -1   1266   1
c  1268   -1   1217   1
c  1703   -1   1654   1
c  1703   -1   1803   1
c  1704   -1   1753   1
c  1704   -1   1752   1
c  1752   -1   1801   1
c  1752   -1   1652   1
c  1754   -1   1752   1
c  1754   -1   1853   1
c  1753   -1   1702   1
c  1751   -1   1702   1
c  1751   -1   1703   1
c  1802   -1   1851   1
c  1802   -1   1901   1
c  1612   -1   1663   1
c  1612   -1   1561   1
c  1561   -1   1563   1
c  1561   -1   1513   1
c  1512   -1   1463   1
c  1512   -1   1364   1
c  1807   -1   1756   1
c  1807   -1   1706   1
c  1804   -1   1853   1
c  1804   -1   1753   1
c  1855   -1   1853   1
c  1855   -1   1757   1
c  1805   -1   1856   1
c  1805   -1   1854   1
c  1856   -1   1755   1
c  1806   -1   1857   1
c  1806   -1   1906   1
c  1860   -1   1909   1
c  1860   -1   1959   1
c  1712   -1   1761   1
c  1712   -1   1763   1
c  1713   -1   1662   1
c  1713   -1   1764   1
c  1663   -1   1712   1
c  1663   -1   1714   1
c  1906   -1   1807   1
c  1906   -1   1809   1
c  1909   -1   1858   1
c  1910   -1   1859   1
c  1910   -1   1959   1
c  1857   -1   1962   1
c  1908   -1   1906   1
c  1908   -1   2009   1
c  1957   -1   1908   1
c  1957   -1   1858   1
c  1762   -1   1862   1
c  1762   -1   1864   1
c  1812   -1   1761   1
c  1812   -1   1864   1
c  1862   -1   1913   1
c  1862   -1   1761   1
c  1861   -1   1912   1
c  1861   -1   1913   1
c  1614   -1   1612   1
c  1614   -1   1611   1
c  1463   -1   1514   1
c  1513   -1   1413   1
c  1513   -1   1462   1
c  1464   -1   1515   1
c  1464   -1   1413   1
c  1365   -1   1416   1
c  1365   -1   1414   1
c  1416   -1   1467   1
c  1416   -1   1414   1
c  1168   -1   1217   1
c  1168   -1   1219   1
c  1218   -1   1269   1
c  1318   -1   1367   1
c  1318   -1   1415   1
c  1072   -1   1123   1
c  1072   -1   1121   1
c  1270   -1   1120   1
c  1170   -1   1270   1
c  1170   -1   1221   1
c  1221   -1   1169   1
c  1316   -1   1365   1
c  1316   -1   1415   1
c  1317   -1   1266   1
c  1465   -1   1516   1
c  1465   -1   1416   1
c  1466   -1   1415   1
c  1466   -1   1365   1
c  1367   -1   1418   1
c  1367   -1   1415   1
c  131   -1   231   1
c  131   -1   82   1
c  232   -1   281   1
c  232   -1   333   1
c  132   -1   231   1
c  182   -1   233   1
c  182   -1   36   1
c  31   -1   80   1
c  31   -1   82   1
c  82   -1   133   1
c  82   -1   80   1
c  1073   -1   1022   1
c  1073   -1   1174   1
c  974   -1   1023   1
c  974   -1   1022   1
c  1025   -1   974   1
c  1025   -1   973   1
c  1024   -1   1075   1
c  1024   -1   1124   1
c  1074   -1   1023   1
c  1074   -1   1025   1
c  1122   -1   1073   1
c  1122   -1   1171   1
c  1121   -1   1221   1
c  1121   -1   1170   1
c  1123   -1   1172   1
c  1123   -1   1074   1
c  1174   -1   1123   1
c  1174   -1   1120   1
c  1220   -1   1269   1
c  1220   -1   1218   1
c  1269   -1   1321   1
c  1171   -1   1220   1
c  1171   -1   1222   1
c  727   -1   676   1
c  727   -1   675   1
c  728   -1   726   1
c  728   -1   677   1
c  826   -1   875   1
c  826   -1   925   1
c  183   -1   232   1
c  183   -1   81   1
c  84   -1   35   1
c  84   -1   32   1
c  582   -1   483   1
c  431   -1   531   1
c  431   -1   380   1
c  432   -1   383   1
c  432   -1   333   1
c  283   -1   334   1
c  283   -1   234   1
c  383   -1   282   1
c  384   -1   382   1
c  384   -1   433   1
c  233   -1   282   1
c  233   -1   235   1
c  285   -1   283   1
c  285   -1   282   1
c  334   -1   434   1
c  334   -1   383   1
c  335   -1   333   1
c  335   -1   283   1
c  385   -1   334   1
c  385   -1   333   1
c  284   -1   235   1
c  284   -1   185   1
c  578   -1   678   1
c  578   -1   677   1
c  630   -1   679   1
c  630   -1   729   1
c  629   -1   680   1
c  678   -1   629   1
c  678   -1   579   1
c  679   -1   677   1
c  679   -1   728   1
c  681   -1   732   1
c  681   -1   733   1
c  632   -1   583   1
c  632   -1   683   1
c  731   -1   631   1
c  532   -1   583   1
c  483   -1   534   1
c  483   -1   532   1
c  730   -1   779   1
c  730   -1   881   1
c  732   -1   781   1
c  732   -1   680   1
c  781   -1   730   1
c  781   -1   832   1
c  778   -1   829   1
c  778   -1   729   1
c  878   -1   827   1
c  878   -1   777   1
c  829   -1   880   1
c  829   -1   928   1
c  777   -1   779   1
c  777   -1   828   1
c  929   -1   878   1
c  929   -1   828   1
c  779   -1   679   1
c  924   -1   975   1
c  924   -1   1024   1
c  925   -1   923   1
c  925   -1   927   1
c  926   -1   974   1
c  926   -1   923   1
c  876   -1   827   1
c  876   -1   727   1
c  927   -1   878   1
c  927   -1   825   1
c  976   -1   876   1
c  976   -1   875   1
c  877   -1   777   1
c  1319   -1   1368   1
c  1319   -1   1268   1
c  1320   -1   1269   1
c  1320   -1   1268   1
c  1803   -1   1752   1
c  1803   -1   1806   1
c  1851   -1   1902   1
c  1851   -1   1752   1
c  1801   -1   1803   1
c  1801   -1   1852   1
c  1854   -1   1754   1
c  1854   -1   1803   1
c  1853   -1   1951   1
c  1853   -1   2001   1
c  1852   -1   1952   1
c  1852   -1   1803   1
c  1901   -1   1801   1
c  1901   -1   1952   1
c  1562   -1   1565   1
c  1562   -1   1515   1
c  1613   -1   1616   1
c  1613   -1   1666   1
c  1563   -1   1514   1
c  1563   -1   1565   1
c  1905   -1   1956   1
c  1905   -1   1854   1
c  1955   -1   2004   1
c  1955   -1   1805   1
c  1959   -1   1908   1
c  1959   -1   1907   1
c  1763   -1   1812   1
c  1714   -1   1716   1
c  1714   -1   1816   1
c  1764   -1   1864   1
c  1764   -1   1663   1
c  1664   -1   1763   1
c  1664   -1   1814   1
c  1956   -1   2056   1
c  1956   -1   2055   1
c  1907   -1   2007   1
c  1907   -1   1956   1
c  1958   -1   1909   1
c  1958   -1   2009   1
c  1960   -1   2009   1
c  1960   -1   1909   1
c  1911   -1   1962   1
c  1911   -1   1862   1
c  1962   -1   1861   1
c  1962   -1   2010   1
c  2009   -1   2058   1
c  2007   -1   2058   1
c  2007   -1   1958   1
c  2008   -1   1959   1
c  2008   -1   1957   1
c  1813   -1   1762   1
c  1813   -1   1864   1
c  1864   -1   1913   1
c  1912   -1   1863   1
c  1863   -1   1914   1
c  1863   -1   1814   1
c  1913   -1   1962   1
c  1961   -1   2010   1
c  1961   -1   1861   1
c  1814   -1   1765   1
c  1814   -1   1861   1
c  1564   -1   1566   1
c  1564   -1   1613   1
c  1615   -1   1566   1
c  1615   -1   1666   1
c  1514   -1   1565   1
c  1514   -1   1566   1
c  1515   -1   1564   1
c  1515   -1   1563   1
c  1366   -1   1417   1
c  1366   -1   1467   1
c  1417   -1   1517   1
c  1417   -1   1468   1
c  1467   -1   1567   1
c  1467   -1   1516   1
c  1368   -1   1317   1
c  1369   -1   1318   1
c  1369   -1   1469   1
c  1468   -1   1517   1
c  1468   -1   1318   1
c  1470   -1   1419   1
c  1470   -1   1318   1
c  1271   -1   1322   1
c  1271   -1   1320   1
c  1172   -1   1221   1
c  1172   -1   1170   1
c  1222   -1   1273   1
c  1566   -1   1515   1
c  1566   -1   1466   1
c  1517   -1   1466   1
c  1418   -1   1369   1
c  1418   -1   1320   1
c  36   -1   87   1
c  36   -1   232   1
c  133   -1   135   1
c  83   -1   132   1
c  83   -1   135   1
c  32   -1   83   1
c  32   -1   182   1
c  975   -1   926   1
c  975   -1   977   1
c  1028   -1   974   1
c  1028   -1   924   1
c  1075   -1   1126   1
c  1075   -1   1026   1
c  1026   -1   1126   1
c  1125   -1   1025   1
c  1125   -1   975   1
c  1076   -1   1074   1
c  1076   -1   1024   1
c  1124   -1   1175   1
c  1124   -1   1075   1
c  1173   -1   1222   1
c  1173   -1   1275   1
c  1224   -1   1175   1
c  1224   -1   1275   1
c  1175   -1   1328   1
c  1175   -1   1329   1
c  1273   -1   1322   1
c  1273   -1   1174   1
c  1225   -1   1174   1
c  1321   -1   1323   1
c  1321   -1   1421   1
c  729   -1   780   1
c  729   -1   829   1
c  184   -1   233   1
c  184   -1   133   1
c  34   -1   86   1
c  34   -1   134   1
c  134   -1   83   1
c  85   -1   134   1
c  85   -1   36   1
c  33   -1   84   1
c  33   -1   35   1
c  86   -1   84   1
c  86   -1   135   1
c  236   -1   84   1
c  35   -1   86   1
c  35   -1   87   1
c  583   -1   635   1
c  583   -1   434   1
c  433   -1   484   1
c  288   -1   187   1
c  288   -1   283   1
c  234   -1   185   1
c  234   -1   134   1
c  434   -1   385   1
c  434   -1   485   1
c  235   -1   135   1
c  235   -1   134   1
c  286   -1   288   1
c  286   -1   188   1
c  336   -1   385   1
c  336   -1   434   1
c  435   -1   335   1
c  435   -1   387   1
c  386   -1   286   1
c  386   -1   287   1
c  185   -1   236   1
c  185   -1   136   1
c  682   -1   684   1
c  682   -1   634   1
c  733   -1   684   1
c  733   -1   685   1
c  633   -1   584   1
c  633   -1   682   1
c  683   -1   732   1
c  683   -1   782   1
c  780   -1   829   1
c  780   -1   731   1
c  533   -1   484   1
c  533   -1   485   1
c  484   -1   435   1
c  484   -1   538   1
c  485   -1   483   1
c  485   -1   536   1
c  534   -1   585   1
c  782   -1   780   1
c  782   -1   730   1
c  881   -1   830   1
c  881   -1   883   1
c  783   -1   732   1
c  783   -1   682   1
c  734   -1   785   1
c  734   -1   732   1
c  831   -1   782   1
c  831   -1   882   1
c  832   -1   830   1
c  832   -1   829   1
c  928   -1   877   1
c  928   -1   977   1
c  879   -1   930   1
c  879   -1   881   1
c  830   -1   779   1
c  830   -1   782   1
c  880   -1   831   1
c  880   -1   929   1
c  979   -1   1028   1
c  979   -1   1030   1
c  930   -1   979   1
c  930   -1   881   1
c  980   -1   929   1
c  980   -1   1028   1
c  977   -1   1026   1
c  1370   -1   1421   1
c  1370   -1   1271   1
c  1902   -1   1853   1
c  1904   -1   1853   1
c  1904   -1   1852   1
c  1903   -1   1854   1
c  1903   -1   2103   1
c  1951   -1   1902   1
c  1951   -1   1903   1
c  2001   -1   2052   1
c  2001   -1   2153   1
c  1952   -1   2003   1
c  1952   -1   2051   1
c  1954   -1   1903   1
c  1954   -1   1901   1
c  1565   -1   1616   1
c  1565   -1   1617   1
c  1616   -1   1665   1
c  1666   -1   1715   1
c  2005   -1   2054   1
c  2005   -1   2003   1
c  2006   -1   1955   1
c  2006   -1   2054   1
c  2004   -1   2006   1
c  2004   -1   1956   1
c  2108   -1   2010   1
c  2108   -1   1959   1
c  1715   -1   1768   1
c  1715   -1   1720   1
c  1716   -1   1667   1
c  1716   -1   1718   1
c  1816   -1   1767   1
c  1816   -1   1718   1
c  1765   -1   1716   1
c  1765   -1   1864   1
c  1815   -1   1764   1
c  1815   -1   1864   1
c  1665   -1   1617   1
c  2056   -1   2105   1
c  2056   -1   2054   1
c  2055   -1   2155   1
c  2055   -1   2104   1
c  2010   -1   2061   1
c  2011   -1   1962   1
c  2011   -1   1960   1
c  2012   -1   2112   1
c  2012   -1   2061   1
c  1963   -1   1914   1
c  1963   -1   1961   1
c  2059   -1   2110   1
c  2059   -1   2010   1
c  2058   -1   2109   1
c  2058   -1   2160   1
c  2057   -1   2106   1
c  2057   -1   2208   1
c  1914   -1   1965   1
c  1865   -1   1814   1
c  1865   -1   1914   1
c  1916   -1   1865   1
c  1916   -1   1864   1
c  2060   -1   2011   1
c  2060   -1   1961   1
c  2111   -1   2011   1
c  2111   -1   1961   1
c  1567   -1   1516   1
c  1567   -1   1515   1
c  1419   -1   1368   1
c  1419   -1   1468   1
c  1469   -1   1518   1
c  1469   -1   1520   1
c  1518   -1   1567   1
c  1518   -1   1618   1
c  1568   -1   1468   1
c  1568   -1   1620   1
c  1420   -1   1520   1
c  1420   -1   1521   1
c  1520   -1   1518   1
c  1471   -1   1420   1
c  1471   -1   1370   1
c  1473   -1   1422   1
c  1473   -1   1470   1
c  1272   -1   1372   1
c  1272   -1   1370   1
c  1323   -1   1272   1
c  1323   -1   1271   1
c  1322   -1   1373   1
c  1322   -1   1422   1
c  1223   -1   1272   1
c  1223   -1   1274   1
c  37   -1   88   1
c  37   -1   39   1
c  87   -1   138   1
c  87   -1   38   1
c  135   -1   137   1
c  978   -1   1029   1
c  978   -1   1027   1
c  1027   -1   1127   1
c  1027   -1   1076   1
c  1078   -1   978   1
c  1078   -1   977   1
c  1029   -1   1080   1
c  1079   -1   1030   1
c  1079   -1   1028   1
c  1126   -1   1175   1
c  1126   -1   1226   1
c  1077   -1   1026   1
c  1077   -1   1029   1
c  1275   -1   1375   1
c  1275   -1   1273   1
c  1274   -1   1323   1
c  1176   -1   1225   1
c  1176   -1   1275   1
c  1177   -1   1126   1
c  1177   -1   1175   1
c  1328   -1   1375   1
c  1328   -1   1426   1
c  1329   -1   1327   1
c  1329   -1   1278   1
c  1226   -1   1275   1
c  1226   -1   1277   1
c  1276   -1   1225   1
c  1371   -1   1373   1
c  1371   -1   1423   1
c  136   -1   85   1
c  136   -1   236   1
c  186   -1   237   1
c  186   -1   189   1
c  584   -1   635   1
c  584   -1   637   1
c  585   -1   583   1
c  585   -1   683   1
c  635   -1   686   1
c  635   -1   735   1
c  238   -1   138   1
c  238   -1   87   1
c  287   -1   238   1
c  287   -1   289   1
c  338   -1   287   1
c  289   -1   338   1
c  187   -1   136   1
c  187   -1   135   1
c  337   -1   437   1
c  337   -1   286   1
c  188   -1   137   1
c  188   -1   87   1
c  387   -1   436   1
c  387   -1   336   1
c  436   -1   536   1
c  436   -1   438   1
c  684   -1   633   1
c  634   -1   685   1
c  634   -1   687   1
c  882   -1   834   1
c  882   -1   733   1
c  685   -1   683   1
c  685   -1   736   1
c  535   -1   533   1
c  535   -1   484   1
c  538   -1   587   1
c  538   -1   589   1
c  486   -1   537   1
c  486   -1   587   1
c  536   -1   585   1
c  586   -1   635   1
c  586   -1   534   1
c  833   -1   782   1
c  833   -1   784   1
c  931   -1   933   1
c  931   -1   834   1
c  883   -1   932   1
c  883   -1   931   1
c  784   -1   735   1
c  784   -1   685   1
c  735   -1   786   1
c  735   -1   887   1
c  736   -1   734   1
c  736   -1   684   1
c  687   -1   735   1
c  687   -1   734   1
c  785   -1   787   1
c  785   -1   788   1
c  981   -1   979   1
c  981   -1   1029   1
c  1127   -1   1029   1
c  1127   -1   979   1
c  1030   -1   1081   1
c  1030   -1   1032   1
c  1953   -1   1904   1
c  1953   -1   1902   1
c  2103   -1   2152   1
c  2051   -1   2102   1
c  2051   -1   1951   1
c  2002   -1   2102   1
c  2002   -1   1951   1
c  2052   -1   2003   1
c  2052   -1   2103   1
c  2153   -1   2202   1
c  2153   -1   2204   1
c  2003   -1   1954   1
c  1617   -1   1718   1
c  1617   -1   1719   1
c  1667   -1   1718   1
c  1766   -1   1666   1
c  1766   -1   1665   1
c  1668   -1   1666   1
c  1668   -1   1665   1
c  1670   -1   1719   1
c  1670   -1   1666   1
c  2054   -1   2003   1
c  2054   -1   2103   1
c  2107   -1   2158   1
c  2107   -1   2159   1
c  2158   -1   2257   1
c  2158   -1   2260   1
c  2109   -1   2060   1
c  2109   -1   2010   1
c  2157   -1   2208   1
c  2157   -1   2108   1
c  2208   -1   2108   1
c  2209   -1   2158   1
c  2209   -1   2108   1
c  1768   -1   1817   1
c  1768   -1   1868   1
c  1720   -1   1771   1
c  1720   -1   1672   1
c  1717   -1   1817   1
c  1717   -1   1816   1
c  1718   -1   1618   1
c  1866   -1   1966   1
c  1866   -1   2016   1
c  1817   -1   1917   1
c  1817   -1   1866   1
c  1767   -1   1718   1
c  1767   -1   1667   1
c  1964   -1   1865   1
c  1964   -1   1815   1
c  2106   -1   2055   1
c  2105   -1   2154   1
c  2105   -1   2204   1
c  2155   -1   2206   1
c  2155   -1   2204   1
c  2104   -1   2255   1
c  2104   -1   2256   1
c  2061   -1   2112   1
c  2062   -1   2111   1
c  2062   -1   2011   1
c  2013   -1   2062   1
c  2013   -1   2061   1
c  2112   -1   2110   1
c  2112   -1   2109   1
c  2116   -1   2113   1
c  2116   -1   1963   1
c  2110   -1   2159   1
c  2160   -1   2060   1
c  2160   -1   2112   1
c  1915   -1   1866   1
c  1915   -1   1966   1
c  1965   -1   2016   1
c  1965   -1   1967   1
c  1867   -1   1865   1
c  1966   -1   2017   1
c  1917   -1   1866   1
c  1917   -1   1915   1
c  1918   -1   1916   1
c  1918   -1   1967   1
c  2161   -1   2212   1
c  2161   -1   2261   1
c  1519   -1   1568   1
c  1519   -1   1471   1
c  1521   -1   1519   1
c  1521   -1   1469   1
c  1569   -1   1620   1
c  1569   -1   1518   1
c  1618   -1   1667   1
c  1620   -1   1669   1
c  1620   -1   1720   1
c  1570   -1   1621   1
c  1570   -1   1622   1
c  1472   -1   1521   1
c  1472   -1   1571   1
c  1422   -1   1471   1
c  1422   -1   1522   1
c  1423   -1   1272   1
c  1523   -1   1521   1
c  1523   -1   1571   1
c  1474   -1   1523   1
c  1474   -1   1374   1
c  1424   -1   1524   1
c  1424   -1   1473   1
c  1372   -1   1472   1
c  1372   -1   1421   1
c  1324   -1   1424   1
c  1324   -1   1425   1
c  1374   -1   1423   1
c  1374   -1   1323   1
c  38   -1   89   1
c  38   -1   90   1
c  88   -1   136   1
c  39   -1   138   1
c  137   -1   88   1
c  137   -1   237   1
c  138   -1   89   1
c  1128   -1   1130   1
c  1128   -1   1177   1
c  1129   -1   1078   1
c  1031   -1   1029   1
c  1031   -1   1130   1
c  1080   -1   1129   1
c  1080   -1   1180   1
c  1081   -1   1079   1
c  1134   -1   1132   1
c  1134   -1   1079   1
c  1325   -1   1276   1
c  1325   -1   1228   1
c  1227   -1   1276   1
c  1227   -1   1275   1
c  1375   -1   1426   1
c  1375   -1   1574   1
c  1178   -1   1278   1
c  1178   -1   1226   1
c  1228   -1   1177   1
c  1228   -1   1231   1
c  1278   -1   1227   1
c  1327   -1   1227   1
c  1327   -1   1276   1
c  1378   -1   1327   1
c  1378   -1   1333   1
c  1377   -1   1328   1
c  1377   -1   1426   1
c  1426   -1   1526   1
c  1426   -1   1627   1
c  1279   -1   1330   1
c  1279   -1   1277   1
c  1379   -1   1431   1
c  1330   -1   1379   1
c  1280   -1   1229   1
c  1280   -1   1329   1
c  1277   -1   1427   1
c  1277   -1   1477   1
c  1326   -1   1375   1
c  1326   -1   1377   1
c  189   -1   187   1
c  189   -1   290   1
c  637   -1   588   1
c  637   -1   537   1
c  636   -1   585   1
c  636   -1   685   1
c  686   -1   737   1
c  686   -1   637   1
c  239   -1   190   1
c  239   -1   188   1
c  388   -1   537   1
c  388   -1   587   1
c  339   -1   439   1
c  437   -1   388   1
c  437   -1   338   1
c  290   -1   339   1
c  290   -1   337   1
c  240   -1   289   1
c  240   -1   339   1
c  141   -1   240   1
c  141   -1   289   1
c  438   -1   389   1
c  932   -1   884   1
c  834   -1   885   1
c  834   -1   934   1
c  488   -1   490   1
c  488   -1   540   1
c  537   -1   488   1
c  537   -1   588   1
c  588   -1   539   1
c  539   -1   590   1
c  539   -1   591   1
c  489   -1   538   1
c  587   -1   636   1
c  587   -1   589   1
c  589   -1   638   1
c  589   -1   689   1
c  487   -1   536   1
c  487   -1   586   1
c  884   -1   833   1
c  884   -1   937   1
c  982   -1   931   1
c  982   -1   1033   1
c  933   -1   982   1
c  835   -1   884   1
c  835   -1   784   1
c  934   -1   985   1
c  934   -1   735   1
c  786   -1   788   1
c  786   -1   838   1
c  887   -1   936   1
c  887   -1   885   1
c  737   -1   688   1
c  737   -1   740   1
c  787   -1   736   1
c  787   -1   838   1
c  688   -1   637   1
c  688   -1   587   1
c  885   -1   785   1
c  885   -1   786   1
c  788   -1   837   1
c  788   -1   836   1
c  1032   -1   1081   1
c  2053   -1   2156   1
c  2053   -1   2206   1
c  2102   -1   2151   1
c  2152   -1   2201   1
c  2152   -1   2154   1
c  2101   -1   2052   1
c  2101   -1   2152   1
c  2203   -1   2152   1
c  2154   -1   2205   1
c  2154   -1   2206   1
c  2251   -1   2153   1
c  2202   -1   2251   1
c  2202   -1   2302   1
c  2204   -1   2255   1
c  2204   -1   2359   1
c  1572   -1   1618   1
c  1572   -1   1617   1
c  1719   -1   1668   1
c  1719   -1   1768   1
c  1669   -1   1718   1
c  1669   -1   1667   1
c  1671   -1   1771   1
c  1671   -1   1722   1
c  1672   -1   1670   1
c  1672   -1   1574   1
c  1771   -1   1670   1
c  1771   -1   1669   1
c  2159   -1   2210   1
c  2159   -1   2208   1
c  2358   -1   2259   1
c  2358   -1   2158   1
c  2257   -1   2208   1
c  2257   -1   2157   1
c  2260   -1   2360   1
c  2260   -1   2361   1
c  2156   -1   2207   1
c  2156   -1   2255   1
c  2207   -1   2256   1
c  2206   -1   2157   1
c  2205   -1   2156   1
c  2205   -1   2157   1
c  2258   -1   2207   1
c  2258   -1   2159   1
c  2210   -1   2259   1
c  2210   -1   2208   1
c  2259   -1   2310   1
c  2211   -1   2209   1
c  2211   -1   2259   1
c  1818   -1   1867   1
c  1818   -1   1866   1
c  1769   -1   1720   1
c  1769   -1   1869   1
c  1868   -1   1817   1
c  1868   -1   1866   1
c  1770   -1   1719   1
c  1770   -1   1721   1
c  1721   -1   1772   1
c  1721   -1   1821   1
c  1820   -1   1720   1
c  1820   -1   1721   1
c  2016   -1   2065   1
c  2014   -1   2065   1
c  2014   -1   2062   1
c  2063   -1   2014   1
c  2063   -1   1964   1
c  2015   -1   2064   1
c  2015   -1   1964   1
c  2065   -1   1964   1
c  2255   -1   2206   1
c  2255   -1   2455   1
c  2256   -1   2205   1
c  2256   -1   2156   1
c  2162   -1   2211   1
c  2162   -1   2164   1
c  2113   -1   2162   1
c  2212   -1   2112   1
c  2212   -1   2063   1
c  2114   -1   2112   1
c  2114   -1   2063   1
c  2066   -1   2015   1
c  2066   -1   2115   1
c  2115   -1   2166   1
c  2115   -1   2164   1
c  2166   -1   2215   1
c  2166   -1   2164   1
c  2117   -1   2068   1
c  2117   -1   2069   1
c  2165   -1   2116   1
c  2165   -1   2117   1
c  2217   -1   2117   1
c  2217   -1   2116   1
c  1967   -1   1969   1
c  1869   -1   1867   1
c  1869   -1   1770   1
c  2067   -1   2016   1
c  2067   -1   1966   1
c  2017   -1   2066   1
c  1968   -1   1869   1
c  1968   -1   1868   1
c  1919   -1   1870   1
c  1919   -1   1818   1
c  1819   -1   1918   1
c  1819   -1   1968   1
c  1920   -1   1918   1
c  1920   -1   1869   1
c  2261   -1   2360   1
c  2261   -1   2359   1
c  1571   -1   1573   1
c  1522   -1   1571   1
c  1522   -1   1573   1
c  1619   -1   1621   1
c  1619   -1   1671   1
c  1621   -1   1672   1
c  1621   -1   1673   1
c  1622   -1   1573   1
c  1622   -1   1571   1
c  1573   -1   1624   1
c  1573   -1   1722   1
c  1524   -1   1522   1
c  1524   -1   1526   1
c  1475   -1   1424   1
c  1475   -1   1624   1
c  1425   -1   1476   1
c  1425   -1   1427   1
c  89   -1   140   1
c  89   -1   141   1
c  90   -1   141   1
c  90   -1   190   1
c  40   -1   91   1
c  40   -1   89   1
c  140   -1   138   1
c  140   -1   137   1
c  139   -1   190   1
c  139   -1   91   1
c  1130   -1   1230   1
c  1130   -1   1229   1
c  1179   -1   1130   1
c  1179   -1   1228   1
c  1180   -1   1129   1
c  1034   -1   1032   1
c  1034   -1   1031   1
c  1131   -1   1180   1
c  1131   -1   1231   1
c  1082   -1   1131   1
c  1082   -1   1182   1
c  1132   -1   1081   1
c  1132   -1   1283   1
c  1084   -1   1184   1
c  1084   -1   983   1
c  1133   -1   1084   1
c  1133   -1   1034   1
c  1184   -1   1182   1
c  1184   -1   1135   1
c  1135   -1   1083   1
c  1083   -1   1134   1
c  1083   -1   1034   1
c  984   -1   1135   1
c  984   -1   1134   1
c  1376   -1   1327   1
c  1376   -1   1277   1
c  1476   -1   1375   1
c  1574   -1   1572   1
c  1574   -1   1571   1
c  1229   -1   1278   1
c  1229   -1   1178   1
c  1231   -1   1280   1
c  1231   -1   1331   1
c  1428   -1   1379   1
c  1428   -1   1430   1
c  1477   -1   1377   1
c  1477   -1   1378   1
c  1429   -1   1378   1
c  1429   -1   1377   1
c  1381   -1   1379   1
c  1381   -1   1378   1
c  1333   -1   1384   1
c  1333   -1   1288   1
c  1427   -1   1475   1
c  1526   -1   1577   1
c  1526   -1   1626   1
c  1627   -1   1625   1
c  1230   -1   1330   1
c  1230   -1   1279   1
c  1380   -1   1429   1
c  1380   -1   1332   1
c  1478   -1   1429   1
c  1478   -1   1379   1
c  1431   -1   1382   1
c  1431   -1   1331   1
c  1331   -1   1280   1
c  1281   -1   1230   1
c  1281   -1   1229   1
c  1282   -1   1231   1
c  1282   -1   1280   1
c  190   -1   241   1
c  638   -1   587   1
c  639   -1   539   1
c  639   -1   637   1
c  389   -1   340   1
c  389   -1   440   1
c  340   -1   492   1
c  340   -1   592   1
c  439   -1   490   1
c  439   -1   491   1
c  291   -1   340   1
c  291   -1   240   1
c  241   -1   290   1
c  91   -1   42   1
c  91   -1   140   1
c  191   -1   140   1
c  142   -1   93   1
c  142   -1   191   1
c  244   -1   191   1
c  244   -1   141   1
c  195   -1   93   1
c  195   -1   141   1
c  490   -1   590   1
c  540   -1   640   1
c  540   -1   688   1
c  590   -1   588   1
c  591   -1   542   1
c  591   -1   691   1
c  440   -1   491   1
c  440   -1   489   1
c  689   -1   638   1
c  689   -1   740   1
c  937   -1   888   1
c  983   -1   1032   1
c  983   -1   1133   1
c  1033   -1   1035   1
c  836   -1   887   1
c  935   -1   984   1
c  935   -1   1034   1
c  936   -1   934   1
c  936   -1   1085   1
c  1036   -1   935   1
c  1036   -1   934   1
c  985   -1   1034   1
c  837   -1   786   1
c  838   -1   889   1
c  838   -1   890   1
c  886   -1   937   1
c  886   -1   938   1
c  888   -1   886   1
c  888   -1   836   1
c  939   -1   937   1
c  939   -1   887   1
c  890   -1   839   1
c  890   -1   887   1
c  738   -1   789   1
c  738   -1   689   1
c  740   -1   691   1
c  740   -1   742   1
c  739   -1   790   1
c  739   -1   688   1
c  789   -1   838   1
c  839   -1   788   1
c  2151   -1   2202   1
c  2201   -1   2203   1
c  2253   -1   2302   1
c  2253   -1   2352   1
c  2252   -1   2301   1
c  2252   -1   2203   1
c  2302   -1   2203   1
c  2254   -1   2203   1
c  2254   -1   2252   1
c  2301   -1   2202   1
c  2452   -1   2403   1
c  2452   -1   2202   1
c  2359   -1   2458   1
c  2359   -1   2457   1
c  1722   -1   1773   1
c  1722   -1   1621   1
c  1673   -1   1624   1
c  1673   -1   1724   1
c  1821   -1   1819   1
c  1772   -1   1823   1
c  2308   -1   2409   1
c  2308   -1   2410   1
c  2357   -1   2308   1
c  2357   -1   2306   1
c  2408   -1   2404   1
c  2408   -1   2354   1
c  2307   -1   2358   1
c  2307   -1   2310   1
c  2407   -1   2358   1
c  2407   -1   2356   1
c  2310   -1   2412   1
c  2360   -1   2362   1
c  2360   -1   2363   1
c  2361   -1   2461   1
c  2361   -1   2462   1
c  2309   -1   2311   1
c  2309   -1   2405   1
c  1822   -1   1820   1
c  1822   -1   1770   1
c  1870   -1   1821   1
c  1870   -1   1819   1
c  2064   -1   2113   1
c  2164   -1   2063   1
c  2305   -1   2256   1
c  2305   -1   2254   1
c  2455   -1   2355   1
c  2306   -1   2355   1
c  2306   -1   2406   1
c  2163   -1   2215   1
c  2163   -1   2166   1
c  2213   -1   2164   1
c  2213   -1   2162   1
c  2262   -1   2213   1
c  2262   -1   2162   1
c  2312   -1   2212   1
c  2312   -1   2411   1
c  2216   -1   2165   1
c  2216   -1   2265   1
c  2167   -1   2218   1
c  2167   -1   2118   1
c  2215   -1   2164   1
c  2215   -1   2316   1
c  2118   -1   2067   1
c  2118   -1   2018   1
c  2068   -1   2017   1
c  2068   -1   2019   1
c  2069   -1   2169   1
c  2069   -1   2219   1
c  2265   -1   2165   1
c  2265   -1   2363   1
c  2267   -1   2367   1
c  2267   -1   2466   1
c  2218   -1   2220   1
c  2266   -1   2217   1
c  2266   -1   2218   1
c  2317   -1   2268   1
c  2317   -1   2217   1
c  2018   -1   1969   1
c  2018   -1   1967   1
c  1969   -1   2020   1
c  1969   -1   2070   1
c  1970   -1   1921   1
c  1970   -1   1870   1
c  1921   -1   2021   1
c  1921   -1   2022   1
c  1871   -1   1920   1
c  1871   -1   1970   1
c  2311   -1   2313   1
c  2311   -1   2360   1
c  2263   -1   2261   1
c  2263   -1   2265   1
c  2362   -1   2411   1
c  2362   -1   2261   1
c  2313   -1   2262   1
c  2313   -1   2261   1
c  1623   -1   1574   1
c  1623   -1   1621   1
c  1624   -1   1575   1
c  1624   -1   1576   1
c  1525   -1   1724   1
c  1525   -1   1723   1
c  1575   -1   1524   1
c  1575   -1   1626   1
c  41   -1   90   1
c  41   -1   140   1
c  1181   -1   1183   1
c  1181   -1   1130   1
c  1035   -1   1084   1
c  1035   -1   1135   1
c  1182   -1   1233   1
c  1182   -1   1283   1
c  1183   -1   1132   1
c  1183   -1   1234   1
c  1283   -1   1334   1
c  1283   -1   1332   1
c  1085   -1   1137   1
c  1085   -1   1187   1
c  1233   -1   1133   1
c  1234   -1   1231   1
c  1234   -1   1281   1
c  1185   -1   1036   1
c  1185   -1   986   1
c  1235   -1   1284   1
c  1235   -1   1184   1
c  1136   -1   1138   1
c  1136   -1   1237   1
c  1186   -1   1237   1
c  1186   -1   1135   1
c  1625   -1   1576   1
c  1625   -1   1574   1
c  1232   -1   1183   1
c  1232   -1   1281   1
c  1527   -1   1478   1
c  1527   -1   1428   1
c  1430   -1   1432   1
c  1430   -1   1481   1
c  1479   -1   1530   1
c  1479   -1   1531   1
c  1382   -1   1433   1
c  1382   -1   1385   1
c  1332   -1   1281   1
c  1332   -1   1232   1
c  1383   -1   1332   1
c  1383   -1   1331   1
c  1334   -1   1383   1
c  1334   -1   1382   1
c  1284   -1   1233   1
c  1284   -1   1333   1
c  1385   -1   1334   1
c  1385   -1   1333   1
c  1384   -1   1387   1
c  1288   -1   1237   1
c  1288   -1   1236   1
c  1576   -1   1627   1
c  1576   -1   1527   1
c  1577   -1   1626   1
c  1577   -1   1628   1
c  1626   -1   1677   1
c  1626   -1   1725   1
c  1677   -1   1726   1
c  1677   -1   1578   1
c  1628   -1   1677   1
c  1578   -1   1627   1
c  1578   -1   1576   1
c  1528   -1   1579   1
c  1528   -1   1530   1
c  1481   -1   1332   1
c  1432   -1   1481   1
c  1432   -1   1483   1
c  1482   -1   1531   1
c  1482   -1   1431   1
c  1433   -1   1431   1
c  1433   -1   1430   1
c  1532   -1   1481   1
c  1532   -1   1431   1
c  640   -1   592   1
c  640   -1   642   1
c  390   -1   341   1
c  390   -1   441   1
c  341   -1   292   1
c  341   -1   242   1
c  292   -1   241   1
c  292   -1   340   1
c  392   -1   340   1
c  392   -1   444   1
c  492   -1   443   1
c  492   -1   494   1
c  592   -1   590   1
c  592   -1   540   1
c  541   -1   590   1
c  541   -1   439   1
c  491   -1   540   1
c  491   -1   442   1
c  242   -1   293   1
c  242   -1   291   1
c  192   -1   241   1
c  192   -1   291   1
c  193   -1   191   1
c  193   -1   291   1
c  92   -1   41   1
c  92   -1   43   1
c  93   -1   42   1
c  93   -1   91   1
c  42   -1   142   1
c  42   -1   143   1
c  43   -1   94   1
c  43   -1   191   1
c  143   -1   194   1
c  143   -1   94   1
c  194   -1   196   1
c  194   -1   146   1
c  243   -1   294   1
c  243   -1   342   1
c  294   -1   292   1
c  294   -1   242   1
c  245   -1   243   1
c  245   -1   197   1
c  293   -1   244   1
c  145   -1   245   1
c  145   -1   246   1
c  196   -1   247   1
c  196   -1   145   1
c  297   -1   195   1
c  297   -1   597   1
c  542   -1   491   1
c  542   -1   490   1
c  690   -1   590   1
c  690   -1   591   1
c  641   -1   643   1
c  641   -1   592   1
c  691   -1   693   1
c  691   -1   643   1
c  441   -1   492   1
c  441   -1   493   1
c  391   -1   442   1
c  391   -1   440   1
c  987   -1   1038   1
c  987   -1   1087   1
c  938   -1   940   1
c  938   -1   989   1
c  986   -1   1037   1
c  986   -1   935   1
c  1086   -1   1035   1
c  1086   -1   985   1
c  1037   -1   1035   1
c  1037   -1   1085   1
c  889   -1   840   1
c  989   -1   1040   1
c  989   -1   1038   1
c  940   -1   991   1
c  990   -1   988   1
c  990   -1   939   1
c  840   -1   891   1
c  840   -1   791   1
c  891   -1   940   1
c  841   -1   890   1
c  941   -1   890   1
c  941   -1   992   1
c  991   -1   890   1
c  991   -1   840   1
c  790   -1   792   1
c  790   -1   839   1
c  741   -1   692   1
c  741   -1   693   1
c  791   -1   740   1
c  791   -1   739   1
c  742   -1   843   1
c  742   -1   790   1
c  2303   -1   2252   1
c  2303   -1   2352   1
c  2352   -1   2301   1
c  2352   -1   2252   1
c  2351   -1   2402   1
c  2351   -1   2302   1
c  2353   -1   2302   1
c  2353   -1   2304   1
c  2304   -1   2404   1
c  2304   -1   2454   1
c  2402   -1   2453   1
c  2402   -1   2303   1
c  2451   -1   2402   1
c  2451   -1   2403   1
c  2453   -1   2354   1
c  2453   -1   2355   1
c  2403   -1   2454   1
c  2403   -1   2406   1
c  2409   -1   2460   1
c  2409   -1   2458   1
c  2458   -1   2406   1
c  2457   -1   2356   1
c  1723   -1   1623   1
c  1723   -1   1772   1
c  1724   -1   1722   1
c  1773   -1   1724   1
c  1773   -1   1824   1
c  1674   -1   1723   1
c  1674   -1   1725   1
c  1774   -1   1723   1
c  1774   -1   1821   1
c  1874   -1   1821   1
c  1823   -1   1874   1
c  1823   -1   1872   1
c  2410   -1   2459   1
c  2410   -1   2361   1
c  2356   -1   2307   1
c  2356   -1   2405   1
c  2404   -1   2455   1
c  2404   -1   2456   1
c  2354   -1   2305   1
c  2354   -1   2405   1
c  2406   -1   2457   1
c  2406   -1   2455   1
c  2412   -1   2461   1
c  2412   -1   2463   1
c  2459   -1   2360   1
c  2363   -1   2412   1
c  2363   -1   2312   1
c  2411   -1   2462   1
c  2461   -1   2410   1
c  2461   -1   2409   1
c  2462   -1   2362   1
c  2462   -1   2313   1
c  2405   -1   2456   1
c  1872   -1   1874   1
c  1872   -1   2023   1
c  2214   -1   2263   1
c  2214   -1   2262   1
c  2264   -1   2164   1
c  2264   -1   2213   1
c  2355   -1   2304   1
c  2355   -1   2406   1
c  2454   -1   2405   1
c  2456   -1   2355   1
c  2316   -1   2214   1
c  2316   -1   2213   1
c  2168   -1   2220   1
c  2168   -1   2221   1
c  2119   -1   2168   1
c  2119   -1   2068   1
c  2019   -1   1970   1
c  2019   -1   1971   1
c  2070   -1   2021   1
c  2070   -1   1970   1
c  2120   -1   2171   1
c  2120   -1   2069   1
c  2169   -1   2220   1
c  2169   -1   2269   1
c  2219   -1   2320   1
c  2219   -1   2171   1
c  2315   -1   2264   1
c  2315   -1   2367   1
c  2268   -1   2319   1
c  2268   -1   2418   1
c  2367   -1   2369   1
c  2367   -1   2319   1
c  2466   -1   2468   1
c  2466   -1   2415   1
c  2220   -1   2120   1
c  2318   -1   2316   1
c  2318   -1   2269   1
c  2366   -1   2417   1
c  2366   -1   2317   1
c  2020   -1   2071   1
c  2020   -1   1971   1
c  1971   -1   2022   1
c  2021   -1   2019   1
c  2021   -1   1970   1
c  1922   -1   1971   1
c  1922   -1   2020   1
c  1974   -1   1921   1
c  1873   -1   1773   1
c  1873   -1   1871   1
c  2314   -1   2263   1
c  2314   -1   2316   1
c  2364   -1   2362   1
c  2364   -1   2412   1
c  2464   -1   2362   1
c  94   -1   42   1
c  94   -1   41   1
c  1087   -1   1085   1
c  1087   -1   1136   1
c  1137   -1   1086   1
c  1137   -1   1237   1
c  1187   -1   1238   1
c  1285   -1   1236   1
c  1285   -1   1336   1
c  1236   -1   1287   1
c  1236   -1   1187   1
c  1286   -1   1235   1
c  1286   -1   1386   1
c  1138   -1   1187   1
c  1138   -1   1186   1
c  1237   -1   1139   1
c  1675   -1   1726   1
c  1675   -1   1678   1
c  1676   -1   1727   1
c  1676   -1   1625   1
c  1480   -1   1531   1
c  1480   -1   1580   1
c  1529   -1   1531   1
c  1529   -1   1578   1
c  1530   -1   1630   1
c  1530   -1   1631   1
c  1531   -1   1580   1
c  1531   -1   1630   1
c  1335   -1   1286   1
c  1335   -1   1284   1
c  1336   -1   1287   1
c  1336   -1   1334   1
c  1386   -1   1337   1
c  1386   -1   1334   1
c  1435   -1   1386   1
c  1435   -1   1487   1
c  1434   -1   1485   1
c  1434   -1   1486   1
c  1387   -1   1288   1
c  1387   -1   1289   1
c  1238   -1   1287   1
c  1238   -1   1337   1
c  1287   -1   1338   1
c  1287   -1   1339   1
c  1338   -1   1336   1
c  1338   -1   1286   1
c  1289   -1   1340   1
c  1289   -1   1240   1
c  1290   -1   1288   1
c  1290   -1   1238   1
c  1725   -1   1723   1
c  1727   -1   1778   1
c  1727   -1   1629   1
c  1678   -1   1729   1
c  1678   -1   1730   1
c  1728   -1   1677   1
c  1728   -1   1726   1
c  1630   -1   1678   1
c  1630   -1   1677   1
c  1726   -1   1777   1
c  1726   -1   1775   1
c  1629   -1   1680   1
c  1629   -1   1529   1
c  1579   -1   1530   1
c  1579   -1   1581   1
c  1679   -1   1579   1
c  1679   -1   1528   1
c  1483   -1   1481   1
c  1483   -1   1534   1
c  1633   -1   1582   1
c  1633   -1   1481   1
c  1533   -1   1582   1
c  1533   -1   1482   1
c  1582   -1   1531   1
c  1582   -1   1682   1
c  1581   -1   1532   1
c  1581   -1   1681   1
c  1534   -1   1532   1
c  1534   -1   1582   1
c  692   -1   640   1
c  642   -1   691   1
c  642   -1   690   1
c  342   -1   344   1
c  342   -1   345   1
c  344   -1   245   1
c  344   -1   341   1
c  442   -1   393   1
c  442   -1   342   1
c  393   -1   444   1
c  393   -1   294   1
c  343   -1   392   1
c  343   -1   493   1
c  493   -1   393   1
c  493   -1   391   1
c  443   -1   494   1
c  443   -1   441   1
c  494   -1   442   1
c  494   -1   446   1
c  593   -1   642   1
c  593   -1   644   1
c  144   -1   93   1
c  45   -1   94   1
c  45   -1   93   1
c  44   -1   144   1
c  44   -1   145   1
c  197   -1   194   1
c  197   -1   95   1
c  146   -1   148   1
c  146   -1   149   1
c  95   -1   146   1
c  95   -1   243   1
c  295   -1   346   1
c  295   -1   347   1
c  246   -1   297   1
c  246   -1   298   1
c  46   -1   95   1
c  46   -1   145   1
c  247   -1   199   1
c  296   -1   247   1
c  296   -1   197   1
c  347   -1   296   1
c  347   -1   298   1
c  298   -1   300   1
c  298   -1   198   1
c  348   -1   350   1
c  348   -1   297   1
c  99   -1   297   1
c  597   -1   646   1
c  597   -1   546   1
c  543   -1   494   1
c  543   -1   443   1
c  643   -1   692   1
c  643   -1   542   1
c  693   -1   742   1
c  693   -1   793   1
c  988   -1   1037   1
c  988   -1   1087   1
c  1038   -1   1040   1
c  1038   -1   1089   1
c  1039   -1   988   1
c  1039   -1   1037   1
c  1040   -1   1091   1
c  1040   -1   1089   1
c  1140   -1   1040   1
c  1140   -1   990   1
c  1139   -1   1141   1
c  1139   -1   990   1
c  842   -1   891   1
c  842   -1   840   1
c  892   -1   843   1
c  892   -1   793   1
c  792   -1   841   1
c  792   -1   992   1
c  942   -1   1042   1
c  942   -1   1043   1
c  992   -1   1043   1
c  1041   -1   1043   1
c  1041   -1   1044   1
c  743   -1   792   1
c  743   -1   791   1
c  843   -1   792   1
c  843   -1   743   1
c  2401   -1   2352   1
c  2401   -1   2403   1
c  2460   -1   2458   1
c  1775   -1   1724   1
c  1775   -1   1824   1
c  1824   -1   1873   1
c  1825   -1   1776   1
c  1825   -1   1774   1
c  1924   -1   1973   1
c  1924   -1   1922   1
c  1875   -1   1975   1
c  1875   -1   2025   1
c  1923   -1   1872   1
c  1923   -1   1823   1
c  2413   -1   2464   1
c  2413   -1   2465   1
c  2463   -1   2414   1
c  2414   -1   2314   1
c  2414   -1   2363   1
c  2415   -1   2413   1
c  2415   -1   2462   1
c  2023   -1   2025   1
c  2023   -1   1974   1
c  2365   -1   2316   1
c  2365   -1   2416   1
c  2221   -1   2223   1
c  2221   -1   2272   1
c  2170   -1   2221   1
c  2170   -1   2119   1
c  2071   -1   2122   1
c  2071   -1   2120   1
c  2121   -1   2172   1
c  2121   -1   2222   1
c  2171   -1   2220   1
c  2171   -1   2222   1
c  2269   -1   2320   1
c  2269   -1   2372   1
c  2320   -1   2371   1
c  2320   -1   2272   1
c  2319   -1   2370   1
c  2319   -1   2368   1
c  2418   -1   2467   1
c  2418   -1   2367   1
c  2417   -1   2466   1
c  2417   -1   2368   1
c  2368   -1   2419   1
c  2368   -1   2420   1
c  2416   -1   2367   1
c  2469   -1   2418   1
c  2469   -1   2367   1
c  2369   -1   2318   1
c  2369   -1   2417   1
c  2465   -1   2414   1
c  2465   -1   2365   1
c  2467   -1   2416   1
c  2467   -1   2415   1
c  2468   -1   2368   1
c  2468   -1   2370   1
c  2270   -1   2272   1
c  2270   -1   2321   1
c  2419   -1   2318   1
c  2419   -1   2472   1
c  1972   -1   1974   1
c  1972   -1   1923   1
c  2122   -1   2221   1
c  2122   -1   2021   1
c  1973   -1   2022   1
c  2024   -1   2073   1
c  2024   -1   2072   1
c  1975   -1   1977   1
c  1975   -1   1978   1
c  2072   -1   2023   1
c  2072   -1   2123   1
c  2073   -1   2022   1
c  47   -1   146   1
c  47   -1   94   1
c  1088   -1   1039   1
c  1088   -1   1187   1
c  1188   -1   1139   1
c  1188   -1   1089   1
c  1337   -1   1286   1
c  1337   -1   1339   1
c  1580   -1   1629   1
c  1580   -1   1529   1
c  1631   -1   1680   1
c  1631   -1   1730   1
c  1436   -1   1485   1
c  1436   -1   1487   1
c  1485   -1   1534   1
c  1485   -1   1538   1
c  1484   -1   1435   1
c  1484   -1   1533   1
c  1487   -1   1489   1
c  1486   -1   1537   1
c  1486   -1   1535   1
c  1437   -1   1439   1
c  1437   -1   1538   1
c  1388   -1   1337   1
c  1388   -1   1287   1
c  1239   -1   1190   1
c  1239   -1   1339   1
c  1339   -1   1439   1
c  1339   -1   1489   1
c  1340   -1   1440   1
c  1340   -1   1441   1
c  1240   -1   1191   1
c  1291   -1   1342   1
c  1291   -1   1391   1
c  1189   -1   1240   1
c  1189   -1   1290   1
c  1776   -1   1725   1
c  1776   -1   1727   1
c  1777   -1   1877   1
c  1777   -1   1876   1
c  1778   -1   1829   1
c  1778   -1   1830   1
c  1729   -1   1680   1
c  1729   -1   1629   1
c  1730   -1   1779   1
c  1730   -1   1728   1
c  1680   -1   1632   1
c  1583   -1   1581   1
c  1583   -1   1632   1
c  1632   -1   1683   1
c  1632   -1   1681   1
c  1683   -1   1732   1
c  1683   -1   1634   1
c  1634   -1   1583   1
c  1634   -1   1632   1
c  1681   -1   1633   1
c  1584   -1   1533   1
c  1682   -1   1733   1
c  1682   -1   1782   1
c  1535   -1   1584   1
c  1535   -1   1635   1
c  1585   -1   1534   1
c  1536   -1   1585   1
c  1536   -1   1534   1
c  345   -1   347   1
c  345   -1   394   1
c  394   -1   445   1
c  394   -1   443   1
c  445   -1   496   1
c  445   -1   546   1
c  395   -1   444   1
c  395   -1   446   1
c  446   -1   444   1
c  446   -1   397   1
c  544   -1   595   1
c  544   -1   647   1
c  495   -1   596   1
c  495   -1   646   1
c  594   -1   643   1
c  594   -1   596   1
c  644   -1   595   1
c  644   -1   695   1
c  147   -1   99   1
c  198   -1   147   1
c  198   -1   98   1
c  96   -1   99   1
c  96   -1   149   1
c  48   -1   99   1
c  48   -1   146   1
c  148   -1   199   1
c  148   -1   249   1
c  149   -1   200   1
c  149   -1   100   1
c  346   -1   395   1
c  346   -1   394   1
c  97   -1   46   1
c  97   -1   100   1
c  248   -1   199   1
c  248   -1   299   1
c  199   -1   98   1
c  397   -1   399   1
c  397   -1   499   1
c  299   -1   399   1
c  299   -1   347   1
c  349   -1   398   1
c  349   -1   298   1
c  350   -1   399   1
c  350   -1   298   1
c  300   -1   249   1
c  300   -1   400   1
c  398   -1   447   1
c  398   -1   396   1
c  399   -1   450   1
c  399   -1   348   1
c  49   -1   149   1
c  49   -1   100   1
c  98   -1   147   1
c  98   -1   149   1
c  100   -1   98   1
c  50   -1   99   1
c  50   -1   48   1
c  150   -1   99   1
c  150   -1   49   1
c  547   -1   596   1
c  547   -1   646   1
c  596   -1   645   1
c  647   -1   696   1
c  647   -1   695   1
c  598   -1   547   1
c  598   -1   549   1
c  646   -1   695   1
c  646   -1   745   1
c  546   -1   644   1
c  546   -1   643   1
c  694   -1   743   1
c  694   -1   793   1
c  793   -1   744   1
c  793   -1   745   1
c  1089   -1   1140   1
c  1089   -1   1041   1
c  1090   -1   1139   1
c  1090   -1   1039   1
c  1092   -1   1041   1
c  1092   -1   1040   1
c  1091   -1   1140   1
c  1091   -1   1191   1
c  1190   -1   1141   1
c  1190   -1   1091   1
c  1141   -1   1092   1
c  1141   -1   1041   1
c  1241   -1   1190   1
c  1241   -1   1140   1
c  893   -1   942   1
c  893   -1   944   1
c  744   -1   795   1
c  744   -1   792   1
c  943   -1   844   1
c  943   -1   1042   1
c  1042   -1   1093   1
c  1042   -1   1142   1
c  1043   -1   995   1
c  1043   -1   996   1
c  993   -1   893   1
c  993   -1   894   1
c  1044   -1   1042   1
c  1044   -1   1092   1
c  844   -1   846   1
c  844   -1   896   1
c  1826   -1   1877   1
c  1826   -1   1875   1
c  1925   -1   1927   1
c  1925   -1   1879   1
c  1876   -1   1925   1
c  1876   -1   1924   1
c  1926   -1   2026   1
c  1926   -1   1875   1
c  2025   -1   1976   1
c  2025   -1   1973   1
c  2271   -1   2371   1
c  2222   -1   2271   1
c  2222   -1   2122   1
c  2172   -1   2221   1
c  2172   -1   2123   1
c  2273   -1   2222   1
c  2273   -1   2221   1
c  2223   -1   2174   1
c  2223   -1   2124   1
c  2272   -1   2372   1
c  2272   -1   2223   1
c  2225   -1   2176   1
c  2225   -1   2269   1
c  2372   -1   2323   1
c  2372   -1   2273   1
c  2370   -1   2272   1
c  2370   -1   2374   1
c  2321   -1   2319   1
c  2321   -1   2272   1
c  2371   -1   2369   1
c  2371   -1   2420   1
c  2420   -1   2369   1
c  2420   -1   2418   1
c  2470   -1   2417   1
c  2472   -1   2421   1
c  2472   -1   2420   1
c  2173   -1   2122   1
c  2173   -1   2124   1
c  2124   -1   2122   1
c  2124   -1   2072   1
c  2074   -1   2123   1
c  2074   -1   2076   1
c  1976   -1   1877   1
c  1979   -1   2027   1
c  1979   -1   1975   1
c  1977   -1   2026   1
c  1978   -1   2078   1
c  1978   -1   2127   1
c  1538   -1   1587   1
c  1538   -1   1637   1
c  1537   -1   1437   1
c  1537   -1   1539   1
c  1488   -1   1486   1
c  1488   -1   1439   1
c  1489   -1   1540   1
c  1489   -1   1437   1
c  1439   -1   1390   1
c  1439   -1   1486   1
c  1438   -1   1489   1
c  1438   -1   1389   1
c  1389   -1   1440   1
c  1389   -1   1391   1
c  1341   -1   1292   1
c  1341   -1   1339   1
c  1390   -1   1490   1
c  1390   -1   1491   1
c  1440   -1   1540   1
c  1440   -1   1541   1
c  1441   -1   1390   1
c  1192   -1   1190   1
c  1192   -1   1240   1
c  1191   -1   1242   1
c  1191   -1   1292   1
c  1292   -1   1192   1
c  1292   -1   1391   1
c  1342   -1   1393   1
c  1342   -1   1442   1
c  1391   -1   1442   1
c  1391   -1   1440   1
c  1827   -1   1878   1
c  1827   -1   1778   1
c  1877   -1   1828   1
c  1877   -1   1778   1
c  1828   -1   1928   1
c  1828   -1   1879   1
c  1779   -1   1828   1
c  1779   -1   1880   1
c  1829   -1   1878   1
c  1830   -1   1730   1
c  1830   -1   1878   1
c  1780   -1   1729   1
c  1780   -1   1829   1
c  1731   -1   1682   1
c  1731   -1   1680   1
c  1733   -1   1784   1
c  1733   -1   1934   1
c  1684   -1   1735   1
c  1684   -1   1733   1
c  1783   -1   1683   1
c  1686   -1   1683   1
c  1732   -1   1783   1
c  1732   -1   1734   1
c  1635   -1   1686   1
c  1635   -1   1735   1
c  1636   -1   1585   1
c  1636   -1   1584   1
c  1735   -1   1784   1
c  1735   -1   1584   1
c  1782   -1   1780   1
c  1586   -1   1537   1
c  1586   -1   1538   1
c  447   -1   445   1
c  496   -1   398   1
c  396   -1   447   1
c  396   -1   497   1
c  545   -1   645   1
c  545   -1   646   1
c  595   -1   546   1
c  497   -1   397   1
c  497   -1   495   1
c  645   -1   696   1
c  645   -1   747   1
c  745   -1   694   1
c  745   -1   644   1
c  695   -1   746   1
c  200   -1   198   1
c  249   -1   399   1
c  249   -1   400   1
c  448   -1   397   1
c  448   -1   497   1
c  499   -1   400   1
c  499   -1   399   1
c  250   -1   299   1
c  250   -1   349   1
c  400   -1   449   1
c  400   -1   349   1
c  449   -1   498   1
c  449   -1   500   1
c  450   -1   499   1
c  548   -1   599   1
c  548   -1   499   1
c  696   -1   596   1
c  696   -1   595   1
c  697   -1   648   1
c  697   -1   646   1
c  648   -1   650   1
c  648   -1   498   1
c  698   -1   647   1
c  698   -1   649   1
c  599   -1   699   1
c  599   -1   748   1
c  549   -1   600   1
c  549   -1   498   1
c  794   -1   894   1
c  794   -1   845   1
c  795   -1   793   1
c  795   -1   895   1
c  1142   -1   1191   1
c  1142   -1   1093   1
c  1093   -1   1144   1
c  1093   -1   1193   1
c  1143   -1   1092   1
c  1242   -1   1142   1
c  1242   -1   1093   1
c  1243   -1   1241   1
c  1243   -1   1295   1
c  894   -1   943   1
c  894   -1   994   1
c  895   -1   844   1
c  895   -1   893   1
c  944   -1   896   1
c  944   -1   797   1
c  945   -1   994   1
c  945   -1   943   1
c  995   -1   895   1
c  995   -1   845   1
c  996   -1   945   1
c  996   -1   895   1
c  994   -1   1045   1
c  1094   -1   1143   1
c  1094   -1   1142   1
c  1045   -1   1094   1
c  1045   -1   946   1
c  1144   -1   1044   1
c  1144   -1   996   1
c  1096   -1   1045   1
c  1096   -1   1044   1
c  1195   -1   1094   1
c  1195   -1   1044   1
c  845   -1   847   1
c  845   -1   799   1
c  846   -1   895   1
c  846   -1   795   1
c  896   -1   845   1
c  896   -1   894   1
c  1927   -1   1976   1
c  1879   -1   1779   1
c  1879   -1   1832   1
c  1928   -1   1876   1
c  1928   -1   1881   1
c  2026   -1   2075   1
c  2026   -1   1978   1
c  2075   -1   2126   1
c  2075   -1   2124   1
c  2027   -1   2078   1
c  2027   -1   2025   1
c  2322   -1   2271   1
c  2322   -1   2422   1
c  2275   -1   2172   1
c  2323   -1   2374   1
c  2323   -1   2175   1
c  2274   -1   2223   1
c  2274   -1   2077   1
c  2224   -1   2273   1
c  2224   -1   2173   1
c  2174   -1   2225   1
c  2174   -1   2176   1
c  2175   -1   2177   1
c  2175   -1   2126   1
c  2226   -1   2275   1
c  2226   -1   2326   1
c  2176   -1   2275   1
c  2422   -1   2373   1
c  2422   -1   2473   1
c  2373   -1   2375   1
c  2373   -1   2322   1
c  2374   -1   2425   1
c  2374   -1   2376   1
c  2421   -1   2470   1
c  2421   -1   2424   1
c  2471   -1   2422   1
c  2471   -1   2423   1
c  2473   -1   2421   1
c  2474   -1   2472   1
c  2125   -1   2176   1
c  2125   -1   2127   1
c  2126   -1   2124   1
c  2076   -1   2027   1
c  2076   -1   2125   1
c  1929   -1   2029   1
c  1929   -1   1978   1
c  2029   -1   1980   1
c  2029   -1   2080   1
c  1980   -1   1929   1
c  1980   -1   2031   1
c  1930   -1   1979   1
c  1930   -1   1981   1
c  2028   -1   1928   1
c  2028   -1   1929   1
c  2078   -1   2127   1
c  2078   -1   2029   1
c  2127   -1   2028   1
c  1588   -1   1637   1
c  1588   -1   1738   1
c  1539   -1   1639   1
c  1539   -1   1689   1
c  1589   -1   1538   1
c  1589   -1   1537   1
c  1587   -1   1488   1
c  1637   -1   1686   1
c  1637   -1   1737   1
c  1490   -1   1590   1
c  1490   -1   1640   1
c  1443   -1   1492   1
c  1443   -1   1439   1
c  1491   -1   1540   1
c  1491   -1   1542   1
c  1541   -1   1490   1
c  1541   -1   1543   1
c  1442   -1   1491   1
c  1393   -1   1395   1
c  1393   -1   1441   1
c  1344   -1   1293   1
c  1344   -1   1441   1
c  1193   -1   1242   1
c  1193   -1   1144   1
c  1293   -1   1242   1
c  1343   -1   1292   1
c  1343   -1   1294   1
c  1294   -1   1245   1
c  1294   -1   1292   1
c  1392   -1   1443   1
c  1392   -1   1493   1
c  1878   -1   1880   1
c  1880   -1   1980   1
c  1880   -1   1929   1
c  1831   -1   1880   1
c  1831   -1   1930   1
c  1781   -1   1832   1
c  1781   -1   1882   1
c  1734   -1   1785   1
c  1734   -1   1835   1
c  1784   -1   1782   1
c  1784   -1   1832   1
c  1934   -1   1883   1
c  1934   -1   2034   1
c  1685   -1   1736   1
c  1685   -1   1786   1
c  1833   -1   1884   1
c  1833   -1   1881   1
c  1883   -1   1983   1
c  1883   -1   1783   1
c  1736   -1   1836   1
c  1736   -1   1785   1
c  1687   -1   1736   1
c  1687   -1   1788   1
c  1737   -1   1788   1
c  1737   -1   1686   1
c  1638   -1   1587   1
c  1638   -1   1636   1
c  1785   -1   1885   1
c  1785   -1   1782   1
c  1787   -1   1735   1
c  1787   -1   1637   1
c  1832   -1   1881   1
c  1832   -1   1883   1
c  1834   -1   1883   1
c  1834   -1   1782   1
c  498   -1   447   1
c  746   -1   645   1
c  747   -1   696   1
c  747   -1   745   1
c  500   -1   549   1
c  500   -1   498   1
c  550   -1   548   1
c  550   -1   498   1
c  649   -1   700   1
c  649   -1   749   1
c  650   -1   599   1
c  650   -1   698   1
c  699   -1   750   1
c  699   -1   748   1
c  749   -1   698   1
c  749   -1   700   1
c  600   -1   500   1
c  600   -1   649   1
c  796   -1   747   1
c  796   -1   847   1
c  1145   -1   1094   1
c  1145   -1   1093   1
c  1194   -1   1143   1
c  1194   -1   1094   1
c  1244   -1   1293   1
c  1244   -1   1343   1
c  1295   -1   1344   1
c  1295   -1   1244   1
c  946   -1   895   1
c  946   -1   997   1
c  797   -1   848   1
c  797   -1   899   1
c  1046   -1   995   1
c  1046   -1   899   1
c  997   -1   948   1
c  997   -1   1097   1
c  1095   -1   1146   1
c  1095   -1   1046   1
c  1245   -1   1194   1
c  1245   -1   1144   1
c  1146   -1   1195   1
c  1146   -1   1246   1
c  1097   -1   1000   1
c  1097   -1   1246   1
c  1196   -1   1148   1
c  847   -1   898   1
c  847   -1   850   1
c  799   -1   699   1
c  799   -1   600   1
c  897   -1   798   1
c  897   -1   748   1
c  1881   -1   1932   1
c  1881   -1   1933   1
c  2077   -1   2075   1
c  2077   -1   2026   1
c  2325   -1   2327   1
c  2325   -1   2278   1
c  2276   -1   2278   1
c  2276   -1   2227   1
c  2324   -1   2375   1
c  2324   -1   2424   1
c  2424   -1   2323   1
c  2177   -1   2126   1
c  2227   -1   2178   1
c  2227   -1   2179   1
c  2326   -1   2477   1
c  2326   -1   2479   1
c  2423   -1   2425   1
c  2423   -1   2374   1
c  2375   -1   2377   1
c  2375   -1   2427   1
c  2425   -1   2474   1
c  2425   -1   2477   1
c  2376   -1   2325   1
c  2475   -1   2426   1
c  2475   -1   2376   1
c  2079   -1   2130   1
c  2030   -1   2079   1
c  2030   -1   2130   1
c  2031   -1   2029   1
c  2080   -1   2131   1
c  2080   -1   2181   1
c  1981   -1   2030   1
c  1981   -1   2231   1
c  1931   -1   1980   1
c  1931   -1   1882   1
c  2085   -1   1988   1
c  2085   -1   1980   1
c  2128   -1   2079   1
c  2128   -1   2177   1
c  2129   -1   2078   1
c  2129   -1   2077   1
c  1639   -1   1588   1
c  1689   -1   1589   1
c  1689   -1   1588   1
c  1738   -1   1689   1
c  1738   -1   1690   1
c  1590   -1   1639   1
c  1590   -1   1689   1
c  1640   -1   1691   1
c  1640   -1   1692   1
c  1591   -1   1540   1
c  1591   -1   1640   1
c  1493   -1   1544   1
c  1493   -1   1442   1
c  1444   -1   1395   1
c  1444   -1   1392   1
c  1492   -1   1543   1
c  1542   -1   1593   1
c  1542   -1   1493   1
c  1592   -1   1541   1
c  1592   -1   1543   1
c  1543   -1   1594   1
c  1543   -1   1595   1
c  1394   -1   1392   1
c  1394   -1   1294   1
c  1395   -1   1397   1
c  1395   -1   1447   1
c  1345   -1   1396   1
c  1345   -1   1294   1
c  1346   -1   1344   1
c  1346   -1   1397   1
c  1397   -1   1349   1
c  1397   -1   1344   1
c  1882   -1   1933   1
c  1882   -1   1935   1
c  1835   -1   1886   1
c  1835   -1   1933   1
c  1884   -1   1835   1
c  1884   -1   1785   1
c  1933   -1   1984   1
c  1933   -1   1884   1
c  1984   -1   1986   1
c  1984   -1   2033   1
c  1935   -1   2035   1
c  1935   -1   2036   1
c  1983   -1   1934   1
c  1983   -1   1932   1
c  1885   -1   1934   1
c  1885   -1   1836   1
c  2034   -1   2032   1
c  2034   -1   1982   1
c  1786   -1   1737   1
c  1786   -1   1835   1
c  1932   -1   1883   1
c  1932   -1   2031   1
c  1836   -1   1787   1
c  1688   -1   1739   1
c  1688   -1   1737   1
c  1788   -1   1739   1
c  1837   -1   1888   1
c  1837   -1   1737   1
c  2035   -1   1787   1
c  2035   -1   1737   1
c  1789   -1   1791   1
c  1789   -1   1787   1
c  700   -1   800   1
c  700   -1   849   1
c  798   -1   849   1
c  798   -1   847   1
c  750   -1   748   1
c  800   -1   748   1
c  800   -1   797   1
c  850   -1   799   1
c  850   -1   699   1
c  1147   -1   1145   1
c  1147   -1   1196   1
c  1296   -1   1245   1
c  1296   -1   1244   1
c  947   -1   998   1
c  947   -1   949   1
c  848   -1   799   1
c  848   -1   900   1
c  899   -1   848   1
c  899   -1   999   1
c  1047   -1   1098   1
c  1047   -1   998   1
c  998   -1   1049   1
c  998   -1   1097   1
c  1048   -1   997   1
c  1048   -1   1097   1
c  948   -1   999   1
c  948   -1   1049   1
c  1246   -1   1346   1
c  1246   -1   1297   1
c  1098   -1   998   1
c  1000   -1   900   1
c  1000   -1   850   1
c  1197   -1   1248   1
c  1197   -1   1298   1
c  1148   -1   1099   1
c  1148   -1   1199   1
c  849   -1   898   1
c  849   -1   900   1
c  2327   -1   2278   1
c  2327   -1   2427   1
c  2278   -1   2179   1
c  2277   -1   2328   1
c  2277   -1   2329   1
c  2178   -1   2129   1
c  2178   -1   2278   1
c  2228   -1   2279   1
c  2228   -1   2277   1
c  2179   -1   2181   1
c  2179   -1   2128   1
c  2377   -1   2326   1
c  2477   -1   2475   1
c  2477   -1   2430   1
c  2479   -1   2430   1
c  2479   -1   2431   1
c  2427   -1   2425   1
c  2427   -1   2478   1
c  2426   -1   2428   1
c  2426   -1   2477   1
c  2476   -1   2427   1
c  2476   -1   2430   1
c  2130   -1   2081   1
c  2130   -1   2179   1
c  2081   -1   2180   1
c  2081   -1   2179   1
c  2032   -1   1981   1
c  2032   -1   2081   1
c  2131   -1   2082   1
c  2131   -1   2180   1
c  2181   -1   2130   1
c  2181   -1   2129   1
c  1982   -1   2082   1
c  1982   -1   2033   1
c  2231   -1   2381   1
c  2231   -1   2430   1
c  2084   -1   2033   1
c  2084   -1   2135   1
c  2135   -1   2184   1
c  2086   -1   2135   1
c  2086   -1   2137   1
c  1986   -1   2035   1
c  1986   -1   2085   1
c  1988   -1   2039   1
c  1988   -1   2087   1
c  1641   -1   1639   1
c  1641   -1   1692   1
c  1739   -1   1640   1
c  1690   -1   1739   1
c  1690   -1   1642   1
c  1740   -1   1640   1
c  1740   -1   1691   1
c  1642   -1   1693   1
c  1642   -1   1640   1
c  1691   -1   1791   1
c  1692   -1   1593   1
c  1692   -1   1594   1
c  1741   -1   1591   1
c  1741   -1   1889   1
c  1494   -1   1496   1
c  1494   -1   1546   1
c  1544   -1   1595   1
c  1544   -1   1596   1
c  1445   -1   1394   1
c  1445   -1   1346   1
c  1593   -1   1642   1
c  1643   -1   1592   1
c  1643   -1   1694   1
c  1594   -1   1545   1
c  1595   -1   1597   1
c  1396   -1   1445   1
c  1447   -1   1498   1
c  1447   -1   1396   1
c  1347   -1   1345   1
c  1347   -1   1396   1
c  1398   -1   1298   1
c  1398   -1   1347   1
c  1497   -1   1397   1
c  1497   -1   1347   1
c  1349   -1   1400   1
c  1349   -1   1449   1
c  1886   -1   1986   1
c  1886   -1   1937   1
c  1985   -1   1983   1
c  1985   -1   2033   1
c  2033   -1   2082   1
c  1936   -1   1885   1
c  1936   -1   2133   1
c  2036   -1   2138   1
c  1838   -1   1789   1
c  1838   -1   1739   1
c  1887   -1   1889   1
c  1887   -1   1941   1
c  1888   -1   1839   1
c  1839   -1   1890   1
c  1839   -1   1841   1
c  1790   -1   1792   1
c  1790   -1   1793   1
c  1791   -1   1742   1
c  1791   -1   1793   1
c  900   -1   898   1
c  949   -1   898   1
c  949   -1   850   1
c  1297   -1   1248   1
c  1297   -1   1348   1
c  950   -1   899   1
c  950   -1   898   1
c  999   -1   1099   1
c  999   -1   1048   1
c  1099   -1   1048   1
c  1099   -1   998   1
c  1049   -1   1098   1
c  1247   -1   1249   1
c  1247   -1   1198   1
c  1149   -1   1098   1
c  1149   -1   1198   1
c  1050   -1   999   1
c  1050   -1   949   1
c  1198   -1   1150   1
c  1298   -1   1198   1
c  1100   -1   1149   1
c  1100   -1   1148   1
c  1199   -1   1250   1
c  1199   -1   1248   1
c  2328   -1   2279   1
c  2328   -1   2379   1
c  2378   -1   2427   1
c  2378   -1   2327   1
c  2279   -1   2179   1
c  2229   -1   2180   1
c  2229   -1   2278   1
c  2329   -1   2278   1
c  2329   -1   2179   1
c  2280   -1   2278   1
c  2280   -1   2229   1
c  2180   -1   2182   1
c  2230   -1   2130   1
c  2230   -1   2179   1
c  2478   -1   2377   1
c  2428   -1   2477   1
c  2429   -1   2478   1
c  2429   -1   2477   1
c  2430   -1   2381   1
c  2430   -1   2379   1
c  2480   -1   2431   1
c  2379   -1   2479   1
c  2379   -1   2478   1
c  2434   -1   2479   1
c  2431   -1   2331   1
c  2082   -1   2133   1
c  2182   -1   2133   1
c  2182   -1   2081   1
c  2083   -1   2134   1
c  2083   -1   2032   1
c  2133   -1   2033   1
c  2133   -1   2032   1
c  2132   -1   2181   1
c  2132   -1   2183   1
c  2331   -1   2231   1
c  2331   -1   2181   1
c  2282   -1   2231   1
c  2282   -1   2181   1
c  2281   -1   2332   1
c  2232   -1   2281   1
c  2232   -1   2183   1
c  2233   -1   2231   1
c  2233   -1   2282   1
c  2381   -1   2432   1
c  2134   -1   2185   1
c  2134   -1   2183   1
c  2185   -1   2136   1
c  2185   -1   2086   1
c  2136   -1   2134   1
c  2136   -1   2087   1
c  2186   -1   2135   1
c  2186   -1   2382   1
c  2184   -1   2284   1
c  2184   -1   2334   1
c  2087   -1   2138   1
c  2087   -1   2090   1
c  2187   -1   2287   1
c  2187   -1   2086   1
c  2137   -1   2188   1
c  2137   -1   2037   1
c  1987   -1   1985   1
c  1987   -1   2036   1
c  1937   -1   1986   1
c  1937   -1   1988   1
c  2037   -1   1986   1
c  2037   -1   1937   1
c  1938   -1   1987   1
c  1938   -1   1989   1
c  2038   -1   2087   1
c  2038   -1   2036   1
c  1989   -1   2040   1
c  1989   -1   2041   1
c  2039   -1   2088   1
c  1840   -1   1740   1
c  1840   -1   1791   1
c  1742   -1   1740   1
c  1742   -1   1790   1
c  1693   -1   1644   1
c  1792   -1   1794   1
c  1792   -1   1741   1
c  1889   -1   1838   1
c  1889   -1   1940   1
c  1495   -1   1546   1
c  1495   -1   1544   1
c  1496   -1   1547   1
c  1496   -1   1597   1
c  1546   -1   1595   1
c  1546   -1   1645   1
c  1545   -1   1496   1
c  1545   -1   1596   1
c  1596   -1   1498   1
c  1446   -1   1448   1
c  1446   -1   1349   1
c  1644   -1   1595   1
c  1644   -1   1546   1
c  1694   -1   1745   1
c  1645   -1   1696   1
c  1645   -1   1694   1
c  1597   -1   1497   1
c  1597   -1   1645   1
c  1448   -1   1399   1
c  1448   -1   1349   1
c  1498   -1   1547   1
c  1498   -1   1546   1
c  1348   -1   1399   1
c  1348   -1   1400   1
c  1399   -1   1298   1
c  1547   -1   1647   1
c  1547   -1   1596   1
c  1299   -1   1350   1
c  1299   -1   1400   1
c  1350   -1   1399   1
c  1400   -1   1300   1
c  1449   -1   1550   1
c  1449   -1   1549   1
c  2138   -1   2089   1
c  2138   -1   2136   1
c  1941   -1   1989   1
c  1941   -1   2041   1
c  1940   -1   1839   1
c  1890   -1   1939   1
c  1890   -1   1989   1
c  1841   -1   1792   1
c  1793   -1   1844   1
c  1793   -1   1893   1
c  1150   -1   1099   1
c  1150   -1   1049   1
c  1249   -1   1198   1
c  1200   -1   1198   1
c  1200   -1   1248   1
c  1300   -1   1249   1
c  1300   -1   1199   1
c  1250   -1   1299   1
c  2330   -1   2381   1
c  2330   -1   2431   1
c  2380   -1   2331   1
c  2380   -1   2280   1
c  2481   -1   2430   1
c  2432   -1   2430   1
c  2432   -1   2481   1
c  2433   -1   2430   1
c  2433   -1   2480   1
c  2384   -1   2335   1
c  2384   -1   2336   1
c  2484   -1   2384   1
c  2484   -1   2433   1
c  2435   -1   2384   1
c  2435   -1   2386   1
c  2385   -1   2434   1
c  2385   -1   2336   1
c  2386   -1   2437   1
c  2386   -1   2434   1
c  2482   -1   2433   1
c  2482   -1   2431   1
c  2483   -1   2432   1
c  2483   -1   2431   1
c  2234   -1   2183   1
c  2234   -1   2182   1
c  2332   -1   2381   1
c  2332   -1   2380   1
c  2382   -1   2331   1
c  2382   -1   2334   1
c  2283   -1   2285   1
c  2283   -1   2334   1
c  2284   -1   2286   1
c  2284   -1   2233   1
c  2235   -1   2184   1
c  2235   -1   2284   1
c  2236   -1   2287   1
c  2236   -1   2188   1
c  2334   -1   2285   1
c  2334   -1   2234   1
c  2088   -1   2139   1
c  2090   -1   2141   1
c  2090   -1   1991   1
c  2237   -1   2239   1
c  2237   -1   2190   1
c  2188   -1   2088   1
c  2188   -1   2191   1
c  2287   -1   2238   1
c  1939   -1   1941   1
c  1939   -1   1891   1
c  2141   -1   2088   1
c  2141   -1   2038   1
c  1990   -1   2039   1
c  1990   -1   1890   1
c  2040   -1   2089   1
c  2040   -1   2088   1
c  2041   -1   1990   1
c  2041   -1   2090   1
c  2089   -1   2140   1
c  1891   -1   1840   1
c  1891   -1   1940   1
c  1743   -1   1745   1
c  1743   -1   1746   1
c  1794   -1   1693   1
c  1842   -1   1891   1
c  1842   -1   1893   1
c  1892   -1   1943   1
c  1892   -1   1792   1
c  1646   -1   1695   1
c  1646   -1   1745   1
c  1647   -1   1596   1
c  1647   -1   1696   1
c  1744   -1   1696   1
c  1695   -1   1744   1
c  1695   -1   1743   1
c  1745   -1   1794   1
c  1745   -1   1844   1
c  1696   -1   1747   1
c  1696   -1   1745   1
c  1598   -1   1498   1
c  1598   -1   1550   1
c  1649   -1   1598   1
c  1649   -1   1597   1
c  1548   -1   1448   1
c  1548   -1   1599   1
c  1450   -1   1448   1
c  1450   -1   1498   1
c  1499   -1   1450   1
c  1499   -1   1649   1
c  1500   -1   1549   1
c  1500   -1   1449   1
c  1550   -1   1599   1
c  1550   -1   1649   1
c  1549   -1   1600   1
c  2139   -1   2040   1
c  1991   -1   2042   1
c  1991   -1   2043   1
c  1942   -1   1893   1
c  1942   -1   1890   1
c  1843   -1   1892   1
c  1843   -1   1942   1
c  1844   -1   1895   1
c  1844   -1   1945   1
c  1893   -1   1891   1
c  1893   -1   1994   1
c  2333   -1   2284   1
c  2333   -1   2432   1
c  2383   -1   2334   1
c  2383   -1   2335   1
c  2485   -1   2433   1
c  2485   -1   2384   1
c  2335   -1   2284   1
c  2335   -1   2235   1
c  2336   -1   2334   1
c  2336   -1   2236   1
c  2436   -1   2485   1
c  2436   -1   2487   1
c  2387   -1   2389   1
c  2286   -1   2237   1
c  2286   -1   2386   1
c  2437   -1   2335   1
c  2285   -1   2336   1
c  2285   -1   2288   1
c  2238   -1   2289   1
c  2238   -1   2235   1
c  2239   -1   2236   1
c  2239   -1   2439   1
c  2140   -1   2240   1
c  2091   -1   2042   1
c  2091   -1   1992   1
c  2190   -1   2139   1
c  2190   -1   2089   1
c  2189   -1   2290   1
c  2189   -1   2388   1
c  2191   -1   2243   1
c  2191   -1   2040   1
c  2337   -1   2388   1
c  2337   -1   2438   1
c  2288   -1   2389   1
c  2288   -1   2390   1
c  2142   -1   2193   1
c  2142   -1   2140   1
c  2092   -1   2141   1
c  2092   -1   2041   1
c  1993   -1   2042   1
c  1993   -1   2141   1
c  2042   -1   1942   1
c  1746   -1   1795   1
c  1746   -1   1794   1
c  1795   -1   1797   1
c  1845   -1   1896   1
c  1845   -1   1794   1
c  1943   -1   1992   1
c  1697   -1   1746   1
c  1697   -1   1648   1
c  1648   -1   1599   1
c  1648   -1   1650   1
c  1747   -1   1750   1
c  1747   -1   1700   1
c  1599   -1   1698   1
c  1599   -1   1697   1
c  1699   -1   1748   1
c  1699   -1   1648   1
c  1650   -1   1699   1
c  1650   -1   1698   1
c  1749   -1   1800   1
c  1749   -1   1649   1
c  1600   -1   1548   1
c  1600   -1   1699   1
c  1992   -1   1995   1
c  1992   -1   2045   1
c  2043   -1   2045   1
c  2043   -1   2142   1
c  1894   -1   1943   1
c  1894   -1   1843   1
c  1895   -1   1946   1
c  1945   -1   1993   1
c  1945   -1   2043   1
c  1944   -1   1893   1
c  1944   -1   1993   1
c  1994   -1   2043   1
c  1994   -1   1943   1
c  2486   -1   2437   1
c  2486   -1   2387   1
c  2487   -1   2387   1
c  2487   -1   2388   1
c  2388   -1   2437   1
c  2338   -1   2289   1
c  2338   -1   2387   1
c  2489   -1   2487   1
c  2489   -1   2387   1
c  2389   -1   2340   1
c  2389   -1   2242   1
c  2438   -1   2489   1
c  2438   -1   2389   1
c  2289   -1   2340   1
c  2289   -1   2390   1
c  2240   -1   2291   1
c  2240   -1   2289   1
c  2439   -1   2390   1
c  2439   -1   2490   1
c  2093   -1   2091   1
c  2093   -1   2142   1
c  2044   -1   2144   1
c  2044   -1   2091   1
c  2144   -1   2195   1
c  2144   -1   2091   1
c  2290   -1   2341   1
c  2290   -1   2391   1
c  2241   -1   2292   1
c  2241   -1   2341   1
c  2192   -1   2243   1
c  2192   -1   2292   1
c  2193   -1   2191   1
c  2243   -1   2294   1
c  2243   -1   2296   1
c  2390   -1   2342   1
c  2143   -1   2094   1
c  2143   -1   2044   1
c  2094   -1   2092   1
c  2094   -1   2147   1
c  1796   -1   1896   1
c  1796   -1   1895   1
c  1797   -1   1846   1
c  1797   -1   1746   1
c  1846   -1   1795   1
c  1846   -1   1897   1
c  1798   -1   1796   1
c  1798   -1   1795   1
c  1896   -1   2046   1
c  1896   -1   2096   1
c  1698   -1   1799   1
c  1698   -1   1800   1
c  1748   -1   1697   1
c  1847   -1   1747   1
c  1847   -1   1896   1
c  1750   -1   1650   1
c  1750   -1   1600   1
c  1700   -1   1900   1
c  1700   -1   1899   1
c  1799   -1   1748   1
c  1799   -1   1850   1
c  1800   -1   1849   1
c  1800   -1   1899   1
c  1995   -1   1997   1
c  1995   -1   2044   1
c  2045   -1   1994   1
c  2045   -1   1944   1
c  1897   -1   1948   1
c  1897   -1   1895   1
c  1946   -1   1897   1
c  1946   -1   1847   1
c  1996   -1   1945   1
c  1996   -1   2044   1
c  2488   -1   2439   1
c  2488   -1   2388   1
c  2339   -1   2290   1
c  2339   -1   2291   1
c  2490   -1   2442   1
c  2440   -1   2489   1
c  2440   -1   2491   1
c  2341   -1   2390   1
c  2341   -1   2389   1
c  2340   -1   2291   1
c  2340   -1   2292   1
c  2242   -1   2343   1
c  2242   -1   2143   1
c  2441   -1   2490   1
c  2441   -1   2438   1
c  2291   -1   2391   1
c  2291   -1   2342   1
c  2095   -1   2195   1
c  2095   -1   2093   1
c  2194   -1   2143   1
c  2145   -1   2194   1
c  2145   -1   2246   1
c  2195   -1   2246   1
c  2195   -1   2296   1
c  2391   -1   2342   1
c  2391   -1   2343   1
c  2292   -1   2243   1
c  2292   -1   2294   1
c  2046   -1   1995   1
c  2046   -1   2193   1
c  2293   -1   2344   1
c  2293   -1   2445   1
c  2244   -1   2195   1
c  2244   -1   2145   1
c  2342   -1   2243   1
c  2342   -1   2443   1
c  2294   -1   2346   1
c  2296   -1   2345   1
c  2296   -1   2396   1
c  2147   -1   2198   1
c  2147   -1   2248   1
c  1848   -1   1799   1
c  1848   -1   1850   1
c  2096   -1   2045   1
c  2096   -1   2098   1
c  1997   -1   2050   1
c  1997   -1   1847   1
c  1900   -1   2000   1
c  1900   -1   1898   1
c  1899   -1   1848   1
c  1899   -1   1850   1
c  1849   -1   1898   1
c  1849   -1   1950   1
c  2097   -1   2046   1
c  2097   -1   2045   1
c  1947   -1   1848   1
c  1898   -1   1998   1
c  1898   -1   1947   1
c  1948   -1   1997   1
c  1998   -1   1899   1
c  1998   -1   1946   1
c  2491   -1   2493   1
c  2491   -1   2443   1
c  2442   -1   2391   1
c  2442   -1   2341   1
c  2343   -1   2294   1
c  2343   -1   2247   1
c  2443   -1   2494   1
c  2443   -1   2441   1
c  2245   -1   2194   1
c  2245   -1   2294   1
c  2247   -1   2146   1
c  2247   -1   2194   1
c  2146   -1   2097   1
c  2146   -1   2046   1
c  2196   -1   2145   1
c  2196   -1   2198   1
c  2246   -1   2197   1
c  2246   -1   2297   1
c  2392   -1   2343   1
c  2392   -1   2394   1
c  2047   -1   2098   1
c  2047   -1   2099   1
c  2048   -1   2148   1
c  2048   -1   2046   1
c  2344   -1   2395   1
c  2344   -1   2295   1
c  2445   -1   2394   1
c  2445   -1   2496   1
c  2295   -1   2396   1
c  2295   -1   2446   1
c  2345   -1   2294   1
c  2346   -1   2246   1
c  2346   -1   2398   1
c  2297   -1   2197   1
c  2297   -1   2249   1
c  2198   -1   2298   1
c  2198   -1   2296   1
c  2396   -1   2445   1
c  2396   -1   2344   1
c  2197   -1   2248   1
c  2197   -1   2249   1
c  2148   -1   2197   1
c  2148   -1   2146   1
c  2149   -1   2147   1
c  2149   -1   2197   1
c  2248   -1   2297   1
c  2248   -1   2348   1
c  2098   -1   1997   1
c  2050   -1   1999   1
c  2050   -1   1998   1
c  1950   -1   1999   1
c  1950   -1   2050   1
c  1949   -1   1900   1
c  1949   -1   1998   1
c  1999   -1   1900   1
c  2000   -1   1949   1
c  2100   -1   1998   1
c  2492   -1   2392   1
c  2492   -1   2393   1
c  2493   -1   2442   1
c  2493   -1   2392   1
c  2393   -1   2396   1
c  2393   -1   2346   1
c  2394   -1   2343   1
c  2394   -1   2446   1
c  2444   -1   2393   1
c  2444   -1   2495   1
c  2494   -1   2393   1
c  2099   -1   2148   1
c  2099   -1   2199   1
c  2049   -1   2000   1
c  2049   -1   2100   1
c  2150   -1   2199   1
c  2150   -1   2048   1
c  2395   -1   2444   1
c  2395   -1   2495   1
c  2495   -1   2497   1
c  2495   -1   2447   1
c  2446   -1   2497   1
c  2446   -1   2397   1
c  2496   -1   2447   1
c  2496   -1   2396   1
c  2347   -1   2396   1
c  2347   -1   2395   1
c  2397   -1   2346   1
c  2397   -1   2497   1
c  2398   -1   2400   1
c  2298   -1   2349   1
c  2298   -1   2399   1
c  2249   -1   2349   1
c  2199   -1   2250   1
c  2199   -1   2299   1
c  2200   -1   2249   1
c  2200   -1   2198   1
c  2299   -1   2248   1
c  2299   -1   2350   1
c  2399   -1   2448   1
c  2399   -1   2248   1
c  2348   -1   2350   1
c  2348   -1   2299   1
c  2497   -1   2448   1
c  2447   -1   2498   1
c  2447   -1   2449   1
c  2349   -1   2398   1
c  2349   -1   2397   1
c  2448   -1   2499   1
c  2448   -1   2400   1
c  2400   -1   2449   1
c  2400   -1   2349   1
c  2250   -1   2299   1
c  2300   -1   2249   1
c  2300   -1   2349   1
c  2350   -1   2449   1
c  2449   -1   2498   1
c  2498   -1   2450   1
c  2500   -1   2449   1
c  2500   -1   2497   1
c  2450   -1   2499   1
c  2450   -1   2350   1
r  1   52   103   2
r  51   2   53   2
r  2   153   102   2
r  203   154   102   2
r  54   56   102   2
r  153   102   52   2
r  201   302   352   2
r  4   53   55   2
r  202   101   302   2
r  55   57   154   2
r  303   301   352   2
r  204   206   104   2
r  353   302   304   2
c  205   -1   307   2
c  58   -1   104   2
r  56   7   156   2
r  301   402   202   2
c  302   -1   452   2
c  304   -1   356   2
r  401   453   303   2
r  351   302   452   2
c  354   -1   356   2
r  6   9   106   2
c  108   -1   59   2
c  59   -1   110   2
c  59   -1   113   2
r  207   307   306   2
c  451   -1   403   2
c  553   -1   403   2
r  257   157   208   2
c  308   -1   207   2
c  258   -1   210   2
c  109   -1   7   2
c  110   -1   10   2
c  113   -1   11   2
c  208   -1   159   2
c  455   -1   406   2
c  506   -1   558   2
r  552   603   752   2
r  61   110   13   2
r  11   62   111   2
r  111   60   12   2
c  211   -1   311   2
c  701   -1   502   2
r  703   802   752   2
c  557   -1   657   2
r  602   651   702   2
r  601   652   603   2
c  651   -1   603   2
r  802   851   603   2
r  654   705   701   2
c  511   -1   310   2
c  312   -1   213   2
r  64   13   62   2
r  213   264   211   2
r  14   65   115   2
c  264   -1   315   2
c  165   -1   163   2
r  66   115   217   2
r  16   116   115   2
c  607   -1   605   2
c  655   -1   555   2
c  753   -1   955   2
r  803   754   703   2
c  461   -1   360   2
r  560   609   508   2
c  707   -1   558   2
c  413   -1   462   2
c  561   -1   461   2
r  512   561   514   2
r  314   265   316   2
c  265   -1   267   2
r  67   18   69   2
c  217   -1   169   2
c  955   -1   1006   2
r  711   760   560   2
r  659   708   657   2
r  709   660   860   2
r  706   755   805   2
c  758   -1   806   2
c  951   -1   852   2
c  953   -1   1102   2
c  954   -1   903   2
r  1053   1005   1002   2
r  901   1001   952   2
c  612   -1   513   2
c  563   -1   463   2
c  514   -1   612   2
c  614   -1   462   2
c  564   -1   515   2
c  365   -1   417   2
c  118   -1   19   2
c  68   -1   70   2
c  712   -1   760   2
c  759   -1   711   2
c  810   -1   910   2
c  1101   -1   1003   2
c  957   -1   1056   2
c  1203   -1   1205   2
c  1057   -1   1053   2
c  1255   -1   1053   2
r  516   567   514   2
r  615   714   667   2
c  119   -1   19   2
r  20   18   71   2
c  221   -1   274   2
r  663   714   615   2
c  812   -1   760   2
c  813   -1   815   2
c  813   -1   862   2
r  715   764   667   2
r  962   910   860   2
r  1152   1201   1052   2
r  1106   1157   1104   2
r  909   860   862   2
r  1153   1204   1155   2
c  1253   -1   1202   2
c  1201   -1   1203   2
c  1251   -1   1302   2
c  1254   -1   1305   2
c  1256   -1   1307   2
r  466   517   469   2
c  567   -1   615   2
c  667   -1   570   2
c  568   -1   617   2
c  468   -1   567   2
r  121   72   24   2
r  22   121   123   2
r  960   860   909   2
c  1010   -1   1012   2
c  1156   -1   1008   2
c  1354   -1   1454   2
r  1301   1402   1452   2
c  1157   -1   1208   2
r  1352   1403   1452   2
c  1353   -1   1404   2
r  1109   1158   1107   2
c  1207   -1   1356   2
c  1110   -1   1009   2
c  1160   -1   1108   2
r  719   819   616   2
r  766   817   667   2
c  521   -1   468   2
r  421   470   372   2
r  24   124   75   2
r  123   120   125   2
r  224   123   175   2
c  1061   -1   1010   2
r  1351   1251   1403   2
c  1401   -1   1403   2
c  1451   -1   1502   2
c  1308   -1   1209   2
c  1162   -1   1260   2
r  1456   1458   1405   2
c  720   -1   769   2
c  820   -1   719   2
c  770   -1   871   2
r  621   521   669   2
c  722   -1   521   2
c  671   -1   771   2
r  125   173   25   2
c  226   -1   325   2
c  375   -1   423   2
c  1066   -1   1167   2
c  1165   -1   1016   2
c  1067   -1   1169   2
c  1261   -1   1163   2
c  1603   -1   1453   2
r  1608   1708   1507   2
c  1504   -1   1552   2
r  1551   1553   1502   2
c  1552   -1   1603   2
c  1411   -1   1308   2
c  721   -1   522   2
c  821   -1   724   2
r  869   969   922   2
c  968   -1   1020   2
c  1018   -1   1069   2
c  623   -1   672   2
c  673   -1   774   2
c  475   -1   627   2
c  475   -1   677   2
c  624   -1   525   2
r  26   77   28   2
c  78   -1   80   2
c  378   -1   376   2
c  1115   -1   1069   2
r  1117   1166   1068   2
r  1169   1218   1220   2
c  1364   -1   1214   2
c  1656   -1   1603   2
r  1703   1803   1603   2
c  1660   -1   1760   2
c  1710   -1   1758   2
c  1463   -1   1411   2
c  1413   -1   1512   2
c  971   -1   871   2
r  873   922   771   2
r  922   971   974   2
r  773   724   725   2
c  774   -1   723   2
c  824   -1   727   2
c  529   -1   377   2
r  526   426   574   2
r  178   229   127   2
c  80   -1   128   2
r  331   282   481   2
c  329   -1   179   2
r  29   78   179   2
c  81   -1   179   2
r  79   81   82   2
c  1221   -1   1219   2
c  1753   -1   1755   2
c  1755   -1   1906   2
c  1711   -1   1760   2
r  1761   1661   1713   2
r  1071   1122   1073   2
c  676   -1   878   2
c  579   -1   677   2
c  531   -1   529   2
c  779   -1   526   2
r  131   82   179   2
r  332   383   281   2
c  1270   -1   1219   2
c  1218   -1   1170   2
c  1317   -1   1415   2
c  1269   -1   1171   2
c  1222   -1   1174   2
r  1853   2001   1752   2
r  1805   1856   1706   2
r  1803   1752   1902   2
c  1856   -1   1756   2
r  1806   1857   1853   2
r  1764   1864   1662   2
c  1909   -1   1957   2
c  1857   -1   1906   2
c  1665   -1   1611   2
r  1564   1566   1616   2
c  877   -1   975   2
c  582   -1   533   2
c  532   -1   481   2
c  629   -1   578   2
c  731   -1   782   2
c  132   -1   232   2
c  133   -1   35   2
r  335   283   332   2
r  283   334   235   2
c  383   -1   233   2
r  384   382   333   2
r  285   282   333   2
r  284   185   282   2
r  34   86   83   2
c  134   -1   233   2
r  85   36   133   2
c  236   -1   134   2
r  35   86   135   2
c  1368   -1   1320   2
c  1516   -1   1468   2
c  1516   -1   1318   2
c  1517   -1   1469   2
r  1901   1801   1852   2
c  1902   -1   1904   2
r  1904   1852   1901   2
c  1763   -1   1864   2
c  2009   -1   2061   2
r  2008   1959   2010   2
c  1864   -1   1861   2
c  1912   -1   1961   2
c  1913   -1   1964   2
r  1715   1720   1719   2
c  1666   -1   1617   2
c  1616   -1   1667   2
c  1026   -1   1024   2
c  977   -1   1028   2
c  1029   -1   1026   2
c  1225   -1   1227   2
c  433   -1   532   2
c  534   -1   587   2
c  135   -1   32   2
c  237   -1   87   2
c  237   -1   283   2
c  88   -1   385   2
c  1520   -1   1418   2
c  1421   -1   1521   2
c  1421   -1   1470   2
c  1423   -1   1324   2
c  1274   -1   1272   2
c  1373   -1   1272   2
c  1373   -1   1421   2
c  2103   -1   1952   2
r  2001   2052   1952   2
r  2051   2102   2054   2
c  2010   -1   2111   2
c  2061   -1   1961   2
c  1914   -1   2014   2
c  1667   -1   1817   2
r  1717   1816   1666   2
c  1718   -1   1666   2
c  1618   -1   1719   2
r  1077   1029   1126   2
c  1129   -1   1229   2
c  1081   -1   979   2
c  1276   -1   1176   2
r  734   732   682   2
c  684   -1   735   2
c  536   -1   587   2
r  37   39   90   2
r  137   88   186   2
c  338   -1   387   2
r  38   89   91   2
c  138   -1   190   2
r  89   140   188   2
c  39   -1   88   2
r  90   190   87   2
r  1521   1519   1518   2
c  1571   -1   1421   2
r  2052   2103   1952   2
c  2003   -1   2256   2
r  2053   2206   2155   2
c  2102   -1   2001   2
r  2153   2204   2201   2
c  2151   -1   2001   2
c  2106   -1   2206   2
r  2105   2154   2205   2
c  2208   -1   2206   2
c  2206   -1   2108   2
c  1867   -1   2016   2
c  2065   -1   2062   2
c  2110   -1   2058   2
c  1966   -1   2066   2
r  1720   1672   1869   2
c  1180   -1   1182   2
c  1032   -1   1133   2
r  1133   1084   1081   2
c  1135   -1   1033   2
r  984   1135   1133   2
c  1033   -1   1134   2
c  1278   -1   1377   2
c  1379   -1   1430   2
c  1330   -1   1229   2
c  932   -1   833   2
c  933   -1   882   2
c  588   -1   688   2
c  489   -1   340   2
c  638   -1   539   2
r  139   91   137   2
c  438   -1   390   2
c  339   -1   391   2
c  190   -1   289   2
c  241   -1   289   2
r  40   91   140   2
r  141   289   190   2
c  1476   -1   1627   2
c  1427   -1   1527   2
c  2203   -1   2352   2
c  2251   -1   2302   2
r  2252   2301   2153   2
c  2201   -1   2252   2
c  2207   -1   2158   2
r  2258   2159   2158   2
c  2259   -1   2162   2
c  2016   -1   2116   2
c  2064   -1   2115   2
c  2017   -1   1965   2
c  1967   -1   2019   2
c  2113   -1   2164   2
c  2164   -1   2318   2
c  1821   -1   1720   2
c  1772   -1   1874   2
r  1232   1281   1130   2
c  985   -1   1237   2
c  1233   -1   1132   2
r  1136   1138   1187   2
r  935   1034   1035   2
c  1627   -1   1624   2
c  1331   -1   1379   2
c  937   -1   836   2
c  490   -1   640   2
c  590   -1   537   2
r  591   542   643   2
c  836   -1   889   2
c  191   -1   143   2
r  142   191   43   2
r  195   93   146   2
r  94   42   145   2
c  2302   -1   2451   2
c  2301   -1   2303   2
r  2353   2304   2252   2
r  2351   2402   2202   2
r  2451   2403   2202   2
c  2455   -1   2403   2
r  2408   2354   2357   2
r  2407   2356   2355   2
c  2310   -1   2361   2
r  2318   2269   2417   2
c  2218   -1   2367   2
c  1874   -1   1876   2
c  1724   -1   1624   2
c  1237   -1   1085   2
c  1187   -1   1139   2
c  1384   -1   1382   2
c  1628   -1   1630   2
c  1481   -1   1582   2
r  987   1038   936   2
c  837   -1   890   2
c  889   -1   887   2
c  789   -1   787   2
c  839   -1   891   2
r  641   592   542   2
c  293   -1   291   2
c  144   -1   43   2
r  44   145   93   2
r  145   245   47   2
r  95   243   149   2
r  47   146   98   2
r  46   95   94   2
c  2405   -1   2306   2
r  2406   2457   2354   2
r  2304   2454   2402   2
r  2402   2453   2302   2
r  2403   2406   2302   2
r  2401   2352   2302   2
r  2453   2355   2352   2
c  2454   -1   2355   2
c  2456   -1   2356   2
c  2458   -1   2308   2
c  2457   -1   2355   2
c  2459   -1   2361   2
c  2411   -1   2360   2
r  2461   2409   2360   2
c  2460   -1   2360   2
c  2022   -1   2122   2
c  2022   -1   1870   2
r  2119   2168   1969   2
c  1971   -1   1872   2
r  2367   2369   2318   2
r  2219   2320   2222   2
c  2220   -1   2222   2
c  1973   -1   1970   2
r  1922   2020   2021   2
c  1974   -1   1872   2
r  1972   1974   1921   2
c  2464   -1   2415   2
c  2463   -1   2362   2
c  1824   -1   1724   2
r  1876   1924   1778   2
c  1725   -1   1773   2
r  1088   1039   988   2
r  1530   1631   1678   2
c  1584   -1   1481   2
c  940   -1   889   2
c  692   -1   840   2
r  742   843   842   2
c  891   -1   942   2
c  841   -1   941   2
r  593   642   694   2
r  594   596   645   2
c  444   -1   496   2
c  444   -1   396   2
c  247   -1   145   2
c  99   -1   146   2
r  96   99   198   2
c  147   -1   299   2
r  48   99   100   2
r  97   46   149   2
c  2073   -1   2124   2
r  2122   2021   2171   2
r  2365   2316   2367   2
r  2420   2418   2319   2
r  2371   2420   2272   2
r  2469   2367   2420   2
c  2416   -1   2418   2
r  2467   2415   2367   2
c  2470   -1   2472   2
c  1976   -1   1875   2
c  1927   -1   1875   2
c  2123   -1   2023   2
c  2123   -1   2077   2
r  1728   1677   1680   2
r  1679   1528   1580   2
c  1680   -1   1678   2
c  1681   -1   1678   2
r  1485   1534   1537   2
c  1487   -1   1485   2
c  1240   -1   1242   2
c  1585   -1   1533   2
c  992   -1   1092   2
r  544   595   646   2
r  645   747   546   2
c  596   -1   644   2
c  595   -1   646   2
c  695   -1   697   2
c  496   -1   395   2
r  248   299   399   2
c  199   -1   100   2
r  350   399   347   2
r  400   449   298   2
r  49   149   98   2
c  100   -1   198   2
r  647   695   596   2
r  50   99   149   2
c  200   -1   100   2
r  2471   2423   2420   2
c  2473   -1   2420   2
c  2271   -1   2475   2
c  2474   -1   2421   2
r  2026   2075   1975   2
c  1977   -1   1926   2
c  1878   -1   1779   2
c  1829   -1   1730   2
r  1830   1730   1779   2
c  1143   -1   1040   2
r  1341   1292   1440   2
c  1540   -1   1486   2
c  1540   -1   1537   2
c  1441   -1   1292   2
r  1242   1093   1190   2
c  1442   -1   1291   2
c  1782   -1   1632   2
r  1733   1784   1782   2
c  1783   -1   1734   2
c  1686   -1   1689   2
r  1785   1885   1733   2
c  746   -1   646   2
c  447   -1   449   2
r  499   399   599   2
r  250   349   350   2
c  450   -1   498   2
c  2126   -1   2078   2
c  2127   -1   2124   2
c  2177   -1   2124   2
c  2275   -1   2273   2
c  2176   -1   2075   2
c  2424   -1   2375   2
r  2475   2426   2374   2
r  2375   2377   2477   2
r  2426   2477   2374   2
c  2376   -1   2425   2
r  1933   1984   1832   2
r  1192   1240   1092   2
c  1293   -1   1191   2
c  1587   -1   1589   2
c  1492   -1   1441   2
r  1244   1293   1242   2
c  1788   -1   1637   2
c  1639   -1   1738   2
c  1836   -1   1884   2
r  945   994   894   2
c  994   -1   996   2
c  748   -1   850   2
c  748   -1   848   2
r  500   549   599   2
c  2079   -1   2127   2
r  2227   2178   2278   2
c  2428   -1   2327   2
c  2377   -1   2477   2
c  2031   -1   2130   2
r  2080   2131   2179   2
r  1194   1143   1093   2
c  1739   -1   1588   2
c  1593   -1   1491   2
r  1641   1692   1690   2
r  1741   1889   1739   2
c  1595   -1   1493   2
r  1544   1595   1546   2
c  2036   -1   1934   2
c  1691   -1   1737   2
c  1888   -1   1939   2
r  1097   1246   1099   2
c  1196   -1   1198   2
r  798   849   898   2
r  848   799   850   2
r  899   999   850   2
c  750   -1   799   2
c  2478   -1   2328   2
r  2378   2327   2478   2
c  2135   -1   2183   2
c  2183   -1   2081   2
c  2183   -1   1982   2
c  2082   -1   2183   2
c  2033   -1   1986   2
r  2229   2278   2130   2
c  2180   -1   2082   2
c  2279   -1   2327   2
r  2230   2179   2181   2
r  2282   2231   2284   2
c  1594   -1   1642   2
c  1693   -1   1593   2
c  1396   -1   1394   2
r  1349   1400   1395   2
c  1298   -1   1346   2
r  1645   1696   1745   2
c  1596   -1   1496   2
c  1940   -1   2089   2
c  1841   -1   1890   2
r  1047   998   1049   2
c  1049   -1   997   2
r  948   1049   1097   2
c  1098   -1   1150   2
r  1048   997   948   2
c  898   -1   1000   2
c  898   -1   1097   2
r  1197   1298   1199   2
c  1198   -1   1400   2
c  900   -1   949   2
r  1050   949   899   2
r  2379   2478   2278   2
c  2480   -1   2334   2
c  2434   -1   2335   2
c  2431   -1   2231   2
c  2481   -1   2433   2
c  2381   -1   2283   2
r  2083   2134   2131   2
c  2281   -1   2380   2
c  2039   -1   2087   2
c  1694   -1   1647   2
r  1743   1746   1794   2
c  1794   -1   1797   2
r  1299   1400   1399   2
c  1399   -1   1450   2
c  1350   -1   1198   2
c  1400   -1   1347   2
c  1248   -1   1148   2
c  1248   -1   1299   2
c  1744   -1   1546   2
c  2088   -1   2140   2
c  2139   -1   2090   2
r  2040   2089   2138   2
c  2089   -1   2137   2
r  1991   2042   2091   2
r  1150   1049   1248   2
r  1100   1148   999   2
c  1249   -1   1099   2
r  1199   1250   1247   2
c  1250   -1   1198   2
r  2484   2384   2432   2
r  2386   2437   2384   2
c  2287   -1   2289   2
c  1795   -1   1844   2
c  1943   -1   1843   2
r  1499   1649   1599   2
c  1549   -1   1697   2
r  1548   1448   1499   2
r  1600   1699   1498   2
c  2140   -1   2041   2
r  2191   2040   2292   2
c  2042   -1   1943   2
c  1895   -1   1843   2
r  2336   2236   2435   2
r  2485   2433   2334   2
r  2436   2487   2489   2
c  2387   -1   2439   2
r  2338   2289   2386   2
c  2437   -1   2485   2
c  1748   -1   1599   2
r  1750   1600   1698   2
c  2193   -1   2343   2
c  2388   -1   2489   2
c  1948   -1   1895   2
r  1946   1897   1948   2
r  2487   2387   2438   2
c  2390   -1   2290   2
r  2340   2292   2489   2
r  1848   1850   1800   2
r  2096   2045   2047   2
r  1900   1898   1998   2
r  1899   1850   1948   2
r  1849   1950   1900   2
c  1850   -1   1898   2
c  1850   -1   1998   2
r  2242   2343   2240   2
r  1996   1945   2045   2
c  2194   -1   2246   2
c  2294   -1   2394   2
c  2098   -1   2045   2
c  1947   -1   1998   2
r  1898   1947   2050   2
c  2490   -1   2389   2
r  2146   2046   2194   2
c  1999   -1   1899   2
r  2049   2100   1900   2
c  2000   -1   1998   2
r  2393   2346   2491   2
r  2394   2446   2495   2
r  2443   2441   2440   2
c  2345   -1   2396   2
r  2297   2197   2299   2
r  2248   2297   2349   2
c  2100   -1   1999   2
r  2491   2493   2442   2
r  2492   2393   2490   2
r  2444   2495   2446   2
c  2494   -1   2394   2
r  2395   2495   2393   2
r  2495   2497   2393   2
c  2449   -1   2394   2
r  2446   2397   2395   2
r  2496   2447   2444   2
c  2398   -1   2396   2
r  2298   2349   2197   2
c  2249   -1   2298   2
r  2200   2249   2248   2
c  2250   -1   2198   2
r  2397   2346   2449   2
r  2150   2048   2249   2
r  2300   2349   2248   2
r  2348   2299   2397   2
r  2447   2449   2395   2
c  2499   -1   2400   2
c  2499   -1   2349   2
r  2450   2499   2497   2
c  2350   -1   2249   2
c  2497   -1   2449   2
c  2498   -1   2349   2
r  2500   2449   2448   2
r  1   103   52   3
r  51   53   104   3
r  102   53   252   3
r  52   4   352   3
r  101   152   52   3
r  151   52   102   3
r  103   54   51   3
r  3   55   51   3
c  53   -1   154   3
r  201   352   302   3
r  4   55   104   3
r  204   255   105   3
r  155   56   104   3
r  253   302   152   3
r  302   304   203   3
r  251   202   304   3
r  351   452   202   3
r  401   303   353   3
r  107   109   158   3
r  156   158   205   3
r  501   652   603   3
r  9   58   110   3
r  60   9   12   3
r  12   61   59   3
r  157   308   258   3
r  209   158   156   3
r  407   356   355   3
r  61   10   113   3
r  11   112   62   3
r  62   113   14   3
r  63   12   111   3
r  64   12   113   3
r  309   360   210   3
r  652   701   552   3
r  601   552   701   3
r  263   312   163   3
r  14   115   114   3
r  65   114   13   3
r  15   13   115   3
r  362   413   461   3
r  166   217   65   3
r  67   69   169   3
r  461   410   513   3
r  901   1002   852   3
r  953   807   1053   3
r  904   855   1005   3
r  1002   953   1054   3
r  951   852   1053   3
c  267   -1   320   3
r  118   19   121   3
r  18   69   67   3
r  1102   1053   1003   3
r  1001   952   1004   3
r  1051   1102   1002   3
r  1101   1002   1053   3
r  1055   1008   1104   3
r  908   857   860   3
r  369   469   417   3
r  20   71   72   3
r  271   220   219   3
r  270   268   272   3
r  1151   1153   1203   3
r  1252   1201   1301   3
r  122   71   23   3
r  172   221   71   3
r  73   75   25   3
r  24   123   124   3
r  21   72   123   3
r  22   123   122   3
r  1352   1452   1502   3
r  1351   1403   1302   3
r  1401   1301   1302   3
c  1452   -1   1353   3
r  1108   1059   1159   3
r  1358   1409   1306   3
r  173   222   72   3
r  74   76   123   3
r  666   617   769   3
r  1402   1451   1551   3
r  1451   1551   1553   3
r  1501   1552   1401   3
r  1503   1554   1452   3
r  76   125   27   3
r  27   75   179   3
r  817   970   865   3
r  1063   1012   1163   3
r  1064   964   1163   3
r  1017   1019   968   3
r  1553   1604   1702   3
c  1552   -1   1454   3
r  77   25   128   3
r  127   27   28   3
r  623   574   671   3
r  968   1020   867   3
r  1702   1802   1754   3
r  1601   1701   1603   3
r  1701   1652   1603   3
r  1758   1659   1608   3
r  1413   1512   1411   3
r  80   128   131   3
r  129   28   77   3
r  79   131   179   3
r  30   79   129   3
r  82   133   179   3
r  1118   1069   1170   3
r  1168   1217   1220   3
r  1266   1365   1415   3
r  1652   1603   1703   3
r  1751   1703   1652   3
r  1851   1902   1702   3
r  84   32   135   3
r  432   383   334   3
r  728   677   779   3
r  83   132   35   3
r  1072   1123   1023   3
r  1466   1365   1417   3
r  1802   1901   1902   3
r  1803   1806   1901   3
r  1804   1753   1755   3
r  1613   1616   1514   3
r  33   35   85   3
r  236   134   137   3
r  35   135   134   3
r  335   333   283   3
r  827   775   928   3
r  533   485   585   3
r  732   680   684   3
r  832   829   780   3
r  183   81   134   3
r  1023   1122   1025   3
r  1322   1373   1421   3
r  1855   1757   1906   3
r  1951   1902   1904   3
r  1907   1956   1958   3
r  1815   1864   1866   3
r  2008   2010   2108   3
r  1912   1863   1864   3
r  1863   1914   1861   3
r  184   133   135   3
r  538   587   638   3
r  586   635   485   3
r  1372   1472   1423   3
r  2002   2102   2054   3
r  2005   2003   1956   3
r  2012   2061   2111   3
r  1717   1666   1617   3
r  88   385   137   3
r  39   88   87   3
r  38   91   89   3
c  289   -1   191   3
r  1081   1079   1182   3
r  589   638   537   3
r  487   586   587   3
r  2153   2201   2302   3
r  2105   2205   2206   3
r  1818   1866   1869   3
r  89   188   140   3
r  141   190   41   3
r  41   90   93   3
r  339   391   291   3
r  1082   1131   1031   3
r  688   587   589   3
r  1033   1035   1133   3
r  2201   2252   2102   3
r  2151   2001   2403   3
r  2251   2302   2152   3
r  2305   2254   2455   3
r  2114   2063   2165   3
r  42   143   94   3
r  985   1237   1135   3
r  939   887   888   3
r  691   643   640   3
r  1136   1187   1085   3
r  2403   2302   2352   3
r  2303   2352   2203   3
r  2353   2252   2203   3
r  2352   2252   2202   3
r  2452   2403   2252   3
r  2351   2302   2303   3
r  2402   2303   2202   3
r  2401   2403   2202   3
r  2455   2403   2302   3
r  2451   2202   2403   3
r  2356   2405   2407   3
r  2408   2357   2308   3
r  2312   2411   2415   3
r  2318   2316   2420   3
r  2311   2360   2362   3
r  2313   2262   2362   3
r  1675   1726   1626   3
r  146   149   98   3
r  45   93   144   3
r  988   1037   1040   3
r  644   695   646   3
r  1480   1531   1529   3
r  2453   2354   2355   3
r  2454   2355   2352   3
r  2407   2358   2455   3
r  2457   2355   2406   3
r  2409   2458   2360   3
r  2460   2458   2361   3
r  2362   2261   2413   3
r  2268   2319   2367   3
r  2369   2417   2367   3
r  2466   2468   2317   3
r  1974   1872   2022   3
r  343   392   442   3
r  47   94   100   3
r  349   298   297   3
r  96   149   98   3
r  97   149   146   3
r  150   49   146   3
r  199   100   146   3
r  149   200   147   3
r  645   546   745   3
r  545   645   596   3
r  1287   1339   1289   3
r  1338   1336   1238   3
r  1387   1288   1487   3
r  2364   2362   2413   3
r  2463   2362   2415   3
r  2464   2415   2364   3
r  2024   2073   2022   3
r  2470   2417   2368   3
r  2322   2271   2319   3
r  2422   2373   2319   3
r  2469   2418   2422   3
r  1825   1774   1725   3
r  198   147   149   3
r  248   399   149   3
r  48   146   149   3
r  397   499   498   3
r  299   347   198   3
r  350   347   299   3
r  398   447   298   3
r  200   198   298   3
r  49   98   149   3
r  249   399   349   3
r  50   149   98   3
r  1189   1290   1238   3
r  1536   1534   1584   3
r  2474   2421   2423   3
c  498   -1   699   3
r  450   499   549   3
r  499   400   399   3
r  549   498   500   3
r  1341   1440   1441   3
r  1391   1440   1439   3
r  1685   1786   1785   3
r  1784   1782   1884   3
r  2226   2326   2272   3
r  2373   2322   2425   3
r  550   548   599   3
r  997   1097   1099   3
r  800   797   699   3
r  1983   1934   1782   3
r  2325   2278   2425   3
c  2278   -1   2275   3
r  2477   2430   2327   3
r  2427   2425   2430   3
r  947   998   999   3
r  1049   1098   1097   3
r  1099   1048   1198   3
r  1148   1099   1150   3
r  898   1097   850   3
r  950   898   848   3
r  1838   1739   1841   3
r  2277   2329   2326   3
r  2329   2179   2227   3
r  2429   2478   2278   3
r  2378   2478   2429   3
r  2086   2137   2089   3
r  1988   2039   1986   3
r  2182   2133   2131   3
r  1149   1198   1049   3
r  1250   1299   1350   3
r  1299   1399   1198   3
r  1300   1249   1198   3
r  1594   1642   1542   3
r  1595   1493   1494   3
r  1495   1544   1596   3
r  1941   2041   1890   3
r  1890   1939   1843   3
r  2280   2278   2430   3
r  2283   2285   2430   3
r  2382   2334   2430   3
r  2137   2188   2135   3
r  1446   1349   1498   3
r  1449   1549   1498   3
r  2039   2087   2139   3
r  2482   2431   2334   3
r  2483   2431   2434   3
r  2434   2479   2336   3
r  2484   2432   2334   3
r  1549   1600   1450   3
r  1796   1895   1794   3
r  1550   1649   1499   3
r  1599   1698   1498   3
r  1650   1698   1599   3
r  1798   1795   1698   3
r  1993   2141   2045   3
r  2290   2391   2389   3
r  1995   1997   2043   3
r  2486   2437   2388   3
r  2387   2389   2438   3
r  2338   2387   2389   3
r  2389   2340   2489   3
r  2341   2390   2289   3
r  1750   1698   1748   3
r  1800   1899   1748   3
r  2244   2145   2246   3
r  1898   2050   2000   3
r  1999   1899   1948   3
r  2047   2098   1946   3
r  2393   2491   2291   3
r  1900   1998   2050   3
r  1849   1900   1998   3
r  1850   1998   1899   3
r  2146   2097   2195   3
r  2196   2198   2194   3
r  2394   2495   2396   3
r  2443   2494   2391   3
r  2198   2296   2249   3
r  2000   1998   1899   3
r  1950   2050   1998   3
r  2049   2000   1998   3
r  2492   2392   2443   3
r  2444   2446   2495   3
r  2495   2393   2396   3
r  2496   2396   2448   3
r  2398   2396   2497   3
r  2298   2197   2349   3
r  2249   2298   2448   3
r  2299   2248   2398   3
r  2447   2395   2396   3
r  2199   2299   2248   3
r  2200   2248   2249   3
r  2250   2299   2248   3
r  2399   2448   2500   3
r  2300   2249   2199   3
r  2348   2397   2400   3
r  2349   2398   2449   3
r  2448   2400   2349   3
r  2499   2349   2497   3
r  2450   2497   2349   3
r  2500   2448   2449   3
r  2498   2450   2397   3
r  2497   2449   2349   3
r  2400   2449   2498   3
r  1   52   104   4
r  51   102   4   4
r  101   52   104   4
r  52   3   152   4
r  151   102   203   4
r  4   105   102   4
r  3   51   104   4
r  54   5   154   4
r  53   154   102   4
r  253   152   102   4
r  153   52   102   4
r  202   302   102   4
r  5   106   104   4
r  6   8   104   4
r  201   253   203   4
r  353   304   202   4
r  351   353   302   4
r  7   58   106   4
r  401   302   403   4
r  304   356   405   4
r  11   62   59   4
r  110   112   161   4
r  256   307   258   4
r  404   455   355   4
r  504   452   403   4
r  61   113   14   4
r  63   111   60   4
r  12   59   113   4
r  111   12   113   4
r  112   63   114   4
r  114   16   65   4
r  62   111   113   4
r  552   501   603   4
r  551   704   752   4
r  64   113   13   4
r  263   163   312   4
r  15   115   114   4
r  166   65   114   4
r  752   652   603   4
r  853   753   703   4
r  652   552   603   4
r  803   703   603   4
r  411   312   511   4
r  67   169   70   4
r  510   461   513   4
r  462   511   514   4
r  366   266   267   4
r  118   170   67   4
r  17   169   117   4
r  19   70   169   4
r  562   462   461   4
r  563   612   462   4
r  756   805   754   4
r  952   1003   1053   4
r  953   1053   1002   4
r  904   1005   1004   4
r  951   1053   1052   4
r  268   219   266   4
r  119   168   219   4
r  120   69   169   4
r  220   169   118   4
r  69   71   123   4
r  20   72   121   4
r  173   72   19   4
r  71   73   123   4
r  272   320   219   4
r  761   813   860   4
r  1102   1003   1053   4
r  1001   1004   1053   4
r  1007   958   1005   4
r  1152   1052   1003   4
r  1101   1003   1103   4
r  370   372   422   4
r  467   568   667   4
r  122   23   71   4
r  123   125   126   4
r  22   71   73   4
r  223   221   274   4
r  23   123   174   4
r  762   811   862   4
r  1204   1202   1155   4
r  1254   1307   1203   4
r  1201   1203   1253   4
r  520   518   468   4
r  126   175   124   4
r  1012   1111   1110   4
r  1352   1401   1452   4
r  1403   1452   1503   4
r  1351   1452   1502   4
r  1451   1553   1302   4
r  1353   1306   1603   4
r  1109   1157   1208   4
r  621   721   720   4
r  26   28   127   4
r  76   27   178   4
r  127   28   27   4
r  1013   1011   1163   4
r  1453   1353   1502   4
r  1502   1553   1401   4
r  1501   1452   1403   4
r  178   26   77   4
r  129   77   81   4
r  130   81   128   4
r  379   530   481   4
r  526   574   624   4
r  1553   1702   1754   4
r  1653   1704   1754   4
r  1604   1702   1553   4
r  1751   1702   1603   4
r  1704   1753   1603   4
r  180   229   80   4
r  131   231   129   4
r  81   84   32   4
r  80   131   179   4
r  181   130   179   4
r  29   179   131   4
r  1264   1262   1215   4
r  1702   1754   1654   4
r  1801   1852   1902   4
r  332   281   286   4
r  35   87   82   4
r  630   729   579   4
r  483   534   481   4
r  629   680   779   4
r  1265   1214   1415   4
r  1512   1463   1413   4
r  1761   1713   1710   4
r  1852   1952   1702   4
r  1803   1901   1752   4
r  1415   1314   1467   4
r  36   87   135   4
r  135   32   35   4
r  184   233   35   4
r  633   682   685   4
r  831   782   732   4
r  1121   1170   1220   4
r  1267   1265   1415   4
r  1366   1417   1466   4
r  1466   1417   1515   4
r  86   84   134   4
r  136   85   87   4
r  485   483   587   4
r  734   682   685   4
r  1074   1023   1126   4
r  1418   1320   1318   4
r  1173   1275   1171   4
r  1956   2055   2054   4
r  1763   1864   1862   4
r  1863   1814   1912   4
r  2007   2058   2009   4
r  1615   1666   1617   4
r  1766   1666   1718   4
r  237   283   138   4
r  239   190   290   4
r  38   89   140   4
r  190   241   137   4
r  488   540   588   4
r  1371   1373   1272   4
r  2102   2151   2203   4
r  1963   1914   2065   4
r  2059   2010   2112   4
r  1183   1132   1081   4
r  89   141   87   4
r  91   42   94   4
r  489   538   389   4
r  1180   1182   1229   4
r  1084   983   1133   4
r  2154   2205   2156   4
r  2251   2152   2203   4
r  2252   2203   2402   4
r  2302   2203   2403   4
r  2151   2202   2302   4
r  2201   2102   2101   4
r  1717   1617   1719   4
r  2306   2355   2455   4
r  1234   1281   1182   4
r  242   291   340   4
r  341   292   241   4
r  45   144   191   4
r  440   489   340   4
r  142   43   91   4
r  640   592   643   4
r  939   888   887   4
r  692   840   591   4
r  2253   2302   2202   4
r  2303   2252   2202   4
r  2353   2302   2202   4
r  2301   2303   2203   4
r  2401   2202   2203   4
r  2351   2202   2252   4
r  2452   2252   2302   4
r  2451   2403   2202   4
r  2453   2355   2202   4
r  2354   2305   2202   4
r  2455   2302   2356   4
r  2212   2112   2164   4
r  1820   1721   1869   4
r  2307   2310   2406   4
r  2406   2354   2305   4
r  95   146   98   4
r  145   246   100   4
r  196   247   100   4
r  741   692   792   4
r  742   842   840   4
r  990   939   890   4
r  644   595   547   4
r  1482   1531   1534   4
r  2404   2456   2355   4
r  2456   2356   2357   4
r  2457   2406   2455   4
r  2265   2363   2164   4
r  2311   2362   2360   4
r  197   95   145   4
r  149   100   249   4
r  98   147   145   4
r  47   100   149   4
r  446   444   498   4
r  100   198   146   4
r  199   98   196   4
r  99   297   47   4
r  97   100   149   4
r  48   100   146   4
r  148   249   97   4
r  596   645   695   4
r  1088   1187   1040   4
r  1089   1041   988   4
r  1188   1089   1237   4
r  2412   2463   2361   4
r  2461   2410   2459   4
r  2462   2313   2360   4
r  2364   2412   2360   4
r  1922   1971   1973   4
r  2466   2317   2367   4
r  2415   2462   2412   4
r  2023   2025   2124   4
r  1487   1489   1386   4
r  50   98   149   4
r  49   149   98   4
r  200   100   98   4
r  299   399   400   4
r  250   299   349   4
r  993   894   844   4
r  1091   1140   1142   4
r  1044   1092   1146   4
r  1189   1238   1242   4
r  795   793   844   4
r  1679   1580   1531   4
r  2464   2362   2412   4
r  1972   1921   2023   4
r  2418   2367   2420   4
r  2468   2370   2367   4
r  2470   2472   2419   4
r  2419   2318   2370   4
r  2371   2369   2319   4
r  2473   2421   2470   4
r  2422   2319   2420   4
r  1925   1879   1976   4
r  450   549   499   4
r  500   498   399   4
r  944   896   895   4
r  1194   1094   1044   4
r  748   850   649   4
r  1390   1491   1540   4
r  2372   2323   2321   4
r  650   698   699   4
r  749   700   850   4
r  899   848   1097   4
r  1491   1542   1543   4
r  1393   1395   1444   4
r  1444   1395   1342   4
r  2325   2425   2374   4
r  947   999   899   4
r  1047   1049   1099   4
r  1049   1097   898   4
r  1099   1198   1199   4
r  1098   1150   948   4
r  999   1048   1097   4
r  1000   850   949   4
r  1050   999   848   4
r  950   848   898   4
r  1984   1986   1982   4
r  1838   1841   1890   4
r  2279   2179   2275   4
r  2326   2479   2428   4
r  2377   2477   2278   4
r  1100   999   1049   4
r  1250   1350   1248   4
r  1398   1347   1449   4
r  2229   2130   2181   4
r  2478   2377   2327   4
r  2181   2129   2081   4
r  2131   2082   2183   4
r  1200   1198   1298   4
r  1300   1198   1248   4
r  2281   2332   2430   4
r  2333   2284   2430   4
r  2483   2434   2430   4
r  2331   2181   2432   4
r  1549   1697   1498   4
r  1550   1599   1450   4
r  1548   1499   1450   4
r  1795   1844   1896   4
r  1896   2096   1794   4
r  2282   2181   2381   4
r  2043   2142   1943   4
r  1945   1993   2045   4
r  2481   2430   2483   4
r  2433   2430   2431   4
r  2482   2433   2383   4
r  1650   1699   1697   4
r  1944   1893   1992   4
r  1698   1799   1599   4
r  2285   2336   2384   4
r  2485   2384   2386   4
r  2434   2335   2334   4
r  2239   2236   2389   4
r  2292   2294   2193   4
r  2144   2091   2142   4
r  1799   1748   1899   4
r  1750   1650   1799   4
r  2438   2489   2336   4
r  2436   2489   2385   4
r  2439   2490   2388   4
r  2390   2342   2489   4
r  2293   2445   2396   4
r  2487   2438   2338   4
r  1949   1900   2050   4
r  1850   1898   1998   4
r  2100   1999   1900   4
r  2000   1949   1998   4
r  2148   2146   2246   4
r  2488   2388   2437   4
r  2441   2490   2389   4
r  2490   2442   2438   4
r  2391   2342   2490   4
r  2245   2294   2145   4
r  2396   2344   2294   4
r  2443   2391   2392   4
r  2199   2248   2294   4
r  2345   2294   2398   4
r  2149   2197   2248   4
r  2248   2348   2350   4
r  2494   2394   2396   4
r  2446   2395   2394   4
r  2447   2498   2349   4
r  2448   2499   2396   4
r  2200   2249   2248   4
r  2250   2248   2349   4
r  2298   2399   2249   4
r  2399   2500   2350   4
r  2350   2249   2497   4
r  2449   2394   2497   4
r  2400   2498   2449   4
r  2500   2449   2349   4
r  2450   2349   2498   4
r  51   4   102   5
r  2   103   104   5
r  102   252   104   5
r  101   104   202   5
r  52   152   203   5
r  151   203   104   5
r  3   104   51   5
r  53   104   154   5
r  253   53   202   5
r  251   302   102   5
r  105   54   102   5
r  58   158   6   5
r  6   106   107   5
r  303   352   104   5
r  7   106   104   5
r  352   452   203   5
r  452   403   203   5
r  302   203   202   5
r  57   59   106   5
r  156   205   258   5
r  206   257   106   5
r  451   403   302   5
r  503   505   452   5
r  255   307   258   5
r  60   12   113   5
r  11   111   110   5
r  306   258   357   5
r  454   505   506   5
r  61   14   63   5
r  111   113   12   5
r  12   113   14   5
r  162   263   262   5
r  13   113   110   5
r  62   14   114   5
r  64   62   113   5
r  15   64   113   5
r  601   603   552   5
r  751   852   603   5
r  653   702   701   5
r  557   657   555   5
r  753   955   805   5
r  801   852   752   5
r  655   604   603   5
r  212   161   261   5
r  165   65   114   5
r  115   117   67   5
r  16   67   19   5
r  606   557   657   5
r  657   708   558   5
r  852   903   1053   5
r  854   803   856   5
r  19   68   121   5
r  706   757   657   5
r  711   611   860   5
r  756   754   805   5
r  951   1052   852   5
r  953   1002   1053   5
r  412   461   512   5
r  367   267   315   5
r  69   123   67   5
r  20   121   73   5
r  1001   1053   1003   5
r  1101   1053   952   5
r  1055   1004   1053   5
r  1102   1053   1054   5
r  71   173   22   5
r  72   23   125   5
r  21   123   73   5
r  22   73   174   5
r  73   24   124   5
r  172   71   123   5
r  24   75   122   5
r  1105   1054   1203   5
r  370   472   372   5
r  74   125   122   5
r  25   74   179   5
r  175   226   278   5
r  177   128   174   5
r  665   667   568   5
r  815   916   915   5
r  1403   1503   1502   5
r  1402   1502   1302   5
r  1502   1504   1302   5
r  371   422   274   5
r  27   179   125   5
r  26   125   128   5
r  127   27   80   5
r  1454   1456   1405   5
r  1351   1302   1452   5
r  1401   1302   1352   5
r  1501   1403   1351   5
r  77   28   179   5
r  28   81   127   5
r  128   126   179   5
r  426   475   477   5
r  180   131   82   5
r  29   129   179   5
r  718   818   771   5
r  770   871   722   5
r  919   1020   968   5
r  1211   1311   1260   5
r  1509   1560   1460   5
r  1506   1557   1603   5
r  1601   1603   1702   5
r  1653   1655   1755   5
r  1702   1654   1603   5
r  1753   1755   1603   5
r  622   671   720   5
r  30   179   82   5
r  32   182   80   5
r  868   866   968   5
r  1167   1216   1067   5
r  1511   1509   1559   5
r  1363   1264   1412   5
r  1851   1752   1803   5
r  33   85   134   5
r  34   134   135   5
r  184   135   233   5
r  183   232   135   5
r  1171   1220   1169   5
r  1561   1513   1514   5
r  1756   1805   1906   5
r  1805   1854   1853   5
r  1903   2103   1752   5
r  1954   1901   1851   5
r  923   872   974   5
r  234   185   135   5
r  37   88   138   5
r  185   136   84   5
r  136   87   134   5
r  187   136   87   5
r  1271   1322   1421   5
r  1172   1170   1220   5
r  1614   1612   1565   5
r  2052   2003   1853   5
r  1764   1663   1711   5
r  1862   1913   1864   5
r  1909   1957   2009   5
r  1959   1907   1858   5
r  1812   1761   1861   5
r  976   876   927   5
r  633   685   585   5
r  832   780   730   5
r  1024   1075   1125   5
r  2002   2054   1904   5
r  2102   2001   2202   5
r  2101   2152   2153   5
r  2005   1956   2056   5
r  634   685   683   5
r  833   782   931   5
r  39   138   88   5
r  89   87   38   5
r  40   140   138   5
r  189   187   138   5
r  239   188   138   5
r  1667   1817   1719   5
r  2203   2352   2402   5
r  2202   2302   2403   5
r  2151   2403   2202   5
r  2153   2202   2352   5
r  2012   2111   2009   5
r  2159   2208   2108   5
r  2305   2455   2356   5
r  92   41   191   5
r  142   91   94   5
r  688   589   587   5
r  193   291   241   5
r  45   94   98   5
r  144   43   191   5
r  2251   2203   2152   5
r  2201   2101   2403   5
r  2353   2202   2252   5
r  2252   2153   2203   5
r  2302   2403   2203   5
r  2351   2303   2203   5
r  2451   2402   2203   5
r  2304   2402   2203   5
r  2453   2202   2203   5
r  2301   2203   2303   5
r  2452   2302   2352   5
r  2354   2405   2402   5
r  2401   2203   2202   5
r  2454   2405   2202   5
r  2013   2062   2111   5
r  2357   2308   2405   5
r  2456   2357   2306   5
r  1033   1133   1081   5
r  1084   1133   1081   5
r  489   389   590   5
r  591   691   640   5
r  46   145   93   5
r  95   98   146   5
r  297   597   145   5
r  146   148   149   5
r  836   889   838   5
r  837   786   789   5
r  1135   1083   1133   5
r  1575   1524   1627   5
r  1822   1820   1874   5
r  2408   2308   2355   5
r  2310   2361   2411   5
r  2407   2355   2405   5
r  96   98   149   5
r  47   149   199   5
r  247   199   149   5
r  148   97   145   5
r  100   98   149   5
r  197   145   298   5
r  347   298   246   5
r  147   99   98   5
r  199   196   98   5
r  49   100   146   5
r  349   297   146   5
r  48   146   299   5
r  200   298   400   5
r  150   146   98   5
r  50   149   98   5
r  494   442   644   5
r  1526   1626   1624   5
r  2409   2360   2361   5
r  2216   2165   2164   5
r  2312   2212   2164   5
r  2314   2316   2164   5
r  2318   2417   2416   5
r  2118   2067   2218   5
r  2462   2362   2459   5
r  2313   2261   2360   5
r  2464   2364   2360   5
r  2362   2411   2461   5
r  2459   2360   2411   5
r  299   400   149   5
r  249   349   350   5
r  250   350   298   5
r  300   249   349   5
r  395   444   443   5
r  1824   1724   1725   5
r  1923   1823   1974   5
r  546   643   646   5
r  448   497   500   5
r  498   447   500   5
r  647   596   695   5
r  1530   1630   1680   5
r  1482   1431   1582   5
r  1777   1877   1725   5
r  2074   2076   2022   5
r  2024   2022   2124   5
r  2418   2420   2367   5
r  2419   2472   2272   5
r  2422   2473   2319   5
r  549   500   498   5
r  699   748   847   5
r  944   797   946   5
r  1093   1193   1044   5
r  1094   1142   1146   5
r  698   649   898   5
r  1828   1879   1880   5
r  1927   1875   1828   5
r  2173   2122   2171   5
r  2323   2175   2375   5
r  2424   2375   2477   5
r  2474   2472   2374   5
r  598   547   699   5
r  846   895   894   5
r  850   799   649   5
r  750   799   850   5
r  1196   1198   1248   5
r  1342   1393   1443   5
r  2076   2027   2177   5
r  2425   2477   2427   5
r  2376   2425   2278   5
r  900   949   1097   5
r  998   1049   1047   5
r  950   899   1097   5
r  1100   1149   1097   5
r  1247   1198   1099   5
r  1590   1639   1588   5
r  1639   1738   1739   5
r  1837   1737   1889   5
r  2426   2374   2327   5
r  2377   2278   2477   5
r  2478   2327   2430   5
r  1050   848   1099   5
r  1048   1097   1099   5
r  1300   1199   1249   5
r  1250   1198   1199   5
r  1348   1400   1248   5
r  1299   1350   1399   5
r  1396   1394   1399   5
r  2230   2130   2179   5
r  2330   2431   2430   5
r  1350   1198   1199   5
r  1349   1395   1498   5
r  1495   1546   1595   5
r  1595   1597   1496   5
r  1740   1691   1791   5
r  2331   2432   2430   5
r  2333   2432   2381   5
r  2482   2334   2430   5
r  1645   1745   1496   5
r  1990   1890   2088   5
r  2332   2380   2431   5
r  2481   2433   2381   5
r  2432   2430   2334   5
r  2235   2284   2287   5
r  2433   2431   2334   5
r  1499   1450   1448   5
r  1548   1599   1499   5
r  1550   1499   1498   5
r  2189   2388   2289   5
r  2285   2288   2289   5
r  2485   2386   2336   5
r  2434   2336   2335   5
r  2435   2386   2334   5
r  2386   2384   2334   5
r  2288   2390   2439   5
r  1699   1748   1599   5
r  1798   1796   1800   5
r  2385   2336   2485   5
r  2437   2485   2389   5
r  2486   2387   2437   5
r  2439   2388   2289   5
r  2389   2242   2289   5
r  2338   2386   2437   5
r  1800   1748   1899   5
r  1948   1895   2050   5
r  2343   2294   2396   5
r  2440   2489   2492   5
r  1900   2000   1998   5
r  1850   1899   2000   5
r  1849   1898   1948   5
r  1999   1900   1899   5
r  2050   1999   1899   5
r  1950   1999   1898   5
r  2146   2194   2246   5
r  2344   2395   2396   5
r  2295   2396   2293   5
r  2443   2392   2490   5
r  2248   2350   2297   5
r  2149   2147   2249   5
r  2199   2294   2349   5
r  2444   2393   2396   5
r  2496   2448   2394   5
r  2347   2395   2394   5
r  2446   2394   2349   5
r  2299   2398   2396   5
r  2349   2397   2396   5
r  2298   2249   2497   5
r  2250   2349   2248   5
r  2497   2349   2248   5
r  2300   2248   2349   5
r  2348   2400   2299   5
r  2447   2396   2449   5
r  2498   2349   2350   5
r  2448   2396   2397   5
r  2350   2497   2398   5
r  2400   2449   2497   5
r  2500   2497   2449   5
r  2450   2498   2349   5
r  2499   2497   2448   5
r  2   102   106   6
r  101   201   104   6
r  52   203   104   6
r  151   104   102   6
r  3   51   104   6
r  152   203   301   6
r  53   154   104   6
r  252   352   102   6
r  301   401   102   6
r  54   102   105   6
r  153   102   156   6
r  55   154   203   6
r  4   102   106   6
r  303   351   352   6
r  205   307   104   6
r  206   155   104   6
r  108   59   7   6
r  251   102   203   6
r  254   205   258   6
r  5   104   56   6
r  57   106   258   6
r  7   104   58   6
r  402   351   302   6
r  354   254   357   6
r  305   405   406   6
r  9   109   161   6
r  11   110   13   6
r  159   108   59   6
r  552   603   701   6
r  61   63   114   6
r  64   113   110   6
r  14   114   113   6
r  505   457   406   6
r  557   506   458   6
r  511   513   514   6
r  602   701   752   6
r  651   552   752   6
r  601   552   603   6
r  704   653   752   6
r  754   752   603   6
r  116   165   114   6
r  16   19   67   6
r  509   458   657   6
r  606   657   557   6
r  216   265   218   6
r  412   463   511   6
r  755   757   706   6
r  314   316   366   6
r  67   70   121   6
r  414   465   462   6
r  218   167   266   6
r  68   70   19   6
r  119   19   70   6
r  415   464   468   6
r  759   810   811   6
r  1005   954   1053   6
r  1001   1052   1053   6
r  1101   952   1053   6
r  1102   1002   1053   6
r  1056   1005   1053   6
r  1152   1103   1053   6
r  1153   1155   1053   6
r  1203   1155   1104   6
r  70   72   19   6
r  20   73   71   6
r  861   1012   810   6
r  909   1007   860   6
r  1058   1107   1208   6
r  1254   1305   1155   6
r  1301   1452   1203   6
r  1302   1353   1401   6
r  21   73   124   6
r  22   174   73   6
r  72   125   124   6
r  126   124   122   6
r  273   222   374   6
r  274   325   272   6
r  1108   1157   1059   6
r  1351   1452   1302   6
r  1402   1551   1502   6
r  620   669   720   6
r  76   178   179   6
r  26   127   179   6
r  767   616   819   6
r  1406   1454   1404   6
r  1551   1603   1401   6
r  27   128   179   6
r  128   179   80   6
r  28   80   179   6
r  129   81   127   6
r  78   27   82   6
r  180   82   129   6
r  131   129   128   6
r  31   82   179   6
r  1063   1163   1114   6
r  1505   1453   1603   6
r  1601   1702   1603   6
r  79   179   128   6
r  29   179   82   6
r  182   233   134   6
r  478   481   529   6
r  1653   1754   1704   6
r  1606   1555   1603   6
r  1652   1703   1603   6
r  1605   1656   1603   6
r  1754   1752   1603   6
r  1655   1704   1603   6
r  1609   1557   1508   6
r  33   134   135   6
r  34   135   134   6
r  1219   1171   1120   6
r  1270   1219   1169   6
r  1316   1365   1414   6
r  284   282   233   6
r  37   90   89   6
r  581   530   680   6
r  136   134   237   6
r  929   878   881   6
r  1368   1320   1268   6
r  1121   1220   1073   6
r  1173   1171   1221   6
r  1366   1467   1415   6
r  1802   1902   1853   6
r  1904   1901   1952   6
r  38   90   138   6
r  89   140   137   6
r  535   484   587   6
r  237   138   89   6
r  240   289   137   6
r  338   287   286   6
r  1469   1518   1318   6
r  1567   1515   1468   6
r  1955   2004   2054   6
r  1907   1958   2009   6
r  1765   1864   1763   6
r  1960   2009   2060   6
r  90   141   138   6
r  39   88   138   6
r  40   89   87   6
r  538   589   590   6
r  1471   1420   1372   6
r  1472   1521   1421   6
r  2005   2056   1956   6
r  2152   2201   2352   6
r  91   140   191   6
r  539   590   640   6
r  687   734   587   6
r  93   42   191   6
r  43   94   194   6
r  1227   1275   1229   6
r  1131   1180   1182   6
r  1178   1226   1130   6
r  1180   1229   1231   6
r  1230   1330   1129   6
r  2104   2255   2206   6
r  2306   2455   2355   6
r  2257   2157   2209   6
r  2352   2301   2203   6
r  2253   2202   2402   6
r  2201   2403   2302   6
r  2254   2252   2202   6
r  2303   2202   2352   6
r  2353   2252   2202   6
r  2302   2451   2202   6
r  2351   2252   2202   6
r  2251   2152   2203   6
r  2301   2202   2203   6
r  2354   2402   2203   6
r  2401   2202   2203   6
r  2454   2352   2203   6
r  2403   2454   2203   6
r  2252   2203   2352   6
r  2451   2203   2402   6
r  1817   1917   1869   6
r  2016   2065   1964   6
r  1967   1969   1866   6
r  1966   2017   1918   6
r  2062   2011   2010   6
r  2161   2212   2164   6
r  92   191   94   6
r  888   886   837   6
r  46   94   98   6
r  492   494   391   6
r  934   735   1037   6
r  1327   1227   1375   6
r  1083   1134   1032   6
r  1427   1527   1375   6
r  1673   1724   1722   6
r  2305   2256   2455   6
r  2456   2355   2356   6
r  2407   2405   2306   6
r  2453   2203   2402   6
r  2452   2202   2302   6
r  2359   2458   2356   6
r  1918   1916   1867   6
r  2217   2117   2268   6
r  2308   2410   2360   6
r  2360   2362   2414   6
r  690   590   643   6
r  840   791   940   6
r  197   194   98   6
r  247   149   98   6
r  148   199   146   6
r  47   199   149   6
r  100   146   98   6
r  99   47   196   6
r  96   149   98   6
r  147   299   47   6
r  97   149   199   6
r  199   98   48   6
r  49   98   149   6
r  198   98   146   6
r  249   350   146   6
r  50   48   149   6
r  248   199   98   6
r  350   298   98   6
r  1525   1723   1627   6
r  1626   1677   1624   6
r  1286   1386   1237   6
r  1774   1723   1725   6
r  2457   2356   2405   6
r  2409   2361   2458   6
r  2215   2316   2264   6
r  2315   2264   2164   6
r  2316   2214   2164   6
r  2461   2360   2310   6
r  2412   2461   2360   6
r  2410   2459   2461   6
r  2462   2459   2409   6
r  2465   2414   2360   6
r  2463   2414   2360   6
r  2363   2412   2461   6
r  2460   2360   2412   6
r  594   643   646   6
r  299   149   199   6
r  400   349   149   6
r  300   349   149   6
r  398   298   447   6
r  200   98   149   6
r  399   348   498   6
r  1532   1481   1583   6
r  1238   1287   1286   6
r  1922   1973   1970   6
r  2119   2068   1970   6
r  2464   2360   2415   6
r  544   646   596   6
r  744   792   644   6
r  595   646   695   6
r  993   844   996   6
r  1189   1242   1191   6
r  447   445   500   6
r  450   499   599   6
r  549   600   399   6
r  1531   1580   1533   6
r  1387   1289   1287   6
r  1826   1877   1725   6
r  1923   1872   2022   6
r  1927   1828   1875   6
r  2468   2367   2420   6
r  2320   2371   2420   6
r  2422   2420   2272   6
r  2373   2425   2420   6
r  2222   2271   2120   6
r  696   595   544   6
r  647   695   596   6
r  746   646   647   6
r  597   546   696   6
r  996   895   844   6
r  1145   1094   1044   6
r  1291   1342   1441   6
r  500   399   549   6
r  648   650   599   6
r  1830   1878   1828   6
r  698   898   649   6
r  748   649   699   6
r  1095   1046   1144   6
r  1391   1442   1440   6
r  600   500   699   6
r  1538   1637   1486   6
r  1684   1735   1785   6
r  1879   1832   1828   6
r  1833   1884   1782   6
r  2324   2375   2425   6
r  2427   2478   2429   6
r  1047   1099   948   6
r  948   1097   1099   6
r  900   898   847   6
r  1150   1248   1097   6
r  1639   1739   1690   6
r  1835   1886   1986   6
r  1837   1888   1890   6
r  2426   2327   2477   6
r  2326   2477   2430   6
r  2429   2278   2328   6
r  950   1097   899   6
r  1048   1099   999   6
r  1250   1199   1099   6
r  1200   1298   1148   6
r  1350   1199   1248   6
r  1544   1546   1496   6
r  1791   1742   1739   6
r  2230   2179   2130   6
r  2378   2427   2326   6
r  2431   2331   2334   6
r  2483   2432   2381   6
r  2332   2381   2430   6
r  2481   2381   2430   6
r  2383   2335   2430   6
r  1500   1549   1397   6
r  1399   1298   1498   6
r  1891   1940   1839   6
r  1841   1890   1790   6
r  2136   2087   2184   6
r  1499   1448   1450   6
r  1550   1498   1499   6
r  1644   1595   1596   6
r  1645   1694   1647   6
r  1597   1497   1498   6
r  2335   2284   2286   6
r  2385   2485   2334   6
r  2486   2437   2334   6
r  2436   2485   2334   6
r  2337   2388   2439   6
r  2288   2439   2388   6
r  2289   2390   2388   6
r  2240   2291   2389   6
r  2387   2438   2389   6
r  2487   2388   2289   6
r  2437   2335   2290   6
r  1650   1697   1698   6
r  1749   1800   1599   6
r  1798   1698   1599   6
r  1748   1599   1799   6
r  2095   2195   2246   6
r  2047   2099   2045   6
r  2489   2387   2289   6
r  2488   2437   2389   6
r  1700   1899   1998   6
r  1800   1899   1998   6
r  1750   1748   1899   6
r  1848   1799   1998   6
r  2291   2342   2389   6
r  2148   2246   2199   6
r  1899   1948   1850   6
r  1950   1998   2050   6
r  2000   1899   1948   6
r  1949   1998   2000   6
r  1900   2050   1948   6
r  1999   1948   1849   6
r  2100   1900   1899   6
r  1850   2000   2050   6
r  2440   2491   2389   6
r  2490   2438   2291   6
r  2049   1998   2000   6
r  2396   2445   2497   6
r  2392   2343   2492   6
r  2248   2297   2449   6
r  2397   2497   2246   6
r  2199   2349   2396   6
r  2150   2249   2248   6
r  2444   2396   2393   6
r  2496   2444   2396   6
r  2494   2393   2394   6
r  2398   2400   2396   6
r  2450   2349   2396   6
r  2497   2448   2349   6
r  2349   2396   2297   6
r  2200   2248   2349   6
r  2250   2198   2349   6
r  2447   2449   2248   6
r  2448   2397   2248   6
r  2449   2498   2298   6
r  2498   2350   2349   6
r  2300   2349   2249   6
r  2350   2398   2448   6
r  2400   2349   2449   6
r  2500   2349   2400   6
r  2499   2448   2349   6
r  1   102   103   7
r  51   102   54   7
r  2   104   51   7
r  104   56   156   7
r  101   104   203   7
r  151   102   203   7
r  54   154   102   7
r  3   104   52   7
r  155   106   56   7
r  253   202   104   7
r  302   202   104   7
r  5   56   104   7
r  107   58   104   7
r  7   58   104   7
r  201   203   104   7
r  305   354   104   7
r  53   104   154   7
r  352   203   102   7
r  152   301   203   7
r  158   110   106   7
r  108   106   110   7
r  301   102   203   7
r  351   202   403   7
r  251   203   202   7
r  406   357   258   7
r  451   302   352   7
r  62   113   59   7
r  501   703   503   7
r  454   506   354   7
r  111   12   11   7
r  11   59   110   7
r  61   114   110   7
r  14   113   110   7
r  13   110   113   7
r  115   167   113   7
r  552   752   603   7
r  554   455   454   7
r  261   160   213   7
r  311   260   262   7
r  116   118   167   7
r  66   217   118   7
r  264   315   262   7
r  601   701   752   7
r  557   458   506   7
r  703   752   603   7
r  654   701   752   7
r  263   261   212   7
r  117   166   217   7
r  68   119   17   7
r  19   121   119   7
r  652   603   752   7
r  659   707   558   7
r  854   856   1053   7
r  363   463   513   7
r  564   612   512   7
r  315   366   267   7
r  365   417   266   7
r  20   71   123   7
r  122   71   124   7
r  955   907   903   7
r  855   954   1053   7
r  808   806   705   7
r  566   615   468   7
r  22   122   124   7
r  123   126   22   7
r  23   174   123   7
r  810   910   759   7
r  809   760   860   7
r  1103   1003   1002   7
r  1051   1002   1003   7
r  1006   903   1053   7
r  1105   1203   1053   7
r  1151   1203   1053   7
r  1251   1152   1053   7
r  1004   1105   956   7
r  1152   1053   1203   7
r  813   815   860   7
r  912   864   860   7
r  127   78   82   7
r  226   325   224   7
r  1153   1053   1054   7
r  1055   1053   1203   7
r  1155   1253   1203   7
r  1201   1301   1203   7
r  964   915   862   7
r  519   368   468   7
r  77   128   80   7
r  128   28   179   7
r  28   179   178   7
r  180   129   82   7
r  131   128   80   7
r  31   80   82   7
r  30   82   179   7
r  32   80   179   7
r  132   232   179   7
r  79   82   179   7
r  29   82   179   7
r  1159   1059   1058   7
r  1303   1305   1352   7
r  1353   1404   1302   7
r  1501   1351   1302   7
r  78   82   129   7
r  81   179   130   7
r  182   134   135   7
r  816   917   915   7
r  967   1018   868   7
r  817   865   918   7
r  1357   1306   1308   7
r  1451   1302   1351   7
r  1065   1116   1163   7
r  1114   1065   1162   7
r  1215   1263   1163   7
r  85   134   83   7
r  34   83   135   7
r  184   233   135   7
r  384   333   331   7
r  183   134   84   7
r  1504   1552   1603   7
r  1310   1361   1312   7
r  1556   1505   1603   7
r  1555   1654   1553   7
r  1706   1804   1603   7
r  1752   1652   1603   7
r  1804   1755   1603   7
r  1801   1803   1603   7
r  1708   1657   1808   7
r  1312   1411   1213   7
r  774   726   675   7
r  628   730   779   7
r  335   332   333   7
r  1651   1603   1702   7
r  1705   1707   1703   7
r  1803   1902   1754   7
r  1806   1853   1706   7
r  1903   1854   1952   7
r  1120   1221   1169   7
r  923   974   1021   7
r  578   677   679   7
r  38   140   137   7
r  90   138   137   7
r  189   290   137   7
r  89   137   87   7
r  1761   1610   1763   7
r  1417   1468   1415   7
r  1418   1369   1415   7
r  827   776   927   7
r  928   977   828   7
r  733   685   782   7
r  782   780   684   7
r  832   730   829   7
r  437   338   537   7
r  486   537   588   7
r  2001   2153   1904   7
r  1908   1906   2108   7
r  1762   1864   1861   7
r  1321   1421   1272   7
r  1323   1272   1421   7
r  1520   1418   1468   7
r  1473   1422   1522   7
r  1519   1568   1521   7
r  41   140   191   7
r  142   94   91   7
r  43   194   94   7
r  94   41   191   7
r  95   149   191   7
r  294   242   291   7
r  639   539   537   7
r  2007   2009   2058   7
r  2155   2206   2054   7
r  2151   2202   2203   7
r  2153   2302   2202   7
r  1911   1862   1864   7
r  2055   2104   2206   7
r  982   1033   883   7
r  42   142   93   7
r  196   145   98   7
r  44   144   98   7
r  46   93   149   7
r  144   191   146   7
r  96   98   149   7
r  390   341   491   7
r  541   439   640   7
r  689   638   640   7
r  888   836   890   7
r  1719   1668   1666   7
r  2057   2106   2108   7
r  2105   2204   2156   7
r  2058   2160   2112   7
r  2059   2110   2061   7
r  2255   2206   2203   7
r  2253   2402   2302   7
r  2204   2359   2206   7
r  2201   2302   2153   7
r  2303   2352   2202   7
r  2353   2202   2302   7
r  2351   2202   2302   7
r  2403   2352   2302   7
r  2252   2402   2203   7
r  2451   2402   2203   7
r  2453   2352   2203   7
r  2452   2352   2203   7
r  2404   2455   2203   7
r  2301   2203   2202   7
r  2401   2203   2202   7
r  2251   2203   2352   7
r  1914   2014   1866   7
r  1766   1665   1667   7
r  1277   1477   1375   7
r  1619   1621   1719   7
r  1622   1571   1574   7
r  1083   1032   1081   7
r  1135   1133   1237   7
r  197   98   146   7
r  99   196   145   7
r  149   147   145   7
r  47   149   146   7
r  100   98   146   7
r  298   300   149   7
r  348   350   98   7
r  97   199   149   7
r  349   398   149   7
r  249   400   98   7
r  50   149   146   7
r  400   298   146   7
r  48   149   146   7
r  150   99   146   7
r  248   98   146   7
r  300   400   146   7
r  49   146   98   7
r  299   199   98   7
r  200   400   98   7
r  199   146   98   7
r  443   494   344   7
r  938   940   836   7
r  841   941   790   7
r  792   841   890   7
r  989   1038   1089   7
r  1868   1866   1819   7
r  2455   2356   2306   7
r  2356   2407   2405   7
r  2307   2406   2405   7
r  2406   2305   2404   7
r  1525   1724   1426   7
r  350   98   149   7
r  250   349   149   7
r  2357   2306   2355   7
r  2457   2455   2356   7
r  2215   2164   2213   7
r  2310   2411   2361   7
r  2309   2405   2360   7
r  1432   1483   1533   7
r  1285   1336   1237   7
r  1287   1338   1238   7
r  447   449   498   7
r  498   699   599   7
r  549   498   447   7
r  500   599   399   7
r  544   596   646   7
r  645   745   596   7
r  597   696   644   7
r  943   844   992   7
r  1090   1039   1038   7
r  2410   2461   2412   7
r  2263   2265   2164   7
r  2312   2164   2360   7
r  2462   2409   2310   7
r  2461   2310   2360   7
r  2362   2461   2360   7
r  2413   2464   2360   7
r  2363   2461   2415   7
r  1629   1529   1678   7
r  1579   1530   1680   7
r  548   599   699   7
r  550   498   499   7
r  650   699   850   7
r  647   596   745   7
r  697   648   596   7
r  746   645   646   7
r  894   994   996   7
r  945   894   846   7
r  1094   1143   1145   7
r  1922   1970   2022   7
r  2420   2369   2367   7
r  2416   2367   2368   7
r  2121   2222   2124   7
r  2468   2368   2367   7
r  2465   2360   2414   7
r  1972   2023   2021   7
r  1778   1829   1878   7
r  1487   1386   1538   7
r  1484   1435   1482   7
r  1877   1778   1975   7
r  700   800   850   7
r  800   699   749   7
r  797   848   898   7
r  946   997   894   7
r  2371   2272   2420   7
r  2422   2272   2420   7
r  2423   2425   2420   7
r  2175   2177   2124   7
r  1978   2078   1976   7
r  849   898   847   7
r  900   847   898   7
r  899   1097   848   7
r  950   898   850   7
r  947   949   898   7
r  1049   898   1097   7
r  999   1099   1098   7
r  1050   1099   1097   7
r  1149   1049   1097   7
r  2076   2125   2124   7
r  2475   2376   2427   7
r  1829   1730   1880   7
r  1833   1782   1733   7
r  1737   1788   1689   7
r  1048   999   1099   7
r  1199   1247   1150   7
r  1200   1148   1247   7
r  1198   1150   1498   7
r  1348   1399   1448   7
r  1299   1399   1199   7
r  1397   1344   1498   7
r  2376   2278   2430   7
r  2228   2277   2179   7
r  1300   1248   1198   7
r  1448   1349   1396   7
r  2130   2179   2183   7
r  2429   2477   2326   7
r  2378   2429   2327   7
r  1692   1593   1592   7
r  2083   2131   2183   7
r  1888   1839   1890   7
r  1939   1891   1890   7
r  1500   1397   1498   7
r  1550   1499   1498   7
r  2483   2381   2334   7
r  2432   2481   2430   7
r  2385   2434   2430   7
r  2233   2282   2334   7
r  1748   1799   1599   7
r  1845   1896   1847   7
r  1746   1795   1896   7
r  1894   1843   1794   7
r  2332   2430   2334   7
r  2482   2430   2334   7
r  2435   2334   2335   7
r  2386   2334   2335   7
r  1799   1899   1998   7
r  1848   1800   2000   7
r  2434   2335   2336   7
r  2485   2336   2433   7
r  2239   2439   2437   7
r  2241   2341   2389   7
r  2243   2296   2396   7
r  2096   2047   2045   7
r  1947   1848   1847   7
r  1898   1998   2050   7
r  1997   1847   1946   7
r  1899   1850   1948   7
r  2000   1998   1899   7
r  2487   2338   2389   7
r  2388   2489   2487   7
r  2488   2389   2289   7
r  2291   2389   2289   7
r  2390   2290   2289   7
r  2194   2246   2197   7
r  2148   2197   2248   7
r  2099   2199   2249   7
r  1949   2000   1998   7
r  2100   1899   2248   7
r  1950   1898   1899   7
r  2049   1900   1899   7
r  2489   2289   2438   7
r  2491   2443   2389   7
r  2247   2194   2349   7
r  2295   2446   2396   7
r  2346   2246   2248   7
r  2446   2497   2449   7
r  2347   2394   2344   7
r  2398   2497   2349   7
r  2450   2350   2248   7
r  2150   2248   2396   7
r  2445   2496   2396   7
r  2297   2299   2396   7
r  2399   2248   2396   7
r  2250   2248   2396   7
r  2449   2298   2396   7
r  2498   2349   2396   7
r  2444   2495   2396   7
r  2499   2400   2396   7
r  2196   2194   2396   7
r  2296   2396   2394   7
r  2198   2249   2349   7
r  2199   2396   2248   7
r  2442   2341   2393   7
r  2447   2248   2449   7
r  2400   2449   2349   7
r  2350   2448   2497   7
r  2300   2249   2248   7
r  2299   2396   2248   7
r  1   103   102   8
r  2   51   104   8
r  104   156   203   8
r  151   203   104   8
r  3   52   104   8
r  154   103   102   8
r  105   102   203   8
r  153   156   202   8
r  55   203   103   8
r  205   153   105   8
r  253   102   202   8
r  152   303   104   8
r  57   6   104   8
r  252   102   104   8
r  353   202   104   8
r  255   306   104   8
r  157   258   104   8
r  53   154   104   8
r  202   151   104   8
r  56   58   104   8
r  158   207   104   8
r  201   104   102   8
r  156   258   203   8
r  206   104   107   8
r  6   104   157   8
r  303   104   203   8
r  251   304   203   8
r  402   302   502   8
r  307   258   207   8
r  9   110   11   8
r  110   161   13   8
r  60   113   114   8
r  10   12   61   8
r  502   553   603   8
r  11   110   161   8
r  12   14   64   8
r  552   603   752   8
r  551   603   701   8
r  603   554   652   8
r  507   458   606   8
r  14   110   114   8
r  263   312   162   8
r  165   114   213   8
r  313   264   163   8
r  602   702   701   8
r  651   603   654   8
r  751   802   702   8
r  702   651   653   8
r  601   603   702   8
r  801   704   603   8
r  605   705   556   8
r  510   513   461   8
r  118   121   169   8
r  314   365   266   8
r  119   219   67   8
r  121   73   19   8
r  754   603   752   8
r  902   951   1053   8
r  705   806   753   8
r  708   608   558   8
r  659   558   608   8
r  412   511   461   8
r  562   513   514   8
r  464   515   513   8
r  366   267   468   8
r  20   123   121   8
r  122   124   71   8
r  172   123   124   8
r  74   122   121   8
r  24   122   73   8
r  901   952   1053   8
r  951   1002   1053   8
r  955   1006   1053   8
r  1004   956   903   8
r  21   124   123   8
r  22   73   122   8
r  173   19   22   8
r  75   176   124   8
r  1001   1053   952   8
r  1051   1003   1103   8
r  1152   1003   1053   8
r  1202   1302   1053   8
r  1253   1205   1053   8
r  812   760   860   8
r  715   667   615   8
r  913   915   860   8
r  369   417   468   8
r  568   468   667   8
r  127   82   130   8
r  175   278   226   8
r  1055   1203   1155   8
r  1255   1053   1203   8
r  371   322   374   8
r  372   469   274   8
r  177   26   179   8
r  128   179   82   8
r  31   179   127   8
r  78   80   179   8
r  81   32   179   8
r  33   84   179   8
r  34   135   179   8
r  1158   1107   1156   8
r  1351   1302   1452   8
r  1451   1351   1302   8
r  1452   1401   1403   8
r  1401   1352   1603   8
r  916   965   868   8
r  1062   964   1163   8
r  1063   1112   1163   8
r  1113   1064   1212   8
r  621   720   770   8
r  673   774   771   8
r  29   179   128   8
r  32   179   80   8
r  181   179   80   8
r  1356   1256   1407   8
r  1501   1302   1352   8
r  1403   1302   1603   8
r  1551   1401   1603   8
r  817   918   865   8
r  967   865   1021   8
r  1068   1066   1170   8
r  85   133   134   8
r  184   135   233   8
r  183   84   134   8
r  185   84   138   8
r  136   236   89   8
r  1601   1652   1702   8
r  1801   1902   1652   8
r  1607   1707   1603   8
r  1651   1602   1603   8
r  1705   1754   1603   8
r  1851   1702   1603   8
r  1854   1803   1603   8
r  1805   1706   1603   8
r  1802   1851   1603   8
r  1118   1170   1069   8
r  675   726   724   8
r  580   629   679   8
r  383   282   283   8
r  483   532   583   8
r  37   89   137   8
r  533   585   587   8
r  186   237   138   8
r  89   87   137   8
r  188   87   38   8
r  90   87   138   8
r  39   87   137   8
r  40   138   137   8
r  1752   1603   1754   8
r  534   587   583   8
r  139   137   87   8
r  41   93   94   8
r  1559   1510   1459   8
r  1856   1756   1807   8
r  1903   1952   2054   8
r  2002   1951   1853   8
r  2051   1951   1853   8
r  2001   1952   1903   8
r  1368   1268   1415   8
r  1516   1468   1518   8
r  1272   1372   1421   8
r  1421   1470   1522   8
r  929   828   829   8
r  639   537   587   8
r  142   93   191   8
r  95   146   98   8
r  44   98   191   8
r  292   340   243   8
r  439   490   340   8
r  92   94   98   8
r  93   191   145   8
r  42   94   91   8
r  1907   2009   1909   8
r  2102   2202   2352   8
r  2105   2156   2054   8
r  1811   1760   1864   8
r  1908   2108   1910   8
r  1958   1909   1858   8
r  1614   1565   1761   8
r  1371   1272   1323   8
r  1473   1470   1421   8
r  1125   975   1074   8
r  1176   1225   1227   8
r  1077   1126   1024   8
r  1027   1076   1126   8
r  882   733   931   8
r  194   146   94   8
r  46   149   146   8
r  144   146   98   8
r  96   198   98   8
r  2152   2154   2302   8
r  2203   2152   2405   8
r  2155   2054   2206   8
r  2151   2203   2202   8
r  2111   2011   1962   8
r  1864   1861   1962   8
r  2255   2203   2302   8
r  2205   2157   2207   8
r  2154   2206   2203   8
r  1714   1716   1667   8
r  1813   1762   1862   8
r  642   691   590   8
r  789   838   890   8
r  195   141   149   8
r  196   100   149   8
r  197   146   98   8
r  47   146   149   8
r  48   146   149   8
r  50   146   149   8
r  247   145   146   8
r  348   297   146   8
r  49   149   146   8
r  200   149   146   8
r  199   48   146   8
r  100   149   98   8
r  198   146   98   8
r  400   149   98   8
r  248   146   98   8
r  300   149   98   8
r  350   299   98   8
r  442   342   493   8
r  392   340   443   8
r  296   197   146   8
r  2204   2206   2156   8
r  2201   2153   2302   8
r  2353   2302   2202   8
r  2351   2302   2202   8
r  2252   2352   2153   8
r  2451   2202   2302   8
r  2452   2302   2202   8
r  2401   2202   2203   8
r  2251   2153   2203   8
r  2305   2455   2203   8
r  2402   2202   2153   8
r  2405   2306   2407   8
r  2301   2202   2352   8
r  2356   2307   2455   8
r  2456   2356   2355   8
r  2406   2404   2307   8
r  1181   1183   1081   8
r  935   1035   1037   8
r  644   547   696   8
r  298   149   146   8
r  147   98   149   8
r  249   98   198   8
r  250   149   146   8
r  299   98   149   8
r  494   446   646   8
r  2304   2203   2202   8
r  2453   2203   2202   8
r  2408   2355   2405   8
r  2457   2356   2307   8
r  1676   1727   1624   8
r  1086   1035   1135   8
r  1088   1040   987   8
r  645   596   546   8
r  597   646   696   8
r  544   646   644   8
r  697   596   644   8
r  448   397   399   8
r  447   498   399   8
r  550   499   399   8
r  595   695   646   8
r  2409   2458   2360   8
r  2067   2016   1965   8
r  2215   2213   2164   8
r  2266   2218   2215   8
r  2318   2420   2419   8
r  2309   2311   2361   8
r  2459   2361   2360   8
r  1873   1871   1725   8
r  1338   1238   1287   8
r  1482   1534   1584   8
r  1580   1529   1680   8
r  596   644   647   8
r  598   549   498   8
r  650   850   699   8
r  749   850   599   8
r  748   699   850   8
r  2410   2412   2459   8
r  2460   2412   2360   8
r  2367   2318   2416   8
r  2362   2413   2415   8
r  2415   2412   2360   8
r  2465   2365   2360   8
r  2319   2368   2372   8
r  2419   2370   2367   8
r  2461   2360   2412   8
r  2411   2360   2460   8
r  1631   1730   1682   8
r  996   945   846   8
r  1045   1094   996   8
r  797   899   748   8
r  700   850   698   8
r  800   749   699   8
r  798   847   850   8
r  2468   2420   2371   8
r  2270   2321   2319   8
r  2464   2412   2413   8
r  2469   2422   2421   8
r  1974   1921   2124   8
r  2025   1973   1977   8
r  1734   1785   1836   8
r  1246   1297   1248   8
r  950   850   848   8
r  2473   2470   2374   8
r  2322   2319   2420   8
r  2374   2376   2420   8
r  2174   2176   2275   8
r  2324   2424   2272   8
r  2028   1929   1980   8
r  1492   1441   1593   8
r  1788   1739   1737   8
r  1047   1098   1099   8
r  998   1047   1150   8
r  1100   1049   998   8
r  1150   1099   1098   8
r  1049   997   1098   8
r  1048   1099   1097   8
r  1000   900   899   8
r  1247   1099   1199   8
r  999   1097   1099   8
r  2425   2427   2477   8
r  1932   2031   1832   8
r  1592   1541   1693   8
r  1198   1400   1099   8
r  1297   1248   1498   8
r  1250   1099   1247   8
r  1300   1198   1248   8
r  1299   1198   1498   8
r  2376   2325   2427   8
r  2277   2328   2430   8
r  2329   2227   2430   8
r  1398   1449   1498   8
r  1446   1448   1397   8
r  2478   2328   2379   8
r  2428   2477   2430   8
r  2281   2380   2381   8
r  1645   1647   1596   8
r  1647   1696   1496   8
r  2183   1982   2181   8
r  1943   1992   2045   8
r  2186   2382   2184   8
r  1548   1450   1599   8
r  2332   2334   2430   8
r  2482   2334   2430   8
r  2484   2433   2430   8
r  2233   2334   2430   8
r  2282   2381   2430   8
r  2284   2286   2430   8
r  1846   1897   1794   8
r  1847   1896   1794   8
r  1648   1599   1748   8
r  2235   2287   2334   8
r  2386   2434   2334   8
r  1897   1895   1795   8
r  2337   2438   2389   8
r  2289   2340   2437   8
r  2094   2147   2142   8
r  2047   2045   1998   8
r  1949   1998   1946   8
r  2486   2388   2336   8
r  1700   1998   1800   8
r  1800   1849   1899   8
r  1799   1850   2050   8
r  2387   2439   2289   8
r  1898   2000   1998   8
r  2338   2389   2289   8
r  2439   2289   2437   8
r  2488   2439   2389   8
r  2438   2389   2289   8
r  2489   2487   2289   8
r  2490   2389   2289   8
r  2295   2396   2243   8
r  2294   2346   2449   8
r  2195   2296   2396   8
r  2340   2489   2389   8
r  2099   2148   2396   8
r  2146   2195   2396   8
r  1999   1849   1948   8
r  2049   2000   1998   8
r  1850   1998   1899   8
r  2391   2343   2389   8
r  2197   2249   2349   8
r  2247   2349   2396   8
r  2392   2394   2443   8
r  2345   2396   2349   8
r  2296   2345   2396   8
r  2446   2449   2295   8
r  2449   2396   2249   8
r  2346   2248   2449   8
r  2495   2447   2446   8
r  2450   2248   2349   8
r  2498   2397   2349   8
r  2248   2449   2396   8
r  2199   2248   2396   8
r  2249   2349   2396   8
r  2349   2297   2396   8
r  2447   2349   2396   8
r  2448   2248   2396   8
r  2400   2497   2396   8
r  2500   2449   2396   8
r  2198   2349   2396   8
r  2299   2248   2396   8
r  2149   2248   2396   8
r  2442   2393   2396   8
r  2150   2396   2349   8
r  2496   2396   2349   8
r  2398   2396   2449   8
r  2399   2396   2248   8
r  2200   2198   2248   8
r  2300   2199   2249   8
r  2350   2449   2248   8
r  51   54   203   9
r  101   203   104   9
r  103   52   202   9
r  3   54   203   9
r  106   55   258   9
r  154   205   203   9
r  153   202   102   9
r  201   302   104   9
r  156   107   104   9
r  6   157   104   9
r  301   203   104   9
r  251   203   104   9
r  303   352   104   9
r  5   104   102   9
r  204   104   102   9
r  351   302   203   9
r  451   502   403   9
r  401   353   503   9
r  60   114   113   9
r  161   59   110   9
r  554   454   403   9
r  552   701   603   9
r  11   161   114   9
r  111   11   60   9
r  13   113   114   9
r  12   110   114   9
r  63   60   112   9
r  164   115   112   9
r  14   114   113   9
r  507   556   607   9
r  313   213   211   9
r  602   701   702   9
r  651   654   603   9
r  751   702   653   9
r  601   752   603   9
r  802   902   654   9
r  801   752   702   9
r  704   752   603   9
r  851   853   603   9
r  654   752   652   9
r  16   115   114   9
r  167   67   114   9
r  214   216   163   9
r  166   114   66   9
r  606   655   558   9
r  656   604   558   9
r  69   20   121   9
r  904   955   1053   9
r  905   954   1053   9
r  1102   1053   903   9
r  1001   952   1053   9
r  119   67   68   9
r  220   119   124   9
r  120   118   19   9
r  72   74   121   9
r  22   124   121   9
r  24   73   123   9
r  710   809   860   9
r  318   418   316   9
r  1151   1202   1155   9
r  956   907   1053   9
r  1055   1104   1053   9
r  1154   1203   1053   9
r  1252   1203   1053   9
r  759   711   860   9
r  75   126   174   9
r  615   617   566   9
r  762   813   860   9
r  863   965   860   9
r  914   865   860   9
r  959   1008   860   9
r  1153   1054   1155   9
r  1105   1053   1255   9
r  1007   1005   907   9
r  1251   1053   1203   9
r  1352   1452   1252   9
r  76   179   80   9
r  1011   1163   963   9
r  421   372   374   9
r  1402   1502   1453   9
r  1501   1401   1302   9
r  1452   1353   1401   9
r  1351   1452   1402   9
r  1502   1302   1603   9
r  77   80   128   9
r  128   82   179   9
r  28   178   179   9
r  129   80   82   9
r  31   82   179   9
r  27   125   80   9
r  78   129   80   9
r  29   128   179   9
r  181   80   179   9
r  280   329   179   9
r  32   80   179   9
r  135   137   179   9
r  718   769   667   9
r  965   1016   866   9
r  1161   1258   1163   9
r  1405   1407   1603   9
r  1454   1505   1603   9
r  1455   1403   1603   9
r  230   179   80   9
r  327   329   376   9
r  131   179   82   9
r  133   35   235   9
r  34   179   135   9
r  86   134   35   9
r  184   233   135   9
r  1068   1170   1169   9
r  1262   1211   1163   9
r  574   525   526   9
r  775   724   723   9
r  674   574   725   9
r  1456   1356   1603   9
r  1752   1801   1603   9
r  1806   1906   1603   9
r  1803   1754   1603   9
r  1853   1951   1603   9
r  1807   1756   1603   9
r  1902   1853   1603   9
r  1659   1608   1560   9
r  428   377   477   9
r  237   89   138   9
r  89   38   188   9
r  1118   1069   1220   9
r  626   575   726   9
r  825   924   925   9
r  1362   1413   1463   9
r  1706   1603   1704   9
r  1801   1603   1702   9
r  1901   1852   1853   9
r  1954   1903   1853   9
r  1905   1854   1853   9
r  1951   1903   1902   9
r  1559   1459   1458   9
r  433   484   333   9
r  187   135   138   9
r  139   87   137   9
r  40   87   138   9
r  1267   1316   1416   9
r  1270   1169   1221   9
r  1512   1413   1461   9
r  2101   2052   2203   9
r  1859   1808   1908   9
r  1470   1419   1521   9
r  1465   1416   1517   9
r  831   882   829   9
r  2152   2302   2203   9
r  2352   2203   2405   9
r  2151   2302   2203   9
r  2153   2202   2302   9
r  1912   1961   1763   9
r  1863   1912   1962   9
r  733   684   682   9
r  486   587   585   9
r  95   98   146   9
r  92   43   191   9
r  93   91   191   9
r  42   91   191   9
r  194   196   191   9
r  143   194   145   9
r  94   191   98   9
r  1419   1468   1521   9
r  1420   1520   1469   9
r  1471   1370   1469   9
r  2306   2355   2405   9
r  2253   2352   2202   9
r  2204   2156   2206   9
r  2201   2302   2352   9
r  2353   2202   2302   9
r  2351   2202   2302   9
r  2403   2302   2405   9
r  2252   2153   2352   9
r  2301   2303   2203   9
r  2453   2402   2203   9
r  2304   2404   2203   9
r  2455   2306   2203   9
r  2402   2153   2202   9
r  2251   2203   2302   9
r  2303   2203   2352   9
r  2011   1962   2009   9
r  1715   1719   1718   9
r  1668   1666   1617   9
r  45   191   94   9
r  43   191   98   9
r  144   98   146   9
r  1326   1375   1277   9
r  2452   2203   2302   9
r  2404   2203   2202   9
r  2451   2203   2202   9
r  2401   2203   2202   9
r  2456   2306   2407   9
r  2407   2306   2307   9
r  2457   2307   2408   9
r  2064   2113   2164   9
r  591   643   642   9
r  788   837   887   9
r  246   298   146   9
r  197   98   146   9
r  46   98   149   9
r  196   149   145   9
r  350   98   145   9
r  47   149   146   9
r  147   149   98   9
r  249   198   98   9
r  400   98   149   9
r  250   298   98   9
r  48   299   146   9
r  50   98   146   9
r  198   98   146   9
r  248   98   146   9
r  299   149   146   9
r  49   146   149   9
r  200   146   149   9
r  298   146   98   9
r  349   146   98   9
r  493   393   392   9
r  346   394   444   9
r  1427   1375   1327   9
r  1478   1429   1427   9
r  2408   2405   2355   9
r  2266   2215   2164   9
r  1868   1817   1866   9
r  594   645   596   9
r  496   395   498   9
r  1677   1578   1626   9
r  1528   1579   1680   9
r  1037   1085   1135   9
r  1036   934   1135   9
r  1087   1085   1135   9
r  1137   1237   1135   9
r  2409   2360   2361   9
r  2119   1969   2220   9
r  2219   2171   2272   9
r  2313   2360   2361   9
r  2462   2310   2459   9
r  2463   2415   2465   9
r  2460   2361   2412   9
r  2461   2412   2360   9
r  2411   2462   2360   9
r  842   840   793   9
r  1086   1135   1037   9
r  645   696   596   9
r  597   696   646   9
r  449   498   599   9
r  499   399   450   9
r  595   646   696   9
r  1775   1824   1675   9
r  1531   1533   1580   9
r  1534   1582   1481   9
r  1583   1581   1432   9
r  2413   2360   2361   9
r  2369   2318   2420   9
r  2470   2368   2367   9
r  2422   2420   2374   9
r  2469   2421   2471   9
r  698   649   599   9
r  549   399   498   9
r  548   699   599   9
r  648   498   699   9
r  748   850   699   9
r  1683   1634   1782   9
r  1636   1585   1582   9
r  1922   2022   1971   9
r  2371   2319   2272   9
r  2325   2374   2272   9
r  2474   2423   2420   9
r  2473   2420   2422   9
r  1144   1044   1146   9
r  1243   1295   1245   9
r  799   600   850   9
r  900   898   748   9
r  1341   1339   1390   9
r  1441   1390   1439   9
r  2024   2124   2123   9
r  2327   2278   2430   9
r  1097   1099   948   9
r  849   900   898   9
r  950   899   850   9
r  947   898   1099   9
r  1638   1636   1689   9
r  2426   2428   2475   9
r  2228   2279   2430   9
r  2378   2327   2430   9
r  2377   2326   2430   9
r  2229   2180   2081   9
r  1150   1098   1248   9
r  1050   899   948   9
r  1048   948   1099   9
r  999   1099   1097   9
r  1000   949   948   9
r  1544   1596   1546   9
r  1688   1737   1690   9
r  1887   1889   1890   9
r  2382   2331   2334   9
r  2482   2383   2431   9
r  2232   2183   2430   9
r  2334   2285   2430   9
r  2384   2335   2430   9
r  2434   2334   2430   9
r  2433   2480   2430   9
r  1200   1247   1099   9
r  1298   1346   1199   9
r  1350   1399   1498   9
r  1347   1345   1498   9
r  1642   1693   1594   9
r  1395   1397   1498   9
r  1496   1597   1498   9
r  1936   1885   2033   9
r  2132   2181   2130   9
r  2483   2430   2431   9
r  2233   2430   2334   9
r  2435   2384   2334   9
r  2286   2386   2334   9
r  1400   1347   1498   9
r  1842   1893   1942   9
r  2040   2088   2089   9
r  2337   2439   2289   9
r  2438   2289   2389   9
r  2237   2239   2289   9
r  1499   1599   1399   9
r  1649   1598   1498   9
r  2189   2289   2389   9
r  2288   2389   2437   9
r  2390   2489   2437   9
r  2490   2291   2389   9
r  2439   2437   2289   9
r  2340   2291   2289   9
r  2391   2389   2289   9
r  2440   2492   2289   9
r  2488   2289   2388   9
r  1550   1498   1599   9
r  1848   1998   2050   9
r  2243   2396   2241   9
r  2050   1899   1946   9
r  2441   2438   2291   9
r  2291   2289   2389   9
r  2492   2490   2389   9
r  2443   2490   2389   9
r  2342   2443   2396   9
r  1799   2050   1899   9
r  1849   1998   2000   9
r  2000   1948   1998   9
r  1997   1946   1899   9
r  2194   2197   2396   9
r  2244   2246   2396   9
r  2295   2293   2396   9
r  2195   2246   2243   9
r  2145   2246   2396   9
r  2246   2197   2396   9
r  2147   2198   2396   9
r  2148   2199   2396   9
r  2100   2248   1948   9
r  1950   2050   1998   9
r  1850   1899   1948   9
r  2345   2398   2396   9
r  2296   2394   2349   9
r  2196   2145   2349   9
r  2449   2249   2396   9
r  2397   2449   2349   9
r  2197   2248   2396   9
r  2346   2398   2349   9
r  2447   2449   2349   9
r  2448   2349   2248   9
r  2500   2400   2349   9
r  2496   2349   2396   9
r  2398   2449   2396   9
r  2348   2299   2396   9
r  2298   2349   2396   9
r  2300   2248   2396   9
r  2350   2248   2396   9
r  2399   2248   2396   9
r  2200   2349   2396   9
r  2347   2396   2349   9
r  2498   2396   2449   9
r  2299   2396   2449   9
r  2250   2396   2248   9
r  1   102   55   10
r  51   104   102   10
r  2   104   102   10
r  55   103   102   10
r  101   104   203   10
r  52   352   103   10
r  54   105   203   10
r  105   203   102   10
r  153   102   202   10
r  157   208   203   10
r  53   102   203   10
r  301   202   203   10
r  5   102   104   10
r  204   102   104   10
r  206   107   104   10
r  108   7   104   10
r  254   156   104   10
r  356   305   104   10
r  307   358   104   10
r  205   104   55   10
r  201   104   203   10
r  452   501   553   10
r  402   502   203   10
r  6   104   108   10
r  357   355   406   10
r  451   352   503   10
r  9   161   110   10
r  111   60   59   10
r  114   65   59   10
r  501   603   403   10
r  11   114   110   10
r  551   701   603   10
r  61   110   163   10
r  63   112   65   10
r  164   112   212   10
r  15   113   66   10
r  14   63   114   10
r  166   66   114   10
r  117   217   114   10
r  68   19   114   10
r  556   657   558   10
r  507   607   558   10
r  752   603   703   10
r  802   654   652   10
r  803   752   702   10
r  703   801   652   10
r  753   804   603   10
r  852   1053   603   10
r  805   705   603   10
r  754   805   603   10
r  654   652   752   10
r  17   19   118   10
r  168   217   19   10
r  69   121   169   10
r  509   657   609   10
r  656   558   557   10
r  659   608   558   10
r  169   266   67   10
r  119   68   67   10
r  1004   955   1102   10
r  1102   1054   1053   10
r  1052   1003   903   10
r  1001   1003   1052   10
r  807   758   856   10
r  170   122   19   10
r  20   121   123   10
r  71   123   19   10
r  21   123   121   10
r  123   72   121   10
r  73   25   121   10
r  661   712   860   10
r  565   663   468   10
r  662   611   860   10
r  957   1056   1053   10
r  1151   1155   1203   10
r  1153   1254   1053   10
r  1105   1255   1053   10
r  1007   907   1053   10
r  1201   1253   1053   10
r  1155   1203   1053   10
r  1303   1352   1053   10
r  22   121   124   10
r  173   122   73   10
r  25   23   124   10
r  813   860   762   10
r  859   810   862   10
r  960   909   860   10
r  420   418   468   10
r  1204   1155   1352   10
r  1302   1452   1603   10
r  76   80   179   10
r  126   122   179   10
r  26   179   80   10
r  176   225   276   10
r  1354   1405   1603   10
r  1351   1402   1452   10
r  1402   1453   1603   10
r  1451   1502   1352   10
r  27   179   128   10
r  129   127   80   10
r  279   178   179   10
r  131   82   179   10
r  133   235   179   10
r  426   477   378   10
r  671   771   770   10
r  1404   1304   1603   10
r  1355   1404   1603   10
r  1452   1403   1603   10
r  1357   1257   1208   10
r  1210   1161   1162   10
r  1653   1755   1702   10
r  1902   1904   1853   10
r  1406   1404   1603   10
r  1657   1609   1603   10
r  1755   1906   1603   10
r  1706   1704   1603   10
r  1801   1652   1603   10
r  1852   1702   1603   10
r  1757   1703   1603   10
r  1903   2054   1603   10
r  28   179   80   10
r  31   179   80   10
r  30   179   128   10
r  232   281   135   10
r  85   134   36   10
r  185   236   134   10
r  136   237   138   10
r  183   134   235   10
r  1114   1163   1111   10
r  1260   1309   1163   10
r  1313   1212   1163   10
r  1263   1312   1162   10
r  969   1020   1018   10
r  1751   1603   1702   10
r  1802   1603   1702   10
r  1851   1603   1853   10
r  1952   2003   1853   10
r  1953   1902   1853   10
r  1951   1902   1853   10
r  2003   2256   1853   10
r  1901   1853   1904   10
r  186   138   89   10
r  1221   1219   1120   10
r  1270   1221   1169   10
r  1311   1260   1410   10
r  1364   1214   1415   10
r  874   825   826   10
r  1361   1363   1412   10
r  1362   1463   1413   10
r  2001   1903   1952   10
r  2102   2203   2202   10
r  2101   2153   2352   10
r  139   190   87   10
r  238   87   137   10
r  90   137   88   10
r  239   138   137   10
r  928   877   779   10
r  1315   1415   1414   10
r  1610   1661   1662   10
r  2202   2403   2353   10
r  2151   2202   2302   10
r  2203   2405   2352   10
r  2153   2302   2202   10
r  1811   1762   1763   10
r  682   634   782   10
r  1470   1521   1421   10
r  1321   1272   1421   10
r  1421   1521   1423   10
r  2058   2112   2010   10
r  2256   2205   2203   10
r  2351   2302   2202   10
r  2251   2302   2203   10
r  2201   2203   2302   10
r  2252   2203   2303   10
r  2253   2302   2352   10
r  2451   2202   2352   10
r  2401   2302   2352   10
r  2405   2456   2202   10
r  2303   2352   2203   10
r  2404   2355   2203   10
r  2301   2352   2202   10
r  2255   2302   2155   10
r  2204   2206   2405   10
r  2354   2202   2302   10
r  2454   2202   2302   10
r  2453   2202   2302   10
r  2304   2202   2302   10
r  2452   2202   2203   10
r  2457   2405   2203   10
r  2356   2405   2203   10
r  1910   1859   2009   10
r  2011   1960   2112   10
r  488   490   587   10
r  42   93   146   10
r  94   98   191   10
r  43   98   191   10
r  340   592   491   10
r  193   191   146   10
r  1468   1318   1521   10
r  1371   1323   1373   10
r  1373   1272   1324   10
r  1424   1524   1421   10
r  1715   1718   1667   10
r  2107   2159   2208   10
r  2306   2405   2355   10
r  2257   2208   2259   10
r  2458   2406   2405   10
r  2217   2268   2164   10
r  2016   1964   1967   10
r  1915   1966   1967   10
r  194   191   98   10
r  45   94   146   10
r  96   98   145   10
r  93   191   149   10
r  144   93   98   10
r  342   345   146   10
r  391   440   443   10
r  591   642   491   10
r  592   540   640   10
r  542   490   590   10
r  1178   1130   1129   10
r  1768   1868   1667   10
r  1668   1665   1666   10
r  2358   2259   2407   10
r  2459   2360   2361   10
r  2409   2460   2360   10
r  2309   2360   2459   10
r  2360   2414   2413   10
r  2265   2164   2213   10
r  1918   1967   1866   10
r  2318   2416   2367   10
r  838   890   887   10
r  886   938   890   10
r  936   1085   1037   10
r  691   693   642   10
r  197   298   98   10
r  46   149   98   10
r  350   149   146   10
r  47   146   149   10
r  100   146   149   10
r  196   145   149   10
r  147   47   149   10
r  300   98   149   10
r  348   98   149   10
r  250   98   149   10
r  50   149   98   10
r  49   98   146   10
r  200   149   146   10
r  298   98   146   10
r  349   149   146   10
r  297   145   98   10
r  296   146   98   10
r  198   146   98   10
r  248   146   98   10
r  299   146   98   10
r  2460   2412   2361   10
r  2461   2360   2413   10
r  2411   2360   2409   10
r  2410   2459   2412   10
r  2412   2361   2461   10
r  2465   2414   2361   10
r  2313   2362   2360   10
r  2464   2415   2360   10
r  891   942   889   10
r  941   992   840   10
r  986   1037   1135   10
r  693   793   792   10
r  544   647   596   10
r  1773   1824   1874   10
r  1086   1037   1135   10
r  2463   2360   2414   10
r  2418   2467   2420   10
r  2467   2416   2420   10
r  2469   2471   2367   10
r  2472   2420   2367   10
r  2420   2367   2422   10
r  942   1043   996   10
r  645   546   696   10
r  695   697   644   10
r  547   596   644   10
r  746   647   644   10
r  449   599   498   10
r  447   500   498   10
r  549   498   399   10
r  448   399   499   10
r  1582   1682   1584   10
r  1483   1481   1582   10
r  1581   1681   1632   10
r  1922   1971   2022   10
r  2273   2222   2420   10
r  2172   2221   2223   10
r  2173   2124   2275   10
r  2375   2427   2272   10
r  2471   2420   2272   10
r  2423   2374   2272   10
r  2473   2422   2420   10
r  2373   2375   2422   10
r  2424   2323   2420   10
r  2474   2420   2422   10
r  1044   1042   1095   10
r  600   699   850   10
r  650   699   748   10
r  750   850   599   10
r  1728   1726   1629   10
r  1239   1339   1191   10
r  2477   2327   2430   10
r  997   1099   1097   10
r  896   845   795   10
r  797   748   699   10
r  749   599   850   10
r  700   698   850   10
r  1977   1926   1875   10
r  1830   1828   1929   10
r  1784   1832   1933   10
r  2426   2477   2430   10
r  2278   2179   2430   10
r  2429   2328   2334   10
r  1047   948   998   10
r  998   1150   1050   10
r  1097   948   1099   10
r  1243   1241   1194   10
r  900   748   898   10
r  949   898   1097   10
r  950   850   898   10
r  1442   1291   1444   10
r  1879   1779   1830   10
r  2378   2326   2427   10
r  2030   2130   2181   10
r  2332   2431   2381   10
r  2483   2431   2430   10
r  2336   2435   2430   10
r  2436   2385   2430   10
r  2186   2184   2430   10
r  2381   2432   2334   10
r  1099   998   1000   10
r  1000   948   1049   10
r  999   1097   1099   10
r  1050   948   1099   10
r  1100   998   948   10
r  1198   1498   1097   10
r  1249   1198   1097   10
r  1197   1248   1498   10
r  1542   1593   1442   10
r  2132   2183   2081   10
r  2482   2430   2334   10
r  2282   2430   2334   10
r  2285   2289   2334   10
r  2331   2430   2334   10
r  2485   2334   2336   10
r  1149   1097   1248   10
r  1299   1498   1150   10
r  1250   1247   1199   10
r  1297   1498   1248   10
r  1400   1498   1248   10
r  1396   1445   1498   10
r  1544   1546   1596   10
r  1842   1942   1890   10
r  2338   2289   2389   10
r  2438   2336   2289   10
r  2290   2389   2390   10
r  1348   1248   1498   10
r  1550   1599   1498   10
r  1694   1647   1596   10
r  1743   1794   1694   10
r  1894   1943   1843   10
r  2488   2389   2289   10
r  2238   2235   2389   10
r  2441   2291   2289   10
r  2491   2442   2289   10
r  2189   2290   2289   10
r  2492   2443   2289   10
r  2443   2440   2289   10
r  2391   2289   2389   10
r  2392   2443   2389   10
r  2442   2396   2389   10
r  1699   1648   1697   10
r  1750   1799   1599   10
r  1795   1797   1847   10
r  1897   1795   1794   10
r  1946   1948   1997   10
r  2493   2392   2396   10
r  2243   2241   2396   10
r  1800   1899   1948   10
r  1947   1998   1899   10
r  2193   2191   2396   10
r  2095   2093   2396   10
r  2047   1998   1899   10
r  2445   2394   2349   10
r  2294   2449   2349   10
r  1900   1948   1849   10
r  1850   1948   1998   10
r  2000   1998   1948   10
r  1949   1946   1998   10
r  2097   2045   2396   10
r  2098   2045   2046   10
r  2049   1899   1948   10
r  1950   1899   1948   10
r  2446   2295   2449   10
r  2296   2349   2248   10
r  2199   2250   2349   10
r  2448   2248   2349   10
r  2148   2248   2349   10
r  2150   2199   2396   10
r  2245   2145   2396   10
r  2498   2449   2396   10
r  2299   2449   2396   10
r  2250   2248   2396   10
r  2347   2349   2396   10
r  2500   2396   2449   10
r  2249   2396   2349   10
r  2198   2396   2349   10
r  2200   2396   2349   10
r  2348   2396   2449   10
r  2300   2396   2349   10
r  51   203   104   11
r  2   102   104   11
r  55   102   203   11
r  101   202   104   11
r  52   103   203   11
r  151   104   203   11
r  103   202   101   11
r  3   104   103   11
r  4   106   102   11
r  155   56   102   11
r  253   202   102   11
r  302   452   203   11
r  57   258   203   11
r  158   106   203   11
r  108   110   203   11
r  205   55   104   11
r  201   102   104   11
r  6   108   104   11
r  355   306   104   11
r  407   255   104   11
r  209   258   104   11
r  451   503   104   11
r  5   104   102   11
r  56   104   203   11
r  53   104   102   11
r  352   401   203   11
r  204   104   202   11
r  251   104   203   11
r  457   406   408   11
r  501   403   603   11
r  359   308   258   11
r  9   110   60   11
r  10   61   113   11
r  62   114   110   11
r  11   110   59   11
r  551   752   753   11
r  502   603   752   11
r  553   403   752   11
r  61   163   110   11
r  111   59   114   11
r  15   66   67   11
r  13   62   66   11
r  166   115   117   11
r  68   17   119   11
r  65   13   114   11
r  168   19   114   11
r  560   509   557   11
r  753   805   702   11
r  752   703   603   11
r  701   502   652   11
r  802   652   702   11
r  803   702   653   11
r  751   653   654   11
r  851   951   1053   11
r  805   704   1053   11
r  804   855   603   11
r  654   752   702   11
r  17   117   169   11
r  119   67   121   11
r  313   211   213   11
r  607   555   558   11
r  605   556   558   11
r  708   609   657   11
r  609   558   657   11
r  611   660   609   11
r  651   603   653   11
r  704   603   702   11
r  755   706   807   11
r  853   603   752   11
r  801   603   752   11
r  855   953   903   11
r  121   19   124   11
r  70   19   22   11
r  465   514   512   11
r  612   512   563   11
r  1103   1052   903   11
r  1005   905   903   11
r  1001   1052   1155   11
r  1055   1155   903   11
r  1102   903   1002   11
r  856   804   1053   11
r  1203   1104   1053   11
r  1301   1203   1053   11
r  1106   1104   1053   11
r  1206   1255   1053   11
r  1205   1254   1053   11
r  1004   1102   1103   11
r  1002   1054   953   11
r  21   122   124   11
r  22   124   121   11
r  23   123   121   11
r  316   365   368   11
r  369   519   267   11
r  466   469   417   11
r  762   860   811   11
r  813   762   860   11
r  911   964   862   11
r  958   960   860   11
r  1051   1053   1102   11
r  1059   1160   1208   11
r  1204   1253   1302   11
r  1302   1603   1502   11
r  1351   1502   1603   11
r  1352   1252   1603   11
r  72   121   123   11
r  173   73   124   11
r  74   121   22   11
r  174   123   179   11
r  418   469   520   11
r  1157   1155   1108   11
r  1451   1352   1603   11
r  1501   1352   1603   11
r  26   80   179   11
r  76   179   80   11
r  326   477   226   11
r  422   323   374   11
r  519   419   568   11
r  1014   963   1162   11
r  916   865   967   11
r  1751   1702   1603   11
r  1802   1853   1603   11
r  1756   1754   1603   11
r  1855   1906   1603   11
r  1856   1807   1603   11
r  1851   1853   1603   11
r  1708   1808   1603   11
r  1951   1853   1603   11
r  1857   1906   1603   11
r  1210   1162   1163   11
r  27   128   179   11
r  128   179   82   11
r  79   128   127   11
r  181   230   80   11
r  32   83   135   11
r  131   80   128   11
r  230   80   179   11
r  28   80   179   11
r  31   80   179   11
r  30   129   179   11
r  83   35   179   11
r  35   134   179   11
r  819   821   871   11
r  1114   1162   1163   11
r  1264   1215   1163   11
r  1709   1660   1657   11
r  1901   1904   1853   11
r  2001   1952   1853   11
r  2004   1956   1853   11
r  1954   1853   1952   11
r  1512   1461   1411   11
r  136   138   287   11
r  284   233   135   11
r  1268   1266   1415   11
r  1119   1270   1220   11
r  2054   2103   2206   11
r  2102   2352   2203   11
r  2111   1961   2009   11
r  2061   1961   1962   11
r  1861   1913   1864   11
r  382   331   283   11
r  287   289   137   11
r  334   383   283   11
r  1315   1364   1415   11
r  1072   1121   1123   11
r  2104   2256   2203   11
r  2103   1952   2156   11
r  2151   2302   2352   11
r  1910   2009   1958   11
r  1763   1862   1711   11
r  2060   2011   2112   11
r  1964   1815   1866   11
r  1813   1864   1861   11
r  1316   1415   1416   11
r  139   87   188   11
r  39   137   88   11
r  288   187   138   11
r  631   529   680   11
r  1369   1469   1421   11
r  1468   1521   1415   11
r  1273   1174   1421   11
r  1663   1714   1763   11
r  2256   2156   2106   11
r  2153   2202   2302   11
r  2201   2302   2203   11
r  2252   2352   2203   11
r  2254   2203   2352   11
r  2303   2203   2352   11
r  2301   2203   2352   11
r  2454   2203   2202   11
r  2253   2202   2302   11
r  2204   2405   2352   11
r  2403   2405   2302   11
r  2305   2356   2302   11
r  2455   2355   2302   11
r  2452   2302   2352   11
r  2451   2352   2203   11
r  2401   2202   2203   11
r  2255   2455   2203   11
r  2355   2406   2203   11
r  2458   2308   2203   11
r  2408   2404   2203   11
r  2456   2407   2203   11
r  2406   2307   2203   11
r  2453   2203   2352   11
r  2107   2158   2207   11
r  2160   2112   2108   11
r  1714   1816   1763   11
r  1915   1866   2015   11
r  2261   2360   2361   11
r  1715   1768   1718   11
r  585   683   587   11
r  535   533   583   11
r  534   583   587   11
r  486   588   587   11
r  586   534   635   11
r  827   928   977   11
r  1322   1421   1423   11
r  1374   1423   1421   11
r  1523   1571   1421   11
r  2306   2355   2407   11
r  2459   2361   2413   11
r  2116   1963   1965   11
r  1816   1718   1667   11
r  2265   2165   2164   11
r  2313   2360   2164   11
r  95   146   149   11
r  92   98   146   11
r  42   146   98   11
r  43   94   92   11
r  146   98   191   11
r  143   145   98   11
r  343   442   291   11
r  488   587   387   11
r  882   834   930   11
r  1478   1379   1328   11
r  2308   2360   2361   11
r  2461   2413   2360   11
r  2462   2360   2411   11
r  2411   2460   2360   11
r  2264   2164   2165   11
r  2362   2415   2413   11
r  2364   2413   2361   11
r  2412   2461   2361   11
r  2415   2413   2361   11
r  2464   2360   2361   11
r  2414   2363   2360   11
r  2365   2367   2360   11
r  1671   1722   1720   11
r  245   197   98   11
r  45   98   94   11
r  96   145   98   11
r  196   98   145   11
r  147   98   145   11
r  195   149   98   11
r  400   149   397   11
r  46   98   149   11
r  348   149   98   11
r  250   149   98   11
r  246   297   98   11
r  200   98   149   11
r  47   98   146   11
r  100   149   146   11
r  297   98   146   11
r  198   149   146   11
r  248   149   146   11
r  299   98   146   11
r  347   246   146   11
r  296   98   146   11
r  391   442   340   11
r  540   688   542   11
r  2463   2414   2360   11
r  2416   2368   2420   11
r  2467   2420   2368   11
r  2270   2272   2420   11
r  789   890   891   11
r  350   146   149   11
r  48   146   145   11
r  49   146   98   11
r  300   146   98   11
r  197   146   149   11
r  247   146   149   11
r  50   146   149   11
r  349   146   149   11
r  298   146   98   11
r  398   396   498   11
r  983   1032   1081   11
r  1034   1031   1081   11
r  1233   1132   1081   11
r  1182   1283   1133   11
r  1529   1578   1678   11
r  2022   1870   2124   11
r  2468   2367   2420   11
r  2471   2422   2420   11
r  2373   2422   2272   11
r  2472   2367   2420   11
r  2474   2422   2420   11
r  2473   2420   2272   11
r  2323   2374   2272   11
r  447   498   499   11
r  448   499   399   11
r  500   399   397   11
r  544   644   646   11
r  495   596   644   11
r  1435   1386   1486   11
r  1581   1532   1680   11
r  1727   1778   1678   11
r  1584   1533   1632   11
r  1534   1481   1582   11
r  2121   2172   2221   11
r  2072   2023   2074   11
r  1924   1973   2022   11
r  1875   1975   1725   11
r  2226   2272   2430   11
r  2176   2075   2124   11
r  2375   2272   2430   11
r  595   546   644   11
r  545   646   644   11
r  747   745   644   11
r  446   397   599   11
r  549   399   498   11
r  600   850   699   11
r  650   748   699   11
r  750   748   850   11
r  748   848   850   11
r  546   644   544   11
r  597   644   696   11
r  1731   1680   1733   11
r  1585   1534   1582   11
r  2024   2123   2124   11
r  2026   1978   1875   11
r  2177   2124   2179   11
r  2376   2430   2327   11
r  2427   2430   2334   11
r  2328   2279   2430   11
r  2279   2275   2430   11
r  996   846   895   11
r  797   898   850   11
r  700   849   748   11
r  949   1097   699   11
r  1241   1140   1189   11
r  1783   1683   1785   11
r  1979   2027   1977   11
r  1881   1933   1883   11
r  2380   2280   2334   11
r  2479   2431   2334   11
r  2481   2483   2334   11
r  2332   2381   2334   11
r  2434   2336   2334   11
r  2230   2181   2430   11
r  2335   2286   2430   11
r  2386   2334   2430   11
r  2233   2334   2430   11
r  2435   2334   2430   11
r  2482   2334   2430   11
r  2282   2334   2430   11
r  2285   2384   2430   11
r  2331   2231   2430   11
r  2485   2433   2430   11
r  2234   2182   2430   11
r  2286   2237   2430   11
r  997   948   1099   11
r  1143   1040   1242   11
r  1095   1146   1195   11
r  900   898   1000   11
r  950   898   850   11
r  1000   1049   850   11
r  948   1099   1097   11
r  999   1098   1097   11
r  1539   1689   1588   11
r  1589   1537   1439   11
r  1789   1791   1890   11
r  2180   2182   2183   11
r  2281   2430   2334   11
r  945   943   894   11
r  998   1050   1099   11
r  1097   1099   1248   11
r  1099   1199   1248   11
r  1492   1593   1392   11
r  1394   1392   1498   11
r  1838   1789   1887   11
r  2132   2130   2181   11
r  2338   2389   2289   11
r  2438   2389   2390   11
r  2490   2389   2437   11
r  2290   2341   2389   11
r  2137   2037   2088   11
r  2288   2437   2389   11
r  1100   948   1149   11
r  1148   1199   1097   11
r  1347   1396   1450   11
r  1297   1248   1498   11
r  1841   1792   1890   11
r  1938   1987   1890   11
r  2488   2388   2389   11
r  2491   2289   2290   11
r  2493   2442   2389   11
r  2190   2089   2289   11
r  2291   2389   2289   11
r  2391   2389   2289   11
r  2392   2389   2289   11
r  2241   2389   2289   11
r  2442   2389   2289   11
r  1200   1099   1148   11
r  1298   1199   1498   11
r  1300   1248   1199   11
r  1497   1347   1396   11
r  1990   2088   2139   11
r  1597   1498   1546   11
r  1847   1747   1800   11
r  1648   1650   1599   11
r  1650   1599   1699   11
r  2450   2349   2447   11
r  2296   2248   2349   11
r  2246   2297   2349   11
r  2298   2497   2349   11
r  2096   2098   2396   11
r  2048   2046   2396   11
r  2500   2449   2396   11
r  2249   2349   2396   11
r  2198   2349   2396   11
r  2200   2248   2396   11
r  2300   2349   2396   11
r  2348   2350   2396   11
r  2244   2396   2349   11
r  2295   2396   2349   11
r  1848   2000   1948   11
r  1899   1848   2050   11
r  2247   2396   2349   11
r  2297   2396   2349   11
r  2147   2396   2349   11
r  2149   2396   2349   11
r  2100   1998   1899   11
r  2245   2396   2349   11
r  1849   1948   1998   11
r  1850   2050   1899   11
r  2000   1948   1998   11
r  1   104   102   12
r  51   102   203   12
r  2   104   203   12
r  55   104   102   12
r  151   203   104   12
r  3   103   104   12
r  106   258   203   12
r  5   105   104   12
r  105   102   203   12
r  56   156   104   12
r  4   104   203   12
r  53   203   104   12
r  201   104   102   12
r  58   6   203   12
r  155   102   203   12
r  302   203   403   12
r  254   258   203   12
r  6   107   203   12
r  352   102   104   12
r  204   202   104   12
r  109   161   104   12
r  357   405   104   12
r  251   203   104   12
r  351   203   104   12
r  405   354   104   12
r  402   203   104   12
r  205   104   203   12
r  304   405   203   12
r  354   357   203   12
r  401   503   203   12
r  403   352   203   12
r  451   104   503   12
r  502   551   603   12
r  10   113   61   12
r  111   10   13   12
r  61   13   161   12
r  11   59   110   12
r  13   66   10   12
r  555   606   558   12
r  12   114   113   12
r  115   67   66   12
r  312   213   212   12
r  751   654   702   12
r  651   653   603   12
r  853   703   1053   12
r  801   702   603   12
r  601   702   752   12
r  703   603   752   12
r  852   952   1053   12
r  705   753   603   12
r  704   702   603   12
r  755   753   603   12
r  654   703   753   12
r  217   169   319   12
r  18   118   169   12
r  69   169   121   12
r  169   218   124   12
r  313   213   212   12
r  265   267   213   12
r  611   609   558   12
r  807   856   758   12
r  19   119   121   12
r  70   22   124   12
r  318   369   218   12
r  564   512   462   12
r  515   512   463   12
r  516   465   468   12
r  758   806   657   12
r  712   710   860   12
r  953   1102   1103   12
r  1005   1053   1002   12
r  952   1053   903   12
r  1006   1004   903   12
r  1102   1002   903   12
r  1105   1005   903   12
r  1152   1203   903   12
r  1153   1155   903   12
r  1051   1102   1053   12
r  1251   1203   1053   12
r  1254   1155   1053   12
r  1204   1302   1053   12
r  1353   1302   1053   12
r  1255   1203   1053   12
r  20   123   121   12
r  123   121   19   12
r  71   19   124   12
r  171   220   124   12
r  122   71   124   12
r  172   124   123   12
r  73   124   22   12
r  23   124   123   12
r  72   123   121   12
r  74   22   121   12
r  368   417   267   12
r  366   364   266   12
r  222   19   124   12
r  225   276   124   12
r  760   762   862   12
r  762   811   860   12
r  962   909   862   12
r  1011   962   860   12
r  1303   1053   1203   12
r  1302   1502   1603   12
r  76   127   179   12
r  569   518   468   12
r  1402   1603   1502   12
r  1306   1354   1308   12
r  1707   1656   1603   12
r  1955   1805   1603   12
r  1901   1853   1603   12
r  2001   1904   1603   12
r  1557   1505   1603   12
r  1904   1952   1603   12
r  2002   1853   1603   12
r  1905   1956   1603   12
r  1952   1853   1603   12
r  178   127   80   12
r  180   80   128   12
r  82   80   127   12
r  78   80   29   12
r  29   131   128   12
r  131   128   80   12
r  31   127   80   12
r  30   128   127   12
r  128   80   179   12
r  232   135   179   12
r  34   135   179   12
r  235   135   179   12
r  184   35   179   12
r  471   622   522   12
r  768   819   667   12
r  1062   1013   1113   12
r  1554   1603   1503   12
r  2003   1954   1952   12
r  1951   1603   1853   12
r  1954   1952   1853   12
r  28   179   80   12
r  181   179   135   12
r  182   36   134   12
r  185   138   137   12
r  233   282   135   12
r  285   283   135   12
r  1164   1213   1116   12
r  1363   1412   1411   12
r  2053   2156   2206   12
r  2101   2203   2202   12
r  2007   1958   1908   12
r  1912   1763   1863   12
r  2012   2112   2010   12
r  2010   2111   2112   12
r  624   525   475   12
r  677   626   628   12
r  186   89   138   12
r  775   824   773   12
r  1218   1269   1169   12
r  2152   2352   2302   12
r  2103   2152   2352   12
r  2151   2203   2202   12
r  2009   2061   2108   12
r  1864   1962   1763   12
r  1813   1861   1864   12
r  1763   1711   1861   12
r  2207   2256   2108   12
r  38   138   140   12
r  139   188   39   12
r  39   138   137   12
r  90   88   137   12
r  40   137   89   12
r  922   973   871   12
r  1121   1073   1170   12
r  1366   1466   1414   12
r  1762   1861   1864   12
r  2153   2302   2202   12
r  2201   2203   2302   12
r  2252   2303   2352   12
r  2303   2352   2203   12
r  2404   2203   2302   12
r  2351   2203   2302   12
r  2301   2352   2203   12
r  2253   2302   2202   12
r  2204   2255   2302   12
r  2452   2352   2302   12
r  2451   2302   2352   12
r  2254   2202   2203   12
r  2405   2202   2203   12
r  2454   2202   2203   12
r  2453   2302   2203   12
r  2357   2355   2203   12
r  2401   2203   2302   12
r  2354   2203   2352   12
r  2403   2203   2352   12
r  2304   2203   2352   12
r  2257   2259   2108   12
r  1915   2015   1866   12
r  1765   1763   1718   12
r  731   782   829   12
r  781   730   682   12
r  826   925   927   12
r  633   584   682   12
r  141   41   146   12
r  927   878   875   12
r  926   974   924   12
r  1316   1414   1415   12
r  1615   1617   1667   12
r  2355   2203   2302   12
r  2406   2203   2302   12
r  2456   2203   2407   12
r  2459   2413   2360   12
r  1816   1667   1718   12
r  2262   2162   2164   12
r  2264   2165   2164   12
r  142   91   98   12
r  95   149   146   12
r  295   347   191   12
r  143   98   146   12
r  193   146   98   12
r  243   294   291   12
r  92   191   94   12
r  539   591   491   12
r  1322   1423   1421   12
r  1474   1374   1421   12
r  1618   1667   1666   12
r  1668   1666   1716   12
r  2309   2361   2360   12
r  2460   2360   2413   12
r  2461   2360   2412   12
r  2411   2409   2413   12
r  2410   2412   2413   12
r  2312   2415   2361   12
r  2313   2164   2360   12
r  2465   2360   2412   12
r  2363   2415   2361   12
r  2463   2360   2361   12
r  2462   2459   2360   12
r  2367   2416   2420   12
r  2268   2367   2420   12
r  883   932   834   12
r  98   149   146   12
r  194   98   146   12
r  245   243   146   12
r  96   149   145   12
r  196   149   98   12
r  147   145   98   12
r  195   98   149   12
r  97   149   94   12
r  249   98   145   12
r  400   397   98   12
r  46   149   98   12
r  348   98   149   12
r  250   98   149   12
r  45   94   149   12
r  200   149   98   12
r  297   195   98   12
r  198   98   149   12
r  299   198   149   12
r  296   247   149   12
r  49   98   146   12
r  300   149   146   12
r  349   98   146   12
r  298   98   146   12
r  48   149   146   12
r  197   149   146   12
r  50   149   146   12
r  398   447   146   12
r  44   191   98   12
r  489   340   640   12
r  1076   1024   1125   12
r  1622   1573   1571   12
r  2464   2361   2360   12
r  2417   2466   2420   12
r  2371   2272   2367   12
r  2423   2272   2367   12
r  2269   2320   2272   12
r  2467   2367   2420   12
r  2468   2371   2368   12
r  2370   2272   2372   12
r  2469   2367   2272   12
r  692   591   641   12
r  148   146   97   12
r  100   146   149   12
r  248   146   145   12
r  246   146   149   12
r  47   146   98   12
r  350   149   98   12
r  448   500   499   12
r  593   694   646   12
r  1525   1426   1624   12
r  1231   1331   1229   12
r  1380   1332   1378   12
r  1333   1288   1382   12
r  1972   2021   2124   12
r  1872   2023   1725   12
r  2421   2424   2272   12
r  2271   2475   2420   12
r  2270   2319   2374   12
r  2474   2374   2477   12
r  2323   2375   2420   12
r  2225   2176   2124   12
r  2472   2420   2272   12
r  2374   2420   2272   12
r  1084   1184   1183   12
r  1083   1034   1135   12
r  1234   1182   1081   12
r  644   696   596   12
r  449   498   599   12
r  550   599   498   12
r  495   646   596   12
r  546   646   644   12
r  497   397   646   12
r  594   596   696   12
r  1674   1723   1775   12
r  1529   1678   1680   12
r  2475   2374   2430   12
r  2224   2273   2124   12
r  2326   2430   2227   12
r  2327   2430   2334   12
r  1034   1081   1182   12
r  1036   935   985   12
r  645   596   544   12
r  595   696   646   12
r  597   696   644   12
r  549   498   699   12
r  700   748   599   12
r  1678   1729   1626   12
r  1727   1629   1725   12
r  1483   1534   1583   12
r  2427   2334   2430   12
r  2478   2379   2334   12
r  2276   2278   2430   12
r  2376   2427   2430   12
r  2428   2430   2334   12
r  1138   1186   988   12
r  794   845   846   12
r  650   599   850   12
r  950   850   699   12
r  2330   2381   2334   12
r  2435   2335   2334   12
r  2282   2284   2334   12
r  2485   2336   2334   12
r  2229   2181   2430   12
r  2281   2334   2430   12
r  2486   2334   2430   12
r  2236   2188   2430   12
r  2180   2082   2430   12
r  2482   2430   2334   12
r  895   844   846   12
r  896   795   996   12
r  1146   1195   1095   12
r  948   1097   850   12
r  947   1099   850   12
r  1536   1584   1485   12
r  1882   1935   1782   12
r  1884   1785   1733   12
r  1638   1587   1690   12
r  2338   2289   2389   12
r  2438   2289   2389   12
r  2240   2289   2437   12
r  2340   2289   2437   12
r  2439   2390   2437   12
r  2137   2088   2086   12
r  2190   2139   2389   12
r  1048   1099   1050   12
r  1199   1248   1097   12
r  1299   1199   1097   12
r  1100   1097   1248   12
r  1197   1498   1248   12
r  1346   1344   1498   12
r  1341   1390   1440   12
r  1688   1739   1588   12
r  1641   1639   1689   12
r  2491   2290   2289   12
r  2443   2289   2396   12
r  2490   2437   2389   12
r  2392   2289   2389   12
r  2442   2289   2389   12
r  2391   2490   2389   12
r  2440   2389   2391   12
r  2191   2243   2289   12
r  2090   1991   2138   12
r  1250   1248   1148   12
r  1300   1199   1248   12
r  1347   1450   1398   12
r  1494   1546   1596   12
r  1937   1988   2036   12
r  2038   2036   2139   12
r  2393   2396   2349   12
r  2192   2292   2396   12
r  2039   2139   2087   12
r  1400   1248   1498   12
r  1447   1396   1450   12
r  1842   1890   1943   12
r  2343   2247   2349   12
r  2395   2393   2349   12
r  2344   2295   2349   12
r  2146   2246   2349   12
r  2195   2243   2349   12
r  2496   2394   2349   12
r  2347   2344   2349   12
r  2048   2148   1948   12
r  2142   2140   2396   12
r  2244   2195   2396   12
r  2295   2349   2396   12
r  2144   2195   2396   12
r  2094   2092   2396   12
r  2247   2349   2396   12
r  2297   2349   2396   12
r  2147   2248   2396   12
r  2149   2349   2396   12
r  2245   2349   2396   12
r  2497   2248   2298   12
r  2495   2396   2349   12
r  2293   2396   2349   12
r  1500   1498   1448   12
r  1749   1599   1698   12
r  1944   1992   2043   12
r  1946   1997   1899   12
r  2350   2396   2449   12
r  2450   2396   2349   12
r  2099   2396   2349   12
r  2249   2396   2349   12
r  2198   2396   2349   12
r  2300   2396   2349   12
r  2097   2396   2349   12
r  2049   1948   1899   12
r  1848   1948   1899   12
r  1950   1948   1899   12
r  1850   1899   1948   12
r  1849   1998   1948   12
r  2000   1998   1948   12
r  1   55   203   13
r  51   104   102   13
r  2   106   104   13
r  151   104   203   13
r  152   104   101   13
r  4   203   104   13
r  53   104   203   13
r  5   104   203   13
r  55   203   104   13
r  158   104   102   13
r  452   553   603   13
r  201   102   104   13
r  205   105   104   13
r  304   301   104   13
r  354   356   104   13
r  401   403   104   13
r  302   403   203   13
r  107   158   203   13
r  7   104   203   13
r  255   258   203   13
r  209   104   203   13
r  251   104   203   13
r  351   403   203   13
r  402   104   203   13
r  206   106   203   13
r  56   203   202   13
r  405   454   558   13
r  406   258   104   13
r  207   306   104   13
r  404   304   104   13
r  454   403   104   13
r  257   209   104   13
r  59   110   13   13
r  256   358   208   13
r  552   752   702   13
r  701   652   602   13
r  601   752   702   13
r  551   753   752   13
r  703   752   603   13
r  9   60   113   13
r  60   11   13   13
r  114   66   165   13
r  11   110   59   13
r  13   10   113   13
r  62   59   114   13
r  63   114   110   13
r  609   709   558   13
r  801   603   702   13
r  803   603   752   13
r  704   603   702   13
r  951   1053   903   13
r  806   757   1053   13
r  12   113   114   13
r  115   113   166   13
r  14   113   11   13
r  67   19   114   13
r  118   169   114   13
r  65   114   67   13
r  952   1052   1053   13
r  1052   1101   1103   13
r  1104   1155   903   13
r  1151   1203   903   13
r  1105   903   1103   13
r  1155   1255   903   13
r  1205   1256   903   13
r  1005   1002   1053   13
r  906   857   1053   13
r  1304   1203   1053   13
r  1303   1203   1053   13
r  907   856   1053   13
r  15   114   66   13
r  68   114   19   13
r  18   169   118   13
r  121   24   123   13
r  119   70   124   13
r  613   712   713   13
r  1202   1053   903   13
r  1251   1053   903   13
r  1254   1053   1202   13
r  1352   1603   1401   13
r  1206   1053   1308   13
r  315   267   368   13
r  268   319   368   13
r  367   316   218   13
r  170   19   124   13
r  23   123   124   13
r  72   124   123   13
r  465   463   514   13
r  963   863   860   13
r  1108   1059   1308   13
r  1060   1209   1163   13
r  1402   1302   1603   13
r  1955   2054   1853   13
r  1901   1952   1853   13
r  1952   2051   1853   13
r  1356   1206   1603   13
r  1457   1508   1603   13
r  1554   1503   1603   13
r  2051   2054   1603   13
r  1953   1853   1603   13
r  1951   1853   1603   13
r  1954   1853   1603   13
r  1906   1809   1603   13
r  1608   1557   1603   13
r  2052   1952   1603   13
r  2003   1853   1603   13
r  2004   1853   1603   13
r  1508   1557   1603   13
r  318   218   369   13
r  20   121   124   13
r  125   25   179   13
r  172   121   124   13
r  73   121   124   13
r  22   121   124   13
r  223   225   124   13
r  517   566   667   13
r  1407   1306   1308   13
r  2101   2202   2203   13
r  2102   2203   2352   13
r  1559   1458   1508   13
r  26   179   80   13
r  323   272   374   13
r  617   517   666   13
r  1062   1113   1111   13
r  1067   1116   1119   13
r  1211   1162   1163   13
r  1363   1314   1412   13
r  1908   1910   2008   13
r  1961   2010   1912   13
r  2151   2352   2203   13
r  2152   2203   2352   13
r  2103   2156   2203   13
r  2155   2206   2203   13
r  2106   2206   2054   13
r  472   474   423   13
r  129   80   127   13
r  82   127   80   13
r  78   29   80   13
r  29   128   127   13
r  32   135   80   13
r  131   80   128   13
r  35   82   80   13
r  232   333   135   13
r  28   80   179   13
r  181   80   179   13
r  281   330   179   13
r  134   233   179   13
r  36   135   179   13
r  183   235   179   13
r  182   134   179   13
r  770   670   667   13
r  620   720   770   13
r  1117   1066   1119   13
r  1068   1169   1220   13
r  1314   1265   1415   13
r  1562   1565   1613   13
r  1711   1760   1763   13
r  2008   2108   2208   13
r  2058   2109   2111   13
r  1862   1864   1763   13
r  1863   1962   1763   13
r  1762   1864   1861   13
r  1712   1763   1861   13
r  2201   2302   2203   13
r  2351   2302   2203   13
r  2453   2203   2302   13
r  2354   2302   2203   13
r  2403   2302   2202   13
r  2304   2302   2203   13
r  2451   2203   2302   13
r  2303   2203   2352   13
r  2404   2302   2352   13
r  2301   2202   2352   13
r  2305   2302   2352   13
r  2452   2203   2352   13
r  2454   2203   2352   13
r  2405   2407   2302   13
r  2253   2352   2302   13
r  2251   2352   2302   13
r  2254   2352   2302   13
r  2401   2352   2203   13
r  2306   2407   2203   13
r  2355   2302   2203   13
r  2406   2302   2203   13
r  2358   2158   2203   13
r  2307   2405   2203   13
r  2407   2307   2203   13
r  2356   2203   2202   13
r  79   179   128   13
r  34   179   135   13
r  235   179   135   13
r  721   522   769   13
r  772   821   871   13
r  621   669   720   13
r  672   572   770   13
r  671   770   771   13
r  1070   1072   1170   13
r  1515   1564   1567   13
r  2014   2062   2164   13
r  2261   2361   2360   13
r  2456   2407   2405   13
r  2359   2356   2407   13
r  2459   2360   2361   13
r  2409   2360   2412   13
r  430   381   379   13
r  38   137   138   13
r  384   331   333   13
r  724   771   773   13
r  1320   1269   1421   13
r  1516   1518   1415   13
r  1517   1466   1415   13
r  2067   1966   2016   13
r  2116   2113   2164   13
r  2018   1969   1965   13
r  1818   1867   1866   13
r  2309   2360   2361   13
r  2460   2413   2360   13
r  726   724   628   13
r  583   635   587   13
r  188   38   140   13
r  39   88   138   13
r  825   873   876   13
r  1419   1521   1421   13
r  1519   1471   1468   13
r  2365   2416   2361   13
r  2465   2412   2360   13
r  2463   2361   2360   13
r  2461   2459   2360   13
r  2414   2360   2361   13
r  2268   2420   2367   13
r  2464   2360   2361   13
r  631   680   679   13
r  388   587   436   13
r  975   926   875   13
r  1324   1424   1421   13
r  1329   1327   1229   13
r  1821   1819   1869   13
r  1971   1872   1922   13
r  2466   2367   2420   13
r  2468   2420   2367   13
r  2469   2420   2367   13
r  2421   2470   2367   13
r  2320   2272   2367   13
r  2321   2272   2420   13
r  2370   2374   2272   13
r  2372   2273   2420   13
r  2272   2372   2420   13
r  488   387   587   13
r  686   737   587   13
r  142   98   146   13
r  244   191   146   13
r  192   291   98   13
r  92   94   191   13
r  94   191   146   13
r  42   191   146   13
r  590   537   491   13
r  2422   2319   2272   13
r  2473   2374   2420   13
r  2371   2367   2272   13
r  2374   2425   2420   13
r  2472   2421   2374   13
r  734   785   782   13
r  194   146   98   13
r  96   145   149   13
r  196   98   149   13
r  249   145   98   13
r  150   98   145   13
r  348   149   98   13
r  250   149   98   13
r  200   98   149   13
r  198   149   98   13
r  95   191   98   13
r  50   98   145   13
r  93   149   146   13
r  247   149   146   13
r  100   98   146   13
r  47   98   146   13
r  350   145   146   13
r  148   97   146   13
r  248   98   146   13
r  246   98   146   13
r  149   145   98   13
r  43   191   94   13
r  343   291   443   13
r  44   98   149   13
r  592   640   491   13
r  1479   1531   1680   13
r  2024   2072   2022   13
r  2123   2023   2022   13
r  2425   2474   2430   13
r  2275   2172   2124   13
r  2326   2227   2430   13
r  2327   2334   2430   13
r  2173   2171   2124   13
r  1628   1630   1680   13
r  787   838   887   13
r  788   836   890   13
r  46   146   149   13
r  197   146   149   13
r  49   146   98   13
r  450   599   448   13
r  347   146   149   13
r  398   146   499   13
r  300   146   149   13
r  297   146   149   13
r  45   146   98   13
r  692   640   792   13
r  1033   1134   1182   13
r  1334   1382   1286   13
r  1480   1529   1630   13
r  1975   1977   1875   13
r  1877   1828   1875   13
r  2427   2429   2334   13
r  2476   2430   2334   13
r  2428   2334   2430   13
r  2328   2430   2334   13
r  447   499   498   13
r  500   397   399   13
r  499   450   399   13
r  544   596   644   13
r  1335   1284   1235   13
r  1386   1334   1286   13
r  1580   1680   1529   13
r  1531   1630   1680   13
r  2232   2281   2334   13
r  2236   2287   2334   13
r  2235   2334   2430   13
r  2482   2334   2430   13
r  2379   2479   2334   13
r  645   696   596   13
r  696   544   644   13
r  647   745   644   13
r  549   447   498   13
r  600   649   850   13
r  548   499   699   13
r  595   644   696   13
r  1087   1135   1040   13
r  1038   1040   1139   13
r  1338   1287   1237   13
r  1484   1533   1582   13
r  1585   1582   1735   13
r  2233   2430   2334   13
r  2436   2430   2289   13
r  2387   2389   2438   13
r  794   846   996   13
r  797   850   599   13
r  648   599   850   13
r  1289   1340   1191   13
r  1833   1881   1884   13
r  1834   1782   1733   13
r  1885   1836   1883   13
r  2338   2437   2289   13
r  2438   2389   2289   13
r  2488   2389   2437   13
r  944   895   996   13
r  896   894   795   13
r  798   850   699   13
r  848   850   699   13
r  897   748   850   13
r  1291   1441   1440   13
r  1688   1588   1686   13
r  1837   1889   1941   13
r  2340   2389   2289   13
r  2441   2289   2437   13
r  2491   2289   2437   13
r  2290   2389   2391   13
r  2239   2437   2439   13
r  2440   2391   2389   13
r  2291   2391   2389   13
r  2442   2389   2289   13
r  2392   2492   2289   13
r  946   895   995   13
r  1195   1094   1146   13
r  999   1097   1248   13
r  2493   2389   2349   13
r  2292   2243   2349   13
r  2242   2240   2396   13
r  2393   2291   2396   13
r  2444   2396   2349   13
r  2090   2138   2088   13
r  1048   1050   1099   13
r  1199   1150   1099   13
r  1149   1098   1097   13
r  1197   1248   1097   13
r  1250   1148   1097   13
r  1249   1097   1148   13
r  1445   1394   1498   13
r  1345   1294   1498   13
r  1888   1890   1941   13
r  2243   2396   2349   13
r  2494   2394   2349   13
r  2293   2344   2396   13
r  2143   2094   2396   13
r  2394   2396   2349   13
r  2145   2194   2349   13
r  2398   2349   2249   13
r  2295   2243   2349   13
r  2149   2249   2349   13
r  2245   2194   2349   13
r  2495   2349   2396   13
r  2350   2497   2396   13
r  2450   2349   2396   13
r  2249   2349   2396   13
r  2198   2298   2396   13
r  2300   2349   2396   13
r  2097   2046   2396   13
r  2099   2349   2396   13
r  2194   2396   2349   13
r  2095   2396   2349   13
r  2096   2396   2349   13
r  2247   2396   2349   13
r  2297   2396   2349   13
r  2100   1948   1998   13
r  1399   1450   1397   13
r  1550   1450   1499   13
r  1500   1448   1498   13
r  1647   1596   1498   13
r  1450   1498   1596   13
r  1894   1843   1945   13
r  1847   1800   1899   13
r  1897   1948   2050   13
r  1950   1899   1948   13
r  2000   1948   1998   13
r  1650   1699   1599   13
r  1649   1498   1698   13
r  1699   1697   1748   13
r  1749   1698   1599   13
r  1849   1948   2050   13
r  1   203   104   14
r  51   102   104   14
r  2   203   102   14
r  152   101   104   14
r  55   104   203   14
r  158   203   104   14
r  151   51   102   14
r  153   104   102   14
r  304   203   102   14
r  356   405   203   14
r  307   207   203   14
r  56   202   203   14
r  352   203   303   14
r  109   7   203   14
r  4   102   203   14
r  207   258   203   14
r  53   102   104   14
r  5   102   104   14
r  7   107   104   14
r  251   203   104   14
r  402   451   104   14
r  503   452   104   14
r  8   59   104   14
r  403   203   104   14
r  256   208   104   14
r  306   257   104   14
r  452   603   104   14
r  458   358   104   14
r  206   104   208   14
r  208   109   203   14
r  257   104   203   14
r  554   403   503   14
r  9   113   13   14
r  359   210   208   14
r  60   113   63   14
r  10   61   113   14
r  656   557   558   14
r  660   608   558   14
r  552   702   752   14
r  116   167   67   14
r  65   116   114   14
r  15   67   114   14
r  17   169   114   14
r  18   67   114   14
r  264   163   114   14
r  655   555   752   14
r  601   702   752   14
r  703   652   752   14
r  754   752   702   14
r  651   752   653   14
r  801   752   603   14
r  803   752   603   14
r  461   513   514   14
r  166   114   66   14
r  68   19   124   14
r  69   121   124   14
r  19   121   124   14
r  756   805   1053   14
r  808   856   860   14
r  759   811   862   14
r  613   713   860   14
r  852   603   903   14
r  806   1053   903   14
r  851   603   903   14
r  319   419   267   14
r  70   124   19   14
r  71   22   123   14
r  120   169   124   14
r  72   123   124   14
r  20   124   121   14
r  24   123   121   14
r  73   22   121   14
r  222   124   121   14
r  172   123   121   14
r  22   122   121   14
r  221   170   124   14
r  315   368   266   14
r  465   514   513   14
r  764   813   860   14
r  864   764   860   14
r  951   852   1053   14
r  1054   1005   903   14
r  1001   1053   903   14
r  956   1053   903   14
r  1105   1053   903   14
r  906   957   903   14
r  1101   1103   903   14
r  1056   1053   903   14
r  957   954   903   14
r  1051   1053   903   14
r  1202   903   1053   14
r  1254   1203   1053   14
r  1251   903   1053   14
r  367   218   267   14
r  958   860   862   14
r  665   568   667   14
r  1107   1207   1208   14
r  1351   1452   1302   14
r  1352   1401   1603   14
r  1256   1305   1308   14
r  26   80   179   14
r  1111   1160   1163   14
r  1063   1163   1061   14
r  668   666   717   14
r  1654   1754   1702   14
r  1901   1853   1803   14
r  1658   1354   1603   14
r  1507   1356   1603   14
r  1808   1756   1603   14
r  2006   2054   1603   14
r  1709   1657   1603   14
r  719   770   771   14
r  82   80   127   14
r  27   80   128   14
r  30   127   128   14
r  79   128   179   14
r  85   83   179   14
r  84   35   179   14
r  234   135   179   14
r  235   135   179   14
r  571   522   770   14
r  868   917   866   14
r  967   1021   867   14
r  1161   1061   1110   14
r  1167   1116   1119   14
r  1117   1119   1120   14
r  1953   1603   1853   14
r  2101   2203   2202   14
r  2102   2352   2203   14
r  2007   2058   2009   14
r  869   922   770   14
r  33   179   134   14
r  136   89   138   14
r  525   627   574   14
r  723   725   675   14
r  1264   1163   1215   14
r  1364   1415   1412   14
r  1860   1959   1858   14
r  2151   2202   2352   14
r  2152   2302   2203   14
r  2103   2352   2302   14
r  2105   2206   2203   14
r  38   138   137   14
r  482   480   529   14
r  1562   1613   1514   14
r  1862   1761   1864   14
r  2013   2061   2010   14
r  2059   2112   2010   14
r  2201   2352   2302   14
r  2351   2202   2302   14
r  2402   2302   2453   14
r  2453   2302   2203   14
r  2354   2203   2202   14
r  2403   2202   2203   14
r  2304   2203   2302   14
r  2452   2302   2203   14
r  2455   2203   2352   14
r  2251   2203   2352   14
r  2255   2155   2352   14
r  2401   2203   2352   14
r  2253   2302   2352   14
r  2256   2106   2352   14
r  2355   2203   2352   14
r  2457   2203   2352   14
r  2357   2203   2352   14
r  2358   2407   2352   14
r  2406   2203   2352   14
r  2303   2352   2203   14
r  2404   2352   2203   14
r  2301   2352   2202   14
r  2451   2352   2203   14
r  2454   2352   2203   14
r  2356   2202   2203   14
r  2156   2255   2203   14
r  2456   2405   2203   14
r  2107   2208   2158   14
r  2208   2206   2159   14
r  1713   1662   1761   14
r  626   628   677   14
r  288   283   137   14
r  40   138   137   14
r  289   338   137   14
r  239   137   138   14
r  1316   1416   1365   14
r  1367   1418   1266   14
r  1319   1268   1421   14
r  924   975   875   14
r  1369   1318   1415   14
r  1419   1421   1415   14
r  1225   1227   1274   14
r  2014   2065   2112   14
r  2066   2115   1965   14
r  2211   2209   2164   14
r  2459   2411   2360   14
r  630   679   578   14
r  879   881   779   14
r  584   635   587   14
r  634   683   583   14
r  91   94   146   14
r  41   191   146   14
r  538   590   587   14
r  1471   1372   1420   14
r  1371   1373   1272   14
r  1374   1323   1423   14
r  1075   1026   1024   14
r  1968   1869   1866   14
r  2318   2367   2418   14
r  2309   2361   2360   14
r  2460   2360   2362   14
r  635   686   587   14
r  539   640   587   14
r  589   537   491   14
r  142   146   98   14
r  192   241   146   14
r  92   146   149   14
r  143   146   98   14
r  193   98   146   14
r  94   146   98   14
r  487   587   485   14
r  1868   1866   1817   14
r  2313   2361   2413   14
r  2411   2413   2363   14
r  2414   2361   2360   14
r  2464   2361   2360   14
r  2268   2367   2420   14
r  2319   2372   2272   14
r  2463   2360   2361   14
r  194   98   146   14
r  245   146   149   14
r  145   100   149   14
r  196   145   98   14
r  195   149   98   14
r  150   145   98   14
r  250   98   149   14
r  198   98   145   14
r  299   149   98   14
r  95   98   149   14
r  50   145   98   14
r  248   145   98   14
r  43   92   146   14
r  44   93   146   14
r  46   98   146   14
r  197   149   146   14
r  49   98   146   14
r  300   98   146   14
r  297   98   146   14
r  45   149   146   14
r  296   146   98   14
r  93   146   98   14
r  144   146   149   14
r  1476   1375   1377   14
r  1231   1280   1130   14
r  2070   1970   2022   14
r  2471   2420   2367   14
r  2473   2420   2367   14
r  2269   2272   2220   14
r  2320   2367   2272   14
r  2469   2367   2420   14
r  591   640   691   14
r  541   640   490   14
r  692   641   640   14
r  48   146   149   14
r  247   146   149   14
r  350   146   149   14
r  348   146   149   14
r  47   146   98   14
r  246   146   98   14
r  347   296   98   14
r  100   146   98   14
r  200   146   145   14
r  298   146   149   14
r  395   443   444   14
r  1032   1133   1182   14
r  1674   1725   1626   14
r  1480   1580   1680   14
r  2071   2122   2124   14
r  2472   2272   2420   14
r  2323   2272   2374   14
r  2324   2425   2420   14
r  2372   2420   2272   14
r  2325   2327   2430   14
r  543   494   644   14
r  449   500   498   14
r  448   499   699   14
r  496   398   399   14
r  1235   1284   1337   14
r  1087   1040   1135   14
r  1335   1235   1236   14
r  1435   1486   1538   14
r  1533   1482   1484   14
r  2171   2220   2124   14
r  2023   1974   2123   14
r  1923   2022   2124   14
r  2274   2077   2124   14
r  2175   2126   2177   14
r  2326   2428   2334   14
r  892   793   792   14
r  645   544   545   14
r  545   596   646   14
r  546   544   646   14
r  595   646   644   14
r  796   847   644   14
r  600   699   700   14
r  1436   1485   1538   14
r  1634   1583   1582   14
r  2476   2334   2430   14
r  2276   2430   2334   14
r  2376   2327   2334   14
r  2177   2126   2078   14
r  2227   2278   2430   14
r  2280   2229   2334   14
r  2277   2326   2334   14
r  2377   2477   2334   14
r  2281   2381   2334   14
r  2482   2431   2334   14
r  2328   2379   2430   14
r  2233   2334   2430   14
r  2184   2334   2430   14
r  2185   2136   2430   14
r  990   890   1089   14
r  1039   1037   1088   14
r  597   644   696   14
r  698   599   850   14
r  797   599   850   14
r  950   848   850   14
r  898   850   699   14
r  1140   990   988   14
r  1438   1389   1487   14
r  1785   1733   1787   14
r  1784   1933   1883   14
r  2378   2430   2334   14
r  2279   2430   2334   14
r  2286   2430   2289   14
r  2235   2430   2334   14
r  2182   2131   2334   14
r  2337   2289   2437   14
r  2436   2334   2389   14
r  2237   2190   2389   14
r  944   996   995   14
r  1142   1093   1190   14
r  945   894   996   14
r  1932   1832   1733   14
r  2438   2289   2389   14
r  2488   2437   2389   14
r  1195   1146   1094   14
r  1097   1000   1099   14
r  1050   1097   1248   14
r  998   1097   1248   14
r  1049   1098   1047   14
r  1543   1594   1596   14
r  2288   2389   2437   14
r  2239   2389   2437   14
r  2290   2390   2389   14
r  2341   2389   2290   14
r  2340   2437   2389   14
r  2442   2391   2389   14
r  2240   2389   2289   14
r  2441   2389   2289   14
r  2491   2389   2289   14
r  2440   2289   2437   14
r  2489   2289   2437   14
r  2040   2089   2088   14
r  2039   2088   2138   14
r  1147   1196   1248   14
r  1299   1150   1199   14
r  1197   1199   1248   14
r  1250   1199   1099   14
r  1249   1148   1097   14
r  1247   1199   1097   14
r  1200   1148   1097   14
r  1048   1097   1248   14
r  1199   1097   1248   14
r  1888   1939   1890   14
r  1893   1994   1790   14
r  2242   2396   2349   14
r  2444   2349   2396   14
r  1446   1397   1398   14
r  2243   2294   2396   14
r  2193   2396   2349   14
r  2143   2396   2349   14
r  2142   2396   2349   14
r  2394   2349   2396   14
r  2398   2249   2349   14
r  2048   1948   1899   14
r  2094   2142   2349   14
r  2495   2446   2349   14
r  2450   2447   2349   14
r  2194   2143   2396   14
r  2095   2349   2396   14
r  2096   2349   2396   14
r  2247   2349   2396   14
r  2297   2349   2396   14
r  2042   1942   2045   14
r  1450   1596   1498   14
r  1698   1800   1498   14
r  1649   1597   1498   14
r  2249   2396   2349   14
r  2300   2396   2349   14
r  2099   2396   2349   14
r  2098   1997   2349   14
r  1999   1899   2048   14
r  1650   1599   1699   14
r  1747   1700   1599   14
r  1848   1899   1998   14
r  1947   1847   2050   14
r  1997   1899   1946   14
r  1900   1849   1948   14
r  1949   2050   1799   14
r  1849   2050   1998   14
r  1800   1998   1899   14
r  1950   1998   1899   14
r  1850   1998   1899   14
r  1   102   203   15
r  51   203   102   15
r  2   102   203   15
r  352   303   203   15
r  304   102   203   15
r  404   355   203   15
r  256   258   203   15
r  306   357   203   15
r  55   102   104   15
r  151   102   104   15
r  153   102   104   15
r  209   203   104   15
r  206   203   104   15
r  257   203   104   15
r  308   310   104   15
r  455   506   104   15
r  258   358   104   15
r  208   203   104   15
r  505   406   104   15
r  309   210   104   15
r  201   104   102   15
r  406   104   203   15
r  251   104   203   15
r  8   104   203   15
r  355   104   203   15
r  407   104   203   15
r  60   63   114   15
r  11   13   114   15
r  63   65   114   15
r  12   64   110   15
r  604   702   752   15
r  410   361   461   15
r  61   110   114   15
r  18   118   124   15
r  66   118   114   15
r  262   313   163   15
r  660   558   860   15
r  751   603   653   15
r  754   702   752   15
r  801   603   752   15
r  803   603   752   15
r  654   702   752   15
r  601   752   702   15
r  651   653   702   15
r  704   702   603   15
r  652   752   654   15
r  511   310   463   15
r  413   462   514   15
r  214   163   212   15
r  17   114   66   15
r  19   169   121   15
r  759   862   811   15
r  761   860   862   15
r  804   603   1053   15
r  69   67   121   15
r  173   22   121   15
r  20   121   124   15
r  70   121   124   15
r  222   121   124   15
r  226   324   376   15
r  910   811   862   15
r  912   812   811   15
r  763   665   860   15
r  958   862   860   15
r  955   1053   1103   15
r  1001   1155   1053   15
r  956   1007   1053   15
r  901   852   903   15
r  1154   1105   903   15
r  1007   1053   903   15
r  1201   1053   903   15
r  1204   1352   903   15
r  1202   1053   903   15
r  1203   1205   903   15
r  1254   1053   903   15
r  1105   903   1053   15
r  1051   903   1053   15
r  1206   1308   1053   15
r  367   315   318   15
r  321   421   374   15
r  227   176   179   15
r  964   862   865   15
r  1061   1010   1163   15
r  568   667   468   15
r  77   128   129   15
r  182   135   231   15
r  235   134   135   15
r  278   226   179   15
r  33   134   179   15
r  185   134   179   15
r  233   235   179   15
r  86   35   179   15
r  80   179   128   15
r  525   574   624   15
r  519   568   667   15
r  1110   1010   1163   15
r  916   868   865   15
r  1553   1754   1502   15
r  1556   1456   1853   15
r  2006   1955   2054   15
r  1407   1358   1603   15
r  1558   1607   1603   15
r  1953   1853   1603   15
r  2005   1956   1603   15
r  1758   1608   1603   15
r  1659   1710   1603   15
r  81   179   127   15
r  30   179   79   15
r  34   135   83   15
r  282   334   434   15
r  236   84   138   15
r  383   283   334   15
r  478   429   378   15
r  1118   1169   1067   15
r  1213   1313   1162   15
r  1751   1603   1853   15
r  2101   2202   2203   15
r  431   531   379   15
r  187   138   136   15
r  287   137   138   15
r  38   140   138   15
r  88   136   189   15
r  40   89   138   15
r  239   138   137   15
r  772   770   723   15
r  1211   1163   1213   15
r  1216   1218   1415   15
r  1170   1270   1168   15
r  1959   1908   2007   15
r  1860   1909   1908   15
r  2103   2302   2352   15
r  2155   2203   2302   15
r  2106   2054   2108   15
r  1761   1710   1862   15
r  484   435   587   15
r  41   146   98   15
r  630   578   679   15
r  726   826   679   15
r  780   731   831   15
r  2160   2108   2010   15
r  2201   2302   2352   15
r  2402   2202   2302   15
r  2304   2302   2203   15
r  2305   2203   2302   15
r  2452   2203   2302   15
r  2401   2302   2203   15
r  2357   2405   2203   15
r  2303   2203   2352   15
r  2404   2203   2352   15
r  2301   2203   2352   15
r  2254   2203   2352   15
r  2306   2406   2352   15
r  2451   2203   2352   15
r  2356   2203   2352   15
r  2456   2203   2352   15
r  2454   2203   2352   15
r  2405   2302   2202   15
r  2153   2352   2302   15
r  2458   2405   2302   15
r  2408   2355   2302   15
r  2307   2358   2302   15
r  2403   2352   2302   15
r  2354   2352   2203   15
r  2455   2352   2203   15
r  2251   2352   2203   15
r  2355   2352   2203   15
r  2457   2352   2203   15
r  2406   2352   2203   15
r  2205   2156   2203   15
r  1762   1861   1864   15
r  142   98   146   15
r  295   346   149   15
r  92   149   146   15
r  143   98   146   15
r  242   340   291   15
r  94   98   146   15
r  831   829   782   15
r  1470   1421   1415   15
r  1515   1567   1415   15
r  1566   1466   1415   15
r  1366   1415   1315   15
r  1965   1967   1866   15
r  2211   2259   2213   15
r  2261   2359   2164   15
r  2407   2203   2302   15
r  1615   1667   1666   15
r  2259   2162   2208   15
r  634   583   587   15
r  487   485   587   15
r  245   149   146   15
r  195   98   149   15
r  299   98   149   15
r  95   149   98   15
r  248   98   149   15
r  193   241   98   15
r  46   149   98   15
r  297   149   98   15
r  45   98   149   15
r  93   98   146   15
r  144   98   146   15
r  48   149   146   15
r  247   98   146   15
r  350   98   146   15
r  47   149   146   15
r  100   149   146   15
r  298   149   146   15
r  348   149   146   15
r  43   146   149   15
r  44   146   98   15
r  97   146   145   15
r  197   146   149   15
r  249   146   145   15
r  50   146   149   15
r  250   146   98   15
r  349   146   98   15
r  49   146   98   15
r  300   146   98   15
r  200   145   98   15
r  926   923   875   15
r  1521   1518   1421   15
r  1322   1422   1423   15
r  1868   1817   1866   15
r  2163   2215   2211   15
r  2318   2418   2420   15
r  2460   2362   2360   15
r  2410   2413   2312   15
r  737   688   739   15
r  198   146   149   15
r  392   444   491   15
r  2265   2164   2214   15
r  2312   2361   2462   15
r  2313   2413   2361   15
r  2365   2361   2414   15
r  2463   2361   2360   15
r  2363   2312   2461   15
r  2414   2360   2361   15
r  449   498   699   15
r  500   549   599   15
r  985   1135   1081   15
r  2369   2420   2272   15
r  2470   2419   2272   15
r  2423   2420   2272   15
r  2468   2368   2420   15
r  2467   2368   2367   15
r  2469   2420   2367   15
r  2422   2272   2367   15
r  2371   2272   2367   15
r  2321   2420   2272   15
r  2471   2367   2420   15
r  2473   2367   2420   15
r  2372   2272   2420   15
r  838   887   937   15
r  841   890   839   15
r  599   748   850   15
r  600   850   699   15
r  1284   1233   1286   15
r  1676   1624   1725   15
r  1529   1680   1632   15
r  1677   1726   1680   15
r  2022   2124   1970   15
r  1922   2022   2124   15
r  2472   2420   2272   15
r  2322   2420   2374   15
r  2222   2120   2169   15
r  2323   2420   2272   15
r  2474   2420   2430   15
r  2425   2477   2334   15
r  647   696   850   15
r  595   696   646   15
r  597   646   644   15
r  749   850   599   15
r  849   898   699   15
r  1000   899   699   15
r  897   850   699   15
r  1579   1680   1531   15
r  1580   1529   1680   15
r  1923   1974   2022   15
r  2172   2123   2124   15
r  2276   2227   2430   15
r  2278   2430   2334   15
r  2475   2430   2334   15
r  2476   2427   2334   15
r  1039   988   1139   15
r  846   795   996   15
r  798   699   850   15
r  848   699   850   15
r  898   699   850   15
r  1050   1248   1097   15
r  1139   990   988   15
r  1288   1236   1337   15
r  2327   2427   2334   15
r  2231   2381   2334   15
r  2180   2183   2334   15
r  2428   2327   2334   15
r  2233   2231   2334   15
r  2378   2334   2430   15
r  2279   2334   2430   15
r  2235   2184   2430   15
r  2131   2180   2430   15
r  2229   2430   2334   15
r  2386   2430   2334   15
r  2179   2128   2334   15
r  944   946   996   15
r  1093   1144   1095   15
r  998   1099   1097   15
r  1098   998   1248   15
r  946   894   895   15
r  1049   1047   1248   15
r  1100   1248   1097   15
r  1250   1097   1248   15
r  1200   1248   1099   15
r  1148   1097   1099   15
r  1438   1489   1538   15
r  1489   1437   1538   15
r  1488   1486   1537   15
r  1539   1639   1439   15
r  1879   1830   1778   15
r  2337   2437   2289   15
r  2287   2289   2389   15
r  2387   2438   2389   15
r  1144   1146   1044   15
r  1047   1099   1248   15
r  1198   1099   1149   15
r  1048   1099   1097   15
r  1199   1099   1097   15
r  1300   1248   1097   15
r  1291   1391   1340   15
r  1490   1590   1591   15
r  1931   1980   1832   15
r  2338   2289   2437   15
r  2288   2437   2389   15
r  2239   2439   2389   15
r  2339   2290   2437   15
r  2490   2389   2437   15
r  2442   2389   2437   15
r  2392   2389   2349   15
r  2441   2437   2389   15
r  2491   2437   2389   15
r  2489   2437   2289   15
r  2438   2389   2289   15
r  2440   2389   2289   15
r  1492   1392   1444   15
r  2340   2289   2437   15
r  2341   2289   2389   15
r  2192   2243   2349   15
r  2443   2389   2349   15
r  2342   2243   2349   15
r  1500   1449   1549   15
r  1648   1599   1498   15
r  1494   1596   1546   15
r  1643   1694   1692   15
r  1693   1593   1596   15
r  2193   2349   2396   15
r  2143   2044   2396   15
r  2444   2396   2349   15
r  2394   2396   2349   15
r  2400   2396   2449   15
r  2447   2396   2449   15
r  2144   2396   2349   15
r  2095   2246   2349   15
r  2247   2396   2349   15
r  2297   2396   2349   15
r  2096   2045   2349   15
r  1495   1595   1544   15
r  1650   1699   1599   15
r  2044   2144   2396   15
r  2344   2349   2449   15
r  2249   2349   2396   15
r  2300   2349   2396   15
r  2099   2349   2396   15
r  2098   2349   2396   15
r  1700   1900   1998   15
r  1798   1599   1899   15
r  1799   1998   1948   15
r  1746   1794   1795   15
r  1846   1795   1746   15
r  1946   1847   1948   15
r  1997   1946   1899   15
r  1848   1998   1899   15
r  1850   1899   1998   15
r  1849   1998   2050   15
r  1900   1948   1799   15
r  1897   1794   1899   15
r  1999   2048   1899   15
r  2000   1899   1948   15
r  1950   1899   1998   15
r  51   102   203   16
r  2   104   102   16
r  405   558   203   16
r  455   406   203   16
r  258   210   203   16
r  309   258   203   16
r  201   203   104   16
r  406   355   104   16
r  251   202   104   16
r  8   203   104   16
r  355   304   104   16
r  407   203   104   16
r  159   210   104   16
r  358   208   104   16
r  451   503   104   16
r  504   555   104   16
r  259   308   104   16
r  456   556   104   16
r  305   104   203   16
r  403   104   203   16
r  206   104   203   16
r  257   104   203   16
r  357   104   203   16
r  158   104   203   16
r  208   104   203   16
r  505   104   203   16
r  110   13   114   16
r  501   603   752   16
r  508   408   608   16
r  310   312   411   16
r  9   11   114   16
r  10   113   114   16
r  11   114   110   16
r  161   12   114   16
r  64   13   113   16
r  12   110   63   16
r  17   118   114   16
r  265   213   114   16
r  751   653   603   16
r  803   653   603   16
r  654   753   702   16
r  601   603   752   16
r  651   702   752   16
r  652   751   752   16
r  701   603   753   16
r  801   752   603   16
r  709   860   558   16
r  711   860   862   16
r  168   114   124   16
r  19   121   122   16
r  854   903   1103   16
r  757   808   860   16
r  761   862   860   16
r  71   123   73   16
r  20   124   121   16
r  70   19   121   16
r  174   179   121   16
r  222   122   121   16
r  123   22   70   16
r  72   121   74   16
r  126   174   124   16
r  316   267   468   16
r  1101   1053   1103   16
r  1007   1056   1053   16
r  1202   1251   1053   16
r  1057   1059   903   16
r  1253   1202   903   16
r  1252   1301   903   16
r  856   905   903   16
r  1106   1053   903   16
r  1251   1053   903   16
r  1105   1053   903   16
r  1051   1103   903   16
r  1054   903   1202   16
r  1154   903   1103   16
r  1301   1352   1603   16
r  955   903   1053   16
r  1056   903   1053   16
r  1201   903   1053   16
r  1254   903   1053   16
r  713   711   860   16
r  859   960   911   16
r  75   124   179   16
r  76   80   127   16
r  1107   1156   1308   16
r  1058   1158   1157   16
r  909   862   960   16
r  1012   1061   1163   16
r  665   667   716   16
r  616   667   770   16
r  568   468   667   16
r  29   127   128   16
r  28   127   80   16
r  80   128   179   16
r  330   429   179   16
r  30   128   179   16
r  34   83   179   16
r  282   434   179   16
r  81   130   179   16
r  36   179   127   16
r  1404   1455   1456   16
r  1751   1853   1603   16
r  1759   1808   1603   16
r  1956   2054   1603   16
r  1509   1460   1603   16
r  716   668   616   16
r  1063   1114   1163   16
r  668   616   770   16
r  425   423   374   16
r  136   287   237   16
r  234   179   135   16
r  285   135   334   16
r  236   138   287   16
r  620   671   720   16
r  571   620   720   16
r  1901   1603   1853   16
r  1957   1858   1909   16
r  868   968   916   16
r  1064   1013   1113   16
r  1117   1068   1220   16
r  870   769   819   16
r  670   672   771   16
r  187   87   138   16
r  335   283   434   16
r  38   138   89   16
r  239   290   138   16
r  632   583   732   16
r  533   587   585   16
r  1410   1462   1412   16
r  1512   1364   1363   16
r  1909   2009   2007   16
r  1912   1863   1763   16
r  2151   2203   2202   16
r  2152   2203   2302   16
r  2155   2302   2203   16
r  2104   2206   2352   16
r  1959   1858   1908   16
r  1312   1412   1162   16
r  1118   1067   1169   16
r  91   191   98   16
r  631   580   579   16
r  681   733   782   16
r  630   679   677   16
r  773   674   675   16
r  2111   1962   2010   16
r  1762   1864   1861   16
r  1813   1862   1861   16
r  2110   2058   2010   16
r  2201   2352   2302   16
r  2305   2302   2203   16
r  2452   2302   2203   16
r  2401   2203   2302   16
r  2357   2203   2302   16
r  2451   2302   2203   16
r  2454   2302   2203   16
r  2153   2202   2352   16
r  2458   2203   2352   16
r  2354   2203   2352   16
r  2455   2302   2352   16
r  2251   2203   2352   16
r  2355   2304   2352   16
r  2406   2455   2352   16
r  2205   2203   2352   16
r  2408   2302   2352   16
r  2403   2302   2352   16
r  2154   2203   2352   16
r  2453   2352   2302   16
r  2301   2352   2203   16
r  2254   2352   2203   16
r  2356   2352   2203   16
r  2456   2352   2203   16
r  2407   2455   2203   16
r  2303   2352   2203   16
r  2404   2352   2203   16
r  2207   2158   2203   16
r  1266   1415   1318   16
r  1122   1073   1221   16
r  923   1021   974   16
r  142   146   98   16
r  143   146   98   16
r  242   293   342   16
r  294   292   146   16
r  42   98   149   16
r  94   146   149   16
r  1366   1315   1415   16
r  2066   2015   1866   16
r  2457   2203   2302   16
r  1469   1520   1415   16
r  1370   1271   1423   16
r  194   146   149   16
r  96   98   145   16
r  195   149   98   16
r  150   98   145   16
r  95   98   149   16
r  46   98   149   16
r  297   98   149   16
r  144   149   98   16
r  48   145   149   16
r  47   98   149   16
r  298   198   98   16
r  348   98   149   16
r  296   98   146   16
r  43   149   146   16
r  44   98   146   16
r  97   145   146   16
r  197   98   146   16
r  249   98   146   16
r  50   149   146   16
r  246   98   146   16
r  349   98   146   16
r  49   98   146   16
r  300   149   146   16
r  200   149   146   16
r  250   98   146   16
r  198   149   146   16
r  93   146   98   16
r  295   191   98   16
r  100   146   149   16
r  299   146   98   16
r  248   146   98   16
r  45   146   98   16
r  247   146   98   16
r  350   146   98   16
r  1966   2066   1865   16
r  1819   1968   1866   16
r  2309   2360   2361   16
r  2412   2361   2363   16
r  1373   1324   1522   16
r  450   498   599   16
r  592   590   640   16
r  932   884   883   16
r  641   542   690   16
r  2265   2213   2164   16
r  2318   2420   2367   16
r  2117   2069   2016   16
r  2414   2314   2360   16
r  2464   2413   2361   16
r  2463   2465   2361   16
r  1279   1277   1129   16
r  500   599   699   16
r  841   790   889   16
r  1034   1182   1081   16
r  1185   986   1081   16
r  2367   2319   2272   16
r  2268   2418   2367   16
r  2368   2419   2272   16
r  1970   1921   2124   16
r  1526   1577   1627   16
r  549   498   850   16
r  600   700   850   16
r  495   644   646   16
r  649   700   847   16
r  799   850   599   16
r  800   748   599   16
r  594   646   645   16
r  984   1134   1037   16
r  647   850   699   16
r  597   696   646   16
r  2417   2368   2272   16
r  2468   2420   2272   16
r  2422   2374   2272   16
r  2471   2272   2367   16
r  2369   2367   2420   16
r  2321   2272   2420   16
r  2469   2367   2420   16
r  1923   2022   1971   16
r  749   599   850   16
r  900   1000   699   16
r  898   850   699   16
r  798   898   699   16
r  747   644   646   16
r  1039   1139   988   16
r  795   844   996   16
r  846   894   795   16
r  1824   1873   1773   16
r  2372   2420   2272   16
r  2472   2272   2420   16
r  2423   2367   2420   16
r  2322   2374   2420   16
r  2323   2374   2420   16
r  2274   2124   2272   16
r  1287   1238   1334   16
r  1579   1581   1680   16
r  1630   1677   1628   16
r  1582   1584   1680   16
r  1583   1432   1481   16
r  1050   1099   1248   16
r  1088   987   1139   16
r  1927   1976   2026   16
r  1827   1778   1875   16
r  1777   1725   1875   16
r  1926   1875   1977   16
r  2474   2430   2334   16
r  2078   2029   2076   16
r  2128   2079   2334   16
r  2278   2334   2430   16
r  1635   1735   1584   16
r  1100   1097   1248   16
r  1250   1248   1097   16
r  1150   1248   1099   16
r  1199   1097   1099   16
r  1048   1248   1099   16
r  1200   1099   1248   16
r  1148   1099   1097   16
r  1196   1248   1097   16
r  1246   1346   1097   16
r  1094   1146   996   16
r  1290   1288   1191   16
r  2475   2334   2430   16
r  2426   2475   2334   16
r  2329   2278   2334   16
r  2228   2179   2334   16
r  2230   2130   2334   16
r  2185   2086   2334   16
r  2229   2334   2430   16
r  2386   2334   2430   16
r  2181   2081   2430   16
r  2436   2289   2430   16
r  2183   2181   2430   16
r  2279   2430   2334   16
r  1536   1585   1538   16
r  1879   1778   1779   16
r  1785   1782   1686   16
r  1293   1242   1244   16
r  1932   1733   1832   16
r  2383   2430   2428   16
r  2378   2430   2334   16
r  2132   2181   2334   16
r  2131   2430   2334   16
r  2486   2430   2389   16
r  2287   2389   2289   16
r  2338   2437   2289   16
r  2188   2088   2389   16
r  2438   2289   2389   16
r  2340   2389   2289   16
r  2488   2289   2437   16
r  2288   2389   2437   16
r  2441   2389   2437   16
r  2291   2289   2437   16
r  2491   2289   2437   16
r  2390   2437   2439   16
r  2391   2289   2291   16
r  2341   2290   2289   16
r  2490   2437   2389   16
r  2442   2437   2389   16
r  2440   2437   2389   16
r  1688   1686   1737   16
r  1741   1591   1790   16
r  1935   2035   1986   16
r  1699   1748   1498   16
r  2492   2389   2349   16
r  2292   2193   2396   16
r  1594   1545   1543   16
r  1648   1498   1599   16
r  2242   2349   2396   16
r  2343   2349   2449   16
r  2444   2393   2396   16
r  1842   1943   1893   16
r  1844   1895   1893   16
r  1798   1800   1948   16
r  1799   1948   1998   16
r  2447   2449   2396   16
r  2195   2396   2449   16
r  2496   2396   2449   16
r  2247   2146   2396   16
r  2344   2449   2349   16
r  2249   2396   2349   16
r  2300   2396   2349   16
r  2099   2249   2349   16
r  2098   2396   2349   16
r  2394   2349   2396   16
r  2294   2349   2444   16
r  2400   2349   2396   16
r  2144   2349   2396   16
r  2297   2349   2396   16
r  1847   1899   1896   16
r  1994   2043   2042   16
r  1895   1843   1797   16
r  1848   1899   1799   16
r  1850   1998   1899   16
r  1849   2000   1948   16
r  1900   1799   1948   16
r  2049   1998   1948   16
r  2000   1948   1899   16
r  1950   1948   1899   16
r  1796   1794   1847   16
r  1999   1899   2050   16
r  1897   1899   1998   16
r  2047   1899   1948   16
r  2   102   104   17
r  458   406   203   17
r  55   203   102   17
r  201   102   203   17
r  407   355   203   17
r  504   403   203   17
r  259   208   203   17
r  456   208   203   17
r  305   406   104   17
r  403   203   104   17
r  206   208   104   17
r  357   406   104   17
r  158   203   104   17
r  208   159   104   17
r  453   554   104   17
r  409   456   104   17
r  257   208   104   17
r  251   104   102   17
r  454   104   203   17
r  209   104   203   17
r  308   104   203   17
r  8   104   203   17
r  358   104   203   17
r  451   104   203   17
r  408   309   203   17
r  508   557   657   17
r  160   156   114   17
r  210   162   212   17
r  11   110   114   17
r  63   114   111   17
r  14   11   110   17
r  552   603   654   17
r  657   608   557   17
r  116   67   15   17
r  62   110   113   17
r  12   63   113   17
r  163   212   114   17
r  166   117   114   17
r  602   702   753   17
r  654   702   703   17
r  702   603   704   17
r  652   654   701   17
r  704   753   752   17
r  701   602   603   17
r  651   752   753   17
r  601   752   603   17
r  559   508   657   17
r  561   510   558   17
r  412   512   514   17
r  263   162   163   17
r  118   114   124   17
r  68   124   121   17
r  19   124   121   17
r  314   266   468   17
r  215   267   266   17
r  801   603   1053   17
r  854   1053   903   17
r  709   558   860   17
r  515   463   614   17
r  20   22   124   17
r  223   274   121   17
r  72   74   121   17
r  221   274   121   17
r  271   219   124   17
r  75   174   124   17
r  175   226   179   17
r  1101   1103   1053   17
r  1106   1155   1053   17
r  1251   1302   1053   17
r  1054   1202   903   17
r  1154   1053   903   17
r  1255   1204   903   17
r  955   1103   903   17
r  1056   1054   903   17
r  1201   1053   903   17
r  1254   1202   903   17
r  1003   1203   1254   17
r  1151   903   1103   17
r  957   903   1103   17
r  906   903   1103   17
r  1051   903   1103   17
r  857   860   1053   17
r  1156   1008   1053   17
r  1105   903   1053   17
r  907   1053   860   17
r  711   560   860   17
r  416   468   414   17
r  567   615   618   17
r  1206   1053   1308   17
r  1157   1108   1308   17
r  864   964   913   17
r  132   231   128   17
r  128   82   80   17
r  34   134   135   17
r  284   235   179   17
r  234   135   179   17
r  36   232   179   17
r  79   179   82   17
r  1059   1208   1163   17
r  2002   1904   1853   17
r  1953   1904   1853   17
r  1901   1803   1603   17
r  1458   1410   1603   17
r  2054   2206   1603   17
r  1559   1460   1603   17
r  2055   2206   1603   17
r  1010   1012   1163   17
r  718   771   770   17
r  28   179   79   17
r  29   179   135   17
r  333   382   434   17
r  670   771   770   17
r  621   720   771   17
r  1552   1603   1853   17
r  2005   1603   2056   17
r  1860   1908   1759   17
r  1510   1461   1411   17
r  870   819   771   17
r  767   667   770   17
r  671   720   770   17
r  430   379   529   17
r  38   89   138   17
r  40   138   146   17
r  577   528   677   17
r  1113   1013   1213   17
r  1261   1213   1162   17
r  1211   1213   1163   17
r  1312   1162   1163   17
r  2151   2202   2203   17
r  2152   2302   2203   17
r  2206   2157   2352   17
r  1910   1958   1908   17
r  2154   2352   2203   17
r  2205   2352   2203   17
r  1117   1120   1219   17
r  1169   1069   1068   17
r  969   920   867   17
r  869   770   771   17
r  141   240   98   17
r  241   289   146   17
r  91   146   149   17
r  41   98   146   17
r  678   579   630   17
r  630   579   628   17
r  1913   1962   1861   17
r  2013   2111   2112   17
r  1814   1765   1763   17
r  1712   1761   1763   17
r  2201   2203   2352   17
r  2253   2202   2302   17
r  2451   2203   2302   17
r  2454   2203   2402   17
r  2251   2302   2203   17
r  2403   2203   2302   17
r  2307   2302   2352   17
r  2453   2302   2352   17
r  2254   2203   2352   17
r  2356   2203   2352   17
r  2407   2302   2352   17
r  2303   2203   2352   17
r  2301   2203   2352   17
r  2408   2352   2302   17
r  2358   2352   2302   17
r  2304   2352   2302   17
r  2456   2355   2302   17
r  2401   2352   2203   17
r  2357   2352   2203   17
r  2458   2352   2203   17
r  2354   2352   2203   17
r  2457   2408   2203   17
r  2404   2203   2302   17
r  2207   2203   2158   17
r  1762   1861   1864   17
r  1217   1317   1415   17
r  1219   1120   1221   17
r  1070   1019   1221   17
r  142   191   146   17
r  244   146   149   17
r  143   98   146   17
r  342   146   291   17
r  42   146   98   17
r  94   145   98   17
r  96   145   98   17
r  147   149   145   17
r  150   145   98   17
r  48   149   94   17
r  47   149   148   17
r  298   98   149   17
r  348   149   98   17
r  44   149   98   17
r  50   98   149   17
r  246   149   98   17
r  198   145   149   17
r  194   94   146   17
r  93   145   146   17
r  347   98   146   17
r  100   98   146   17
r  299   98   146   17
r  248   98   146   17
r  45   149   146   17
r  247   98   146   17
r  350   98   146   17
r  1266   1318   1415   17
r  2160   2010   2164   17
r  2409   2412   2360   17
r  1765   1716   1666   17
r  1717   1817   1666   17
r  245   146   149   17
r  97   146   149   17
r  300   146   149   17
r  200   146   149   17
r  195   146   149   17
r  144   146   149   17
r  95   146   98   17
r  297   146   98   17
r  43   146   98   17
r  197   146   98   17
r  249   146   98   17
r  49   146   98   17
r  250   146   98   17
r  46   146   98   17
r  392   491   492   17
r  489   640   491   17
r  450   599   699   17
r  738   689   790   17
r  883   834   930   17
r  1469   1318   1421   17
r  1519   1468   1415   17
r  1917   1866   1865   17
r  2117   2068   1965   17
r  2410   2312   2363   17
r  1767   1718   1719   17
r  493   392   491   17
r  641   643   491   17
r  449   699   498   17
r  500   699   599   17
r  591   491   640   17
r  691   640   590   17
r  2318   2419   2420   17
r  2412   2363   2361   17
r  2312   2360   2361   17
r  2461   2360   2413   17
r  2414   2361   2363   17
r  1372   1423   1272   17
r  550   399   599   17
r  549   850   498   17
r  749   698   599   17
r  650   850   599   17
r  848   850   699   17
r  847   898   599   17
r  1134   1132   1081   17
r  984   1037   1081   17
r  1129   1078   1231   17
r  1130   1230   1280   17
r  1180   1231   1229   17
r  2317   2217   2420   17
r  2368   2272   2471   17
r  2319   2370   2367   17
r  2466   2420   2367   17
r  594   645   646   17
r  799   699   850   17
r  547   646   596   17
r  697   646   596   17
r  897   699   850   17
r  898   699   850   17
r  899   850   1248   17
r  948   850   1097   17
r  999   1099   1097   17
r  846   795   946   17
r  935   984   1135   17
r  985   1081   1135   17
r  842   793   890   17
r  989   1089   1088   17
r  942   996   891   17
r  1228   1177   1129   17
r  2371   2420   2272   17
r  2370   2372   2367   17
r  2369   2420   2367   17
r  2473   2420   2367   17
r  2320   2420   2367   17
r  2418   2367   2272   17
r  2471   2367   2272   17
r  2321   2420   2272   17
r  2467   2367   2272   17
r  2472   2374   2272   17
r  2468   2367   2420   17
r  2372   2321   2420   17
r  2022   2122   2124   17
r  1973   2022   2124   17
r  1578   1576   1680   17
r  845   847   996   17
r  1100   1149   1097   17
r  1199   1248   1097   17
r  1047   998   1099   17
r  1299   1199   1099   17
r  1200   1248   1099   17
r  1198   1149   1099   17
r  1197   1248   1099   17
r  1148   1150   1099   17
r  1147   1145   1099   17
r  1150   1099   1248   17
r  1048   1099   1248   17
r  1250   1099   1248   17
r  1087   1135   1237   17
r  1038   1089   1040   17
r  1039   988   1139   17
r  943   1042   996   17
r  1187   1238   1135   17
r  2474   2334   2430   17
r  2424   2420   2430   17
r  2375   2477   2334   17
r  2171   2222   2022   17
r  1923   1971   2022   17
r  1926   1977   1875   17
r  1531   1680   1678   17
r  1300   1097   1248   17
r  1349   1498   1450   17
r  1143   1242   1292   17
r  1388   1337   1237   17
r  2475   2430   2334   17
r  2477   2475   2334   17
r  1435   1487   1486   17
r  1499   1399   1349   17
r  2184   2284   2334   17
r  2229   2081   2334   17
r  2386   2335   2334   17
r  2183   2081   2334   17
r  2179   2334   2430   17
r  2279   2327   2430   17
r  2383   2428   2430   17
r  2378   2334   2430   17
r  2131   2183   2430   17
r  2486   2389   2430   17
r  2081   2180   2430   17
r  2286   2334   2430   17
r  2132   2334   2430   17
r  2080   2181   2430   17
r  2436   2430   2334   17
r  1879   1779   1830   17
r  1932   1883   1781   17
r  1584   1481   1582   17
r  1538   1486   1439   17
r  1448   1396   1397   17
r  1447   1450   1396   17
r  1344   1441   1498   17
r  1597   1645   1498   17
r  1545   1496   1498   17
r  1650   1698   1498   17
r  1749   1649   1498   17
r  1550   1498   1599   17
r  1342   1443   1391   17
r  1587   1589   1487   17
r  2082   2133   2034   17
r  2287   2289   2389   17
r  1981   2231   1880   17
r  1744   1696   1596   17
r  1695   1743   1596   17
r  2188   2191   2289   17
r  2034   2032   1983   17
r  2488   2437   2289   17
r  2288   2388   2389   17
r  2290   2389   2339   17
r  2390   2439   2437   17
r  2490   2389   2437   17
r  2442   2389   2396   17
r  2392   2349   2389   17
r  2240   2437   2389   17
r  2438   2389   2289   17
r  2291   2389   2289   17
r  2391   2389   2289   17
r  2340   2289   2389   17
r  2441   2289   2389   17
r  2489   2289   2437   17
r  2492   2289   2389   17
r  1690   1739   1588   17
r  1798   1899   1998   17
r  1800   1899   1998   17
r  1797   1746   1896   17
r  1849   2050   1998   17
r  1848   2050   1899   17
r  2139   2040   2087   17
r  2191   2289   2396   17
r  2242   2396   2349   17
r  1838   1887   1941   17
r  1795   1847   1846   17
r  1742   1790   1791   17
r  1895   1946   1794   17
r  1850   1899   1998   17
r  1900   1948   2050   17
r  1947   2050   1998   17
r  1999   1948   1899   17
r  1847   1794   1746   17
r  2000   1899   1948   17
r  1950   1899   1948   17
r  2243   2349   2449   17
r  2195   2349   2396   17
r  2496   2349   2396   17
r  2249   2448   2396   17
r  2300   2349   2396   17
r  2098   2349   2396   17
r  2093   2091   2396   17
r  2294   2444   2349   17
r  2343   2396   2349   17
r  2394   2396   2349   17
r  2400   2396   2349   17
r  2144   2396   2349   17
r  2297   2396   2349   17
r  2046   2193   2349   17
r  2043   2045   2349   17
r  1893   1790   1890   17
r  1842   1893   1890   17
r  2   203   102   18
r  306   203   102   18
r  153   202   102   18
r  159   59   203   18
r  403   503   203   18
r  206   203   102   18
r  251   102   104   18
r  454   354   104   18
r  308   207   104   18
r  8   108   104   18
r  358   207   104   18
r  451   403   104   18
r  553   752   104   18
r  359   258   104   18
r  501   752   104   18
r  204   104   102   18
r  503   104   203   18
r  55   104   203   18
r  158   104   203   18
r  59   113   203   18
r  453   104   203   18
r  410   310   203   18
r  260   212   114   18
r  552   654   603   18
r  63   111   114   18
r  10   59   113   18
r  560   557   657   18
r  608   559   657   18
r  211   311   114   18
r  602   753   653   18
r  753   702   653   18
r  755   807   752   18
r  702   704   603   18
r  654   703   702   18
r  361   461   514   18
r  601   603   752   18
r  212   261   163   18
r  162   262   114   18
r  562   514   462   18
r  754   603   1053   18
r  801   1053   752   18
r  651   603   752   18
r  758   656   558   18
r  658   558   557   18
r  855   1053   1103   18
r  806   903   1053   18
r  313   163   262   18
r  116   114   67   18
r  118   124   121   18
r  18   114   121   18
r  564   515   464   18
r  465   513   514   18
r  854   903   1053   18
r  1151   1103   903   18
r  1304   1155   903   18
r  1303   1254   903   18
r  1156   1208   903   18
r  1105   1103   903   18
r  1154   1103   1053   18
r  1201   1203   1053   18
r  1008   1057   1053   18
r  319   267   266   18
r  169   67   121   18
r  220   124   121   18
r  19   122   124   18
r  416   365   468   18
r  957   1053   903   18
r  1051   1053   903   18
r  906   1053   903   18
r  1352   1502   1401   18
r  268   266   369   18
r  269   169   267   18
r  469   568   618   18
r  421   374   468   18
r  616   770   667   18
r  1552   1853   1603   18
r  2101   2352   1603   18
r  2056   2105   1603   18
r  1660   1760   1603   18
r  1858   1809   1603   18
r  1810   1758   1603   18
r  1560   1660   1603   18
r  1611   1559   1603   18
r  176   325   179   18
r  719   771   667   18
r  1160   1108   1163   18
r  1654   1603   1652   18
r  1704   1603   1853   18
r  1962   2010   1763   18
r  2151   2203   2302   18
r  1958   2009   1909   18
r  966   1066   867   18
r  1063   1163   1212   18
r  866   917   968   18
r  231   229   80   18
r  81   127   135   18
r  380   331   179   18
r  29   135   179   18
r  334   283   179   18
r  79   82   179   18
r  28   80   179   18
r  332   286   179   18
r  130   82   135   18
r  77   179   128   18
r  131   179   127   18
r  30   179   127   18
r  622   722   770   18
r  869   771   770   18
r  1460   1508   1411   18
r  1311   1410   1411   18
r  1264   1215   1163   18
r  2012   2009   2112   18
r  2152   2203   2302   18
r  2103   2203   2302   18
r  2206   2108   2203   18
r  2154   2203   2352   18
r  2205   2207   2352   18
r  2201   2352   2203   18
r  2253   2302   2202   18
r  2256   2352   2302   18
r  2255   2352   2202   18
r  2408   2302   2352   18
r  2405   2202   2302   18
r  2351   2302   2402   18
r  2453   2352   2302   18
r  2304   2302   2352   18
r  2455   2352   2302   18
r  2407   2352   2302   18
r  2458   2302   2352   18
r  2451   2302   2203   18
r  2254   2302   2203   18
r  2356   2352   2203   18
r  2303   2352   2203   18
r  2301   2352   2203   18
r  2454   2352   2203   18
r  2403   2302   2203   18
r  919   1019   866   18
r  182   179   82   18
r  384   333   335   18
r  1762   1864   1861   18
r  2404   2302   2352   18
r  2354   2203   2352   18
r  2109   2010   2009   18
r  2305   2203   2302   18
r  2452   2203   2302   18
r  2306   2203   2302   18
r  2355   2203   2302   18
r  2406   2203   2302   18
r  2307   2203   2302   18
r  2456   2203   2352   18
r  2401   2203   2352   18
r  2457   2203   2352   18
r  2357   2203   2352   18
r  2359   2407   2352   18
r  2258   2207   2108   18
r  1815   1764   1864   18
r  1765   1718   1667   18
r  1766   1667   1666   18
r  1717   1666   1617   18
r  287   238   137   18
r  189   138   87   18
r  238   138   88   18
r  40   146   98   18
r  533   585   587   18
r  525   376   574   18
r  1266   1415   1368   18
r  2061   1962   2109   18
r  2309   2361   2360   18
r  2410   2361   2413   18
r  2460   2361   2413   18
r  1816   1718   1667   18
r  1518   1567   1415   18
r  1270   1169   1421   18
r  1173   1222   1171   18
r  139   137   238   18
r  387   436   286   18
r  141   98   149   18
r  191   143   98   18
r  91   149   146   18
r  41   94   98   18
r  578   679   630   18
r  1417   1415   1468   18
r  2212   2063   2214   18
r  2463   2361   2363   18
r  2312   2462   2360   18
r  2461   2412   2360   18
r  2311   2360   2413   18
r  2414   2360   2361   18
r  1721   1772   1869   18
r  1722   1621   1725   18
r  1626   1624   1574   18
r  1274   1323   1222   18
r  437   388   587   18
r  142   146   149   18
r  244   149   146   18
r  192   98   149   18
r  92   146   98   18
r  292   243   146   18
r  42   98   146   18
r  48   146   149   18
r  97   94   146   18
r  245   149   146   18
r  400   146   149   18
r  193   146   149   18
r  300   149   146   18
r  45   146   149   18
r  246   146   149   18
r  250   149   146   18
r  44   146   149   18
r  143   146   98   18
r  298   146   98   18
r  296   146   98   18
r  50   146   98   18
r  198   146   98   18
r  194   146   98   18
r  347   146   98   18
r  100   149   98   18
r  247   149   98   18
r  350   146   98   18
r  299   146   98   18
r  248   149   98   18
r  1419   1415   1421   18
r  2318   2420   2272   18
r  2416   2420   2272   18
r  1823   1874   1725   18
r  1426   1627   1277   18
r  147   98   149   18
r  47   148   149   18
r  93   98   149   18
r  94   98   146   18
r  195   98   146   18
r  144   98   146   18
r  95   98   146   18
r  297   98   146   18
r  197   98   146   18
r  49   98   146   18
r  46   98   146   18
r  200   98   146   18
r  43   98   146   18
r  249   98   146   18
r  392   443   340   18
r  391   340   442   18
r  399   498   699   18
r  1078   978   1126   18
r  2268   2420   2272   18
r  2368   2420   2272   18
r  2069   2169   2220   18
r  2020   1971   2124   18
r  1921   2021   2124   18
r  2418   2420   2367   18
r  2467   2272   2367   18
r  1777   1875   1725   18
r  1527   1478   1427   18
r  1679   1531   1580   18
r  1531   1580   1680   18
r  496   498   646   18
r  500   399   699   18
r  882   930   982   18
r  691   642   640   18
r  641   491   590   18
r  1079   1028   1081   18
r  2373   2272   2367   18
r  2469   2420   2367   18
r  2471   2272   2367   18
r  2321   2319   2367   18
r  2472   2420   2367   18
r  2322   2420   2367   18
r  2468   2272   2367   18
r  2324   2272   2367   18
r  2269   2220   2272   18
r  2369   2367   2420   18
r  2473   2367   2420   18
r  1579   1531   1530   18
r  1529   1632   1680   18
r  1130   1280   1081   18
r  1280   1329   1231   18
r  799   850   699   18
r  899   848   699   18
r  898   850   699   18
r  838   937   890   18
r  841   889   890   18
r  1134   1081   1183   18
r  983   1133   1034   18
r  1184   1135   1081   18
r  1232   1130   1081   18
r  1135   1237   1081   18
r  2122   2171   2022   18
r  2474   2430   2334   18
r  2077   2026   2124   18
r  1635   1686   1582   18
r  1781   1882   1881   18
r  1732   1734   1884   18
r  1879   1828   1779   18
r  650   699   850   18
r  547   596   646   18
r  697   644   646   18
r  798   699   847   18
r  848   699   850   18
r  747   646   644   18
r  999   1097   1099   18
r  1050   1097   1099   18
r  987   1087   985   18
r  989   1088   1139   18
r  1136   1237   1187   18
r  2227   2179   2334   18
r  2278   2275   2334   18
r  2378   2427   2334   18
r  2475   2334   2430   18
r  2178   2278   2430   18
r  2182   2334   2430   18
r  2436   2334   2430   18
r  1933   1884   1733   18
r  1784   1884   1733   18
r  1098   948   1199   18
r  1199   1097   1248   18
r  1200   1097   1248   18
r  1247   1097   1099   18
r  1048   1248   1099   18
r  1150   1248   1099   18
r  1197   1099   1248   18
r  1300   1249   1097   18
r  1298   1198   1396   18
r  1039   1139   988   18
r  943   996   1042   18
r  1138   988   1237   18
r  2486   2430   2334   18
r  2286   2430   2334   18
r  2132   2430   2334   18
r  2237   2389   2437   18
r  1935   2036   1937   18
r  1349   1449   1498   18
r  1088   1139   1040   18
r  1090   1139   1088   18
r  2287   2389   2289   18
r  2438   2289   2389   18
r  2441   2389   2289   18
r  2291   2289   2389   18
r  2491   2389   2289   18
r  2489   2438   2289   18
r  2488   2289   2437   18
r  2440   2289   2437   18
r  2290   2339   2389   18
r  2340   2437   2289   18
r  2492   2349   2289   18
r  2392   2289   2349   18
r  2490   2437   2389   18
r  2391   2289   2389   18
r  1988   1986   2090   18
r  1438   1538   1537   18
r  1539   1439   1488   18
r  1740   1640   1588   18
r  2138   2136   2086   18
r  1295   1244   1498   18
r  1448   1399   1396   18
r  1550   1599   1498   18
r  1648   1599   1498   18
r  1645   1596   1498   18
r  1750   1599   1498   18
r  1544   1496   1498   18
r  1748   1599   1498   18
r  2089   2140   2087   18
r  2241   2289   2396   18
r  2191   2292   2349   18
r  1491   1543   1443   18
r  1889   1940   1941   18
r  1743   1745   1596   18
r  1393   1441   1442   18
r  1799   1899   1948   18
r  1798   1998   1899   18
r  2242   2143   2396   18
r  2141   2088   2349   18
r  2343   2449   2396   18
r  2394   2343   2396   18
r  2398   2396   2449   18
r  2144   2142   2396   18
r  2297   2249   2396   18
r  2046   1995   2396   18
r  2243   2449   2349   18
r  2193   2343   2349   18
r  2195   2449   2349   18
r  2496   2396   2349   18
r  2300   2396   2349   18
r  2098   2046   2349   18
r  2093   2142   2349   18
r  2047   1948   2349   18
r  1592   1543   1594   18
r  1848   1899   1998   18
r  1900   2050   1948   18
r  2100   1998   2396   18
r  2048   2396   2050   18
r  1999   2050   1948   18
r  2000   1948   1899   18
r  1897   1998   1899   18
r  1950   1998   1899   18
r  2445   2349   2449   18
r  2298   2349   2449   18
r  2498   2349   2449   18
r  2295   2349   2249   18
r  2400   2349   2396   18
r  2092   2041   2396   18
r  2142   2349   2396   18
r  2049   1899   1998   18
r  1896   1794   1998   18
r  1992   1995   2044   18
r  1796   1896   1794   18
r  1847   1746   1794   18
r  2   104   203   19
r  151   203   102   19
r  258   203   102   19
r  201   203   102   19
r  257   203   102   19
r  359   208   203   19
r  204   102   104   19
r  209   156   104   19
r  408   203   104   19
r  503   404   104   19
r  55   203   104   19
r  158   203   104   19
r  453   553   104   19
r  554   503   104   19
r  306   104   203   19
r  206   104   203   19
r  409   104   203   19
r  553   104   203   19
r  501   104   203   19
r  459   408   203   19
r  551   603   702   19
r  61   114   110   19
r  261   213   163   19
r  556   558   657   19
r  511   514   513   19
r  14   110   66   19
r  262   163   114   19
r  213   216   114   19
r  215   266   114   19
r  753   653   702   19
r  755   752   1053   19
r  751   702   653   19
r  601   752   603   19
r  801   752   603   19
r  651   752   603   19
r  802   603   703   19
r  703   603   701   19
r  658   707   558   19
r  67   114   124   19
r  168   67   121   19
r  118   121   124   19
r  464   513   512   19
r  805   603   903   19
r  854   1053   903   19
r  68   121   124   19
r  319   368   267   19
r  220   121   124   19
r  367   318   266   19
r  714   565   615   19
r  855   903   1053   19
r  1003   1254   1103   19
r  1054   903   1103   19
r  1101   903   1103   19
r  957   903   1053   19
r  1051   1103   1053   19
r  1305   1359   1053   19
r  906   903   1053   19
r  1152   1053   1103   19
r  1107   1308   903   19
r  810   759   862   19
r  859   911   910   19
r  320   219   124   19
r  964   916   860   19
r  1306   1308   1603   19
r  326   226   374   19
r  277   331   179   19
r  619   468   667   19
r  668   717   819   19
r  719   616   770   19
r  769   771   667   19
r  669   717   617   19
r  1654   1702   1603   19
r  2005   2056   1603   19
r  1609   1508   1603   19
r  2053   2155   1603   19
r  1809   1760   1603   19
r  1610   1662   1603   19
r  1704   1752   1603   19
r  1859   1908   1603   19
r  1909   1858   1603   19
r  372   470   273   19
r  82   127   135   19
r  132   128   135   19
r  77   129   179   19
r  131   127   179   19
r  30   79   179   19
r  331   481   179   19
r  182   82   179   19
r  285   333   179   19
r  723   674   725   19
r  866   968   1017   19
r  1063   1061   1163   19
r  917   968   866   19
r  1064   1113   1111   19
r  2102   2202   2352   19
r  2106   2108   2203   19
r  2155   2203   2352   19
r  2151   2302   2203   19
r  2103   2352   2203   19
r  433   333   334   19
r  918   967   916   19
r  1211   1260   1162   19
r  2152   2352   2203   19
r  1711   1713   1861   19
r  2154   2352   2302   19
r  2201   2203   2352   19
r  2253   2352   2302   19
r  2255   2202   2352   19
r  2351   2402   2302   19
r  2453   2302   2352   19
r  2455   2302   2352   19
r  2251   2352   2302   19
r  2451   2352   2302   19
r  2254   2352   2302   19
r  2356   2455   2302   19
r  2303   2202   2352   19
r  2301   2202   2352   19
r  2403   2352   2302   19
r  2354   2202   2203   19
r  2305   2302   2203   19
r  2452   2352   2203   19
r  2306   2302   2203   19
r  2355   2352   2203   19
r  2406   2352   2203   19
r  2456   2302   2203   19
r  2401   2352   2203   19
r  2457   2302   2203   19
r  2357   2352   2203   19
r  2307   2302   2203   19
r  2402   2453   2202   19
r  1712   1861   1764   19
r  1713   1764   1662   19
r  2256   2203   2352   19
r  1911   1962   1763   19
r  1414   1463   1411   19
r  187   138   189   19
r  189   87   138   19
r  89   188   87   19
r  289   191   138   19
r  139   39   137   19
r  485   587   537   19
r  2304   2203   2302   19
r  2358   2203   2352   19
r  2407   2203   2352   19
r  2454   2203   2352   19
r  2459   2361   2352   19
r  2404   2352   2302   19
r  1766   1718   1719   19
r  1669   1667   1666   19
r  1567   1516   1415   19
r  141   149   98   19
r  91   146   149   19
r  41   98   149   19
r  388   436   587   19
r  628   779   579   19
r  878   827   779   19
r  1266   1368   1415   19
r  1318   1367   1266   19
r  2115   2164   2215   19
r  2460   2360   2361   19
r  2210   2208   2158   19
r  2410   2363   2361   19
r  1917   1865   1866   19
r  1768   1667   1869   19
r  1417   1468   1415   19
r  1520   1518   1415   19
r  244   146   149   19
r  192   149   98   19
r  242   342   146   19
r  42   146   98   19
r  48   149   146   19
r  193   149   146   19
r  45   149   146   19
r  348   146   149   19
r  246   149   146   19
r  44   149   146   19
r  143   94   146   19
r  247   146   149   19
r  147   149   98   19
r  47   149   98   19
r  349   146   98   19
r  94   146   98   19
r  195   149   98   19
r  144   149   98   19
r  95   149   98   19
r  297   146   98   19
r  197   146   98   19
r  46   149   98   19
r  200   146   98   19
r  249   145   98   19
r  243   291   98   19
r  49   149   98   19
r  344   245   98   19
r  733   682   684   19
r  1321   1421   1272   19
r  2017   2066   2116   19
r  2018   1967   2016   19
r  1967   1866   1965   19
r  2412   2361   2363   19
r  2462   2411   2413   19
r  2463   2363   2361   19
r  2311   2413   2360   19
r  2414   2363   2360   19
r  2461   2360   2313   19
r  2411   2360   2413   19
r  2362   2360   2465   19
r  2464   2360   2413   19
r  2312   2360   2363   19
r  1772   1874   1725   19
r  1822   1874   1869   19
r  100   98   149   19
r  248   98   149   19
r  300   98   149   19
r  250   98   149   19
r  298   98   146   19
r  50   98   146   19
r  198   98   146   19
r  347   98   146   19
r  350   98   146   19
r  299   98   146   19
r  296   98   146   19
r  43   146   149   19
r  450   699   498   19
r  640   643   491   19
r  882   931   833   19
r  2416   2418   2367   19
r  2366   2417   2272   19
r  2466   2415   2272   19
r  1326   1277   1375   19
r  1426   1526   1327   19
r  2317   2420   2272   19
r  2368   2272   2420   19
r  442   493   390   19
r  499   599   699   19
r  448   399   599   19
r  2467   2367   2272   19
r  1924   2022   2124   19
r  2320   2272   2420   19
r  2322   2422   2420   19
r  2468   2420   2272   19
r  2324   2420   2272   19
r  2269   2272   2367   19
r  2473   2420   2367   19
r  2423   2420   2367   19
r  2323   2420   2367   19
r  2372   2272   2367   19
r  2374   2272   2367   19
r  2418   2367   2420   19
r  2471   2367   2272   19
r  2469   2367   2420   19
r  2371   2367   2420   19
r  2472   2367   2420   19
r  2373   2367   2272   19
r  2270   2374   2272   19
r  543   443   646   19
r  643   542   592   19
r  748   850   599   19
r  600   850   498   19
r  849   847   599   19
r  798   850   699   19
r  848   850   699   19
r  550   599   699   19
r  650   599   699   19
r  741   693   790   19
r  743   792   644   19
r  1034   1032   1135   19
r  1231   1130   1081   19
r  1230   1279   1130   19
r  2221   2272   2124   19
r  2170   2221   2124   19
r  2274   2272   2124   19
r  2474   2334   2430   19
r  2424   2477   2334   19
r  2275   2124   2430   19
r  2173   2275   2022   19
r  799   699   850   19
r  697   596   644   19
r  989   1040   1089   19
r  843   792   742   19
r  1138   1237   1135   19
r  1973   1970   2022   19
r  2078   2076   2124   19
r  1585   1735   1582   19
r  2475   2427   2334   19
r  2178   2129   2334   19
r  2182   2081   2334   19
r  2128   2177   2430   19
r  2486   2334   2430   19
r  2286   2334   2430   19
r  2130   2081   2430   19
r  2132   2081   2430   19
r  595   646   696   19
r  997   1097   1248   19
r  998   1097   1099   19
r  1199   1248   1097   19
r  1200   1248   1097   19
r  1197   1097   1099   19
r  1250   1097   1099   19
r  1300   1097   1099   19
r  1150   1099   1248   19
r  1048   1099   1248   19
r  1196   1097   1248   19
r  1400   1300   1248   19
r  993   893   944   19
r  1088   1040   1140   19
r  1435   1538   1487   19
r  2177   2078   2334   19
r  2185   2430   2183   19
r  2179   2430   2334   19
r  2080   2430   2334   19
r  2436   2430   2334   19
r  2181   2430   2334   19
r  2337   2389   2437   19
r  2237   2437   2389   19
r  2287   2289   2389   19
r  1044   1095   996   19
r  1296   1245   1498   19
r  1398   1498   1496   19
r  2338   2289   2437   19
r  2188   2389   2437   19
r  2488   2437   2289   19
r  2490   2389   2437   19
r  2441   2437   2389   19
r  2438   2389   2289   19
r  2440   2437   2289   19
r  2391   2291   2289   19
r  1598   1550   1549   19
r  1595   1494   1498   19
r  1646   1745   1498   19
r  1747   1599   1498   19
r  1697   1648   1498   19
r  1438   1537   1538   19
r  1389   1440   1340   19
r  1640   1691   1689   19
r  2040   2088   2086   19
r  2241   2292   2349   19
r  1550   1498   1599   19
r  1495   1544   1546   19
r  1645   1498   1596   19
r  1798   1948   1998   19
r  1746   1795   1794   19
r  1797   1896   1746   19
r  1790   1792   1890   19
r  2039   2087   2139   19
r  2397   2246   2449   19
r  2298   2449   2349   19
r  2498   2449   2349   19
r  2400   2449   2349   19
r  2142   2193   2349   19
r  2398   2449   2396   19
r  2496   2349   2396   19
r  2300   2349   2396   19
r  2047   1946   2396   19
r  2091   1992   2396   19
r  1793   1844   1890   19
r  1849   1998   2050   19
r  1848   1998   1899   19
r  1947   1998   2050   19
r  2100   2396   2349   19
r  2048   2050   1948   19
r  2000   1998   1948   19
r  1950   1948   1998   19
r  2447   2396   2449   19
r  2445   2396   2349   19
r  2295   2396   2349   19
r  2092   2396   2349   19
r  2042   2045   2349   19
r  1897   1899   1998   19
r  2   203   104   20
r  301   203   102   20
r  151   102   203   20
r  258   102   203   20
r  201   102   203   20
r  305   203   102   20
r  408   357   203   20
r  55   102   203   20
r  505   456   104   20
r  306   203   104   20
r  206   102   104   20
r  553   504   104   20
r  501   503   104   20
r  502   752   104   20
r  506   558   104   20
r  409   256   104   20
r  310   411   104   20
r  108   104   102   20
r  155   104   102   20
r  455   104   102   20
r  308   104   102   20
r  257   104   203   20
r  158   104   203   20
r  457   408   203   20
r  460   409   203   20
r  110   10   11   20
r  210   212   114   20
r  551   702   603   20
r  556   607   558   20
r  507   558   657   20
r  509   558   657   20
r  61   161   114   20
r  112   12   110   20
r  608   657   555   20
r  261   210   114   20
r  704   752   702   20
r  601   702   752   20
r  651   753   702   20
r  703   752   603   20
r  606   558   657   20
r  656   558   557   20
r  312   163   114   20
r  214   212   114   20
r  212   112   114   20
r  263   212   114   20
r  116   15   114   20
r  660   860   558   20
r  758   558   860   20
r  751   603   702   20
r  802   703   653   20
r  705   603   752   20
r  801   603   752   20
r  804   905   903   20
r  17   114   124   20
r  118   67   121   20
r  562   461   514   20
r  854   903   1053   20
r  806   857   903   20
r  1054   1103   903   20
r  957   1103   903   20
r  1152   903   1053   20
r  68   124   121   20
r  319   266   218   20
r  318   369   266   20
r  908   860   903   20
r  764   713   615   20
r  761   812   862   20
r  714   515   860   20
r  1010   1111   860   20
r  865   816   860   20
r  1204   1053   1103   20
r  1101   1053   903   20
r  906   1053   903   20
r  1305   1053   903   20
r  272   219   124   20
r  469   618   418   20
r  665   617   667   20
r  914   860   862   20
r  2053   2206   2203   20
r  1408   1310   1603   20
r  1511   1559   1603   20
r  1760   1709   1603   20
r  1860   1858   1603   20
r  619   667   770   20
r  371   374   375   20
r  669   617   770   20
r  1264   1213   1415   20
r  1310   1312   1163   20
r  1115   1069   1163   20
r  2101   1603   2352   20
r  2102   2352   2302   20
r  1459   1508   1559   20
r  2105   2203   2352   20
r  2155   2204   2203   20
r  2103   2302   2352   20
r  180   128   135   20
r  185   137   128   20
r  79   127   128   20
r  77   128   80   20
r  285   334   384   20
r  328   376   179   20
r  283   235   179   20
r  335   333   179   20
r  382   281   179   20
r  28   179   127   20
r  871   873   770   20
r  1116   1165   1415   20
r  1262   1163   1162   20
r  2152   2302   2352   20
r  2154   2302   2352   20
r  2205   2203   2302   20
r  2253   2302   2352   20
r  2255   2352   2302   20
r  2453   2352   2302   20
r  2455   2352   2302   20
r  2251   2302   2352   20
r  2356   2302   2352   20
r  2354   2352   2302   20
r  2306   2352   2302   20
r  2406   2302   2352   20
r  2357   2302   2352   20
r  2256   2352   2203   20
r  2304   2352   2203   20
r  2407   2302   2203   20
r  2454   2402   2203   20
r  2201   2302   2203   20
r  2404   2302   2203   20
r  2358   2352   2203   20
r  1714   1667   1861   20
r  231   179   135   20
r  236   137   138   20
r  286   188   137   20
r  574   526   475   20
r  674   725   723   20
r  1319   1421   1415   20
r  2011   2009   2108   20
r  2305   2203   2302   20
r  2456   2203   2302   20
r  2457   2203   2302   20
r  2254   2203   2352   20
r  2403   2203   2352   20
r  2452   2203   2352   20
r  2355   2203   2352   20
r  2401   2203   2352   20
r  2451   2203   2352   20
r  2308   2361   2352   20
r  2109   2060   2058   20
r  1716   1667   1719   20
r  2459   2352   2361   20
r  187   136   138   20
r  485   537   587   20
r  338   387   137   20
r  288   137   187   20
r  1121   1221   1220   20
r  2310   2361   2413   20
r  1766   1666   1667   20
r  2460   2361   2360   20
r  238   137   138   20
r  578   630   677   20
r  827   977   875   20
r  1371   1423   1271   20
r  1472   1421   1423   20
r  2017   2116   1866   20
r  2412   2363   2361   20
r  2415   2361   2413   20
r  2311   2313   2413   20
r  2461   2313   2360   20
r  2362   2465   2360   20
r  2464   2361   2360   20
r  2312   2363   2360   20
r  1918   1866   1869   20
r  1822   1869   1725   20
r  191   140   149   20
r  91   149   146   20
r  41   146   98   20
r  685   736   587   20
r  389   340   491   20
r  1027   1126   1029   20
r  2368   2471   2272   20
r  142   149   146   20
r  244   149   146   20
r  192   98   149   20
r  92   191   146   20
r  42   149   146   20
r  48   146   149   20
r  245   146   149   20
r  193   146   149   20
r  348   149   146   20
r  246   146   149   20
r  143   146   149   20
r  194   149   146   20
r  247   149   146   20
r  297   149   146   20
r  200   149   146   20
r  49   146   149   20
r  93   149   98   20
r  100   149   98   20
r  248   146   98   20
r  298   149   98   20
r  50   146   98   20
r  198   149   98   20
r  350   146   98   20
r  299   149   98   20
r  296   146   98   20
r  300   146   98   20
r  250   146   98   20
r  882   982   931   20
r  1128   1177   1229   20
r  2070   2022   2019   20
r  1971   2022   2124   20
r  2467   2272   2367   20
r  1924   2124   2022   20
r  1527   1428   1680   20
r  2468   2272   2420   20
r  2324   2272   2420   20
r  2423   2272   2420   20
r  2323   2272   2420   20
r  2372   2420   2272   20
r  2374   2420   2272   20
r  2418   2420   2367   20
r  2369   2420   2367   20
r  2471   2272   2367   20
r  2273   2420   2367   20
r  2469   2420   2367   20
r  2371   2272   2367   20
r  2373   2420   2367   20
r  2271   2371   2367   20
r  2472   2272   2367   20
r  2269   2367   2272   20
r  2320   2367   2272   20
r  2321   2367   2420   20
r  2274   2124   2272   20
r  243   98   146   20
r  47   98   149   20
r  195   98   149   20
r  144   98   149   20
r  95   98   149   20
r  46   98   149   20
r  45   98   149   20
r  44   98   149   20
r  94   98   146   20
r  197   98   146   20
r  43   149   146   20
r  345   394   149   20
r  399   699   599   20
r  398   499   599   20
r  641   690   491   20
r  592   640   590   20
r  690   643   590   20
r  692   792   690   20
r  393   294   391   20
r  1130   1229   1231   20
r  1134   1183   1081   20
r  1428   1379   1431   20
r  1380   1429   1431   20
r  1230   1130   1179   20
r  2120   2171   2124   20
r  2474   2477   2334   20
r  397   399   699   20
r  447   498   599   20
r  499   699   599   20
r  498   599   699   20
r  934   1037   1135   20
r  838   889   887   20
r  939   937   890   20
r  2121   2124   2022   20
r  2171   2124   2071   20
r  2177   2334   2124   20
r  2026   1875   1925   20
r  1976   1875   1927   20
r  1828   1880   1830   20
r  1833   1733   1682   20
r  2186   2135   2334   20
r  2286   2289   2334   20
r  2130   2183   2334   20
r  2436   2334   2430   20
r  2185   2334   2430   20
r  2181   2130   2430   20
r  648   850   599   20
r  938   989   890   20
r  1038   1040   1140   20
r  1385   1333   1286   20
r  2079   2127   2334   20
r  1735   1784   1884   20
r  2132   2430   2032   20
r  2486   2430   2334   20
r  2136   2184   2334   20
r  2032   2081   2334   20
r  2337   2289   2389   20
r  2437   2389   2440   20
r  748   599   850   20
r  799   599   699   20
r  897   850   699   20
r  948   1097   699   20
r  747   696   646   20
r  595   644   646   20
r  848   699   850   20
r  1000   699   1248   20
r  1388   1287   1439   20
r  1536   1485   1487   20
r  2338   2389   2289   20
r  2188   2437   2389   20
r  2238   2289   2437   20
r  2438   2289   2389   20
r  2490   2289   2389   20
r  2488   2389   2437   20
r  2189   2289   2437   20
r  2341   2389   2437   20
r  2392   2349   2396   20
r  2491   2437   2389   20
r  1050   1099   1097   20
r  2442   2289   2349   20
r  1150   1248   1099   20
r  1200   1099   1248   20
r  1247   1099   1097   20
r  1197   1099   1097   20
r  1250   1099   1097   20
r  1196   1248   1097   20
r  1048   1097   1099   20
r  1199   1097   1248   20
r  2038   2139   2138   20
r  1887   1941   1989   20
r  2039   2138   2041   20
r  2100   1899   2396   20
r  2447   2349   2396   20
r  2445   2449   2396   20
r  2295   2349   2396   20
r  2092   2141   2396   20
r  1398   1496   1498   20
r  1493   1442   1596   20
r  1543   1596   1498   20
r  1793   1890   1892   20
r  1743   1596   1498   20
r  1892   1792   1890   20
r  2347   2396   2449   20
r  2044   2396   2349   20
r  2496   2396   2349   20
r  2300   2396   2349   20
r  2049   1948   1899   20
r  1545   1596   1496   20
r  1550   1499   1498   20
r  1495   1546   1498   20
r  1700   1998   1498   20
r  1445   1498   1496   20
r  1894   1794   1943   20
r  1994   1943   1945   20
r  1944   1993   1995   20
r  1995   2043   1943   20
r  1999   1899   2050   20
r  1897   2050   1899   20
r  1947   1899   1998   20
r  2000   1948   1998   20
r  1949   1799   2050   20
r  1696   1747   1596   20
r  1799   1998   1899   20
r  1800   1998   1899   20
r  1798   1998   1948   20
r  1845   1794   1746   20
r  1848   1799   1998   20
r  1849   2050   1998   20
r  1950   1998   1948   20
r  2   104   203   21
r  302   203   102   21
r  301   102   203   21
r  352   203   102   21
r  305   102   203   21
r  506   453   203   21
r  108   102   104   21
r  455   203   104   21
r  308   203   104   21
r  257   203   104   21
r  158   203   104   21
r  457   203   104   21
r  155   203   104   21
r  460   411   104   21
r  452   104   102   21
r  156   104   102   21
r  5   104   102   21
r  53   104   102   21
r  554   104   203   21
r  306   104   203   21
r  502   104   203   21
r  360   511   203   21
r  507   657   558   21
r  509   609   558   21
r  11   59   13   21
r  608   557   657   21
r  602   752   702   21
r  653   752   753   21
r  651   702   752   21
r  751   653   603   21
r  802   653   603   21
r  654   702   703   21
r  601   603   702   21
r  606   557   558   21
r  560   508   608   21
r  511   513   514   21
r  62   113   11   21
r  214   165   163   21
r  216   218   114   21
r  162   114   113   21
r  803   603   1053   21
r  703   603   752   21
r  704   603   752   21
r  801   752   1053   21
r  414   463   514   21
r  854   1053   903   21
r  855   1103   903   21
r  807   758   860   21
r  902   851   1103   21
r  1204   1103   1053   21
r  1101   1103   1053   21
r  906   1103   1053   21
r  1206   1303   1053   21
r  664   615   860   21
r  566   468   667   21
r  68   119   124   21
r  219   270   124   21
r  908   903   860   21
r  762   862   811   21
r  1009   1060   860   21
r  914   912   860   21
r  814   765   860   21
r  1254   1053   1103   21
r  1152   1053   903   21
r  712   860   862   21
r  69   121   123   21
r  20   121   69   21
r  23   124   123   21
r  1358   1306   1603   21
r  1710   1758   1603   21
r  1409   1361   1603   21
r  1661   1760   1603   21
r  1561   1514   1603   21
r  1959   1908   1603   21
r  1908   2008   1603   21
r  1258   1307   1209   21
r  1359   1208   1308   21
r  1209   1207   1163   21
r  767   819   667   21
r  571   720   771   21
r  371   375   374   21
r  1062   1163   1212   21
r  1116   1415   1163   21
r  1311   1411   1163   21
r  1262   1260   1163   21
r  968   966   917   21
r  918   916   967   21
r  2101   2352   2302   21
r  1511   1603   1411   21
r  2105   2054   2203   21
r  2103   2203   2302   21
r  1364   1362   1411   21
r  820   920   871   21
r  872   921   770   21
r  78   80   127   21
r  281   279   135   21
r  77   80   135   21
r  182   231   135   21
r  28   79   179   21
r  231   135   179   21
r  383   334   179   21
r  333   434   179   21
r  430   481   179   21
r  27   179   135   21
r  1214   1163   1162   21
r  2151   2203   2302   21
r  2154   2352   2203   21
r  2107   2158   2208   21
r  2205   2352   2203   21
r  1812   1864   1814   21
r  2253   2202   2302   21
r  2255   2302   2352   21
r  2455   2302   2352   21
r  2251   2352   2302   21
r  2354   2302   2352   21
r  2306   2302   2352   21
r  2256   2302   2352   21
r  2304   2302   2352   21
r  2407   2352   2302   21
r  2201   2352   2302   21
r  2404   2202   2302   21
r  2456   2302   2203   21
r  2457   2302   2203   21
r  2254   2352   2203   21
r  2403   2352   2203   21
r  2452   2352   2203   21
r  2355   2352   2203   21
r  2401   2352   2203   21
r  2308   2409   2203   21
r  2305   2302   2203   21
r  2451   2352   2203   21
r  1913   1964   1763   21
r  2259   2310   2108   21
r  1365   1416   1266   21
r  283   179   135   21
r  35   179   128   21
r  236   287   137   21
r  1070   1221   1220   21
r  1419   1421   1415   21
r  1420   1521   1415   21
r  2453   2203   2352   21
r  2356   2203   2302   21
r  2406   2203   2302   21
r  2454   2203   2302   21
r  2206   2203   2302   21
r  1716   1719   1617   21
r  2260   2360   2413   21
r  576   574   475   21
r  288   187   137   21
r  436   438   587   21
r  1368   1415   1421   21
r  2115   2215   2164   21
r  1766   1667   1718   21
r  1721   1869   1719   21
r  2410   2413   2459   21
r  238   138   137   21
r  289   137   189   21
r  240   137   138   21
r  1321   1323   1421   21
r  1472   1571   1421   21
r  2067   1965   1866   21
r  2415   2413   2361   21
r  2462   2413   2411   21
r  2362   2413   2411   21
r  2312   2361   2413   21
r  2411   2363   2360   21
r  2363   2361   2412   21
r  1918   1869   1870   21
r  1623   1621   1571   21
r  141   98   149   21
r  91   146   149   21
r  41   98   146   21
r  291   340   146   21
r  1969   2070   2124   21
r  2416   2272   2420   21
r  1525   1624   1625   21
r  1277   1427   1377   21
r  2267   2367   2272   21
r  142   98   149   21
r  192   149   98   21
r  42   98   149   21
r  48   94   146   21
r  400   149   146   21
r  193   149   146   21
r  295   149   146   21
r  348   146   149   21
r  247   146   149   21
r  147   145   149   21
r  49   149   146   21
r  344   341   146   21
r  100   146   149   21
r  50   149   146   21
r  198   146   149   21
r  296   149   146   21
r  294   291   98   21
r  47   146   98   21
r  195   149   98   21
r  144   149   98   21
r  95   149   98   21
r  46   149   98   21
r  347   146   98   21
r  197   146   98   21
r  44   149   98   21
r  94   149   98   21
r  45   146   98   21
r  293   244   146   21
r  342   344   146   21
r  492   443   390   21
r  1476   1377   1327   21
r  2467   2367   2272   21
r  1924   1922   2124   21
r  1875   1725   1978   21
r  1922   2124   2022   21
r  1630   1628   1582   21
r  1528   1680   1678   21
r  2423   2420   2272   21
r  2323   2420   2272   21
r  2372   2272   2420   21
r  2369   2272   2420   21
r  2371   2420   2272   21
r  2373   2272   2420   21
r  2321   2420   2367   21
r  2270   2272   2367   21
r  2219   2222   2367   21
r  2269   2272   2367   21
r  2320   2272   2367   21
r  2222   2122   2124   21
r  2473   2367   2420   21
r  2469   2367   2420   21
r  2468   2367   2272   21
r  2324   2367   2272   21
r  2471   2367   2272   21
r  2472   2367   2272   21
r  2221   2124   2272   21
r  934   985   1081   21
r  1282   1280   1081   21
r  933   882   833   21
r  143   98   146   21
r  93   98   149   21
r  298   98   149   21
r  299   98   149   21
r  244   141   149   21
r  194   98   149   21
r  297   98   149   21
r  200   98   149   21
r  243   342   149   21
r  245   98   146   21
r  246   98   146   21
r  349   98   146   21
r  250   98   146   21
r  248   98   146   21
r  350   98   146   21
r  300   98   146   21
r  43   146   149   21
r  450   498   599   21
r  397   699   599   21
r  591   691   491   21
r  789   891   890   21
r  2070   2019   2124   21
r  2172   2223   2022   21
r  2275   2273   2124   21
r  2171   2071   2124   21
r  2027   2025   2124   21
r  1975   1875   1876   21
r  1532   1431   1584   21
r  2325   2272   2334   21
r  448   699   850   21
r  938   836   887   21
r  1088   1140   1139   21
r  499   399   699   21
r  550   699   599   21
r  698   647   599   21
r  650   699   599   21
r  950   699   599   21
r  496   399   644   21
r  495   596   644   21
r  988   1087   1141   21
r  594   646   596   21
r  694   743   646   21
r  2080   2334   2430   21
r  2081   2179   2334   21
r  2436   2389   2334   21
r  2185   2183   2334   21
r  2136   2334   2430   21
r  1831   1880   1932   21
r  1785   1787   1733   21
r  1981   1880   2334   21
r  1338   1286   1439   21
r  547   644   596   21
r  648   599   850   21
r  848   900   699   21
r  999   1248   699   21
r  595   696   644   21
r  993   996   894   21
r  1487   1485   1439   21
r  2337   2437   2289   21
r  2237   2289   2437   21
r  1538   1439   1486   21
r  1488   1439   1485   21
r  1240   1191   1292   21
r  1050   1248   1099   21
r  998   1099   1097   21
r  2338   2437   2389   21
r  2389   2289   2437   21
r  2438   2390   2289   21
r  2291   2389   2289   21
r  2240   2389   2437   21
r  2391   2289   2437   21
r  2190   2289   2437   21
r  2488   2437   2389   21
r  1048   1099   1097   21
r  1150   1097   1248   21
r  1196   1097   1248   21
r  1200   1248   1099   21
r  1250   1248   1099   21
r  1300   1248   1097   21
r  1199   1248   1097   21
r  1146   1095   1097   21
r  1095   1195   1044   21
r  2490   2437   2289   21
r  2341   2437   2389   21
r  2392   2389   2349   21
r  1393   1442   1292   21
r  1348   1448   1397   21
r  1647   1496   1596   21
r  1695   1744   1498   21
r  2347   2349   2396   21
r  2496   2349   2396   21
r  2300   2249   2396   21
r  2049   1899   2396   21
r  2043   2349   2396   21
r  2398   2396   2449   21
r  2447   2396   2349   21
r  2295   2396   2349   21
r  1992   2044   2349   21
r  1994   2042   2349   21
r  1694   1596   1794   21
r  1700   1498   1599   21
r  1799   1948   1998   21
r  1800   1899   1998   21
r  1798   1899   1998   21
r  1999   2050   1899   21
r  1795   1846   1746   21
r  1850   1998   1899   21
r  1900   1948   1849   21
r  2000   1998   1948   21
r  1950   1948   1998   21
r  1897   1998   1948   21
r  51   203   102   22
r  2   203   104   22
r  302   102   203   22
r  351   203   102   22
r  404   203   102   22
r  407   203   102   22
r  504   203   102   22
r  259   203   114   22
r  357   203   102   22
r  310   259   203   22
r  158   102   203   22
r  457   459   203   22
r  155   102   203   22
r  452   102   104   22
r  156   203   104   22
r  5   203   104   22
r  53   102   104   22
r  410   203   104   22
r  554   506   104   22
r  306   203   104   22
r  360   203   104   22
r  459   203   104   22
r  6   104   102   22
r  304   104   102   22
r  503   104   102   22
r  352   104   203   22
r  455   104   203   22
r  308   104   203   22
r  257   104   203   22
r  361   412   203   22
r  62   11   203   22
r  555   507   657   22
r  556   657   608   22
r  507   606   657   22
r  411   511   512   22
r  61   110   113   22
r  63   114   112   22
r  211   114   11   22
r  262   213   113   22
r  162   113   114   22
r  602   702   701   22
r  653   753   752   22
r  755   1053   903   22
r  701   753   1053   22
r  651   752   702   22
r  601   702   603   22
r  704   702   603   22
r  703   701   603   22
r  654   703   702   22
r  606   558   557   22
r  515   614   512   22
r  563   462   464   22
r  660   609   860   22
r  17   66   121   22
r  705   754   903   22
r  801   1053   752   22
r  754   752   903   22
r  220   124   121   22
r  368   317   266   22
r  269   218   124   22
r  854   903   1053   22
r  956   1053   1103   22
r  901   1053   1103   22
r  1254   1103   1053   22
r  1152   1103   1053   22
r  1206   1053   903   22
r  1051   903   1103   22
r  1305   903   1053   22
r  1107   903   1053   22
r  1208   1159   1053   22
r  570   519   468   22
r  663   615   860   22
r  712   862   860   22
r  765   615   860   22
r  1013   1015   860   22
r  815   915   860   22
r  1059   1110   860   22
r  20   69   121   22
r  23   123   124   22
r  321   374   124   22
r  70   124   19   22
r  69   124   121   22
r  273   374   121   22
r  669   770   667   22
r  717   617   770   22
r  909   860   862   22
r  275   27   179   22
r  127   130   135   22
r  1159   1058   1308   22
r  1357   1208   1603   22
r  1907   1909   1603   22
r  1459   1559   1603   22
r  1957   1908   1603   22
r  1910   1959   1603   22
r  1511   1411   1603   22
r  1958   1858   1603   22
r  1861   1912   1603   22
r  818   867   770   22
r  1062   1212   1163   22
r  1165   1162   1163   22
r  1064   1111   1113   22
r  1114   1111   1162   22
r  1214   1162   1163   22
r  129   82   80   22
r  36   127   135   22
r  29   128   135   22
r  30   127   135   22
r  27   135   179   22
r  136   138   179   22
r  283   135   179   22
r  35   128   179   22
r  381   332   179   22
r  384   335   179   22
r  433   334   179   22
r  379   279   179   22
r  1464   1515   1411   22
r  1851   1603   1853   22
r  1951   1603   1853   22
r  2101   2203   2352   22
r  2102   2203   2352   22
r  2104   2203   2302   22
r  2105   2203   2302   22
r  2106   2203   2352   22
r  2103   2302   2203   22
r  1959   1603   1908   22
r  1812   1814   1864   22
r  823   722   774   22
r  775   773   675   22
r  1112   1163   1262   22
r  133   179   82   22
r  31   179   135   22
r  234   179   135   22
r  333   179   135   22
r  434   385   587   22
r  428   479   529   22
r  2151   2302   2203   22
r  2152   2203   2302   22
r  2154   2156   2352   22
r  2156   2203   2302   22
r  2205   2203   2352   22
r  2255   2352   2302   22
r  2354   2352   2302   22
r  2357   2352   2302   22
r  2256   2352   2302   22
r  2358   2302   2352   22
r  2456   2352   2302   22
r  2254   2302   2352   22
r  2355   2302   2352   22
r  2401   2302   2352   22
r  2305   2352   2302   22
r  2451   2302   2352   22
r  2453   2352   2203   22
r  2356   2352   2203   22
r  2406   2302   2203   22
r  2454   2352   2203   22
r  2206   2352   2203   22
r  2359   2457   2203   22
r  2109   2058   2010   22
r  575   624   475   22
r  1118   1169   1120   22
r  1368   1421   1415   22
r  1568   1620   1415   22
r  1471   1469   1415   22
r  1467   1567   1515   22
r  387   336   587   22
r  580   679   628   22
r  40   98   146   22
r  238   137   138   22
r  139   137   237   22
r  2201   2203   2352   22
r  2452   2203   2352   22
r  2403   2203   2352   22
r  2251   2203   2352   22
r  2407   2203   2352   22
r  2404   2203   2352   22
r  2408   2203   2302   22
r  2457   2203   2302   22
r  2308   2203   2302   22
r  2455   2203   2302   22
r  2458   2203   2302   22
r  2304   2203   2302   22
r  2061   2109   2108   22
r  1716   1718   1719   22
r  1766   1719   1666   22
r  2309   2459   2413   22
r  1024   1124   1126   22
r  680   781   732   22
r  728   779   677   22
r  1218   1169   1221   22
r  1319   1415   1421   22
r  1470   1415   1421   22
r  1519   1415   1421   22
r  140   137   189   22
r  437   537   536   22
r  735   786   587   22
r  578   677   679   22
r  91   149   146   22
r  41   149   98   22
r  1771   1669   1725   22
r  1769   1869   1866   22
r  2410   2459   2413   22
r  2313   2361   2164   22
r  2460   2413   2361   22
r  2312   2413   2164   22
r  2363   2412   2361   22
r  1867   1865   1819   22
r  1967   1965   1866   22
r  1918   1867   1869   22
r  1123   1172   1222   22
r  780   829   682   22
r  1075   1126   1026   22
r  976   875   877   22
r  1273   1322   1423   22
r  1274   1222   1421   22
r  1523   1421   1571   22
r  192   146   149   22
r  92   146   149   22
r  42   146   98   22
r  144   98   149   22
r  95   98   149   22
r  46   98   149   22
r  44   98   149   22
r  298   149   98   22
r  194   149   98   22
r  297   149   98   22
r  200   149   98   22
r  142   149   98   22
r  293   291   149   22
r  49   98   149   22
r  400   98   149   22
r  344   98   149   22
r  248   149   98   22
r  295   98   149   22
r  247   149   146   22
r  100   149   146   22
r  47   98   146   22
r  347   149   146   22
r  197   149   146   22
r  45   98   146   22
r  43   94   146   22
r  348   149   146   22
r  343   443   146   22
r  198   149   146   22
r  2463   2360   2461   22
r  2464   2360   2361   22
r  2364   2360   2413   22
r  2362   2360   2413   22
r  2465   2360   2414   22
r  2416   2420   2272   22
r  2366   2272   2420   22
r  2018   1965   1967   22
r  642   690   491   22
r  641   491   592   22
r  790   792   890   22
r  541   590   640   22
r  643   592   640   22
r  492   390   443   22
r  937   888   890   22
r  193   146   149   22
r  50   146   149   22
r  296   146   149   22
r  294   146   149   22
r  195   146   149   22
r  94   146   149   22
r  93   146   98   22
r  244   146   98   22
r  246   146   98   22
r  345   347   98   22
r  143   146   98   22
r  245   146   98   22
r  250   146   98   22
r  300   146   98   22
r  346   444   149   22
r  1920   1918   2124   22
r  1674   1626   1725   22
r  1775   1724   1773   22
r  1577   1628   1680   22
r  2466   2367   2420   22
r  2268   2272   2420   22
r  1180   1129   1081   22
r  1083   1135   1182   22
r  1279   1129   1231   22
r  1330   1379   1231   22
r  396   497   699   22
r  498   500   599   22
r  1876   1778   1927   22
r  1922   2022   2124   22
r  1579   1680   1678   22
r  2467   2272   2367   22
r  2418   2367   2420   22
r  2374   2272   2420   22
r  2369   2420   2272   22
r  2371   2272   2420   22
r  2269   2372   2272   22
r  2473   2420   2367   22
r  2468   2272   2367   22
r  2324   2272   2367   22
r  2471   2420   2367   22
r  2472   2420   2367   22
r  2274   2272   2367   22
r  2321   2367   2420   22
r  2323   2367   2420   22
r  2372   2367   2272   22
r  2373   2367   2272   22
r  2270   2367   2272   22
r  2320   2367   2272   22
r  2220   2120   2272   22
r  2224   2173   2022   22
r  2121   2022   2124   22
r  1084   1081   1135   22
r  1036   985   1034   22
r  1087   1237   1135   22
r  1528   1678   1680   22
r  594   596   646   22
r  990   1089   1140   22
r  1090   1088   988   22
r  598   498   850   22
r  600   498   850   22
r  548   699   850   22
r  550   498   699   22
r  547   596   599   22
r  648   850   599   22
r  1878   1779   1830   22
r  1529   1531   1582   22
r  2078   2124   2334   22
r  2179   2334   2430   22
r  597   644   699   22
r  795   996   894   22
r  1140   988   1088   22
r  899   1248   850   22
r  650   599   699   22
r  1000   1248   699   22
r  947   850   699   22
r  948   699   850   22
r  1833   1884   1733   22
r  2080   2179   2334   22
r  2486   2336   2430   22
r  2082   2183   2430   22
r  2132   2334   2430   22
r  2032   2334   2430   22
r  1335   1236   1237   22
r  1240   1292   1191   22
r  1290   1238   1292   22
r  998   1097   1099   22
r  1050   1099   1248   22
r  997   1248   1097   22
r  2231   2430   2282   22
r  2136   2430   2334   22
r  2133   2033   2334   22
r  2287   2238   2334   22
r  2134   2183   2334   22
r  2135   2183   2334   22
r  1340   1441   1439   22
r  1489   1540   1487   22
r  1244   1242   1292   22
r  1299   1099   1498   22
r  1200   1099   1248   22
r  1250   1099   1248   22
r  1300   1099   1248   22
r  1199   1099   1248   22
r  1150   1248   1097   22
r  1048   1097   1099   22
r  1247   1097   1099   22
r  1488   1537   1486   22
r  2338   2389   2437   22
r  2289   2437   2389   22
r  2291   2289   2389   22
r  2189   2389   2289   22
r  2391   2389   2289   22
r  2488   2289   2437   22
r  2340   2389   2437   22
r  2491   2389   2437   22
r  2490   2289   2437   22
r  1985   1983   2034   22
r  1298   1396   1397   22
r  2190   2437   2349   22
r  2240   2437   2389   22
r  1938   1890   1941   22
r  1493   1544   1498   22
r  1494   1546   1498   22
r  1445   1346   1498   22
r  1694   1745   1498   22
r  1645   1496   1498   22
r  1696   1596   1498   22
r  1700   1599   1498   22
r  2040   2086   2139   22
r  2141   2038   2396   22
r  1800   1998   1899   22
r  2500   2396   2449   22
r  2042   1943   2396   22
r  2347   2449   2349   22
r  2496   2449   2349   22
r  2043   2396   2349   22
r  2044   2349   2396   22
r  2398   2349   2396   22
r  2447   2349   2396   22
r  2295   2349   2396   22
r  1995   2044   2396   22
r  1849   1948   2050   22
r  1900   1849   1948   22
r  1947   1998   1899   22
r  1845   1847   1794   22
r  1950   1899   1948   22
r  1897   1899   1998   22
r  1   104   102   23
r  51   102   203   23
r  2   102   203   23
r  353   104   102   23
r  157   104   102   23
r  57   104   102   23
r  205   104   102   23
r  6   102   104   23
r  106   207   102   23
r  58   104   102   23
r  4   104   102   23
r  304   102   104   23
r  405   104   102   23
r  454   104   102   23
r  209   104   114   23
r  403   104   102   23
r  502   603   104   23
r  308   102   104   23
r  257   102   104   23
r  404   102   203   23
r  407   104   203   23
r  504   102   203   23
r  259   114   203   23
r  357   104   203   23
r  156   104   203   23
r  5   102   203   23
r  410   104   203   23
r  306   104   203   23
r  351   102   203   23
r  459   104   203   23
r  455   203   104   23
r  352   203   104   23
r  503   203   104   23
r  302   203   102   23
r  354   203   102   23
r  305   203   102   23
r  457   203   102   23
r  452   203   102   23
r  551   752   104   23
r  556   608   657   23
r  362   461   514   23
r  61   114   13   23
r  112   110   13   23
r  63   110   114   23
r  211   11   114   23
r  313   212   114   23
r  602   701   752   23
r  755   903   1053   23
r  651   702   752   23
r  801   702   603   23
r  606   657   558   23
r  655   603   657   23
r  217   319   318   23
r  16   114   121   23
r  705   903   1053   23
r  803   752   903   23
r  756   705   903   23
r  218   267   369   23
r  316   468   267   23
r  319   218   266   23
r  317   369   368   23
r  268   369   468   23
r  854   1103   903   23
r  857   910   860   23
r  1051   1103   903   23
r  1107   1208   903   23
r  956   903   1053   23
r  901   903   1053   23
r  1206   1308   1053   23
r  907   860   1053   23
r  1158   1207   1053   23
r  418   520   517   23
r  1013   1163   862   23
r  965   866   860   23
r  220   118   124   23
r  70   19   124   23
r  69   123   124   23
r  274   374   124   23
r  1303   1053   1603   23
r  1008   1053   903   23
r  1108   1159   1209   23
r  1109   1107   1308   23
r  619   770   667   23
r  669   720   770   23
r  715   615   667   23
r  1060   1014   1162   23
r  228   179   135   23
r  26   179   80   23
r  1307   1405   1603   23
r  1359   1308   1603   23
r  1851   1853   1603   23
r  1951   1853   1603   23
r  2007   2009   1603   23
r  1960   2060   1603   23
r  2008   2208   1603   23
r  2009   2108   1603   23
r  822   771   770   23
r  1062   1163   1110   23
r  1067   1119   1220   23
r  1064   1113   1162   23
r  1215   1213   1415   23
r  1112   1262   1163   23
r  968   867   866   23
r  918   967   866   23
r  129   80   135   23
r  32   80   135   23
r  80   29   135   23
r  79   128   135   23
r  285   384   135   23
r  28   127   135   23
r  283   234   135   23
r  133   82   179   23
r  31   80   179   23
r  234   134   179   23
r  431   379   179   23
r  385   333   179   23
r  479   530   179   23
r  333   135   179   23
r  286   137   179   23
r  1505   1603   1553   23
r  1802   1603   1853   23
r  2101   2352   2203   23
r  2102   2302   2203   23
r  2104   2302   2203   23
r  2105   2302   2203   23
r  2103   2352   2302   23
r  1761   1862   1663   23
r  1864   1763   1866   23
r  524   624   573   23
r  575   475   573   23
r  1117   1220   1068   23
r  131   179   135   23
r  383   179   135   23
r  288   137   237   23
r  2151   2352   2302   23
r  2152   2352   2203   23
r  2154   2352   2302   23
r  2205   2352   2203   23
r  2204   2352   2202   23
r  2354   2302   2352   23
r  2456   2302   2352   23
r  2254   2352   2302   23
r  2451   2352   2302   23
r  2453   2302   2352   23
r  2356   2302   2352   23
r  2206   2302   2352   23
r  2201   2352   2203   23
r  2452   2352   2203   23
r  2403   2352   2203   23
r  2251   2352   2203   23
r  2407   2302   2203   23
r  2404   2352   2203   23
r  2408   2352   2203   23
r  2457   2352   2203   23
r  2455   2302   2203   23
r  2458   2302   2203   23
r  2304   2352   2203   23
r  1219   1221   1119   23
r  1470   1421   1415   23
r  1319   1421   1415   23
r  337   286   137   23
r  238   138   137   23
r  139   237   137   23
r  2454   2203   2352   23
r  2255   2203   2352   23
r  2357   2203   2352   23
r  2305   2203   2352   23
r  2306   2203   2302   23
r  2307   2203   2302   23
r  2358   2203   2302   23
r  2355   2203   2302   23
r  2406   2203   2302   23
r  2401   2203   2302   23
r  2209   2158   2207   23
r  2259   2208   2158   23
r  1717   1719   1666   23
r  2459   2360   2413   23
r  1918   1869   1866   23
r  1767   1719   1866   23
r  2018   1967   1866   23
r  2163   2211   2112   23
r  925   927   976   23
r  629   578   677   23
r  1173   1171   1222   23
r  40   137   138   23
r  539   491   590   23
r  438   390   587   23
r  2115   2164   2117   23
r  1671   1720   1719   23
r  2310   2412   2361   23
r  2462   2411   2413   23
r  2460   2361   2413   23
r  2461   2413   2414   23
r  2312   2164   2413   23
r  2463   2361   2360   23
r  2364   2413   2360   23
r  2362   2413   2360   23
r  2464   2413   2360   23
r  2019   1971   2124   23
r  2318   2272   2420   23
r  976   927   875   23
r  1076   1125   1024   23
r  1523   1571   1421   23
r  1524   1526   1421   23
r  141   149   98   23
r  241   290   149   23
r  41   98   149   23
r  192   149   146   23
r  92   98   146   23
r  341   241   98   23
r  242   146   149   23
r  1673   1722   1725   23
r  2415   2360   2413   23
r  2366   2317   2272   23
r  1871   1920   2124   23
r  2069   2219   2124   23
r  2021   1970   2124   23
r  2218   2220   2272   23
r  2267   2466   2367   23
r  2268   2367   2272   23
r  2368   2420   2317   23
r  1077   1024   1126   23
r  1225   1174   1176   23
r  1525   1625   1626   23
r  142   98   149   23
r  42   98   146   23
r  46   149   98   23
r  44   149   98   23
r  298   98   149   23
r  194   98   149   23
r  200   98   149   23
r  243   149   98   23
r  49   149   98   23
r  342   291   149   23
r  247   98   149   23
r  47   149   98   23
r  43   149   98   23
r  193   98   146   23
r  195   149   146   23
r  94   149   146   23
r  244   149   146   23
r  246   149   146   23
r  345   149   146   23
r  143   98   146   23
r  250   98   146   23
r  300   98   146   23
r  346   149   146   23
r  50   149   146   23
r  296   98   146   23
r  294   98   146   23
r  93   149   146   23
r  245   149   146   23
r  541   490   590   23
r  791   740   890   23
r  100   146   149   23
r  198   146   149   23
r  197   146   149   23
r  248   146   149   23
r  144   146   98   23
r  95   146   98   23
r  299   146   98   23
r  295   146   98   23
r  293   146   98   23
r  343   146   149   23
r  1823   1725   1821   23
r  2416   2272   2420   23
r  2466   2272   2367   23
r  2221   2223   2124   23
r  2369   2272   2420   23
r  2467   2420   2272   23
r  2468   2420   2272   23
r  2324   2420   2272   23
r  2418   2420   2367   23
r  2469   2420   2367   23
r  2321   2272   2367   23
r  2323   2420   2367   23
r  2372   2420   2367   23
r  2373   2272   2367   23
r  2270   2272   2367   23
r  2320   2272   2367   23
r  2371   2367   2272   23
r  2423   2367   2420   23
r  2471   2367   2420   23
r  1129   1231   1081   23
r  1084   1183   1081   23
r  1230   1179   1081   23
r  1478   1427   1680   23
r  398   498   447   23
r  396   699   599   23
r  892   843   890   23
r  445   496   443   23
r  1579   1530   1680   23
r  1729   1629   1678   23
r  2274   2367   2272   23
r  2275   2124   2334   23
r  2177   2124   2430   23
r  1975   1876   1875   23
r  2226   2275   2334   23
r  2129   2078   2334   23
r  1977   1875   1975   23
r  1085   1187   1034   23
r  1036   1034   1084   23
r  985   1034   1136   23
r  1280   1229   1179   23
r  448   599   699   23
r  498   599   850   23
r  744   795   646   23
r  990   1140   1139   23
r  1039   988   1139   23
r  1038   1139   1089   23
r  1877   1975   2026   23
r  2079   2334   2430   23
r  2179   2181   2334   23
r  1337   1286   1237   23
r  548   850   699   23
r  550   699   850   23
r  547   646   699   23
r  748   850   599   23
r  899   850   599   23
r  799   850   599   23
r  650   699   599   23
r  797   850   599   23
r  697   644   699   23
r  993   894   996   23
r  648   599   850   23
r  1585   1533   1487   23
r  2332   2334   2381   23
r  2132   2032   2334   23
r  2231   2334   2430   23
r  2133   2334   2430   23
r  2083   2032   2430   23
r  2031   2029   2430   23
r  2084   2033   2334   23
r  1336   1287   1285   23
r  897   798   850   23
r  798   699   850   23
r  950   599   699   23
r  1146   1246   1248   23
r  1485   1538   1487   23
r  1785   1686   1883   23
r  2337   2289   2437   23
r  2237   2389   2289   23
r  2287   2334   2289   23
r  1436   1538   1537   23
r  1099   1000   1199   23
r  1196   1248   1097   23
r  1735   1584   1686   23
r  2338   2289   2389   23
r  2238   2389   2289   23
r  2289   2388   2437   23
r  2189   2289   2389   23
r  2391   2289   2389   23
r  2491   2289   2389   23
r  2441   2389   2437   23
r  1938   1989   1890   23
r  2038   2087   2139   23
r  1200   1248   1099   23
r  1048   1099   1097   23
r  1350   1248   1097   23
r  1148   1097   1199   23
r  1150   1097   1248   23
r  1250   1097   1099   23
r  1739   1588   1790   23
r  2492   2289   2349   23
r  2490   2437   2289   23
r  2291   2437   2289   23
r  2340   2437   2389   23
r  1347   1498   1298   23
r  1644   1596   1498   23
r  1745   1794   1498   23
r  1796   1847   1498   23
r  1798   1948   1899   23
r  2193   2396   2449   23
r  2398   2396   2349   23
r  2447   2396   2349   23
r  2295   2396   2349   23
r  1996   2045   2349   23
r  1945   2045   2349   23
r  2500   2349   2396   23
r  1849   2050   1948   23
r  1850   1899   1998   23
r  1900   1948   2050   23
r  1950   1948   1899   23
r  2000   1899   1998   23
r  1947   1899   1998   23
r  1   102   104   24
r  51   203   102   24
r  204   104   102   24
r  303   104   102   24
r  157   102   104   24
r  57   102   104   24
r  105   154   102   24
r  58   102   104   24
r  4   102   104   24
r  356   104   102   24
r  109   104   102   24
r  403   102   104   24
r  357   102   104   24
r  156   102   104   24
r  410   461   104   24
r  306   102   104   24
r  455   104   203   24
r  352   102   203   24
r  503   102   203   24
r  302   104   203   24
r  354   102   203   24
r  305   104   203   24
r  457   102   203   24
r  452   102   203   24
r  360   104   203   24
r  508   657   203   24
r  255   203   102   24
r  301   203   102   24
r  307   203   102   24
r  207   203   102   24
r  404   203   102   24
r  151   203   102   24
r  456   203   102   24
r  251   203   102   24
r  358   203   102   24
r  505   203   102   24
r  206   203   102   24
r  553   203   752   24
r  554   203   102   24
r  308   203   102   24
r  353   203   104   24
r  205   203   104   24
r  405   203   104   24
r  454   203   104   24
r  407   203   104   24
r  160   114   261   24
r  61   13   114   24
r  603   654   1053   24
r  213   211   113   24
r  214   163   13   24
r  16   121   114   24
r  610   562   657   24
r  606   558   657   24
r  656   605   558   24
r  565   614   514   24
r  707   758   860   24
r  660   860   657   24
r  704   752   1053   24
r  802   603   1053   24
r  801   603   702   24
r  315   266   468   24
r  465   514   468   24
r  709   808   862   24
r  319   267   368   24
r  268   468   266   24
r  369   468   316   24
r  759   860   862   24
r  618   669   770   24
r  518   469   667   24
r  569   521   667   24
r  856   1053   860   24
r  907   1053   860   24
r  909   960   860   24
r  901   1053   903   24
r  956   1053   903   24
r  952   1053   1103   24
r  1257   1206   1208   24
r  170   121   119   24
r  20   121   123   24
r  272   321   121   24
r  273   221   124   24
r  270   321   124   24
r  224   124   121   24
r  762   860   862   24
r  1013   860   1163   24
r  868   866   865   24
r  816   919   917   24
r  1308   1208   1603   24
r  1505   1554   1603   24
r  1802   1853   1603   24
r  1959   1908   1603   24
r  1410   1361   1603   24
r  228   135   179   24
r  26   80   179   24
r  326   374   179   24
r  276   327   179   24
r  227   278   135   24
r  573   625   475   24
r  1062   1111   1163   24
r  1360   1411   1163   24
r  1951   1603   1853   24
r  2101   2203   2352   24
r  2102   2352   2302   24
r  2104   2352   2302   24
r  1762   1862   1811   24
r  1664   1814   1861   24
r  178   80   135   24
r  229   278   135   24
r  230   228   135   24
r  333   284   135   24
r  131   135   179   24
r  383   135   179   24
r  236   138   179   24
r  429   380   179   24
r  432   333   179   24
r  378   279   179   24
r  27   179   135   24
r  128   179   135   24
r  78   179   135   24
r  525   574   573   24
r  1963   1961   1912   24
r  2151   2203   2352   24
r  2152   2203   2352   24
r  2154   2302   2352   24
r  2156   2207   2203   24
r  2205   2302   2352   24
r  2253   2302   2202   24
r  2204   2202   2352   24
r  2354   2352   2302   24
r  2456   2352   2302   24
r  2254   2302   2352   24
r  2451   2302   2352   24
r  2206   2352   2302   24
r  2359   2352   2302   24
r  2457   2302   2352   24
r  2455   2352   2302   24
r  2458   2352   2302   24
r  2454   2352   2203   24
r  2255   2302   2203   24
r  2305   2352   2203   24
r  2358   2302   2203   24
r  2355   2302   2203   24
r  2406   2302   2203   24
r  2401   2302   2203   24
r  2306   2352   2203   24
r  2307   2352   2203   24
r  2112   2110   2164   24
r  31   179   82   24
r  86   179   138   24
r  231   179   135   24
r  332   179   135   24
r  237   87   189   24
r  435   335   587   24
r  288   138   137   24
r  824   727   775   24
r  575   573   475   24
r  2201   2203   2352   24
r  2452   2203   2352   24
r  2403   2203   2352   24
r  2251   2203   2352   24
r  2404   2203   2352   24
r  2408   2203   2352   24
r  2304   2203   2352   24
r  2407   2203   2302   24
r  2453   2203   2302   24
r  2356   2203   2302   24
r  1716   1617   1718   24
r  1668   1617   1666   24
r  2409   2360   2413   24
r  2459   2413   2360   24
r  2068   2019   1866   24
r  337   137   138   24
r  140   138   137   24
r  240   138   137   24
r  678   629   579   24
r  580   529   677   24
r  1619   1719   1670   24
r  2310   2413   2414   24
r  2365   2414   2413   24
r  2462   2413   2365   24
r  2460   2413   2361   24
r  2463   2461   2361   24
r  2415   2413   2360   24
r  2465   2361   2360   24
r  2117   1965   2164   24
r  1870   1819   2124   24
r  91   146   149   24
r  141   98   149   24
r  1076   1074   1025   24
r  930   979   829   24
r  1323   1421   1272   24
r  1375   1426   1377   24
r  2312   2360   2361   24
r  2464   2360   2413   24
r  2416   2420   2272   24
r  2466   2367   2272   24
r  2168   2220   2272   24
r  2220   2272   2124   24
r  2268   2272   2367   24
r  2368   2272   2420   24
r  41   146   98   24
r  635   587   637   24
r  785   788   887   24
r  192   146   149   24
r  92   146   98   24
r  142   146   98   24
r  242   291   146   24
r  292   146   149   24
r  341   98   146   24
r  1128   1229   1081   24
r  2467   2367   2420   24
r  2270   2367   2272   24
r  2374   2420   2272   24
r  2369   2420   2272   24
r  2324   2272   2420   24
r  2472   2272   2420   24
r  2321   2420   2272   24
r  2320   2420   2272   24
r  2371   2420   2367   24
r  2423   2272   2367   24
r  2471   2420   2367   24
r  2269   2367   2420   24
r  2418   2367   2420   24
r  2373   2367   2272   24
r  2473   2367   2420   24
r  2469   2367   2420   24
r  2372   2367   2420   24
r  42   149   98   24
r  46   98   149   24
r  44   98   149   24
r  298   149   98   24
r  194   149   98   24
r  200   149   98   24
r  243   98   149   24
r  49   98   149   24
r  344   149   98   24
r  247   149   98   24
r  47   98   149   24
r  45   149   98   24
r  43   98   149   24
r  348   98   149   24
r  195   98   149   24
r  244   98   149   24
r  246   98   149   24
r  300   149   98   24
r  346   395   149   24
r  50   98   149   24
r  294   149   98   24
r  100   149   146   24
r  198   149   146   24
r  197   98   146   24
r  248   98   146   24
r  144   149   146   24
r  95   98   146   24
r  299   149   146   24
r  295   149   146   24
r  293   149   146   24
r  343   149   146   24
r  690   590   491   24
r  193   146   98   24
r  347   146   149   24
r  94   146   149   24
r  93   146   149   24
r  297   146   149   24
r  345   146   149   24
r  245   146   149   24
r  296   146   98   24
r  350   146   98   24
r  143   146   98   24
r  342   146   98   24
r  250   146   98   24
r  1085   1034   1081   24
r  1426   1327   1276   24
r  2177   2179   2334   24
r  2026   1975   1875   24
r  1977   1975   1925   24
r  398   447   699   24
r  692   640   740   24
r  836   887   890   24
r  987   936   1135   24
r  989   1089   1141   24
r  1926   1875   1975   24
r  1878   1880   1980   24
r  1532   1583   1484   24
r  2079   2130   2334   24
r  2129   2077   2430   24
r  448   699   599   24
r  793   744   644   24
r  796   747   646   24
r  697   646   644   24
r  990   1139   1089   24
r  1139   988   1040   24
r  1038   1089   1139   24
r  498   850   599   24
r  1732   1783   1883   24
r  2082   2034   2334   24
r  2231   2282   2334   24
r  2134   2185   2430   24
r  2135   2334   2430   24
r  2030   2079   2430   24
r  2332   2430   2334   24
r  2083   2430   2334   24
r  2133   2430   2334   24
r  748   699   850   24
r  899   699   850   24
r  650   850   699   24
r  597   646   599   24
r  648   699   599   24
r  848   699   599   24
r  900   699   599   24
r  949   699   599   24
r  550   599   699   24
r  898   1000   850   24
r  798   850   699   24
r  948   850   699   24
r  795   895   996   24
r  1090   988   1139   24
r  1835   1933   1733   24
r  2337   2389   2289   24
r  2237   2289   2389   24
r  2287   2289   2437   24
r  999   699   850   24
r  1050   1248   1099   24
r  997   1097   1248   24
r  998   1099   1097   24
r  994   996   945   24
r  1146   1248   1099   24
r  1638   1690   1640   24
r  2338   2437   2289   24
r  2188   2289   2437   24
r  2238   2437   2389   24
r  2388   2487   2289   24
r  2488   2389   2289   24
r  2491   2389   2289   24
r  2490   2389   2437   24
r  2340   2389   2437   24
r  1200   1099   1248   24
r  1148   1199   1097   24
r  1150   1099   1097   24
r  1247   1099   1097   24
r  1250   1248   1097   24
r  1294   1292   1498   24
r  1589   1439   1690   24
r  1838   1890   1791   24
r  2441   2437   2389   24
r  2189   2437   2289   24
r  2492   2349   2289   24
r  2091   2396   2349   24
r  1246   1097   1498   24
r  1940   2089   1838   24
r  2044   2396   2349   24
r  1347   1398   1498   24
r  1446   1398   1397   24
r  1646   1695   1599   24
r  1594   1543   1498   24
r  1798   1899   1498   24
r  1746   1896   1498   24
r  1842   1890   1839   24
r  2193   2449   2396   24
r  2398   2449   2396   24
r  2295   2249   2396   24
r  1995   2396   2349   24
r  1993   2042   2349   24
r  1997   2050   2349   24
r  2500   2449   2349   24
r  2447   2349   2396   24
r  1996   2349   2396   24
r  2045   1994   2396   24
r  1943   2045   1945   24
r  1894   1945   1843   24
r  1800   1948   1998   24
r  1848   1998   1948   24
r  2049   2396   1948   24
r  1947   1998   1899   24
r  1849   1948   2050   24
r  1850   1948   1899   24
r  1900   1998   1948   24
r  1950   1998   1948   24
r  1897   1948   1899   24
r  2000   1998   1899   24
r  1   203   102   25
r  51   104   203   25
r  252   203   102   25
r  255   102   203   25
r  301   102   203   25
r  207   102   203   25
r  404   102   203   25
r  354   203   102   25
r  151   102   203   25
r  504   203   102   25
r  456   102   203   25
r  251   102   203   25
r  358   102   203   25
r  553   752   203   25
r  158   203   102   25
r  155   203   102   25
r  452   203   102   25
r  308   102   203   25
r  257   203   102   25
r  205   102   203   25
r  405   102   203   25
r  156   203   102   25
r  204   102   104   25
r  303   203   104   25
r  356   102   104   25
r  109   203   104   25
r  209   203   104   25
r  459   510   104   25
r  455   102   104   25
r  302   102   104   25
r  305   203   104   25
r  407   104   203   25
r  353   104   203   25
r  454   104   203   25
r  206   104   203   25
r  307   104   203   25
r  406   104   102   25
r  355   104   102   25
r  256   104   102   25
r  258   104   102   25
r  55   104   102   25
r  357   104   102   25
r  57   104   102   25
r  254   104   102   25
r  451   104   102   25
r  306   104   102   25
r  458   104   102   25
r  110   11   13   25
r  508   203   657   25
r  10   113   13   25
r  608   657   557   25
r  602   752   702   25
r  802   1053   603   25
r  606   557   558   25
r  651   603   702   25
r  62   203   113   25
r  15   66   113   25
r  67   124   114   25
r  515   513   468   25
r  162   114   165   25
r  611   558   657   25
r  753   603   1053   25
r  703   603   1053   25
r  803   903   1103   25
r  1304   903   1603   25
r  1305   1358   1603   25
r  856   860   1053   25
r  901   903   1053   25
r  956   903   1053   25
r  952   1103   1053   25
r  758   657   862   25
r  710   759   862   25
r  1306   1355   903   25
r  1159   1157   1208   25
r  367   267   318   25
r  319   368   267   25
r  70   124   73   25
r  72   124   123   25
r  170   124   121   25
r  20   124   121   25
r  123   19   71   25
r  568   667   468   25
r  759   862   860   25
r  715   667   860   25
r  762   862   860   25
r  1711   1861   1603   25
r  1911   1864   1603   25
r  1951   1853   1603   25
r  1664   1861   1603   25
r  225   326   179   25
r  224   121   124   25
r  322   273   124   25
r  570   468   770   25
r  620   720   667   25
r  671   771   667   25
r  814   860   862   25
r  766   667   770   25
r  2101   2352   2203   25
r  2102   2302   2352   25
r  2053   1603   2302   25
r  2104   2302   2352   25
r  2155   2352   2302   25
r  2008   1603   1909   25
r  1912   1864   1861   25
r  1712   1764   1861   25
r  1063   1212   1162   25
r  228   179   135   25
r  76   179   135   25
r  719   667   771   25
r  2151   2352   2203   25
r  2152   2302   2203   25
r  2154   2352   2302   25
r  2156   2203   2352   25
r  2205   2203   2302   25
r  2208   2159   2302   25
r  2061   2112   2109   25
r  1114   1163   1212   25
r  1117   1068   1220   25
r  331   333   135   25
r  131   128   135   25
r  27   128   179   25
r  128   135   179   25
r  78   135   179   25
r  31   135   179   25
r  86   138   179   25
r  231   135   179   25
r  332   283   179   25
r  482   529   179   25
r  427   378   179   25
r  434   587   179   25
r  1069   1117   1220   25
r  2201   2352   2203   25
r  2452   2352   2203   25
r  2403   2352   2203   25
r  2404   2352   2203   25
r  2357   2352   2203   25
r  2256   2203   2352   25
r  2305   2203   2352   25
r  2306   2203   2352   25
r  2354   2203   2352   25
r  2407   2352   2203   25
r  2356   2352   2203   25
r  2253   2352   2302   25
r  2254   2203   2302   25
r  2457   2203   2302   25
r  2255   2352   2302   25
r  2358   2352   2302   25
r  2355   2203   2302   25
r  2406   2203   2302   25
r  2451   2352   2302   25
r  2401   2203   2302   25
r  2456   2302   2352   25
r  2206   2302   2352   25
r  2359   2302   2352   25
r  2455   2302   2352   25
r  2458   2302   2352   25
r  2454   2302   2352   25
r  2307   2302   2352   25
r  2308   2302   2203   25
r  2304   2302   2203   25
r  2453   2302   2203   25
r  2251   2302   2203   25
r  2408   2302   2203   25
r  2209   2108   2158   25
r  2215   2264   2112   25
r  2309   2360   2361   25
r  1470   1318   1421   25
r  1118   1220   1169   25
r  280   179   135   25
r  282   179   135   25
r  381   179   135   25
r  382   179   135   25
r  383   179   135   25
r  627   726   579   25
r  1070   1220   1119   25
r  2115   2117   2164   25
r  2409   2413   2360   25
r  2459   2360   2413   25
r  2214   2262   2314   25
r  2318   2367   2272   25
r  1420   1415   1272   25
r  528   579   677   25
r  140   189   138   25
r  289   189   137   25
r  238   137   138   25
r  826   927   877   25
r  779   526   677   25
r  1122   1221   1170   25
r  2462   2365   2414   25
r  2364   2361   2413   25
r  2362   2411   2413   25
r  2415   2361   2413   25
r  2312   2361   2360   25
r  2464   2413   2360   25
r  1474   1421   1522   25
r  1624   1576   1626   25
r  2119   2220   2124   25
r  2070   2021   2022   25
r  2220   2222   2022   25
r  2365   2360   2361   25
r  2267   2367   2420   25
r  2268   2420   2272   25
r  2368   2420   2272   25
r  2463   2360   2414   25
r  2465   2360   2361   25
r  2461   2360   2413   25
r  1323   1272   1421   25
r  1372   1421   1423   25
r  40   146   98   25
r  91   149   146   25
r  141   149   98   25
r  487   536   585   25
r  635   735   587   25
r  739   790   587   25
r  539   587   491   25
r  880   929   782   25
r  1823   1821   1725   25
r  2219   2272   2124   25
r  2078   2127   2124   25
r  2270   2272   2367   25
r  2468   2272   2420   25
r  2472   2420   2272   25
r  2320   2272   2420   25
r  2371   2272   2420   25
r  2471   2272   2420   25
r  2466   2272   2367   25
r  2467   2420   2367   25
r  2418   2272   2367   25
r  2373   2272   2367   25
r  2469   2420   2367   25
r  2372   2272   2367   25
r  2269   2272   2367   25
r  2473   2420   2367   25
r  2369   2367   2420   25
r  2423   2367   2272   25
r  2324   2367   2272   25
r  2323   2367   2420   25
r  2321   2367   2420   25
r  41   149   146   25
r  783   682   684   25
r  192   149   146   25
r  92   149   146   25
r  142   149   146   25
r  242   146   98   25
r  292   149   98   25
r  738   789   890   25
r  1778   1830   1829   25
r  1975   1978   1977   25
r  42   98   149   25
r  100   146   149   25
r  198   146   149   25
r  347   149   146   25
r  297   149   146   25
r  345   149   146   25
r  245   149   146   25
r  295   146   149   25
r  194   146   149   25
r  200   146   149   25
r  247   146   149   25
r  193   149   146   25
r  294   146   149   25
r  350   149   146   25
r  143   149   146   25
r  46   146   98   25
r  44   149   98   25
r  349   146   98   25
r  47   146   98   25
r  43   146   98   25
r  348   146   98   25
r  195   149   98   25
r  244   149   98   25
r  246   149   98   25
r  346   149   98   25
r  197   149   98   25
r  248   146   98   25
r  95   146   98   25
r  243   146   98   25
r  49   146   98   25
r  50   149   98   25
r  298   98   149   25
r  45   98   149   25
r  300   98   149   25
r  144   98   149   25
r  343   493   149   25
r  94   98   146   25
r  296   98   146   25
r  250   98   146   25
r  93   98   146   25
r  542   491   640   25
r  641   592   491   25
r  1178   1278   1081   25
r  1283   1334   1081   25
r  1877   2026   1925   25
r  1926   1975   1875   25
r  1428   1431   1379   25
r  2029   1980   2334   25
r  1981   2030   2430   25
r  2332   2381   2430   25
r  2032   1981   2334   25
r  2030   2181   2334   25
r  398   599   850   25
r  396   447   699   25
r  450   599   699   25
r  989   1141   1140   25
r  1132   1081   1231   25
r  1083   1081   1135   25
r  1733   1782   1883   25
r  1482   1582   1533   25
r  1534   1582   1583   25
r  2084   2334   2430   25
r  2083   2334   2430   25
r  2387   2289   2430   25
r  2187   2287   2430   25
r  2237   2437   2289   25
r  1982   2082   1933   25
r  500   599   850   25
r  991   890   891   25
r  1039   1139   1141   25
r  943   1042   996   25
r  1586   1538   1486   25
r  1885   1883   1733   25
r  2338   2389   2437   25
r  2238   2289   2437   25
r  2488   2289   2389   25
r  2341   2289   2437   25
r  2441   2289   2437   25
r  2492   2389   2437   25
r  548   699   850   25
r  748   850   699   25
r  900   1097   699   25
r  949   850   699   25
r  550   850   599   25
r  950   699   599   25
r  798   699   599   25
r  948   999   599   25
r  898   850   599   25
r  897   699   599   25
r  799   599   850   25
r  597   599   646   25
r  648   599   699   25
r  848   599   699   25
r  899   599   1000   25
r  746   644   596   25
r  994   1045   996   25
r  1539   1588   1487   25
r  2391   2437   2289   25
r  2491   2437   2389   25
r  2490   2437   2389   25
r  2340   2437   2389   25
r  1887   1989   1941   25
r  1050   1097   1248   25
r  997   1099   1097   25
r  1838   1941   1890   25
r  2190   2389   2396   25
r  2091   2349   2396   25
r  1048   1097   1099   25
r  1100   1097   1199   25
r  1098   1199   1249   25
r  1149   1097   1198   25
r  1200   1248   1099   25
r  1150   1248   1099   25
r  1300   1097   1099   25
r  1243   1194   1294   25
r  1244   1292   1498   25
r  1196   1097   1248   25
r  1444   1342   1498   25
r  1740   1588   1890   25
r  1991   2091   2349   25
r  1842   1839   1890   25
r  2044   2349   2396   25
r  1996   2044   2349   25
r  1995   1943   2396   25
r  2447   2396   2349   25
r  2045   2396   2349   25
r  1246   1498   1097   25
r  1350   1498   1248   25
r  1250   1099   1248   25
r  1693   1596   1498   25
r  1593   1491   1498   25
r  2049   1948   1899   25
r  2048   1948   2050   25
r  1947   2050   1998   25
r  1449   1550   1599   25
r  1748   1697   1599   25
r  1700   1800   1599   25
r  1744   1596   1498   25
r  1799   1998   1498   25
r  1845   1746   1797   25
r  1898   1998   2049   25
r  1897   1899   1948   25
r  2000   1948   1998   25
r  1900   1948   1998   25
r  1849   1998   1948   25
r  1848   1899   1998   25
r  1950   1948   1998   25
r  1850   1998   1948   25
r  1   102   203   26
r  51   102   104   26
r  2   104   102   26
r  351   203   102   26
r  207   203   102   26
r  404   203   102   26
r  354   102   203   26
r  402   203   102   26
r  151   203   102   26
r  309   203   102   26
r  201   203   102   26
r  456   203   102   26
r  208   203   102   26
r  409   203   102   26
r  108   203   102   26
r  158   102   203   26
r  155   102   203   26
r  452   102   203   26
r  5   203   102   26
r  304   203   102   26
r  503   203   102   26
r  502   203   102   26
r  352   203   102   26
r  308   203   102   26
r  257   102   203   26
r  405   203   102   26
r  410   203   102   26
r  109   102   203   26
r  353   203   104   26
r  454   203   104   26
r  206   203   104   26
r  307   102   104   26
r  355   203   104   26
r  256   102   104   26
r  258   203   104   26
r  55   203   104   26
r  357   102   104   26
r  57   203   104   26
r  254   102   104   26
r  451   102   104   26
r  306   102   104   26
r  9   13   104   26
r  407   203   104   26
r  406   102   104   26
r  458   102   104   26
r  204   104   102   26
r  157   104   102   26
r  6   104   102   26
r  58   104   102   26
r  7   104   102   26
r  56   104   102   26
r  356   104   102   26
r  159   104   102   26
r  501   104   102   26
r  359   104   102   26
r  259   104   102   26
r  455   104   102   26
r  302   104   102   26
r  251   104   102   26
r  205   104   102   26
r  252   104   203   26
r  504   104   203   26
r  505   104   203   26
r  554   104   203   26
r  156   104   203   26
r  303   104   203   26
r  209   104   203   26
r  305   104   203   26
r  552   752   702   26
r  59   203   113   26
r  10   114   113   26
r  160   211   114   26
r  602   653   752   26
r  755   1053   903   26
r  802   702   1053   26
r  651   702   603   26
r  703   1053   603   26
r  801   702   603   26
r  752   603   1053   26
r  60   114   66   26
r  14   66   113   26
r  162   165   114   26
r  364   264   114   26
r  608   557   657   26
r  562   462   464   26
r  803   1053   903   26
r  753   702   903   26
r  1305   1603   903   26
r  1008   1107   1053   26
r  62   114   13   26
r  1154   1053   1103   26
r  901   1053   903   26
r  956   1053   903   26
r  319   267   368   26
r  369   316   266   26
r  170   119   124   26
r  20   123   124   26
r  568   468   667   26
r  1612   1663   1603   26
r  1662   1611   1603   26
r  2059   2010   1603   26
r  960   911   862   26
r  762   811   862   26
r  814   862   860   26
r  1015   915   860   26
r  1013   862   860   26
r  1211   1163   1209   26
r  761   860   710   26
r  70   121   124   26
r  72   121   124   26
r  323   274   124   26
r  276   325   124   26
r  372   273   124   26
r  75   124   135   26
r  619   567   770   26
r  670   621   667   26
r  719   771   667   26
r  2102   2203   2302   26
r  2104   2203   2302   26
r  2105   2352   2302   26
r  2106   2352   2203   26
r  2155   2203   2352   26
r  1663   1763   1861   26
r  1061   1163   1162   26
r  1114   1162   1163   26
r  1062   1163   1162   26
r  228   135   179   26
r  26   128   135   26
r  76   135   179   26
r  325   374   179   26
r  278   179   135   26
r  623   672   770   26
r  971   871   770   26
r  2151   2302   2352   26
r  2152   2203   2302   26
r  2103   2302   2352   26
r  2156   2302   2203   26
r  2205   2302   2203   26
r  1513   1413   1411   26
r  2063   1964   2010   26
r  2209   2158   2108   26
r  918   969   916   26
r  968   866   867   26
r  177   174   135   26
r  279   230   135   26
r  380   329   135   26
r  335   434   135   26
r  384   433   135   26
r  429   378   135   26
r  128   80   135   26
r  78   127   135   26
r  31   82   135   26
r  231   80   135   26
r  280   229   179   26
r  282   135   179   26
r  381   135   179   26
r  382   135   179   26
r  383   233   179   26
r  37   138   179   26
r  336   434   179   26
r  377   375   179   26
r  330   179   135   26
r  334   179   135   26
r  431   179   135   26
r  432   179   135   26
r  379   179   135   26
r  970   1018   1021   26
r  2201   2203   2352   26
r  2403   2203   2352   26
r  2404   2203   2352   26
r  2256   2352   2203   26
r  2305   2352   2203   26
r  2306   2352   2203   26
r  2407   2203   2352   26
r  2253   2202   2352   26
r  2255   2203   2352   26
r  2355   2352   2203   26
r  2406   2352   2203   26
r  2401   2352   2203   26
r  2456   2203   2302   26
r  2206   2203   2302   26
r  2359   2352   2302   26
r  2307   2352   2302   26
r  2304   2352   2302   26
r  2251   2352   2302   26
r  2455   2352   2302   26
r  2308   2203   2302   26
r  2408   2203   2302   26
r  2458   2203   2302   26
r  2453   2203   2302   26
r  2451   2302   2352   26
r  2358   2302   2352   26
r  2357   2302   2352   26
r  2356   2302   2352   26
r  2452   2302   2352   26
r  2457   2302   2203   26
r  2254   2302   2203   26
r  2354   2302   2203   26
r  1667   1719   1618   26
r  1669   1718   1618   26
r  1767   1866   1666   26
r  1916   1864   1965   26
r  1918   1870   1869   26
r  2117   2164   1866   26
r  1068   1220   1218   26
r  1118   1120   1220   26
r  824   773   776   26
r  2015   2064   2164   26
r  2318   2272   2367   26
r  2216   2164   2272   26
r  187   189   139   26
r  238   138   137   26
r  39   137   189   26
r  678   579   726   26
r  878   779   875   26
r  2410   2361   2414   26
r  2462   2414   2413   26
r  2460   2361   2413   26
r  2364   2413   2361   26
r  2463   2361   2360   26
r  2461   2413   2360   26
r  2314   2164   2213   26
r  2317   2272   2420   26
r  2312   2360   2361   26
r  2368   2317   2420   26
r  2412   2360   2461   26
r  2464   2360   2413   26
r  2415   2360   2361   26
r  1323   1271   1423   26
r  1474   1522   1421   26
r  1372   1423   1421   26
r  241   146   98   26
r  291   240   149   26
r  2121   2221   1970   26
r  2071   2124   2022   26
r  2169   2269   2124   26
r  2025   1976   2124   26
r  2468   2420   2272   26
r  2472   2272   2420   26
r  2320   2420   2272   26
r  2371   2420   2272   26
r  2418   2420   2272   26
r  2373   2420   2272   26
r  2372   2420   2272   26
r  2369   2420   2367   26
r  2423   2420   2367   26
r  2321   2420   2367   26
r  2324   2272   2367   26
r  2416   2367   2420   26
r  2269   2367   2272   26
r  2466   2367   2272   26
r  2471   2367   2272   26
r  2273   2367   2420   26
r  2469   2367   2420   26
r  2473   2367   2430   26
r  41   98   149   26
r  192   98   149   26
r  92   98   149   26
r  142   146   149   26
r  242   98   146   26
r  292   98   146   26
r  881   883   833   26
r  1728   1680   1779   26
r  1528   1530   1678   26
r  42   149   98   26
r  100   149   146   26
r  347   146   149   26
r  297   146   149   26
r  245   146   149   26
r  46   149   146   26
r  244   146   149   26
r  346   146   149   26
r  197   146   149   26
r  298   146   98   26
r  300   149   98   26
r  144   149   98   26
r  343   149   98   26
r  94   146   98   26
r  296   149   98   26
r  250   146   98   26
r  93   149   98   26
r  45   149   98   26
r  193   98   149   26
r  44   98   149   26
r  344   98   149   26
r  246   98   149   26
r  50   98   149   26
r  299   98   149   26
r  293   98   149   26
r  350   98   149   26
r  143   98   149   26
r  198   98   146   26
r  295   98   146   26
r  194   98   146   26
r  247   98   146   26
r  294   98   146   26
r  349   98   146   26
r  47   98   146   26
r  43   98   146   26
r  348   98   146   26
r  95   98   146   26
r  248   98   146   26
r  243   98   146   26
r  49   98   146   26
r  399   599   146   26
r  542   590   644   26
r  786   788   887   26
r  834   885   887   26
r  742   840   644   26
r  392   340   443   26
r  1180   1229   1129   26
r  1132   1231   1081   26
r  1083   1135   1081   26
r  1087   1135   1081   26
r  1878   1980   1779   26
r  1428   1379   1680   26
r  1682   1782   1883   26
r  1780   1729   1880   26
r  1928   1876   1979   26
r  2029   2080   2430   26
r  2133   2032   2430   26
r  2031   2130   2334   26
r  2084   2430   2334   26
r  2387   2389   2334   26
r  2136   2334   2430   26
r  2288   2437   2430   26
r  394   443   391   26
r  398   699   599   26
r  842   891   889   26
r  992   1092   996   26
r  1084   1081   985   26
r  1282   1081   1182   26
r  1533   1484   1430   26
r  1534   1583   1582   26
r  1781   1881   1883   26
r  2337   2289   2389   26
r  2237   2289   2437   26
r  2287   2389   2289   26
r  2238   2437   2289   26
r  2338   2437   2389   26
r  500   699   599   26
r  448   599   699   26
r  544   646   596   26
r  746   596   644   26
r  1039   1141   1139   26
r  1042   1142   996   26
r  1686   1683   1688   26
r  1485   1487   1538   26
r  1535   1635   1487   26
r  1882   1782   1781   26
r  1734   1836   1785   26
r  2488   2389   2289   26
r  2492   2289   2349   26
r  2240   2289   2437   26
r  2391   2289   2437   26
r  2491   2389   2437   26
r  2490   2289   2437   26
r  2340   2289   2437   26
r  2189   2289   2437   26
r  2290   2389   2390   26
r  2341   2437   2289   26
r  548   599   699   26
r  549   699   850   26
r  650   699   850   26
r  798   847   699   26
r  799   699   599   26
r  597   699   599   26
r  648   699   599   26
r  848   699   599   26
r  797   599   850   26
r  550   599   850   26
r  747   644   699   26
r  950   599   699   26
r  897   599   699   26
r  846   996   995   26
r  1190   1141   1092   26
r  1092   1040   1044   26
r  896   795   995   26
r  997   1097   1099   26
r  1050   1248   1097   26
r  1049   1248   1199   26
r  1290   1191   1440   26
r  1741   1790   1689   26
r  2041   1990   2349   26
r  2091   2042   2349   26
r  2045   1944   2396   26
r  2044   2396   2349   26
r  1944   1995   2349   26
r  1048   1248   1097   26
r  1100   1199   1097   26
r  1149   1248   1097   26
r  1198   1097   1249   26
r  1250   1097   1099   26
r  1300   1099   1097   26
r  1150   1099   1248   26
r  1200   1099   1248   26
r  1692   1594   1498   26
r  1792   1794   1790   26
r  1839   1841   1941   26
r  1991   2349   2396   26
r  1942   1893   1791   26
r  2400   2349   2449   26
r  1992   2349   2396   26
r  1994   2349   2396   26
r  1997   2349   2396   26
r  2447   2349   2396   26
r  1993   2349   2396   26
r  1946   1948   1999   26
r  1450   1448   1599   26
r  1542   1493   1498   26
r  1596   1498   1397   26
r  1947   1899   2050   26
r  1999   1899   2050   26
r  1897   1998   1899   26
r  1949   1998   1900   26
r  1950   1998   2050   26
r  1499   1349   1599   26
r  1798   1998   1899   26
r  1800   1998   1498   26
r  1900   2050   1948   26
r  1799   1498   1998   26
r  1850   1948   1998   26
r  1848   1998   1899   26
r  1   203   102   27
r  2   203   104   27
r  255   203   102   27
r  301   203   102   27
r  401   203   102   27
r  404   102   203   27
r  402   102   203   27
r  408   203   102   27
r  553   203   102   27
r  409   102   203   27
r  155   203   102   27
r  304   102   203   27
r  503   102   203   27
r  502   102   203   27
r  352   102   203   27
r  405   102   203   27
r  403   203   102   27
r  410   102   203   27
r  206   102   203   27
r  258   102   203   27
r  55   102   203   27
r  357   203   102   27
r  57   102   203   27
r  9   114   203   27
r  407   102   203   27
r  157   102   104   27
r  6   203   104   27
r  58   203   104   27
r  7   203   104   27
r  56   102   104   27
r  356   102   104   27
r  159   102   104   27
r  501   102   104   27
r  359   203   104   27
r  259   203   104   27
r  455   102   104   27
r  302   102   104   27
r  205   102   104   27
r  504   102   104   27
r  505   203   104   27
r  156   203   104   27
r  303   203   104   27
r  305   102   104   27
r  508   657   104   27
r  204   102   104   27
r  251   203   104   27
r  252   203   104   27
r  209   114   104   27
r  353   104   203   27
r  454   104   203   27
r  207   104   203   27
r  108   104   203   27
r  5   104   203   27
r  351   104   203   27
r  151   104   203   27
r  201   104   203   27
r  456   104   203   27
r  208   104   203   27
r  308   104   203   27
r  309   104   203   27
r  107   104   102   27
r  354   104   102   27
r  358   104   102   27
r  506   104   102   27
r  158   104   102   27
r  452   104   102   27
r  53   104   102   27
r  257   104   102   27
r  4   104   102   27
r  254   104   102   27
r  451   104   102   27
r  306   104   102   27
r  406   104   102   27
r  8   104   102   27
r  459   104   102   27
r  307   104   102   27
r  458   104   102   27
r  109   104   114   27
r  411   512   203   27
r  10   13   114   27
r  702   653   1053   27
r  752   1053   603   27
r  561   558   657   27
r  60   13   113   27
r  654   752   1053   27
r  606   558   557   27
r  62   113   114   27
r  751   603   1053   27
r  802   603   903   27
r  801   603   1053   27
r  1201   903   1103   27
r  1154   903   1053   27
r  901   903   1053   27
r  956   903   1053   27
r  803   903   1053   27
r  1058   1157   1053   27
r  907   807   1053   27
r  708   558   860   27
r  61   114   13   27
r  65   114   113   27
r  364   114   468   27
r  166   114   67   27
r  852   1053   1103   27
r  1208   1053   1308   27
r  761   710   860   27
r  1012   1163   860   27
r  759   860   862   27
r  569   667   770   27
r  666   717   566   27
r  712   860   811   27
r  70   73   121   27
r  72   123   121   27
r  2059   2061   2010   27
r  1510   1512   1603   27
r  2008   1957   1603   27
r  1713   1761   1603   27
r  2057   2208   1603   27
r  814   860   862   27
r  1061   1110   1163   27
r  1062   1162   1163   27
r  275   179   124   27
r  2102   2302   2203   27
r  2104   2302   2203   27
r  2105   2302   2352   27
r  2155   2302   2203   27
r  1309   1209   1411   27
r  1114   1212   1162   27
r  1211   1209   1163   27
r  1115   1163   1162   27
r  76   179   135   27
r  225   124   135   27
r  276   124   135   27
r  2151   2203   2302   27
r  2152   2302   2203   27
r  2103   2203   2302   27
r  2154   2203   2352   27
r  2156   2203   2302   27
r  2205   2203   2302   27
r  1964   1866   1864   27
r  2210   2158   2108   27
r  1068   1218   1220   27
r  329   378   135   27
r  236   137   135   27
r  434   485   135   27
r  228   125   135   27
r  377   477   135   27
r  327   376   179   27
r  330   582   179   27
r  334   434   179   27
r  431   135   179   27
r  432   135   179   27
r  379   135   179   27
r  532   583   179   27
r  478   378   179   27
r  428   477   179   27
r  282   179   135   27
r  382   179   135   27
r  286   179   135   27
r  328   179   135   27
r  2201   2352   2203   27
r  2256   2203   2352   27
r  2306   2203   2352   27
r  2407   2352   2203   27
r  2255   2352   2203   27
r  2355   2203   2352   27
r  2401   2203   2352   27
r  2456   2352   2203   27
r  2307   2203   2352   27
r  2451   2352   2302   27
r  2454   2203   2302   27
r  2358   2352   2302   27
r  2356   2352   2302   27
r  2457   2352   2302   27
r  2254   2352   2302   27
r  2354   2203   2302   27
r  2357   2352   2302   27
r  2452   2352   2302   27
r  2455   2302   2352   27
r  2304   2302   2352   27
r  2251   2302   2352   27
r  2305   2302   2352   27
r  2406   2302   2352   27
r  2404   2302   2203   27
r  2308   2302   2203   27
r  2453   2302   2203   27
r  2403   2302   2203   27
r  2409   2360   2352   27
r  1766   1718   1667   27
r  1620   1669   1666   27
r  1366   1415   1266   27
r  2116   2164   1866   27
r  1919   1870   1866   27
r  1466   1515   1517   27
r  1420   1272   1415   27
r  1118   1169   1170   27
r  1122   1171   1220   27
r  37   179   138   27
r  288   137   138   27
r  2410   2414   2361   27
r  1771   1670   1719   27
r  2313   2360   2361   27
r  2318   2420   2272   27
r  2265   2164   2213   27
r  2310   2361   2413   27
r  1419   1415   1421   27
r  578   679   677   27
r  927   875   876   27
r  189   137   238   27
r  139   238   188   27
r  238   88   138   27
r  39   138   137   27
r  188   137   237   27
r  436   587   585   27
r  2461   2414   2413   27
r  2365   2361   2360   27
r  2312   2361   2360   27
r  2412   2361   2360   27
r  2464   2413   2360   27
r  2465   2361   2360   27
r  2460   2360   2361   27
r  2414   2360   2462   27
r  2463   2360   2361   27
r  1624   1626   1725   27
r  2020   2124   2022   27
r  1373   1522   1272   27
r  1223   1274   1421   27
r  1372   1421   1423   27
r  930   881   779   27
r  731   631   782   27
r  91   146   149   27
r  141   146   149   27
r  241   149   146   27
r  539   491   587   27
r  737   740   587   27
r  438   587   491   27
r  681   782   683   27
r  1872   1874   2124   27
r  1576   1527   1624   27
r  1376   1327   1276   27
r  2071   2120   2124   27
r  2270   2420   2272   27
r  2372   2272   2420   27
r  2269   2420   2367   27
r  2323   2272   2367   27
r  2471   2272   2367   27
r  2473   2272   2367   27
r  2273   2221   2367   27
r  2369   2367   2420   27
r  2370   2367   2421   27
r  2467   2367   2420   27
r  2374   2367   2334   27
r  2321   2367   2420   27
r  2371   2367   2420   27
r  2468   2367   2420   27
r  2373   2367   2420   27
r  2472   2367   2272   27
r  2223   2124   2225   27
r  41   146   98   27
r  192   149   98   27
r  92   146   98   27
r  142   98   146   27
r  242   149   98   27
r  341   242   149   27
r  292   241   149   27
r  1728   1779   1680   27
r  1580   1629   1678   27
r  1529   1582   1678   27
r  1133   1034   1135   27
r  1085   1137   985   27
r  1282   1182   1081   27
r  1084   985   1081   27
r  985   1136   1081   27
r  42   146   149   27
r  100   146   149   27
r  347   149   146   27
r  342   149   146   27
r  197   149   146   27
r  298   149   146   27
r  300   146   149   27
r  94   149   146   27
r  250   149   146   27
r  93   146   149   27
r  400   146   98   27
r  344   149   98   27
r  246   149   98   27
r  50   149   98   27
r  299   146   98   27
r  143   149   98   27
r  198   146   98   27
r  194   149   98   27
r  247   149   98   27
r  349   146   98   27
r  47   146   98   27
r  95   149   98   27
r  248   146   98   27
r  243   149   98   27
r  44   149   98   27
r  293   149   98   27
r  295   146   98   27
r  294   146   98   27
r  43   146   98   27
r  348   146   98   27
r  49   149   98   27
r  45   98   149   27
r  195   98   149   27
r  144   98   149   27
r  343   98   149   27
r  296   98   149   27
r  46   98   149   27
r  297   98   146   27
r  245   98   146   27
r  200   98   146   27
r  244   98   146   27
r  592   491   646   27
r  786   838   890   27
r  835   784   887   27
r  836   838   887   27
r  393   444   491   27
r  1976   1877   1875   27
r  1729   1678   1579   27
r  1429   1377   1680   27
r  2136   2134   2334   27
r  2287   2437   2334   27
r  2135   2184   2334   27
r  2288   2389   2334   27
r  2487   2289   2430   27
r  2137   2135   2430   27
r  2440   2289   2430   27
r  984   1081   1135   27
r  450   448   599   27
r  398   599   699   27
r  449   599   699   27
r  991   840   890   27
r  988   1141   1139   27
r  1482   1584   1582   27
r  1782   1632   1733   27
r  2337   2389   2289   27
r  2238   2289   2437   27
r  2338   2289   2437   27
r  2188   2389   2289   27
r  2488   2437   2389   27
r  2089   2087   2038   27
r  2490   2389   2290   27
r  2441   2389   2289   27
r  1285   1236   1334   27
r  500   599   699   27
r  448   850   599   27
r  499   599   850   27
r  495   644   596   27
r  544   644   646   27
r  990   988   1139   27
r  1933   1733   1781   27
r  1833   1682   1784   27
r  2492   2349   2396   27
r  2491   2289   2290   27
r  2291   2289   2437   27
r  2290   2391   2389   27
r  2391   2437   2289   27
r  548   699   599   27
r  549   498   699   27
r  650   850   699   27
r  798   699   850   27
r  799   850   699   27
r  648   850   699   27
r  550   850   599   27
r  950   699   599   27
r  899   850   599   27
r  797   850   599   27
r  1000   850   599   27
r  949   599   850   27
r  848   599   699   27
r  846   946   996   27
r  997   1099   1097   27
r  1587   1488   1486   27
r  1687   1788   1690   27
r  1990   2039   2396   27
r  999   850   1097   27
r  1096   1044   1248   27
r  1789   1890   1737   27
r  2400   2449   2349   27
r  1992   2045   2349   27
r  1994   1945   2349   27
r  2447   2449   2349   27
r  1991   2043   2349   27
r  1993   2045   2349   27
r  2043   2349   2396   27
r  2044   2091   2396   27
r  1492   1444   1498   27
r  1048   1099   1248   27
r  1049   1097   1248   27
r  1196   1248   1099   27
r  1198   1099   1097   27
r  1247   1097   1099   27
r  1250   1099   1097   27
r  1150   1097   1099   27
r  1149   1097   1248   27
r  1200   1248   1099   27
r  1197   1248   1099   27
r  1246   1248   1099   27
r  1840   1791   1742   27
r  1946   1899   1948   27
r  1947   2050   1899   27
r  1899   1948   1498   27
r  1596   1397   1498   27
r  1592   1693   1498   27
r  1643   1592   1498   27
r  1999   1948   1899   27
r  1897   1948   1998   27
r  1795   1746   1498   27
r  2000   1899   1948   27
r  1898   2049   1998   27
r  1949   1900   1998   27
r  1849   1948   1998   27
r  1950   1899   1998   27
r  1900   1998   2050   27
r  1848   1948   1998   27
r  1800   1498   1948   27
r  1794   1797   1498   27
r  1648   1498   1599   27
r  1   102   203   28
r  51   203   102   28
r  2   104   203   28
r  255   102   203   28
r  401   102   203   28
r  404   203   102   28
r  402   203   102   28
r  553   102   203   28
r  409   203   102   28
r  457   203   102   28
r  503   203   102   28
r  502   203   102   28
r  352   203   102   28
r  405   203   102   28
r  403   102   203   28
r  410   203   102   28
r  206   203   102   28
r  355   102   203   28
r  407   203   102   28
r  58   102   203   28
r  7   102   203   28
r  359   102   203   28
r  259   102   203   28
r  156   102   203   28
r  303   102   203   28
r  508   608   203   28
r  204   105   102   28
r  353   102   104   28
r  454   203   104   28
r  554   102   104   28
r  108   203   104   28
r  5   102   104   28
r  351   203   104   28
r  201   102   104   28
r  309   102   104   28
r  107   102   104   28
r  354   102   104   28
r  358   102   104   28
r  506   102   104   28
r  452   102   104   28
r  53   102   104   28
r  257   102   104   28
r  4   102   104   28
r  254   102   104   28
r  451   102   104   28
r  406   203   104   28
r  8   102   104   28
r  459   102   104   28
r  360   203   104   28
r  207   203   104   28
r  456   203   104   28
r  208   203   104   28
r  308   203   104   28
r  306   102   104   28
r  458   203   104   28
r  151   102   104   28
r  157   104   102   28
r  56   104   102   28
r  356   104   102   28
r  256   104   102   28
r  501   104   102   28
r  460   104   102   28
r  455   104   102   28
r  302   104   102   28
r  205   104   102   28
r  209   104   102   28
r  305   104   102   28
r  304   104   102   28
r  57   104   102   28
r  258   104   102   28
r  55   104   102   28
r  301   104   203   28
r  408   104   203   28
r  155   104   203   28
r  357   104   203   28
r  6   104   203   28
r  505   104   203   28
r  252   104   203   28
r  507   558   203   28
r  251   104   203   28
r  552   702   203   28
r  411   203   514   28
r  602   702   1053   28
r  653   701   1053   28
r  704   1053   903   28
r  752   701   1053   28
r  652   752   1053   28
r  60   66   114   28
r  11   13   59   28
r  161   110   113   28
r  605   657   557   28
r  561   657   558   28
r  606   557   558   28
r  117   165   113   28
r  16   67   113   28
r  61   113   114   28
r  65   67   114   28
r  166   66   114   28
r  703   603   1053   28
r  751   702   903   28
r  802   903   1103   28
r  851   903   1103   28
r  1305   903   1603   28
r  1154   1103   903   28
r  901   1103   903   28
r  907   860   903   28
r  755   603   1053   28
r  852   1103   1053   28
r  1303   1603   1053   28
r  1108   1209   1053   28
r  212   114   113   28
r  15   114   13   28
r  162   114   113   28
r  661   860   862   28
r  1008   1053   860   28
r  803   1053   903   28
r  1201   1053   903   28
r  759   811   860   28
r  814   865   860   28
r  917   915   860   28
r  368   266   468   28
r  712   760   862   28
r  317   268   217   28
r  219   221   121   28
r  319   368   124   28
r  321   124   121   28
r  270   272   121   28
r  1761   1663   1603   28
r  2058   2111   1603   28
r  1863   1861   1603   28
r  1762   1811   1603   28
r  967   867   865   28
r  716   667   770   28
r  370   372   374   28
r  621   771   667   28
r  373   375   124   28
r  226   224   179   28
r  2101   2203   2352   28
r  2102   2203   2302   28
r  2104   2203   2302   28
r  2105   2352   2302   28
r  2155   2203   2302   28
r  2106   2055   2352   28
r  1210   1261   1162   28
r  1115   1162   1163   28
r  1361   1312   1163   28
r  919   866   868   28
r  126   124   135   28
r  176   179   135   28
r  376   278   179   28
r  76   127   179   28
r  2151   2352   2203   28
r  2152   2352   2302   28
r  2103   2352   2203   28
r  2154   2302   2203   28
r  2205   2302   2203   28
r  2156   2302   2203   28
r  2110   2159   2112   28
r  2062   2010   2164   28
r  1366   1266   1415   28
r  674   723   725   28
r  823   775   725   28
r  277   226   135   28
r  378   376   135   28
r  381   432   135   28
r  336   385   135   28
r  432   334   135   28
r  278   276   179   28
r  282   135   179   28
r  382   135   179   28
r  328   377   179   28
r  481   530   179   28
r  427   179   135   28
r  385   179   135   28
r  428   179   135   28
r  1964   1864   1866   28
r  2065   1964   2164   28
r  2201   2302   2352   28
r  2256   2352   2203   28
r  2306   2352   2203   28
r  2407   2203   2352   28
r  2255   2203   2352   28
r  2401   2352   2203   28
r  2206   2352   2203   28
r  2307   2352   2203   28
r  2458   2352   2203   28
r  2451   2203   2352   28
r  2254   2203   2352   28
r  2354   2352   2203   28
r  2452   2203   2352   28
r  2455   2203   2302   28
r  2304   2352   2302   28
r  2251   2203   2302   28
r  2305   2352   2302   28
r  2404   2352   2302   28
r  2453   2203   2302   28
r  2403   2352   2302   28
r  2406   2352   2302   28
r  2408   2302   2203   28
r  2454   2302   2203   28
r  2355   2302   2203   28
r  2456   2302   2352   28
r  2356   2302   2352   28
r  2457   2302   2352   28
r  2359   2302   2352   28
r  2357   2302   2352   28
r  2405   2302   2305   28
r  1717   1617   1719   28
r  2260   2413   2360   28
r  1118   1220   1169   28
r  1218   1170   1119   28
r  288   138   137   28
r  2459   2361   2360   28
r  2409   2352   2413   28
r  2167   2218   2272   28
r  2265   2213   2164   28
r  2312   2360   2164   28
r  2314   2263   2164   28
r  2310   2414   2361   28
r  189   238   137   28
r  89   87   188   28
r  240   339   138   28
r  188   140   137   28
r  436   585   587   28
r  584   637   536   28
r  2462   2413   2411   28
r  2464   2361   2413   28
r  2414   2361   2360   28
r  2463   2361   2360   28
r  1523   1421   1423   28
r  2020   2022   2124   28
r  2120   2124   2022   28
r  2365   2360   2361   28
r  2317   2268   2272   28
r  2412   2360   2361   28
r  1372   1272   1421   28
r  780   682   782   28
r  1029   1080   1081   28
r  39   137   138   28
r  40   98   149   28
r  91   98   146   28
r  141   98   146   28
r  488   587   491   28
r  438   491   587   28
r  1874   1876   1725   28
r  1773   1874   1675   28
r  1726   1775   1826   28
r  1425   1476   1377   28
r  1277   1377   1275   28
r  1276   1225   1375   28
r  1377   1426   1276   28
r  2026   1925   2124   28
r  2270   2272   2420   28
r  2467   2420   2367   28
r  2369   2420   2367   28
r  2418   2367   2420   28
r  2468   2420   2367   28
r  2373   2420   2367   28
r  2472   2420   2367   28
r  2372   2367   2272   28
r  2324   2420   2272   28
r  2323   2367   2272   28
r  2471   2420   2272   28
r  2321   2272   2367   28
r  2416   2272   2367   28
r  2469   2272   2367   28
r  2370   2272   2367   28
r  980   1028   1081   28
r  41   98   146   28
r  192   146   149   28
r  92   98   146   28
r  142   149   98   28
r  242   146   149   28
r  785   787   890   28
r  787   887   890   28
r  292   146   98   28
r  1278   1377   1276   28
r  884   833   887   28
r  982   931   833   28
r  1232   1183   1229   28
r  984   1133   1081   28
r  1036   1084   1081   28
r  1137   1086   1081   28
r  1086   1135   1081   28
r  42   149   146   28
r  349   98   146   28
r  248   98   146   28
r  47   98   146   28
r  200   146   98   28
r  295   98   146   28
r  294   98   146   28
r  244   146   98   28
r  300   98   146   28
r  296   146   98   28
r  46   146   98   28
r  347   98   149   28
r  345   146   149   28
r  342   146   149   28
r  197   98   149   28
r  298   146   149   28
r  94   98   149   28
r  250   98   149   28
r  143   146   149   28
r  247   146   149   28
r  243   146   149   28
r  44   98   149   28
r  293   98   149   28
r  49   146   149   28
r  344   98   149   28
r  246   98   149   28
r  50   98   149   28
r  194   98   149   28
r  95   146   149   28
r  193   149   98   28
r  45   149   98   28
r  195   149   98   28
r  144   149   98   28
r  343   149   98   28
r  350   149   98   28
r  399   450   98   28
r  297   149   98   28
r  245   149   98   28
r  100   149   146   28
r  346   149   146   28
r  43   149   146   28
r  348   149   146   28
r  93   149   146   28
r  299   149   146   28
r  198   149   146   28
r  398   699   98   28
r  691   640   491   28
r  391   443   491   28
r  542   644   590   28
r  835   884   890   28
r  839   891   887   28
r  1980   2031   2430   28
r  2084   2135   2430   28
r  2083   2183   2334   28
r  2337   2289   2334   28
r  2237   2437   2334   28
r  2187   2430   2334   28
r  1087   1081   1135   28
r  1037   1135   1084   28
r  397   599   446   28
r  449   498   599   28
r  2287   2334   2437   28
r  2238   2437   2289   28
r  2188   2437   2389   28
r  2488   2389   2437   28
r  2490   2290   2389   28
r  500   850   599   28
r  446   599   699   28
r  499   850   599   28
r  548   599   699   28
r  949   699   599   28
r  799   699   850   28
r  550   699   850   28
r  1000   699   850   28
r  947   699   850   28
r  544   596   644   28
r  495   646   644   28
r  747   699   644   28
r  893   942   996   28
r  697   699   599   28
r  1090   1139   988   28
r  1586   1537   1487   28
r  1485   1538   1487   28
r  1932   1781   1883   28
r  2035   1737   1937   28
r  2491   2290   2389   28
r  2189   2389   2396   28
r  2341   2389   2437   28
r  2391   2289   2437   28
r  2340   2437   2289   28
r  2039   2139   2349   28
r  1189   1191   1290   28
r  897   850   599   28
r  848   850   599   28
r  899   599   699   28
r  798   850   699   28
r  950   850   699   28
r  999   1097   1248   28
r  1050   1097   1248   28
r  997   1097   1099   28
r  1095   1144   996   28
r  1436   1537   1538   28
r  2140   2041   2396   28
r  2492   2437   2349   28
r  2041   2090   2396   28
r  998   1097   1099   28
r  1049   1248   1097   28
r  1944   2349   2396   28
r  2048   2050   2396   28
r  1899   1498   2396   28
r  1541   1543   1498   28
r  1442   1491   1498   28
r  1048   1248   1099   28
r  1149   1248   1097   28
r  1196   1148   1248   28
r  1247   1249   1097   28
r  1150   1248   1097   28
r  1198   1097   1099   28
r  1250   1097   1099   28
r  1300   1097   1099   28
r  1200   1099   1248   28
r  1197   1099   1248   28
r  1642   1640   1498   28
r  1839   1941   1888   28
r  1849   1998   1948   28
r  1900   1948   1998   28
r  1948   1997   1899   28
r  2000   1948   1899   28
r  1950   2050   1899   28
r  1343   1292   1498   28
r  1350   1248   1498   28
r  1799   1899   1498   28
r  1800   1899   1998   28
r  1798   1899   1998   28
r  1797   1846   1498   28
r  1595   1496   1445   28
r  1648   1599   1498   28
r  1   203   102   29
r  51   104   203   29
r  2   203   104   29
r  401   203   102   29
r  404   102   203   29
r  402   102   203   29
r  457   102   203   29
r  403   203   102   29
r  410   102   203   29
r  206   102   203   29
r  58   203   102   29
r  7   203   102   29
r  159   203   102   29
r  504   203   102   29
r  156   203   102   29
r  554   203   102   29
r  107   203   102   29
r  358   203   102   29
r  506   203   102   29
r  53   203   102   29
r  257   203   102   29
r  4   203   102   29
r  451   203   102   29
r  459   203   102   29
r  208   102   203   29
r  308   102   203   29
r  458   102   203   29
r  151   203   102   29
r  157   203   104   29
r  256   102   104   29
r  501   102   104   29
r  302   203   104   29
r  307   203   104   29
r  158   102   104   29
r  209   102   104   29
r  305   102   104   29
r  304   102   104   29
r  57   203   104   29
r  258   102   104   29
r  55   203   104   29
r  301   203   104   29
r  408   203   104   29
r  155   102   104   29
r  357   203   104   29
r  6   203   104   29
r  505   203   104   29
r  252   203   104   29
r  251   102   104   29
r  56   203   104   29
r  356   203   104   29
r  455   203   104   29
r  205   203   104   29
r  210   114   104   29
r  454   104   203   29
r  207   104   203   29
r  108   104   203   29
r  351   104   203   29
r  456   104   203   29
r  406   104   203   29
r  405   104   203   29
r  503   104   203   29
r  502   104   203   29
r  352   104   203   29
r  407   104   203   29
r  409   104   203   29
r  255   104   102   29
r  453   104   102   29
r  355   104   102   29
r  303   104   102   29
r  5   104   102   29
r  201   104   102   29
r  354   104   102   29
r  254   104   102   29
r  306   104   102   29
r  359   104   102   29
r  353   104   102   29
r  8   104   102   29
r  160   261   102   29
r  551   104   203   29
r  601   752   1053   29
r  701   1053   903   29
r  702   1053   903   29
r  651   752   1053   29
r  652   701   903   29
r  261   163   113   29
r  609   657   560   29
r  706   657   558   29
r  654   702   903   29
r  605   558   657   29
r  752   603   903   29
r  212   113   114   29
r  162   113   114   29
r  64   110   163   29
r  167   66   113   29
r  15   13   114   29
r  165   163   113   29
r  562   464   513   29
r  703   752   903   29
r  851   1103   903   29
r  1051   903   1103   29
r  705   752   903   29
r  802   1103   903   29
r  801   752   903   29
r  704   603   1053   29
r  655   657   1053   29
r  803   903   1053   29
r  1201   903   1053   29
r  62   114   111   29
r  66   114   113   29
r  215   114   113   29
r  166   114   113   29
r  67   114   124   29
r  315   468   266   29
r  365   266   468   29
r  904   1053   1103   29
r  1151   1053   1103   29
r  1158   1053   903   29
r  956   1053   903   29
r  809   908   862   29
r  712   862   860   29
r  1014   1162   860   29
r  616   667   770   29
r  666   769   770   29
r  763   860   862   29
r  1811   1864   1603   29
r  1712   1861   1603   29
r  1663   1861   1603   29
r  915   864   966   29
r  868   865   917   29
r  322   274   121   29
r  371   374   124   29
r  375   423   124   29
r  224   124   121   29
r  720   769   667   29
r  622   720   667   29
r  1954   1603   1853   29
r  2101   2302   2203   29
r  2102   2352   2203   29
r  2155   2352   2203   29
r  25   124   135   29
r  326   275   135   29
r  176   276   179   29
r  2151   2203   2352   29
r  2152   2302   2352   29
r  2103   2203   2352   29
r  2154   2203   2302   29
r  2205   2352   2302   29
r  2156   2203   2302   29
r  2061   2109   2164   29
r  2259   2158   2257   29
r  1214   1163   1162   29
r  327   378   135   29
r  382   283   135   29
r  385   135   179   29
r  428   529   179   29
r  427   135   179   29
r  823   725   675   29
r  2201   2203   2302   29
r  2408   2203   2302   29
r  2454   2203   2302   29
r  2355   2203   2302   29
r  2455   2302   2203   29
r  2456   2203   2302   29
r  2254   2302   2203   29
r  2306   2203   2352   29
r  2401   2203   2352   29
r  2307   2302   2352   29
r  2458   2302   2352   29
r  2358   2203   2352   29
r  2354   2203   2352   29
r  2304   2302   2352   29
r  2305   2302   2352   29
r  2404   2302   2352   29
r  2406   2203   2352   29
r  2256   2302   2352   29
r  2403   2302   2352   29
r  2206   2203   2352   29
r  2405   2305   2302   29
r  2357   2352   2302   29
r  2356   2352   2302   29
r  2457   2352   2302   29
r  2308   2352   2302   29
r  2407   2352   2203   29
r  2255   2352   2203   29
r  2251   2352   2203   29
r  2453   2352   2203   29
r  2451   2352   2203   29
r  2452   2352   2203   29
r  1716   1719   1667   29
r  1667   1718   1719   29
r  1619   1671   1666   29
r  1319   1368   1421   29
r  1419   1368   1415   29
r  1118   1169   1220   29
r  1171   1169   1220   29
r  430   179   135   29
r  482   179   135   29
r  431   179   135   29
r  282   179   135   29
r  433   179   135   29
r  386   287   135   29
r  379   179   135   29
r  481   179   135   29
r  576   525   628   29
r  2409   2413   2360   29
r  2459   2413   2361   29
r  1668   1666   1719   29
r  1620   1666   1719   29
r  2216   2265   2164   29
r  2413   2361   2462   29
r  288   237   138   29
r  39   138   137   29
r  139   137   237   29
r  632   683   684   29
r  927   876   875   29
r  976   875   974   29
r  1124   1075   1073   29
r  2410   2361   2461   29
r  2414   2462   2361   29
r  2460   2361   2360   29
r  2412   2461   2360   29
r  2415   2413   2360   29
r  1523   1521   1421   29
r  2119   2124   2022   29
r  2120   2022   2124   29
r  2267   2272   2367   29
r  2364   2360   2413   29
r  2463   2360   2361   29
r  926   924   877   29
r  89   137   189   29
r  91   146   98   29
r  241   98   149   29
r  488   491   587   29
r  2466   2420   2367   29
r  2416   2367   2272   29
r  1325   1228   1277   29
r  1277   1275   1377   29
r  1971   1922   2022   29
r  2121   2124   2022   29
r  2071   2124   2123   29
r  2219   2367   2272   29
r  2223   2174   2124   29
r  1978   1976   2124   29
r  1922   2124   2022   29
r  2270   2367   2272   29
r  2467   2367   2420   29
r  2418   2420   2367   29
r  2472   2367   2420   29
r  2372   2420   2367   29
r  2471   2367   2420   29
r  2469   2420   2272   29
r  2370   2367   2272   29
r  2321   2367   2272   29
r  2320   2272   2420   29
r  2369   2272   2420   29
r  2468   2272   2420   29
r  2371   2272   2367   29
r  41   146   98   29
r  192   149   146   29
r  92   146   98   29
r  142   146   149   29
r  242   149   146   29
r  492   443   640   29
r  292   98   146   29
r  981   1029   1081   29
r  1578   1680   1678   29
r  1326   1375   1277   29
r  1327   1375   1376   29
r  2024   2124   2123   29
r  2374   2272   2430   29
r  440   340   492   29
r  42   98   149   29
r  349   146   98   29
r  400   98   146   29
r  200   98   146   29
r  295   146   98   29
r  300   146   98   29
r  347   146   98   29
r  342   98   146   29
r  243   98   146   29
r  49   98   146   29
r  344   146   98   29
r  246   146   98   29
r  50   146   98   29
r  194   146   98   29
r  193   98   149   29
r  45   146   149   29
r  195   146   149   29
r  144   98   149   29
r  343   98   149   29
r  350   146   149   29
r  399   98   149   29
r  297   98   149   29
r  245   146   149   29
r  100   146   149   29
r  43   146   149   29
r  348   146   149   29
r  93   146   149   29
r  299   98   149   29
r  198   146   149   29
r  346   98   149   29
r  44   149   98   29
r  293   149   98   29
r  197   149   98   29
r  94   149   98   29
r  250   149   98   29
r  47   149   98   29
r  248   149   98   29
r  294   149   98   29
r  244   149   146   29
r  296   149   146   29
r  46   149   146   29
r  345   149   146   29
r  298   149   146   29
r  143   149   146   29
r  247   149   146   29
r  95   149   146   29
r  592   646   491   29
r  786   890   835   29
r  936   934   890   29
r  392   443   491   29
r  982   883   931   29
r  1179   1228   1081   29
r  1926   2026   1977   29
r  2288   2430   2389   29
r  2337   2437   2430   29
r  2487   2389   2334   29
r  2137   2086   2334   29
r  2085   1988   2334   29
r  2033   1986   2334   29
r  1879   1779   1780   29
r  2287   2289   2430   29
r  2086   2135   2430   29
r  2237   2334   2430   29
r  1280   1179   1229   29
r  448   699   850   29
r  1284   1286   1336   29
r  1236   1187   1135   29
r  1634   1632   1733   29
r  2238   2289   2437   29
r  2488   2289   2389   29
r  500   599   850   29
r  497   646   699   29
r  949   599   699   29
r  948   599   850   29
r  650   699   850   29
r  942   1042   996   29
r  597   646   644   29
r  495   644   646   29
r  1933   1781   1733   29
r  2491   2389   2289   29
r  2490   2389   2289   29
r  2291   2389   2396   29
r  2391   2389   2289   29
r  2340   2389   2437   29
r  2440   2430   2289   29
r  2341   2437   2389   29
r  2039   2349   2396   29
r  550   850   699   29
r  647   644   599   29
r  548   850   599   29
r  799   850   699   29
r  899   699   599   29
r  1050   1248   1097   29
r  998   1248   1097   29
r  894   996   995   29
r  1090   988   1139   29
r  1435   1486   1538   29
r  1049   1097   1248   29
r  1048   1097   1248   29
r  1341   1440   1439   29
r  1590   1689   1690   29
r  1838   1890   1941   29
r  1997   1899   2349   29
r  1149   1097   1248   29
r  1196   1248   1097   29
r  1150   1097   1248   29
r  1198   1249   1097   29
r  1250   1248   1097   29
r  1300   1248   1097   29
r  1200   1097   1099   29
r  1197   1097   1099   29
r  1293   1244   1498   29
r  1393   1444   1498   29
r  2347   2396   2298   29
r  2043   2396   2349   29
r  2048   2396   2349   29
r  1946   1948   1899   29
r  1849   1948   1998   29
r  1949   2050   1898   29
r  1900   1998   1947   29
r  1850   1998   2050   29
r  1792   1741   1740   29
r  1950   1899   2050   29
r  1845   1794   1498   29
r  1   102   203   30
r  51   203   104   30
r  2   104   203   30
r  401   102   203   30
r  402   203   102   30
r  310   203   102   30
r  403   102   203   30
r  206   203   102   30
r  7   102   203   30
r  159   102   203   30
r  504   102   203   30
r  156   102   203   30
r  309   203   102   30
r  358   102   203   30
r  53   102   203   30
r  451   102   203   30
r  459   102   203   30
r  256   203   102   30
r  501   203   102   30
r  302   102   203   30
r  307   102   203   30
r  158   203   102   30
r  304   203   102   30
r  301   102   203   30
r  357   102   203   30
r  505   102   203   30
r  252   102   203   30
r  56   102   203   30
r  356   102   203   30
r  205   102   203   30
r  210   161   102   30
r  454   203   104   30
r  207   203   104   30
r  108   102   104   30
r  351   203   104   30
r  456   203   104   30
r  406   203   104   30
r  405   203   104   30
r  503   102   104   30
r  502   203   104   30
r  352   203   104   30
r  407   102   104   30
r  409   102   104   30
r  255   102   104   30
r  453   203   104   30
r  355   102   104   30
r  303   102   104   30
r  5   102   104   30
r  254   102   104   30
r  306   203   104   30
r  359   102   104   30
r  8   102   104   30
r  201   203   104   30
r  353   203   104   30
r  354   203   104   30
r  109   114   104   30
r  452   104   102   30
r  209   104   102   30
r  305   104   102   30
r  258   104   102   30
r  155   104   102   30
r  259   104   102   30
r  251   104   102   30
r  552   603   1053   30
r  404   104   102   30
r  208   104   102   30
r  308   104   102   30
r  457   104   102   30
r  107   104   203   30
r  506   104   203   30
r  257   104   203   30
r  4   104   203   30
r  151   104   203   30
r  157   104   203   30
r  55   104   203   30
r  455   104   203   30
r  58   104   203   30
r  408   104   203   30
r  6   104   203   30
r  604   652   903   30
r  602   752   903   30
r  653   1053   903   30
r  701   903   1053   30
r  312   114   113   30
r  609   560   657   30
r  212   163   113   30
r  111   13   113   30
r  363   513   514   30
r  515   468   464   30
r  857   860   903   30
r  1051   1103   903   30
r  651   603   903   30
r  702   603   1053   30
r  1151   903   1053   30
r  956   903   1053   30
r  904   1103   1053   30
r  1258   1209   1053   30
r  162   114   113   30
r  115   66   113   30
r  14   113   112   30
r  265   165   113   30
r  214   13   113   30
r  61   13   113   30
r  62   111   114   30
r  215   66   114   30
r  166   67   114   30
r  463   514   564   30
r  661   710   860   30
r  803   1053   903   30
r  1201   1053   903   30
r  566   667   770   30
r  1309   1360   1603   30
r  1013   1163   862   30
r  712   811   862   30
r  763   862   860   30
r  915   966   860   30
r  616   770   667   30
r  567   618   770   30
r  369   267   468   30
r  665   667   617   30
r  1954   1851   1603   30
r  1962   1861   1603   30
r  1961   1912   1603   30
r  1763   1861   1603   30
r  1714   1763   1603   30
r  1912   1861   1603   30
r  866   1017   968   30
r  766   770   667   30
r  1064   1163   1113   30
r  617   566   770   30
r  519   468   770   30
r  2101   2352   2302   30
r  2105   2302   2352   30
r  2155   2203   2352   30
r  2106   2203   2302   30
r  1863   1603   1861   30
r  1066   1167   1163   30
r  1265   1415   1163   30
r  125   179   135   30
r  321   121   124   30
r  224   121   124   30
r  324   375   124   30
r  374   372   124   30
r  175   179   135   30
r  226   179   121   30
r  868   917   866   30
r  1112   1163   1213   30
r  2151   2302   2203   30
r  2152   2203   2302   30
r  2103   2302   2203   30
r  2154   2302   2203   30
r  2205   2203   2352   30
r  1364   1411   1415   30
r  2257   2209   2203   30
r  2259   2257   2158   30
r  2160   2164   2112   30
r  325   179   135   30
r  1219   1170   1221   30
r  2201   2352   2203   30
r  2357   2302   2352   30
r  2356   2302   2352   30
r  2305   2352   2302   30
r  2308   2302   2352   30
r  2256   2352   2302   30
r  2458   2352   2302   30
r  2407   2302   2352   30
r  2452   2302   2352   30
r  2408   2352   2203   30
r  2454   2302   2203   30
r  2456   2352   2203   30
r  2306   2302   2203   30
r  2401   2302   2203   30
r  2358   2302   2203   30
r  2406   2302   2203   30
r  2206   2352   2203   30
r  2355   2352   2203   30
r  2354   2352   2203   30
r  2255   2203   2352   30
r  2451   2203   2352   30
r  2251   2203   2352   30
r  2453   2203   2352   30
r  2457   2203   2352   30
r  2455   2203   2302   30
r  2254   2203   2302   30
r  2307   2203   2302   30
r  2404   2203   2302   30
r  2304   2203   2302   30
r  1816   1767   1666   30
r  1320   1421   1415   30
r  1521   1469   1415   30
r  286   288   179   30
r  430   529   179   30
r  433   532   179   30
r  532   179   135   30
r  385   334   135   30
r  435   387   135   30
r  426   377   135   30
r  483   583   135   30
r  427   179   135   30
r  1170   1221   1119   30
r  1121   1170   1169   30
r  1025   974   1126   30
r  480   529   179   30
r  379   135   179   30
r  2459   2360   2413   30
r  2069   2220   2022   30
r  2464   2360   2164   30
r  2318   2272   2420   30
r  2216   2164   2367   30
r  282   135   179   30
r  386   135   179   30
r  481   135   179   30
r  431   135   179   30
r  925   923   877   30
r  577   676   628   30
r  528   630   628   30
r  2411   2413   2364   30
r  2414   2361   2461   30
r  2312   2164   2360   30
r  2365   2413   2360   30
r  2364   2413   2360   30
r  2463   2414   2360   30
r  2460   2360   2361   30
r  1623   1574   1725   30
r  1576   1624   1574   30
r  1371   1272   1423   30
r  338   286   138   30
r  89   189   137   30
r  40   149   137   30
r  139   237   137   30
r  239   137   237   30
r  632   684   782   30
r  832   830   732   30
r  2416   2272   2367   30
r  1627   1624   1680   30
r  2071   2022   2124   30
r  2174   2225   2022   30
r  2121   1970   2124   30
r  1922   2021   2124   30
r  2024   2123   2124   30
r  1976   1875   2124   30
r  2467   2420   2367   30
r  2373   2367   2420   30
r  2472   2420   2367   30
r  2270   2420   2367   30
r  2469   2367   2420   30
r  2321   2420   2367   30
r  2320   2420   2272   30
r  2473   2367   2272   30
r  2369   2367   2272   30
r  2468   2367   2272   30
r  2371   2367   2272   30
r  2418   2272   2420   30
r  2323   2272   2367   30
r  39   137   139   30
r  681   732   782   30
r  784   735   684   30
r  1279   1231   1081   30
r  1186   1135   1081   30
r  1379   1431   1229   30
r  1875   1978   1977   30
r  1527   1427   1627   30
r  1729   1579   1678   30
r  2127   2124   2430   30
r  192   146   149   30
r  92   98   146   30
r  142   149   146   30
r  242   146   149   30
r  42   146   98   30
r  341   146   98   30
r  292   149   98   30
r  690   491   590   30
r  542   590   491   30
r  885   785   890   30
r  1086   1081   1135   30
r  1037   1084   1135   30
r  1331   1280   1231   30
r  1828   1928   1880   30
r  2187   2086   2430   30
r  2033   2082   2430   30
r  2237   2430   2334   30
r  2488   2389   2334   30
r  2035   1787   2430   30
r  193   146   98   30
r  44   98   149   30
r  144   149   98   30
r  297   149   98   30
r  197   98   149   30
r  94   98   149   30
r  250   98   149   30
r  346   149   98   30
r  47   98   149   30
r  248   98   149   30
r  299   149   98   30
r  400   149   98   30
r  200   149   98   30
r  46   98   149   30
r  143   98   149   30
r  49   149   98   30
r  295   98   146   30
r  347   98   146   30
r  344   149   146   30
r  50   98   146   30
r  194   98   146   30
r  45   98   146   30
r  350   149   146   30
r  43   98   146   30
r  93   149   146   30
r  198   149   146   30
r  349   149   146   30
r  300   149   146   30
r  246   149   146   30
r  195   149   146   30
r  245   149   146   30
r  100   98   146   30
r  348   98   146   30
r  398   98   146   30
r  345   146   149   30
r  298   146   149   30
r  247   146   149   30
r  95   146   149   30
r  296   146   149   30
r  244   146   149   30
r  293   146   149   30
r  294   146   149   30
r  243   146   98   30
r  343   146   98   30
r  342   146   98   30
r  939   887   888   30
r  2338   2437   2289   30
r  2288   2334   2437   30
r  447   599   699   30
r  397   498   699   30
r  448   599   699   30
r  495   646   644   30
r  1089   1140   1038   30
r  1387   1287   1439   30
r  1189   1240   1191   30
r  1039   1088   1140   30
r  1090   1139   1039   30
r  1485   1487   1538   30
r  1834   1733   1785   30
r  2240   2389   2396   30
r  2490   2289   2389   30
r  2341   2389   2437   30
r  2440   2289   2489   30
r  2340   2437   2389   30
r  500   850   599   30
r  698   599   549   30
r  1000   599   699   30
r  947   899   699   30
r  948   699   599   30
r  650   599   699   30
r  550   699   850   30
r  897   699   850   30
r  648   599   850   30
r  799   699   850   30
r  798   699   850   30
r  894   943   996   30
r  597   644   699   30
r  997   1248   1097   30
r  1096   1248   996   30
r  1638   1689   1690   30
r  1788   1737   1689   30
r  1989   2041   2396   30
r  1939   1941   1838   30
r  949   850   599   30
r  899   599   699   30
r  1050   1099   1248   30
r  1392   1493   1498   30
r  1641   1689   1588   30
r  1838   1941   1890   30
r  2347   2349   2396   30
r  1945   2349   2396   30
r  2048   1899   2396   30
r  2043   1943   2396   30
r  1840   1740   1791   30
r  1839   1888   1941   30
r  1792   1790   1890   30
r  1049   1248   1097   30
r  1048   1099   1097   30
r  1245   1144   1498   30
r  1149   1198   1097   30
r  1299   1498   1099   30
r  1250   1099   1248   30
r  1150   1099   1097   30
r  1200   1099   1097   30
r  1443   1439   1498   30
r  1944   2396   2349   30
r  1947   1899   1949   30
r  1949   1898   2050   30
r  1900   1947   1998   30
r  1950   2050   1899   30
r  1800   1998   1899   30
r  1846   1794   1498   30
r  1850   1899   1998   30
