c  1   -1   52   1
c  1   -1   102   1
c  51   -1   102   1
c  51   -1   153   1
c  2   -1   51   1
c  2   -1   101   1
c  52   -1   101   1
c  52   -1   103   1
c  102   -1   201   1
c  101   -1   53   1
c  153   -1   253   1
c  153   -1   254   1
c  3   -1   103   1
c  3   -1   102   1
c  53   -1   153   1
c  53   -1   152   1
c  103   -1   152   1
c  103   -1   105   1
c  152   -1   252   1
c  152   -1   203   1
c  151   -1   102   1
c  151   -1   202   1
c  201   -1   152   1
c  201   -1   252   1
c  203   -1   252   1
c  203   -1   201   1
c  154   -1   202   1
c  154   -1   252   1
c  202   -1   153   1
c  202   -1   253   1
c  104   -1   153   1
c  104   -1   204   1
c  204   -1   153   1
c  204   -1   152   1
c  253   -1   204   1
c  253   -1   205   1
c  254   -1   154   1
c  254   -1   306   1
c  4   -1   55   1
c  4   -1   6   1
c  54   -1   3   1
c  54   -1   5   1
c  105   -1   54   1
c  252   -1   301   1
c  252   -1   303   1
c  251   -1   351   1
c  251   -1   302   1
c  206   -1   155   1
c  206   -1   203   1
c  404   -1   355   1
c  404   -1   203   1
c  155   -1   255   1
c  155   -1   208   1
c  302   -1   202   1
c  354   -1   253   1
c  354   -1   202   1
c  55   -1   104   1
c  55   -1   253   1
c  205   -1   256   1
c  205   -1   207   1
c  303   -1   254   1
c  303   -1   354   1
c  353   -1   253   1
c  353   -1   252   1
c  304   -1   255   1
c  304   -1   355   1
c  255   -1   158   1
c  255   -1   208   1
c  305   -1   254   1
c  305   -1   354   1
c  306   -1   308   1
c  5   -1   105   1
c  5   -1   156   1
c  56   -1   5   1
c  56   -1   4   1
c  6   -1   57   1
c  6   -1   106   1
c  106   -1   157   1
c  106   -1   54   1
c  301   -1   303   1
c  351   -1   402   1
c  351   -1   451   1
c  156   -1   207   1
c  156   -1   107   1
c  256   -1   207   1
c  256   -1   107   1
c  207   -1   158   1
c  207   -1   356   1
c  157   -1   206   1
c  157   -1   108   1
c  403   -1   452   1
c  403   -1   354   1
c  454   -1   456   1
c  454   -1   506   1
c  405   -1   505   1
c  405   -1   506   1
c  504   -1   455   1
c  504   -1   404   1
c  355   -1   406   1
c  355   -1   506   1
c  208   -1   259   1
c  208   -1   159   1
c  352   -1   452   1
c  352   -1   401   1
c  158   -1   109   1
c  158   -1   110   1
c  406   -1   357   1
c  406   -1   305   1
c  356   -1   256   1
c  356   -1   307   1
c  307   -1   309   1
c  307   -1   258   1
c  257   -1   306   1
c  257   -1   308   1
c  358   -1   356   1
c  358   -1   306   1
c  308   -1   259   1
c  308   -1   208   1
c  57   -1   8   1
c  57   -1   9   1
c  7   -1   56   1
c  7   -1   58   1
c  59   -1   57   1
c  59   -1   56   1
c  107   -1   158   1
c  107   -1   159   1
c  401   -1   452   1
c  401   -1   453   1
c  402   -1   453   1
c  402   -1   503   1
c  451   -1   402   1
c  451   -1   403   1
c  258   -1   207   1
c  258   -1   309   1
c  209   -1   207   1
c  209   -1   157   1
c  108   -1   59   1
c  108   -1   60   1
c  453   -1   553   1
c  453   -1   504   1
c  455   -1   406   1
c  455   -1   457   1
c  555   -1   655   1
c  555   -1   454   1
c  456   -1   505   1
c  456   -1   556   1
c  506   -1   457   1
c  506   -1   406   1
c  505   -1   556   1
c  503   -1   603   1
c  503   -1   552   1
c  554   -1   503   1
c  554   -1   453   1
c  407   -1   356   1
c  407   -1   355   1
c  260   -1   208   1
c  260   -1   308   1
c  259   -1   310   1
c  159   -1   161   1
c  159   -1   215   1
c  109   -1   160   1
c  110   -1   159   1
c  110   -1   212   1
c  357   -1   309   1
c  357   -1   510   1
c  359   -1   308   1
c  359   -1   307   1
c  309   -1   257   1
c  408   -1   308   1
c  408   -1   360   1
c  459   -1   408   1
c  459   -1   358   1
c  58   -1   107   1
c  8   -1   60   1
c  8   -1   11   1
c  9   -1   109   1
c  9   -1   58   1
c  60   -1   109   1
c  60   -1   111   1
c  160   -1   59   1
c  501   -1   401   1
c  501   -1   402   1
c  502   -1   451   1
c  502   -1   401   1
c  210   -1   212   1
c  210   -1   261   1
c  553   -1   602   1
c  553   -1   601   1
c  551   -1   502   1
c  551   -1   452   1
c  457   -1   408   1
c  457   -1   509   1
c  605   -1   554   1
c  556   -1   605   1
c  556   -1   653   1
c  606   -1   555   1
c  606   -1   503   1
c  655   -1   606   1
c  655   -1   657   1
c  507   -1   408   1
c  557   -1   506   1
c  557   -1   559   1
c  603   -1   654   1
c  603   -1   554   1
c  552   -1   604   1
c  604   -1   653   1
c  703   -1   754   1
c  703   -1   554   1
c  458   -1   507   1
c  458   -1   407   1
c  508   -1   407   1
c  508   -1   357   1
c  310   -1   359   1
c  261   -1   212   1
c  261   -1   259   1
c  311   -1   260   1
c  311   -1   360   1
c  262   -1   362   1
c  262   -1   260   1
c  213   -1   162   1
c  213   -1   260   1
c  161   -1   213   1
c  161   -1   263   1
c  215   -1   166   1
c  215   -1   167   1
c  111   -1   62   1
c  111   -1   162   1
c  10   -1   61   1
c  10   -1   110   1
c  61   -1   110   1
c  61   -1   63   1
c  12   -1   63   1
c  12   -1   110   1
c  212   -1   263   1
c  212   -1   264   1
c  510   -1   610   1
c  510   -1   562   1
c  409   -1   458   1
c  409   -1   560   1
c  360   -1   312   1
c  509   -1   511   1
c  509   -1   460   1
c  460   -1   360   1
c  410   -1   459   1
c  410   -1   509   1
c  461   -1   459   1
c  461   -1   711   1
c  11   -1   60   1
c  11   -1   111   1
c  211   -1   213   1
c  211   -1   311   1
c  162   -1   211   1
c  162   -1   210   1
c  654   -1   553   1
c  602   -1   651   1
c  602   -1   653   1
c  601   -1   552   1
c  601   -1   701   1
c  651   -1   551   1
c  607   -1   556   1
c  607   -1   658   1
c  558   -1   607   1
c  558   -1   556   1
c  608   -1   557   1
c  608   -1   556   1
c  653   -1   702   1
c  653   -1   655   1
c  656   -1   707   1
c  656   -1   604   1
c  705   -1   703   1
c  705   -1   653   1
c  657   -1   706   1
c  657   -1   705   1
c  559   -1   608   1
c  559   -1   607   1
c  652   -1   601   1
c  652   -1   552   1
c  702   -1   654   1
c  702   -1   604   1
c  753   -1   802   1
c  753   -1   701   1
c  704   -1   804   1
c  704   -1   802   1
c  754   -1   705   1
c  754   -1   756   1
c  361   -1   261   1
c  361   -1   262   1
c  312   -1   412   1
c  312   -1   363   1
c  411   -1   460   1
c  411   -1   311   1
c  362   -1   413   1
c  362   -1   311   1
c  263   -1   163   1
c  263   -1   363   1
c  214   -1   165   1
c  214   -1   216   1
c  165   -1   216   1
c  265   -1   214   1
c  265   -1   314   1
c  216   -1   167   1
c  164   -1   215   1
c  166   -1   115   1
c  167   -1   165   1
c  167   -1   420   1
c  112   -1   163   1
c  112   -1   114   1
c  62   -1   11   1
c  63   -1   163   1
c  63   -1   162   1
c  13   -1   62   1
c  13   -1   64   1
c  264   -1   364   1
c  264   -1   313   1
c  560   -1   562   1
c  511   -1   560   1
c  610   -1   661   1
c  610   -1   561   1
c  562   -1   511   1
c  462   -1   511   1
c  462   -1   411   1
c  609   -1   560   1
c  609   -1   461   1
c  711   -1   662   1
c  711   -1   613   1
c  114   -1   163   1
c  114   -1   162   1
c  701   -1   652   1
c  701   -1   752   1
c  658   -1   758   1
c  752   -1   801   1
c  752   -1   653   1
c  706   -1   755   1
c  756   -1   805   1
c  756   -1   656   1
c  707   -1   756   1
c  707   -1   806   1
c  755   -1   704   1
c  755   -1   806   1
c  804   -1   806   1
c  804   -1   705   1
c  751   -1   702   1
c  751   -1   802   1
c  803   -1   752   1
c  803   -1   854   1
c  802   -1   851   1
c  412   -1   361   1
c  313   -1   364   1
c  363   -1   463   1
c  363   -1   414   1
c  413   -1   462   1
c  113   -1   62   1
c  113   -1   164   1
c  115   -1   67   1
c  65   -1   165   1
c  65   -1   114   1
c  315   -1   364   1
c  315   -1   417   1
c  266   -1   315   1
c  266   -1   264   1
c  316   -1   365   1
c  316   -1   265   1
c  314   -1   363   1
c  314   -1   168   1
c  217   -1   168   1
c  217   -1   117   1
c  116   -1   16   1
c  116   -1   63   1
c  117   -1   166   1
c  117   -1   115   1
c  168   -1   119   1
c  168   -1   69   1
c  267   -1   167   1
c  267   -1   168   1
c  420   -1   467   1
c  420   -1   416   1
c  64   -1   113   1
c  64   -1   112   1
c  14   -1   114   1
c  14   -1   65   1
c  364   -1   413   1
c  561   -1   612   1
c  561   -1   512   1
c  512   -1   412   1
c  513   -1   511   1
c  513   -1   562   1
c  660   -1   709   1
c  660   -1   664   1
c  611   -1   609   1
c  611   -1   662   1
c  659   -1   661   1
c  659   -1   610   1
c  661   -1   609   1
c  612   -1   563   1
c  612   -1   513   1
c  563   -1   663   1
c  563   -1   662   1
c  463   -1   412   1
c  463   -1   512   1
c  709   -1   609   1
c  710   -1   708   1
c  710   -1   758   1
c  761   -1   810   1
c  761   -1   860   1
c  712   -1   763   1
c  712   -1   761   1
c  662   -1   613   1
c  662   -1   614   1
c  613   -1   513   1
c  613   -1   463   1
c  708   -1   660   1
c  708   -1   661   1
c  758   -1   809   1
c  758   -1   860   1
c  801   -1   852   1
c  806   -1   757   1
c  757   -1   755   1
c  757   -1   805   1
c  805   -1   854   1
c  805   -1   904   1
c  854   -1   856   1
c  854   -1   806   1
c  853   -1   804   1
c  853   -1   802   1
c  852   -1   903   1
c  852   -1   953   1
c  902   -1   802   1
c  902   -1   851   1
c  903   -1   905   1
c  903   -1   802   1
c  851   -1   951   1
c  851   -1   952   1
c  365   -1   363   1
c  365   -1   313   1
c  414   -1   463   1
c  414   -1   365   1
c  15   -1   66   1
c  15   -1   115   1
c  67   -1   16   1
c  67   -1   270   1
c  66   -1   17   1
c  415   -1   417   1
c  415   -1   315   1
c  366   -1   415   1
c  366   -1   315   1
c  317   -1   268   1
c  317   -1   315   1
c  417   -1   466   1
c  367   -1   316   1
c  367   -1   416   1
c  218   -1   269   1
c  218   -1   317   1
c  16   -1   18   1
c  16   -1   19   1
c  118   -1   18   1
c  118   -1   19   1
c  17   -1   68   1
c  17   -1   117   1
c  68   -1   117   1
c  68   -1   119   1
c  18   -1   117   1
c  18   -1   71   1
c  169   -1   267   1
c  169   -1   317   1
c  220   -1   218   1
c  220   -1   168   1
c  119   -1   70   1
c  69   -1   67   1
c  69   -1   16   1
c  268   -1   169   1
c  268   -1   119   1
c  370   -1   269   1
c  419   -1   370   1
c  419   -1   372   1
c  470   -1   519   1
c  470   -1   372   1
c  421   -1   472   1
c  421   -1   370   1
c  319   -1   370   1
c  319   -1   420   1
c  321   -1   323   1
c  321   -1   420   1
c  520   -1   420   1
c  520   -1   419   1
c  467   -1   367   1
c  467   -1   419   1
c  416   -1   465   1
c  416   -1   517   1
c  514   -1   615   1
c  514   -1   616   1
c  664   -1   616   1
c  664   -1   565   1
c  760   -1   762   1
c  760   -1   661   1
c  759   -1   710   1
c  759   -1   661   1
c  663   -1   661   1
c  663   -1   612   1
c  564   -1   615   1
c  564   -1   464   1
c  464   -1   415   1
c  464   -1   516   1
c  811   -1   859   1
c  811   -1   963   1
c  762   -1   813   1
c  762   -1   865   1
c  812   -1   761   1
c  812   -1   861   1
c  810   -1   808   1
c  810   -1   859   1
c  860   -1   911   1
c  860   -1   913   1
c  713   -1   715   1
c  713   -1   615   1
c  813   -1   811   1
c  813   -1   712   1
c  763   -1   865   1
c  763   -1   915   1
c  614   -1   663   1
c  614   -1   665   1
c  809   -1   708   1
c  809   -1   856   1
c  808   -1   759   1
c  808   -1   859   1
c  856   -1   805   1
c  807   -1   855   1
c  807   -1   905   1
c  906   -1   955   1
c  906   -1   806   1
c  855   -1   857   1
c  855   -1   957   1
c  904   -1   953   1
c  904   -1   855   1
c  901   -1   952   1
c  901   -1   852   1
c  953   -1   1004   1
c  953   -1   1002   1
c  952   -1   1003   1
c  952   -1   1052   1
c  951   -1   1002   1
c  951   -1   902   1
c  905   -1   956   1
c  905   -1   954   1
c  465   -1   365   1
c  465   -1   514   1
c  270   -1   370   1
c  270   -1   421   1
c  466   -1   517   1
c  466   -1   415   1
c  318   -1   320   1
c  318   -1   369   1
c  369   -1   367   1
c  369   -1   317   1
c  418   -1   467   1
c  418   -1   318   1
c  368   -1   417   1
c  368   -1   419   1
c  468   -1   417   1
c  468   -1   419   1
c  219   -1   270   1
c  219   -1   119   1
c  269   -1   220   1
c  269   -1   318   1
c  19   -1   68   1
c  19   -1   70   1
c  20   -1   120   1
c  20   -1   68   1
c  71   -1   20   1
c  71   -1   69   1
c  170   -1   219   1
c  170   -1   221   1
c  70   -1   121   1
c  70   -1   169   1
c  221   -1   121   1
c  120   -1   71   1
c  120   -1   72   1
c  320   -1   269   1
c  320   -1   271   1
c  371   -1   320   1
c  371   -1   271   1
c  469   -1   520   1
c  469   -1   518   1
c  372   -1   423   1
c  471   -1   520   1
c  471   -1   523   1
c  519   -1   619   1
c  519   -1   618   1
c  422   -1   371   1
c  422   -1   474   1
c  472   -1   521   1
c  472   -1   520   1
c  271   -1   273   1
c  271   -1   170   1
c  322   -1   373   1
c  322   -1   324   1
c  323   -1   223   1
c  323   -1   272   1
c  570   -1   621   1
c  570   -1   671   1
c  521   -1   572   1
c  569   -1   520   1
c  569   -1   618   1
c  620   -1   569   1
c  620   -1   520   1
c  621   -1   672   1
c  621   -1   520   1
c  517   -1   468   1
c  517   -1   519   1
c  515   -1   466   1
c  515   -1   566   1
c  615   -1   666   1
c  616   -1   565   1
c  616   -1   716   1
c  714   -1   763   1
c  714   -1   814   1
c  665   -1   716   1
c  665   -1   714   1
c  815   -1   664   1
c  565   -1   465   1
c  565   -1   667   1
c  911   -1   862   1
c  911   -1   759   1
c  516   -1   465   1
c  516   -1   567   1
c  861   -1   910   1
c  861   -1   960   1
c  859   -1   911   1
c  859   -1   1010   1
c  963   -1   914   1
c  963   -1   966   1
c  865   -1   965   1
c  865   -1   964   1
c  862   -1   913   1
c  862   -1   963   1
c  908   -1   808   1
c  908   -1   810   1
c  960   -1   860   1
c  960   -1   810   1
c  910   -1   859   1
c  910   -1   912   1
c  913   -1   864   1
c  913   -1   861   1
c  715   -1   717   1
c  715   -1   766   1
c  863   -1   861   1
c  863   -1   910   1
c  814   -1   816   1
c  814   -1   817   1
c  864   -1   813   1
c  864   -1   815   1
c  764   -1   815   1
c  764   -1   865   1
c  716   -1   763   1
c  915   -1   815   1
c  915   -1   966   1
c  858   -1   807   1
c  858   -1   809   1
c  909   -1   809   1
c  909   -1   958   1
c  857   -1   908   1
c  857   -1   957   1
c  907   -1   856   1
c  907   -1   807   1
c  1003   -1   1052   1
c  1003   -1   856   1
c  1057   -1   1108   1
c  1057   -1   856   1
c  956   -1   1005   1
c  956   -1   907   1
c  955   -1   904   1
c  955   -1   953   1
c  957   -1   959   1
c  957   -1   1009   1
c  954   -1   1054   1
c  954   -1   1005   1
c  1004   -1   1055   1
c  1004   -1   1053   1
c  1002   -1   1051   1
c  1002   -1   1004   1
c  1052   -1   1054   1
c  1001   -1   1003   1
c  1001   -1   1052   1
c  566   -1   666   1
c  566   -1   466   1
c  518   -1   569   1
c  21   -1   23   1
c  21   -1   73   1
c  121   -1   172   1
c  72   -1   121   1
c  22   -1   71   1
c  22   -1   121   1
c  171   -1   120   1
c  171   -1   71   1
c  74   -1   72   1
c  74   -1   71   1
c  222   -1   271   1
c  222   -1   171   1
c  373   -1   422   1
c  373   -1   472   1
c  272   -1   372   1
c  272   -1   423   1
c  571   -1   372   1
c  423   -1   374   1
c  423   -1   173   1
c  522   -1   571   1
c  522   -1   471   1
c  523   -1   623   1
c  567   -1   569   1
c  567   -1   519   1
c  619   -1   568   1
c  619   -1   518   1
c  618   -1   567   1
c  618   -1   517   1
c  474   -1   574   1
c  474   -1   573   1
c  473   -1   475   1
c  473   -1   425   1
c  576   -1   574   1
c  576   -1   472   1
c  424   -1   323   1
c  424   -1   271   1
c  325   -1   276   1
c  325   -1   271   1
c  273   -1   224   1
c  273   -1   174   1
c  324   -1   273   1
c  324   -1   177   1
c  223   -1   274   1
c  223   -1   174   1
c  671   -1   669   1
c  671   -1   722   1
c  573   -1   522   1
c  573   -1   521   1
c  572   -1   574   1
c  572   -1   623   1
c  568   -1   566   1
c  568   -1   516   1
c  670   -1   668   1
c  670   -1   618   1
c  622   -1   573   1
c  622   -1   522   1
c  672   -1   670   1
c  667   -1   517   1
c  667   -1   568   1
c  666   -1   766   1
c  666   -1   767   1
c  617   -1   668   1
c  617   -1   718   1
c  765   -1   814   1
c  765   -1   864   1
c  816   -1   765   1
c  866   -1   815   1
c  866   -1   766   1
c  867   -1   916   1
c  867   -1   815   1
c  961   -1   1012   1
c  961   -1   963   1
c  912   -1   914   1
c  912   -1   963   1
c  1010   -1   1058   1
c  1010   -1   1108   1
c  962   -1   913   1
c  962   -1   1011   1
c  1013   -1   913   1
c  1013   -1   962   1
c  964   -1   864   1
c  964   -1   1015   1
c  1063   -1   1012   1
c  1063   -1   963   1
c  914   -1   1014   1
c  914   -1   1013   1
c  966   -1   866   1
c  916   -1   865   1
c  965   -1   1065   1
c  965   -1   1116   1
c  958   -1   1007   1
c  1007   -1   908   1
c  959   -1   1010   1
c  959   -1   910   1
c  1011   -1   1060   1
c  1011   -1   910   1
c  717   -1   768   1
c  717   -1   818   1
c  766   -1   717   1
c  766   -1   667   1
c  817   -1   866   1
c  817   -1   766   1
c  1015   -1   915   1
c  1015   -1   914   1
c  1053   -1   1055   1
c  1053   -1   1102   1
c  1103   -1   1003   1
c  1103   -1   954   1
c  1056   -1   1058   1
c  1056   -1   1007   1
c  1107   -1   1156   1
c  1107   -1   1207   1
c  1058   -1   1158   1
c  1058   -1   1156   1
c  1008   -1   1059   1
c  1008   -1   1057   1
c  1108   -1   1007   1
c  1006   -1   1106   1
c  1006   -1   1058   1
c  1206   -1   1157   1
c  1206   -1   955   1
c  1009   -1   1007   1
c  1009   -1   958   1
c  1054   -1   1056   1
c  1055   -1   1155   1
c  1051   -1   1102   1
c  1102   -1   1153   1
c  1101   -1   1052   1
c  1101   -1   1103   1
c  1152   -1   1252   1
c  1152   -1   1052   1
c  1151   -1   1102   1
c  1151   -1   1052   1
c  23   -1   74   1
c  23   -1   72   1
c  73   -1   75   1
c  73   -1   124   1
c  122   -1   124   1
c  122   -1   173   1
c  123   -1   121   1
c  123   -1   172   1
c  172   -1   223   1
c  174   -1   172   1
c  174   -1   171   1
c  24   -1   73   1
c  24   -1   75   1
c  124   -1   24   1
c  124   -1   26   1
c  75   -1   26   1
c  75   -1   123   1
c  25   -1   74   1
c  25   -1   73   1
c  173   -1   175   1
c  173   -1   74   1
c  374   -1   325   1
c  374   -1   276   1
c  375   -1   373   1
c  375   -1   424   1
c  524   -1   475   1
c  524   -1   575   1
c  574   -1   623   1
c  574   -1   523   1
c  575   -1   523   1
c  623   -1   575   1
c  669   -1   769   1
c  669   -1   768   1
c  668   -1   719   1
c  668   -1   568   1
c  475   -1   526   1
c  475   -1   575   1
c  425   -1   476   1
c  425   -1   525   1
c  526   -1   528   1
c  526   -1   578   1
c  626   -1   624   1
c  626   -1   674   1
c  577   -1   477   1
c  577   -1   526   1
c  525   -1   576   1
c  525   -1   577   1
c  625   -1   576   1
c  625   -1   577   1
c  677   -1   626   1
c  677   -1   576   1
c  275   -1   324   1
c  275   -1   374   1
c  326   -1   277   1
c  326   -1   275   1
c  276   -1   274   1
c  276   -1   327   1
c  274   -1   173   1
c  274   -1   172   1
c  224   -1   324   1
c  224   -1   124   1
c  177   -1   128   1
c  177   -1   77   1
c  721   -1   821   1
c  721   -1   772   1
c  720   -1   671   1
c  720   -1   669   1
c  722   -1   623   1
c  722   -1   573   1
c  673   -1   773   1
c  673   -1   774   1
c  767   -1   816   1
c  767   -1   667   1
c  718   -1   818   1
c  718   -1   967   1
c  917   -1   868   1
c  917   -1   866   1
c  868   -1   820   1
c  868   -1   717   1
c  1061   -1   961   1
c  1061   -1   1110   1
c  1012   -1   1061   1
c  1060   -1   1063   1
c  1060   -1   1113   1
c  1014   -1   1063   1
c  1014   -1   1115   1
c  1062   -1   1011   1
c  1062   -1   1060   1
c  1113   -1   1164   1
c  1113   -1   1062   1
c  1064   -1   1164   1
c  1064   -1   1162   1
c  1016   -1   1067   1
c  1016   -1   1063   1
c  967   -1   969   1
c  967   -1   965   1
c  1017   -1   966   1
c  1017   -1   916   1
c  968   -1   917   1
c  968   -1   916   1
c  1065   -1   1116   1
c  1065   -1   1067   1
c  1116   -1   1167   1
c  1116   -1   1216   1
c  768   -1   819   1
c  768   -1   820   1
c  818   -1   767   1
c  818   -1   769   1
c  1104   -1   1053   1
c  1104   -1   1055   1
c  1153   -1   1202   1
c  1203   -1   1103   1
c  1203   -1   1152   1
c  1154   -1   1103   1
c  1154   -1   1156   1
c  1106   -1   1157   1
c  1106   -1   1055   1
c  1156   -1   1056   1
c  1157   -1   1155   1
c  1157   -1   1205   1
c  1207   -1   1156   1
c  1207   -1   1258   1
c  1059   -1   1159   1
c  1059   -1   1160   1
c  1158   -1   1207   1
c  1158   -1   1109   1
c  1109   -1   1060   1
c  1109   -1   1009   1
c  1205   -1   1105   1
c  1205   -1   1104   1
c  1256   -1   1307   1
c  1256   -1   1258   1
c  1155   -1   1206   1
c  1155   -1   1207   1
c  1258   -1   1309   1
c  1258   -1   1206   1
c  1105   -1   1154   1
c  1105   -1   1054   1
c  1204   -1   1255   1
c  1204   -1   1054   1
c  1202   -1   1151   1
c  1201   -1   1203   1
c  1201   -1   1152   1
c  1405   -1   1505   1
c  1405   -1   1152   1
c  1252   -1   1201   1
c  1252   -1   1303   1
c  175   -1   124   1
c  175   -1   73   1
c  125   -1   176   1
c  125   -1   174   1
c  225   -1   174   1
c  225   -1   276   1
c  26   -1   77   1
c  26   -1   126   1
c  76   -1   28   1
c  426   -1   374   1
c  376   -1   425   1
c  376   -1   327   1
c  624   -1   673   1
c  624   -1   725   1
c  719   -1   770   1
c  719   -1   768   1
c  769   -1   820   1
c  769   -1   767   1
c  476   -1   427   1
c  476   -1   377   1
c  527   -1   478   1
c  527   -1   578   1
c  528   -1   579   1
c  528   -1   626   1
c  578   -1   529   1
c  676   -1   577   1
c  627   -1   727   1
c  627   -1   676   1
c  674   -1   723   1
c  674   -1   625   1
c  477   -1   528   1
c  477   -1   426   1
c  675   -1   673   1
c  675   -1   724   1
c  725   -1   625   1
c  725   -1   727   1
c  727   -1   678   1
c  727   -1   729   1
c  678   -1   629   1
c  678   -1   627   1
c  726   -1   677   1
c  726   -1   826   1
c  728   -1   677   1
c  728   -1   676   1
c  327   -1   226   1
c  176   -1   225   1
c  176   -1   326   1
c  277   -1   328   1
c  226   -1   277   1
c  226   -1   177   1
c  127   -1   76   1
c  227   -1   278   1
c  227   -1   327   1
c  178   -1   127   1
c  178   -1   129   1
c  278   -1   177   1
c  128   -1   180   1
c  128   -1   131   1
c  77   -1   28   1
c  77   -1   128   1
c  771   -1   822   1
c  771   -1   871   1
c  770   -1   768   1
c  770   -1   721   1
c  821   -1   921   1
c  821   -1   770   1
c  772   -1   823   1
c  772   -1   873   1
c  820   -1   871   1
c  820   -1   720   1
c  723   -1   823   1
c  773   -1   822   1
c  773   -1   824   1
c  774   -1   823   1
c  774   -1   874   1
c  918   -1   1018   1
c  918   -1   1017   1
c  869   -1   920   1
c  869   -1   769   1
c  919   -1   868   1
c  919   -1   818   1
c  969   -1   971   1
c  969   -1   868   1
c  1111   -1   1162   1
c  1111   -1   1212   1
c  1112   -1   1061   1
c  1112   -1   1161   1
c  1110   -1   1161   1
c  1110   -1   1059   1
c  1115   -1   1166   1
c  1115   -1   1018   1
c  1163   -1   1112   1
c  1163   -1   1111   1
c  1114   -1   1163   1
c  1114   -1   1166   1
c  1164   -1   1166   1
c  1161   -1   1064   1
c  1162   -1   1211   1
c  1066   -1   1115   1
c  1066   -1   1167   1
c  1018   -1   1016   1
c  1018   -1   967   1
c  1067   -1   1018   1
c  1067   -1   1118   1
c  1166   -1   1215   1
c  1117   -1   1217   1
c  1117   -1   1068   1
c  1167   -1   1216   1
c  1167   -1   1266   1
c  1216   -1   1316   1
c  1216   -1   1267   1
c  819   -1   870   1
c  819   -1   921   1
c  1253   -1   1256   1
c  1253   -1   1205   1
c  1254   -1   1203   1
c  1254   -1   1252   1
c  1257   -1   1204   1
c  1257   -1   1203   1
c  1208   -1   1157   1
c  1208   -1   1156   1
c  1159   -1   1210   1
c  1159   -1   1259   1
c  1160   -1   1211   1
c  1160   -1   1209   1
c  1255   -1   1304   1
c  1306   -1   1357   1
c  1306   -1   1454   1
c  1307   -1   1258   1
c  1308   -1   1257   1
c  1308   -1   1359   1
c  1259   -1   1308   1
c  1259   -1   1307   1
c  1209   -1   1258   1
c  1209   -1   1257   1
c  1310   -1   1259   1
c  1310   -1   1258   1
c  1309   -1   1260   1
c  1309   -1   1409   1
c  1251   -1   1202   1
c  1251   -1   1302   1
c  1301   -1   1252   1
c  1301   -1   1202   1
c  1355   -1   1306   1
c  1355   -1   1404   1
c  1404   -1   1453   1
c  1404   -1   1505   1
c  1455   -1   1355   1
c  1455   -1   1354   1
c  1406   -1   1404   1
c  1406   -1   1508   1
c  1403   -1   1405   1
c  1354   -1   1405   1
c  1354   -1   1403   1
c  1505   -1   1552   1
c  1302   -1   1253   1
c  1303   -1   1403   1
c  1303   -1   1453   1
c  126   -1   175   1
c  126   -1   179   1
c  27   -1   76   1
c  27   -1   78   1
c  28   -1   26   1
c  28   -1   128   1
c  427   -1   376   1
c  427   -1   328   1
c  377   -1   328   1
c  377   -1   426   1
c  478   -1   529   1
c  478   -1   530   1
c  529   -1   629   1
c  529   -1   680   1
c  479   -1   528   1
c  479   -1   579   1
c  579   -1   628   1
c  628   -1   679   1
c  628   -1   728   1
c  629   -1   578   1
c  629   -1   680   1
c  724   -1   773   1
c  775   -1   824   1
c  775   -1   726   1
c  777   -1   728   1
c  777   -1   678   1
c  776   -1   727   1
c  776   -1   825   1
c  778   -1   829   1
c  778   -1   727   1
c  729   -1   829   1
c  729   -1   830   1
c  679   -1   681   1
c  730   -1   679   1
c  730   -1   678   1
c  826   -1   828   1
c  828   -1   728   1
c  828   -1   729   1
c  779   -1   679   1
c  779   -1   728   1
c  328   -1   279   1
c  279   -1   226   1
c  78   -1   127   1
c  78   -1   129   1
c  228   -1   279   1
c  179   -1   228   1
c  179   -1   230   1
c  129   -1   180   1
c  229   -1   278   1
c  229   -1   281   1
c  329   -1   380   1
c  329   -1   278   1
c  131   -1   231   1
c  131   -1   232   1
c  822   -1   873   1
c  871   -1   919   1
c  920   -1   871   1
c  920   -1   821   1
c  921   -1   972   1
c  921   -1   919   1
c  873   -1   921   1
c  870   -1   921   1
c  870   -1   970   1
c  824   -1   873   1
c  874   -1   925   1
c  874   -1   823   1
c  1019   -1   1068   1
c  1019   -1   1067   1
c  970   -1   972   1
c  970   -1   922   1
c  1023   -1   970   1
c  1023   -1   969   1
c  971   -1   1071   1
c  971   -1   1022   1
c  1212   -1   1161   1
c  1212   -1   1163   1
c  1210   -1   1110   1
c  1210   -1   1259   1
c  1165   -1   1114   1
c  1165   -1   1213   1
c  1213   -1   1211   1
c  1213   -1   1162   1
c  1214   -1   1216   1
c  1214   -1   1265   1
c  1211   -1   1260   1
c  1211   -1   1209   1
c  1069   -1   1067   1
c  1069   -1   1066   1
c  1068   -1   1119   1
c  1068   -1   1168   1
c  1118   -1   1069   1
c  1118   -1   1120   1
c  1217   -1   1268   1
c  1217   -1   1166   1
c  1168   -1   1166   1
c  1168   -1   1217   1
c  1215   -1   1266   1
c  1215   -1   1416   1
c  1169   -1   1167   1
c  1169   -1   1117   1
c  1218   -1   1167   1
c  1218   -1   1318   1
c  1266   -1   1264   1
c  1316   -1   1265   1
c  1316   -1   1168   1
c  1267   -1   1269   1
c  1267   -1   1369   1
c  1304   -1   1253   1
c  1304   -1   1453   1
c  1305   -1   1303   1
c  1305   -1   1254   1
c  1356   -1   1303   1
c  1356   -1   1403   1
c  1357   -1   1457   1
c  1454   -1   1403   1
c  1454   -1   1353   1
c  1358   -1   1307   1
c  1358   -1   1360   1
c  1359   -1   1310   1
c  1359   -1   1410   1
c  1260   -1   1262   1
c  1260   -1   1311   1
c  1360   -1   1409   1
c  1360   -1   1309   1
c  1311   -1   1362   1
c  1311   -1   1262   1
c  1410   -1   1310   1
c  1410   -1   1361   1
c  1361   -1   1310   1
c  1361   -1   1409   1
c  1409   -1   1509   1
c  1352   -1   1301   1
c  1352   -1   1251   1
c  1351   -1   1353   1
c  1351   -1   1354   1
c  1453   -1   1502   1
c  1453   -1   1504   1
c  1456   -1   1507   1
c  1456   -1   1357   1
c  1504   -1   1455   1
c  1504   -1   1555   1
c  1407   -1   1356   1
c  1407   -1   1456   1
c  1508   -1   1360   1
c  1353   -1   1304   1
c  1353   -1   1302   1
c  1402   -1   1351   1
c  1402   -1   1451   1
c  1502   -1   1403   1
c  1555   -1   1456   1
c  1506   -1   1555   1
c  1506   -1   1457   1
c  1503   -1   1505   1
c  1503   -1   1602   1
c  1552   -1   1452   1
c  1552   -1   1402   1
c  29   -1   80   1
c  29   -1   81   1
c  31   -1   130   1
c  31   -1   28   1
c  428   -1   430   1
c  378   -1   427   1
c  378   -1   429   1
c  480   -1   428   1
c  480   -1   427   1
c  379   -1   428   1
c  379   -1   478   1
c  530   -1   581   1
c  530   -1   631   1
c  580   -1   529   1
c  580   -1   631   1
c  533   -1   484   1
c  533   -1   529   1
c  680   -1   731   1
c  680   -1   729   1
c  429   -1   480   1
c  429   -1   431   1
c  430   -1   379   1
c  430   -1   479   1
c  481   -1   479   1
c  481   -1   429   1
c  631   -1   583   1
c  631   -1   479   1
c  630   -1   632   1
c  630   -1   582   1
c  825   -1   876   1
c  827   -1   876   1
c  827   -1   874   1
c  877   -1   928   1
c  877   -1   778   1
c  879   -1   881   1
c  879   -1   778   1
c  829   -1   880   1
c  830   -1   779   1
c  681   -1   683   1
c  780   -1   829   1
c  731   -1   780   1
c  731   -1   831   1
c  732   -1   632   1
c  732   -1   730   1
c  682   -1   731   1
c  682   -1   730   1
c  876   -1   925   1
c  878   -1   829   1
c  878   -1   830   1
c  781   -1   779   1
c  781   -1   830   1
c  280   -1   180   1
c  280   -1   229   1
c  330   -1   430   1
c  330   -1   279   1
c  79   -1   81   1
c  79   -1   131   1
c  181   -1   281   1
c  181   -1   179   1
c  231   -1   180   1
c  231   -1   179   1
c  230   -1   281   1
c  230   -1   330   1
c  130   -1   79   1
c  80   -1   129   1
c  281   -1   131   1
c  380   -1   431   1
c  81   -1   132   1
c  132   -1   183   1
c  132   -1   84   1
c  232   -1   132   1
c  232   -1   183   1
c  872   -1   923   1
c  872   -1   920   1
c  1021   -1   921   1
c  1021   -1   871   1
c  922   -1   873   1
c  922   -1   1072   1
c  972   -1   1021   1
c  972   -1   1072   1
c  875   -1   824   1
c  875   -1   823   1
c  923   -1   874   1
c  923   -1   974   1
c  924   -1   1024   1
c  924   -1   873   1
c  926   -1   877   1
c  926   -1   824   1
c  925   -1   923   1
c  1020   -1   1071   1
c  1020   -1   1121   1
c  1070   -1   1019   1
c  1070   -1   1118   1
c  973   -1   1022   1
c  973   -1   1024   1
c  1022   -1   1071   1
c  1022   -1   922   1
c  1073   -1   1124   1
c  1073   -1   1122   1
c  1024   -1   1073   1
c  1024   -1   925   1
c  1071   -1   1172   1
c  1071   -1   1173   1
c  1262   -1   1213   1
c  1262   -1   1314   1
c  1261   -1   1212   1
c  1261   -1   1263   1
c  1263   -1   1265   1
c  1263   -1   1314   1
c  1264   -1   1215   1
c  1264   -1   1313   1
c  1265   -1   1314   1
c  1265   -1   1416   1
c  1119   -1   1170   1
c  1119   -1   1071   1
c  1120   -1   1220   1
c  1120   -1   1219   1
c  1268   -1   1317   1
c  1269   -1   1218   1
c  1269   -1   1168   1
c  1416   -1   1367   1
c  1416   -1   1467   1
c  1219   -1   1268   1
c  1219   -1   1319   1
c  1170   -1   1172   1
c  1318   -1   1316   1
c  1315   -1   1266   1
c  1315   -1   1264   1
c  1366   -1   1417   1
c  1366   -1   1265   1
c  1317   -1   1366   1
c  1317   -1   1417   1
c  1367   -1   1316   1
c  1367   -1   1418   1
c  1369   -1   1420   1
c  1369   -1   1371   1
c  1457   -1   1557   1
c  1457   -1   1508   1
c  1408   -1   1457   1
c  1408   -1   1506   1
c  1411   -1   1360   1
c  1411   -1   1363   1
c  1312   -1   1261   1
c  1312   -1   1361   1
c  1362   -1   1411   1
c  1362   -1   1410   1
c  1460   -1   1411   1
c  1460   -1   1463   1
c  1412   -1   1361   1
c  1412   -1   1409   1
c  1459   -1   1408   1
c  1459   -1   1558   1
c  1401   -1   1452   1
c  1401   -1   1352   1
c  1452   -1   1351   1
c  1451   -1   1502   1
c  1451   -1   1453   1
c  1501   -1   1452   1
c  1501   -1   1453   1
c  1458   -1   1456   1
c  1458   -1   1509   1
c  1507   -1   1407   1
c  1554   -1   1603   1
c  1554   -1   1605   1
c  1553   -1   1504   1
c  1553   -1   1605   1
c  1558   -1   1509   1
c  1558   -1   1607   1
c  1559   -1   1508   1
c  1559   -1   1608   1
c  1602   -1   1502   1
c  1605   -1   1607   1
c  1556   -1   1607   1
c  1556   -1   1507   1
c  1604   -1   1555   1
c  1604   -1   1503   1
c  1557   -1   1606   1
c  1557   -1   1506   1
c  1551   -1   1651   1
c  1551   -1   1602   1
c  1601   -1   1552   1
c  1601   -1   1603   1
c  1651   -1   1602   1
c  1651   -1   1552   1
c  30   -1   79   1
c  30   -1   130   1
c  32   -1   34   1
c  32   -1   81   1
c  33   -1   82   1
c  33   -1   31   1
c  531   -1   582   1
c  482   -1   531   1
c  482   -1   530   1
c  581   -1   632   1
c  581   -1   532   1
c  483   -1   434   1
c  483   -1   384   1
c  532   -1   583   1
c  532   -1   632   1
c  583   -1   634   1
c  583   -1   585   1
c  534   -1   483   1
c  534   -1   485   1
c  582   -1   533   1
c  582   -1   483   1
c  633   -1   635   1
c  633   -1   533   1
c  484   -1   584   1
c  484   -1   383   1
c  431   -1   382   1
c  431   -1   482   1
c  432   -1   481   1
c  432   -1   381   1
c  632   -1   681   1
c  632   -1   583   1
c  927   -1   1027   1
c  927   -1   976   1
c  928   -1   979   1
c  929   -1   881   1
c  880   -1   882   1
c  880   -1   929   1
c  881   -1   883   1
c  881   -1   884   1
c  831   -1   782   1
c  831   -1   882   1
c  683   -1   734   1
c  683   -1   784   1
c  782   -1   733   1
c  782   -1   731   1
c  733   -1   684   1
c  733   -1   635   1
c  331   -1   282   1
c  331   -1   384   1
c  381   -1   330   1
c  381   -1   231   1
c  182   -1   133   1
c  182   -1   333   1
c  282   -1   333   1
c  282   -1   233   1
c  382   -1   331   1
c  382   -1   380   1
c  332   -1   381   1
c  332   -1   380   1
c  133   -1   84   1
c  133   -1   82   1
c  183   -1   32   1
c  183   -1   33   1
c  84   -1   82   1
c  84   -1   33   1
c  233   -1   133   1
c  233   -1   134   1
c  1072   -1   1121   1
c  1072   -1   1123   1
c  974   -1   1025   1
c  974   -1   1125   1
c  975   -1   926   1
c  975   -1   924   1
c  976   -1   925   1
c  1121   -1   1170   1
c  1121   -1   1119   1
c  1220   -1   1171   1
c  1220   -1   1070   1
c  1123   -1   1024   1
c  1074   -1   1123   1
c  1074   -1   1173   1
c  1124   -1   1122   1
c  1124   -1   1175   1
c  1122   -1   1173   1
c  1122   -1   1224   1
c  1025   -1   1027   1
c  1125   -1   1025   1
c  1125   -1   1024   1
c  1127   -1   1176   1
c  1127   -1   1024   1
c  1172   -1   1223   1
c  1172   -1   1272   1
c  1173   -1   975   1
c  1173   -1   976   1
c  1314   -1   1363   1
c  1314   -1   1413   1
c  1313   -1   1364   1
c  1313   -1   1365   1
c  1364   -1   1263   1
c  1319   -1   1270   1
c  1270   -1   1221   1
c  1270   -1   1272   1
c  1320   -1   1371   1
c  1320   -1   1269   1
c  1415   -1   1464   1
c  1415   -1   1366   1
c  1466   -1   1515   1
c  1466   -1   1517   1
c  1417   -1   1466   1
c  1417   -1   1464   1
c  1464   -1   1416   1
c  1467   -1   1516   1
c  1273   -1   1271   1
c  1273   -1   1219   1
c  1171   -1   1122   1
c  1171   -1   1072   1
c  1368   -1   1319   1
c  1368   -1   1419   1
c  1419   -1   1318   1
c  1365   -1   1363   1
c  1418   -1   1469   1
c  1418   -1   1470   1
c  1370   -1   1421   1
c  1370   -1   1470   1
c  1420   -1   1371   1
c  1420   -1   1372   1
c  1371   -1   1422   1
c  1371   -1   1322   1
c  1461   -1   1463   1
c  1461   -1   1412   1
c  1363   -1   1463   1
c  1363   -1   1412   1
c  1510   -1   1559   1
c  1510   -1   1461   1
c  1463   -1   1514   1
c  1463   -1   1512   1
c  1462   -1   1513   1
c  1462   -1   1563   1
c  1413   -1   1512   1
c  1413   -1   1562   1
c  1560   -1   1509   1
c  1512   -1   1510   1
c  1512   -1   1509   1
c  1655   -1   1707   1
c  1655   -1   1507   1
c  1603   -1   1654   1
c  1608   -1   1606   1
c  1608   -1   1659   1
c  1609   -1   1558   1
c  1609   -1   1607   1
c  1607   -1   1707   1
c  1607   -1   1708   1
c  1659   -1   1559   1
c  1659   -1   1759   1
c  1652   -1   1601   1
c  1652   -1   1603   1
c  1606   -1   1655   1
c  1606   -1   1654   1
c  1654   -1   1605   1
c  1701   -1   1703   1
c  1701   -1   1653   1
c  1751   -1   1651   1
c  1702   -1   1651   1
c  1702   -1   1751   1
c  34   -1   83   1
c  34   -1   82   1
c  83   -1   134   1
c  83   -1   234   1
c  433   -1   431   1
c  433   -1   381   1
c  434   -1   383   1
c  434   -1   332   1
c  384   -1   333   1
c  384   -1   335   1
c  584   -1   635   1
c  584   -1   636   1
c  585   -1   634   1
c  585   -1   536   1
c  535   -1   634   1
c  535   -1   684   1
c  486   -1   534   1
c  486   -1   434   1
c  485   -1   436   1
c  485   -1   437   1
c  635   -1   683   1
c  383   -1   385   1
c  383   -1   283   1
c  977   -1   1026   1
c  977   -1   1025   1
c  1027   -1   976   1
c  978   -1   1078   1
c  978   -1   1027   1
c  979   -1   1028   1
c  979   -1   1030   1
c  930   -1   981   1
c  930   -1   979   1
c  882   -1   933   1
c  882   -1   934   1
c  931   -1   1031   1
c  931   -1   1032   1
c  980   -1   931   1
c  980   -1   881   1
c  883   -1   932   1
c  884   -1   933   1
c  884   -1   983   1
c  832   -1   883   1
c  832   -1   884   1
c  684   -1   735   1
c  684   -1   686   1
c  734   -1   736   1
c  784   -1   735   1
c  784   -1   736   1
c  783   -1   883   1
c  783   -1   882   1
c  333   -1   382   1
c  333   -1   284   1
c  283   -1   234   1
c  283   -1   183   1
c  185   -1   136   1
c  185   -1   282   1
c  134   -1   85   1
c  134   -1   183   1
c  184   -1   135   1
c  184   -1   136   1
c  85   -1   34   1
c  36   -1   85   1
c  36   -1   84   1
c  234   -1   185   1
c  234   -1   286   1
c  284   -1   233   1
c  284   -1   335   1
c  1026   -1   1126   1
c  1026   -1   1075   1
c  1221   -1   1172   1
c  1221   -1   1223   1
c  1321   -1   1270   1
c  1321   -1   1220   1
c  1323   -1   1223   1
c  1323   -1   1220   1
c  1174   -1   1125   1
c  1174   -1   1123   1
c  1075   -1   1124   1
c  1075   -1   1126   1
c  1175   -1   1177   1
c  1175   -1   1227   1
c  1222   -1   1173   1
c  1222   -1   1122   1
c  1224   -1   1324   1
c  1224   -1   1275   1
c  1126   -1   1177   1
c  1126   -1   1077   1
c  1076   -1   1176   1
c  1076   -1   1125   1
c  1077   -1   1177   1
c  1077   -1   978   1
c  1177   -1   1128   1
c  1177   -1   1179   1
c  1128   -1   1179   1
c  1128   -1   1228   1
c  1223   -1   1274   1
c  1223   -1   1275   1
c  1272   -1   1324   1
c  1272   -1   1374   1
c  1414   -1   1365   1
c  1414   -1   1363   1
c  1271   -1   1322   1
c  1271   -1   1222   1
c  1465   -1   1516   1
c  1465   -1   1467   1
c  1514   -1   1465   1
c  1514   -1   1415   1
c  1516   -1   1565   1
c  1516   -1   1615   1
c  1518   -1   1467   1
c  1518   -1   1466   1
c  1515   -1   1518   1
c  1515   -1   1568   1
c  1517   -1   1568   1
c  1517   -1   1569   1
c  1468   -1   1517   1
c  1468   -1   1470   1
c  1567   -1   1565   1
c  1567   -1   1467   1
c  1619   -1   1719   1
c  1619   -1   1467   1
c  1274   -1   1272   1
c  1469   -1   1422   1
c  1469   -1   1522   1
c  1471   -1   1420   1
c  1471   -1   1419   1
c  1470   -1   1472   1
c  1470   -1   1522   1
c  1421   -1   1372   1
c  1372   -1   1323   1
c  1372   -1   1321   1
c  1422   -1   1471   1
c  1322   -1   1222   1
c  1322   -1   1221   1
c  1511   -1   1560   1
c  1511   -1   1614   1
c  1513   -1   1511   1
c  1513   -1   1461   1
c  1563   -1   1612   1
c  1563   -1   1662   1
c  1562   -1   1564   1
c  1562   -1   1565   1
c  1610   -1   1608   1
c  1610   -1   1659   1
c  1561   -1   1512   1
c  1561   -1   1563   1
c  1661   -1   1610   1
c  1661   -1   1560   1
c  1705   -1   1656   1
c  1705   -1   1754   1
c  1656   -1   1707   1
c  1656   -1   1757   1
c  1707   -1   1705   1
c  1707   -1   1755   1
c  1653   -1   1702   1
c  1653   -1   1753   1
c  1753   -1   1755   1
c  1753   -1   1603   1
c  1658   -1   1607   1
c  1658   -1   1709   1
c  1660   -1   1609   1
c  1660   -1   1760   1
c  1657   -1   1606   1
c  1657   -1   1706   1
c  1756   -1   1705   1
c  1756   -1   1607   1
c  1708   -1   1659   1
c  1708   -1   1759   1
c  1709   -1   1809   1
c  1762   -1   1660   1
c  1762   -1   1659   1
c  1759   -1   1859   1
c  1704   -1   1702   1
c  1704   -1   1701   1
c  1703   -1   1654   1
c  1703   -1   1752   1
c  1803   -1   1752   1
c  1803   -1   1654   1
c  1801   -1   1701   1
c  1801   -1   1753   1
c  1752   -1   1801   1
c  1752   -1   1701   1
c  1802   -1   1753   1
c  1802   -1   1751   1
c  35   -1   86   1
c  35   -1   37   1
c  435   -1   335   1
c  435   -1   334   1
c  334   -1   434   1
c  334   -1   383   1
c  285   -1   435   1
c  285   -1   434   1
c  386   -1   435   1
c  386   -1   434   1
c  437   -1   434   1
c  437   -1   539   1
c  385   -1   336   1
c  385   -1   286   1
c  335   -1   286   1
c  335   -1   235   1
c  636   -1   685   1
c  636   -1   634   1
c  586   -1   686   1
c  586   -1   687   1
c  536   -1   485   1
c  536   -1   636   1
c  436   -1   487   1
c  436   -1   387   1
c  487   -1   439   1
c  487   -1   489   1
c  439   -1   486   1
c  439   -1   638   1
c  685   -1   734   1
c  1078   -1   1027   1
c  1078   -1   977   1
c  1028   -1   1079   1
c  1028   -1   1031   1
c  1029   -1   1129   1
c  1029   -1   1130   1
c  1080   -1   1029   1
c  1080   -1   979   1
c  1030   -1   981   1
c  1030   -1   931   1
c  981   -1   932   1
c  932   -1   934   1
c  933   -1   984   1
c  934   -1   983   1
c  934   -1   982   1
c  1031   -1   1080   1
c  1031   -1   980   1
c  1032   -1   932   1
c  1032   -1   1182   1
c  833   -1   933   1
c  833   -1   784   1
c  834   -1   885   1
c  834   -1   886   1
c  885   -1   936   1
c  835   -1   884   1
c  835   -1   886   1
c  986   -1   885   1
c  986   -1   884   1
c  983   -1   932   1
c  735   -1   786   1
c  686   -1   735   1
c  686   -1   785   1
c  736   -1   738   1
c  736   -1   688   1
c  785   -1   885   1
c  785   -1   736   1
c  135   -1   235   1
c  135   -1   86   1
c  235   -1   184   1
c  235   -1   284   1
c  186   -1   237   1
c  186   -1   137   1
c  137   -1   86   1
c  137   -1   185   1
c  136   -1   187   1
c  136   -1   85   1
c  86   -1   38   1
c  37   -1   86   1
c  37   -1   85   1
c  286   -1   186   1
c  286   -1   187   1
c  336   -1   285   1
c  336   -1   284   1
c  1373   -1   1422   1
c  1373   -1   1424   1
c  1324   -1   1375   1
c  1324   -1   1275   1
c  1225   -1   1174   1
c  1225   -1   1276   1
c  1227   -1   1276   1
c  1227   -1   1174   1
c  1275   -1   1226   1
c  1275   -1   1326   1
c  1178   -1   1079   1
c  1179   -1   1078   1
c  1129   -1   1078   1
c  1129   -1   1178   1
c  1228   -1   1277   1
c  1228   -1   1028   1
c  1226   -1   1326   1
c  1226   -1   1325   1
c  1276   -1   1176   1
c  1374   -1   1376   1
c  1374   -1   1275   1
c  1564   -1   1613   1
c  1564   -1   1615   1
c  1566   -1   1615   1
c  1566   -1   1666   1
c  1565   -1   1616   1
c  1565   -1   1614   1
c  1615   -1   1666   1
c  1615   -1   1667   1
c  1568   -1   1619   1
c  1568   -1   1572   1
c  1519   -1   1568   1
c  1519   -1   1468   1
c  1617   -1   1517   1
c  1617   -1   1668   1
c  1569   -1   1671   1
c  1569   -1   1672   1
c  1667   -1   1567   1
c  1667   -1   1566   1
c  1618   -1   1667   1
c  1618   -1   1567   1
c  1669   -1   1769   1
c  1669   -1   1770   1
c  1620   -1   1520   1
c  1620   -1   1471   1
c  1719   -1   1770   1
c  1719   -1   1721   1
c  1522   -1   1471   1
c  1522   -1   1421   1
c  1521   -1   1570   1
c  1521   -1   1472   1
c  1472   -1   1421   1
c  1472   -1   1372   1
c  1520   -1   1571   1
c  1520   -1   1569   1
c  1423   -1   1472   1
c  1423   -1   1425   1
c  1614   -1   1563   1
c  1613   -1   1662   1
c  1613   -1   1664   1
c  1612   -1   1663   1
c  1612   -1   1661   1
c  1662   -1   1562   1
c  1611   -1   1662   1
c  1611   -1   1660   1
c  1711   -1   1762   1
c  1711   -1   1760   1
c  1710   -1   1759   1
c  1710   -1   1661   1
c  1755   -1   1704   1
c  1755   -1   1806   1
c  1706   -1   1755   1
c  1706   -1   1757   1
c  1908   -1   1857   1
c  1908   -1   1705   1
c  1754   -1   1703   1
c  1757   -1   1806   1
c  1757   -1   1859   1
c  1758   -1   1858   1
c  1758   -1   1707   1
c  1804   -1   1753   1
c  1804   -1   1855   1
c  1854   -1   1753   1
c  1854   -1   1801   1
c  1806   -1   1855   1
c  1807   -1   1758   1
c  1807   -1   1708   1
c  1809   -1   1807   1
c  1809   -1   1858   1
c  1712   -1   1808   1
c  1712   -1   1758   1
c  1761   -1   1812   1
c  1761   -1   1710   1
c  1812   -1   1711   1
c  1763   -1   1714   1
c  1763   -1   1712   1
c  1713   -1   1762   1
c  1713   -1   1664   1
c  1813   -1   1762   1
c  1813   -1   1711   1
c  1808   -1   1857   1
c  1808   -1   1759   1
c  1859   -1   1908   1
c  1859   -1   1910   1
c  1853   -1   1802   1
c  1853   -1   1902   1
c  1852   -1   1801   1
c  1852   -1   1803   1
c  1805   -1   1803   1
c  1805   -1   1807   1
c  1851   -1   1853   1
c  1851   -1   1902   1
c  236   -1   285   1
c  236   -1   336   1
c  287   -1   285   1
c  287   -1   235   1
c  387   -1   338   1
c  387   -1   385   1
c  438   -1   389   1
c  438   -1   387   1
c  488   -1   437   1
c  488   -1   387   1
c  539   -1   588   1
c  539   -1   590   1
c  337   -1   335   1
c  637   -1   588   1
c  637   -1   589   1
c  587   -1   636   1
c  587   -1   536   1
c  537   -1   488   1
c  537   -1   586   1
c  687   -1   738   1
c  687   -1   788   1
c  489   -1   441   1
c  489   -1   392   1
c  389   -1   440   1
c  389   -1   338   1
c  440   -1   442   1
c  440   -1   443   1
c  638   -1   689   1
c  638   -1   539   1
c  1079   -1   1130   1
c  1130   -1   1081   1
c  1130   -1   1082   1
c  1081   -1   1030   1
c  1081   -1   1079   1
c  1131   -1   1180   1
c  1131   -1   1080   1
c  982   -1   1033   1
c  982   -1   985   1
c  1033   -1   933   1
c  984   -1   1035   1
c  935   -1   984   1
c  935   -1   1034   1
c  1082   -1   1133   1
c  1082   -1   983   1
c  1083   -1   983   1
c  1083   -1   1032   1
c  1182   -1   1231   1
c  1182   -1   1233   1
c  886   -1   937   1
c  886   -1   1036   1
c  936   -1   938   1
c  936   -1   985   1
c  836   -1   785   1
c  836   -1   887   1
c  985   -1   987   1
c  985   -1   988   1
c  1036   -1   1034   1
c  1036   -1   1033   1
c  987   -1   989   1
c  987   -1   938   1
c  1086   -1   986   1
c  1086   -1   989   1
c  1034   -1   983   1
c  1034   -1   1083   1
c  737   -1   786   1
c  737   -1   735   1
c  786   -1   789   1
c  786   -1   739   1
c  738   -1   787   1
c  688   -1   739   1
c  688   -1   789   1
c  187   -1   138   1
c  187   -1   236   1
c  237   -1   188   1
c  237   -1   189   1
c  87   -1   139   1
c  87   -1   189   1
c  138   -1   87   1
c  138   -1   238   1
c  88   -1   37   1
c  88   -1   137   1
c  188   -1   137   1
c  188   -1   139   1
c  38   -1   89   1
c  38   -1   136   1
c  189   -1   238   1
c  189   -1   37   1
c  1424   -1   1426   1
c  1424   -1   1475   1
c  1325   -1   1277   1
c  1325   -1   1426   1
c  1375   -1   1424   1
c  1375   -1   1426   1
c  1277   -1   1328   1
c  1326   -1   1328   1
c  1326   -1   1277   1
c  1229   -1   1129   1
c  1229   -1   1178   1
c  1180   -1   1231   1
c  1180   -1   1178   1
c  1278   -1   1229   1
c  1278   -1   1230   1
c  1279   -1   1228   1
c  1279   -1   1082   1
c  1474   -1   1423   1
c  1474   -1   1374   1
c  1425   -1   1374   1
c  1377   -1   1375   1
c  1377   -1   1374   1
c  1376   -1   1427   1
c  1376   -1   1425   1
c  1616   -1   1614   1
c  1666   -1   1613   1
c  1665   -1   1765   1
c  1665   -1   1768   1
c  1572   -1   1621   1
c  1572   -1   1423   1
c  1668   -1   1666   1
c  1668   -1   1665   1
c  1570   -1   1621   1
c  1570   -1   1622   1
c  1671   -1   1622   1
c  1671   -1   1620   1
c  1672   -1   1721   1
c  1672   -1   1623   1
c  1717   -1   1666   1
c  1717   -1   1766   1
c  1716   -1   1718   1
c  1716   -1   1667   1
c  1766   -1   1667   1
c  1718   -1   1667   1
c  1718   -1   1670   1
c  1670   -1   1770   1
c  1670   -1   1869   1
c  1820   -1   1769   1
c  1820   -1   1669   1
c  1769   -1   1818   1
c  1769   -1   1668   1
c  1770   -1   1819   1
c  1770   -1   1721   1
c  1621   -1   1623   1
c  1621   -1   1573   1
c  1571   -1   1620   1
c  1571   -1   1670   1
c  1720   -1   1769   1
c  1720   -1   1771   1
c  1768   -1   1770   1
c  1768   -1   1719   1
c  1721   -1   1670   1
c  1721   -1   1570   1
c  1523   -1   1525   1
c  1523   -1   1575   1
c  1573   -1   1524   1
c  1573   -1   1522   1
c  1473   -1   1475   1
c  1473   -1   1425   1
c  1664   -1   1662   1
c  1663   -1   1665   1
c  1663   -1   1714   1
c  1855   -1   1755   1
c  1858   -1   1907   1
c  1858   -1   1903   1
c  1907   -1   1958   1
c  1907   -1   2007   1
c  1958   -1   2007   1
c  1958   -1   2108   1
c  1909   -1   1860   1
c  1909   -1   1958   1
c  1857   -1   1757   1
c  1904   -1   2004   1
c  1904   -1   1853   1
c  1810   -1   1861   1
c  1810   -1   1859   1
c  1811   -1   1760   1
c  1811   -1   1862   1
c  1856   -1   1956   1
c  1856   -1   1907   1
c  1862   -1   1813   1
c  1862   -1   1859   1
c  1863   -1   1812   1
c  1863   -1   1912   1
c  1814   -1   1816   1
c  1814   -1   1812   1
c  1764   -1   1815   1
c  1764   -1   1864   1
c  1714   -1   1716   1
c  1714   -1   1766   1
c  1860   -1   1911   1
c  1860   -1   1960   1
c  1861   -1   1859   1
c  1861   -1   1960   1
c  1910   -1   1912   1
c  1910   -1   1961   1
c  1903   -1   1952   1
c  1903   -1   1901   1
c  2053   -1   2004   1
c  2053   -1   1853   1
c  1902   -1   1953   1
c  1902   -1   2003   1
c  1901   -1   1852   1
c  1901   -1   1952   1
c  2007   -1   2059   1
c  2007   -1   1805   1
c  288   -1   337   1
c  288   -1   387   1
c  338   -1   287   1
c  338   -1   237   1
c  388   -1   337   1
c  388   -1   390   1
c  538   -1   589   1
c  538   -1   590   1
c  390   -1   489   1
c  390   -1   488   1
c  589   -1   638   1
c  540   -1   489   1
c  540   -1   587   1
c  588   -1   639   1
c  590   -1   541   1
c  590   -1   542   1
c  639   -1   637   1
c  639   -1   688   1
c  787   -1   687   1
c  788   -1   737   1
c  788   -1   689   1
c  490   -1   541   1
c  490   -1   493   1
c  441   -1   392   1
c  441   -1   591   1
c  392   -1   394   1
c  392   -1   444   1
c  339   -1   390   1
c  339   -1   290   1
c  442   -1   592   1
c  442   -1   591   1
c  443   -1   392   1
c  443   -1   445   1
c  689   -1   738   1
c  689   -1   589   1
c  1181   -1   1132   1
c  1181   -1   1081   1
c  1132   -1   1232   1
c  1132   -1   1233   1
c  1184   -1   1131   1
c  1035   -1   1186   1
c  1035   -1   1185   1
c  938   -1   935   1
c  1133   -1   1184   1
c  1133   -1   1182   1
c  1084   -1   1184   1
c  1084   -1   1086   1
c  1232   -1   1181   1
c  1232   -1   1180   1
c  1183   -1   1234   1
c  1183   -1   1180   1
c  1282   -1   1284   1
c  1282   -1   1182   1
c  1231   -1   1283   1
c  1233   -1   1284   1
c  887   -1   936   1
c  887   -1   988   1
c  837   -1   886   1
c  837   -1   788   1
c  937   -1   988   1
c  937   -1   989   1
c  840   -1   838   1
c  840   -1   836   1
c  1037   -1   1088   1
c  1037   -1   985   1
c  988   -1   1037   1
c  1085   -1   1036   1
c  1085   -1   1185   1
c  1087   -1   987   1
c  1087   -1   1085   1
c  1038   -1   987   1
c  1038   -1   1087   1
c  1136   -1   1037   1
c  1136   -1   987   1
c  989   -1   938   1
c  989   -1   1038   1
c  1135   -1   1084   1
c  1135   -1   1034   1
c  789   -1   740   1
c  789   -1   840   1
c  739   -1   790   1
c  238   -1   240   1
c  238   -1   291   1
c  139   -1   90   1
c  139   -1   190   1
c  89   -1   138   1
c  89   -1   188   1
c  39   -1   90   1
c  39   -1   143   1
c  239   -1   288   1
c  239   -1   340   1
c  190   -1   241   1
c  40   -1   89   1
c  40   -1   189   1
c  240   -1   189   1
c  240   -1   191   1
c  141   -1   190   1
c  141   -1   189   1
c  1426   -1   1477   1
c  1426   -1   1527   1
c  1475   -1   1526   1
c  1327   -1   1378   1
c  1327   -1   1278   1
c  1328   -1   1279   1
c  1328   -1   1479   1
c  1378   -1   1326   1
c  1230   -1   1181   1
c  1230   -1   1282   1
c  1329   -1   1229   1
c  1329   -1   1378   1
c  1280   -1   1329   1
c  1280   -1   1282   1
c  1524   -1   1473   1
c  1524   -1   1576   1
c  1427   -1   1527   1
c  1427   -1   1476   1
c  1476   -1   1377   1
c  1428   -1   1377   1
c  1428   -1   1376   1
c  1429   -1   1478   1
c  1429   -1   1377   1
c  1715   -1   1766   1
c  1715   -1   1815   1
c  1765   -1   1716   1
c  1765   -1   1714   1
c  1622   -1   1624   1
c  1622   -1   1673   1
c  1623   -1   1572   1
c  1623   -1   1723   1
c  1722   -1   1673   1
c  1722   -1   1823   1
c  1673   -1   1675   1
c  1673   -1   1676   1
c  1723   -1   1772   1
c  1723   -1   1672   1
c  1767   -1   1716   1
c  1767   -1   1718   1
c  1816   -1   1867   1
c  1816   -1   1865   1
c  1815   -1   1866   1
c  1815   -1   1766   1
c  1869   -1   1918   1
c  1869   -1   1920   1
c  1819   -1   1868   1
c  1819   -1   1867   1
c  1870   -1   1819   1
c  1870   -1   1818   1
c  1821   -1   1869   1
c  1821   -1   1920   1
c  1771   -1   1820   1
c  1771   -1   1871   1
c  1920   -1   1922   1
c  1920   -1   1820   1
c  1818   -1   1867   1
c  1818   -1   1767   1
c  1772   -1   1770   1
c  1772   -1   1823   1
c  1822   -1   1721   1
c  1822   -1   1720   1
c  1817   -1   1866   1
c  1817   -1   1768   1
c  1525   -1   1574   1
c  1575   -1   1577   1
c  1575   -1   1573   1
c  1574   -1   1475   1
c  1624   -1   1573   1
c  1624   -1   1673   1
c  1905   -1   1956   1
c  1905   -1   2006   1
c  1906   -1   1955   1
c  1906   -1   1855   1
c  1957   -1   1906   1
c  1957   -1   2006   1
c  1956   -1   1907   1
c  1956   -1   2055   1
c  2008   -1   2108   1
c  2008   -1   2059   1
c  1959   -1   2008   1
c  1959   -1   2159   1
c  2108   -1   2106   1
c  2108   -1   2157   1
c  2009   -1   1909   1
c  2009   -1   2060   1
c  1960   -1   1909   1
c  1954   -1   1902   1
c  1954   -1   1951   1
c  1953   -1   1904   1
c  1953   -1   1955   1
c  1955   -1   1904   1
c  2004   -1   1953   1
c  2004   -1   1903   1
c  1912   -1   1861   1
c  1913   -1   1962   1
c  1913   -1   1915   1
c  1864   -1   1913   1
c  1864   -1   1964   1
c  1914   -1   1865   1
c  1914   -1   1863   1
c  1865   -1   1863   1
c  1911   -1   1960   1
c  1911   -1   2011   1
c  1961   -1   2012   1
c  1961   -1   1912   1
c  2003   -1   1903   1
c  2003   -1   1954   1
c  2001   -1   1902   1
c  2001   -1   1903   1
c  1952   -1   2001   1
c  1952   -1   2051   1
c  2052   -1   2101   1
c  2052   -1   2001   1
c  2103   -1   2052   1
c  2103   -1   2154   1
c  2054   -1   2056   1
c  2054   -1   2154   1
c  1951   -1   2002   1
c  1951   -1   2003   1
c  2006   -1   2055   1
c  2057   -1   2059   1
c  2057   -1   2108   1
c  2059   -1   2110   1
c  2059   -1   2160   1
c  289   -1   340   1
c  289   -1   238   1
c  340   -1   288   1
c  391   -1   442   1
c  391   -1   492   1
c  541   -1   592   1
c  541   -1   543   1
c  640   -1   591   1
c  640   -1   541   1
c  591   -1   642   1
c  591   -1   643   1
c  542   -1   640   1
c  838   -1   739   1
c  838   -1   690   1
c  888   -1   788   1
c  888   -1   939   1
c  491   -1   493   1
c  491   -1   542   1
c  493   -1   393   1
c  493   -1   542   1
c  492   -1   543   1
c  492   -1   441   1
c  342   -1   391   1
c  342   -1   291   1
c  393   -1   442   1
c  393   -1   444   1
c  394   -1   345   1
c  394   -1   294   1
c  444   -1   442   1
c  444   -1   492   1
c  290   -1   239   1
c  290   -1   242   1
c  544   -1   492   1
c  544   -1   442   1
c  592   -1   641   1
c  592   -1   643   1
c  495   -1   546   1
c  495   -1   443   1
c  445   -1   394   1
c  445   -1   347   1
c  690   -1   741   1
c  690   -1   692   1
c  691   -1   640   1
c  691   -1   689   1
c  1134   -1   1183   1
c  1134   -1   1233   1
c  1234   -1   1283   1
c  1185   -1   1133   1
c  1137   -1   1185   1
c  1137   -1   1184   1
c  1188   -1   1184   1
c  1186   -1   1135   1
c  1186   -1   1188   1
c  939   -1   1039   1
c  1333   -1   1282   1
c  1333   -1   1232   1
c  1284   -1   1232   1
c  1281   -1   1330   1
c  1281   -1   1430   1
c  1332   -1   1381   1
c  1332   -1   1330   1
c  1283   -1   1285   1
c  1283   -1   1235   1
c  1330   -1   1282   1
c  790   -1   890   1
c  790   -1   742   1
c  839   -1   888   1
c  839   -1   939   1
c  890   -1   939   1
c  890   -1   888   1
c  841   -1   790   1
c  841   -1   890   1
c  791   -1   840   1
c  792   -1   790   1
c  792   -1   840   1
c  1088   -1   1137   1
c  1088   -1   1136   1
c  1039   -1   1090   1
c  1039   -1   1041   1
c  1089   -1   1138   1
c  1089   -1   1038   1
c  1235   -1   1186   1
c  1235   -1   1136   1
c  990   -1   1041   1
c  990   -1   1089   1
c  889   -1   940   1
c  889   -1   989   1
c  740   -1   791   1
c  740   -1   691   1
c  291   -1   340   1
c  291   -1   289   1
c  140   -1   91   1
c  140   -1   89   1
c  193   -1   191   1
c  193   -1   139   1
c  90   -1   141   1
c  90   -1   142   1
c  143   -1   192   1
c  143   -1   96   1
c  191   -1   242   1
c  191   -1   292   1
c  241   -1   243   1
c  241   -1   192   1
c  41   -1   90   1
c  41   -1   141   1
c  91   -1   42   1
c  142   -1   193   1
c  142   -1   42   1
c  42   -1   93   1
c  42   -1   141   1
c  192   -1   141   1
c  1526   -1   1575   1
c  1526   -1   1426   1
c  1477   -1   1475   1
c  1477   -1   1479   1
c  1527   -1   1478   1
c  1527   -1   1578   1
c  1479   -1   1579   1
c  1479   -1   1578   1
c  1379   -1   1330   1
c  1379   -1   1280   1
c  1478   -1   1378   1
c  1478   -1   1383   1
c  1576   -1   1627   1
c  1576   -1   1574   1
c  1381   -1   1432   1
c  1381   -1   1428   1
c  1430   -1   1330   1
c  1430   -1   1482   1
c  1380   -1   1480   1
c  1380   -1   1429   1
c  1823   -1   1922   1
c  1674   -1   1725   1
c  1674   -1   1726   1
c  1675   -1   1626   1
c  1675   -1   1677   1
c  1676   -1   1674   1
c  1676   -1   1627   1
c  1773   -1   1825   1
c  1773   -1   1775   1
c  1724   -1   1624   1
c  1724   -1   1625   1
c  1866   -1   1917   1
c  1866   -1   1915   1
c  1868   -1   1917   1
c  1868   -1   1816   1
c  1867   -1   1916   1
c  1867   -1   1915   1
c  1919   -1   1921   1
c  1919   -1   1970   1
c  1969   -1   1869   1
c  1969   -1   1920   1
c  1918   -1   1967   1
c  1918   -1   1817   1
c  1871   -1   1873   1
c  1871   -1   1971   1
c  1921   -1   1872   1
c  1921   -1   1821   1
c  1872   -1   1821   1
c  1872   -1   1771   1
c  1970   -1   2019   1
c  1970   -1   1921   1
c  1971   -1   1920   1
c  1971   -1   1919   1
c  1922   -1   1822   1
c  1922   -1   1871   1
c  1625   -1   1725   1
c  1625   -1   1525   1
c  1577   -1   1628   1
c  2005   -1   1905   1
c  2005   -1   2054   1
c  2055   -1   2104   1
c  2055   -1   2102   1
c  2058   -1   2056   1
c  2058   -1   2055   1
c  2159   -1   2157   1
c  2159   -1   2207   1
c  2107   -1   2156   1
c  2107   -1   2155   1
c  2158   -1   2160   1
c  2158   -1   2310   1
c  2109   -1   2058   1
c  2109   -1   2009   1
c  2106   -1   2104   1
c  2106   -1   2155   1
c  2157   -1   2304   1
c  2010   -1   1961   1
c  2010   -1   1962   1
c  2012   -1   2009   1
c  2060   -1   2111   1
c  2056   -1   2004   1
c  1962   -1   1911   1
c  1962   -1   2013   1
c  1963   -1   2014   1
c  1963   -1   2064   1
c  1915   -1   2015   1
c  1964   -1   2015   1
c  1964   -1   2065   1
c  1965   -1   1914   1
c  1965   -1   1916   1
c  2011   -1   1962   1
c  2011   -1   2013   1
c  2002   -1   2051   1
c  2002   -1   2101   1
c  2051   -1   2151   1
c  2051   -1   2103   1
c  2102   -1   2051   1
c  2102   -1   2002   1
c  2101   -1   2103   1
c  2153   -1   2202   1
c  2104   -1   2153   1
c  2104   -1   2155   1
c  2152   -1   2103   1
c  2152   -1   2101   1
c  2154   -1   2152   1
c  2154   -1   2203   1
c  2110   -1   2209   1
c  2110   -1   2256   1
c  2160   -1   2109   1
c  2160   -1   2107   1
c  341   -1   293   1
c  643   -1   391   1
c  543   -1   491   1
c  641   -1   643   1
c  641   -1   693   1
c  593   -1   591   1
c  593   -1   642   1
c  692   -1   643   1
c  692   -1   591   1
c  642   -1   693   1
c  642   -1   743   1
c  494   -1   543   1
c  494   -1   445   1
c  292   -1   290   1
c  292   -1   341   1
c  343   -1   243   1
c  343   -1   345   1
c  344   -1   295   1
c  344   -1   393   1
c  395   -1   444   1
c  395   -1   446   1
c  396   -1   394   1
c  396   -1   494   1
c  345   -1   347   1
c  345   -1   447   1
c  294   -1   343   1
c  294   -1   347   1
c  545   -1   494   1
c  545   -1   444   1
c  242   -1   193   1
c  242   -1   244   1
c  594   -1   592   1
c  594   -1   543   1
c  496   -1   547   1
c  546   -1   597   1
c  546   -1   647   1
c  446   -1   345   1
c  347   -1   447   1
c  347   -1   446   1
c  741   -1   641   1
c  741   -1   642   1
c  694   -1   594   1
c  694   -1   691   1
c  1285   -1   1185   1
c  1285   -1   1336   1
c  1187   -1   1238   1
c  1187   -1   1285   1
c  1138   -1   1039   1
c  1238   -1   1236   1
c  1238   -1   1186   1
c  1189   -1   1138   1
c  1189   -1   1187   1
c  1140   -1   1189   1
c  1140   -1   1188   1
c  1236   -1   1337   1
c  1236   -1   1339   1
c  940   -1   891   1
c  1383   -1   1332   1
c  1383   -1   1334   1
c  1334   -1   1283   1
c  1334   -1   1332   1
c  1385   -1   1334   1
c  1385   -1   1333   1
c  1384   -1   1284   1
c  1384   -1   1433   1
c  1331   -1   1382   1
c  1331   -1   1379   1
c  1382   -1   1431   1
c  1382   -1   1433   1
c  1432   -1   1330   1
c  742   -1   644   1
c  742   -1   696   1
c  891   -1   942   1
c  891   -1   943   1
c  842   -1   893   1
c  842   -1   944   1
c  892   -1   841   1
c  892   -1   992   1
c  793   -1   693   1
c  793   -1   844   1
c  1040   -1   1091   1
c  1040   -1   940   1
c  1090   -1   1139   1
c  1041   -1   942   1
c  1139   -1   1238   1
c  991   -1   1040   1
c  991   -1   891   1
c  941   -1   990   1
c  941   -1   992   1
c  992   -1   990   1
c  992   -1   1041   1
c  243   -1   294   1
c  243   -1   295   1
c  194   -1   243   1
c  194   -1   197   1
c  195   -1   193   1
c  195   -1   243   1
c  146   -1   144   1
c  146   -1   193   1
c  93   -1   144   1
c  93   -1   44   1
c  144   -1   195   1
c  144   -1   196   1
c  96   -1   145   1
c  96   -1   196   1
c  92   -1   41   1
c  43   -1   92   1
c  43   -1   91   1
c  1528   -1   1577   1
c  1528   -1   1477   1
c  1627   -1   1527   1
c  1627   -1   1678   1
c  1578   -1   1529   1
c  1578   -1   1678   1
c  1529   -1   1480   1
c  1529   -1   1481   1
c  1480   -1   1482   1
c  1480   -1   1432   1
c  1579   -1   1630   1
c  1579   -1   1581   1
c  1626   -1   1628   1
c  1626   -1   1577   1
c  1431   -1   1531   1
c  1482   -1   1582   1
c  1482   -1   1581   1
c  1873   -1   1924   1
c  1873   -1   1925   1
c  1824   -1   1875   1
c  1824   -1   1826   1
c  1775   -1   1824   1
c  1775   -1   1823   1
c  1725   -1   1774   1
c  1725   -1   1676   1
c  1726   -1   1724   1
c  1677   -1   1728   1
c  1727   -1   1676   1
c  1727   -1   1678   1
c  1774   -1   1825   1
c  1825   -1   1874   1
c  1916   -1   1967   1
c  1916   -1   1968   1
c  1917   -1   1919   1
c  1968   -1   2068   1
c  1968   -1   2019   1
c  2019   -1   1918   1
c  2018   -1   1969   1
c  2018   -1   2020   1
c  1967   -1   2019   1
c  1972   -1   2021   1
c  1972   -1   1921   1
c  2070   -1   1970   1
c  2070   -1   1921   1
c  1924   -1   1872   1
c  2020   -1   2022   1
c  2020   -1   1972   1
c  2120   -1   2020   1
c  2120   -1   1970   1
c  2021   -1   2023   1
c  2021   -1   2024   1
c  1973   -1   1971   1
c  1973   -1   2021   1
c  1923   -1   1974   1
c  1923   -1   1877   1
c  2022   -1   2073   1
c  2022   -1   1922   1
c  1628   -1   1679   1
c  1628   -1   1729   1
c  2105   -1   2156   1
c  2105   -1   2153   1
c  2155   -1   2055   1
c  2155   -1   2252   1
c  2209   -1   2260   1
c  2209   -1   2207   1
c  2207   -1   2158   1
c  2207   -1   2107   1
c  2156   -1   2056   1
c  2208   -1   2157   1
c  2208   -1   2308   1
c  2206   -1   2157   1
c  2206   -1   2158   1
c  2310   -1   2359   1
c  2310   -1   2409   1
c  2111   -1   2160   1
c  2111   -1   2109   1
c  2304   -1   2353   1
c  2304   -1   2255   1
c  2062   -1   2111   1
c  2062   -1   2013   1
c  2013   -1   2112   1
c  2013   -1   2162   1
c  2064   -1   2013   1
c  2064   -1   2012   1
c  2061   -1   2112   1
c  2061   -1   2110   1
c  2063   -1   1962   1
c  2063   -1   2115   1
c  2014   -1   2164   1
c  2015   -1   1966   1
c  2015   -1   2064   1
c  2065   -1   2116   1
c  2065   -1   2166   1
c  1966   -1   2066   1
c  1966   -1   1968   1
c  2066   -1   2015   1
c  2066   -1   1965   1
c  2151   -1   2102   1
c  2151   -1   2153   1
c  2203   -1   2152   1
c  2203   -1   2151   1
c  2202   -1   2251   1
c  2202   -1   2151   1
c  2252   -1   2152   1
c  2252   -1   2301   1
c  2204   -1   2253   1
c  2204   -1   2152   1
c  2305   -1   2202   1
c  2305   -1   2152   1
c  2205   -1   2254   1
c  2205   -1   2154   1
c  2256   -1   2207   1
c  2256   -1   2156   1
c  2210   -1   2308   1
c  2210   -1   2355   1
c  2161   -1   2212   1
c  2161   -1   2261   1
c  2211   -1   2160   1
c  2211   -1   2262   1
c  293   -1   344   1
c  693   -1   644   1
c  644   -1   646   1
c  644   -1   695   1
c  743   -1   741   1
c  743   -1   694   1
c  295   -1   195   1
c  295   -1   346   1
c  346   -1   348   1
c  397   -1   348   1
c  397   -1   346   1
c  447   -1   396   1
c  447   -1   496   1
c  244   -1   195   1
c  244   -1   293   1
c  595   -1   744   1
c  595   -1   796   1
c  597   -1   646   1
c  597   -1   594   1
c  497   -1   546   1
c  497   -1   448   1
c  548   -1   496   1
c  548   -1   447   1
c  547   -1   598   1
c  547   -1   599   1
c  596   -1   696   1
c  596   -1   547   1
c  498   -1   547   1
c  498   -1   546   1
c  748   -1   547   1
c  748   -1   546   1
c  647   -1   698   1
c  647   -1   649   1
c  297   -1   348   1
c  348   -1   247   1
c  348   -1   197   1
c  744   -1   795   1
c  744   -1   845   1
c  695   -1   595   1
c  695   -1   596   1
c  794   -1   694   1
c  794   -1   743   1
c  1335   -1   1386   1
c  1335   -1   1435   1
c  1286   -1   1335   1
c  1286   -1   1387   1
c  1336   -1   1287   1
c  1336   -1   1237   1
c  1237   -1   1239   1
c  1237   -1   1289   1
c  1288   -1   1237   1
c  1288   -1   1239   1
c  1239   -1   1290   1
c  1239   -1   1190   1
c  1190   -1   1192   1
c  1190   -1   1142   1
c  1141   -1   1241   1
c  1141   -1   1192   1
c  1240   -1   1140   1
c  1240   -1   1141   1
c  1142   -1   1140   1
c  1142   -1   1091   1
c  1287   -1   1236   1
c  1287   -1   1435   1
c  1289   -1   1287   1
c  1289   -1   1236   1
c  1337   -1   1288   1
c  1337   -1   1385   1
c  1339   -1   1288   1
c  1339   -1   1239   1
c  1433   -1   1435   1
c  1433   -1   1385   1
c  1435   -1   1483   1
c  1435   -1   1383   1
c  1386   -1   1337   1
c  1386   -1   1438   1
c  1434   -1   1483   1
c  1434   -1   1534   1
c  1530   -1   1481   1
c  1530   -1   1382   1
c  1481   -1   1432   1
c  1481   -1   1483   1
c  1483   -1   1432   1
c  696   -1   745   1
c  696   -1   598   1
c  993   -1   944   1
c  993   -1   891   1
c  942   -1   993   1
c  942   -1   1043   1
c  943   -1   894   1
c  943   -1   844   1
c  843   -1   794   1
c  843   -1   845   1
c  893   -1   844   1
c  893   -1   845   1
c  944   -1   893   1
c  944   -1   895   1
c  844   -1   995   1
c  1091   -1   1042   1
c  1091   -1   1139   1
c  1042   -1   1093   1
c  1042   -1   1141   1
c  245   -1   243   1
c  245   -1   145   1
c  94   -1   194   1
c  94   -1   145   1
c  247   -1   296   1
c  247   -1   194   1
c  197   -1   246   1
c  197   -1   146   1
c  145   -1   196   1
c  196   -1   296   1
c  196   -1   245   1
c  95   -1   146   1
c  95   -1   195   1
c  296   -1   195   1
c  147   -1   47   1
c  147   -1   98   1
c  45   -1   145   1
c  45   -1   146   1
c  44   -1   95   1
c  44   -1   96   1
c  46   -1   97   1
c  46   -1   95   1
c  97   -1   148   1
c  47   -1   96   1
c  47   -1   99   1
c  98   -1   96   1
c  98   -1   49   1
c  1629   -1   1678   1
c  1629   -1   1728   1
c  1580   -1   1531   1
c  1580   -1   1680   1
c  1630   -1   1681   1
c  1581   -1   1530   1
c  1581   -1   1532   1
c  1531   -1   1533   1
c  1531   -1   1482   1
c  1532   -1   1632   1
c  1532   -1   1583   1
c  1533   -1   1482   1
c  1582   -1   1531   1
c  1582   -1   1481   1
c  1874   -1   1876   1
c  1874   -1   1925   1
c  1875   -1   1873   1
c  1875   -1   1975   1
c  1925   -1   2025   1
c  1925   -1   1974   1
c  1826   -1   1775   1
c  1826   -1   1777   1
c  1776   -1   1825   1
c  1776   -1   1875   1
c  1777   -1   1728   1
c  1777   -1   1726   1
c  1729   -1   1778   1
c  1729   -1   1726   1
c  1926   -1   1977   1
c  1926   -1   1726   1
c  1679   -1   1730   1
c  1679   -1   1677   1
c  1728   -1   1779   1
c  1728   -1   1830   1
c  1876   -1   1825   1
c  1876   -1   1827   1
c  1827   -1   1825   1
c  1827   -1   1778   1
c  2068   -1   2168   1
c  2068   -1   2070   1
c  2069   -1   2120   1
c  2069   -1   2020   1
c  2017   -1   2068   1
c  2017   -1   1966   1
c  2067   -1   2016   1
c  2067   -1   1967   1
c  2071   -1   2020   1
c  2071   -1   2069   1
c  1974   -1   1926   1
c  1927   -1   1925   1
c  1927   -1   1924   1
c  2072   -1   2021   1
c  2072   -1   2020   1
c  2119   -1   2168   1
c  2119   -1   2068   1
c  2170   -1   2219   1
c  2170   -1   2270   1
c  2121   -1   2119   1
c  2121   -1   2169   1
c  2023   -1   2025   1
c  2023   -1   1975   1
c  2024   -1   2022   1
c  2024   -1   1975   1
c  2073   -1   2124   1
c  2073   -1   1973   1
c  1877   -1   1826   1
c  1877   -1   1925   1
c  2259   -1   2308   1
c  2259   -1   2358   1
c  2260   -1   2309   1
c  2260   -1   2204   1
c  2257   -1   2206   1
c  2257   -1   2255   1
c  2258   -1   2310   1
c  2258   -1   2255   1
c  2411   -1   2362   1
c  2411   -1   2208   1
c  2308   -1   2359   1
c  2308   -1   2409   1
c  2255   -1   2253   1
c  2255   -1   2206   1
c  2309   -1   2307   1
c  2309   -1   2306   1
c  2360   -1   2311   1
c  2360   -1   2312   1
c  2311   -1   2262   1
c  2311   -1   2263   1
c  2410   -1   2459   1
c  2410   -1   2310   1
c  2361   -1   2310   1
c  2361   -1   2309   1
c  2362   -1   2360   1
c  2362   -1   2310   1
c  2359   -1   2410   1
c  2359   -1   2459   1
c  2409   -1   2458   1
c  2409   -1   2258   1
c  2112   -1   2163   1
c  2112   -1   2212   1
c  2254   -1   2305   1
c  2254   -1   2203   1
c  2303   -1   2352   1
c  2303   -1   2354   1
c  2354   -1   2305   1
c  2354   -1   2403   1
c  2302   -1   2304   1
c  2302   -1   2351   1
c  2301   -1   2201   1
c  2301   -1   2304   1
c  2353   -1   2404   1
c  2353   -1   2405   1
c  2113   -1   2062   1
c  2113   -1   2164   1
c  2162   -1   2211   1
c  2162   -1   2210   1
c  2114   -1   2163   1
c  2114   -1   2162   1
c  2163   -1   2063   1
c  2163   -1   2165   1
c  2115   -1   2215   1
c  2115   -1   2164   1
c  2164   -1   2213   1
c  2164   -1   2263   1
c  2016   -1   2065   1
c  2016   -1   2115   1
c  2116   -1   2114   1
c  2166   -1   2115   1
c  2166   -1   2266   1
c  2117   -1   2066   1
c  2117   -1   2068   1
c  2201   -1   2252   1
c  2201   -1   2253   1
c  2251   -1   2302   1
c  2251   -1   2151   1
c  2253   -1   2302   1
c  2253   -1   2354   1
c  2355   -1   2353   1
c  2355   -1   2402   1
c  2306   -1   2357   1
c  2306   -1   2354   1
c  2455   -1   2305   1
c  2455   -1   2306   1
c  2453   -1   2305   1
c  2307   -1   2256   1
c  2307   -1   2356   1
c  2357   -1   2256   1
c  2212   -1   2163   1
c  2212   -1   2210   1
c  2261   -1   2312   1
c  2261   -1   2313   1
c  2262   -1   2313   1
c  2262   -1   2213   1
c  645   -1   647   1
c  645   -1   597   1
c  646   -1   547   1
c  246   -1   297   1
c  246   -1   346   1
c  298   -1   296   1
c  298   -1   346   1
c  398   -1   349   1
c  398   -1   449   1
c  448   -1   399   1
c  448   -1   450   1
c  796   -1   847   1
c  796   -1   845   1
c  598   -1   649   1
c  598   -1   600   1
c  648   -1   597   1
c  648   -1   498   1
c  500   -1   549   1
c  500   -1   597   1
c  549   -1   600   1
c  549   -1   598   1
c  599   -1   499   1
c  499   -1   448   1
c  499   -1   398   1
c  698   -1   649   1
c  747   -1   796   1
c  747   -1   799   1
c  798   -1   849   1
c  798   -1   745   1
c  749   -1   698   1
c  749   -1   899   1
c  746   -1   748   1
c  746   -1   798   1
c  797   -1   748   1
c  797   -1   848   1
c  848   -1   748   1
c  848   -1   850   1
c  799   -1   748   1
c  750   -1   748   1
c  750   -1   798   1
c  850   -1   799   1
c  850   -1   748   1
c  697   -1   646   1
c  697   -1   695   1
c  650   -1   699   1
c  650   -1   647   1
c  649   -1   700   1
c  649   -1   697   1
c  248   -1   297   1
c  248   -1   197   1
c  350   -1   299   1
c  350   -1   297   1
c  349   -1   400   1
c  745   -1   794   1
c  745   -1   796   1
c  795   -1   895   1
c  795   -1   695   1
c  845   -1   746   1
c  1387   -1   1436   1
c  1387   -1   1487   1
c  1338   -1   1389   1
c  1338   -1   1390   1
c  1290   -1   1390   1
c  1290   -1   1341   1
c  1191   -1   1240   1
c  1191   -1   1443   1
c  1192   -1   1243   1
c  1192   -1   1144   1
c  1241   -1   1292   1
c  1241   -1   1287   1
c  1291   -1   1240   1
c  1291   -1   1242   1
c  1092   -1   1094   1
c  1092   -1   994   1
c  1143   -1   1192   1
c  1143   -1   1191   1
c  1389   -1   1440   1
c  1389   -1   1489   1
c  1340   -1   1391   1
c  1340   -1   1291   1
c  1390   -1   1339   1
c  1390   -1   1441   1
c  1341   -1   1339   1
c  1341   -1   1390   1
c  1534   -1   1433   1
c  1485   -1   1534   1
c  1485   -1   1584   1
c  1436   -1   1485   1
c  1436   -1   1535   1
c  1486   -1   1386   1
c  1486   -1   1435   1
c  1633   -1   1682   1
c  1633   -1   1435   1
c  1388   -1   1386   1
c  1388   -1   1488   1
c  1438   -1   1487   1
c  1438   -1   1489   1
c  1484   -1   1535   1
c  1484   -1   1486   1
c  1043   -1   1094   1
c  1043   -1   1191   1
c  994   -1   1043   1
c  994   -1   1045   1
c  995   -1   1046   1
c  995   -1   993   1
c  894   -1   845   1
c  894   -1   945   1
c  945   -1   846   1
c  895   -1   846   1
c  895   -1   948   1
c  1044   -1   1095   1
c  1044   -1   1042   1
c  1093   -1   1044   1
c  1093   -1   1045   1
c  198   -1   249   1
c  198   -1   200   1
c  148   -1   150   1
c  148   -1   200   1
c  48   -1   148   1
c  48   -1   97   1
c  49   -1   149   1
c  49   -1   97   1
c  99   -1   199   1
c  99   -1   48   1
c  149   -1   98   1
c  1680   -1   1629   1
c  1680   -1   1731   1
c  1631   -1   1582   1
c  1631   -1   1682   1
c  1681   -1   1781   1
c  1681   -1   1632   1
c  1632   -1   1683   1
c  1583   -1   1585   1
c  1583   -1   1634   1
c  1683   -1   1583   1
c  1683   -1   1533   1
c  1975   -1   2075   1
c  1975   -1   1926   1
c  1976   -1   1925   1
c  1976   -1   1876   1
c  2025   -1   2077   1
c  2025   -1   2123   1
c  1828   -1   1779   1
c  1828   -1   1776   1
c  1778   -1   1679   1
c  1779   -1   1730   1
c  1730   -1   1830   1
c  1730   -1   1681   1
c  1783   -1   1832   1
c  1783   -1   1729   1
c  1977   -1   2028   1
c  1977   -1   2077   1
c  1830   -1   1779   1
c  1830   -1   1879   1
c  1878   -1   1827   1
c  1878   -1   1780   1
c  1829   -1   1878   1
c  1829   -1   1827   1
c  2118   -1   2069   1
c  2118   -1   2169   1
c  2168   -1   2217   1
c  2168   -1   2219   1
c  2074   -1   1974   1
c  2074   -1   2026   1
c  2026   -1   2024   1
c  2026   -1   1974   1
c  1928   -1   1829   1
c  2122   -1   2124   1
c  2122   -1   2173   1
c  2169   -1   2167   1
c  2220   -1   2269   1
c  2220   -1   2368   1
c  2171   -1   2271   1
c  2171   -1   2321   1
c  2221   -1   2170   1
c  2221   -1   2374   1
c  2219   -1   2270   1
c  2219   -1   2271   1
c  2270   -1   2319   1
c  2270   -1   2268   1
c  2124   -1   2024   1
c  2075   -1   2024   1
c  2075   -1   2177   1
c  2076   -1   2074   1
c  2076   -1   2024   1
c  2123   -1   2174   1
c  2123   -1   2172   1
c  1978   -1   1929   1
c  1978   -1   1877   1
c  2358   -1   2360   1
c  2358   -1   2409   1
c  2461   -1   2412   1
c  2461   -1   2362   1
c  2412   -1   2463   1
c  2412   -1   2414   1
c  2460   -1   2411   1
c  2460   -1   2409   1
c  2462   -1   2411   1
c  2462   -1   2360   1
c  2408   -1   2406   1
c  2408   -1   2360   1
c  2312   -1   2314   1
c  2313   -1   2311   1
c  2313   -1   2361   1
c  2263   -1   2312   1
c  2263   -1   2362   1
c  2459   -1   2456   1
c  2363   -1   2412   1
c  2363   -1   2414   1
c  2365   -1   2314   1
c  2365   -1   2409   1
c  2458   -1   2407   1
c  2458   -1   2406   1
c  2352   -1   2401   1
c  2352   -1   2403   1
c  2404   -1   2453   1
c  2356   -1   2354   1
c  2356   -1   2404   1
c  2403   -1   2452   1
c  2451   -1   2402   1
c  2451   -1   2302   1
c  2351   -1   2402   1
c  2351   -1   2403   1
c  2402   -1   2353   1
c  2402   -1   2453   1
c  2405   -1   2356   1
c  2405   -1   2454   1
c  2165   -1   2114   1
c  2165   -1   2113   1
c  2214   -1   2212   1
c  2214   -1   2114   1
c  2213   -1   2313   1
c  2215   -1   2266   1
c  2215   -1   2166   1
c  2216   -1   2267   1
c  2167   -1   2216   1
c  2167   -1   2267   1
c  2266   -1   2317   1
c  2406   -1   2357   1
c  2406   -1   2355   1
c  2454   -1   2456   1
c  2456   -1   2458   1
c  2452   -1   2404   1
c  2407   -1   2356   1
c  2407   -1   2456   1
c  299   -1   248   1
c  200   -1   248   1
c  200   -1   298   1
c  399   -1   450   1
c  399   -1   299   1
c  449   -1   500   1
c  400   -1   449   1
c  400   -1   448   1
c  450   -1   350   1
c  450   -1   300   1
c  846   -1   897   1
c  846   -1   947   1
c  847   -1   896   1
c  600   -1   500   1
c  550   -1   599   1
c  550   -1   499   1
c  699   -1   750   1
c  699   -1   799   1
c  849   -1   900   1
c  849   -1   847   1
c  700   -1   749   1
c  899   -1   848   1
c  899   -1   850   1
c  898   -1   849   1
c  898   -1   949   1
c  948   -1   950   1
c  948   -1   848   1
c  800   -1   900   1
c  800   -1   849   1
c  900   -1   949   1
c  900   -1   948   1
c  249   -1   200   1
c  249   -1   300   1
c  199   -1   248   1
c  300   -1   349   1
c  250   -1   299   1
c  250   -1   349   1
c  896   -1   845   1
c  896   -1   945   1
c  946   -1   845   1
c  946   -1   847   1
c  1437   -1   1486   1
c  1437   -1   1488   1
c  1487   -1   1436   1
c  1343   -1   1290   1
c  1242   -1   1193   1
c  1242   -1   1191   1
c  1443   -1   1492   1
c  1443   -1   1494   1
c  1193   -1   1244   1
c  1193   -1   1293   1
c  1243   -1   1342   1
c  1243   -1   1344   1
c  1144   -1   1093   1
c  1144   -1   1044   1
c  1292   -1   1343   1
c  1094   -1   1145   1
c  1094   -1   1143   1
c  1194   -1   1196   1
c  1194   -1   1143   1
c  1244   -1   1143   1
c  1439   -1   1488   1
c  1439   -1   1390   1
c  1440   -1   1491   1
c  1440   -1   1493   1
c  1489   -1   1440   1
c  1489   -1   1541   1
c  1441   -1   1340   1
c  1391   -1   1342   1
c  1391   -1   1343   1
c  1342   -1   1242   1
c  1392   -1   1341   1
c  1392   -1   1343   1
c  1584   -1   1635   1
c  1584   -1   1685   1
c  1535   -1   1486   1
c  1585   -1   1636   1
c  1585   -1   1534   1
c  1536   -1   1538   1
c  1536   -1   1585   1
c  1488   -1   1486   1
c  1488   -1   1537   1
c  1587   -1   1487   1
c  1587   -1   1486   1
c  1636   -1   1536   1
c  1636   -1   1486   1
c  1634   -1   1683   1
c  1634   -1   1685   1
c  1682   -1   1782   1
c  1045   -1   1094   1
c  1045   -1   1047   1
c  996   -1   1048   1
c  996   -1   895   1
c  1046   -1   997   1
c  1047   -1   1044   1
c  1095   -1   1146   1
c  1095   -1   996   1
c  150   -1   199   1
c  150   -1   99   1
c  50   -1   150   1
c  50   -1   149   1
c  100   -1   149   1
c  100   -1   49   1
c  1731   -1   1831   1
c  1731   -1   1830   1
c  1732   -1   1781   1
c  1732   -1   1681   1
c  1879   -1   1928   1
c  1879   -1   1681   1
c  1781   -1   1730   1
c  1733   -1   1682   1
c  1733   -1   1684   1
c  1684   -1   1735   1
c  1684   -1   1687   1
c  2027   -1   2025   1
c  2027   -1   1976   1
c  2077   -1   2075   1
c  2077   -1   2128   1
c  1780   -1   1831   1
c  1780   -1   1832   1
c  1782   -1   1831   1
c  1782   -1   1731   1
c  1833   -1   1884   1
c  1833   -1   1733   1
c  1784   -1   1835   1
c  1784   -1   1735   1
c  1834   -1   1832   1
c  1834   -1   1783   1
c  1934   -1   1883   1
c  1934   -1   1783   1
c  1832   -1   1733   1
c  2028   -1   2079   1
c  2028   -1   1979   1
c  1880   -1   1931   1
c  1880   -1   1929   1
c  1831   -1   1732   1
c  1929   -1   1878   1
c  1929   -1   2029   1
c  2218   -1   2220   1
c  2218   -1   2270   1
c  2217   -1   2268   1
c  2217   -1   2318   1
c  2126   -1   2026   1
c  2126   -1   2175   1
c  2029   -1   1978   1
c  2029   -1   2026   1
c  2172   -1   2223   1
c  2172   -1   2272   1
c  2173   -1   2224   1
c  2269   -1   2320   1
c  2269   -1   2318   1
c  2368   -1   2366   1
c  2368   -1   2365   1
c  2271   -1   2320   1
c  2271   -1   2370   1
c  2321   -1   2273   1
c  2222   -1   2271   1
c  2222   -1   2321   1
c  2374   -1   2323   1
c  2320   -1   2420   1
c  2320   -1   2369   1
c  2319   -1   2368   1
c  2319   -1   2418   1
c  2268   -1   2266   1
c  2268   -1   2370   1
c  2174   -1   2223   1
c  2125   -1   2174   1
c  2125   -1   2223   1
c  2177   -1   2226   1
c  2177   -1   2328   1
c  2223   -1   2123   1
c  1979   -1   1981   1
c  1979   -1   2030   1
c  1980   -1   1978   1
c  2413   -1   2462   1
c  2413   -1   2465   1
c  2463   -1   2465   1
c  2463   -1   2415   1
c  2414   -1   2463   1
c  2414   -1   2365   1
c  2314   -1   2263   1
c  2314   -1   2216   1
c  2315   -1   2313   1
c  2315   -1   2266   1
c  2264   -1   2216   1
c  2264   -1   2366   1
c  2364   -1   2464   1
c  2364   -1   2416   1
c  2415   -1   2466   1
c  2366   -1   2415   1
c  2366   -1   2267   1
c  2465   -1   2365   1
c  2465   -1   2416   1
c  2457   -1   2406   1
c  2457   -1   2405   1
c  2401   -1   2452   1
c  2265   -1   2316   1
c  2265   -1   2364   1
c  2317   -1   2217   1
c  2317   -1   2216   1
c  2267   -1   2316   1
c  2316   -1   2368   1
c  2316   -1   2466   1
c  897   -1   948   1
c  897   -1   998   1
c  947   -1   996   1
c  947   -1   998   1
c  949   -1   1049   1
c  949   -1   1048   1
c  998   -1   949   1
c  1000   -1   949   1
c  1000   -1   948   1
c  950   -1   999   1
c  950   -1   1050   1
c  999   -1   947   1
c  999   -1   946   1
c  1537   -1   1586   1
c  1537   -1   1637   1
c  1293   -1   1344   1
c  1293   -1   1393   1
c  1393   -1   1395   1
c  1393   -1   1445   1
c  1344   -1   1393   1
c  1145   -1   1194   1
c  1145   -1   1242   1
c  1442   -1   1440   1
c  1442   -1   1439   1
c  1493   -1   1393   1
c  1493   -1   1442   1
c  1444   -1   1495   1
c  1394   -1   1494   1
c  1394   -1   1443   1
c  1543   -1   1494   1
c  1543   -1   1443   1
c  1492   -1   1441   1
c  1492   -1   1490   1
c  1494   -1   1545   1
c  1195   -1   1244   1
c  1195   -1   1193   1
c  1245   -1   1194   1
c  1245   -1   1294   1
c  1196   -1   1245   1
c  1196   -1   1295   1
c  1294   -1   1345   1
c  1294   -1   1399   1
c  1490   -1   1439   1
c  1490   -1   1539   1
c  1491   -1   1442   1
c  1539   -1   1588   1
c  1539   -1   1639   1
c  1540   -1   1589   1
c  1540   -1   1489   1
c  1541   -1   1492   1
c  1541   -1   1490   1
c  1635   -1   1535   1
c  1685   -1   1636   1
c  1685   -1   1586   1
c  1586   -1   1535   1
c  1588   -1   1639   1
c  1588   -1   1536   1
c  1538   -1   1589   1
c  1538   -1   1587   1
c  1637   -1   1586   1
c  1637   -1   1635   1
c  1638   -1   1587   1
c  1638   -1   1640   1
c  1736   -1   1787   1
c  1736   -1   1587   1
c  1686   -1   1638   1
c  1686   -1   1588   1
c  997   -1   1097   1
c  997   -1   1099   1
c  1048   -1   1099   1
c  1048   -1   999   1
c  1096   -1   1147   1
c  1096   -1   1047   1
c  1146   -1   1046   1
c  1097   -1   1146   1
c  1097   -1   1148   1
c  1098   -1   1047   1
c  1098   -1   1149   1
c  1734   -1   1785   1
c  1734   -1   1786   1
c  1786   -1   1684   1
c  1735   -1   1786   1
c  1735   -1   1686   1
c  1687   -1   1736   1
c  1687   -1   1735   1
c  2127   -1   2227   1
c  2127   -1   2027   1
c  2078   -1   2029   1
c  2078   -1   1979   1
c  2128   -1   2228   1
c  2128   -1   2179   1
c  1883   -1   1832   1
c  1884   -1   1933   1
c  1884   -1   1983   1
c  1785   -1   1685   1
c  1835   -1   1884   1
c  1835   -1   1886   1
c  1933   -1   2033   1
c  1984   -1   1936   1
c  1935   -1   1835   1
c  1935   -1   1886   1
c  1983   -1   1934   1
c  1982   -1   1984   1
c  1982   -1   1934   1
c  1885   -1   1934   1
c  1885   -1   1933   1
c  2032   -1   2034   1
c  2032   -1   1934   1
c  1837   -1   1886   1
c  1837   -1   1934   1
c  1882   -1   1831   1
c  1882   -1   1933   1
c  1881   -1   1832   1
c  1881   -1   1883   1
c  2081   -1   2181   1
c  2081   -1   2028   1
c  2079   -1   2130   1
c  2079   -1   2030   1
c  1930   -1   1981   1
c  1930   -1   2030   1
c  1931   -1   1980   1
c  1931   -1   2031   1
c  2318   -1   2316   1
c  2318   -1   2367   1
c  2176   -1   2227   1
c  2176   -1   2228   1
c  2175   -1   2127   1
c  2030   -1   2082   1
c  2030   -1   2083   1
c  2131   -1   2133   1
c  2131   -1   2029   1
c  2272   -1   2321   1
c  2272   -1   2370   1
c  2224   -1   2175   1
c  2224   -1   2275   1
c  2367   -1   2267   1
c  2418   -1   2469   1
c  2418   -1   2467   1
c  2369   -1   2420   1
c  2369   -1   2418   1
c  2417   -1   2368   1
c  2417   -1   2366   1
c  2419   -1   2368   1
c  2419   -1   2468   1
c  2370   -1   2319   1
c  2370   -1   2417   1
c  2371   -1   2320   1
c  2371   -1   2322   1
c  2322   -1   2324   1
c  2322   -1   2374   1
c  2273   -1   2324   1
c  2273   -1   2326   1
c  2323   -1   2272   1
c  2323   -1   2222   1
c  2324   -1   2373   1
c  2324   -1   2423   1
c  2373   -1   2322   1
c  2373   -1   2272   1
c  2424   -1   2371   1
c  2424   -1   2421   1
c  2375   -1   2326   1
c  2375   -1   2377   1
c  2423   -1   2374   1
c  2423   -1   2323   1
c  2325   -1   2374   1
c  2325   -1   2424   1
c  2225   -1   2374   1
c  2225   -1   2375   1
c  2420   -1   2371   1
c  2420   -1   2468   1
c  2227   -1   2225   1
c  2227   -1   2276   1
c  2178   -1   2227   1
c  2178   -1   2175   1
c  2226   -1   2178   1
c  2328   -1   2228   1
c  2328   -1   2230   1
c  1981   -1   2030   1
c  1981   -1   2032   1
c  2416   -1   2414   1
c  2416   -1   2413   1
c  2464   -1   2466   1
c  2466   -1   2417   1
c  2466   -1   2367   1
c  2467   -1   2367   1
c  2467   -1   2317   1
c  1049   -1   1098   1
c  1050   -1   1099   1
c  1050   -1   1048   1
c  1395   -1   1444   1
c  1395   -1   1446   1
c  1445   -1   1345   1
c  1445   -1   1447   1
c  1345   -1   1245   1
c  1542   -1   1493   1
c  1542   -1   1545   1
c  1295   -1   1246   1
c  1295   -1   1444   1
c  1544   -1   1495   1
c  1544   -1   1444   1
c  1495   -1   1446   1
c  1495   -1   1396   1
c  1593   -1   1542   1
c  1593   -1   1641   1
c  1545   -1   1496   1
c  1246   -1   1197   1
c  1246   -1   1149   1
c  1197   -1   1248   1
c  1197   -1   1100   1
c  1247   -1   1196   1
c  1247   -1   1198   1
c  1346   -1   1196   1
c  1346   -1   1146   1
c  1399   -1   1450   1
c  1399   -1   1448   1
c  1591   -1   1491   1
c  1591   -1   1542   1
c  1592   -1   1541   1
c  1592   -1   1491   1
c  1589   -1   1593   1
c  1639   -1   1590   1
c  1639   -1   1690   1
c  1590   -1   1541   1
c  1590   -1   1592   1
c  1737   -1   1735   1
c  1737   -1   1685   1
c  1688   -1   1637   1
c  1688   -1   1586   1
c  1689   -1   1638   1
c  1689   -1   1789   1
c  1640   -1   1642   1
c  1640   -1   1689   1
c  1787   -1   1887   1
c  1787   -1   1838   1
c  1099   -1   1150   1
c  1147   -1   1198   1
c  1147   -1   1098   1
c  1148   -1   1299   1
c  1149   -1   1200   1
c  1149   -1   1250   1
c  1836   -1   1936   1
c  1836   -1   1887   1
c  1738   -1   1789   1
c  1738   -1   1687   1
c  2179   -1   2230   1
c  2179   -1   2127   1
c  2080   -1   2129   1
c  2080   -1   2078   1
c  2129   -1   2178   1
c  2129   -1   2231   1
c  2228   -1   2179   1
c  2228   -1   2329   1
c  1986   -1   1989   1
c  1986   -1   1835   1
c  1886   -1   1937   1
c  1932   -1   1983   1
c  1932   -1   1981   1
c  2033   -1   1982   1
c  2033   -1   1984   1
c  2034   -1   2082   1
c  1985   -1   1932   1
c  1985   -1   1882   1
c  2084   -1   2035   1
c  2084   -1   1984   1
c  2035   -1   1984   1
c  2035   -1   2033   1
c  2036   -1   1985   1
c  2036   -1   1984   1
c  1936   -1   1887   1
c  1936   -1   1889   1
c  2031   -1   2082   1
c  2031   -1   2079   1
c  2082   -1   2133   1
c  2082   -1   2084   1
c  2083   -1   2034   1
c  2083   -1   2032   1
c  1887   -1   1987   1
c  1887   -1   1938   1
c  1838   -1   1840   1
c  1838   -1   1889   1
c  1788   -1   1837   1
c  1788   -1   1739   1
c  2182   -1   2180   1
c  2182   -1   2081   1
c  2181   -1   2132   1
c  2181   -1   2232   1
c  2130   -1   2179   1
c  2130   -1   2178   1
c  2468   -1   2417   1
c  2468   -1   2318   1
c  2132   -1   2183   1
c  2132   -1   2030   1
c  2133   -1   2234   1
c  2133   -1   2136   1
c  2274   -1   2276   1
c  2274   -1   2277   1
c  2275   -1   2324   1
c  2275   -1   2226   1
c  2469   -1   2420   1
c  2469   -1   2369   1
c  2471   -1   2469   1
c  2471   -1   2419   1
c  2470   -1   2370   1
c  2470   -1   2371   1
c  2421   -1   2472   1
c  2421   -1   2423   1
c  2372   -1   2423   1
c  2372   -1   2421   1
c  2422   -1   2373   1
c  2422   -1   2371   1
c  2472   -1   2372   1
c  2472   -1   2371   1
c  2326   -1   2275   1
c  2326   -1   2225   1
c  2474   -1   2472   1
c  2474   -1   2422   1
c  2425   -1   2474   1
c  2425   -1   2423   1
c  2475   -1   2424   1
c  2475   -1   2426   1
c  2376   -1   2378   1
c  2376   -1   2327   1
c  2377   -1   2477   1
c  2377   -1   2476   1
c  2473   -1   2422   1
c  2473   -1   2421   1
c  2276   -1   2327   1
c  2276   -1   2325   1
c  2327   -1   2325   1
c  2277   -1   2226   1
c  2277   -1   2325   1
c  2278   -1   2327   1
c  2278   -1   2426   1
c  2378   -1   2327   1
c  2378   -1   2427   1
c  2329   -1   2278   1
c  2230   -1   2279   1
c  2230   -1   2330   1
c  1100   -1   1149   1
c  1100   -1   1200   1
c  1396   -1   1447   1
c  1396   -1   1445   1
c  1446   -1   1397   1
c  1446   -1   1448   1
c  1447   -1   1499   1
c  1447   -1   1549   1
c  1296   -1   1398   1
c  1296   -1   1448   1
c  1594   -1   1592   1
c  1594   -1   1645   1
c  1496   -1   1447   1
c  1496   -1   1547   1
c  1546   -1   1497   1
c  1546   -1   1495   1
c  1643   -1   1692   1
c  1643   -1   1691   1
c  1642   -1   1593   1
c  1642   -1   1691   1
c  1641   -1   1692   1
c  1641   -1   1590   1
c  1595   -1   1597   1
c  1595   -1   1646   1
c  1596   -1   1645   1
c  1596   -1   1545   1
c  1646   -1   1545   1
c  1198   -1   1249   1
c  1198   -1   1349   1
c  1248   -1   1297   1
c  1297   -1   1348   1
c  1199   -1   1148   1
c  1199   -1   1247   1
c  1347   -1   1296   1
c  1347   -1   1298   1
c  1349   -1   1398   1
c  1349   -1   1248   1
c  1398   -1   1298   1
c  1398   -1   1449   1
c  1449   -1   1400   1
c  1400   -1   1349   1
c  1400   -1   1299   1
c  1348   -1   1399   1
c  1348   -1   1248   1
c  1298   -1   1349   1
c  1298   -1   1399   1
c  1450   -1   1350   1
c  1448   -1   1348   1
c  1448   -1   1347   1
c  1690   -1   1589   1
c  1739   -1   1688   1
c  1739   -1   1790   1
c  1741   -1   1641   1
c  1741   -1   1689   1
c  1789   -1   1787   1
c  1839   -1   1640   1
c  1839   -1   1641   1
c  1150   -1   1199   1
c  1299   -1   1348   1
c  1299   -1   1248   1
c  1200   -1   1249   1
c  1250   -1   1299   1
c  1250   -1   1349   1
c  1740   -1   1789   1
c  1740   -1   1738   1
c  2229   -1   2280   1
c  2229   -1   2330   1
c  2180   -1   2231   1
c  2180   -1   2281   1
c  2231   -1   2182   1
c  2231   -1   2282   1
c  2279   -1   2228   1
c  1987   -1   1938   1
c  1987   -1   1936   1
c  1937   -1   1986   1
c  2037   -1   1986   1
c  2037   -1   2086   1
c  1989   -1   2037   1
c  1989   -1   2138   1
c  2134   -1   2083   1
c  2134   -1   2082   1
c  2085   -1   2134   1
c  2085   -1   2184   1
c  2184   -1   2084   1
c  2184   -1   2283   1
c  2135   -1   2084   1
c  2086   -1   2035   1
c  2086   -1   2135   1
c  2136   -1   2036   1
c  2136   -1   2035   1
c  2089   -1   2087   1
c  2089   -1   2036   1
c  1889   -1   1940   1
c  1889   -1   1891   1
c  1888   -1   1939   1
c  1888   -1   1788   1
c  1890   -1   1791   1
c  1890   -1   1887   1
c  1938   -1   1989   1
c  1840   -1   1889   1
c  2232   -1   2332   1
c  2232   -1   2183   1
c  2183   -1   2231   1
c  2183   -1   2282   1
c  2283   -1   2232   1
c  2283   -1   2182   1
c  2234   -1   2285   1
c  2426   -1   2428   1
c  2426   -1   2477   1
c  2476   -1   2425   1
c  2476   -1   2376   1
c  2477   -1   2475   1
c  2477   -1   2425   1
c  2379   -1   2280   1
c  2379   -1   2376   1
c  2427   -1   2329   1
c  2428   -1   2379   1
c  2428   -1   2477   1
c  2330   -1   2281   1
c  2380   -1   2329   1
c  2380   -1   2280   1
c  2280   -1   2331   1
c  2280   -1   2231   1
c  1397   -1   1448   1
c  1397   -1   1350   1
c  1497   -1   1548   1
c  1497   -1   1597   1
c  1499   -1   1450   1
c  1499   -1   1398   1
c  1549   -1   1500   1
c  1549   -1   1450   1
c  1644   -1   1646   1
c  1644   -1   1695   1
c  1547   -1   1596   1
c  1547   -1   1697   1
c  1548   -1   1546   1
c  1693   -1   1644   1
c  1693   -1   1595   1
c  1692   -1   1741   1
c  1692   -1   1791   1
c  1691   -1   1742   1
c  1691   -1   1693   1
c  1597   -1   1599   1
c  1597   -1   1698   1
c  1696   -1   1645   1
c  1696   -1   1748   1
c  1647   -1   1696   1
c  1647   -1   1547   1
c  1695   -1   1697   1
c  1695   -1   1646   1
c  1249   -1   1349   1
c  1300   -1   1200   1
c  1300   -1   1199   1
c  1350   -1   1348   1
c  1350   -1   1398   1
c  1500   -1   1400   1
c  1500   -1   1350   1
c  1498   -1   1549   1
c  1498   -1   1450   1
c  1790   -1   1890   1
c  1790   -1   1841   1
c  1791   -1   1840   1
c  1791   -1   1891   1
c  1742   -1   1793   1
c  1742   -1   1843   1
c  1842   -1   1791   1
c  1842   -1   1741   1
c  1939   -1   1839   1
c  1939   -1   1840   1
c  2281   -1   2332   1
c  2281   -1   2382   1
c  2282   -1   2382   1
c  2282   -1   2381   1
c  1988   -1   1937   1
c  1988   -1   1888   1
c  2087   -1   2138   1
c  2087   -1   2136   1
c  2038   -1   2089   1
c  2038   -1   2090   1
c  2039   -1   2088   1
c  2039   -1   1991   1
c  1990   -1   1939   1
c  1990   -1   2041   1
c  2138   -1   2189   1
c  2138   -1   2236   1
c  2185   -1   2234   1
c  2185   -1   2236   1
c  2233   -1   2284   1
c  2233   -1   2184   1
c  2235   -1   2186   1
c  2235   -1   2135   1
c  2137   -1   2135   1
c  2137   -1   2186   1
c  2186   -1   2188   1
c  2186   -1   2138   1
c  2088   -1   2139   1
c  2139   -1   2090   1
c  2139   -1   2190   1
c  2040   -1   2089   1
c  2040   -1   2091   1
c  2091   -1   2089   1
c  2091   -1   2139   1
c  1940   -1   1938   1
c  1940   -1   1991   1
c  1891   -1   1842   1
c  1891   -1   1840   1
c  1841   -1   1890   1
c  1841   -1   1792   1
c  1991   -1   1939   1
c  1991   -1   1938   1
c  2332   -1   2432   1
c  2333   -1   2382   1
c  2333   -1   2284   1
c  2284   -1   2335   1
c  2284   -1   2380   1
c  2331   -1   2282   1
c  2331   -1   2283   1
c  2334   -1   2283   1
c  2334   -1   2281   1
c  2285   -1   2334   1
c  2285   -1   2336   1
c  2478   -1   2427   1
c  2429   -1   2480   1
c  2429   -1   2478   1
c  2479   -1   2430   1
c  2479   -1   2379   1
c  2430   -1   2381   1
c  2430   -1   2382   1
c  2381   -1   2332   1
c  2381   -1   2281   1
c  2431   -1   2380   1
c  2431   -1   2482   1
c  2481   -1   2430   1
c  2481   -1   2380   1
c  2484   -1   2433   1
c  2484   -1   2380   1
c  1599   -1   1548   1
c  1550   -1   1599   1
c  1550   -1   1498   1
c  1600   -1   1598   1
c  1600   -1   1549   1
c  1650   -1   1549   1
c  1650   -1   1598   1
c  1694   -1   1743   1
c  1694   -1   1792   1
c  1649   -1   1600   1
c  1649   -1   1547   1
c  1697   -1   1748   1
c  1697   -1   1749   1
c  1598   -1   1649   1
c  1598   -1   1699   1
c  1743   -1   1792   1
c  1743   -1   1692   1
c  1744   -1   1693   1
c  1744   -1   1792   1
c  1792   -1   1692   1
c  1648   -1   1697   1
c  1648   -1   1597   1
c  1698   -1   1649   1
c  1698   -1   1647   1
c  1746   -1   1748   1
c  1746   -1   1844   1
c  1796   -1   1847   1
c  1796   -1   1696   1
c  1747   -1   1696   1
c  1747   -1   1647   1
c  1699   -1   1748   1
c  1699   -1   1696   1
c  1847   -1   1898   1
c  1847   -1   1696   1
c  1748   -1   1797   1
c  1748   -1   1799   1
c  1745   -1   1747   1
c  1745   -1   1846   1
c  1793   -1   1744   1
c  1793   -1   1841   1
c  1843   -1   1892   1
c  1843   -1   1743   1
c  1892   -1   1793   1
c  2382   -1   2481   1
c  2336   -1   2334   1
c  2336   -1   2282   1
c  2041   -1   2090   1
c  2041   -1   2039   1
c  2188   -1   2190   1
c  2188   -1   2139   1
c  2237   -1   2188   1
c  2237   -1   2138   1
c  2189   -1   2238   1
c  2189   -1   2140   1
c  2236   -1   2287   1
c  2236   -1   2288   1
c  2187   -1   2287   1
c  2187   -1   2338   1
c  2140   -1   2091   1
c  2140   -1   2142   1
c  2190   -1   2141   1
c  2190   -1   2340   1
c  1941   -1   1841   1
c  1941   -1   2040   1
c  2141   -1   2143   1
c  2141   -1   2193   1
c  2092   -1   2192   1
c  2092   -1   2141   1
c  1992   -1   2092   1
c  1992   -1   2091   1
c  1942   -1   2042   1
c  1942   -1   1940   1
c  2432   -1   2483   1
c  2432   -1   2381   1
c  2383   -1   2483   1
c  2383   -1   2481   1
c  2433   -1   2333   1
c  2433   -1   2384   1
c  2384   -1   2382   1
c  2384   -1   2333   1
c  2335   -1   2337   1
c  2335   -1   2287   1
c  2385   -1   2434   1
c  2385   -1   2334   1
c  2286   -1   2337   1
c  2286   -1   2237   1
c  2480   -1   2431   1
c  2483   -1   2431   1
c  2482   -1   2433   1
c  2482   -1   2434   1
c  2434   -1   2483   1
c  2434   -1   2383   1
c  2485   -1   2385   1
c  2485   -1   2483   1
c  2435   -1   2486   1
c  2435   -1   2484   1
c  2487   -1   2485   1
c  2487   -1   2484   1
c  1700   -1   1649   1
c  1700   -1   1749   1
c  1749   -1   1798   1
c  1749   -1   1800   1
c  1794   -1   1745   1
c  1794   -1   1746   1
c  1795   -1   1746   1
c  1795   -1   1744   1
c  1798   -1   1849   1
c  1798   -1   1698   1
c  1797   -1   1746   1
c  1797   -1   1846   1
c  1844   -1   1944   1
c  1844   -1   1994   1
c  1846   -1   1895   1
c  1846   -1   1844   1
c  1896   -1   1847   1
c  1896   -1   1796   1
c  1897   -1   1846   1
c  1897   -1   1796   1
c  1848   -1   1899   1
c  1848   -1   1948   1
c  1850   -1   1799   1
c  1850   -1   1847   1
c  1950   -1   1848   1
c  1950   -1   1847   1
c  1898   -1   1947   1
c  1898   -1   1998   1
c  1799   -1   1848   1
c  1893   -1   1944   1
c  1893   -1   1993   1
c  1894   -1   1843   1
c  1894   -1   1943   1
c  2386   -1   2437   1
c  2337   -1   2386   1
c  2337   -1   2388   1
c  2287   -1   2336   1
c  2438   -1   2336   1
c  2042   -1   2142   1
c  2042   -1   2143   1
c  2238   -1   2192   1
c  2239   -1   2188   1
c  2239   -1   2237   1
c  2288   -1   2237   1
c  2288   -1   2438   1
c  2338   -1   2389   1
c  2338   -1   2387   1
c  2142   -1   2191   1
c  2142   -1   1992   1
c  2240   -1   2291   1
c  2240   -1   2288   1
c  2191   -1   2193   1
c  2191   -1   2143   1
c  1945   -1   1894   1
c  1945   -1   1941   1
c  2143   -1   2092   1
c  2143   -1   2242   1
c  2193   -1   2293   1
c  2193   -1   2244   1
c  2093   -1   2095   1
c  2192   -1   2241   1
c  2192   -1   2143   1
c  1993   -1   1942   1
c  1993   -1   2093   1
c  2043   -1   1992   1
c  2043   -1   1943   1
c  1943   -1   1994   1
c  1943   -1   2042   1
c  2486   -1   2386   1
c  2436   -1   2388   1
c  2437   -1   2488   1
c  2437   -1   2489   1
c  2488   -1   2439   1
c  2488   -1   2491   1
c  1750   -1   1799   1
c  1750   -1   1850   1
c  1800   -1   1849   1
c  1845   -1   1894   1
c  1845   -1   1896   1
c  1849   -1   1898   1
c  1944   -1   2044   1
c  1944   -1   2045   1
c  1994   -1   1894   1
c  1895   -1   1944   1
c  1895   -1   1994   1
c  1946   -1   1995   1
c  1946   -1   2096   1
c  1947   -1   1896   1
c  1947   -1   1895   1
c  1948   -1   1897   1
c  1948   -1   1996   1
c  1900   -1   1849   1
c  1900   -1   1848   1
c  1899   -1   1950   1
c  1899   -1   1948   1
c  1949   -1   1998   1
c  1949   -1   2048   1
c  2000   -1   1949   1
c  2000   -1   2049   1
c  2099   -1   2000   1
c  2099   -1   1950   1
c  1998   -1   2049   1
c  2387   -1   2438   1
c  2387   -1   2436   1
c  2388   -1   2339   1
c  2439   -1   2388   1
c  2439   -1   2338   1
c  2290   -1   2239   1
c  2290   -1   2238   1
c  2289   -1   2340   1
c  2289   -1   2341   1
c  2339   -1   2288   1
c  2339   -1   2290   1
c  2390   -1   2441   1
c  2390   -1   2338   1
c  2389   -1   2340   1
c  2389   -1   2341   1
c  2094   -1   2145   1
c  2094   -1   2142   1
c  2196   -1   2142   1
c  2196   -1   2241   1
c  2241   -1   2290   1
c  2241   -1   2243   1
c  2291   -1   2340   1
c  2291   -1   2389   1
c  2341   -1   2392   1
c  2341   -1   2290   1
c  2292   -1   2241   1
c  2292   -1   2340   1
c  2392   -1   2292   1
c  2392   -1   2340   1
c  1995   -1   1944   1
c  1995   -1   1943   1
c  2144   -1   2195   1
c  2144   -1   2095   1
c  2194   -1   2143   1
c  2194   -1   2093   1
c  2242   -1   2244   1
c  2242   -1   2193   1
c  2243   -1   2294   1
c  2243   -1   2342   1
c  2293   -1   2344   1
c  2293   -1   2345   1
c  2244   -1   2293   1
c  2095   -1   2195   1
c  2095   -1   2047   1
c  2044   -1   1995   1
c  2044   -1   1997   1
c  2489   -1   2387   1
c  2490   -1   2488   1
c  2490   -1   2390   1
c  2491   -1   2391   1
c  2045   -1   2096   1
c  2045   -1   2047   1
c  1996   -1   1947   1
c  1996   -1   2049   1
c  2096   -1   2147   1
c  2096   -1   2145   1
c  1997   -1   1999   1
c  1997   -1   1948   1
c  1999   -1   1947   1
c  2049   -1   1949   1
c  2048   -1   1999   1
c  2048   -1   2097   1
c  2050   -1   1999   1
c  2050   -1   2200   1
c  2098   -1   2146   1
c  2149   -1   2200   1
c  2100   -1   2049   1
c  2100   -1   2149   1
c  2150   -1   2099   1
c  2150   -1   2199   1
c  2200   -1   2249   1
c  2200   -1   2099   1
c  2197   -1   2098   1
c  2197   -1   2099   1
c  2440   -1   2491   1
c  2440   -1   2489   1
c  2391   -1   2342   1
c  2391   -1   2394   1
c  2441   -1   2341   1
c  2441   -1   2490   1
c  2145   -1   2045   1
c  2146   -1   2195   1
c  2146   -1   2046   1
c  2195   -1   2244   1
c  2195   -1   2293   1
c  2246   -1   2248   1
c  2246   -1   2297   1
c  2245   -1   2196   1
c  2245   -1   2296   1
c  2247   -1   2196   1
c  2247   -1   2148   1
c  2342   -1   2442   1
c  2342   -1   2393   1
c  2343   -1   2394   1
c  2343   -1   2341   1
c  2442   -1   2491   1
c  2442   -1   2493   1
c  2393   -1   2395   1
c  2393   -1   2344   1
c  2097   -1   2095   1
c  2097   -1   1995   1
c  2294   -1   2345   1
c  2294   -1   2245   1
c  2344   -1   2395   1
c  2344   -1   2295   1
c  2345   -1   2343   1
c  2345   -1   2244   1
c  2047   -1   2098   1
c  2047   -1   2298   1
c  2492   -1   2441   1
c  2492   -1   2490   1
c  2443   -1   2492   1
c  2443   -1   2491   1
c  2046   -1   2097   1
c  2046   -1   1997   1
c  2147   -1   2198   1
c  2147   -1   2045   1
c  2148   -1   2146   1
c  2148   -1   2197   1
c  2198   -1   2098   1
c  2198   -1   2097   1
c  2199   -1   2250   1
c  2199   -1   2299   1
c  2248   -1   2199   1
c  2248   -1   2149   1
c  2250   -1   2150   1
c  2250   -1   2149   1
c  2249   -1   2198   1
c  2394   -1   2443   1
c  2394   -1   2445   1
c  2295   -1   2246   1
c  2295   -1   2195   1
c  2296   -1   2247   1
c  2296   -1   2345   1
c  2297   -1   2248   1
c  2493   -1   2444   1
c  2493   -1   2393   1
c  2395   -1   2446   1
c  2346   -1   2295   1
c  2346   -1   2446   1
c  2298   -1   2249   1
c  2298   -1   2199   1
c  2444   -1   2446   1
c  2444   -1   2496   1
c  2494   -1   2394   1
c  2494   -1   2443   1
c  2445   -1   2443   1
c  2299   -1   2350   1
c  2299   -1   2250   1
c  2300   -1   2298   1
c  2300   -1   2248   1
c  2349   -1   2300   1
c  2349   -1   2250   1
c  2347   -1   2298   1
c  2347   -1   2398   1
c  2396   -1   2495   1
c  2396   -1   2494   1
c  2495   -1   2395   1
c  2446   -1   2495   1
c  2446   -1   2494   1
c  2348   -1   2299   1
c  2348   -1   2346   1
c  2448   -1   2399   1
c  2448   -1   2298   1
c  2496   -1   2498   1
c  2496   -1   2448   1
c  2350   -1   2450   1
c  2350   -1   2449   1
c  2399   -1   2499   1
c  2399   -1   2348   1
c  2398   -1   2349   1
c  2398   -1   2350   1
c  2449   -1   2398   1
c  2449   -1   2349   1
c  2397   -1   2348   1
c  2397   -1   2449   1
c  2497   -1   2446   1
c  2497   -1   2495   1
c  2447   -1   2498   1
c  2447   -1   2496   1
c  2498   -1   2449   1
c  2498   -1   2400   1
c  2400   -1   2449   1
c  2400   -1   2448   1
c  2500   -1   2449   1
c  2500   -1   2448   1
c  2450   -1   2499   1
c  2450   -1   2498   1
r  1   102   53   2
r  51   102   103   2
r  2   101   102   2
r  52   101   152   2
r  53   153   201   2
c  101   -1   152   2
r  153   254   252   2
c  102   -1   202   2
r  201   252   153   2
r  203   201   354   2
r  154   202   102   2
r  252   301   354   2
c  105   -1   253   2
r  204   153   252   2
c  302   -1   253   2
r  303   354   204   2
r  56   5   157   2
r  107   158   208   2
c  301   -1   401   2
r  454   456   503   2
c  306   -1   156   2
r  57   8   108   2
r  59   57   8   2
c  58   -1   6   2
c  109   -1   157   2
c  452   -1   503   2
c  452   -1   552   2
c  505   -1   453   2
c  160   -1   208   2
c  259   -1   311   2
r  358   356   309   2
r  502   451   352   2
r  8   60   110   2
c  552   -1   401   2
c  309   -1   356   2
r  553   602   653   2
c  605   -1   653   2
r  655   606   556   2
c  507   -1   509   2
c  604   -1   804   2
c  654   -1   554   2
r  702   604   554   2
c  651   -1   554   2
c  310   -1   308   2
r  551   452   553   2
r  11   111   110   2
c  216   -1   68   2
c  164   -1   261   2
c  166   -1   217   2
c  460   -1   457   2
c  511   -1   457   2
c  706   -1   655   2
r  701   752   653   2
c  360   -1   459   2
c  413   -1   311   2
c  412   -1   262   2
c  163   -1   111   2
c  163   -1   65   2
c  62   -1   64   2
r  63   163   111   2
c  313   -1   411   2
c  115   -1   66   2
c  66   -1   165   2
c  560   -1   662   2
c  562   -1   613   2
c  512   -1   611   2
c  658   -1   709   2
r  756   656   804   2
r  854   856   802   2
c  806   -1   852   2
c  802   -1   904   2
c  801   -1   902   2
c  364   -1   415   2
r  18   117   115   2
r  67   270   116   2
r  17   117   69   2
r  367   316   315   2
c  417   -1   516   2
r  118   19   69   2
c  119   -1   71   2
c  370   -1   372   2
c  661   -1   612   2
r  758   860   661   2
c  709   -1   661   2
c  856   -1   757   2
r  901   952   802   2
c  221   -1   370   2
c  372   -1   425   2
c  518   -1   419   2
c  521   -1   570   2
c  571   -1   520   2
c  615   -1   464   2
r  810   808   861   2
c  121   -1   74   2
c  72   -1   172   2
r  171   120   72   2
c  523   -1   521   2
c  672   -1   623   2
c  815   -1   817   2
c  716   -1   565   2
c  1054   -1   1103   2
c  1005   -1   1054   2
c  1005   -1   1003   2
c  1051   -1   953   2
c  1007   -1   1156   2
c  958   -1   1058   2
r  1001   1052   952   2
c  1052   -1   1203   2
c  1108   -1   958   2
r  122   124   223   2
r  123   172   74   2
c  172   -1   124   2
r  25   73   124   2
c  426   -1   176   2
c  623   -1   522   2
r  524   475   526   2
c  575   -1   529   2
c  723   -1   523   2
c  916   -1   667   2
c  816   -1   865   2
c  1055   -1   1156   2
c  1102   -1   1154   2
c  1153   -1   1051   2
r  1151   1102   1103   2
c  966   -1   914   2
c  76   -1   78   2
r  126   179   75   2
r  27   78   75   2
c  327   -1   177   2
c  724   -1   824   2
c  823   -1   876   2
c  823   -1   974   2
c  578   -1   728   2
c  676   -1   727   2
r  226   277   326   2
c  277   -1   378   2
c  127   -1   180   2
r  227   278   328   2
c  278   -1   179   2
c  228   -1   177   2
r  820   871   771   2
c  1012   -1   1112   2
c  1202   -1   1352   2
r  1252   1201   1203   2
c  1452   -1   1203   2
c  1255   -1   1303   2
c  1307   -1   1157   2
r  1061   961   1063   2
c  1164   -1   1063   2
c  1162   -1   1063   2
c  428   -1   380   2
c  328   -1   226   2
c  579   -1   678   2
c  679   -1   529   2
c  634   -1   529   2
c  634   -1   629   2
c  822   -1   774   2
c  824   -1   925   2
c  873   -1   827   2
c  825   -1   823   2
c  876   -1   824   2
c  826   -1   877   2
c  279   -1   179   2
c  180   -1   279   2
c  180   -1   278   2
c  129   -1   281   2
c  871   -1   868   2
r  1352   1251   1453   2
c  1302   -1   1351   2
r  1305   1303   1405   2
c  1502   -1   1402   2
r  1503   1505   1452   2
c  1357   -1   1508   2
c  1409   -1   1362   2
c  1161   -1   1164   2
c  1403   -1   1504   2
r  1504   1555   1405   2
c  1505   -1   1553   2
c  1166   -1   1117   2
c  380   -1   331   2
r  379   428   431   2
r  580   529   632   2
c  531   -1   632   2
c  681   -1   782   2
c  635   -1   583   2
c  925   -1   873   2
c  1025   -1   1078   2
c  829   -1   831   2
c  830   -1   882   2
c  780   -1   682   2
c  80   -1   31   2
c  281   -1   286   2
c  81   -1   130   2
r  970   922   1022   2
r  1353   1302   1453   2
r  1401   1452   1502   2
c  1602   -1   1553   2
r  1551   1651   1502   2
r  1651   1602   1502   2
r  1407   1356   1506   2
c  1508   -1   1456   2
r  1312   1261   1363   2
r  1411   1360   1409   2
c  1509   -1   1457   2
c  1509   -1   1507   2
r  1554   1605   1654   2
c  1555   -1   1507   2
r  1265   1314   1166   2
r  1263   1265   1363   2
r  1267   1369   1167   2
c  1266   -1   1118   2
r  30   79   81   2
c  734   -1   738   2
c  685   -1   738   2
c  735   -1   687   2
c  588   -1   636   2
c  976   -1   1122   2
r  927   1027   1174   2
c  928   -1   1028   2
c  1123   -1   1172   2
r  1026   1126   1125   2
c  1027   -1   979   2
c  929   -1   829   2
c  82   -1   183   2
c  82   -1   134   2
c  1603   -1   1605   2
c  1751   -1   1704   2
r  1703   1752   1651   2
c  1654   -1   1702   2
c  1507   -1   1606   2
r  1461   1463   1563   2
c  1560   -1   1461   2
c  1365   -1   1265   2
c  1268   -1   1168   2
c  1364   -1   1415   2
c  1170   -1   1222   2
c  1318   -1   1269   2
r  83   234   85   2
r  234   185   33   2
c  738   -1   735   2
c  589   -1   640   2
r  538   590   587   2
c  1176   -1   1275   2
c  1176   -1   1227   2
c  1178   -1   1027   2
c  1079   -1   1228   2
c  1179   -1   1282   2
c  1276   -1   1175   2
r  1224   1275   1272   2
c  883   -1   1083   2
c  932   -1   980   2
c  933   -1   987   2
r  284   335   286   2
r  187   138   287   2
c  85   -1   88   2
r  1653   1702   1752   2
c  1754   -1   1605   2
c  1464   -1   1366   2
r  1562   1564   1661   2
r  1610   1608   1607   2
c  1662   -1   1512   2
r  1466   1515   1568   2
c  1467   -1   1568   2
c  1319   -1   1371   2
r  1273   1271   1322   2
c  1419   -1   1470   2
c  337   -1   285   2
c  739   -1   736   2
c  787   -1   689   2
c  885   -1   934   2
c  1274   -1   1226   2
c  1277   -1   1226   2
c  981   -1   1032   2
c  983   -1   883   2
c  984   -1   932   2
c  1033   -1   1082   2
r  135   235   186   2
c  86   -1   138   2
c  1855   -1   1753   2
r  1656   1707   1755   2
c  1709   -1   1757   2
c  1759   -1   1707   2
c  1614   -1   1714   2
c  1664   -1   1667   2
c  542   -1   591   2
c  543   -1   592   2
c  1231   -1   1130   2
c  1330   -1   1480   2
c  1284   -1   1131   2
c  1378   -1   1277   2
r  1037   1088   938   2
c  988   -1   935   2
c  938   -1   838   2
c  340   -1   190   2
c  1806   -1   1955   2
r  1902   1953   1904   2
r  1710   1661   1762   2
c  1760   -1   1859   2
c  1760   -1   1861   2
c  1812   -1   1864   2
r  1763   1712   1814   2
c  1616   -1   1516   2
c  1666   -1   1766   2
c  1421   -1   1470   2
c  1422   -1   1374   2
c  341   -1   392   2
c  791   -1   691   2
c  939   -1   840   2
c  643   -1   594   2
c  693   -1   591   2
c  1184   -1   1037   2
c  1425   -1   1377   2
c  1233   -1   1184   2
c  1234   -1   1182   2
c  1432   -1   1383   2
c  1476   -1   1376   2
c  1185   -1   1236   2
c  1138   -1   1038   2
c  190   -1   138   2
r  141   190   241   2
c  192   -1   139   2
c  1955   -1   1907   2
c  2006   -1   1907   2
c  1857   -1   1758   2
r  1951   2002   1902   2
r  2002   2051   1902   2
r  2054   2154   2052   2
r  2059   2110   2111   2
c  1960   -1   1859   2
c  1766   -1   1764   2
c  293   -1   547   2
c  496   -1   500   2
c  446   -1   343   2
r  891   942   992   2
c  940   -1   991   2
r  396   394   347   2
c  1188   -1   1089   2
c  1475   -1   1524   2
c  1525   -1   1426   2
c  1431   -1   1480   2
c  1483   -1   1531   2
c  1090   -1   1141   2
c  1041   -1   1089   2
c  1139   -1   1291   2
r  941   992   943   2
r  241   192   193   2
c  91   -1   195   2
c  92   -1   90   2
r  43   91   90   2
c  2056   -1   2108   2
r  2051   2103   2203   2
c  2101   -1   2055   2
c  2153   -1   2305   2
c  2060   -1   2008   2
c  1912   -1   2013   2
c  1865   -1   1817   2
c  1574   -1   1577   2
r  1822   1721   1770   2
r  295   346   343   2
c  346   -1   195   2
c  599   -1   546   2
c  297   -1   295   2
c  844   -1   942   2
c  646   -1   598   2
r  746   798   797   2
r  697   695   748   2
c  845   -1   745   2
c  1577   -1   1725   2
c  1533   -1   1481   2
c  1534   -1   1483   2
c  1632   -1   1435   2
c  1535   -1   1435   2
r  1438   1489   1337   2
c  1630   -1   1531   2
c  1678   -1   1577   2
c  1678   -1   1676   2
r  197   246   95   2
c  145   -1   244   2
r  245   243   296   2
c  296   -1   197   2
r  246   297   195   2
r  147   98   48   2
c  2156   -1   2308   2
c  2157   -1   2253   2
c  2012   -1   2112   2
r  2251   2302   2153   2
r  2354   2403   2152   2
r  2061   2110   2163   2
c  1915   -1   1968   2
c  2014   -1   2063   2
c  1823   -1   2025   2
c  1726   -1   1624   2
c  1774   -1   1624   2
c  1917   -1   1869   2
r  298   346   447   2
r  450   300   398   2
r  550   599   598   2
c  449   -1   498   2
c  600   -1   499   2
r  797   848   849   2
c  799   -1   899   2
r  849   847   748   2
c  700   -1   748   2
r  800   900   748   2
r  650   699   698   2
c  299   -1   297   2
c  349   -1   200   2
c  945   -1   897   2
c  847   -1   798   2
c  1677   -1   1626   2
c  1682   -1   1532   2
r  1584   1685   1484   2
c  1487   -1   1586   2
c  1586   -1   1486   2
c  1635   -1   1586   2
r  1340   1391   1439   2
c  1292   -1   1193   2
r  46   95   196   2
c  97   -1   197   2
r  45   146   196   2
r  2062   2111   2162   2
c  2453   -1   2354   2
c  2404   -1   2304   2
r  2303   2352   2254   2
c  2213   -1   2112   2
c  2116   -1   2216   2
c  2019   -1   2070   2
c  1967   -1   1970   2
c  1825   -1   1777   2
c  1778   -1   1726   2
c  1924   -1   1975   2
c  1974   -1   1872   2
r  2071   2069   1970   2
r  249   300   298   2
r  350   297   250   2
r  948   950   999   2
r  900   948   750   2
r  949   1048   849   2
c  199   -1   98   2
c  300   -1   248   2
r  250   349   248   2
c  1046   -1   994   2
r  897   998   895   2
c  998   -1   846   2
c  1933   -1   1680   2
c  1785   -1   1586   2
c  1832   -1   1634   2
c  1781   -1   1879   2
c  1343   -1   1243   2
c  1342   -1   1290   2
c  1441   -1   1541   2
c  1779   -1   1731   2
c  1244   -1   1192   2
c  1047   -1   1146   2
r  98   96   150   2
r  49   149   150   2
r  99   48   148   2
c  149   -1   48   2
c  2357   -1   2308   2
r  2351   2402   2353   2
r  2402   2353   2302   2
r  2457   2405   2306   2
c  2454   -1   2356   2
c  2456   -1   2408   2
c  2403   -1   2302   2
c  2452   -1   2353   2
r  2352   2401   2452   2
c  2401   -1   2302   2
r  2214   2114   2165   2
c  2312   -1   2212   2
c  2216   -1   2265   2
c  2266   -1   2365   2
r  1925   1974   1876   2
r  1828   1776   1780   2
c  2169   -1   2120   2
c  1049   -1   950   2
r  100   149   199   2
c  1099   -1   999   2
c  1831   -1   1730   2
c  1786   -1   1687   2
c  1883   -1   1831   2
c  1983   -1   1883   2
c  1589   -1   1489   2
r  1978   1929   1879   2
c  1928   -1   1830   2
c  1344   -1   1244   2
c  1491   -1   1590   2
c  1494   -1   1442   2
c  1444   -1   1446   2
r  50   149   99   2
c  2459   -1   2362   2
r  2462   2411   2414   2
r  2451   2302   2403   2
r  2264   2366   2466   2
r  2314   2263   2266   2
c  2267   -1   2314   2
r  2316   2368   2367   2
c  2124   -1   2175   2
c  2175   -1   2075   2
c  2173   -1   2127   2
c  2223   -1   2073   2
c  2174   -1   2172   2
c  1200   -1   1099   2
c  1150   -1   1299   2
c  1984   -1   2082   2
c  1886   -1   1934   2
c  2034   -1   1934   2
c  1690   -1   1541   2
c  1789   -1   1887   2
c  1937   -1   1835   2
c  1980   -1   1929   2
c  1345   -1   1396   2
c  1545   -1   1594   2
c  1449   -1   1294   2
c  1148   -1   1197   2
r  2364   2416   2466   2
c  2415   -1   2264   2
r  2466   2417   2366   2
c  2367   -1   2268   2
r  2467   2367   2368   2
r  2269   2318   2271   2
c  2226   -1   2175   2
r  2273   2326   2374   2
c  2321   -1   2370   2
c  2374   -1   2371   2
c  1248   -1   1196   2
r  1300   1199   1349   2
c  1249   -1   1247   2
c  1840   -1   1938   2
c  1938   -1   1838   2
c  1792   -1   1790   2
c  1599   -1   1495   2
c  1646   -1   1548   2
c  1450   -1   1349   2
r  1349   1248   1448   2
r  1350   1398   1399   2
c  2464   -1   2416   2
r  2416   2414   2463   2
r  2369   2420   2371   2
r  2470   2370   2368   2
r  2468   2318   2367   2
r  2371   2322   2319   2
r  2469   2420   2370   2
c  2327   -1   2329   2
c  2329   -1   2378   2
c  2279   -1   2330   2
c  1297   -1   1398   2
c  2135   -1   2236   2
c  2234   -1   2334   2
c  2238   -1   2136   2
c  1645   -1   1847   2
c  1645   -1   1948   2
c  1892   -1   1841   2
r  1549   1450   1497   2
c  1548   -1   1600   2
r  1550   1498   1649   2
r  2422   2373   2324   2
r  2376   2378   2427   2
r  2425   2423   2427   2
c  2427   -1   2476   2
c  2330   -1   2182   2
r  2280   2331   2282   2
r  2472   2371   2423   2
c  2088   -1   2090   2
c  2090   -1   2138   2
c  2090   -1   1990   2
r  2288   2438   2341   2
c  2340   -1   2238   2
c  2340   -1   2188   2
r  1749   1800   1696   2
c  2478   -1   2426   2
c  2480   -1   2379   2
c  2332   -1   2283   2
c  2382   -1   2483   2
c  2287   -1   2190   2
r  2384   2333   2483   2
r  2337   2388   2288   2
c  1849   -1   1847   2
r  1900   1848   1847   2
c  1998   -1   1848   2
c  1994   -1   1746   2
c  1799   -1   1648   2
r  1750   1799   1849   2
c  1999   -1   1748   2
r  2481   2380   2433   2
r  2431   2380   2433   2
r  2485   2483   2434   2
c  2486   -1   2484   2
r  2383   2481   2432   2
c  2386   -1   2435   2
c  2438   -1   2489   2
c  2093   -1   2044   2
c  2388   -1   2440   2
c  2436   -1   2337   2
c  2491   -1   2341   2
c  2244   -1   2143   2
c  1800   -1   1798   2
c  2049   -1   2200   2
r  2487   2484   2435   2
c  2489   -1   2386   2
r  2490   2390   2442   2
r  2344   2395   2443   2
r  2443   2492   2345   2
c  2297   -1   2196   2
c  2395   -1   2496   2
c  2145   -1   2097   2
c  2098   -1   2149   2
c  2149   -1   2298   2
r  2396   2494   2394   2
c  2495   -1   2394   2
c  2445   -1   2494   2
r  2199   2250   2300   2
c  2249   -1   2350   2
r  2348   2346   2449   2
r  2299   2250   2198   2
r  2397   2449   2346   2
r  2398   2350   2400   2
r  2449   2398   2496   2
r  2350   2450   2448   2
r  2399   2499   2498   2
r  2500   2449   2498   2
c  2499   -1   2448   2
c  2499   -1   2400   2
r  2400   2448   2447   2
r  2450   2499   2349   2
r  1   52   102   3
r  51   153   102   3
r  53   201   153   3
r  101   152   3   3
r  3   103   51   3
r  202   253   53   3
r  104   153   102   3
r  201   153   253   3
r  105   253   252   3
r  204   252   153   3
r  6   57   157   3
r  301   303   252   3
r  58   107   110   3
r  502   352   301   3
r  501   401   351   3
r  8   110   109   3
r  60   111   58   3
r  11   60   109   3
r  61   110   109   3
r  551   553   401   3
r  62   11   110   3
c  165   -1   213   3
r  63   111   114   3
r  603   554   552   3
r  601   552   554   3
r  409   560   357   3
r  163   65   62   3
r  14   65   62   3
r  315   364   363   3
r  752   653   703   3
r  18   71   69   3
r  16   18   115   3
r  66   165   69   3
r  659   661   708   3
r  710   708   661   3
r  21   23   74   3
r  567   569   520   3
r  851   951   903   3
r  222   271   372   3
r  474   573   523   3
r  858   807   957   3
r  814   816   865   3
r  25   124   121   3
r  173   74   121   3
r  124   24   72   3
r  23   72   124   3
r  275   324   224   3
r  1001   952   1053   3
r  1006   1058   1156   3
r  625   576   727   3
r  774   874   723   3
r  77   128   129   3
c  1156   -1   1103   3
r  1162   1211   1113   3
r  530   581   632   3
r  726   677   825   3
r  229   278   180   3
c  130   -1   128   3
r  1111   1212   1012   3
r  430   479   478   3
r  281   286   180   3
r  1303   1453   1351   3
r  1251   1202   1303   3
r  1402   1451   1453   3
r  1451   1453   1552   3
r  1453   1502   1351   3
r  1351   1353   1405   3
r  685   734   736   3
r  1026   1125   1078   3
r  133   82   34   3
r  1071   1173   1122   3
r  1353   1453   1404   3
r  1504   1405   1404   3
r  1604   1555   1553   3
r  83   85   183   3
r  487   439   434   3
r  1177   1179   1078   3
r  185   136   286   3
r  1652   1603   1654   3
r  1701   1653   1753   3
r  1751   1704   1753   3
c  1605   -1   1559   3
r  388   390   439   3
r  885   934   883   3
r  1030   931   1032   3
r  1278   1230   1179   3
r  1321   1270   1221   3
r  1704   1701   1753   3
r  1511   1560   1563   3
r  692   643   640   3
r  1037   938   989   3
r  1613   1662   1615   3
r  1519   1568   1517   3
r  340   288   238   3
r  544   492   444   3
r  495   546   444   3
r  741   641   694   3
r  1085   1036   1034   3
r  140   91   188   3
r  39   90   140   3
r  40   89   141   3
r  1905   2006   2055   3
r  1757   1806   1759   3
r  1622   1673   1571   3
r  446   343   394   3
r  496   547   498   3
r  1954   1902   1903   3
r  1951   1902   1903   3
r  843   845   745   3
r  598   600   499   3
r  1576   1574   1527   3
r  93   44   196   3
r  2106   2104   2055   3
r  1919   1921   2020   3
r  1872   1821   1972   3
r  296   195   348   3
r  648   597   546   3
c  698   -1   849   3
r  45   196   195   3
r  147   48   199   3
r  46   97   95   3
r  47   99   98   3
r  2201   2252   2152   3
r  1726   1624   1728   3
r  700   749   698   3
r  350   250   248   3
r  198   200   99   3
r  300   349   398   3
r  250   299   199   3
r  947   996   945   3
r  999   947   895   3
r  799   748   900   3
r  850   748   798   3
r  1095   996   1147   3
r  148   200   199   3
r  48   148   150   3
r  49   150   199   3
r  99   199   97   3
r  2251   2153   2302   3
r  2455   2306   2304   3
r  2260   2309   2308   3
r  2353   2404   2302   3
r  2403   2302   2354   3
r  2452   2353   2354   3
r  2454   2456   2354   3
r  2212   2210   2263   3
r  800   748   900   3
r  149   48   198   3
r  100   49   48   3
r  50   99   199   3
c  1146   -1   1396   3
r  1000   948   1049   3
r  2409   2458   2406   3
r  2352   2452   2453   3
r  2351   2353   2303   3
r  2356   2354   2456   3
r  2451   2403   2353   3
r  1149   1250   1198   3
r  1200   1249   1299   3
r  1249   1247   1147   3
r  2457   2306   2408   3
r  2271   2370   2220   3
r  2321   2273   2374   3
r  1199   1247   1299   3
r  1299   1248   1399   3
r  1449   1294   1349   3
r  1247   1196   1299   3
r  2364   2464   2465   3
r  2416   2413   2412   3
r  2463   2465   2466   3
r  2323   2222   2321   3
r  2468   2417   2368   3
r  2420   2468   2369   3
r  1497   1597   1649   3
r  1498   1450   1447   3
r  1300   1200   1348   3
r  1547   1697   1549   3
r  1600   1598   1597   3
r  2465   2365   2414   3
r  2464   2466   2415   3
r  2377   2476   2426   3
r  2426   2428   2327   3
r  2427   2476   2327   3
r  2471   2469   2423   3
r  2470   2368   2419   3
r  2472   2372   2371   3
r  1650   1549   1548   3
r  1698   1649   1847   3
r  2479   2379   2427   3
r  2382   2481   2334   3
r  2433   2333   2284   3
r  2292   2241   2341   3
r  2386   2437   2340   3
r  1750   1849   1847   3
r  1700   1649   1698   3
r  2431   2433   2382   3
c  2483   -1   2481   3
r  2485   2385   2436   3
r  2489   2386   2338   3
r  2487   2485   2338   3
r  2442   2493   2341   3
r  2439   2338   2490   3
r  1850   1847   1798   3
r  2395   2496   2346   3
r  2150   2199   2298   3
r  2494   2443   2395   3
r  2445   2494   2496   3
r  2495   2394   2443   3
r  2248   2199   2197   3
r  2347   2298   2449   3
r  2496   2498   2400   3
r  2497   2446   2449   3
r  2350   2448   2447   3
r  2498   2400   2349   3
r  2500   2498   2400   3
r  2400   2447   2448   3
r  2399   2348   2496   3
r  2499   2448   2349   3
r  2450   2349   2399   3
r  1   102   152   4
r  152   252   105   4
r  101   53   253   4
r  52   152   3   4
r  102   202   253   4
r  3   51   152   4
r  201   152   53   4
r  151   102   252   4
r  105   252   253   4
r  104   102   253   4
r  251   302   102   4
r  4   55   105   4
r  303   254   153   4
r  254   154   252   4
r  404   355   253   4
r  353   252   254   4
r  451   402   352   4
r  551   401   352   4
r  9   109   110   4
r  161   263   62   4
r  61   63   110   4
r  601   701   653   4
r  606   555   553   4
r  603   654   554   4
r  705   703   554   4
r  753   802   554   4
r  13   64   110   4
r  163   62   161   4
r  804   806   755   4
r  801   852   702   4
r  707   756   705   4
r  112   114   63   4
r  14   114   163   4
r  115   67   64   4
r  16   19   68   4
r  69   67   72   4
r  467   419   465   4
r  660   709   759   4
r  613   463   512   4
r  710   661   708   4
r  901   852   903   4
r  951   1002   904   4
r  907   856   806   4
r  21   74   75   4
r  469   520   467   4
r  518   569   520   4
r  956   907   904   4
r  1057   1108   1156   4
r  1001   1053   1052   4
r  815   817   763   4
r  910   912   810   4
r  1006   1106   1054   4
r  1152   1252   1103   4
r  123   74   223   4
r  23   124   75   4
r  1013   962   964   4
r  1055   1155   1006   4
r  1105   1054   1156   4
r  1351   1405   1203   4
r  227   328   276   4
r  1356   1303   1405   4
r  1303   1403   1453   4
r  1305   1405   1303   4
r  1501   1453   1401   4
r  29   81   31   4
r  129   281   81   4
r  920   871   969   4
r  1359   1310   1307   4
r  181   281   129   4
r  776   727   876   4
r  970   972   871   4
r  1459   1558   1508   4
r  1652   1654   1753   4
r  1702   1751   1753   4
r  82   183   233   4
r  282   333   134   4
r  381   231   383   4
r  1177   1128   1024   4
r  1076   1125   1025   4
r  1703   1651   1752   4
r  1801   1701   1803   4
r  787   687   735   4
r  388   439   335   4
r  1515   1518   1467   4
r  542   640   442   4
r  1327   1278   1279   4
r  1084   1184   983   4
r  1133   1182   1233   4
r  1086   989   985   4
r  1665   1765   1714   4
r  1811   1862   1859   4
r  2002   2101   2051   4
r  240   191   340   4
r  2051   2203   2103   4
r  41   141   195   4
r  695   596   646   4
r  1188   1089   1139   4
r  1384   1284   1435   4
r  1723   1772   1674   4
r  1525   1426   1577   4
r  2252   2301   2201   4
r  2210   2308   2161   4
r  92   90   95   4
r  43   90   195   4
r  1577   1628   1679   4
r  1388   1488   1337   4
r  1140   1188   1239   4
r  2063   1962   2112   4
r  2354   2152   2302   4
r  94   194   146   4
r  46   196   195   4
r  95   146   194   4
r  97   148   199   4
r  44   95   145   4
r  47   98   199   4
r  298   447   195   4
r  147   199   99   4
r  600   499   598   4
r  698   849   598   4
r  650   647   598   4
r  1626   1577   1725   4
r  1584   1635   1486   4
r  1488   1537   1390   4
r  1974   1926   2025   4
r  2403   2354   2304   4
r  2353   2302   2452   4
r  2453   2305   2253   4
r  2215   2166   2314   4
r  2406   2355   2308   4
r  2407   2456   2308   4
r  2352   2453   2452   4
r  2402   2453   2354   4
r  2405   2356   2302   4
r  2404   2304   2353   4
r  2401   2302   2354   4
r  98   150   46   4
r  48   150   199   4
r  99   148   48   4
r  149   198   97   4
r  150   99   47   4
r  198   249   150   4
r  200   248   149   4
r  749   698   849   4
r  799   900   748   4
r  400   449   398   4
r  350   248   449   4
r  1293   1344   1244   4
r  2170   2219   2271   4
r  2412   2414   2466   4
r  2451   2353   2403   4
r  2316   2367   2368   4
r  100   199   98   4
r  49   97   150   4
r  50   199   148   4
r  1640   1642   1589   4
r  1195   1193   1143   4
r  1147   1198   1349   4
r  2223   2073   2124   4
r  2270   2268   2321   4
r  2414   2365   2466   4
r  2465   2414   2365   4
r  2370   2417   2418   4
r  1248   1297   1299   4
r  1347   1298   1349   4
r  1198   1349   1399   4
r  1250   1299   1449   4
r  1300   1349   1200   4
r  1299   1399   1398   4
r  1599   1548   1547   4
r  1448   1347   1499   4
r  1249   1147   1348   4
r  2322   2374   2423   4
r  2470   2419   2421   4
r  2421   2423   2474   4
r  2376   2427   2423   4
r  2377   2426   2428   4
r  2473   2422   2424   4
r  2284   2335   2382   4
r  1847   1898   1899   4
r  1699   1748   1650   4
r  2484   2433   2382   4
r  2289   2340   2291   4
r  2339   2288   2341   4
r  1798   1849   1847   4
r  1800   1798   1847   4
r  2386   2340   2338   4
r  2435   2484   2483   4
r  2097   2095   2146   4
r  2482   2433   2383   4
r  2487   2338   2436   4
r  2098   2146   2248   4
r  2100   2149   2200   4
r  2147   2045   2098   4
r  2444   2446   2395   4
r  2446   2494   2394   4
r  2295   2195   2446   4
r  2495   2443   2450   4
r  2299   2350   2248   4
r  2448   2399   2495   4
r  2449   2349   2298   4
r  2447   2496   2449   4
r  2300   2298   2448   4
r  2398   2349   2496   4
r  2450   2399   2349   4
r  2399   2498   2348   4
r  2498   2449   2400   4
r  2499   2349   2399   4
r  2500   2448   2449   4
r  1   53   153   5
r  51   102   201   5
r  2   102   53   5
r  152   105   253   5
r  101   253   53   5
r  52   3   152   5
r  103   105   253   5
r  201   253   153   5
r  53   153   252   5
r  151   202   253   5
r  202   53   253   5
r  204   152   252   5
r  251   102   253   5
r  352   401   253   5
r  403   452   401   5
r  451   352   552   5
r  505   556   454   5
r  601   554   552   5
r  651   554   553   5
r  9   110   108   5
r  8   109   110   5
r  59   56   110   5
r  508   357   408   5
r  10   61   109   5
r  602   653   554   5
r  652   552   554   5
r  754   756   554   5
r  61   109   8   5
r  801   902   852   5
r  62   110   163   5
r  112   63   164   5
r  561   512   661   5
r  115   64   69   5
r  710   758   661   5
r  16   68   117   5
r  118   69   70   5
r  19   68   121   5
r  269   318   317   5
r  21   73   72   5
r  714   763   815   5
r  861   910   859   5
r  22   121   75   5
r  122   223   124   5
r  423   374   223   5
r  1106   1157   1054   5
r  23   75   121   5
r  123   121   74   5
r  173   121   75   5
r  27   76   78   5
r  574   623   522   5
r  1012   1112   1060   5
r  1502   1402   1504   5
r  377   328   277   5
r  128   180   77   5
r  675   724   773   5
r  1501   1452   1552   5
r  1651   1552   1753   5
r  1601   1552   1502   5
r  1212   1161   1111   5
r  80   129   28   5
r  826   828   727   5
r  1019   1067   1118   5
r  181   129   229   5
r  280   229   179   5
r  1317   1417   1217   5
r  33   31   85   5
r  182   333   134   5
r  183   32   234   5
r  1076   1025   1078   5
r  833   784   882   5
r  1663   1714   1666   5
r  1901   1952   1853   5
r  337   285   137   5
r  1810   1859   1863   5
r  1911   2011   1859   5
r  1951   2003   1902   5
r  740   791   689   5
r  887   936   788   5
r  491   542   592   5
r  40   189   89   5
r  1428   1376   1375   5
r  1379   1280   1332   5
r  1136   987   985   5
r  2015   1966   2013   5
r  2303   2354   2152   5
r  2206   2157   2402   5
r  2254   2203   2354   5
r  1525   1574   1678   5
r  1575   1573   1475   5
r  496   500   598   5
r  1918   1967   1866   5
r  2166   2115   2267   5
r  2211   2160   2313   5
r  2402   2354   2304   5
r  2301   2201   2253   5
r  2352   2452   2304   5
r  2351   2303   2354   5
r  2453   2354   2304   5
r  1625   1725   1574   5
r  1919   2020   2019   5
r  42   141   195   5
r  2455   2305   2354   5
r  2403   2452   2354   5
r  2404   2353   2304   5
r  2405   2302   2354   5
r  2454   2356   2403   5
r  2451   2403   2352   5
r  2407   2308   2307   5
r  2459   2362   2408   5
r  245   145   146   5
r  246   346   145   5
r  296   197   195   5
r  147   47   96   5
r  148   199   96   5
r  946   847   846   5
r  1093   1045   1145   5
r  2411   2208   2360   5
r  2265   2316   2314   5
r  2318   2316   2266   5
r  2317   2216   2466   5
r  2458   2406   2356   5
r  98   49   50   5
r  200   149   99   5
r  400   398   298   5
r  99   97   199   5
r  49   150   97   5
r  149   97   198   5
r  699   799   748   5
r  897   948   949   5
r  750   748   849   5
r  1538   1589   1586   5
r  2413   2465   2466   5
r  2414   2463   2412   5
r  2319   2418   2467   5
r  2464   2415   2466   5
r  50   148   199   5
r  100   98   199   5
r  900   750   799   5
r  1050   1099   999   5
r  1789   1887   1688   5
r  1540   1489   1440   5
r  2224   2175   2276   5
r  1196   1295   1396   5
r  2032   2034   1984   5
r  1197   1248   1295   5
r  2423   2374   2421   5
r  2324   2423   2326   5
r  1347   1296   1448   5
r  1250   1349   1299   5
r  1300   1348   1398   5
r  1499   1398   1399   5
r  1450   1350   1448   5
r  1247   1299   1348   5
r  2425   2427   2421   5
r  2475   2426   2427   5
r  2476   2425   2327   5
r  1598   1649   1600   5
r  1649   1600   1549   5
r  1550   1599   1450   5
r  2477   2425   2376   5
r  2332   2432   2483   5
r  2383   2432   2282   5
r  1648   1697   1650   5
r  1650   1548   1647   5
r  1746   1844   1847   5
r  1697   1748   1746   5
r  2481   2430   2382   5
r  2434   2483   2382   5
r  2341   2290   2393   5
r  2292   2341   2439   5
r  2392   2292   2443   5
r  1947   1895   1847   5
r  1799   1648   1847   5
r  1850   1798   1847   5
r  2439   2388   2341   5
r  2243   2294   2394   5
r  1950   1847   1997   5
r  1800   1847   1798   5
r  2150   2099   2196   5
r  2495   2395   2394   5
r  2248   2197   2148   5
r  2348   2299   2400   5
r  2300   2448   2298   5
r  2350   2447   2298   5
r  2500   2400   2298   5
r  2397   2346   2349   5
r  2497   2449   2249   5
r  2398   2400   2449   5
r  2349   2300   2400   5
r  2399   2496   2498   5
r  2498   2400   2449   5
r  2499   2400   2448   5
r  1   153   253   6
r  51   201   253   6
r  2   53   102   6
r  152   253   252   6
r  101   53   103   6
r  52   152   153   6
r  103   253   201   6
r  3   102   253   6
r  202   153   204   6
r  254   306   53   6
r  54   5   253   6
r  53   152   253   6
r  304   255   253   6
r  5   156   253   6
r  201   53   252   6
r  353   253   252   6
r  56   157   108   6
r  403   354   503   6
r  351   402   552   6
r  402   453   502   6
r  57   9   8   6
r  501   351   552   6
r  7   56   59   6
r  9   58   110   6
r  10   109   108   6
r  602   651   503   6
r  606   503   554   6
r  215   167   217   6
r  61   8   161   6
r  112   164   114   6
r  64   113   163   6
r  167   165   115   6
r  68   119   115   6
r  15   66   63   6
r  902   851   904   6
r  67   16   115   6
r  66   69   117   6
r  17   69   117   6
r  20   120   72   6
r  16   115   68   6
r  956   1005   1054   6
r  320   271   420   6
r  120   71   169   6
r  271   273   269   6
r  862   963   761   6
r  1102   1154   1003   6
r  1107   1156   1158   6
r  1051   953   1004   6
r  74   72   172   6
r  961   963   913   6
r  1101   1052   1054   6
r  1351   1354   1252   6
r  23   74   75   6
r  1251   1303   1351   6
r  28   128   127   6
r  1356   1405   1404   6
r  1354   1405   1505   6
r  1163   1111   1165   6
r  29   80   81   6
r  129   180   127   6
r  1216   1316   1268   6
r  1261   1212   1411   6
r  1021   871   1072   6
r  1854   1801   1902   6
r  1851   1853   1753   6
r  132   183   233   6
r  33   85   233   6
r  34   82   134   6
r  281   180   181   6
r  483   384   584   6
r  584   635   536   6
r  1127   1176   1078   6
r  1852   1801   1752   6
r  382   331   434   6
r  432   381   383   6
r  485   436   434   6
r  637   589   538   6
r  880   882   980   6
r  1903   1901   1852   6
r  1954   1951   1853   6
r  1952   2051   2003   6
r  1953   1904   1902   6
r  1956   2055   2007   6
r  1951   1902   2003   6
r  37   86   137   6
r  38   136   85   6
r  1320   1269   1322   6
r  2103   2052   2105   6
r  39   143   137   6
r  1232   1181   1082   6
r  1231   1283   1233   6
r  2111   2160   2013   6
r  2205   2154   2253   6
r  2201   2253   2101   6
r  139   90   195   6
r  141   241   193   6
r  340   190   189   6
r  493   542   442   6
r  1036   1033   1085   6
r  1671   1620   1520   6
r  2061   2112   2162   6
r  2308   2409   2356   6
r  2251   2151   2253   6
r  41   195   142   6
r  1285   1185   1386   6
r  2113   2062   2013   6
r  2164   2263   2212   6
r  2355   2402   2304   6
r  2402   2302   2354   6
r  2453   2304   2354   6
r  2352   2304   2354   6
r  2351   2354   2353   6
r  194   197   145   6
r  245   146   199   6
r  45   145   96   6
r  46   95   199   6
r  43   92   96   6
r  296   348   243   6
r  93   196   195   6
r  96   145   195   6
r  44   145   195   6
r  94   145   195   6
r  49   199   195   6
r  1626   1725   1678   6
r  2405   2354   2304   6
r  2454   2354   2304   6
r  2401   2452   2304   6
r  2451   2352   2304   6
r  2452   2354   2403   6
r  199   98   96   6
r  197   146   296   6
r  397   348   446   6
r  98   50   96   6
r  200   99   97   6
r  97   199   150   6
r  48   97   96   6
r  99   48   150   6
r  50   150   99   6
r  547   599   647   6
r  796   845   794   6
r  1484   1535   1435   6
r  2363   2412   2466   6
r  2168   2217   2117   6
r  2264   2466   2266   6
r  2466   2366   2266   6
r  149   198   48   6
r  198   150   97   6
r  100   48   198   6
r  300   248   449   6
r  548   496   546   6
r  649   697   547   6
r  500   597   598   6
r  699   750   598   6
r  700   698   598   6
r  798   745   796   6
r  2022   1922   1973   6
r  2413   2462   2416   6
r  2319   2368   2419   6
r  2416   2412   2414   6
r  2464   2416   2415   6
r  900   799   748   6
r  550   598   599   6
r  750   798   799   6
r  1537   1586   1488   6
r  1440   1493   1541   6
r  1095   1146   1195   6
r  2469   2369   2269   6
r  1099   1150   1047   6
r  1444   1446   1545   6
r  2226   2175   2274   6
r  2323   2321   2271   6
r  2372   2421   2471   6
r  2473   2424   2371   6
r  2322   2324   2374   6
r  1050   999   1099   6
r  1100   1149   1299   6
r  1395   1444   1495   6
r  1295   1246   1396   6
r  2274   2276   2225   6
r  2132   2183   2282   6
r  2035   2033   2082   6
r  2474   2422   2423   6
r  1247   1348   1196   6
r  1150   1199   1300   6
r  1499   1450   1349   6
r  1298   1399   1448   6
r  1500   1400   1349   6
r  2428   2379   2327   6
r  2039   2088   2091   6
r  1598   1699   1649   6
r  2429   2480   2477   6
r  2430   2382   2483   6
r  2432   2483   2380   6
r  2283   2182   2382   6
r  2285   2334   2483   6
r  2186   2188   2135   6
r  1648   1597   1700   6
r  1746   1748   1846   6
r  1697   1746   1847   6
r  2480   2379   2382   6
r  2433   2384   2382   6
r  2434   2383   2483   6
r  2485   2434   2382   6
r  2482   2383   2382   6
r  2385   2434   2382   6
r  1849   1898   1998   6
r  1750   1850   1798   6
r  1800   1849   1847   6
r  1700   1749   1798   6
r  2437   2488   2386   6
r  2338   2389   2341   6
r  2489   2387   2441   6
r  2000   1949   2200   6
r  2491   2391   2493   6
r  2342   2442   2439   6
r  2444   2395   2393   6
r  2395   2346   2495   6
r  2199   2300   2248   6
r  2448   2495   2347   6
r  2300   2248   2149   6
r  2350   2449   2497   6
r  2500   2449   2400   6
r  2347   2398   2298   6
r  2400   2448   2298   6
r  2496   2448   2395   6
r  2398   2449   2349   6
r  2349   2250   2449   6
r  2397   2349   2496   6
r  2447   2449   2349   6
r  2450   2349   2448   6
r  2399   2348   2496   6
r  2499   2448   2450   6
r  2497   2249   2449   6
r  1   253   252   7
r  51   253   252   7
r  2   51   253   7
r  152   252   253   7
r  101   3   253   7
r  52   153   253   7
r  103   201   253   7
r  102   253   153   7
r  254   252   152   7
r  201   153   253   7
r  303   204   102   7
r  354   202   103   7
r  154   252   52   7
r  104   204   153   7
r  304   253   103   7
r  4   6   253   7
r  301   252   253   7
r  255   158   253   7
r  256   207   253   7
r  6   106   253   7
r  205   207   203   7
r  403   503   552   7
r  402   502   552   7
r  306   156   359   7
r  7   59   108   7
r  158   109   6   7
r  108   59   110   7
r  501   402   452   7
r  651   553   503   7
r  109   157   107   7
r  8   11   108   7
r  9   110   58   7
r  602   554   553   7
r  408   360   357   7
r  656   604   554   7
r  161   62   110   7
r  10   108   109   7
r  112   114   110   7
r  508   407   459   7
r  62   64   114   7
r  63   114   163   7
r  802   851   804   7
r  413   311   512   7
r  116   63   69   7
r  659   708   661   7
r  903   802   854   7
r  901   802   904   7
r  953   1004   902   7
r  118   70   115   7
r  16   68   115   7
r  905   956   1003   7
r  1051   1102   953   7
r  71   20   19   7
r  368   419   467   7
r  21   75   121   7
r  170   219   269   7
r  961   1012   761   7
r  1005   1003   1103   7
r  1156   1103   1054   7
r  861   960   813   7
r  73   75   174   7
r  764   815   864   7
r  1154   1156   1055   7
r  1253   1205   1351   7
r  124   72   75   7
r  123   74   172   7
r  173   75   124   7
r  1355   1404   1403   7
r  1455   1355   1404   7
r  1112   1061   1060   7
r  1111   1162   1163   7
r  869   769   921   7
r  1260   1311   1363   7
r  1555   1507   1607   7
r  1602   1553   1504   7
r  27   75   127   7
r  179   230   177   7
r  1605   1607   1752   7
r  1751   1753   1703   7
r  29   81   80   7
r  129   127   28   7
r  30   130   28   7
r  180   278   178   7
r  79   81   31   7
r  1658   1709   1606   7
r  1853   1902   1753   7
r  582   483   530   7
r  781   830   829   7
r  132   233   134   7
r  1127   1078   1027   7
r  1563   1662   1512   7
r  1851   1753   1853   7
r  1854   1753   1905   7
r  33   82   132   7
r  1077   1177   1025   7
r  880   929   882   7
r  2001   1902   2003   7
r  83   183   233   7
r  234   33   82   7
r  35   86   133   7
r  1271   1222   1324   7
r  1372   1321   1374   7
r  1616   1614   1667   7
r  1714   1766   1613   7
r  2002   2051   2055   7
r  2153   2305   2253   7
r  2154   2203   2102   7
r  88   137   86   7
r  1375   1424   1475   7
r  1765   1716   1866   7
r  1964   2015   2066   7
r  2252   2201   2153   7
r  2253   2354   2403   7
r  2204   2253   2305   7
r  2305   2202   2253   7
r  89   188   137   7
r  491   493   442   7
r  190   241   137   7
r  1476   1376   1375   7
r  2251   2302   2304   7
r  2302   2351   2403   7
r  2303   2152   2354   7
r  2352   2354   2253   7
r  2402   2354   2253   7
r  1381   1432   1480   7
r  2067   1967   2069   7
r  2258   2255   2358   7
r  2358   2409   2309   7
r  2407   2307   2308   7
r  2353   2405   2402   7
r  2351   2403   2304   7
r  2401   2354   2403   7
r  2452   2404   2304   7
r  2451   2304   2354   7
r  2453   2253   2304   7
r  2404   2453   2353   7
r  2405   2454   2354   7
r  195   193   199   7
r  142   42   195   7
r  1041   942   1090   7
r  1625   1525   1526   7
r  2411   2360   2310   7
r  2456   2408   2407   7
r  2457   2406   2356   7
r  2459   2456   2360   7
r  143   96   195   7
r  45   96   199   7
r  49   97   198   7
r  146   193   195   7
r  348   247   195   7
r  47   199   195   7
r  99   199   195   7
r  50   199   195   7
r  147   99   195   7
r  149   48   195   7
r  199   96   97   7
r  42   195   44   7
r  647   649   598   7
r  2315   2266   2311   7
r  2268   2370   2319   7
r  2366   2415   2466   7
r  197   296   96   7
r  298   195   199   7
r  97   150   99   7
r  148   150   199   7
r  98   46   199   7
r  150   199   96   7
r  100   199   96   7
r  48   96   99   7
r  398   449   350   7
r  300   398   199   7
r  649   547   546   7
r  549   600   649   7
r  550   599   598   7
r  1242   1193   1239   7
r  2076   2024   2025   7
r  2072   2020   2124   7
r  2463   2415   2414   7
r  2413   2466   2415   7
r  2364   2465   2463   7
r  2468   2368   2319   7
r  500   598   398   7
r  848   850   949   7
r  850   799   748   7
r  898   949   748   7
r  2078   1979   2030   7
r  2469   2370   2371   7
r  900   748   799   7
r  1000   1049   998   7
r  1539   1639   1541   7
r  2275   2226   2175   7
r  2273   2374   2276   7
r  2371   2319   2423   7
r  1148   1299   1246   7
r  2277   2325   2225   7
r  2230   2330   2380   7
r  2180   2281   2330   7
r  1347   1448   1398   7
r  1397   1350   1349   7
r  1198   1249   1349   7
r  1299   1348   1247   7
r  1250   1449   1199   7
r  1400   1349   1448   7
r  1350   1348   1299   7
r  1249   1349   1197   7
r  1298   1448   1198   7
r  1500   1350   1448   7
r  2476   2376   2427   7
r  2475   2424   2327   7
r  2379   2376   2327   7
r  2478   2427   2327   7
r  2427   2327   2376   7
r  2380   2329   2483   7
r  1297   1348   1448   7
r  1648   1700   1546   7
r  1598   1649   1647   7
r  1597   1698   1649   7
r  1647   1696   1847   7
r  2479   2430   2382   7
r  2285   2483   2337   7
r  1847   1899   1748   7
r  1948   1996   1847   7
r  2189   2140   2290   7
r  1747   1647   1847   7
r  2480   2382   2483   7
r  2435   2483   2382   7
r  1749   1696   1847   7
r  1700   1698   1847   7
r  1947   1847   1998   7
r  2487   2436   2386   7
r  2489   2441   2341   7
r  1800   1847   1749   7
r  2048   2097   1950   7
r  2200   2099   1999   7
r  2492   2490   2341   7
r  2293   2345   2393   7
r  2145   2097   2093   7
r  2197   2098   2248   7
r  2394   2443   2345   7
r  2297   2196   2198   7
r  2348   2400   2496   7
r  2350   2497   2149   7
r  2400   2449   2498   7
r  2450   2448   2298   7
r  2399   2496   2298   7
r  2497   2449   2298   7
r  2300   2298   2249   7
r  2494   2395   2496   7
r  2398   2349   2449   7
r  2349   2400   2496   7
r  2498   2349   2398   7
r  2499   2450   2400   7
r  1   252   253   8
r  51   252   253   8
r  2   253   252   8
r  101   253   252   8
r  52   253   252   8
r  103   253   252   8
r  102   201   253   8
r  151   253   102   8
r  254   53   252   8
r  54   3   103   8
r  201   252   203   8
r  353   252   253   8
r  154   52   253   8
r  351   451   253   8
r  155   208   253   8
r  503   603   253   8
r  53   253   153   8
r  4   253   6   8
r  402   552   554   8
r  6   253   108   8
r  502   401   351   8
r  401   453   553   8
r  553   601   604   8
r  601   552   503   8
r  407   356   459   8
r  108   110   159   8
r  501   452   401   8
r  7   108   110   8
r  359   308   357   8
r  58   6   107   8
r  602   503   653   8
r  652   601   553   8
r  655   657   554   8
r  751   702   554   8
r  59   8   108   8
r  11   110   108   8
r  10   110   108   8
r  60   109   8   8
r  9   108   109   8
r  703   554   804   8
r  557   506   459   8
r  13   62   163   8
r  62   163   110   8
r  63   163   110   8
r  64   163   110   8
r  851   952   904   8
r  853   804   801   8
r  14   163   115   8
r  116   69   68   8
r  954   1005   1052   8
r  955   953   1054   8
r  1004   1055   904   8
r  712   763   810   8
r  18   69   67   8
r  67   116   16   8
r  17   117   115   8
r  1052   1203   1103   8
r  1156   1054   1205   8
r  1101   1054   1053   8
r  1104   1055   1156   8
r  568   566   520   8
r  23   75   71   8
r  22   71   121   8
r  224   124   172   8
r  226   326   172   8
r  374   276   372   8
r  621   520   623   8
r  1351   1203   1202   8
r  1302   1253   1202   8
r  1401   1502   1552   8
r  1354   1403   1402   8
r  1501   1552   1602   8
r  1601   1603   1753   8
r  1361   1310   1363   8
r  229   180   330   8
r  179   177   281   8
r  128   131   28   8
r  724   824   624   8
r  674   625   577   8
r  1651   1502   1752   8
r  1313   1365   1413   8
r  1118   1120   1167   8
r  80   31   127   8
r  30   81   130   8
r  81   130   28   8
r  31   28   178   8
r  631   583   529   8
r  628   728   529   8
r  1072   1123   921   8
r  1659   1759   1606   8
r  1702   1753   1653   8
r  1751   1703   1803   8
r  82   134   133   8
r  132   84   233   8
r  232   132   134   8
r  581   532   482   8
r  826   727   824   8
r  1025   1027   1126   8
r  1709   1757   1707   8
r  1851   1853   1803   8
r  1855   1753   1903   8
r  1901   1852   1903   8
r  1954   1903   1956   8
r  83   233   183   8
r  33   233   134   8
r  1126   1177   1078   8
r  1321   1221   1272   8
r  1272   1324   1223   8
r  1761   1710   1859   8
r  1763   1814   1765   8
r  1807   1708   1759   8
r  1953   1955   2052   8
r  1951   2003   1902   8
r  2002   1902   1903   8
r  1420   1372   1472   8
r  1370   1421   1419   8
r  85   88   137   8
r  1226   1326   1174   8
r  2051   2103   2152   8
r  2104   2155   2152   8
r  2105   2156   2152   8
r  1572   1423   1472   8
r  88   86   137   8
r  1327   1279   1226   8
r  1423   1425   1374   8
r  1230   1181   1233   8
r  1815   1866   1915   8
r  2253   2403   2304   8
r  2204   2305   2253   8
r  1523   1525   1475   8
r  90   142   92   8
r  691   689   591   8
r  491   592   591   8
r  1132   1232   1231   8
r  2303   2354   2403   8
r  2254   2305   2403   8
r  2352   2403   2356   8
r  2354   2302   2253   8
r  2452   2403   2253   8
r  2454   2403   2253   8
r  2306   2354   2308   8
r  1723   1674   1624   8
r  41   90   195   8
r  92   41   96   8
r  292   290   340   8
r  888   788   840   8
r  1088   1136   1037   8
r  2402   2253   2354   8
r  2258   2310   2357   8
r  2356   2456   2408   8
r  2351   2353   2354   8
r  2453   2304   2353   8
r  2451   2354   2304   8
r  2405   2354   2353   8
r  2401   2403   2353   8
r  196   245   243   8
r  49   198   96   8
r  99   150   199   8
r  344   295   195   8
r  42   93   195   8
r  293   547   195   8
r  247   296   195   8
r  197   95   195   8
r  298   199   195   8
r  97   197   195   8
r  148   96   195   8
r  98   199   195   8
r  150   47   195   8
r  100   96   195   8
r  48   199   195   8
r  248   297   195   8
r  1530   1481   1533   8
r  1628   1729   1577   8
r  2456   2407   2353   8
r  94   195   199   8
r  297   348   197   8
r  198   97   96   8
r  200   97   96   8
r  50   195   97   8
r  299   297   200   8
r  400   448   398   8
r  2169   2167   2068   8
r  2265   2314   2466   8
r  2314   2216   2466   8
r  2217   2268   2266   8
r  2366   2466   2317   8
r  499   448   546   8
r  449   498   398   8
r  698   649   546   8
r  650   698   546   8
r  995   1046   1047   8
r  1290   1341   1192   8
r  2413   2415   2466   8
r  2464   2415   2365   8
r  800   900   748   8
r  946   845   849   8
r  947   945   848   8
r  848   748   799   8
r  850   748   799   8
r  899   850   798   8
r  1145   1242   1143   8
r  2228   2179   2327   8
r  1097   1146   1099   8
r  1787   1838   1735   8
r  1835   1884   1934   8
r  2084   2035   1983   8
r  2470   2371   2419   8
r  2373   2272   2371   8
r  2275   2175   2226   8
r  2327   2329   2477   8
r  1200   1299   1398   8
r  2035   2082   2135   8
r  2474   2423   2371   8
r  2425   2421   2371   8
r  2427   2376   2327   8
r  2479   2382   2327   8
r  2428   2327   2329   8
r  1198   1399   1299   8
r  1250   1199   1349   8
r  1398   1449   1450   8
r  1938   1989   1889   8
r  1400   1448   1349   8
r  1450   1448   1649   8
r  1297   1398   1349   8
r  2480   2483   2382   8
r  2430   2483   2382   8
r  2432   2381   2483   8
r  2233   2184   2382   8
r  1600   1549   1649   8
r  1597   1649   1549   8
r  1647   1847   1649   8
r  2386   2435   2382   8
r  2189   2290   2340   8
r  1695   1646   1847   8
r  1745   1747   1847   8
r  1698   1847   1749   8
r  2289   2341   2338   8
r  2488   2439   2341   8
r  1897   1846   1748   8
r  1899   1950   1847   8
r  1949   1998   1898   8
r  1895   1994   1795   8
r  2491   2493   2439   8
r  2440   2489   2341   8
r  2490   2488   2341   8
r  1900   1847   1998   8
r  2096   2145   2195   8
r  2247   2148   2198   8
r  2250   2150   2099   8
r  2496   2395   2298   8
r  2446   2394   2298   8
r  2198   2097   2298   8
r  2449   2496   2447   8
r  2347   2449   2496   8
r  2398   2449   2298   8
r  2498   2449   2298   8
r  2499   2400   2298   8
r  2300   2149   2198   8
r  2397   2496   2498   8
r  2447   2498   2496   8
r  2400   2298   2449   8
r  1   253   102   9
r  51   103   252   9
r  2   102   253   9
r  102   253   252   9
r  101   103   253   9
r  52   252   253   9
r  253   204   103   9
r  151   252   253   9
r  103   252   203   9
r  105   54   152   9
r  203   252   251   9
r  154   253   252   9
r  155   255   102   9
r  53   252   253   9
r  54   103   252   9
r  4   105   253   9
r  206   155   253   9
r  106   157   253   9
r  156   107   253   9
r  551   352   253   9
r  6   108   253   9
r  305   254   252   9
r  5   253   54   9
r  403   401   554   9
r  402   554   552   9
r  452   503   351   9
r  208   159   257   9
r  554   453   653   9
r  606   554   653   9
r  701   653   554   9
r  707   806   554   9
r  8   110   59   9
r  61   161   109   9
r  9   109   110   9
r  702   554   753   9
r  751   554   902   9
r  13   163   115   9
r  112   110   11   9
r  562   613   661   9
r  561   612   609   9
r  17   68   117   9
r  18   115   117   9
r  67   115   69   9
r  118   115   69   9
r  951   902   1052   9
r  1007   908   1058   9
r  1154   1103   1156   9
r  814   865   916   9
r  20   68   121   9
r  23   121   72   9
r  223   274   72   9
r  271   269   121   9
r  1253   1256   1352   9
r  75   26   121   9
r  24   73   172   9
r  175   124   224   9
r  621   672   522   9
r  1402   1453   1202   9
r  1352   1453   1303   9
r  1353   1304   1405   9
r  1304   1453   1404   9
r  1301   1202   1303   9
r  1357   1508   1509   9
r  1163   1165   1063   9
r  918   1017   916   9
r  177   128   281   9
r  1454   1353   1505   9
r  1508   1456   1407   9
r  1408   1457   1509   9
r  920   969   769   9
r  870   970   821   9
r  27   78   129   9
r  1318   1316   1167   9
r  129   28   127   9
r  80   127   128   9
r  130   128   127   9
r  31   130   127   9
r  180   279   281   9
r  1702   1651   1753   9
r  1751   1803   1753   9
r  1316   1265   1368   9
r  1120   1219   1171   9
r  233   134   182   9
r  1954   1956   1903   9
r  1369   1371   1472   9
r  83   134   85   9
r  84   33   183   9
r  33   134   85   9
r  34   83   183   9
r  334   383   286   9
r  184   136   286   9
r  85   34   140   9
r  2003   1954   2052   9
r  2002   2055   2004   9
r  1321   1220   1221   9
r  1520   1569   1471   9
r  336   284   434   9
r  436   387   434   9
r  287   285   335   9
r  38   89   137   9
r  538   589   638   9
r  2001   1903   1902   9
r  2006   2055   2004   9
r  2055   2104   2152   9
r  2051   2152   2055   9
r  1719   1721   1670   9
r  1181   1081   1082   9
r  90   92   195   9
r  981   1032   983   9
r  2252   2152   2204   9
r  2204   2253   2153   9
r  91   42   96   9
r  193   139   195   9
r  1085   1034   984   9
r  2206   2158   2304   9
r  2302   2304   2353   9
r  2301   2304   2353   9
r  2403   2304   2253   9
r  2351   2304   2253   9
r  2404   2353   2253   9
r  2455   2304   2253   9
r  2451   2304   2253   9
r  2401   2304   2253   9
r  1821   1869   1922   9
r  1625   1526   1676   9
r  44   96   199   9
r  348   197   96   9
r  47   96   199   9
r  298   296   199   9
r  48   99   97   9
r  92   95   195   9
r  343   345   195   9
r  94   146   195   9
r  297   197   195   9
r  198   96   195   9
r  50   99   195   9
r  349   200   195   9
r  249   200   195   9
r  199   248   96   9
r  96   195   144   9
r  1086   986   1037   9
r  2209   2260   2158   9
r  2256   2156   2308   9
r  2211   2313   2312   9
r  2406   2357   2304   9
r  2409   2406   2308   9
r  2408   2360   2308   9
r  2352   2253   2304   9
r  2453   2353   2304   9
r  2454   2253   2403   9
r  1724   1624   1676   9
r  1286   1335   1386   9
r  246   195   96   9
r  247   195   145   9
r  49   195   199   9
r  98   195   199   9
r  100   195   96   9
r  200   96   248   9
r  400   398   449   9
r  300   449   349   9
r  250   248   96   9
r  696   745   748   9
r  2411   2362   2360   9
r  2114   2163   2063   9
r  2460   2411   2360   9
r  1875   1975   1827   9
r  1534   1483   1435   9
r  1387   1436   1486   9
r  546   647   598   9
r  547   647   696   9
r  2368   2365   2266   9
r  2465   2365   2266   9
r  2365   2409   2466   9
r  2417   2368   2267   9
r  2468   2319   2267   9
r  2218   2270   2271   9
r  599   499   548   9
r  549   598   546   9
r  700   748   546   9
r  550   499   547   9
r  650   546   498   9
r  750   849   748   9
r  2462   2360   2466   9
r  2366   2267   2466   9
r  2367   2267   2419   9
r  2418   2467   2371   9
r  2073   1973   2024   9
r  1732   1681   1832   9
r  1343   1243   1244   9
r  1392   1341   1242   9
r  2370   2418   2423   9
r  2272   2321   2319   9
r  2470   2421   2371   9
r  2221   2170   2321   9
r  2373   2371   2271   9
r  1786   1687   1685   9
r  1789   1787   1841   9
r  1049   950   998   9
r  1000   949   1048   9
r  2423   2323   2425   9
r  2322   2374   2371   9
r  2372   2471   2323   9
r  2422   2324   2323   9
r  2471   2419   2371   9
r  2375   2377   2426   9
r  2329   2378   2327   9
r  1445   1345   1494   9
r  1246   1197   1349   9
r  1148   1246   1299   9
r  1100   1299   1398   9
r  1197   1295   1199   9
r  2376   2327   2427   9
r  2232   2183   2382   9
r  2280   2282   2278   9
r  2428   2329   2327   9
r  2429   2478   2327   9
r  2380   2280   2382   9
r  1447   1549   1349   9
r  1400   1349   1448   9
r  1450   1649   1448   9
r  1199   1148   1349   9
r  1150   1300   1398   9
r  1200   1099   1299   9
r  1249   1348   1298   9
r  1300   1398   1349   9
r  2284   2382   2282   9
r  2285   2336   2334   9
r  2331   2282   2280   9
r  2434   2382   2380   9
r  2333   2284   2483   9
r  1549   1497   1600   9
r  1597   1549   1649   9
r  1696   1645   1799   9
r  2335   2287   2382   9
r  2438   2489   2338   9
r  2436   2337   2382   9
r  2487   2435   2382   9
r  2435   2382   2386   9
r  2289   2338   2240   9
r  1795   1744   1847   9
r  1698   1647   1847   9
r  2388   2339   2337   9
r  2437   2386   2338   9
r  2290   2238   2338   9
r  2443   2491   2341   9
r  2295   2246   2341   9
r  1897   1748   1899   9
r  1850   1799   1798   9
r  1800   1749   1847   9
r  1845   1896   1847   9
r  1899   1847   1998   9
r  2094   2145   2143   9
r  2345   2244   2298   9
r  2296   2345   2298   9
r  2395   2446   2298   9
r  2197   2248   2149   9
r  2496   2298   2394   9
r  2347   2496   2447   9
r  2447   2349   2298   9
r  2099   1950   2148   9
r  2149   2200   2198   9
r  2250   2149   2198   9
r  2249   2350   2149   9
r  2397   2498   2298   9
r  2450   2498   2198   9
r  2497   2495   2449   9
r  2498   2398   2496   9
r  2400   2449   2298   9
r  2449   2447   2498   9
r  2500   2400   2498   9
r  2399   2498   2347   9
r  2300   2198   2298   9
r  2349   2496   2298   9
r  2499   2298   2400   9
r  1   102   253   10
r  51   252   102   10
r  2   253   103   10
r  52   253   104   10
r  102   153   253   10
r  3   152   252   10
r  55   104   153   10
r  104   153   252   10
r  353   254   252   10
r  6   157   105   10
r  204   153   253   10
r  304   103   253   10
r  5   105   253   10
r  56   4   253   10
r  452   351   253   10
r  502   301   253   10
r  107   208   253   10
r  651   503   253   10
r  207   356   253   10
r  154   252   203   10
r  4   253   55   10
r  201   253   103   10
r  552   401   554   10
r  157   206   110   10
r  501   552   452   10
r  704   802   554   10
r  703   754   554   10
r  110   212   108   10
r  8   59   110   10
r  9   110   108   10
r  60   58   109   10
r  12   110   109   10
r  751   902   702   10
r  456   556   357   10
r  804   755   806   10
r  162   211   110   10
r  216   167   69   10
r  805   904   905   10
r  658   758   661   10
r  64   110   163   10
r  65   165   163   10
r  118   69   115   10
r  17   115   68   10
r  19   70   117   10
r  70   121   170   10
r  21   121   69   10
r  268   169   168   10
r  952   1052   904   10
r  1002   1051   904   10
r  1107   1207   1156   10
r  811   859   864   10
r  318   369   467   10
r  120   169   172   10
r  73   124   75   10
r  1051   1004   1103   10
r  1101   1103   953   10
r  1158   1207   1156   10
r  1155   1206   1054   10
r  75   123   172   10
r  25   121   73   10
r  123   172   174   10
r  322   373   223   10
r  1105   1156   1054   10
r  1256   1258   1205   10
r  275   224   226   10
r  276   274   426   10
r  1251   1351   1202   10
r  1303   1453   1202   10
r  1301   1303   1202   10
r  622   522   523   10
r  1410   1361   1363   10
r  80   128   129   10
r  727   729   626   10
r  1460   1463   1409   10
r  1264   1215   1363   10
r  384   335   284   10
r  775   824   876   10
r  726   826   823   10
r  1702   1653   1651   10
r  1752   1801   1853   10
r  1608   1606   1507   10
r  1319   1270   1470   10
r  1074   1123   1172   10
r  33   132   133   10
r  133   34   85   10
r  183   234   85   10
r  135   86   137   10
r  1464   1366   1467   10
r  1853   1753   1902   10
r  1854   1902   1906   10
r  1369   1420   1470   10
r  1224   1272   1275   10
r  1026   1075   1126   10
r  1905   2055   1957   10
r  389   440   387   10
r  189   37   195   10
r  240   340   195   10
r  786   739   788   10
r  1953   2052   2054   10
r  2002   2004   2053   10
r  1907   2007   1905   10
r  1810   1861   1859   10
r  1230   1282   1232   10
r  1376   1427   1475   10
r  490   493   591   10
r  192   141   195   10
r  41   195   96   10
r  833   882   884   10
r  194   145   96   10
r  95   194   199   10
r  45   199   96   10
r  44   199   96   10
r  146   144   199   10
r  47   199   96   10
r  99   199   96   10
r  149   98   96   10
r  42   44   199   10
r  148   199   96   10
r  150   96   199   10
r  48   97   199   10
r  248   197   199   10
r  297   295   199   10
r  198   99   96   10
r  96   196   195   10
r  49   96   195   10
r  98   199   195   10
r  100   96   195   10
r  250   199   195   10
r  345   447   195   10
r  246   145   195   10
r  200   248   195   10
r  300   349   195   10
r  2201   2152   2253   10
r  1674   1726   1678   10
r  742   644   591   10
r  447   496   444   10
r  247   194   96   10
r  197   195   199   10
r  43   195   199   10
r  299   248   199   10
r  400   449   398   10
r  50   195   96   10
r  350   299   96   10
r  2206   2304   2356   10
r  2302   2353   2304   10
r  2205   2253   2304   10
r  2403   2354   2304   10
r  2451   2402   2353   10
r  2352   2304   2253   10
r  2353   2402   2253   10
r  2453   2354   2253   10
r  2454   2304   2253   10
r  2456   2458   2253   10
r  2458   2407   2253   10
r  2405   2353   2253   10
r  2255   2253   2354   10
r  1675   1626   1678   10
r  496   598   448   10
r  450   350   499   10
r  2358   2360   2356   10
r  2259   2358   2356   10
r  2351   2253   2353   10
r  2455   2253   2304   10
r  2457   2408   2406   10
r  2361   2309   2312   10
r  2460   2409   2310   10
r  2214   2165   2163   10
r  1774   1624   1676   10
r  1584   1486   1435   10
r  1631   1582   1531   10
r  498   547   598   10
r  697   748   598   10
r  549   546   598   10
r  2315   2313   2266   10
r  2367   2419   2267   10
r  1874   1925   1827   10
r  1142   1140   1244   10
r  1092   1094   1044   10
r  899   848   748   10
r  2318   2266   2466   10
r  2465   2266   2414   10
r  2419   2368   2371   10
r  2078   2030   1978   10
r  1537   1637   1586   10
r  1194   1196   1192   10
r  948   999   849   10
r  946   849   847   10
r  2320   2369   2323   10
r  2272   2319   2371   10
r  2083   2034   1984   10
r  1245   1194   1349   10
r  950   999   1048   10
r  2474   2472   2423   10
r  2277   2226   2228   10
r  2229   2280   2178   10
r  2378   2427   2477   10
r  1841   1792   1741   10
r  1196   1245   1349   10
r  1295   1396   1346   10
r  1246   1349   1396   10
r  1100   1398   1349   10
r  1197   1199   1349   10
r  2376   2423   2327   10
r  1594   1645   1646   10
r  1595   1646   1644   10
r  1296   1398   1349   10
r  1400   1448   1349   10
r  1348   1248   1299   10
r  1247   1196   1298   10
r  1250   1299   1398   10
r  1300   1200   1398   10
r  1200   1299   1349   10
r  1249   1298   1349   10
r  2478   2327   2377   10
r  2284   2380   2382   10
r  2285   2334   2382   10
r  2334   2281   2337   10
r  2331   2280   2382   10
r  2479   2327   2477   10
r  2484   2382   2386   10
r  2434   2483   2382   10
r  1794   1746   1847   10
r  1498   1549   1649   10
r  1647   1547   1600   10
r  1298   1349   1199   10
r  2485   2436   2386   10
r  2486   2484   2382   10
r  2435   2486   2382   10
r  2481   2382   2381   10
r  2289   2240   2340   10
r  1650   1598   1547   10
r  1648   1546   1600   10
r  2388   2440   2341   10
r  2290   2338   2341   10
r  2390   2338   2341   10
r  2441   2490   2394   10
r  1750   1798   1748   10
r  1698   1749   1797   10
r  1898   1947   1847   10
r  2243   2342   2195   10
r  2394   2345   2298   10
r  2245   2196   2298   10
r  2294   2345   2394   10
r  2346   2446   2298   10
r  2146   2046   2298   10
r  2246   2248   2298   10
r  2494   2496   2298   10
r  2396   2495   2298   10
r  2445   2443   2298   10
r  2496   2394   2298   10
r  2495   2394   2298   10
r  2099   2000   2298   10
r  2148   2197   2298   10
r  2198   2098   2347   10
r  2450   2198   2496   10
r  2497   2449   2400   10
r  2499   2400   2298   10
r  2398   2298   2347   10
r  2448   2298   2496   10
r  51   102   103   11
r  2   103   253   11
r  152   253   252   11
r  52   103   253   11
r  103   152   252   11
r  254   252   203   11
r  55   153   152   11
r  204   252   152   11
r  203   251   252   11
r  104   252   53   11
r  105   152   102   11
r  5   54   102   11
r  4   6   253   11
r  305   252   253   11
r  201   203   253   11
r  403   552   253   11
r  402   552   253   11
r  401   452   253   11
r  552   554   253   11
r  451   552   253   11
r  58   110   253   11
r  154   203   253   11
r  358   306   253   11
r  251   253   102   11
r  54   253   203   11
r  306   308   309   11
r  7   110   108   11
r  57   8   110   11
r  501   452   552   11
r  551   253   554   11
r  701   554   653   11
r  9   108   110   11
r  555   454   653   11
r  702   753   554   11
r  804   806   554   11
r  706   655   554   11
r  161   110   108   11
r  11   108   110   11
r  508   459   457   11
r  509   511   408   11
r  754   554   653   11
r  755   704   804   11
r  63   162   115   11
r  112   11   110   11
r  214   165   266   11
r  903   905   802   11
r  902   904   1002   11
r  14   62   162   11
r  113   62   162   11
r  663   661   562   11
r  953   1002   1052   11
r  18   67   115   11
r  66   117   69   11
r  70   169   121   11
r  17   68   69   11
r  1004   904   1052   11
r  1001   1052   1103   11
r  1101   1053   1103   11
r  369   317   417   11
r  22   75   172   11
r  73   174   172   11
r  23   71   121   11
r  223   174   372   11
r  24   75   72   11
r  1105   1054   1156   11
r  175   224   172   11
r  273   224   172   11
r  322   324   174   11
r  569   618   571   11
r  968   917   866   11
r  26   126   129   11
r  1252   1203   1352   11
r  1351   1252   1404   11
r  1251   1302   1351   11
r  1303   1351   1403   11
r  1451   1502   1402   11
r  1502   1403   1351   11
r  1453   1351   1505   11
r  1310   1258   1409   11
r  28   127   129   11
r  328   226   227   11
r  229   330   177   11
r  1509   1507   1456   11
r  1261   1263   1363   11
r  1311   1362   1412   11
r  79   131   127   11
r  30   130   129   11
r  678   629   529   11
r  1217   1268   1269   11
r  1654   1605   1753   11
r  1312   1361   1263   11
r  1315   1266   1363   11
r  233   182   85   11
r  1702   1651   1751   11
r  1852   1752   1753   11
r  1074   1172   1122   11
r  1127   1027   1025   11
r  83   183   32   11
r  35   133   134   11
r  1371   1422   1272   11
r  1855   1903   1803   11
r  335   286   284   11
r  88   37   85   11
r  535   634   583   11
r  1521   1570   1470   11
r  1856   1956   1905   11
r  1760   1859   1860   11
r  190   137   195   11
r  40   141   195   11
r  141   193   195   11
r  687   738   736   11
r  639   688   539   11
r  2051   2151   2152   11
r  2053   1853   2102   11
r  1861   1960   1910   11
r  1767   1718   1666   11
r  41   142   195   11
r  91   195   199   11
r  142   193   96   11
r  885   936   836   11
r  789   740   689   11
r  2108   2106   2059   11
r  391   492   195   11
r  492   543   591   11
r  242   244   291   11
r  145   244   96   11
r  196   243   96   11
r  144   196   199   11
r  47   96   199   11
r  150   199   96   11
r  343   243   96   11
r  94   199   96   11
r  100   198   96   11
r  200   298   96   11
r  294   343   195   11
r  247   145   195   11
r  197   96   195   11
r  43   199   195   11
r  299   200   195   11
r  50   97   195   11
r  350   449   195   11
r  447   444   195   11
r  450   499   195   11
r  42   195   96   11
r  2061   2163   2013   11
r  2105   2152   2101   11
r  2201   2253   2152   11
r  2202   2251   2253   11
r  1137   1185   1037   11
r  246   195   199   11
r  93   195   199   11
r  45   195   199   11
r  348   195   199   11
r  297   195   96   11
r  147   195   199   11
r  48   195   96   11
r  99   195   199   11
r  248   195   96   11
r  449   500   349   11
r  250   195   199   11
r  249   195   96   11
r  49   195   96   11
r  298   195   96   11
r  548   546   649   11
r  500   549   598   11
r  1967   1970   1919   11
r  2304   2255   2356   11
r  2355   2353   2253   11
r  2254   2354   2353   11
r  2402   2304   2253   11
r  2307   2356   2304   11
r  2358   2309   2407   11
r  2457   2356   2308   11
r  2302   2403   2308   11
r  1775   1824   1875   11
r  2301   2353   2304   11
r  2451   2353   2304   11
r  2401   2253   2304   11
r  2454   2403   2304   11
r  2456   2353   2304   11
r  2351   2353   2253   11
r  2455   2304   2253   11
r  2263   2312   2414   11
r  596   547   598   11
r  647   598   546   11
r  993   891   893   11
r  1776   1875   1876   11
r  2123   2172   2175   11
r  2264   2266   2466   11
r  2265   2364   2314   11
r  2268   2319   2314   11
r  2315   2311   2466   11
r  2219   2270   2371   11
r  898   849   799   11
r  850   799   748   11
r  949   1049   748   11
r  945   897   845   11
r  2368   2266   2466   11
r  2469   2269   2423   11
r  1392   1343   1244   11
r  848   949   899   11
r  947   848   949   11
r  1000   1048   895   11
r  1979   1981   2079   11
r  2323   2272   2371   11
r  1933   1680   1984   11
r  1984   1936   2133   11
r  1885   1934   1883   11
r  2422   2323   2474   11
r  2373   2271   2371   11
r  1687   1735   1786   11
r  2375   2426   2327   11
r  2473   2371   2374   11
r  2425   2371   2421   11
r  1788   1837   1887   11
r  1399   1448   1347   11
r  1246   1396   1349   11
r  1149   1200   1349   11
r  2427   2327   2276   11
r  2479   2427   2327   11
r  2234   2285   2382   11
r  1248   1299   1349   11
r  1449   1349   1398   11
r  1247   1298   1349   11
r  1299   1398   1197   11
r  1350   1399   1448   11
r  1498   1649   1349   11
r  1298   1198   1349   11
r  1550   1649   1349   11
r  1200   1349   1299   11
r  2482   2434   2380   11
r  2433   2284   2282   11
r  2184   2084   2382   11
r  1694   1792   1692   11
r  1548   1600   1649   11
r  1598   1600   1649   11
r  2481   2381   2382   11
r  2486   2382   2483   11
r  2437   2338   2382   11
r  2239   2188   2341   11
r  1648   1650   1597   11
r  1699   1650   1847   11
r  2487   2382   2341   11
r  2292   2439   2341   11
r  1947   1896   1847   11
r  1750   1748   1799   11
r  1749   1798   1848   11
r  1950   1997   1847   11
r  1900   1998   1847   11
r  1998   1848   1847   11
r  2441   2394   2298   11
r  2493   2444   2341   11
r  2196   2241   2298   11
r  2144   2095   2093   11
r  2147   2198   2298   11
r  2098   2248   2198   11
r  2250   2198   1999   11
r  2444   2393   2298   11
r  2197   2099   2298   11
r  2200   1999   2298   11
r  2300   2249   2149   11
r  2500   2498   2496   11
r  2295   2341   2298   11
r  2247   2196   2298   11
r  2398   2496   2298   11
r  2448   2347   2298   11
r  2350   2298   2449   11
r  2397   2298   2496   11
r  2498   2298   2348   11
r  2449   2298   2347   11
r  2499   2298   2347   11
r  152   203   253   12
r  101   252   203   12
r  151   102   252   12
r  4   55   252   12
r  58   107   110   12
r  251   102   253   12
r  54   252   253   12
r  257   306   253   12
r  453   504   253   12
r  7   108   253   12
r  501   401   253   12
r  357   510   253   12
r  355   406   253   12
r  406   357   253   12
r  455   457   253   12
r  408   308   253   12
r  201   253   252   12
r  155   253   252   12
r  206   253   252   12
r  154   253   252   12
r  504   455   653   12
r  306   359   357   12
r  601   653   554   12
r  551   502   653   12
r  606   653   655   12
r  753   701   702   12
r  754   653   554   12
r  11   109   108   12
r  10   108   110   12
r  210   261   311   12
r  12   109   110   12
r  114   162   110   12
r  558   556   653   12
r  706   554   804   12
r  163   161   62   12
r  65   114   63   12
r  266   315   165   12
r  264   313   363   12
r  68   115   166   12
r  117   166   69   12
r  17   69   115   12
r  66   69   117   12
r  901   904   952   12
r  953   902   1053   12
r  1003   856   1054   12
r  908   810   957   12
r  1008   1059   1109   12
r  951   904   1003   12
r  1001   1103   953   12
r  467   465   416   12
r  20   121   71   12
r  121   172   73   12
r  21   69   172   12
r  912   914   961   12
r  1106   1055   1104   12
r  25   73   172   12
r  123   223   172   12
r  225   174   223   12
r  520   420   621   12
r  1154   1156   1106   12
r  1159   1210   1257   12
r  1254   1252   1303   12
r  474   523   525   12
r  1064   1164   1113   12
r  719   768   820   12
r  1304   1404   1352   12
r  1402   1351   1404   12
r  1301   1252   1452   12
r  1355   1306   1404   12
r  1454   1403   1402   12
r  229   177   129   12
r  1408   1509   1456   12
r  1501   1401   1404   12
r  79   31   28   12
r  30   28   127   12
r  29   80   129   12
r  1070   1118   971   12
r  1071   1122   921   12
r  1605   1559   1753   12
r  32   34   84   12
r  82   233   85   12
r  182   134   85   12
r  1319   1470   1419   12
r  1606   1654   1559   12
r  1751   1753   1803   12
r  1703   1654   1853   12
r  1801   1803   1853   12
r  84   183   137   12
r  135   137   286   12
r  35   37   84   12
r  37   137   134   12
r  1320   1322   1369   12
r  1663   1666   1714   12
r  1174   1125   1176   12
r  188   137   85   12
r  140   89   195   12
r  285   435   385   12
r  136   85   38   12
r  39   140   195   12
r  88   85   139   12
r  1951   1902   1853   12
r  2002   2053   1953   12
r  2001   1902   1903   12
r  90   141   96   12
r  141   189   199   12
r  40   195   96   12
r  784   735   836   12
r  833   933   782   12
r  931   1031   883   12
r  1573   1524   1570   12
r  1180   1178   1233   12
r  1475   1524   1374   12
r  91   96   195   12
r  191   242   195   12
r  145   96   199   12
r  245   199   96   12
r  196   96   199   12
r  44   96   199   12
r  143   192   199   12
r  47   199   96   12
r  92   96   199   12
r  94   96   199   12
r  98   96   199   12
r  300   199   96   12
r  241   243   195   12
r  42   96   195   12
r  246   199   195   12
r  45   96   195   12
r  297   96   195   12
r  147   199   195   12
r  48   96   195   12
r  99   96   195   12
r  248   199   195   12
r  250   199   195   12
r  348   96   195   12
r  49   199   195   12
r  298   199   195   12
r  448   399   195   12
r  446   345   195   12
r  396   347   195   12
r  395   444   195   12
r  243   295   96   12
r  834   885   785   12
r  935   984   884   12
r  1718   1667   1766   12
r  1527   1578   1475   12
r  2109   2058   2008   12
r  2156   2308   2253   12
r  342   391   340   12
r  193   195   96   12
r  148   195   199   12
r  50   195   199   12
r  346   195   96   12
r  197   195   96   12
r  299   195   96   12
r  93   144   96   12
r  244   195   96   12
r  296   195   199   12
r  400   398   199   12
r  1917   1919   1968   12
r  1529   1481   1531   12
r  2155   2252   2304   12
r  2153   2202   2304   12
r  2201   2152   2253   12
r  2204   2153   2354   12
r  2305   2253   2356   12
r  547   598   498   12
r  600   598   546   12
r  650   598   546   12
r  743   741   591   12
r  1724   1676   1678   12
r  2070   1921   1919   12
r  2019   1918   2068   12
r  2165   2113   2013   12
r  2205   2254   2253   12
r  2252   2204   2304   12
r  2251   2253   2354   12
r  2402   2253   2304   12
r  2354   2305   2403   12
r  2452   2304   2308   12
r  2454   2304   2402   12
r  2458   2356   2304   12
r  2408   2308   2253   12
r  2401   2353   2253   12
r  2406   2304   2253   12
r  2306   2308   2253   12
r  699   748   546   12
r  1824   1826   1876   12
r  2459   2360   2310   12
r  2409   2258   2360   12
r  2404   2253   2353   12
r  2453   2253   2354   12
r  2456   2253   2308   12
r  2351   2253   2304   12
r  2455   2253   2304   12
r  2352   2253   2304   12
r  1434   1483   1486   12
r  1289   1287   1390   12
r  2313   2311   2466   12
r  2407   2308   2258   12
r  848   799   748   12
r  900   949   748   12
r  1976   1876   2025   12
r  2169   2068   2271   12
r  2461   2412   2414   12
r  2217   2318   2466   12
r  2466   2367   2267   12
r  2365   2314   2267   12
r  948   849   847   12
r  947   998   899   12
r  1192   1144   1241   12
r  1292   1193   1244   12
r  2177   2226   2228   12
r  2028   2079   2030   12
r  2269   2271   2371   12
r  997   1097   1349   12
r  2080   2129   2131   12
r  2470   2371   2418   12
r  2420   2369   2319   12
r  2424   2421   2373   12
r  2473   2374   2371   12
r  1737   1685   1786   12
r  1981   2032   2084   12
r  1147   1098   1299   12
r  2226   2274   2327   12
r  2278   2426   2231   12
r  2378   2477   2426   12
r  2274   2225   2276   12
r  1299   1197   1398   12
r  1350   1448   1450   12
r  1450   1448   1549   12
r  1197   1100   1398   12
r  1148   1299   1349   12
r  1449   1398   1349   12
r  1150   1299   1349   12
r  1200   1299   1349   12
r  2377   2428   2426   12
r  2427   2276   2327   12
r  2478   2426   2327   12
r  2379   2327   2376   12
r  2280   2278   2382   12
r  1646   1548   1595   12
r  1249   1349   1398   12
r  1296   1349   1299   12
r  1347   1349   1299   12
r  1297   1349   1299   12
r  1250   1349   1299   12
r  1248   1349   1398   12
r  2479   2327   2427   12
r  2484   2386   2382   12
r  2435   2386   2380   12
r  2384   2382   2282   12
r  2088   2139   2091   12
r  2040   2091   2038   12
r  1598   1647   1547   12
r  1648   1597   1650   12
r  2480   2431   2483   12
r  2431   2482   2433   12
r  2434   2380   2483   12
r  2239   2237   2340   12
r  1895   1944   1847   12
r  1946   1995   2047   12
r  1993   1942   2143   12
r  2438   2336   2341   12
r  2289   2340   2341   12
r  2439   2341   2340   12
r  2097   2146   2298   12
r  2096   2147   2298   12
r  1949   1898   1847   12
r  1899   1948   1847   12
r  1850   1847   1748   12
r  2488   2491   2439   12
r  2245   2296   2341   12
r  2343   2341   2298   12
r  2395   2495   2493   12
r  2050   1999   2298   12
r  2297   2248   2496   12
r  2348   2449   2497   12
r  2299   2248   2149   12
r  2396   2394   2496   12
r  2250   1999   2298   12
r  2350   2149   2298   12
r  2397   2348   2298   12
r  2498   2348   2298   12
r  2449   2498   2298   12
r  2499   2347   2298   12
r  2300   2298   2248   12
r  2398   2298   2496   12
r  2349   2298   2496   12
r  2399   2298   2496   12
r  2400   2298   2347   12
r  2500   2298   2449   12
r  51   103   252   13
r  101   203   252   13
r  52   253   252   13
r  204   253   252   13
r  303   153   203   13
r  106   54   252   13
r  201   103   253   13
r  155   102   253   13
r  206   203   253   13
r  154   252   253   13
r  405   506   253   13
r  504   653   253   13
r  306   357   253   13
r  356   307   253   13
r  553   653   253   13
r  158   110   253   13
r  652   554   253   13
r  551   653   253   13
r  456   357   253   13
r  605   653   253   13
r  603   552   253   13
r  205   256   252   13
r  105   253   252   13
r  502   253   252   13
r  57   110   109   13
r  602   553   554   13
r  8   108   109   13
r  651   253   554   13
r  606   553   554   13
r  706   804   554   13
r  803   854   554   13
r  755   804   554   13
r  10   109   108   13
r  13   115   108   13
r  163   62   110   13
r  754   554   653   13
r  262   362   311   13
r  113   164   161   13
r  14   162   113   13
r  166   115   117   13
r  217   168   115   13
r  15   115   163   13
r  855   957   806   13
r  901   952   802   13
r  68   166   115   13
r  116   16   18   13
r  16   115   18   13
r  67   16   115   13
r  953   1052   1103   13
r  1002   904   953   13
r  19   117   72   13
r  1101   1103   1054   13
r  1001   1003   1052   13
r  1004   1053   1103   13
r  1054   1056   1156   13
r  122   173   174   13
r  1057   856   1054   13
r  1207   1258   1307   13
r  23   72   172   13
r  125   176   172   13
r  176   326   172   13
r  374   325   172   13
r  1154   1055   1156   13
r  1254   1303   1352   13
r  1304   1352   1203   13
r  1112   1161   1063   13
r  1259   1307   1409   13
r  76   28   129   13
r  26   129   127   13
r  326   275   225   13
r  622   523   520   13
r  1016   1067   916   13
r  1165   1114   1063   13
r  1251   1351   1402   13
r  1303   1403   1351   13
r  1353   1404   1505   13
r  870   821   868   13
r  1358   1360   1309   13
r  28   129   127   13
r  278   179   227   13
r  178   129   28   13
r  1401   1552   1504   13
r  1452   1203   1404   13
r  1451   1402   1352   13
r  1602   1502   1404   13
r  1311   1262   1363   13
r  128   77   31   13
r  29   31   127   13
r  80   28   127   13
r  79   127   128   13
r  230   330   179   13
r  1267   1167   1218   13
r  1501   1404   1503   13
r  1603   1605   1502   13
r  972   1072   1070   13
r  1312   1263   1261   13
r  1563   1512   1363   13
r  974   1025   1126   13
r  1512   1509   1559   13
r  1464   1416   1365   13
r  84   137   183   13
r  234   82   133   13
r  631   529   629   13
r  1751   1803   1753   13
r  1178   1027   1078   13
r  89   138   195   13
r  88   139   195   13
r  1901   1903   1852   13
r  1863   1812   1762   13
r  1325   1426   1175   13
r  1179   1282   1079   13
r  139   195   96   13
r  188   85   195   13
r  40   89   195   13
r  1622   1624   1520   13
r  1769   1668   1718   13
r  1906   1855   1903   13
r  1810   1859   1812   13
r  1180   1233   1182   13
r  91   195   96   13
r  142   96   199   13
r  145   199   96   13
r  194   243   199   13
r  245   96   199   13
r  196   296   96   13
r  94   199   96   13
r  349   400   199   13
r  98   199   96   13
r  345   347   199   13
r  294   347   96   13
r  43   96   199   13
r  42   199   96   13
r  246   96   297   13
r  45   199   96   13
r  147   96   199   13
r  99   199   96   13
r  248   96   199   13
r  250   96   199   13
r  348   199   96   13
r  49   96   199   13
r  290   239   195   13
r  292   341   195   13
r  342   340   195   13
r  242   193   195   13
r  193   191   195   13
r  148   199   195   13
r  50   199   195   13
r  249   298   195   13
r  346   96   195   13
r  197   199   195   13
r  299   96   195   13
r  93   96   195   13
r  244   293   195   13
r  296   199   195   13
r  400   199   195   13
r  394   294   195   13
r  393   442   195   13
r  398   349   195   13
r  449   398   195   13
r  347   446   195   13
r  243   96   199   13
r  41   195   199   13
r  1870   1819   1867   13
r  1524   1576   1475   13
r  2054   2056   2152   13
r  1426   1477   1475   13
r  1131   1180   1233   13
r  1427   1476   1429   13
r  92   195   96   13
r  247   195   199   13
r  150   195   199   13
r  100   195   199   13
r  298   195   199   13
r  295   195   96   13
r  44   195   96   13
r  143   195   96   13
r  297   195   96   13
r  48   195   96   13
r  496   498   598   13
r  593   642   640   13
r  1919   1970   2020   13
r  2104   2153   2253   13
r  2103   2154   2253   13
r  2101   2055   2154   13
r  2154   2152   2304   13
r  2164   2213   2013   13
r  1380   1429   1332   13
r  1579   1581   1531   13
r  547   696   598   13
r  550   598   546   13
r  600   546   598   13
r  548   447   546   13
r  650   546   598   13
r  549   598   546   13
r  1874   1827   1823   13
r  2061   2013   2114   13
r  2151   2102   2304   13
r  2202   2151   2101   13
r  2204   2354   2304   13
r  2305   2356   2253   13
r  2206   2402   2253   13
r  2205   2253   2308   13
r  1976   1925   2175   13
r  2074   2026   2025   13
r  2257   2206   2304   13
r  2306   2357   2354   13
r  2251   2354   2253   13
r  2402   2354   2253   13
r  2404   2353   2253   13
r  2453   2354   2253   13
r  2456   2304   2253   13
r  2351   2354   2253   13
r  2457   2406   2253   13
r  2302   2308   2356   13
r  2255   2206   2304   13
r  2458   2253   2308   13
r  2308   2359   2304   13
r  2459   2408   2304   13
r  2357   2308   2304   13
r  2461   2414   2310   13
r  1286   1387   1337   13
r  1581   1530   1632   13
r  749   899   798   13
r  797   849   848   13
r  950   1050   748   13
r  998   949   748   13
r  750   748   849   13
r  2307   2304   2356   13
r  2366   2317   2266   13
r  2365   2267   2414   13
r  2268   2266   2466   13
r  2417   2366   2466   13
r  2413   2416   2267   13
r  2368   2366   2267   13
r  2467   2317   2267   13
r  1437   1486   1386   13
r  848   748   799   13
r  900   748   749   13
r  947   899   999   13
r  1000   895   1048   13
r  1191   1240   1142   13
r  2371   2320   2319   13
r  2416   2463   2365   13
r  2367   2267   2466   13
r  2469   2423   2420   13
r  1098   1047   1349   13
r  1293   1393   1192   13
r  1144   1093   1195   13
r  2378   2426   2427   13
r  2470   2418   2371   13
r  1540   1589   1489   13
r  1097   1099   1349   13
r  1399   1450   1299   13
r  1350   1450   1398   13
r  1397   1448   1299   13
r  1199   1299   1398   13
r  1247   1198   1398   13
r  1249   1398   1349   13
r  1296   1299   1349   13
r  1347   1299   1349   13
r  1297   1448   1349   13
r  1549   1500   1349   13
r  1248   1398   1349   13
r  1250   1398   1349   13
r  1448   1348   1299   13
r  2476   2427   2377   13
r  2475   2427   2426   13
r  2478   2377   2427   13
r  2479   2427   2327   13
r  2477   2376   2329   13
r  2134   2083   1984   13
r  2183   2282   2382   13
r  2430   2381   2483   13
r  2383   2282   2380   13
r  2336   2334   2382   13
r  2384   2483   2382   13
r  1692   1791   1793   13
r  2486   2386   2382   13
r  2388   2337   2382   13
r  2385   2382   2483   13
r  1644   1646   1847   13
r  1700   1847   1646   13
r  1697   1847   1748   13
r  2387   2438   2341   13
r  2439   2490   2341   13
r  2441   2341   2340   13
r  1894   1843   1847   13
r  1795   1847   1846   13
r  1947   1998   1848   13
r  1850   1798   1847   13
r  2490   2442   2441   13
r  2395   2493   2341   13
r  2393   2344   2298   13
r  2293   2393   2298   13
r  2492   2341   2440   13
r  2000   2049   2298   13
r  2493   2341   2298   13
r  2246   2298   2496   13
r  2294   2394   2298   13
r  2344   2443   2298   13
r  2299   2198   2496   13
r  2447   2496   2398   13
r  2098   2198   2298   13
r  2100   2049   2298   13
r  2398   2496   2298   13
r  2349   2496   2298   13
r  2399   2347   2298   13
r  2400   2498   2298   13
r  2500   2449   2298   13
r  2300   2149   2298   13
r  2347   2298   2496   13
r  2449   2298   2496   13
r  2498   2298   2447   13
r  2499   2298   2496   13
r  1   253   252   14
r  52   104   253   14
r  204   252   253   14
r  105   102   253   14
r  502   351   253   14
r  104   253   252   14
r  301   401   252   14
r  53   253   252   14
r  56   108   252   14
r  452   552   252   14
r  403   253   252   14
r  54   203   252   14
r  154   253   252   14
r  55   152   252   14
r  552   604   554   14
r  652   553   554   14
r  454   506   253   14
r  604   653   253   14
r  307   258   253   14
r  505   453   253   14
r  506   406   253   14
r  651   554   253   14
r  8   109   108   14
r  9   110   108   14
r  655   556   553   14
r  704   804   702   14
r  801   852   554   14
r  754   653   554   14
r  12   63   108   14
r  62   114   108   14
r  111   62   109   14
r  753   554   802   14
r  803   554   702   14
r  63   110   163   14
r  609   560   511   14
r  116   18   67   14
r  17   117   69   14
r  365   363   416   14
r  366   415   516   14
r  219   119   370   14
r  1052   1103   953   14
r  1102   1153   1054   14
r  812   761   810   14
r  121   74   172   14
r  74   172   72   14
r  1101   953   1103   14
r  1154   1156   1054   14
r  1201   1203   1054   14
r  764   864   815   14
r  126   175   172   14
r  1251   1402   1352   14
r  26   127   129   14
r  1114   1166   1063   14
r  1252   1303   1402   14
r  1303   1351   1504   14
r  1401   1504   1202   14
r  1353   1505   1404   14
r  130   79   281   14
r  31   178   129   14
r  28   26   129   14
r  79   28   127   14
r  1165   1063   1163   14
r  1262   1213   1363   14
r  771   822   921   14
r  80   127   28   14
r  527   478   529   14
r  32   81   85   14
r  1317   1366   1167   14
r  1502   1351   1602   14
r  1551   1502   1503   14
r  1602   1404   1753   14
r  1463   1514   1461   14
r  384   284   285   14
r  530   631   581   14
r  582   530   529   14
r  1606   1655   1609   14
r  827   876   824   14
r  183   33   82   14
r  184   135   284   14
r  34   183   133   14
r  36   84   134   14
r  136   38   134   14
r  38   137   195   14
r  140   195   96   14
r  1270   1221   1223   14
r  1656   1755   1707   14
r  1711   1760   1859   14
r  1514   1465   1565   14
r  1026   1126   1077   14
r  1128   1228   1177   14
r  87   189   195   14
r  89   195   96   14
r  90   195   199   14
r  139   190   195   14
r  1520   1571   1421   14
r  1851   1803   1853   14
r  1854   1905   1903   14
r  1807   1758   1755   14
r  1901   1852   1903   14
r  238   240   195   14
r  40   195   199   14
r  245   296   96   14
r  142   199   96   14
r  47   96   199   14
r  94   96   199   14
r  349   199   96   14
r  43   199   96   14
r  42   96   199   14
r  45   96   199   14
r  147   199   96   14
r  248   199   96   14
r  395   446   96   14
r  148   96   199   14
r  50   96   199   14
r  197   96   199   14
r  299   199   96   14
r  400   298   96   14
r  91   96   195   14
r  291   340   195   14
r  41   199   195   14
r  92   96   195   14
r  150   199   195   14
r  298   96   195   14
r  295   96   195   14
r  44   199   195   14
r  143   199   195   14
r  297   199   195   14
r  48   96   195   14
r  341   293   195   14
r  399   299   195   14
r  397   346   195   14
r  497   546   195   14
r  445   394   195   14
r  247   96   195   14
r  192   195   199   14
r  300   195   199   14
r  98   195   199   14
r  99   195   199   14
r  49   195   96   14
r  93   195   96   14
r  347   195   96   14
r  450   195   96   14
r  396   195   96   14
r  1523   1575   1374   14
r  1952   2001   2052   14
r  2001   2003   1953   14
r  2053   2102   1903   14
r  2004   1903   1952   14
r  2005   1905   2007   14
r  344   195   199   14
r  241   195   199   14
r  296   195   199   14
r  737   735   689   14
r  640   541   643   14
r  1033   1082   1084   14
r  2103   2253   2304   14
r  2010   1961   2012   14
r  1427   1429   1476   14
r  594   543   591   14
r  493   393   591   14
r  548   546   700   14
r  549   546   598   14
r  600   598   546   14
r  1625   1574   1678   14
r  2104   2152   2304   14
r  2152   2101   2304   14
r  2105   2101   2253   14
r  2064   2012   2160   14
r  2106   2155   2253   14
r  2155   2304   2253   14
r  646   547   546   14
r  647   546   598   14
r  596   598   699   14
r  650   498   546   14
r  697   646   546   14
r  898   799   849   14
r  800   849   798   14
r  750   849   748   14
r  900   799   748   14
r  1000   1048   748   14
r  2018   2020   2066   14
r  2151   2153   2253   14
r  2154   2102   2253   14
r  2204   2304   2253   14
r  2203   2152   2304   14
r  2405   2253   2308   14
r  2352   2356   2253   14
r  2255   2354   2253   14
r  2257   2255   2356   14
r  2201   2101   2304   14
r  2256   2207   2304   14
r  2452   2308   2304   14
r  2454   2402   2304   14
r  2406   2308   2304   14
r  2457   2253   2304   14
r  2206   2253   2304   14
r  2258   2358   2304   14
r  2407   2356   2304   14
r  2356   2404   2253   14
r  2205   2304   2253   14
r  1726   1724   1678   14
r  2355   2304   2403   14
r  2455   2304   2253   14
r  2408   2253   2308   14
r  2216   2267   2314   14
r  1336   1287   1236   14
r  1100   1349   1149   14
r  1291   1240   1192   14
r  993   893   1042   14
r  2461   2310   2312   14
r  2363   2414   2412   14
r  2365   2414   2314   14
r  2367   2466   2267   14
r  1487   1436   1386   14
r  1146   1046   1349   14
r  1148   1197   1096   14
r  1450   1549   1299   14
r  1200   1398   1299   14
r  1297   1299   1398   14
r  1248   1196   1299   14
r  1295   1444   1349   14
r  1834   1832   1934   14
r  2465   2416   2463   14
r  2417   2267   2414   14
r  2269   2371   2271   14
r  2418   2469   2319   14
r  1196   1349   1398   14
r  1249   1349   1398   14
r  1250   1349   1398   14
r  1197   1349   1299   14
r  1499   1349   1299   14
r  1599   1495   1548   14
r  2176   2228   2327   14
r  2130   2179   2127   14
r  2320   2420   2371   14
r  2033   1982   1934   14
r  2472   2371   2319   14
r  1540   1489   1491   14
r  2276   2325   2225   14
r  2230   2279   2382   14
r  2229   2178   2327   14
r  2425   2474   2327   14
r  2326   2225   2423   14
r  1700   1646   1847   14
r  1697   1748   1847   14
r  2379   2280   2327   14
r  2477   2329   2376   14
r  1750   1847   1748   14
r  1848   1899   1696   14
r  1795   1846   1847   14
r  1844   1944   1847   14
r  2048   1950   1847   14
r  2049   2200   1847   14
r  2478   2327   2476   14
r  2381   2281   2483   14
r  2485   2386   2380   14
r  2431   2382   2380   14
r  2233   2284   2282   14
r  2385   2483   2382   14
r  2387   2436   2382   14
r  2338   2341   2382   14
r  1800   1847   1748   14
r  1950   1847   1899   14
r  2386   2382   2287   14
r  2437   2382   2341   14
r  2045   2096   2298   14
r  2441   2340   2341   14
r  2492   2441   2341   14
r  2447   2398   2496   14
r  2196   2142   2496   14
r  2350   2449   2496   14
r  2493   2393   2394   14
r  2349   2449   2496   14
r  2246   2297   2298   14
r  2347   2496   2298   14
r  2449   2347   2298   14
r  2498   2447   2298   14
r  2499   2496   2298   14
r  2296   2298   2496   14
r  2398   2298   2496   14
r  2500   2298   2449   14
r  1   252   253   15
r  202   204   53   15
r  254   152   252   15
r  404   203   252   15
r  351   552   252   15
r  304   355   252   15
r  5   102   252   15
r  402   503   252   15
r  552   554   252   15
r  355   506   252   15
r  204   152   252   15
r  104   53   253   15
r  53   252   253   15
r  403   252   253   15
r  154   252   253   15
r  57   109   253   15
r  208   259   253   15
r  601   503   253   15
r  9   58   253   15
r  110   108   253   15
r  309   356   253   15
r  407   459   253   15
r  655   553   253   15
r  258   309   253   15
r  555   653   253   15
r  259   311   253   15
r  308   259   253   15
r  707   554   253   15
r  6   253   252   15
r  451   253   252   15
r  7   253   110   15
r  651   253   554   15
r  61   109   108   15
r  753   802   554   15
r  751   802   554   15
r  803   752   554   15
r  113   162   115   15
r  64   163   115   15
r  115   66   216   15
r  809   856   911   15
r  852   953   904   15
r  901   903   953   15
r  116   67   69   15
r  68   117   66   15
r  16   117   115   15
r  662   614   562   15
r  902   802   904   15
r  17   115   117   15
r  958   1007   1010   15
r  1101   1054   953   15
r  20   71   121   15
r  23   172   71   15
r  73   75   24   15
r  1058   1156   1054   15
r  962   913   1063   15
r  221   121   172   15
r  1051   953   1054   15
r  1208   1156   1054   15
r  323   272   372   15
r  273   172   125   15
r  26   129   172   15
r  326   277   172   15
r  521   570   623   15
r  619   568   520   15
r  76   78   28   15
r  871   919   820   15
r  1252   1402   1301   15
r  1303   1202   1351   15
r  1210   1110   1309   15
r  1358   1309   1259   15
r  280   180   127   15
r  30   129   28   15
r  80   28   127   15
r  1451   1552   1402   15
r  1553   1504   1502   15
r  79   127   28   15
r  31   127   85   15
r  1021   921   1070   15
r  822   774   824   15
r  1601   1502   1552   15
r  1461   1563   1363   15
r  32   85   133   15
r  1319   1371   1472   15
r  1654   1753   1752   15
r  482   530   629   15
r  826   877   875   15
r  776   825   827   15
r  878   829   778   15
r  33   85   134   15
r  35   134   133   15
r  86   38   134   15
r  36   134   195   15
r  83   32   134   15
r  34   133   85   15
r  140   96   195   15
r  1027   979   1025   15
r  1223   1274   1322   15
r  637   538   539   15
r  90   96   195   15
r  139   96   199   15
r  1520   1471   1522   15
r  1801   1753   1903   15
r  1951   1903   2004   15
r  638   689   587   15
r  142   96   199   15
r  47   199   96   15
r  94   199   96   15
r  240   189   96   15
r  345   199   96   15
r  350   96   199   15
r  447   396   96   15
r  42   199   96   15
r  246   297   96   15
r  250   199   96   15
r  446   394   96   15
r  395   96   199   15
r  148   199   96   15
r  197   199   96   15
r  92   199   96   15
r  150   96   199   15
r  143   96   199   15
r  297   96   199   15
r  48   199   96   15
r  40   199   195   15
r  192   199   195   15
r  100   199   195   15
r  300   96   195   15
r  98   96   195   15
r  99   96   195   15
r  49   96   195   15
r  93   199   195   15
r  347   447   195   15
r  450   96   195   15
r  396   96   195   15
r  392   444   195   15
r  289   340   195   15
r  239   340   195   15
r  340   189   195   15
r  344   199   195   15
r  241   199   195   15
r  296   199   195   15
r  494   543   195   15
r  546   598   195   15
r  243   294   96   15
r  2002   1903   1902   15
r  2054   2052   1903   15
r  2101   2103   1903   15
r  788   737   736   15
r  193   195   199   15
r  295   195   199   15
r  45   195   96   15
r  147   195   199   15
r  293   195   96   15
r  248   195   199   15
r  299   195   199   15
r  348   195   199   15
r  41   195   199   15
r  294   195   199   15
r  400   195   199   15
r  50   195   96   15
r  346   195   96   15
r  298   195   96   15
r  247   195   96   15
r  500   398   546   15
r  600   500   598   15
r  548   649   546   15
r  549   649   546   15
r  1576   1627   1475   15
r  1182   1231   1082   15
r  1959   2008   2007   15
r  2152   2304   2253   15
r  2202   2253   2304   15
r  543   491   591   15
r  847   798   748   15
r  1132   1231   1183   15
r  2105   2253   2304   15
r  2106   2253   2304   15
r  2204   2253   2308   15
r  2158   2160   2253   15
r  850   748   899   15
r  800   748   749   15
r  948   848   846   15
r  1725   1774   1678   15
r  2019   2068   2120   15
r  2156   2056   2304   15
r  2457   2308   2253   15
r  2407   2258   2308   15
r  2355   2253   2304   15
r  2306   2354   2304   15
r  2456   2308   2304   15
r  2455   2253   2304   15
r  2408   2308   2304   15
r  2307   2256   2304   15
r  2409   2308   2304   15
r  2208   2157   2304   15
r  2309   2306   2304   15
r  2260   2308   2304   15
r  2353   2452   2356   15
r  2405   2304   2253   15
r  2357   2304   2253   15
r  2358   2356   2253   15
r  2308   2304   2253   15
r  842   893   943   15
r  944   895   845   15
r  1149   1198   1050   15
r  2021   2023   1921   15
r  1581   1532   1682   15
r  2311   2262   2313   15
r  1348   1399   1247   15
r  1447   1499   1299   15
r  1300   1398   1197   15
r  1199   1398   1299   15
r  1400   1299   1398   15
r  1449   1400   1398   15
r  1150   1398   1299   15
r  1248   1299   1398   15
r  1346   1146   1349   15
r  1250   1398   1349   15
r  1197   1299   1349   15
r  1499   1299   1349   15
r  1445   1447   1349   15
r  1345   1245   1349   15
r  1196   1398   1349   15
r  1249   1398   1349   15
r  1547   1549   1349   15
r  1828   1780   1879   15
r  1780   1831   1879   15
r  1488   1390   1386   15
r  2468   2367   2371   15
r  2318   2367   2267   15
r  2417   2466   2267   15
r  2465   2414   2314   15
r  1241   1287   1244   15
r  1198   1349   1398   15
r  1296   1349   1299   15
r  1297   1349   1299   15
r  2173   2127   2124   15
r  1833   1733   1934   15
r  1931   1980   1832   15
r  1686   1638   1586   15
r  2413   2267   2365   15
r  2416   2414   2464   15
r  2367   2267   2466   15
r  2469   2420   2319   15
r  1392   1242   1192   15
r  1648   1600   1597   15
r  1543   1443   1492   15
r  1884   1983   1984   15
r  1982   1984   1933   15
r  1981   2030   1984   15
r  2470   2371   2319   15
r  2420   2319   2423   15
r  1697   1749   1748   15
r  1750   1799   1847   15
r  2378   2427   2376   15
r  2231   2282   2382   15
r  2274   2276   2327   15
r  2422   2371   2323   15
r  1936   1889   1835   15
r  1999   1748   1847   15
r  1950   1848   1847   15
r  1997   1999   1847   15
r  1800   1748   1848   15
r  2478   2427   2327   15
r  2282   2381   2483   15
r  2476   2327   2427   15
r  1895   1847   1995   15
r  2048   1847   2298   15
r  2479   2327   2382   15
r  2485   2380   2483   15
r  2431   2380   2382   15
r  2235   2135   2382   15
r  2337   2288   2382   15
r  2438   2341   2382   15
r  2433   2382   2332   15
r  2238   2192   2341   15
r  2148   2146   2347   15
r  2200   2249   2496   15
r  2348   2497   2397   15
r  2295   2446   2198   15
r  2247   2198   2496   15
r  2347   2447   2496   15
r  2499   2399   2496   15
r  2391   2394   2298   15
r  2492   2440   2298   15
r  2392   2340   2298   15
r  2296   2247   2298   15
r  2398   2496   2298   15
r  2500   2449   2298   15
r  2150   2298   2496   15
r  2198   2298   2496   15
r  2300   2298   2496   15
r  2489   2338   2389   15
r  2289   2291   2340   15
r  2240   2291   2341   15
r  2241   2243   2340   15
r  2194   2093   2243   15
r  1   253   252   16
r  52   253   154   16
r  255   253   252   16
r  256   253   252   16
r  156   253   252   16
r  356   256   252   16
r  53   153   252   16
r  154   253   252   16
r  107   159   252   16
r  257   308   252   16
r  453   553   252   16
r  306   309   252   16
r  505   454   252   16
r  207   158   252   16
r  601   554   653   16
r  6   252   253   16
r  451   252   253   16
r  157   110   253   16
r  109   160   253   16
r  209   157   253   16
r  8   110   253   16
r  7   58   253   16
r  359   307   253   16
r  457   509   253   16
r  654   554   253   16
r  606   655   253   16
r  657   706   253   16
r  602   554   253   16
r  509   460   253   16
r  310   308   253   16
r  10   110   253   16
r  608   557   253   16
r  108   60   110   16
r  556   605   559   16
r  753   702   705   16
r  701   652   554   16
r  752   703   554   16
r  215   217   115   16
r  63   115   14   16
r  14   113   163   16
r  15   63   115   16
r  513   562   663   16
r  851   903   802   16
r  853   802   904   16
r  166   117   168   16
r  66   117   115   16
r  17   117   115   16
r  902   1002   953   16
r  951   1052   1103   16
r  71   19   172   16
r  20   121   69   16
r  861   813   761   16
r  811   864   859   16
r  219   370   168   16
r  952   904   1052   16
r  1001   953   1054   16
r  21   72   121   16
r  74   71   172   16
r  224   324   72   16
r  1102   1003   1051   16
r  1153   1051   1054   16
r  1101   953   1054   16
r  322   223   172   16
r  23   71   172   16
r  225   276   172   16
r  1111   1163   1011   16
r  1062   1011   1111   16
r  1163   1112   1060   16
r  915   815   864   16
r  868   820   921   16
r  1253   1351   1202   16
r  325   276   374   16
r  26   172   127   16
r  1213   1211   1113   16
r  1302   1202   1253   16
r  1301   1202   1402   16
r  229   281   278   16
r  179   228   127   16
r  178   127   129   16
r  78   129   30   16
r  29   129   31   16
r  79   28   127   16
r  231   180   127   16
r  1117   1217   1168   16
r  1403   1405   1505   16
r  1351   1202   1353   16
r  131   231   129   16
r  181   229   230   16
r  1266   1264   1217   16
r  1168   1166   1318   16
r  974   1126   873   16
r  1503   1602   1753   16
r  1551   1602   1502   16
r  1601   1753   1504   16
r  132   233   183   16
r  1219   1319   1267   16
r  776   827   824   16
r  1651   1753   1703   16
r  1654   1752   1753   16
r  580   632   582   16
r  780   682   679   16
r  136   187   85   16
r  83   85   183   16
r  34   85   82   16
r  235   284   134   16
r  187   287   185   16
r  1565   1614   1467   16
r  1472   1421   1419   16
r  89   96   195   16
r  90   199   96   16
r  139   199   96   16
r  141   195   96   16
r  237   188   195   16
r  1760   1860   1859   16
r  2003   1903   1853   16
r  142   199   96   16
r  250   96   199   16
r  448   450   96   16
r  342   291   96   16
r  242   291   96   16
r  398   350   199   16
r  92   96   199   16
r  150   199   96   16
r  44   96   199   16
r  143   199   96   16
r  48   96   199   16
r  497   448   598   16
r  192   139   96   16
r  300   199   96   16
r  98   199   96   16
r  93   96   199   16
r  347   96   199   16
r  344   393   96   16
r  241   193   96   16
r  494   445   96   16
r  193   199   195   16
r  295   343   195   16
r  45   199   195   16
r  147   199   195   16
r  293   96   195   16
r  248   199   195   16
r  299   96   195   16
r  41   96   195   16
r  294   96   195   16
r  400   199   195   16
r  50   96   195   16
r  346   348   195   16
r  247   199   195   16
r  496   598   195   16
r  339   390   195   16
r  444   442   195   16
r  348   96   195   16
r  298   96   195   16
r  91   195   96   16
r  191   195   96   16
r  1570   1621   1671   16
r  1901   1853   2004   16
r  2054   2152   2253   16
r  1810   1863   1861   16
r  1912   2013   1859   16
r  2052   2101   2004   16
r  982   985   883   16
r  340   195   96   16
r  94   195   199   16
r  47   195   199   16
r  99   195   96   16
r  148   195   199   16
r  350   195   96   16
r  100   195   199   16
r  43   195   199   16
r  395   195   96   16
r  297   195   96   16
r  397   195   96   16
r  445   195   96   16
r  49   195   96   16
r  396   195   96   16
r  296   195   96   16
r  544   444   591   16
r  546   195   598   16
r  1625   1678   1677   16
r  2008   2059   2304   16
r  700   546   696   16
r  596   699   598   16
r  600   598   548   16
r  2159   2157   2253   16
r  2101   1903   2253   16
r  2105   2304   2253   16
r  2303   2254   2356   16
r  2254   2353   2356   16
r  2404   2304   2356   16
r  2453   2304   2408   16
r  2155   2055   2304   16
r  2405   2308   2304   16
r  2357   2256   2304   16
r  2158   2310   2304   16
r  2202   2101   2253   16
r  2204   2308   2253   16
r  2458   2308   2253   16
r  2407   2308   2253   16
r  2455   2304   2253   16
r  2260   2304   2253   16
r  2106   2055   2253   16
r  2459   2310   2253   16
r  2257   2356   2253   16
r  2256   2308   2253   16
r  2258   2304   2253   16
r  2307   2356   2253   16
r  2259   2308   2253   16
r  2011   2013   2162   16
r  1967   1919   2069   16
r  797   848   799   16
r  1000   998   1048   16
r  796   794   748   16
r  850   899   748   16
r  800   749   748   16
r  999   946   748   16
r  848   899   748   16
r  897   949   748   16
r  750   748   798   16
r  2309   2307   2356   16
r  2205   2253   2304   16
r  2308   2253   2304   16
r  2410   2310   2304   16
r  2207   2107   2356   16
r  842   944   844   16
r  1040   940   1089   16
r  844   995   846   16
r  948   846   946   16
r  2463   2466   2310   16
r  2215   2266   2466   16
r  1100   1200   1349   16
r  1149   1050   1200   16
r  2177   2228   2327   16
r  2363   2412   2267   16
r  2464   2365   2267   16
r  2414   2412   2365   16
r  1093   1145   1095   16
r  1096   1147   1349   16
r  1148   1096   1299   16
r  1300   1197   1398   16
r  1449   1398   1299   16
r  1198   1398   1349   16
r  1296   1299   1349   16
r  1297   1299   1349   16
r  1446   1397   1349   16
r  1548   1649   1349   16
r  2225   2375   2327   16
r  2277   2228   2175   16
r  2273   2276   2371   16
r  2371   2319   2271   16
r  2322   2371   2271   16
r  1637   1635   1536   16
r  1836   1887   1934   16
r  2415   2264   2314   16
r  2417   2267   2466   16
r  2469   2371   2370   16
r  1144   1044   1093   16
r  1500   1349   1299   16
r  1400   1349   1299   16
r  1248   1349   1299   16
r  1600   1649   1547   16
r  1395   1446   1444   16
r  2378   2376   2477   16
r  2377   2426   2228   16
r  2324   2326   2327   16
r  2476   2377   2327   16
r  2480   2382   2327   16
r  2470   2419   2371   16
r  2421   2472   2470   16
r  2474   2423   2472   16
r  2471   2423   2420   16
r  2422   2323   2371   16
r  1648   1597   1847   16
r  2428   2327   2476   16
r  2330   2281   2382   16
r  2479   2477   2483   16
r  2331   2283   2282   16
r  2485   2382   2380   16
r  2338   2387   2341   16
r  2433   2332   2382   16
r  2386   2287   2382   16
r  1799   1848   1797   16
r  1850   1748   1848   16
r  2049   1949   2298   16
r  1800   1848   1847   16
r  1895   1795   1847   16
r  2048   1999   1847   16
r  2099   2148   2496   16
r  2000   2298   2496   16
r  2493   2298   2341   16
r  2149   2298   2496   16
r  2100   2200   2496   16
r  2494   2394   2496   16
r  2197   2149   2496   16
r  2145   2093   2298   16
r  2150   2496   2298   16
r  2198   2496   2298   16
r  2300   2496   2298   16
r  2443   2341   2298   16
r  2243   2195   2298   16
r  2199   2248   2496   16
r  2242   2193   2191   16
r  2295   2298   2496   16
r  2294   2298   2496   16
r  2500   2298   2295   16
r  2398   2298   2496   16
r  1   252   253   17
r  52   154   253   17
r  151   253   102   17
r  305   354   252   17
r  401   553   252   17
r  504   404   252   17
r  403   554   252   17
r  57   108   252   17
r  258   207   252   17
r  308   208   252   17
r  6   105   252   17
r  7   110   252   17
r  606   554   252   17
r  10   108   252   17
r  255   252   253   17
r  256   107   253   17
r  156   207   253   17
r  154   252   253   17
r  554   653   253   17
r  59   108   253   17
r  459   408   253   17
r  458   407   253   17
r  507   509   253   17
r  508   408   253   17
r  159   161   253   17
r  651   551   253   17
r  653   655   253   17
r  656   554   253   17
r  559   607   253   17
r  108   110   253   17
r  702   654   253   17
r  160   59   253   17
r  11   108   253   17
r  705   554   253   17
r  704   702   253   17
r  558   653   253   17
r  701   554   253   17
r  12   108   253   17
r  211   213   253   17
r  165   216   253   17
r  352   253   252   17
r  503   253   252   17
r  405   253   252   17
r  454   253   252   17
r  407   253   252   17
r  8   253   110   17
r  408   253   359   17
r  804   705   702   17
r  60   109   108   17
r  557   459   608   17
r  164   261   115   17
r  166   217   115   17
r  64   112   163   17
r  116   69   67   17
r  66   17   69   17
r  613   513   562   17
r  19   72   172   17
r  72   121   423   17
r  953   1053   1054   17
r  955   904   953   17
r  951   1003   1054   17
r  20   69   172   17
r  21   121   72   17
r  23   172   72   17
r  952   1003   1054   17
r  1103   954   1052   17
r  1002   953   1054   17
r  962   1063   913   17
r  369   417   467   17
r  320   420   372   17
r  321   420   172   17
r  273   174   172   17
r  275   226   172   17
r  26   127   172   17
r  76   28   172   17
r  1151   1052   1054   17
r  1105   1156   1054   17
r  1303   1504   1054   17
r  1157   1155   1056   17
r  1062   1111   1163   17
r  375   424   372   17
r  1302   1253   1251   17
r  1304   1253   1353   17
r  178   28   127   17
r  80   129   28   17
r  231   179   131   17
r  81   28   127   17
r  230   179   127   17
r  180   178   129   17
r  78   127   129   17
r  1305   1303   1504   17
r  1301   1452   1404   17
r  1210   1259   1409   17
r  1355   1403   1352   17
r  1357   1509   1508   17
r  1310   1409   1363   17
r  769   767   921   17
r  1121   1119   921   17
r  29   127   80   17
r  82   133   134   17
r  1501   1602   1504   17
r  1456   1507   1508   17
r  1171   1072   1119   17
r  775   876   823   17
r  182   133   134   17
r  233   85   134   17
r  34   134   133   17
r  33   133   183   17
r  35   133   134   17
r  37   134   195   17
r  140   188   96   17
r  1415   1366   1363   17
r  1466   1568   1565   17
r  1125   1024   1078   17
r  333   382   434   17
r  138   238   195   17
r  88   137   96   17
r  39   137   96   17
r  89   195   96   17
r  141   199   195   17
r  1652   1601   1803   17
r  1651   1752   1753   17
r  1653   1753   1903   17
r  1801   1903   1753   17
r  1512   1559   1461   17
r  1026   1078   978   17
r  335   235   434   17
r  188   139   96   17
r  142   96   199   17
r  343   96   199   17
r  349   96   199   17
r  240   96   199   17
r  189   238   96   17
r  250   199   96   17
r  292   340   96   17
r  197   96   199   17
r  393   444   96   17
r  398   199   96   17
r  143   96   199   17
r  341   392   96   17
r  399   450   96   17
r  93   199   96   17
r  347   199   96   17
r  344   96   199   17
r  299   199   96   17
r  496   448   96   17
r  444   492   96   17
r  298   199   96   17
r  288   337   195   17
r  91   96   195   17
r  191   96   195   17
r  340   96   195   17
r  94   199   195   17
r  47   199   195   17
r  99   96   195   17
r  148   96   195   17
r  350   199   195   17
r  100   96   195   17
r  43   96   195   17
r  395   96   195   17
r  297   199   195   17
r  397   446   195   17
r  445   96   195   17
r  49   199   195   17
r  396   96   195   17
r  296   96   195   17
r  443   445   195   17
r  495   443   195   17
r  200   195   243   17
r  244   195   199   17
r  42   195   199   17
r  45   195   199   17
r  247   195   199   17
r  448   195   199   17
r  242   195   199   17
r  150   195   199   17
r  394   195   96   17
r  92   195   96   17
r  44   195   96   17
r  48   195   96   17
r  295   195   96   17
r  293   195   96   17
r  41   195   96   17
r  294   195   96   17
r  50   195   96   17
r  289   195   96   17
r  348   195   96   17
r  238   195   96   17
r  1701   1753   1653   17
r  1851   1853   1802   17
r  1854   1903   1956   17
r  1423   1472   1475   17
r  689   738   588   17
r  441   392   542   17
r  1954   1853   1902   17
r  1952   2052   1853   17
r  1951   2004   2003   17
r  1907   1958   1855   17
r  1710   1759   1859   17
r  1278   1229   1079   17
r  834   785   885   17
r  748   546   948   17
r  550   547   598   17
r  645   597   598   17
r  746   748   598   17
r  700   598   546   17
r  647   598   546   17
r  2051   2055   2253   17
r  2103   2304   2253   17
r  2008   2304   2253   17
r  2102   2051   2253   17
r  1131   1233   1182   17
r  899   798   749   17
r  750   798   748   17
r  846   897   748   17
r  2101   2154   2304   17
r  2152   2103   2304   17
r  2105   2153   2304   17
r  2404   2356   2304   17
r  2453   2408   2304   17
r  2351   2304   2155   17
r  2358   2407   2304   17
r  2259   2356   2304   17
r  2206   2304   2253   17
r  2355   2304   2253   17
r  2208   2304   2253   17
r  2309   2304   2253   17
r  2205   2304   2253   17
r  2308   2304   2253   17
r  2209   2158   2253   17
r  2408   2406   2253   17
r  2207   2356   2253   17
r  2410   2459   2253   17
r  2107   2155   2304   17
r  1918   1817   1867   17
r  1724   1625   1676   17
r  1382   1433   1533   17
r  1677   1728   1725   17
r  850   748   749   17
r  1048   1099   1349   17
r  895   846   844   17
r  946   847   895   17
r  2204   2253   2304   17
r  2459   2253   2360   17
r  2454   2253   2356   17
r  2455   2253   2304   17
r  2258   2253   2304   17
r  2310   2359   2304   17
r  2460   2310   2304   17
r  2411   2360   2304   17
r  1775   1875   1827   17
r  2062   2013   2164   17
r  1550   1450   1299   17
r  1449   1299   1398   17
r  1347   1398   1299   17
r  1549   1600   1547   17
r  1096   1047   1299   17
r  1500   1299   1349   17
r  1400   1299   1349   17
r  1248   1299   1349   17
r  1496   1447   1349   17
r  1599   1547   1349   17
r  2216   2314   2466   17
r  2220   2368   2319   17
r  2270   2319   2371   17
r  1437   1488   1486   17
r  1585   1636   1486   17
r  1833   1934   1933   17
r  1292   1343   1192   17
r  1498   1349   1299   17
r  1197   1349   1299   17
r  1297   1349   1299   17
r  1497   1548   1597   17
r  1296   1349   1398   17
r  2465   2463   2365   17
r  2227   2276   2327   17
r  2319   2419   2371   17
r  2322   2423   2371   17
r  1982   1933   1984   17
r  1243   1342   1143   17
r  1293   1244   1342   17
r  1343   1290   1192   17
r  1645   1847   1597   17
r  2469   2370   2371   17
r  2275   2226   2327   17
r  2425   2421   2371   17
r  2424   2373   2327   17
r  2428   2477   2327   17
r  2325   2374   2371   17
r  2132   2282   1984   17
r  2229   2327   2382   17
r  2180   2231   2382   17
r  2472   2423   2371   17
r  2420   2423   2319   17
r  2471   2371   2319   17
r  1749   1848   1696   17
r  1798   1698   1696   17
r  1900   1849   1848   17
r  1999   1947   2496   17
r  1996   1947   1847   17
r  1949   1847   2298   17
r  2381   2332   2432   17
r  2485   2483   2382   17
r  2431   2382   2380   17
r  2433   2382   2380   17
r  2438   2338   2341   17
r  2480   2327   2382   17
r  2186   2138   2382   17
r  2286   2237   2382   17
r  2334   2337   2282   17
r  2048   1847   2496   17
r  2042   2142   1993   17
r  2149   2198   2298   17
r  2200   2298   2149   17
r  2248   2149   2496   17
r  2346   2295   2496   17
r  2147   2098   2496   17
r  2250   2099   2496   17
r  2198   2347   2496   17
r  2493   2341   2298   17
r  2292   2340   2298   17
r  2244   2293   2298   17
r  2295   2496   2298   17
r  2294   2496   2298   17
r  2500   2295   2298   17
r  2398   2347   2298   17
r  2095   2047   2298   17
r  2240   2288   2298   17
r  2249   2198   2496   17
r  2396   2298   2394   17
r  2395   2298   2496   17
r  2345   2298   2496   17
r  2150   2298   2496   17
r  2443   2298   2496   17
r  2300   2298   2496   17
r  2146   2298   2496   17
r  2241   2290   2341   17
r  2191   2193   1992   17
r  2344   2298   2198   17
r  1   152   252   18
r  501   552   252   18
r  357   309   252   18
r  456   505   252   18
r  506   457   252   18
r  602   653   252   18
r  255   208   252   18
r  154   102   252   18
r  59   110   252   18
r  151   102   253   18
r  352   252   253   18
r  503   552   253   18
r  405   505   253   18
r  454   503   253   18
r  407   252   253   18
r  8   110   253   18
r  408   359   253   18
r  409   357   253   18
r  804   702   253   18
r  556   559   253   18
r  60   8   253   18
r  261   259   253   18
r  706   755   253   18
r  460   360   253   18
r  658   709   253   18
r  410   459   253   18
r  557   608   253   18
r  703   804   253   18
r  754   554   253   18
r  755   554   253   18
r  801   702   253   18
r  753   554   253   18
r  752   801   253   18
r  212   263   253   18
r  560   662   253   18
r  406   253   252   18
r  455   253   252   18
r  553   253   252   18
r  208   253   252   18
r  9   253   252   18
r  451   253   252   18
r  157   253   252   18
r  108   253   252   18
r  508   253   252   18
r  358   253   252   18
r  307   253   252   18
r  701   253   252   18
r  603   253   252   18
r  112   163   161   18
r  656   253   554   18
r  756   805   554   18
r  62   110   163   18
r  266   165   115   18
r  903   854   1054   18
r  902   953   802   18
r  901   802   1054   18
r  664   565   716   18
r  18   115   69   18
r  17   115   168   18
r  70   170   172   18
r  219   168   317   18
r  22   172   175   18
r  171   71   372   18
r  423   223   172   18
r  1052   953   1156   18
r  1002   1054   1103   18
r  1201   1152   1352   18
r  1108   1007   1156   18
r  814   916   865   18
r  23   72   172   18
r  272   423   172   18
r  325   271   172   18
r  376   327   172   18
r  426   176   172   18
r  375   372   172   18
r  1302   1251   1402   18
r  1015   915   963   18
r  1162   1113   1060   18
r  570   671   619   18
r  228   279   129   18
r  30   28   129   18
r  80   28   129   18
r  78   129   127   18
r  79   127   28   18
r  29   80   129   18
r  378   429   480   18
r  1451   1352   1552   18
r  1503   1753   1404   18
r  1502   1602   1604   18
r  1166   1215   1168   18
r  674   723   824   18
r  282   233   84   18
r  31   129   134   18
r  1506   1457   1606   18
r  1601   1504   1505   18
r  1311   1363   1262   18
r  1551   1502   1504   18
r  580   631   529   18
r  32   84   134   18
r  83   183   85   18
r  34   133   134   18
r  531   632   681   18
r  1651   1703   1653   18
r  334   434   385   18
r  234   133   134   18
r  35   84   133   18
r  37   195   134   18
r  137   185   195   18
r  140   96   199   18
r  1610   1659   1608   18
r  1659   1559   1607   18
r  1704   1702   1651   18
r  1276   1176   1224   18
r  881   884   781   18
r  87   195   96   18
r  138   87   96   18
r  141   96   199   18
r  1664   1662   1666   18
r  1902   1904   2004   18
r  1951   1853   1903   18
r  2005   2007   1903   18
r  639   637   739   18
r  238   96   195   18
r  145   96   199   18
r  142   199   96   18
r  343   199   96   18
r  240   199   96   18
r  447   96   199   18
r  250   96   199   18
r  446   96   199   18
r  197   199   96   18
r  449   349   96   18
r  291   289   96   18
r  143   199   96   18
r  147   96   199   18
r  248   96   199   18
r  299   96   199   18
r  94   96   199   18
r  47   96   199   18
r  395   199   96   18
r  445   347   96   18
r  200   243   195   18
r  42   199   195   18
r  247   199   195   18
r  242   199   195   18
r  394   96   195   18
r  92   199   195   18
r  44   96   195   18
r  48   96   195   18
r  295   96   195   18
r  293   344   195   18
r  41   199   195   18
r  50   96   195   18
r  289   96   195   18
r  348   96   195   18
r  545   444   195   18
r  244   96   195   18
r  45   96   195   18
r  150   96   195   18
r  294   96   195   18
r  442   592   195   18
r  40   195   199   18
r  91   195   96   18
r  191   195   96   18
r  99   195   96   18
r  148   195   96   18
r  100   195   96   18
r  43   195   96   18
r  349   195   96   18
r  344   195   96   18
r  345   195   199   18
r  246   195   199   18
r  290   195   199   18
r  399   195   199   18
r  192   195   199   18
r  98   195   199   18
r  241   195   199   18
r  393   195   199   18
r  346   195   199   18
r  292   195   199   18
r  2002   1953   2253   18
r  2051   2152   2304   18
r  2103   2253   2304   18
r  392   195   96   18
r  239   195   96   18
r  340   195   96   18
r  450   195   96   18
r  396   195   96   18
r  296   195   96   18
r  495   195   96   18
r  497   195   546   18
r  1810   1812   1859   18
r  1962   2013   1859   18
r  1961   1912   1859   18
r  2404   2304   2356   18
r  2351   2155   2304   18
r  2260   2204   2304   18
r  2308   2356   2304   18
r  2107   2156   2253   18
r  2204   2304   2253   18
r  2459   2360   2253   18
r  2454   2304   2253   18
r  2455   2354   2253   18
r  2258   2357   2253   18
r  2310   2409   2253   18
r  2460   2360   2253   18
r  2058   2055   2253   18
r  2409   2304   2253   18
r  2361   2312   2253   18
r  1231   1130   1182   18
r  740   689   640   18
r  2403   2253   2356   18
r  2401   2253   2356   18
r  2201   2253   2356   18
r  2206   2253   2304   18
r  2355   2253   2304   18
r  2208   2253   2304   18
r  2309   2253   2304   18
r  2205   2253   2304   18
r  2209   2253   2304   18
r  2461   2312   2304   18
r  2463   2414   2466   18
r  600   546   598   18
r  700   546   598   18
r  647   546   598   18
r  795   895   748   18
r  746   598   748   18
r  797   748   849   18
r  848   748   796   18
r  847   896   895   18
r  1384   1435   1432   18
r  1532   1583   1481   18
r  1139   1238   1239   18
r  900   749   797   18
r  800   798   848   18
r  850   798   748   18
r  947   999   748   18
r  896   945   748   18
r  946   895   845   18
r  2114   2162   2013   18
r  2268   2466   2266   18
r  2316   2466   2314   18
r  2317   2466   2314   18
r  1826   1777   1875   18
r  2076   2074   2127   18
r  1434   1534   1584   18
r  1534   1435   1486   18
r  1880   1929   1832   18
r  950   748   999   18
r  1050   1099   998   18
r  1049   998   1349   18
r  2468   2371   2319   18
r  2319   2371   2321   18
r  1635   1586   1486   18
r  1093   1044   1349   18
r  1099   999   1349   18
r  2420   2371   2271   18
r  2222   2271   2371   18
r  2221   2374   2371   18
r  1149   1349   1299   18
r  1348   1299   1199   18
r  1449   1398   1299   18
r  1196   1396   1299   18
r  1249   1197   1398   18
r  1500   1448   1299   18
r  1248   1398   1299   18
r  1396   1447   1349   18
r  1498   1299   1349   18
r  1197   1299   1349   18
r  1297   1299   1349   18
r  1296   1398   1349   18
r  1344   1393   1349   18
r  1497   1597   1349   18
r  2471   2319   2371   18
r  2475   2426   2371   18
r  2182   2180   2382   18
r  1540   1491   1589   18
r  1346   1349   1299   18
r  1400   1349   1299   18
r  1499   1349   1299   18
r  2279   2228   2382   18
r  2379   2327   2477   18
r  2135   2236   2382   18
r  2381   2432   2481   18
r  2431   2433   2382   18
r  2433   2282   2382   18
r  2434   2483   2380   18
r  2334   2283   2380   18
r  2333   2483   2282   18
r  2385   2334   2282   18
r  2437   2341   2382   18
r  2287   2336   2382   18
r  2487   2341   2382   18
r  2288   2237   2382   18
r  2488   2439   2382   18
r  2341   2392   2298   18
r  1999   2496   2298   18
r  1994   1746   1847   18
r  2390   2441   2298   18
r  2342   2439   2298   18
r  2491   2439   2298   18
r  2442   2491   2298   18
r  2440   2491   2298   18
r  2245   2298   2496   18
r  2490   2341   2439   18
r  2193   2293   2298   18
r  2046   2097   2496   18
r  2343   2394   2496   18
r  2443   2496   2298   18
r  2293   2298   2496   18
r  2195   2293   2298   18
r  2295   2298   2496   18
r  2394   2445   2496   18
r  2395   2341   2298   18
r  2098   2149   2496   18
r  2200   2496   2298   18
r  2396   2394   2298   18
r  2345   2343   2298   18
r  2150   2196   2298   18
r  2300   2248   2298   18
r  2146   2195   2298   18
r  2344   2295   2298   18
r  2194   2143   2298   18
r  2148   2298   2496   18
r  551   554   252   19
r  309   257   252   19
r  259   310   252   19
r  359   357   252   19
r  457   408   252   19
r  653   702   252   19
r  704   554   252   19
r  12   110   163   19
r  706   554   252   19
r  460   457   252   19
r  410   509   252   19
r  703   554   252   19
r  406   252   253   19
r  455   252   253   19
r  553   252   253   19
r  208   252   253   19
r  9   252   253   19
r  451   252   253   19
r  157   252   253   19
r  108   252   253   19
r  508   252   253   19
r  358   252   253   19
r  701   653   253   19
r  603   554   253   19
r  111   109   253   19
r  61   108   253   19
r  656   554   253   19
r  260   308   253   19
r  210   311   253   19
r  360   312   253   19
r  607   658   253   19
r  751   702   253   19
r  854   806   253   19
r  411   460   253   19
r  307   309   253   19
r  112   110   253   19
r  461   459   253   19
r  161   213   253   19
r  62   163   253   19
r  311   360   253   19
r  905   954   253   19
r  58   253   252   19
r  605   253   252   19
r  604   253   252   19
r  601   253   252   19
r  209   253   252   19
r  554   253   252   19
r  702   253   252   19
r  352   253   252   19
r  407   253   252   19
r  8   253   252   19
r  60   253   252   19
r  652   253   252   19
r  458   253   252   19
r  705   253   252   19
r  409   253   252   19
r  655   253   252   19
r  560   253   661   19
r  63   14   115   19
r  214   216   115   19
r  18   69   115   19
r  17   168   115   19
r  119   71   115   19
r  69   16   172   19
r  314   363   266   19
r  712   761   811   19
r  1005   1054   1156   19
r  1206   1157   1054   19
r  1002   1103   1054   19
r  68   115   117   19
r  952   1054   1103   19
r  951   1054   1052   19
r  1058   1158   1156   19
r  1105   1154   1156   19
r  1303   1351   1203   19
r  1152   1052   1054   19
r  1202   1352   1054   19
r  1001   1054   1103   19
r  1101   1054   1052   19
r  23   172   72   19
r  25   74   72   19
r  372   423   172   19
r  271   121   172   19
r  323   223   172   19
r  373   472   172   19
r  324   177   172   19
r  368   417   419   19
r  469   467   520   19
r  26   172   75   19
r  1260   1262   1409   19
r  1402   1202   1504   19
r  1062   1163   1162   19
r  618   517   669   19
r  228   129   127   19
r  229   278   127   19
r  31   134   127   19
r  181   179   129   19
r  480   428   478   19
r  1311   1262   1363   19
r  1552   1402   1504   19
r  1553   1605   1504   19
r  232   134   132   19
r  132   134   85   19
r  32   133   85   19
r  1167   1216   1268   19
r  676   577   725   19
r  185   286   85   19
r  83   85   183   19
r  33   134   85   19
r  34   82   85   19
r  140   195   96   19
r  1267   1218   1168   19
r  1365   1363   1467   19
r  1513   1511   1562   19
r  1751   1753   1853   19
r  1653   1752   1753   19
r  925   873   823   19
r  285   385   435   19
r  136   85   183   19
r  87   139   195   19
r  38   85   96   19
r  89   96   195   19
r  90   96   199   19
r  190   195   96   19
r  141   199   96   19
r  534   483   434   19
r  1317   1167   1168   19
r  1565   1467   1667   19
r  1801   1753   1903   19
r  287   335   434   19
r  237   189   96   19
r  145   196   96   19
r  250   199   96   19
r  342   96   199   19
r  398   96   199   19
r  193   96   199   19
r  147   199   96   19
r  248   199   96   19
r  299   199   96   19
r  350   96   199   19
r  397   96   199   19
r  49   96   199   19
r  42   96   199   19
r  44   199   96   19
r  295   199   96   19
r  41   96   199   19
r  50   199   96   19
r  45   199   96   19
r  294   199   96   19
r  40   199   195   19
r  91   96   195   19
r  191   292   195   19
r  99   199   195   19
r  148   96   195   19
r  100   199   195   19
r  349   96   195   19
r  448   199   195   19
r  344   96   195   19
r  345   199   195   19
r  246   199   195   19
r  290   242   195   19
r  399   96   195   19
r  192   199   195   19
r  98   96   195   19
r  241   199   195   19
r  393   96   195   19
r  292   96   195   19
r  392   96   195   19
r  239   288   195   19
r  340   96   195   19
r  450   398   195   19
r  396   96   195   19
r  296   243   195   19
r  495   444   195   19
r  346   96   195   19
r  43   96   195   19
r  498   546   195   19
r  142   195   199   19
r  348   195   96   19
r  48   195   96   19
r  244   195   96   19
r  150   195   96   19
r  447   195   96   19
r  47   195   96   19
r  446   195   96   19
r  343   195   199   19
r  197   195   199   19
r  143   195   199   19
r  93   195   199   19
r  347   195   199   19
r  247   195   199   19
r  394   195   199   19
r  92   195   199   19
r  293   195   199   19
r  300   195   199   19
r  297   195   199   19
r  238   195   96   19
r  289   195   96   19
r  391   195   96   19
r  497   546   96   19
r  1320   1371   1419   19
r  1851   1902   1903   19
r  1766   1667   1714   19
r  1807   1755   1907   19
r  2004   1953   1903   19
r  2003   1853   1903   19
r  1075   1126   1078   19
r  1027   976   1076   19
r  1273   1219   1271   19
r  490   591   442   19
r  1473   1475   1374   19
r  1421   1372   1472   19
r  1901   1903   2253   19
r  1617   1668   1568   19
r  1618   1567   1616   19
r  2002   1902   2304   19
r  2001   1903   2253   19
r  2052   2004   2304   19
r  2103   2304   2253   19
r  2055   2152   2253   19
r  600   598   546   19
r  700   696   546   19
r  647   698   546   19
r  645   598   546   19
r  699   546   748   19
r  1621   1623   1520   19
r  2404   2356   2304   19
r  2407   2304   2302   19
r  2207   2158   2304   19
r  2204   2152   2304   19
r  2403   2356   2253   19
r  2401   2356   2253   19
r  2201   2304   2253   19
r  2411   2304   2253   19
r  2206   2304   2253   19
r  2355   2304   2253   19
r  2208   2308   2253   19
r  2309   2356   2253   19
r  2359   2410   2253   19
r  2362   2360   2253   19
r  2205   2308   2253   19
r  2210   2355   2253   19
r  2110   2209   2253   19
r  747   799   849   19
r  797   849   748   19
r  848   799   748   19
r  895   948   748   19
r  950   1048   748   19
r  2451   2253   2356   19
r  2402   2253   2356   19
r  2453   2253   2356   19
r  2454   2253   2304   19
r  2409   2253   2304   19
r  2360   2312   2304   19
r  1181   1082   1183   19
r  1231   1233   1082   19
r  1050   1048   1349   19
r  2022   2073   1920   19
r  2462   2414   2267   19
r  2413   2466   2314   19
r  2464   2466   2365   19
r  2414   2466   2416   19
r  1184   1131   1135   19
r  990   1041   891   19
r  1100   1149   1299   19
r  1775   1823   1876   19
r  2365   2314   2267   19
r  2316   2368   2466   19
r  2317   2314   2466   19
r  2417   2466   2314   19
r  992   990   943   19
r  1149   1299   1349   19
r  1447   1299   1398   19
r  1347   1299   1398   19
r  1549   1547   1299   19
r  1548   1546   1299   19
r  1498   1447   1299   19
r  1294   1399   1349   19
r  1346   1299   1349   19
r  1400   1299   1349   19
r  1499   1399   1349   19
r  1495   1446   1349   19
r  1598   1547   1349   19
r  1635   1486   1435   19
r  1198   1349   1398   19
r  1599   1349   1547   19
r  2420   2271   2371   19
r  2421   2474   2319   19
r  2178   2227   2382   19
r  2130   2178   2382   19
r  2373   2371   2271   19
r  2374   2371   2327   19
r  1750   1748   1799   19
r  1797   1846   1696   19
r  1794   1745   1696   19
r  1949   2298   1847   19
r  2376   2427   2378   19
r  2181   2132   2382   19
r  1640   1689   1541   19
r  1795   1847   1846   19
r  2049   1847   2496   19
r  2000   2200   2298   19
r  1996   1847   2298   19
r  2047   2298   2496   19
r  1993   2143   2298   19
r  2381   2483   2434   19
r  2432   2483   2481   19
r  2185   2236   2382   19
r  2050   2200   2496   19
r  2393   2395   2496   19
r  2243   2394   2496   19
r  2244   2143   2496   19
r  2200   2149   2496   19
r  2291   2340   2298   19
r  2245   2496   2298   19
r  2241   2341   2298   19
r  2490   2441   2298   19
r  2293   2344   2298   19
r  2295   2496   2298   19
r  2046   1997   2298   19
r  2148   2496   2298   19
r  2097   2298   2496   19
r  2434   2382   2483   19
r  2384   2382   2380   19
r  2038   2089   2091   19
r  2095   2298   2496   19
r  2292   2298   2496   19
r  2443   2298   2496   19
r  2493   2298   2496   19
r  2145   2298   2496   19
r  2344   2298   2496   19
r  2442   2298   2496   19
r  707   705   252   20
r  109   107   252   20
r  310   359   252   20
r  558   607   252   20
r  408   357   252   20
r  804   554   252   20
r  754   705   252   20
r  553   604   252   20
r  605   554   253   20
r  604   804   253   20
r  601   653   253   20
r  209   207   253   20
r  554   252   253   20
r  702   554   253   20
r  352   452   253   20
r  407   355   253   20
r  652   554   253   20
r  458   252   253   20
r  409   458   253   20
r  655   252   253   20
r  13   110   253   20
r  162   110   253   20
r  114   163   253   20
r  803   554   253   20
r  262   260   253   20
r  853   801   253   20
r  58   252   253   20
r  8   108   253   20
r  60   252   253   20
r  705   252   253   20
r  312   363   253   20
r  710   661   253   20
r  158   253   252   20
r  555   253   252   20
r  654   253   252   20
r  507   253   252   20
r  651   253   252   20
r  406   253   252   20
r  455   253   252   20
r  208   253   252   20
r  9   253   252   20
r  451   253   252   20
r  157   253   252   20
r  108   253   252   20
r  508   253   252   20
r  656   253   252   20
r  607   253   252   20
r  751   253   252   20
r  556   253   252   20
r  608   253   252   20
r  557   253   252   20
r  753   253   252   20
r  510   562   661   20
r  66   69   117   20
r  68   117   115   20
r  954   1052   1103   20
r  902   802   1054   20
r  1005   1103   1054   20
r  1053   1102   1156   20
r  118   115   69   20
r  951   1052   1054   20
r  952   1103   1054   20
r  1001   1052   1054   20
r  1101   1103   1054   20
r  1007   1058   1054   20
r  1056   1007   1054   20
r  1107   1158   1054   20
r  22   121   172   20
r  23   72   172   20
r  422   371   172   20
r  26   77   172   20
r  1306   1357   1404   20
r  1202   1054   1352   20
r  1352   1303   1404   20
r  1302   1402   1404   20
r  1359   1307   1363   20
r  1402   1504   1505   20
r  1110   1161   1063   20
r  967   969   916   20
r  277   378   427   20
r  280   127   129   20
r  78   30   129   20
r  79   128   127   20
r  131   232   127   20
r  30   127   79   20
r  231   127   129   20
r  31   127   129   20
r  1112   1060   1012   20
r  1452   1351   1504   20
r  1360   1309   1260   20
r  922   1072   868   20
r  381   383   434   20
r  132   85   134   20
r  1603   1654   1503   20
r  923   874   823   20
r  1070   971   921   20
r  673   774   824   20
r  83   134   85   20
r  86   134   195   20
r  136   134   85   20
r  234   286   85   20
r  140   199   195   20
r  631   629   529   20
r  531   681   632   20
r  680   729   582   20
r  1264   1363   1364   20
r  1121   921   1024   20
r  1219   1267   1168   20
r  34   85   183   20
r  36   85   96   20
r  138   195   199   20
r  89   195   96   20
r  90   195   96   20
r  190   96   195   20
r  141   96   199   20
r  1516   1565   1568   20
r  1127   1025   1078   20
r  1126   1077   1024   20
r  189   96   199   20
r  342   199   96   20
r  398   199   96   20
r  291   96   199   20
r  193   199   96   20
r  248   96   199   20
r  400   96   199   20
r  339   290   96   20
r  94   199   96   20
r  445   96   199   20
r  49   199   96   20
r  42   199   96   20
r  242   96   199   20
r  45   96   199   20
r  100   96   199   20
r  448   96   199   20
r  399   199   96   20
r  98   199   96   20
r  292   199   96   20
r  346   199   96   20
r  43   199   96   20
r  142   96   195   20
r  348   199   195   20
r  244   96   195   20
r  150   96   195   20
r  447   199   195   20
r  47   199   195   20
r  446   96   195   20
r  343   96   195   20
r  197   96   195   20
r  143   199   195   20
r  93   199   195   20
r  347   199   195   20
r  247   96   195   20
r  293   199   195   20
r  300   199   195   20
r  297   199   195   20
r  289   96   195   20
r  391   442   195   20
r  500   598   195   20
r  48   96   195   20
r  92   199   195   20
r  238   291   195   20
r  390   488   195   20
r  40   195   199   20
r  91   195   96   20
r  240   195   199   20
r  191   195   199   20
r  345   195   199   20
r  246   195   199   20
r  241   195   199   20
r  192   195   199   20
r  494   195   199   20
r  450   195   199   20
r  239   195   199   20
r  99   195   199   20
r  395   195   199   20
r  147   195   199   20
r  299   195   199   20
r  295   195   199   20
r  50   195   199   20
r  294   195   199   20
r  44   195   199   20
r  350   195   96   20
r  397   195   96   20
r  443   195   96   20
r  545   195   96   20
r  148   195   96   20
r  349   195   96   20
r  344   195   96   20
r  290   195   96   20
r  393   195   96   20
r  340   195   96   20
r  396   195   96   20
r  498   195   96   20
r  41   195   96   20
r  394   199   96   20
r  1851   1802   1853   20
r  1953   2054   2253   20
r  1951   2003   2253   20
r  2004   1952   2253   20
r  1901   2253   1903   20
r  1863   1912   1859   20
r  787   689   736   20
r  786   788   687   20
r  687   736   738   20
r  2007   2059   2304   20
r  2052   2304   2253   20
r  2055   2253   2304   20
r  2056   2108   2304   20
r  1817   1866   1769   20
r  1377   1375   1475   20
r  1426   1475   1374   20
r  693   591   592   20
r  600   546   598   20
r  737   689   788   20
r  2203   2151   2356   20
r  2153   2304   2356   20
r  2156   2304   2356   20
r  2305   2152   2356   20
r  2407   2302   2304   20
r  2102   2002   2304   20
r  2204   2304   2202   20
r  2411   2310   2304   20
r  2362   2310   2304   20
r  2110   2256   2304   20
r  2108   2157   2253   20
r  2451   2356   2253   20
r  2402   2304   2253   20
r  2453   2304   2253   20
r  2454   2304   2253   20
r  2409   2360   2253   20
r  2209   2207   2253   20
r  1477   1479   1577   20
r  694   594   642   20
r  998   846   1349   20
r  2202   2253   2356   20
r  2405   2253   2403   20
r  2201   2253   2304   20
r  2355   2253   2304   20
r  2359   2253   2304   20
r  2206   2253   2304   20
r  1231   1182   1233   20
r  938   935   1037   20
r  2462   2267   2314   20
r  2413   2314   2364   20
r  2414   2416   2314   20
r  2114   2063   2014   20
r  2017   2068   2066   20
r  1099   1349   1299   20
r  1098   1149   1299   20
r  1245   1294   1299   20
r  1449   1299   1347   20
r  1046   997   1349   20
r  1198   1299   1349   20
r  1600   1597   1349   20
r  1546   1495   1349   20
r  1647   1600   1349   20
r  2416   2365   2314   20
r  2315   2266   2267   20
r  2368   2267   2371   20
r  2417   2314   2466   20
r  2468   2319   2371   20
r  2118   2069   2271   20
r  1483   1432   1382   20
r  1149   1349   1299   20
r  1196   1349   1398   20
r  1346   1349   1299   20
r  1446   1349   1299   20
r  2367   2466   2266   20
r  2319   2467   2371   20
r  1534   1486   1435   20
r  1632   1435   1531   20
r  1645   1948   1847   20
r  1342   1290   1192   20
r  1698   1797   1696   20
r  2220   2269   2371   20
r  2419   2468   2319   20
r  2423   2421   2319   20
r  2078   1978   2030   20
r  1750   1799   1696   20
r  1897   1899   1848   20
r  1800   1798   1696   20
r  1795   1846   1847   20
r  2477   2376   2328   20
r  2176   2327   2127   20
r  2179   2127   2382   20
r  2047   2098   2298   20
r  2379   2376   2327   20
r  2096   2195   2496   20
r  2392   2443   2496   20
r  2294   2245   2496   20
r  2342   2393   2496   20
r  2245   2341   2496   20
r  2148   2347   2496   20
r  2097   1995   2298   20
r  2489   2341   2298   20
r  2095   2496   2298   20
r  2443   2496   2298   20
r  2493   2496   2298   20
r  2145   2496   2298   20
r  2344   2198   2298   20
r  2442   2496   2298   20
r  2144   2195   2298   20
r  2381   2481   2483   20
r  2333   2282   2380   20
r  2486   2483   2380   20
r  2434   2483   2382   20
r  2384   2282   2382   20
r  2440   2298   2382   20
r  1789   1688   1890   20
r  2492   2298   2496   20
r  2195   2298   2496   20
r  2291   2298   2496   20
r  2295   2298   2496   20
r  2391   2298   2496   20
r  2242   2191   2496   20
r  2491   2298   2496   20
r  2143   2092   2496   20
r  2385   2382   2380   20
r  559   608   252   21
r  11   110   252   21
r  211   311   252   21
r  212   264   252   21
r  61   110   252   21
r  360   459   252   21
r  411   311   252   21
r  554   503   252   21
r  458   507   252   21
r  58   110   252   21
r  705   653   252   21
r  555   655   253   21
r  654   252   253   21
r  507   252   253   21
r  651   554   253   21
r  406   305   253   21
r  455   252   253   21
r  208   252   253   21
r  9   108   253   21
r  451   252   253   21
r  157   252   253   21
r  108   252   253   21
r  508   252   253   21
r  656   707   253   21
r  607   556   253   21
r  556   252   253   21
r  557   559   253   21
r  753   705   253   21
r  757   805   253   21
r  511   457   253   21
r  510   610   253   21
r  213   162   253   21
r  361   261   253   21
r  851   904   253   21
r  14   115   253   21
r  158   6   253   21
r  751   252   253   21
r  806   852   253   21
r  64   115   253   21
r  263   163   253   21
r  610   661   253   21
r  256   253   307   21
r  701   253   554   21
r  509   253   252   21
r  159   253   252   21
r  801   253   252   21
r  752   253   252   21
r  655   253   252   21
r  803   253   252   21
r  60   253   252   21
r  657   253   252   21
r  459   253   252   21
r  12   253   252   21
r  756   804   252   21
r  358   253   252   21
r  62   253   252   21
r  110   253   252   21
r  261   253   252   21
r  802   804   1054   21
r  907   807   858   21
r  118   69   115   21
r  902   904   953   21
r  169   267   269   21
r  72   423   174   21
r  1205   1105   1054   21
r  1252   1301   1054   21
r  121   172   72   21
r  170   269   172   21
r  124   26   72   21
r  175   73   124   21
r  320   372   172   21
r  424   271   172   21
r  1351   1353   1252   21
r  125   172   173   21
r  27   129   79   21
r  1401   1352   1404   21
r  1404   1453   1305   21
r  1354   1505   1503   21
r  1014   1115   963   21
r  1310   1363   1409   21
r  1409   1509   1461   21
r  228   127   129   21
r  230   281   129   21
r  30   79   127   21
r  31   129   127   21
r  231   129   127   21
r  131   127   180   21
r  1551   1504   1404   21
r  1601   1552   1504   21
r  969   971   1022   21
r  770   721   921   21
r  32   134   183   21
r  1604   1553   1504   21
r  1607   1708   1507   21
r  1460   1409   1363   21
r  1019   1118   1119   21
r  870   868   769   21
r  83   183   134   21
r  35   134   183   21
r  37   134   96   21
r  1608   1507   1606   21
r  1752   1853   1651   21
r  1701   1653   1753   21
r  723   523   824   21
r  334   385   434   21
r  138   199   195   21
r  38   96   199   21
r  90   96   195   21
r  190   195   96   21
r  141   199   96   21
r  1751   1651   1753   21
r  1853   1902   1753   21
r  826   824   823   21
r  1223   1322   1271   21
r  1371   1272   1419   21
r  1421   1470   1419   21
r  878   778   829   21
r  237   195   199   21
r  288   387   199   21
r  188   195   199   21
r  88   96   199   21
r  398   96   199   21
r  449   96   199   21
r  193   96   199   21
r  248   199   96   21
r  298   96   199   21
r  94   96   199   21
r  42   96   199   21
r  242   199   96   21
r  399   96   199   21
r  392   394   96   21
r  142   199   96   21
r  244   199   96   21
r  446   199   96   21
r  343   199   96   21
r  143   96   199   21
r  293   96   199   21
r  48   199   96   21
r  238   96   199   21
r  89   137   195   21
r  240   199   195   21
r  191   96   195   21
r  345   199   195   21
r  246   96   195   21
r  241   96   195   21
r  192   199   195   21
r  450   199   195   21
r  239   96   195   21
r  99   96   195   21
r  395   199   195   21
r  147   199   195   21
r  299   199   195   21
r  295   96   195   21
r  50   96   195   21
r  294   96   195   21
r  44   96   195   21
r  397   199   195   21
r  349   199   195   21
r  344   96   195   21
r  290   96   195   21
r  393   96   195   21
r  340   238   195   21
r  499   546   195   21
r  40   199   195   21
r  91   96   195   21
r  350   199   195   21
r  396   96   195   21
r  41   96   195   21
r  394   96   195   21
r  93   195   199   21
r  347   195   199   21
r  341   195   199   21
r  296   195   199   21
r  250   195   199   21
r  47   195   199   21
r  342   195   199   21
r  98   195   199   21
r  292   195   199   21
r  346   195   199   21
r  43   195   199   21
r  189   195   96   21
r  291   195   96   21
r  400   195   96   21
r  445   195   96   21
r  45   195   96   21
r  100   195   96   21
r  448   195   96   21
r  150   195   96   21
r  247   195   96   21
r  197   195   96   21
r  548   700   96   21
r  2053   2004   2253   21
r  1026   1077   1078   21
r  978   1027   1025   21
r  595   744   748   21
r  737   788   735   21
r  1905   1956   1854   21
r  2001   2253   2304   21
r  2052   2001   2304   21
r  2103   2253   2304   21
r  2055   2304   2253   21
r  2005   1903   2253   21
r  491   442   542   21
r  600   548   546   21
r  2156   2356   2304   21
r  2105   2304   2356   21
r  2204   2202   2304   21
r  2455   2304   2356   21
r  2058   2056   2304   21
r  2210   2161   2304   21
r  2402   2356   2304   21
r  2059   2111   2253   21
r  2202   2304   2253   21
r  2405   2403   2253   21
r  2461   2304   2253   21
r  2360   2304   2253   21
r  2201   2304   2253   21
r  2355   2304   2253   21
r  2359   2459   2253   21
r  2206   2304   2253   21
r  2162   2211   2253   21
r  2161   2212   2253   21
r  2153   2253   2304   21
r  1428   1377   1376   21
r  1476   1377   1527   21
r  1624   1573   1676   21
r  1000   1048   1349   21
r  845   745   748   21
r  946   846   748   21
r  847   748   849   21
r  2060   2111   2304   21
r  2403   2253   2356   21
r  2301   2253   2356   21
r  2453   2253   2304   21
r  2454   2253   2304   21
r  2412   2463   2314   21
r  2062   2162   2013   21
r  1181   1183   1233   21
r  936   938   988   21
r  996   895   1349   21
r  2413   2364   2466   21
r  2414   2314   2465   21
r  2063   2115   2114   21
r  1099   1299   1349   21
r  1348   1199   1299   21
r  1449   1347   1299   21
r  1197   1398   1299   21
r  1297   1398   1299   21
r  1400   1398   1299   21
r  1198   1398   1299   21
r  1149   1299   1349   21
r  1196   1398   1349   21
r  1346   1299   1349   21
r  1446   1448   1349   21
r  1395   1444   1349   21
r  1597   1649   1349   21
r  1544   1444   1349   21
r  1045   1094   1349   21
r  2365   2466   2314   21
r  2265   2314   2267   21
r  2366   2266   2314   21
r  2316   2314   2265   21
r  2268   2314   2466   21
r  2417   2466   2267   21
r  1776   1825   1827   21
r  1876   1827   1726   21
r  1097   1349   1299   21
r  1347   1349   1299   21
r  1296   1349   1299   21
r  1650   1647   1847   21
r  1094   1145   1244   21
r  2076   2127   2024   21
r  2474   2472   2319   21
r  2221   2371   2319   21
r  2373   2271   2371   21
r  2324   2373   2371   21
r  2276   2225   2371   21
r  1538   1586   1486   21
r  1798   1696   1796   21
r  1997   1948   2298   21
r  1946   2047   1847   21
r  1944   2044   1847   21
r  1792   1790   1693   21
r  2228   2327   2382   21
r  1986   1835   1934   21
r  2031   2082   1984   21
r  2045   2298   2496   21
r  2278   2327   2382   21
r  2390   2341   2496   21
r  2193   2244   2496   21
r  2095   2195   2496   21
r  2145   2045   2496   21
r  2292   2341   2298   21
r  2492   2341   2298   21
r  2391   2496   2298   21
r  2491   2496   2298   21
r  2192   2241   2298   21
r  2291   2496   2298   21
r  2295   2496   2298   21
r  2279   2382   2230   21
r  2432   2481   2483   21
r  2481   2433   2380   21
r  2385   2282   2382   21
r  2194   2298   2496   21
r  2443   2298   2496   21
r  2493   2298   2496   21
r  2488   2382   2439   21
r  2238   2136   2338   21
r  2490   2298   2341   21
r  2489   2298   2341   21
r  111   162   252   22
r  162   210   252   22
r  114   110   252   22
r  710   708   252   22
r  507   408   252   22
r  455   406   252   22
r  451   403   252   22
r  508   457   252   22
r  757   755   252   22
r  256   252   253   22
r  701   554   253   22
r  608   252   253   22
r  509   252   253   22
r  159   215   253   22
r  801   252   253   22
r  752   252   253   22
r  803   702   253   22
r  60   108   253   22
r  657   252   253   22
r  459   252   253   22
r  12   252   253   22
r  358   252   253   22
r  62   252   253   22
r  110   252   253   22
r  261   212   253   22
r  708   661   253   22
r  805   905   253   22
r  659   661   253   22
r  163   111   253   22
r  904   855   253   22
r  113   161   253   22
r  362   311   253   22
r  807   855   253   22
r  63   163   253   22
r  856   805   253   22
r  655   252   253   22
r  756   554   253   22
r  463   512   253   22
r  755   253   252   22
r  260   253   252   22
r  210   253   252   22
r  208   253   252   22
r  157   253   252   22
r  108   253   252   22
r  556   253   252   22
r  751   253   252   22
r  806   253   252   22
r  160   253   252   22
r  112   253   252   22
r  654   253   252   22
r  213   253   252   22
r  312   253   252   22
r  161   253   252   22
r  611   662   252   22
r  1004   1103   1156   22
r  762   813   810   22
r  17   115   117   22
r  169   269   172   22
r  70   172   72   22
r  1207   1156   1054   22
r  1158   1109   1054   22
r  269   317   172   22
r  121   72   172   22
r  122   124   125   22
r  24   172   121   22
r  272   372   72   22
r  224   72   173   22
r  371   320   172   22
r  125   173   172   22
r  277   328   172   22
r  1255   1304   1203   22
r  1008   1109   1156   22
r  1253   1202   1404   22
r  1303   1054   1404   22
r  1252   1054   1404   22
r  1402   1505   1504   22
r  1018   967   916   22
r  228   129   127   22
r  31   85   129   22
r  131   180   127   22
r  29   129   127   22
r  231   127   129   22
r  478   529   427   22
r  1451   1402   1404   22
r  1405   1152   1402   22
r  1453   1504   1404   22
r  1553   1504   1404   22
r  1602   1753   1404   22
r  1501   1504   1404   22
r  1161   1164   1061   22
r  232   132   85   22
r  1652   1753   1752   22
r  1020   1121   1022   22
r  83   85   183   22
r  1024   1073   1078   22
r  1368   1319   1370   22
r  385   336   434   22
r  284   233   434   22
r  387   338   434   22
r  234   85   183   22
r  34   134   85   22
r  86   195   96   22
r  37   96   195   22
r  137   195   96   22
r  140   195   199   22
r  1751   1753   1803   22
r  1466   1565   1464   22
r  1418   1470   1472   22
r  87   96   199   22
r  138   195   199   22
r  38   195   96   22
r  90   199   96   22
r  139   96   199   22
r  190   138   195   22
r  141   96   199   22
r  1953   1902   2304   22
r  2053   2253   2304   22
r  1951   2253   2304   22
r  1952   1853   2253   22
r  1854   1956   1907   22
r  2007   2304   2253   22
r  1716   1718   1765   22
r  1761   1812   1813   22
r  1077   978   1026   22
r  1519   1468   1568   22
r  490   541   591   22
r  238   199   96   22
r  289   195   96   22
r  189   199   195   22
r  88   195   96   22
r  40   195   199   22
r  494   199   195   22
r  39   195   199   22
r  240   195   199   22
r  395   195   199   22
r  447   195   199   22
r  250   199   195   22
r  147   195   199   22
r  299   195   199   22
r  348   195   199   22
r  47   199   195   22
r  89   195   199   22
r  350   195   199   22
r  397   195   199   22
r  43   199   195   22
r  400   199   195   22
r  445   199   195   22
r  242   195   199   22
r  45   199   195   22
r  100   199   195   22
r  448   199   195   22
r  150   199   195   22
r  343   195   199   22
r  247   199   195   22
r  398   199   96   22
r  193   199   96   22
r  298   199   96   22
r  42   195   96   22
r  399   199   96   22
r  143   199   96   22
r  293   199   96   22
r  191   195   96   22
r  246   195   96   22
r  241   199   96   22
r  239   195   96   22
r  99   199   96   22
r  295   195   96   22
r  50   199   96   22
r  294   195   96   22
r  44   199   96   22
r  393   195   96   22
r  91   195   96   22
r  396   195   96   22
r  41   195   96   22
r  449   195   96   22
r  94   195   96   22
r  344   195   96   22
r  394   345   96   22
r  547   498   96   22
r  248   96   199   22
r  444   96   199   22
r  49   96   199   22
r  495   96   199   22
r  142   96   199   22
r  244   96   199   22
r  446   96   199   22
r  300   96   199   22
r  297   96   199   22
r  391   96   199   22
r  48   96   199   22
r  92   96   199   22
r  345   96   199   22
r  192   96   199   22
r  450   96   199   22
r  349   96   199   22
r  93   96   195   22
r  347   96   195   22
r  341   96   195   22
r  296   96   195   22
r  443   96   195   22
r  148   96   195   22
r  98   96   195   22
r  292   96   195   22
r  291   96   195   22
r  197   96   195   22
r  342   96   195   22
r  499   195   199   22
r  498   96   199   22
r  1901   1903   2253   22
r  2103   2105   2253   22
r  2054   1903   2304   22
r  2005   2253   2304   22
r  2057   2108   2304   22
r  2354   2403   2356   22
r  2105   2356   2304   22
r  2256   2304   2356   22
r  2307   2304   2356   22
r  2455   2356   2304   22
r  2461   2362   2304   22
r  2360   2311   2304   22
r  2355   2403   2304   22
r  2056   2004   2253   22
r  2153   2304   2253   22
r  2403   2356   2253   22
r  2301   2356   2253   22
r  2453   2356   2253   22
r  2454   2304   2253   22
r  2261   2312   2253   22
r  2151   2253   2356   22
r  2152   2253   2356   22
r  2308   2253   2356   22
r  2361   2253   2304   22
r  2059   2253   2304   22
r  2202   2253   2304   22
r  2201   2253   2304   22
r  2206   2253   2304   22
r  2055   2253   2304   22
r  2160   2109   2304   22
r  1426   1374   1475   22
r  1427   1476   1475   22
r  1428   1375   1475   22
r  799   899   850   22
r  746   797   849   22
r  896   845   844   22
r  847   895   748   22
r  945   846   748   22
r  2412   2314   2267   22
r  2363   2267   2314   22
r  800   748   849   22
r  1049   1349   1299   22
r  2464   2365   2466   22
r  2414   2465   2466   22
r  2063   2114   2164   22
r  2117   2068   2069   22
r  991   1040   890   22
r  1099   1047   1299   22
r  1399   1347   1450   22
r  1149   1200   1299   22
r  1097   1148   1349   22
r  1347   1299   1349   22
r  1296   1299   1349   22
r  1095   1195   1349   22
r  1599   1547   1349   22
r  1649   1549   1349   22
r  1545   1594   1349   22
r  1444   1495   1349   22
r  1596   1545   1349   22
r  2315   2267   2266   22
r  2417   2267   2466   22
r  2415   2466   2267   22
r  2119   2168   2070   22
r  1876   1825   1827   22
r  1447   1349   1299   22
r  1246   1349   1299   22
r  1497   1349   1299   22
r  1145   1143   1244   22
r  1647   1349   1847   22
r  1645   1597   1649   22
r  2218   2271   2371   22
r  1242   1239   1244   22
r  1700   1798   1696   22
r  2473   2371   2319   22
r  2326   2423   2371   22
r  2221   2319   2371   22
r  1931   1832   1934   22
r  1798   1796   1696   22
r  1899   1998   2298   22
r  1995   1944   1847   22
r  2425   2371   2477   22
r  2129   2231   2382   22
r  1589   1593   1689   22
r  1834   1783   1883   22
r  1885   1933   1934   22
r  1946   1847   2298   22
r  1998   1847   2298   22
r  1950   1847   2298   22
r  1999   1847   2496   22
r  2045   2496   2298   22
r  2442   2341   2496   22
r  2391   2342   2496   22
r  2295   2198   2496   22
r  2094   2143   2298   22
r  2195   2244   2298   22
r  2242   2244   2298   22
r  2143   2496   2298   22
r  2443   2496   2298   22
r  2493   2496   2298   22
r  2191   1992   2298   22
r  2489   2341   2298   22
r  2488   2341   2382   22
r  2187   2338   2382   22
r  2290   2341   2382   22
r  2136   2035   2187   22
r  1940   1938   1887   22
r  2038   2090   2138   22
r  2241   2298   2496   22
r  2144   2298   2496   22
r  2437   2382   2341   22
r  2142   1992   2091   22
r  2233   2382   2380   22
r  658   661   252   23
r  262   311   252   23
r  64   163   252   23
r  263   363   252   23
r  610   561   252   23
r  509   408   252   23
r  801   554   252   23
r  752   554   252   23
r  62   108   252   23
r  659   610   252   23
r  113   115   252   23
r  755   252   253   23
r  260   208   253   23
r  210   212   253   23
r  208   257   253   23
r  157   252   253   23
r  108   252   253   23
r  556   653   253   23
r  751   252   253   23
r  806   252   253   23
r  112   161   253   23
r  654   252   253   23
r  213   260   253   23
r  312   252   253   23
r  161   108   253   23
r  560   562   253   23
r  164   115   253   23
r  802   904   253   23
r  412   361   253   23
r  462   511   253   23
r  313   364   253   23
r  709   609   253   23
r  561   661   253   23
r  513   663   253   23
r  160   252   253   23
r  215   166   253   23
r  906   806   253   23
r  13   253   252   23
r  510   253   252   23
r  361   253   252   23
r  256   253   252   23
r  608   253   252   23
r  657   253   252   23
r  459   253   252   23
r  12   253   252   23
r  358   253   252   23
r  110   253   252   23
r  856   253   252   23
r  655   253   252   23
r  14   253   252   23
r  613   512   252   23
r  852   904   1054   23
r  65   63   117   23
r  119   70   172   23
r  17   117   115   23
r  1002   1054   1103   23
r  762   810   861   23
r  1154   1106   1103   23
r  1256   1307   1054   23
r  1008   1057   1054   23
r  1108   958   1054   23
r  1157   1056   1054   23
r  68   115   117   23
r  70   121   172   23
r  912   961   861   23
r  1255   1203   1404   23
r  1251   1352   1404   23
r  1202   1151   1404   23
r  24   72   172   23
r  270   421   172   23
r  327   226   172   23
r  1304   1203   1404   23
r  126   172   124   23
r  27   79   129   23
r  1066   1167   965   23
r  1551   1503   1504   23
r  1451   1552   1503   23
r  1502   1504   1404   23
r  1552   1504   1404   23
r  1453   1404   1504   23
r  281   181   129   23
r  128   31   77   23
r  29   31   129   23
r  231   129   127   23
r  1360   1409   1363   23
r  1363   1463   1409   23
r  1311   1363   1409   23
r  1264   1313   1363   23
r  1510   1559   1363   23
r  83   134   85   23
r  85   140   96   23
r  1756   1705   1707   23
r  334   434   285   23
r  86   138   199   23
r  37   195   96   23
r  137   96   199   23
r  1902   2003   2253   23
r  1904   2004   1907   23
r  1954   1902   2253   23
r  1851   1853   1802   23
r  2003   2052   2253   23
r  1952   2003   2304   23
r  2007   2253   2304   23
r  537   488   636   23
r  288   195   96   23
r  188   199   195   23
r  87   195   96   23
r  38   199   195   23
r  494   195   199   23
r  240   199   195   23
r  395   199   195   23
r  140   199   195   23
r  250   195   199   23
r  147   199   195   23
r  299   199   195   23
r  348   199   195   23
r  497   598   195   23
r  89   199   195   23
r  339   195   199   23
r  350   199   195   23
r  397   199   195   23
r  340   195   199   23
r  346   199   195   23
r  43   195   199   23
r  190   195   199   23
r  400   195   199   23
r  448   195   199   23
r  150   195   199   23
r  247   195   199   23
r  90   195   199   23
r  298   195   199   23
r  399   195   199   23
r  143   195   199   23
r  241   195   199   23
r  50   195   199   23
r  393   199   195   23
r  396   494   199   23
r  238   195   199   23
r  344   199   195   23
r  394   195   199   23
r  139   195   96   23
r  49   199   96   23
r  244   199   96   23
r  446   195   96   23
r  300   199   96   23
r  297   195   96   23
r  92   195   96   23
r  345   195   96   23
r  192   199   96   23
r  450   195   96   23
r  349   199   96   23
r  290   199   96   23
r  93   199   96   23
r  347   199   96   23
r  341   195   96   23
r  296   195   96   23
r  443   195   96   23
r  148   195   96   23
r  292   195   96   23
r  197   199   96   23
r  342   199   96   23
r  141   199   96   23
r  248   195   96   23
r  444   199   96   23
r  142   195   96   23
r  48   199   96   23
r  98   195   96   23
r  291   195   96   23
r  1715   1766   1666   23
r  1813   1762   1864   23
r  1373   1422   1475   23
r  1901   2004   2304   23
r  1809   1807   1708   23
r  2001   1953   2253   23
r  2005   2054   2253   23
r  2057   2304   2253   23
r  1958   2108   2253   23
r  881   883   829   23
r  440   442   591   23
r  490   591   541   23
r  392   96   199   23
r  289   96   195   23
r  189   96   199   23
r  88   96   195   23
r  91   96   195   23
r  41   96   195   23
r  295   96   195   23
r  294   96   195   23
r  246   96   195   23
r  191   96   195   23
r  239   96   195   23
r  94   96   195   23
r  42   96   195   23
r  39   96   195   23
r  447   96   195   23
r  343   96   195   23
r  499   398   195   23
r  242   96   195   23
r  40   96   195   23
r  47   96   199   23
r  445   96   199   23
r  45   96   199   23
r  193   96   199   23
r  293   96   199   23
r  99   96   199   23
r  44   96   199   23
r  500   546   199   23
r  100   96   199   23
r  398   96   199   23
r  547   96   195   23
r  498   199   195   23
r  2101   2304   2356   23
r  2307   2356   2304   23
r  2051   2304   2356   23
r  2204   2304   2356   23
r  2401   2304   2356   23
r  2362   2304   2466   23
r  2151   2356   2253   23
r  2152   2304   2253   23
r  2308   2356   2253   23
r  2361   2304   2253   23
r  2202   2356   2253   23
r  2201   2356   2253   23
r  2206   2356   2253   23
r  2055   2304   2253   23
r  2160   2304   2253   23
r  2009   2060   2253   23
r  2109   2008   2253   23
r  2211   2262   2253   23
r  2059   2160   2253   23
r  2251   2253   2356   23
r  2352   2253   2356   23
r  2205   2253   2356   23
r  2102   2253   2356   23
r  2407   2253   2356   23
r  2156   2253   2356   23
r  2453   2253   2356   23
r  2256   2253   2304   23
r  2108   2253   2304   23
r  2153   2253   2304   23
r  2454   2253   2304   23
r  2261   2253   2304   23
r  2161   2253   2304   23
r  647   598   748   23
r  600   598   649   23
r  1627   1527   1475   23
r  1723   1672   1676   23
r  1084   1086   883   23
r  749   849   796   23
r  797   799   849   23
r  800   849   748   23
r  948   946   849   23
r  848   748   749   23
r  1919   2019   1970   23
r  1625   1676   1678   23
r  2264   2466   2267   23
r  2465   2314   2267   23
r  2467   2368   2314   23
r  2463   2310   2314   23
r  2317   2217   2314   23
r  2268   2266   2314   23
r  2365   2314   2466   23
r  2415   2267   2466   23
r  2367   2268   2466   23
r  1088   1037   987   23
r  1049   1299   1349   23
r  2017   2066   2069   23
r  2315   2466   2267   23
r  2417   2466   2267   23
r  2368   2466   2319   23
r  2269   2271   2371   23
r  1047   1146   1349   23
r  1146   1396   1299   23
r  1346   1196   1299   23
r  1347   1398   1299   23
r  1599   1548   1299   23
r  1447   1299   1349   23
r  1246   1149   1349   23
r  1497   1299   1349   23
r  1393   1445   1349   23
r  1094   1143   1349   23
r  1144   1195   1349   23
r  1646   1595   1349   23
r  1581   1682   1533   23
r  1680   1731   1531   23
r  2270   2321   2319   23
r  2271   2220   2319   23
r  2372   2423   2319   23
r  1097   1349   1398   23
r  1394   1494   1445   23
r  2075   2024   2026   23
r  2074   2025   1975   23
r  1585   1534   1435   23
r  1388   1386   1288   23
r  2473   2319   2371   23
r  2171   2271   2371   23
r  2374   2323   2371   23
r  2423   2319   2320   23
r  1850   1847   1696   23
r  2223   2123   2324   23
r  1538   1587   1586   23
r  1896   1796   1848   23
r  1947   1848   2298   23
r  1893   1993   1847   23
r  1945   1941   1847   23
r  1943   2042   1847   23
r  1694   1692   1847   23
r  2228   2329   2327   23
r  1950   1899   2496   23
r  1639   1590   1539   23
r  2279   2230   2382   23
r  2479   2483   2380   23
r  2441   2341   2496   23
r  2493   2394   2496   23
r  2191   2143   2496   23
r  2194   2496   2298   23
r  2144   2496   2298   23
r  2331   2282   2380   23
r  2234   2334   2380   23
r  2480   2483   2380   23
r  2238   2338   2382   23
r  2437   2489   2382   23
r  2233   2282   2382   23
r  2237   2188   2382   23
r  1888   1939   1840   23
r  2390   2298   2341   23
r  2491   2298   2496   23
r  2143   2298   2496   23
r  2443   2298   2496   23
r  2190   2141   2138   23
r  2290   2382   2341   23
r  2040   2038   1991   23
r  2335   2382   2282   23
r  854   802   252   24
r  461   711   252   24
r  853   904   252   24
r  511   560   252   24
r  807   905   252   24
r  63   115   252   24
r  108   159   252   24
r  802   1054   252   24
r  611   252   253   24
r  13   108   253   24
r  361   252   253   24
r  256   252   253   24
r  608   556   253   24
r  657   252   253   24
r  459   358   253   24
r  12   252   253   24
r  358   309   253   24
r  110   159   253   24
r  655   252   253   24
r  14   163   253   24
r  855   857   253   24
r  852   1054   253   24
r  903   1054   253   24
r  660   664   253   24
r  65   117   253   24
r  363   414   253   24
r  510   661   253   24
r  856   757   253   24
r  759   710   253   24
r  711   613   253   24
r  311   253   252   24
r  163   253   252   24
r  755   253   252   24
r  157   253   252   24
r  751   253   252   24
r  312   253   252   24
r  709   253   252   24
r  160   253   252   24
r  609   461   252   24
r  758   809   252   24
r  806   253   252   24
r  654   253   252   24
r  661   612   252   24
r  560   253   252   24
r  164   253   252   24
r  313   253   252   24
r  412   253   252   24
r  215   253   252   24
r  904   253   1054   24
r  362   253   463   24
r  19   121   115   24
r  1002   1004   1054   24
r  1004   1156   1103   24
r  120   72   174   24
r  1055   1156   1103   24
r  1203   1103   1054   24
r  1101   1054   1103   24
r  219   317   172   24
r  220   168   172   24
r  276   327   172   24
r  425   525   172   24
r  669   768   820   24
r  1212   1163   1012   24
r  281   129   127   24
r  181   129   127   24
r  231   127   129   24
r  1551   1504   1505   24
r  1453   1504   1404   24
r  1601   1504   1404   24
r  1311   1412   1363   24
r  1459   1408   1456   24
r  282   134   85   24
r  232   85   133   24
r  1652   1752   1753   24
r  1651   1653   1853   24
r  1020   1071   921   24
r  1266   1118   1168   24
r  872   920   921   24
r  185   85   286   24
r  1702   1751   1803   24
r  726   825   824   24
r  334   285   434   24
r  37   96   195   24
r  775   726   824   24
r  1754   1605   1803   24
r  1852   1803   1801   24
r  1751   1803   1753   24
r  237   96   195   24
r  389   338   96   24
r  87   96   195   24
r  38   195   199   24
r  138   199   195   24
r  494   199   195   24
r  240   195   199   24
r  140   195   199   24
r  299   195   199   24
r  348   195   199   24
r  89   195   199   24
r  397   195   199   24
r  43   199   195   24
r  90   199   195   24
r  298   199   195   24
r  399   199   195   24
r  143   199   195   24
r  50   199   195   24
r  393   195   199   24
r  396   199   195   24
r  449   199   195   24
r  238   199   195   24
r  394   199   195   24
r  300   195   199   24
r  345   199   195   24
r  349   195   199   24
r  148   199   195   24
r  342   195   199   24
r  142   199   195   24
r  48   195   199   24
r  98   199   195   24
r  291   199   195   24
r  289   195   96   24
r  189   199   96   24
r  88   199   96   24
r  91   199   96   24
r  295   195   96   24
r  294   195   96   24
r  246   195   96   24
r  191   199   96   24
r  239   199   96   24
r  94   195   96   24
r  42   195   96   24
r  39   195   96   24
r  447   199   96   24
r  242   199   96   24
r  495   195   96   24
r  391   199   96   24
r  40   199   96   24
r  47   195   96   24
r  45   195   96   24
r  193   195   96   24
r  293   199   96   24
r  99   199   96   24
r  44   199   96   24
r  500   195   96   24
r  100   195   96   24
r  398   195   96   24
r  498   598   96   24
r  392   199   96   24
r  41   195   96   24
r  343   199   96   24
r  499   195   96   24
r  445   195   96   24
r  1902   2253   2304   24
r  2004   2253   2304   24
r  2003   2253   2304   24
r  1954   1903   2304   24
r  1566   1666   1467   24
r  1519   1568   1467   24
r  1229   1178   1078   24
r  1371   1419   1472   24
r  1321   1221   1223   24
r  490   442   591   24
r  292   96   195   24
r  296   96   195   24
r  139   96   195   24
r  248   96   195   24
r  446   96   195   24
r  297   96   195   24
r  92   96   195   24
r  450   96   195   24
r  250   96   195   24
r  340   96   195   24
r  448   96   195   24
r  150   96   195   24
r  247   96   195   24
r  241   96   195   24
r  190   96   195   24
r  400   96   195   24
r  395   96   199   24
r  147   96   199   24
r  497   96   199   24
r  350   96   199   24
r  346   96   199   24
r  344   96   199   24
r  49   96   199   24
r  192   96   199   24
r  290   96   199   24
r  93   96   199   24
r  197   96   199   24
r  141   96   199   24
r  444   96   199   24
r  496   96   199   24
r  347   96   199   24
r  244   96   199   24
r  545   96   195   24
r  546   597   748   24
r  2053   1903   2253   24
r  1951   1903   2253   24
r  2008   2253   2304   24
r  1718   1670   1770   24
r  1910   1961   1962   24
r  1277   1226   1275   24
r  697   546   748   24
r  2352   2356   2253   24
r  2458   2253   2356   24
r  2151   2253   2356   24
r  2457   2253   2356   24
r  2456   2253   2356   24
r  2351   2253   2356   24
r  2407   2356   2253   24
r  2156   2356   2253   24
r  2402   2253   2356   24
r  2256   2356   2253   24
r  2108   2059   2253   24
r  2101   2356   2304   24
r  2051   2356   2304   24
r  2204   2356   2304   24
r  2401   2356   2304   24
r  2152   2253   2304   24
r  2055   2102   2304   24
r  2109   2009   2304   24
r  2211   2312   2304   24
r  2159   2253   2304   24
r  2154   2304   2356   24
r  2405   2304   2356   24
r  2251   2304   2253   24
r  2205   2304   2253   24
r  2102   2304   2253   24
r  2453   2304   2253   24
r  2153   2304   2253   24
r  2454   2304   2253   24
r  749   798   849   24
r  999   895   1349   24
r  848   749   748   24
r  750   748   898   24
r  2112   2163   2164   24
r  795   748   743   24
r  800   748   749   24
r  845   748   796   24
r  2413   2466   2314   24
r  2314   2466   2365   24
r  2364   2466   2267   24
r  2414   2365   2267   24
r  2416   2464   2267   24
r  2217   2266   2314   24
r  2167   2216   2466   24
r  2417   2267   2466   24
r  2368   2319   2466   24
r  1047   1349   1299   24
r  1147   1299   1398   24
r  1295   1346   1299   24
r  1345   1396   1299   24
r  1547   1596   1299   24
r  1396   1445   1299   24
r  1296   1448   1299   24
r  1097   1398   1349   24
r  1044   1042   1349   24
r  1394   1445   1349   24
r  1494   1545   1349   24
r  1650   1547   1349   24
r  1595   1597   1349   24
r  1195   1143   1349   24
r  2464   2466   2314   24
r  2366   2466   2267   24
r  2415   2466   2267   24
r  2367   2466   2314   24
r  1447   1349   1299   24
r  1497   1349   1299   24
r  1598   1349   1299   24
r  2322   2271   2319   24
r  2471   2371   2319   24
r  2473   2421   2319   24
r  2275   2327   2371   24
r  1977   2028   2025   24
r  1877   1925   1928   24
r  1342   1192   1244   24
r  1798   1847   1747   24
r  1850   1848   1847   24
r  1795   1746   1696   24
r  2128   2228   2382   24
r  1437   1386   1488   24
r  1996   2298   2496   24
r  2044   1997   2298   24
r  2429   2477   2382   24
r  2427   2327   2382   24
r  2081   2181   2030   24
r  1687   1736   1586   24
r  2240   2341   2496   24
r  2192   2143   2496   24
r  2194   2243   2496   24
r  2390   2341   2298   24
r  2491   2341   2298   24
r  2443   2345   2298   24
r  2093   2095   2298   24
r  1992   2091   2298   24
r  2231   2382   2380   24
r  2281   2332   2380   24
r  2439   2341   2382   24
r  2335   2282   2382   24
r  2144   2298   2496   24
r  2241   2496   2341   24
r  2489   2298   2341   24
r  2436   2382   2380   24
r  2487   2382   2380   24
r  165   213   252   25
r  854   252   806   25
r  851   802   252   25
r  708   660   252   25
r  462   411   252   25
r  513   511   252   25
r  906   955   252   25
r  361   262   252   25
r  657   705   252   25
r  12   163   252   25
r  655   554   252   25
r  855   806   252   25
r  852   903   252   25
r  363   463   252   25
r  311   260   253   25
r  163   110   253   25
r  755   252   253   25
r  157   108   253   25
r  751   252   253   25
r  160   252   253   25
r  609   511   253   25
r  758   661   253   25
r  806   757   253   25
r  654   553   253   25
r  560   661   253   25
r  164   215   253   25
r  313   252   253   25
r  809   911   253   25
r  362   413   253   25
r  612   513   253   25
r  312   412   253   25
r  709   661   253   25
r  412   252   253   25
r  15   115   253   25
r  805   253   252   25
r  256   253   252   25
r  759   253   252   25
r  562   511   252   25
r  463   253   252   25
r  561   253   252   25
r  660   253   252   25
r  810   861   913   25
r  16   18   69   25
r  68   66   115   25
r  952   1054   1103   25
r  664   716   814   25
r  118   115   69   25
r  1055   1103   1156   25
r  1001   1103   1052   25
r  1101   1103   1054   25
r  370   372   172   25
r  121   73   72   25
r  322   172   72   25
r  1203   1054   1404   25
r  1201   1054   1404   25
r  1163   1063   1064   25
r  1162   1063   1113   25
r  1112   1012   1060   25
r  1305   1254   1452   25
r  1251   1202   1352   25
r  228   177   129   25
r  429   431   427   25
r  1354   1503   1352   25
r  1451   1503   1504   25
r  1216   1267   1168   25
r  820   720   921   25
r  231   129   180   25
r  181   127   281   25
r  625   577   676   25
r  1022   922   1070   25
r  1267   1269   1167   25
r  580   529   632   25
r  236   285   434   25
r  37   195   96   25
r  137   199   195   25
r  1611   1660   1562   25
r  1220   1070   1222   25
r  489   441   195   25
r  237   195   286   25
r  288   199   195   25
r  87   195   96   25
r  38   96   195   25
r  138   96   199   25
r  140   199   195   25
r  299   199   195   25
r  348   199   195   25
r  397   199   195   25
r  298   195   199   25
r  399   195   199   25
r  396   195   199   25
r  238   195   199   25
r  345   195   199   25
r  349   199   195   25
r  443   392   195   25
r  148   195   199   25
r  342   199   195   25
r  48   199   195   25
r  98   195   199   25
r  291   195   199   25
r  189   195   199   25
r  91   195   199   25
r  294   199   195   25
r  246   199   195   25
r  191   195   199   25
r  39   199   195   25
r  242   195   199   25
r  495   199   195   25
r  193   199   195   25
r  99   195   199   25
r  398   199   195   25
r  498   195   199   25
r  292   195   96   25
r  296   195   96   25
r  139   199   96   25
r  248   199   96   25
r  446   199   96   25
r  92   199   96   25
r  450   195   96   25
r  250   195   96   25
r  340   195   96   25
r  448   199   96   25
r  150   199   96   25
r  241   199   96   25
r  190   199   96   25
r  400   195   96   25
r  395   199   96   25
r  147   199   96   25
r  344   199   96   25
r  49   195   96   25
r  192   195   96   25
r  290   195   96   25
r  93   195   96   25
r  141   195   96   25
r  444   199   96   25
r  496   195   96   25
r  347   199   96   25
r  244   195   96   25
r  390   489   96   25
r  297   199   96   25
r  350   199   96   25
r  346   195   96   25
r  197   199   96   25
r  442   591   96   25
r  247   195   96   25
r  735   687   788   25
r  1851   1802   2253   25
r  2004   2304   2253   25
r  1715   1666   1763   25
r  289   96   195   25
r  339   96   195   25
r  88   96   199   25
r  41   96   195   25
r  295   96   195   25
r  341   96   195   25
r  94   96   195   25
r  42   96   195   25
r  47   96   195   25
r  445   96   195   25
r  45   96   195   25
r  500   96   195   25
r  100   96   195   25
r  240   96   195   25
r  89   96   195   25
r  393   96   195   25
r  300   96   195   25
r  43   96   199   25
r  90   96   199   25
r  143   96   199   25
r  50   96   199   25
r  449   96   199   25
r  394   96   199   25
r  142   96   199   25
r  239   96   199   25
r  447   96   199   25
r  40   96   199   25
r  293   96   199   25
r  44   96   199   25
r  343   96   199   25
r  493   442   195   25
r  441   542   541   25
r  736   738   687   25
r  2003   1903   2253   25
r  2006   2004   2304   25
r  2057   2253   2304   25
r  600   649   598   25
r  647   748   598   25
r  700   598   748   25
r  2403   2253   2356   25
r  2458   2356   2253   25
r  2457   2356   2253   25
r  2456   2356   2253   25
r  2351   2356   2253   25
r  2060   2008   2253   25
r  2455   2253   2356   25
r  2105   2253   2356   25
r  2154   2356   2304   25
r  2405   2253   2304   25
r  2361   2253   2304   25
r  2160   2107   2304   25
r  2251   2253   2304   25
r  2205   2356   2304   25
r  2102   2253   2304   25
r  2453   2356   2304   25
r  2153   2253   2304   25
r  2454   2356   2304   25
r  2111   2109   2304   25
r  2061   2162   2304   25
r  2404   2304   2356   25
r  2255   2304   2356   25
r  2151   2304   2253   25
r  2402   2304   2253   25
r  2161   2304   2253   25
r  2152   2304   2253   25
r  947   949   849   25
r  750   898   748   25
r  800   749   748   25
r  888   939   790   25
r  2462   2466   2267   25
r  2262   2213   2314   25
r  2363   2466   2267   25
r  1183   1180   1181   25
r  1430   1482   1332   25
r  1625   1677   1676   25
r  1048   999   1299   25
r  1049   1349   1299   25
r  2263   2362   2267   25
r  2314   2365   2466   25
r  2465   2267   2314   25
r  2414   2267   2314   25
r  2417   2414   2314   25
r  2264   2216   2466   25
r  2315   2267   2466   25
r  2415   2267   2466   25
r  2366   2267   2466   25
r  2018   1969   1967   25
r  1047   1044   1349   25
r  1445   1494   1299   25
r  1249   1398   1147   25
r  1395   1495   1299   25
r  1045   1047   1299   25
r  1095   1147   1299   25
r  1649   1547   1847   25
r  1444   1545   1299   25
r  1447   1299   1349   25
r  1598   1299   1349   25
r  1244   1143   1349   25
r  1243   1143   1349   25
r  1645   1847   1349   25
r  1194   1143   1349   25
r  1443   1494   1349   25
r  2316   2466   2314   25
r  2215   2466   2164   25
r  2073   2024   2025   25
r  1291   1242   1244   25
r  2471   2420   2371   25
r  2423   2425   2319   25
r  2425   2477   2371   25
r  2172   2223   2371   25
r  2177   2328   2382   25
r  1798   1696   1847   25
r  1743   1792   1847   25
r  1946   2096   1847   25
r  1490   1439   1441   25
r  1537   1586   1486   25
r  1732   1832   1879   25
r  1833   1884   1934   25
r  1883   1832   1984   25
r  1998   2049   2496   25
r  1997   1847   2496   25
r  2044   1995   2496   25
r  1996   2049   2298   25
r  1540   1440   1489   25
r  2427   2382   2327   25
r  2379   2327   2382   25
r  1734   1786   1685   25
r  2283   2232   2380   25
r  2386   2338   2380   25
r  2329   2327   2382   25
r  2131   2029   2382   25
r  2231   2182   2382   25
r  2134   1984   2382   25
r  2489   2341   2382   25
r  2436   2380   2382   25
r  2094   2142   2496   25
r  2043   1943   2298   25
r  2143   2496   2298   25
r  2289   2341   2298   25
r  2141   2193   2298   25
r  2092   2141   2298   25
r  2144   2496   2298   25
r  2142   2191   2298   25
r  2282   2382   2380   25
r  2235   2382   2380   25
r  2490   2439   2496   25
r  2291   2298   2496   25
r  903   802   252   26
r  755   806   252   26
r  613   562   253   26
r  661   609   253   26
r  805   854   253   26
r  256   307   253   26
r  561   252   253   26
r  660   252   253   26
r  955   1054   253   26
r  512   611   253   26
r  901   1054   253   26
r  264   364   253   26
r  562   252   253   26
r  854   253   252   26
r  611   253   252   26
r  751   253   252   26
r  160   253   252   26
r  362   253   252   26
r  15   253   252   26
r  857   908   252   26
r  563   662   252   26
r  65   253   252   26
r  413   512   252   26
r  314   168   252   26
r  905   253   1054   26
r  810   913   861   26
r  911   862   810   26
r  66   115   68   26
r  116   67   69   26
r  118   69   115   26
r  515   466   615   26
r  952   1052   1054   26
r  1001   1052   1103   26
r  218   269   172   26
r  1208   1157   1156   26
r  1101   1052   1103   26
r  418   467   369   26
r  322   72   172   26
r  126   75   172   26
r  23   172   72   26
r  765   864   865   26
r  1361   1409   1309   26
r  177   77   129   26
r  1251   1352   1402   26
r  1452   1504   1505   26
r  1301   1402   1252   26
r  1401   1202   1504   26
r  1311   1363   1411   26
r  572   623   520   26
r  281   127   129   26
r  230   129   179   26
r  231   131   127   26
r  1262   1314   1411   26
r  1451   1404   1503   26
r  1502   1404   1504   26
r  1501   1404   1505   26
r  1555   1607   1557   26
r  232   133   85   26
r  1169   1167   1268   26
r  1267   1168   1218   26
r  1269   1168   1167   26
r  1219   1268   1167   26
r  1021   1072   921   26
r  83   85   32   26
r  580   632   529   26
r  235   184   286   26
r  37   96   195   26
r  137   195   199   26
r  826   823   824   26
r  1617   1517   1467   26
r  1902   2004   2253   26
r  2004   2253   2304   26
r  1851   1903   2304   26
r  188   195   199   26
r  36   195   199   26
r  38   195   96   26
r  138   199   96   26
r  140   195   199   26
r  397   195   199   26
r  298   199   195   26
r  399   199   195   26
r  396   199   195   26
r  98   199   195   26
r  291   199   195   26
r  91   199   195   26
r  294   195   199   26
r  246   195   199   26
r  191   199   195   26
r  39   195   199   26
r  242   199   195   26
r  193   195   199   26
r  398   195   199   26
r  498   199   195   26
r  292   199   195   26
r  296   199   195   26
r  248   195   199   26
r  446   195   199   26
r  450   199   195   26
r  448   195   199   26
r  150   195   199   26
r  241   195   199   26
r  400   199   195   26
r  395   195   199   26
r  344   195   199   26
r  49   199   195   26
r  192   199   195   26
r  290   199   195   26
r  141   199   195   26
r  496   199   195   26
r  347   195   199   26
r  390   195   199   26
r  350   195   199   26
r  339   195   96   26
r  88   199   96   26
r  41   199   96   26
r  341   195   96   26
r  94   195   96   26
r  42   195   96   26
r  47   195   96   26
r  445   195   96   26
r  45   199   96   26
r  100   195   96   26
r  240   195   96   26
r  497   199   96   26
r  393   195   96   26
r  300   195   96   26
r  90   199   96   26
r  143   195   96   26
r  50   195   96   26
r  449   199   96   26
r  447   199   96   26
r  545   494   96   26
r  493   195   96   26
r  500   199   96   26
r  43   195   96   26
r  394   195   96   26
r  142   199   96   26
r  239   195   96   26
r  40   195   96   26
r  44   195   96   26
r  343   195   96   26
r  2054   2253   2356   26
r  2006   1907   2253   26
r  2057   2059   2253   26
r  1958   2253   2304   26
r  1911   1960   1909   26
r  392   96   199   26
r  289   238   199   26
r  189   96   195   26
r  250   96   195   26
r  247   96   195   26
r  346   96   195   26
r  93   96   195   26
r  244   96   195   26
r  345   96   195   26
r  99   96   195   26
r  148   96   195   26
r  299   96   199   26
r  349   96   199   26
r  342   96   199   26
r  48   96   199   26
r  139   96   199   26
r  92   96   199   26
r  190   96   199   26
r  147   96   199   26
r  297   96   199   26
r  197   96   199   26
r  348   96   199   26
r  443   96   199   26
r  391   96   199   26
r  2456   2253   2356   26
r  2103   2253   2356   26
r  2059   2253   2356   26
r  2105   2356   2253   26
r  2204   2253   2356   26
r  2404   2253   2304   26
r  2255   2253   2304   26
r  2362   2466   2304   26
r  2162   2253   2304   26
r  2151   2253   2304   26
r  2402   2253   2304   26
r  2161   2253   2304   26
r  2152   2253   2304   26
r  2460   2304   2356   26
r  2403   2304   2253   26
r  2261   2304   2253   26
r  2159   2304   2253   26
r  2405   2304   2253   26
r  2361   2304   2253   26
r  2251   2304   2253   26
r  2102   2304   2253   26
r  2153   2304   2253   26
r  2061   2304   2253   26
r  2010   1962   2253   26
r  2455   2304   2253   26
r  1960   1859   1962   26
r  645   647   598   26
r  1379   1332   1480   26
r  2412   2267   2314   26
r  2462   2314   2466   26
r  850   749   798   26
r  846   748   849   26
r  937   989   1037   26
r  1133   1184   1182   26
r  1480   1482   1531   26
r  2413   2365   2466   26
r  2463   2314   2267   26
r  2364   2267   2466   26
r  2018   2066   1970   26
r  2068   2070   2019   26
r  897   748   849   26
r  1049   1299   1349   26
r  889   940   840   26
r  1874   1876   1827   26
r  2465   2365   2267   26
r  2366   2314   2267   26
r  2464   2314   2466   26
r  2316   2314   2466   26
r  2315   2466   2267   26
r  2265   2466   2314   26
r  2365   2466   2314   26
r  2168   2117   2371   26
r  1039   1041   1139   26
r  1147   1398   1299   26
r  1546   1497   1299   26
r  1195   1244   1299   26
r  1497   1299   1349   26
r  1543   1492   1349   26
r  1648   1650   1349   26
r  1392   1244   1349   26
r  1193   1293   1349   26
r  1342   1242   1349   26
r  1582   1481   1533   26
r  2170   2270   2371   26
r  2121   2119   2371   26
r  2468   2267   2319   26
r  1294   1349   1299   26
r  1597   1349   1299   26
r  1447   1349   1299   26
r  1645   1349   1847   26
r  1293   1192   1244   26
r  1237   1239   1337   26
r  1584   1435   1486   26
r  2323   2371   2319   26
r  2373   2371   2319   26
r  2274   2327   2371   26
r  1795   1847   1895   26
r  1798   1847   1696   26
r  1389   1489   1288   26
r  2273   2371   2327   26
r  2425   2371   2326   26
r  1932   1981   1934   26
r  2328   2228   2382   26
r  2428   2476   2382   26
r  2379   2477   2327   26
r  2329   2278   2327   26
r  2332   2483   2380   26
r  2337   2386   2380   26
r  2282   2380   2382   26
r  2487   2380   2382   26
r  2235   2380   2382   26
r  2236   2288   2382   26
r  2093   2044   2496   26
r  1992   2092   2496   26
r  2141   2143   2496   26
r  2144   2093   2496   26
r  2042   1993   2298   26
r  2291   2496   2298   26
r  2140   2091   2298   26
r  2043   2298   2496   26
r  2085   2134   1984   26
r  2279   2382   2380   26
r  2280   2382   2278   26
r  2439   2382   2341   26
r  2150   2298   2199   26
r  2241   2341   2496   26
r  2142   2298   2496   26
r  612   563   252   27
r  412   262   252   27
r  561   609   252   27
r  901   953   252   27
r  759   661   253   27
r  463   252   253   27
r  854   806   253   27
r  751   252   253   27
r  160   208   253   27
r  362   463   253   27
r  15   252   253   27
r  857   252   253   27
r  563   663   253   27
r  65   252   253   27
r  413   252   253   27
r  808   859   253   27
r  905   1003   253   27
r  902   953   253   27
r  858   957   253   27
r  313   253   252   27
r  660   253   252   27
r  512   253   252   27
r  264   253   252   27
r  809   253   252   27
r  663   612   252   27
r  266   264   252   27
r  562   253   252   27
r  414   365   252   27
r  956   904   252   27
r  662   562   252   27
r  66   68   69   27
r  1006   1156   1103   27
r  69   72   118   27
r  862   913   860   27
r  1207   1307   1156   27
r  18   115   69   27
r  120   172   72   27
r  1155   1054   1103   27
r  368   419   417   27
r  418   318   518   27
r  122   125   124   27
r  24   121   72   27
r  23   121   172   27
r  1251   1402   1352   27
r  123   172   72   27
r  1452   1505   1504   27
r  1451   1504   1404   27
r  1502   1504   1404   27
r  1501   1505   1404   27
r  1505   1552   1503   27
r  1453   1404   1504   27
r  1311   1411   1363   27
r  1462   1563   1409   27
r  521   572   622   27
r  181   230   127   27
r  230   127   129   27
r  1554   1603   1505   27
r  1551   1404   1503   27
r  970   871   921   27
r  1022   1071   921   27
r  1267   1218   1168   27
r  1268   1317   1217   27
r  772   823   824   27
r  675   673   626   27
r  384   333   335   27
r  83   183   85   27
r  1219   1167   1318   27
r  1752   1651   1853   27
r  1903   1952   2304   27
r  1663   1714   1666   27
r  1756   1707   1759   27
r  1706   1757   1607   27
r  1220   1222   1223   27
r  234   134   85   27
r  186   137   235   27
r  35   183   134   27
r  732   632   679   27
r  1421   1472   1470   27
r  1322   1222   1223   27
r  537   636   638   27
r  237   199   96   27
r  188   199   195   27
r  87   199   195   27
r  38   96   195   27
r  138   96   199   27
r  399   195   199   27
r  396   195   199   27
r  91   195   199   27
r  39   199   195   27
r  242   195   199   27
r  495   195   199   27
r  193   199   195   27
r  398   199   195   27
r  296   195   199   27
r  248   199   195   27
r  450   195   199   27
r  448   199   195   27
r  150   199   195   27
r  344   199   195   27
r  444   195   199   27
r  350   199   195   27
r  339   199   195   27
r  41   195   199   27
r  341   199   195   27
r  100   199   195   27
r  240   199   195   27
r  497   195   199   27
r  90   195   199   27
r  50   199   195   27
r  447   195   199   27
r  394   199   195   27
r  44   199   195   27
r  392   195   96   27
r  289   199   96   27
r  189   195   96   27
r  295   199   96   27
r  250   199   96   27
r  247   199   96   27
r  89   199   96   27
r  346   199   96   27
r  93   195   96   27
r  244   199   96   27
r  345   199   96   27
r  293   195   96   27
r  99   195   96   27
r  148   195   96   27
r  299   195   96   27
r  48   195   96   27
r  139   195   96   27
r  92   199   96   27
r  190   199   96   27
r  297   195   96   27
r  348   195   96   27
r  443   199   96   27
r  391   199   96   27
r  342   199   96   27
r  147   199   96   27
r  197   199   96   27
r  349   199   96   27
r  1956   1907   2304   27
r  2301   2253   2356   27
r  2352   2253   2356   27
r  2458   2253   2356   27
r  2452   2253   2356   27
r  2358   2253   2356   27
r  2103   2356   2253   27
r  2059   2356   2253   27
r  2007   1805   2253   27
r  2204   2356   2253   27
r  2004   1903   2253   27
r  1958   2007   2253   27
r  2255   2356   2253   27
r  2151   2356   2253   27
r  2402   2356   2253   27
r  2152   2356   2253   27
r  2460   2253   2304   27
r  2009   1909   2304   27
r  2403   2356   2304   27
r  2159   2207   2304   27
r  2405   2253   2304   27
r  2361   2253   2304   27
r  2251   2356   2304   27
r  2102   2253   2304   27
r  2153   2253   2304   27
r  2455   2356   2304   27
r  2063   2112   2304   27
r  1329   1378   1480   27
r  238   96   195   27
r  94   96   195   27
r  42   96   195   27
r  47   96   195   27
r  300   96   195   27
r  43   96   195   27
r  143   96   195   27
r  239   96   195   27
r  40   96   195   27
r  343   96   195   27
r  140   96   195   27
r  294   96   195   27
r  395   96   195   27
r  246   96   195   27
r  298   96   199   27
r  98   96   199   27
r  292   96   199   27
r  49   96   199   27
r  192   96   199   27
r  290   96   199   27
r  496   96   199   27
r  45   96   199   27
r  449   96   199   27
r  493   96   199   27
r  142   96   199   27
r  291   96   199   27
r  191   96   199   27
r  400   96   199   27
r  141   96   199   27
r  548   96   195   27
r  492   591   541   27
r  738   735   736   27
r  2201   2304   2356   27
r  2055   2304   2356   27
r  2054   2304   2253   27
r  2008   2304   2253   27
r  2456   2304   2253   27
r  2404   2304   2253   27
r  1959   2007   2253   27
r  2161   2304   2253   27
r  2261   2253   2314   27
r  2462   2267   2314   27
r  2363   2314   2466   27
r  981   983   880   27
r  1379   1330   1382   27
r  1528   1577   1475   27
r  695   646   591   27
r  2463   2267   2314   27
r  2213   2313   2164   27
r  2364   2463   2267   27
r  800   848   749   27
r  795   743   748   27
r  846   947   748   27
r  897   849   748   27
r  745   794   845   27
r  2414   2314   2267   27
r  2216   2265   2314   27
r  2366   2267   2314   27
r  2316   2466   2314   27
r  2415   2314   2315   27
r  2365   2314   2466   27
r  1050   998   1299   27
r  1394   1443   1299   27
r  1598   1649   1299   27
r  1294   1345   1349   27
r  1597   1299   1349   27
r  1447   1299   1349   27
r  1145   1244   1349   27
r  1343   1192   1349   27
r  1143   1191   1349   27
r  1292   1244   1349   27
r  1142   1244   1349   27
r  1241   1292   1349   27
r  2169   2120   2371   27
r  2275   2324   2327   27
r  2323   2319   2371   27
r  2373   2319   2371   27
r  2273   2327   2371   27
r  1584   1486   1435   27
r  1438   1337   1486   27
r  1495   1349   1299   27
r  1044   1349   1299   27
r  1497   1349   1299   27
r  1649   1349   1696   27
r  2223   2124   2172   27
r  1798   1747   1847   27
r  1899   2298   2496   27
r  1795   1696   1847   27
r  1744   1792   1847   27
r  2378   2477   2382   27
r  2429   2382   2380   27
r  1946   1847   2496   27
r  1993   2093   2496   27
r  2045   2298   2496   27
r  2279   2330   2382   27
r  2280   2231   2382   27
r  2440   2341   2496   27
r  2488   2439   2341   27
r  2436   2388   2380   27
r  2133   2136   2382   27
r  2389   2340   2382   27
r  2439   2340   2382   27
r  2137   2186   2382   27
r  2189   2238   2382   27
r  2143   2242   2496   27
r  2092   2192   2496   27
r  2043   2496   2298   27
r  2150   2199   2298   27
r  2241   2496   2298   27
r  2142   2091   2298   27
r  2290   2239   2298   27
r  2291   2298   2496   27
r  2434   2382   2483   27
r  2333   2382   2483   27
r  2282   2382   2380   27
r  711   662   252   28
r  65   163   252   28
r  413   462   252   28
r  808   759   252   28
r  611   609   253   28
r  313   411   253   28
r  660   252   253   28
r  512   252   253   28
r  264   252   253   28
r  809   708   253   28
r  562   661   253   28
r  414   252   253   28
r  907   858   253   28
r  663   252   253   28
r  614   665   253   28
r  265   214   253   28
r  911   810   253   28
r  463   253   252   28
r  751   253   252   28
r  15   253   252   28
r  857   253   252   28
r  902   253   252   28
r  858   253   252   28
r  214   115   252   28
r  364   415   252   28
r  66   117   115   28
r  955   253   1054   28
r  267   168   115   28
r  68   117   66   28
r  1051   1103   1156   28
r  1155   1103   1054   28
r  1257   1203   1054   28
r  1011   910   1063   28
r  962   1011   1063   28
r  268   168   172   28
r  120   72   172   28
r  1105   1054   1103   28
r  318   320   172   28
r  1254   1203   1404   28
r  173   124   72   28
r  123   72   172   28
r  1303   1203   1352   28
r  719   770   921   28
r  1504   1455   1753   28
r  1453   1504   1404   28
r  1551   1505   1404   28
r  30   127   177   28
r  1216   1268   1318   28
r  1555   1456   1606   28
r  870   769   821   28
r  1169   1117   1166   28
r  132   134   85   28
r  1217   1166   1318   28
r  1219   1318   1167   28
r  1754   1703   1853   28
r  1704   1651   1803   28
r  1701   1753   1803   28
r  724   773   824   28
r  675   626   727   28
r  1903   1852   2253   28
r  1174   1176   1122   28
r  286   187   434   28
r  86   96   195   28
r  37   195   96   28
r  137   86   195   28
r  1906   1955   2253   28
r  1955   1907   2304   28
r  1175   1177   1275   28
r  1077   1026   1126   28
r  1128   1177   1079   28
r  36   199   195   28
r  38   195   96   28
r  138   199   96   28
r  494   195   199   28
r  397   199   195   28
r  399   199   195   28
r  242   199   195   28
r  498   195   598   28
r  248   195   199   28
r  448   195   199   28
r  150   195   199   28
r  344   195   199   28
r  347   199   195   28
r  339   195   199   28
r  88   195   199   28
r  41   199   195   28
r  341   195   199   28
r  445   199   195   28
r  100   195   199   28
r  240   195   199   28
r  90   199   195   28
r  394   195   199   28
r  44   195   199   28
r  289   195   199   28
r  250   195   199   28
r  346   195   199   28
r  99   199   195   28
r  299   199   195   28
r  190   195   199   28
r  443   195   199   28
r  238   199   96   28
r  94   199   96   28
r  42   195   96   28
r  47   195   96   28
r  300   195   96   28
r  43   199   96   28
r  143   199   96   28
r  239   195   96   28
r  40   195   96   28
r  343   199   96   28
r  140   195   96   28
r  294   195   96   28
r  395   195   96   28
r  246   199   96   28
r  298   195   96   28
r  98   199   96   28
r  292   199   96   28
r  49   195   96   28
r  192   195   96   28
r  290   195   96   28
r  496   199   96   28
r  45   199   96   28
r  449   199   96   28
r  493   591   96   28
r  142   199   96   28
r  291   195   96   28
r  191   195   96   28
r  400   195   96   28
r  544   591   96   28
r  141   195   96   28
r  1957   1906   2253   28
r  2252   2304   2356   28
r  2201   2356   2304   28
r  2457   2304   2356   28
r  2403   2304   2356   28
r  2404   2356   2304   28
r  2301   2304   2253   28
r  2352   2356   2253   28
r  2452   2356   2253   28
r  2358   2356   2253   28
r  2460   2304   2253   28
r  2405   2356   2253   28
r  2361   2304   2253   28
r  2102   2304   2253   28
r  2153   2304   2253   28
r  2111   2013   2253   28
r  2458   2304   2253   28
r  2351   2253   2356   28
r  2056   2253   2356   28
r  2407   2253   2356   28
r  2307   2253   2356   28
r  2154   2253   2356   28
r  2055   2253   2304   28
r  2054   2253   2304   28
r  2008   2253   2304   28
r  2456   2253   2304   28
r  1959   2253   2304   28
r  2161   2253   2304   28
r  1326   1277   1475   28
r  490   541   592   28
r  390   96   195   28
r  189   96   195   28
r  499   96   195   28
r  340   96   195   28
r  393   96   195   28
r  93   96   195   28
r  293   96   195   28
r  148   96   195   28
r  48   96   195   28
r  139   96   195   28
r  241   96   195   28
r  297   96   195   28
r  348   96   195   28
r  396   96   195   28
r  495   96   195   28
r  450   96   195   28
r  444   96   195   28
r  447   96   195   28
r  91   96   195   28
r  39   96   199   28
r  193   96   199   28
r  398   96   199   28
r  350   96   199   28
r  295   96   199   28
r  247   96   199   28
r  244   96   199   28
r  345   96   199   28
r  92   96   199   28
r  342   96   199   28
r  197   96   199   28
r  349   96   199   28
r  147   96   199   28
r  442   96   591   28
r  492   541   591   28
r  594   591   640   28
r  1862   1813   1911   28
r  1960   1909   1859   28
r  2412   2466   2267   28
r  2363   2466   2314   28
r  596   696   748   28
r  2263   2267   2314   28
r  2413   2466   2267   28
r  2463   2314   2267   28
r  984   932   1084   28
r  950   999   849   28
r  845   746   748   28
r  750   748   849   28
r  1969   1920   2020   28
r  2264   2267   2266   28
r  2315   2266   2466   28
r  2367   2266   2466   28
r  2316   2265   2466   28
r  2414   2267   2314   28
r  2365   2267   2314   28
r  2318   2267   2314   28
r  2417   2314   2267   28
r  2216   2314   2267   28
r  2366   2314   2267   28
r  2415   2315   2267   28
r  996   1048   1299   28
r  995   1047   1349   28
r  1534   1433   1486   28
r  1496   1547   1299   28
r  1046   994   1299   28
r  1600   1547   1299   28
r  1194   1192   1299   28
r  1447   1398   1299   28
r  1343   1244   1299   28
r  1044   1299   1349   28
r  1092   994   1349   28
r  1242   1191   1349   28
r  1293   1244   1349   28
r  1497   1649   1349   28
r  1391   1342   1349   28
r  2470   2371   2423   28
r  2422   2371   2319   28
r  2374   2327   2319   28
r  2473   2319   2422   28
r  2375   2327   2371   28
r  1780   1879   1732   28
r  1393   1349   1299   28
r  1545   1349   1299   28
r  1093   1349   1299   28
r  1995   1943   2496   28
r  2427   2327   2382   28
r  2079   2130   2382   28
r  1985   1882   1934   28
r  2084   1983   1934   28
r  1998   2298   1899   28
r  2045   2047   2298   28
r  2429   2327   2382   28
r  2229   2382   2380   28
r  2487   2386   2380   28
r  2280   2278   2380   28
r  2434   2380   2382   28
r  2333   2483   2382   28
r  2282   2380   2382   28
r  2180   2382   2380   28
r  2289   2340   2496   28
r  2140   2142   2496   28
r  2043   1992   2496   28
r  2241   2340   2496   28
r  2490   2341   2298   28
r  2291   2389   2298   28
r  2190   2138   2298   28
r  2290   2298   2496   28
r  2284   2382   2380   28
r  905   1054   252   29
r  660   759   252   29
r  663   562   252   29
r  215   115   253   29
r  314   252   253   29
r  266   252   253   29
r  662   252   253   29
r  463   252   253   29
r  751   252   253   29
r  15   163   253   29
r  857   957   253   29
r  902   252   253   29
r  214   252   253   29
r  514   616   253   29
r  512   253   252   29
r  264   253   252   29
r  907   253   252   29
r  265   253   252   29
r  760   762   252   29
r  761   860   252   29
r  316   365   252   29
r  67   115   252   29
r  951   1054   1156   29
r  216   69   167   29
r  167   420   172   29
r  268   172   115   29
r  18   69   115   29
r  1005   1054   1103   29
r  1258   1309   1054   29
r  1152   1054   1404   29
r  369   367   417   29
r  1111   1012   1063   29
r  1307   1157   1404   29
r  319   420   172   29
r  423   173   323   29
r  227   327   172   29
r  473   475   172   29
r  475   526   172   29
r  1212   1111   1060   29
r  768   820   921   29
r  1162   1060   1063   29
r  75   172   72   29
r  1401   1504   1503   29
r  919   818   1022   29
r  1361   1309   1409   29
r  178   129   281   29
r  30   129   127   29
r  281   129   127   29
r  181   281   129   29
r  230   179   127   29
r  81   127   85   29
r  1501   1404   1604   29
r  1701   1803   1753   29
r  86   199   96   29
r  34   183   133   29
r  1751   1753   1803   29
r  1904   1907   2253   29
r  1516   1568   1667   29
r  136   85   199   29
r  87   195   199   29
r  494   199   195   29
r  188   195   199   29
r  397   195   199   29
r  242   195   199   29
r  498   598   199   29
r  296   199   195   29
r  446   199   195   29
r  448   199   195   29
r  347   195   199   29
r  240   199   195   29
r  497   199   195   29
r  90   195   199   29
r  50   195   199   29
r  394   199   195   29
r  44   199   195   29
r  250   199   195   29
r  89   195   199   29
r  190   199   195   29
r  443   199   195   29
r  391   195   199   29
r  37   85   195   29
r  238   195   199   29
r  42   199   195   29
r  300   199   195   29
r  143   195   199   29
r  343   195   199   29
r  395   199   195   29
r  298   199   195   29
r  98   195   199   29
r  49   199   195   29
r  496   195   199   29
r  45   195   199   29
r  191   199   195   29
r  544   442   195   29
r  338   237   96   29
r  390   195   96   29
r  189   195   96   29
r  340   195   96   29
r  393   199   96   29
r  93   195   96   29
r  293   195   96   29
r  148   199   96   29
r  48   199   96   29
r  241   195   96   29
r  297   195   96   29
r  348   195   96   29
r  396   195   96   29
r  495   195   96   29
r  450   195   96   29
r  444   195   96   29
r  447   195   96   29
r  91   195   96   29
r  39   195   96   29
r  193   195   96   29
r  398   199   96   29
r  295   199   96   29
r  247   199   96   29
r  244   199   96   29
r  92   199   96   29
r  342   199   96   29
r  349   195   96   29
r  147   195   96   29
r  350   199   96   29
r  197   199   96   29
r  345   195   96   29
r  1907   1905   2253   29
r  1955   1904   2253   29
r  1175   1227   1226   29
r  1128   1079   1028   29
r  88   96   195   29
r  449   96   199   29
r  142   96   199   29
r  545   96   199   29
r  500   96   199   29
r  292   96   199   29
r  94   96   199   29
r  43   96   199   29
r  246   96   199   29
r  399   96   199   29
r  41   96   199   29
r  299   96   199   29
r  445   96   199   29
r  38   96   195   29
r  248   96   195   29
r  150   96   195   29
r  344   96   195   29
r  341   96   195   29
r  100   96   195   29
r  346   96   195   29
r  47   96   195   29
r  40   96   195   29
r  140   96   195   29
r  294   96   195   29
r  192   96   195   29
r  291   96   195   29
r  400   96   195   29
r  550   546   195   29
r  141   96   195   29
r  493   96   195   29
r  600   598   195   29
r  1957   2253   2304   29
r  1956   2007   2253   29
r  2252   2153   2304   29
r  2052   2304   2356   29
r  2457   2356   2304   29
r  2403   2356   2304   29
r  2251   2304   2356   29
r  2301   2356   2304   29
r  2460   2356   2304   29
r  2405   2304   2356   29
r  2102   2356   2304   29
r  2153   2356   2304   29
r  2351   2356   2253   29
r  2407   2304   2253   29
r  2307   2304   2253   29
r  2154   2304   2253   29
r  2162   2210   2253   29
r  2055   2356   2253   29
r  2054   2304   2253   29
r  2008   2304   2253   29
r  2456   2304   2253   29
r  1959   2159   2253   29
r  2161   2261   2253   29
r  2056   2356   2253   29
r  2352   2253   2356   29
r  2005   2253   2356   29
r  2109   2253   2356   29
r  2361   2253   2304   29
r  2458   2253   2304   29
r  2010   2253   2304   29
r  1960   1962   1911   29
r  549   598   748   29
r  700   748   598   29
r  2363   2267   2466   29
r  1132   1183   1130   29
r  1526   1575   1577   29
r  1673   1676   1678   29
r  949   849   749   29
r  895   844   1349   29
r  750   799   748   29
r  696   748   849   29
r  694   691   844   29
r  2413   2314   2466   29
r  2463   2267   2314   29
r  1576   1475   1525   29
r  1919   2020   1967   29
r  850   748   796   29
r  1049   1349   1299   29
r  2265   2267   2466   29
r  2464   2466   2314   29
r  2216   2267   2314   29
r  2366   2466   2314   29
r  2415   2466   2314   29
r  2414   2314   2267   29
r  2465   2314   2414   29
r  2368   2371   2319   29
r  2166   2267   2115   29
r  1580   1531   1533   29
r  1344   1244   1299   29
r  1144   1093   1299   29
r  1244   1192   1299   29
r  1193   1244   1299   29
r  1293   1342   1299   29
r  1495   1396   1349   29
r  1393   1299   1349   29
r  1545   1299   1349   29
r  2118   2169   2371   29
r  1544   1349   1299   29
r  1145   1349   1299   29
r  1044   1349   1299   29
r  1596   1349   1299   29
r  1597   1349   1299   29
r  2470   2423   2371   29
r  2424   2327   2319   29
r  2221   2371   2319   29
r  2171   2371   2319   29
r  2373   2322   2319   29
r  2273   2324   2319   29
r  1584   1435   1486   29
r  1846   1895   1696   29
r  1949   2048   2496   29
r  2276   2327   2223   29
r  2422   2319   2371   29
r  2223   2172   2371   29
r  1899   1847   2298   29
r  2376   2378   2425   29
r  2426   2477   2382   29
r  2227   2225   2382   29
r  2081   2030   2382   29
r  1637   1586   1685   29
r  1932   1934   1984   29
r  2290   2341   2298   29
r  2427   2382   2327   29
r  2478   2327   2382   29
r  2182   2081   2380   29
r  2080   2078   2382   29
r  2229   2380   2382   29
r  2180   2380   2382   29
r  2085   1984   2382   29
r  2284   2380   2382   29
r  2239   2341   2382   29
r  2340   2238   2382   29
r  1739   1790   1841   29
r  2282   2382   2380   29
r  314   266   252   30
r  751   554   252   30
r  214   266   252   30
r  364   252   253   30
r  512   252   253   30
r  264   363   253   30
r  265   314   253   30
r  760   661   253   30
r  16   69   253   30
r  907   806   253   30
r  67   69   115   30
r  662   253   252   30
r  463   253   252   30
r  564   464   252   30
r  66   115   252   30
r  951   1103   1054   30
r  664   814   716   30
r  317   268   172   30
r  168   69   172   30
r  1001   1103   1156   30
r  1005   1103   1054   30
r  1152   1404   1054   30
r  1105   1103   1054   30
r  1051   1054   1103   30
r  1255   1404   1352   30
r  271   170   72   30
r  123   174   72   30
r  75   72   172   30
r  328   227   172   30
r  718   818   921   30
r  1161   1064   1063   30
r  1304   1404   1352   30
r  1066   1115   1018   30
r  77   28   79   30
r  1355   1352   1402   30
r  1552   1452   1503   30
r  1501   1604   1404   30
r  1603   1502   1404   30
r  1554   1654   1404   30
r  1261   1363   1409   30
r  1408   1506   1509   30
r  1360   1260   1411   30
r  281   127   129   30
r  30   177   129   30
r  231   127   129   30
r  478   530   529   30
r  1023   970   921   30
r  1169   1268   1167   30
r  1507   1606   1456   30
r  1269   1218   1168   30
r  1317   1217   1266   30
r  1751   1853   1753   30
r  1702   1753   1853   30
r  233   133   85   30
r  83   32   183   30
r  35   134   183   30
r  828   728   779   30
r  1224   1324   1226   30
r  1852   1753   2253   30
r  1516   1615   1567   30
r  235   134   434   30
r  36   96   199   30
r  87   96   195   30
r  397   199   195   30
r  296   195   199   30
r  446   195   199   30
r  448   195   199   30
r  347   199   195   30
r  240   195   199   30
r  50   199   195   30
r  394   195   199   30
r  44   195   199   30
r  250   195   199   30
r  89   199   195   30
r  99   195   199   30
r  190   195   199   30
r  37   195   199   30
r  238   199   195   30
r  300   195   199   30
r  343   199   195   30
r  395   195   199   30
r  98   199   195   30
r  191   195   199   30
r  544   195   199   30
r  393   195   199   30
r  348   199   195   30
r  450   199   195   30
r  447   199   195   30
r  247   195   199   30
r  244   195   199   30
r  147   199   195   30
r  287   434   96   30
r  88   195   96   30
r  449   195   96   30
r  292   199   96   30
r  94   199   96   30
r  43   199   96   30
r  246   199   96   30
r  399   199   96   30
r  299   195   96   30
r  139   195   96   30
r  445   199   96   30
r  38   199   96   30
r  248   199   96   30
r  150   195   96   30
r  344   195   96   30
r  341   199   96   30
r  100   195   96   30
r  346   199   96   30
r  47   199   96   30
r  40   195   96   30
r  140   199   96   30
r  294   199   96   30
r  192   199   96   30
r  141   195   96   30
r  493   195   96   30
r  142   195   96   30
r  500   199   96   30
r  291   195   96   30
r  550   195   96   30
r  1616   1667   1467   30
r  1905   1854   2253   30
r  2452   2253   2356   30
r  2308   2253   2356   30
r  2206   2253   2356   30
r  1957   2006   2253   30
r  2052   2356   2304   30
r  2251   2356   2304   30
r  2061   2114   2304   30
r  2405   2253   2304   30
r  2407   2356   2304   30
r  2154   2253   2304   30
r  2054   2253   2304   30
r  2008   2253   2304   30
r  2456   2356   2304   30
r  2307   2356   2304   30
r  2257   2304   2356   30
r  2156   2304   2356   30
r  2256   2304   2356   30
r  2352   2304   2253   30
r  2005   2304   2253   30
r  2109   2304   2253   30
r  2361   2304   2253   30
r  2458   2304   2253   30
r  188   96   195   30
r  197   96   199   30
r  92   96   199   30
r  288   96   199   30
r  342   96   199   30
r  295   96   199   30
r  398   96   199   30
r  350   96   199   30
r  48   96   199   30
r  494   96   199   30
r  443   96   199   30
r  42   96   199   30
r  298   96   199   30
r  49   96   199   30
r  242   96   195   30
r  498   96   195   30
r  90   96   195   30
r  289   96   195   30
r  391   96   195   30
r  290   96   195   30
r  496   96   195   30
r  45   96   195   30
r  189   96   195   30
r  340   96   195   30
r  93   96   195   30
r  293   96   195   30
r  241   96   195   30
r  297   96   195   30
r  396   96   195   30
r  495   96   195   30
r  444   96   195   30
r  39   96   195   30
r  193   96   195   30
r  349   96   195   30
r  345   96   195   30
r  339   96   195   30
r  91   96   195   30
r  239   96   195   30
r  439   486   199   30
r  1811   1859   1911   30
r  649   700   748   30
r  1231   1082   1182   30
r  2413   2466   2314   30
r  2463   2314   2267   30
r  1624   1676   1678   30
r  1723   1676   1678   30
r  799   850   796   30
r  900   797   796   30
r  1000   1349   1299   30
r  800   749   796   30
r  897   895   796   30
r  744   795   748   30
r  850   796   748   30
r  696   598   748   30
r  2264   2266   2267   30
r  2414   2267   2314   30
r  2367   2466   2267   30
r  2464   2267   2466   30
r  2465   2267   2314   30
r  2417   2267   2314   30
r  2415   2314   2466   30
r  2365   2314   2267   30
r  1676   1627   1673   30
r  997   1349   1299   30
r  1049   1299   1349   30
r  1433   1385   1486   30
r  1580   1533   1531   30
r  1243   1344   1299   30
r  1342   1244   1299   30
r  1143   1192   1299   30
r  1241   1244   1299   30
r  1093   1095   1349   30
r  1145   1299   1349   30
r  1044   1095   1349   30
r  1192   1243   1349   30
r  1544   1299   1349   30
r  1094   1349   1299   30
r  1393   1349   1299   30
r  2420   2371   2423   30
r  2473   2422   2319   30
r  2323   2271   2319   30
r  2370   2319   2422   30
r  2119   2068   2020   30
r  2221   2319   2371   30
r  2173   2224   2371   30
r  1948   1897   1696   30
r  1995   2496   2298   30
r  1643   1691   1641   30
r  2028   1979   2079   30
r  2277   2225   2382   30
r  1900   1847   2298   30
r  1947   1847   2496   30
r  1998   1899   2298   30
r  2083   1984   1934   30
r  1887   1938   1934   30
r  2377   2228   2382   30
r  2477   2475   2382   30
r  2427   2327   2382   30
r  2440   2382   2298   30
r  2341   2393   2382   30
r  2340   2382   2298   30
r  2183   2231   2380   30
r  2336   2282   2380   30
r  2434   2483   2380   30
r  2132   2030   2382   30
r  2188   2190   2382   30
r  2282   2380   2382   30
r  2229   2382   2380   30
r  2437   2382   2380   30
r  2232   2382   2380   30
r  2039   1991   2090   30
