c  1   -1   52   1
c  1   -1   53   1
c  51   -1   102   1
c  2   -1   51   1
c  2   -1   101   1
c  52   -1   3   1
c  53   -1   102   1
c  53   -1   153   1
c  101   -1   52   1
c  101   -1   201   1
c  3   -1   54   1
c  3   -1   51   1
c  102   -1   2   1
c  205   -1   104   1
c  205   -1   52   1
c  103   -1   54   1
c  103   -1   4   1
c  54   -1   5   1
c  54   -1   105   1
c  4   -1   53   1
c  4   -1   55   1
c  104   -1   102   1
c  104   -1   53   1
c  55   -1   53   1
c  153   -1   102   1
c  153   -1   253   1
c  151   -1   202   1
c  151   -1   104   1
c  201   -1   102   1
c  5   -1   56   1
c  5   -1   3   1
c  152   -1   201   1
c  152   -1   54   1
c  154   -1   102   1
c  154   -1   59   1
c  155   -1   55   1
c  155   -1   54   1
c  204   -1   155   1
c  204   -1   105   1
c  255   -1   204   1
c  255   -1   203   1
c  206   -1   208   1
c  206   -1   155   1
c  254   -1   205   1
c  254   -1   256   1
c  256   -1   205   1
c  256   -1   207   1
c  105   -1   56   1
c  105   -1   152   1
c  56   -1   156   1
c  7   -1   56   1
c  7   -1   55   1
c  203   -1   252   1
c  203   -1   152   1
c  202   -1   153   1
c  251   -1   203   1
c  251   -1   153   1
c  253   -1   304   1
c  6   -1   57   1
c  6   -1   58   1
c  156   -1   154   1
c  156   -1   158   1
c  59   -1   108   1
c  305   -1   254   1
c  305   -1   204   1
c  307   -1   256   1
c  307   -1   204   1
c  352   -1   354   1
c  352   -1   255   1
c  207   -1   307   1
c  207   -1   308   1
c  257   -1   206   1
c  257   -1   306   1
c  208   -1   259   1
c  208   -1   159   1
c  304   -1   353   1
c  304   -1   403   1
c  306   -1   308   1
c  306   -1   302   1
c  258   -1   256   1
c  258   -1   210   1
c  106   -1   108   1
c  57   -1   106   1
c  57   -1   157   1
c  8   -1   59   1
c  8   -1   108   1
c  107   -1   7   1
c  107   -1   8   1
c  252   -1   303   1
c  252   -1   352   1
c  301   -1   401   1
c  301   -1   252   1
c  303   -1   354   1
c  303   -1   402   1
c  302   -1   353   1
c  302   -1   253   1
c  58   -1   109   1
c  58   -1   159   1
c  157   -1   208   1
c  157   -1   8   1
c  158   -1   209   1
c  9   -1   60   1
c  9   -1   58   1
c  109   -1   107   1
c  10   -1   61   1
c  10   -1   59   1
c  61   -1   110   1
c  61   -1   59   1
c  111   -1   60   1
c  111   -1   59   1
c  108   -1   110   1
c  108   -1   111   1
c  355   -1   306   1
c  355   -1   304   1
c  354   -1   356   1
c  354   -1   305   1
c  357   -1   306   1
c  308   -1   357   1
c  308   -1   406   1
c  356   -1   407   1
c  356   -1   307   1
c  358   -1   307   1
c  358   -1   407   1
c  351   -1   353   1
c  351   -1   402   1
c  402   -1   453   1
c  353   -1   252   1
c  159   -1   157   1
c  159   -1   207   1
c  209   -1   260   1
c  209   -1   211   1
c  259   -1   210   1
c  405   -1   456   1
c  405   -1   304   1
c  403   -1   504   1
c  403   -1   505   1
c  210   -1   261   1
c  210   -1   212   1
c  401   -1   452   1
c  401   -1   353   1
c  110   -1   161   1
c  110   -1   159   1
c  11   -1   60   1
c  11   -1   62   1
c  62   -1   113   1
c  161   -1   61   1
c  112   -1   61   1
c  112   -1   160   1
c  12   -1   63   1
c  12   -1   111   1
c  404   -1   455   1
c  404   -1   503   1
c  407   -1   458   1
c  407   -1   310   1
c  309   -1   409   1
c  309   -1   410   1
c  406   -1   506   1
c  406   -1   457   1
c  408   -1   457   1
c  408   -1   405   1
c  359   -1   459   1
c  359   -1   460   1
c  360   -1   311   1
c  360   -1   358   1
c  452   -1   501   1
c  452   -1   551   1
c  451   -1   453   1
c  451   -1   402   1
c  502   -1   451   1
c  502   -1   402   1
c  453   -1   455   1
c  453   -1   502   1
c  160   -1   209   1
c  160   -1   162   1
c  260   -1   211   1
c  211   -1   213   1
c  211   -1   160   1
c  310   -1   261   1
c  310   -1   259   1
c  455   -1   504   1
c  455   -1   406   1
c  456   -1   507   1
c  456   -1   508   1
c  504   -1   453   1
c  504   -1   556   1
c  505   -1   454   1
c  505   -1   554   1
c  261   -1   161   1
c  212   -1   112   1
c  212   -1   113   1
c  13   -1   62   1
c  13   -1   11   1
c  113   -1   12   1
c  113   -1   11   1
c  63   -1   112   1
c  63   -1   115   1
c  162   -1   113   1
c  162   -1   164   1
c  15   -1   13   1
c  15   -1   12   1
c  454   -1   503   1
c  454   -1   554   1
c  506   -1   404   1
c  503   -1   452   1
c  457   -1   506   1
c  457   -1   555   1
c  507   -1   407   1
c  507   -1   458   1
c  458   -1   456   1
c  311   -1   309   1
c  409   -1   360   1
c  409   -1   412   1
c  410   -1   361   1
c  410   -1   461   1
c  459   -1   508   1
c  459   -1   510   1
c  460   -1   409   1
c  460   -1   411   1
c  361   -1   412   1
c  361   -1   261   1
c  411   -1   462   1
c  411   -1   360   1
c  362   -1   360   1
c  362   -1   310   1
c  501   -1   552   1
c  551   -1   502   1
c  552   -1   603   1
c  552   -1   554   1
c  601   -1   552   1
c  601   -1   502   1
c  553   -1   502   1
c  553   -1   604   1
c  213   -1   162   1
c  213   -1   113   1
c  262   -1   311   1
c  262   -1   310   1
c  315   -1   266   1
c  315   -1   310   1
c  555   -1   604   1
c  555   -1   455   1
c  508   -1   608   1
c  508   -1   706   1
c  554   -1   603   1
c  554   -1   503   1
c  556   -1   507   1
c  556   -1   558   1
c  604   -1   505   1
c  654   -1   505   1
c  264   -1   164   1
c  264   -1   212   1
c  14   -1   164   1
c  14   -1   165   1
c  163   -1   214   1
c  163   -1   215   1
c  114   -1   214   1
c  114   -1   163   1
c  64   -1   163   1
c  64   -1   164   1
c  115   -1   164   1
c  115   -1   166   1
c  164   -1   213   1
c  164   -1   314   1
c  65   -1   116   1
c  65   -1   215   1
c  16   -1   65   1
c  16   -1   67   1
c  66   -1   15   1
c  66   -1   17   1
c  117   -1   16   1
c  117   -1   15   1
c  606   -1   506   1
c  606   -1   610   1
c  607   -1   556   1
c  607   -1   506   1
c  557   -1   608   1
c  557   -1   656   1
c  312   -1   412   1
c  412   -1   463   1
c  412   -1   311   1
c  509   -1   460   1
c  509   -1   409   1
c  461   -1   561   1
c  461   -1   510   1
c  510   -1   559   1
c  510   -1   609   1
c  413   -1   411   1
c  413   -1   362   1
c  363   -1   412   1
c  363   -1   411   1
c  462   -1   413   1
c  602   -1   551   1
c  602   -1   553   1
c  603   -1   605   1
c  651   -1   702   1
c  651   -1   751   1
c  701   -1   601   1
c  701   -1   652   1
c  652   -1   603   1
c  652   -1   601   1
c  263   -1   363   1
c  263   -1   312   1
c  214   -1   265   1
c  214   -1   216   1
c  265   -1   267   1
c  314   -1   363   1
c  314   -1   366   1
c  365   -1   314   1
c  365   -1   416   1
c  316   -1   416   1
c  316   -1   368   1
c  165   -1   315   1
c  165   -1   314   1
c  414   -1   463   1
c  414   -1   315   1
c  266   -1   217   1
c  266   -1   166   1
c  605   -1   656   1
c  605   -1   654   1
c  558   -1   658   1
c  558   -1   659   1
c  608   -1   657   1
c  608   -1   509   1
c  706   -1   655   1
c  706   -1   604   1
c  655   -1   653   1
c  655   -1   554   1
c  656   -1   556   1
c  653   -1   704   1
c  653   -1   605   1
c  704   -1   804   1
c  704   -1   755   1
c  705   -1   654   1
c  705   -1   658   1
c  761   -1   710   1
c  761   -1   654   1
c  313   -1   364   1
c  313   -1   264   1
c  215   -1   164   1
c  215   -1   263   1
c  116   -1   165   1
c  116   -1   167   1
c  166   -1   164   1
c  166   -1   65   1
c  17   -1   19   1
c  17   -1   20   1
c  67   -1   167   1
c  67   -1   116   1
c  18   -1   67   1
c  18   -1   66   1
c  167   -1   267   1
c  118   -1   169   1
c  118   -1   120   1
c  169   -1   117   1
c  610   -1   510   1
c  610   -1   511   1
c  657   -1   759   1
c  657   -1   760   1
c  658   -1   607   1
c  463   -1   514   1
c  559   -1   608   1
c  559   -1   658   1
c  511   -1   562   1
c  511   -1   612   1
c  561   -1   610   1
c  561   -1   660   1
c  560   -1   562   1
c  560   -1   611   1
c  609   -1   660   1
c  609   -1   612   1
c  464   -1   413   1
c  364   -1   464   1
c  364   -1   415   1
c  512   -1   561   1
c  512   -1   463   1
c  513   -1   564   1
c  513   -1   462   1
c  702   -1   602   1
c  751   -1   802   1
c  751   -1   753   1
c  703   -1   752   1
c  703   -1   652   1
c  216   -1   165   1
c  216   -1   265   1
c  267   -1   316   1
c  267   -1   367   1
c  366   -1   417   1
c  366   -1   317   1
c  415   -1   464   1
c  415   -1   514   1
c  416   -1   467   1
c  416   -1   468   1
c  317   -1   266   1
c  317   -1   268   1
c  368   -1   419   1
c  368   -1   317   1
c  467   -1   418   1
c  467   -1   414   1
c  318   -1   218   1
c  318   -1   266   1
c  217   -1   169   1
c  217   -1   170   1
c  659   -1   610   1
c  659   -1   559   1
c  709   -1   660   1
c  709   -1   608   1
c  756   -1   805   1
c  756   -1   707   1
c  707   -1   709   1
c  707   -1   758   1
c  757   -1   706   1
c  754   -1   705   1
c  754   -1   805   1
c  804   -1   853   1
c  804   -1   705   1
c  755   -1   757   1
c  755   -1   806   1
c  711   -1   662   1
c  711   -1   762   1
c  760   -1   709   1
c  760   -1   662   1
c  811   -1   809   1
c  811   -1   859   1
c  762   -1   710   1
c  710   -1   759   1
c  710   -1   610   1
c  19   -1   71   1
c  19   -1   72   1
c  20   -1   71   1
c  20   -1   69   1
c  68   -1   19   1
c  68   -1   20   1
c  168   -1   21   1
c  168   -1   22   1
c  119   -1   121   1
c  119   -1   219   1
c  69   -1   71   1
c  69   -1   118   1
c  120   -1   171   1
c  120   -1   69   1
c  219   -1   171   1
c  170   -1   221   1
c  170   -1   270   1
c  660   -1   658   1
c  611   -1   613   1
c  611   -1   614   1
c  662   -1   611   1
c  662   -1   610   1
c  759   -1   663   1
c  708   -1   757   1
c  708   -1   659   1
c  514   -1   562   1
c  562   -1   611   1
c  612   -1   663   1
c  612   -1   661   1
c  465   -1   516   1
c  465   -1   366   1
c  563   -1   612   1
c  563   -1   512   1
c  564   -1   615   1
c  752   -1   803   1
c  752   -1   853   1
c  802   -1   702   1
c  851   -1   751   1
c  851   -1   702   1
c  801   -1   901   1
c  801   -1   902   1
c  753   -1   804   1
c  803   -1   703   1
c  803   -1   754   1
c  218   -1   269   1
c  218   -1   216   1
c  268   -1   368   1
c  268   -1   68   1
c  367   -1   416   1
c  367   -1   467   1
c  418   -1   518   1
c  418   -1   366   1
c  417   -1   268   1
c  417   -1   218   1
c  466   -1   415   1
c  466   -1   515   1
c  468   -1   419   1
c  468   -1   568   1
c  369   -1   371   1
c  369   -1   421   1
c  319   -1   368   1
c  319   -1   119   1
c  419   -1   421   1
c  419   -1   371   1
c  517   -1   466   1
c  517   -1   616   1
c  269   -1   318   1
c  269   -1   272   1
c  320   -1   318   1
c  320   -1   322   1
c  469   -1   420   1
c  469   -1   318   1
c  758   -1   709   1
c  758   -1   807   1
c  806   -1   857   1
c  806   -1   858   1
c  807   -1   756   1
c  805   -1   854   1
c  857   -1   757   1
c  857   -1   707   1
c  908   -1   757   1
c  903   -1   952   1
c  903   -1   754   1
c  854   -1   954   1
c  854   -1   905   1
c  853   -1   851   1
c  853   -1   902   1
c  661   -1   710   1
c  661   -1   760   1
c  712   -1   663   1
c  712   -1   613   1
c  810   -1   910   1
c  810   -1   861   1
c  861   -1   812   1
c  861   -1   813   1
c  812   -1   914   1
c  812   -1   865   1
c  911   -1   862   1
c  911   -1   811   1
c  809   -1   860   1
c  809   -1   857   1
c  859   -1   759   1
c  859   -1   708   1
c  763   -1   715   1
c  763   -1   665   1
c  813   -1   762   1
c  813   -1   862   1
c  863   -1   763   1
c  863   -1   762   1
c  71   -1   73   1
c  71   -1   120   1
c  72   -1   21   1
c  72   -1   69   1
c  70   -1   72   1
c  70   -1   170   1
c  21   -1   23   1
c  21   -1   120   1
c  22   -1   73   1
c  22   -1   121   1
c  220   -1   171   1
c  220   -1   119   1
c  121   -1   221   1
c  121   -1   271   1
c  271   -1   219   1
c  271   -1   120   1
c  171   -1   173   1
c  171   -1   122   1
c  122   -1   71   1
c  122   -1   170   1
c  221   -1   223   1
c  270   -1   319   1
c  270   -1   221   1
c  613   -1   615   1
c  613   -1   664   1
c  614   -1   665   1
c  614   -1   666   1
c  663   -1   763   1
c  515   -1   564   1
c  515   -1   614   1
c  516   -1   565   1
c  516   -1   519   1
c  565   -1   614   1
c  565   -1   715   1
c  615   -1   664   1
c  852   -1   854   1
c  852   -1   901   1
c  901   -1   802   1
c  902   -1   851   1
c  902   -1   953   1
c  518   -1   569   1
c  518   -1   570   1
c  568   -1   617   1
c  568   -1   619   1
c  370   -1   321   1
c  370   -1   269   1
c  371   -1   420   1
c  371   -1   469   1
c  421   -1   470   1
c  421   -1   520   1
c  273   -1   322   1
c  273   -1   319   1
c  420   -1   471   1
c  420   -1   472   1
c  567   -1   565   1
c  567   -1   615   1
c  616   -1   567   1
c  616   -1   765   1
c  272   -1   323   1
c  272   -1   321   1
c  321   -1   221   1
c  321   -1   173   1
c  322   -1   371   1
c  322   -1   424   1
c  519   -1   521   1
c  519   -1   571   1
c  470   -1   521   1
c  470   -1   519   1
c  569   -1   469   1
c  569   -1   618   1
c  520   -1   469   1
c  520   -1   569   1
c  808   -1   908   1
c  808   -1   859   1
c  856   -1   956   1
c  856   -1   854   1
c  858   -1   907   1
c  858   -1   906   1
c  855   -1   904   1
c  855   -1   903   1
c  907   -1   1007   1
c  907   -1   856   1
c  906   -1   957   1
c  906   -1   857   1
c  958   -1   909   1
c  958   -1   1009   1
c  909   -1   960   1
c  909   -1   861   1
c  957   -1   908   1
c  957   -1   1008   1
c  953   -1   854   1
c  904   -1   902   1
c  904   -1   953   1
c  1003   -1   903   1
c  1003   -1   1105   1
c  952   -1   852   1
c  952   -1   954   1
c  954   -1   906   1
c  954   -1   856   1
c  905   -1   956   1
c  905   -1   957   1
c  713   -1   613   1
c  713   -1   664   1
c  714   -1   663   1
c  714   -1   712   1
c  860   -1   959   1
c  910   -1   861   1
c  910   -1   912   1
c  862   -1   962   1
c  764   -1   815   1
c  764   -1   812   1
c  914   -1   863   1
c  914   -1   865   1
c  865   -1   816   1
c  961   -1   1012   1
c  961   -1   1061   1
c  912   -1   961   1
c  962   -1   911   1
c  962   -1   1061   1
c  715   -1   667   1
c  665   -1   616   1
c  814   -1   863   1
c  814   -1   865   1
c  864   -1   813   1
c  913   -1   1013   1
c  913   -1   1063   1
c  73   -1   122   1
c  73   -1   173   1
c  173   -1   122   1
c  173   -1   72   1
c  24   -1   22   1
c  24   -1   70   1
c  23   -1   74   1
c  172   -1   221   1
c  172   -1   121   1
c  424   -1   321   1
c  424   -1   271   1
c  123   -1   223   1
c  124   -1   122   1
c  124   -1   172   1
c  74   -1   123   1
c  74   -1   122   1
c  222   -1   173   1
c  222   -1   123   1
c  223   -1   323   1
c  223   -1   322   1
c  664   -1   616   1
c  666   -1   715   1
c  666   -1   765   1
c  566   -1   617   1
c  566   -1   665   1
c  951   -1   1002   1
c  951   -1   1003   1
c  570   -1   619   1
c  570   -1   521   1
c  618   -1   669   1
c  618   -1   566   1
c  617   -1   664   1
c  619   -1   718   1
c  372   -1   370   1
c  372   -1   421   1
c  471   -1   520   1
c  471   -1   522   1
c  422   -1   471   1
c  422   -1   523   1
c  323   -1   374   1
c  323   -1   423   1
c  274   -1   276   1
c  274   -1   277   1
c  374   -1   273   1
c  472   -1   474   1
c  716   -1   616   1
c  716   -1   617   1
c  765   -1   716   1
c  765   -1   713   1
c  521   -1   472   1
c  571   -1   520   1
c  571   -1   470   1
c  620   -1   569   1
c  620   -1   769   1
c  956   -1   907   1
c  956   -1   1007   1
c  1007   -1   1009   1
c  1007   -1   1106   1
c  1008   -1   1059   1
c  959   -1   1010   1
c  959   -1   1008   1
c  1009   -1   1109   1
c  960   -1   1009   1
c  960   -1   957   1
c  1056   -1   1007   1
c  1056   -1   957   1
c  1004   -1   1053   1
c  1004   -1   953   1
c  955   -1   904   1
c  955   -1   1004   1
c  1002   -1   1004   1
c  1053   -1   1102   1
c  1053   -1   1104   1
c  1001   -1   1003   1
c  1001   -1   1102   1
c  1054   -1   1003   1
c  1054   -1   1052   1
c  1104   -1   1003   1
c  1105   -1   1056   1
c  1105   -1   1204   1
c  1005   -1   954   1
c  1005   -1   1007   1
c  1103   -1   1004   1
c  1103   -1   954   1
c  815   -1   864   1
c  964   -1   864   1
c  964   -1   913   1
c  915   -1   1015   1
c  915   -1   1016   1
c  963   -1   912   1
c  963   -1   914   1
c  866   -1   915   1
c  866   -1   914   1
c  916   -1   918   1
c  916   -1   865   1
c  966   -1   915   1
c  966   -1   865   1
c  816   -1   814   1
c  816   -1   915   1
c  1011   -1   1062   1
c  1011   -1   1063   1
c  1060   -1   1011   1
c  1060   -1   961   1
c  1012   -1   1061   1
c  1061   -1   1112   1
c  1061   -1   1162   1
c  1010   -1   912   1
c  1010   -1   1006   1
c  667   -1   618   1
c  667   -1   619   1
c  1013   -1   1011   1
c  1063   -1   1014   1
c  1063   -1   1065   1
c  174   -1   225   1
c  175   -1   75   1
c  175   -1   173   1
c  176   -1   173   1
c  176   -1   224   1
c  25   -1   76   1
c  25   -1   126   1
c  26   -1   75   1
c  26   -1   24   1
c  423   -1   474   1
c  423   -1   472   1
c  474   -1   425   1
c  474   -1   523   1
c  425   -1   374   1
c  425   -1   376   1
c  324   -1   424   1
c  324   -1   373   1
c  524   -1   424   1
c  75   -1   176   1
c  75   -1   123   1
c  125   -1   174   1
c  125   -1   224   1
c  27   -1   76   1
c  27   -1   74   1
c  224   -1   175   1
c  621   -1   570   1
c  621   -1   672   1
c  668   -1   719   1
c  668   -1   870   1
c  669   -1   720   1
c  669   -1   769   1
c  718   -1   767   1
c  718   -1   817   1
c  373   -1   275   1
c  523   -1   572   1
c  523   -1   471   1
c  522   -1   474   1
c  275   -1   224   1
c  275   -1   277   1
c  226   -1   224   1
c  226   -1   274   1
c  276   -1   325   1
c  276   -1   225   1
c  277   -1   326   1
c  277   -1   226   1
c  375   -1   326   1
c  375   -1   275   1
c  473   -1   524   1
c  473   -1   522   1
c  766   -1   718   1
c  717   -1   768   1
c  717   -1   766   1
c  572   -1   521   1
c  572   -1   623   1
c  671   -1   571   1
c  671   -1   620   1
c  672   -1   623   1
c  672   -1   571   1
c  670   -1   672   1
c  670   -1   719   1
c  769   -1   718   1
c  769   -1   668   1
c  1006   -1   1008   1
c  1006   -1   1057   1
c  1057   -1   1106   1
c  1057   -1   1157   1
c  1058   -1   1007   1
c  1058   -1   1009   1
c  1106   -1   1006   1
c  1155   -1   1202   1
c  1155   -1   1008   1
c  1059   -1   1110   1
c  1059   -1   1158   1
c  1110   -1   1161   1
c  1110   -1   959   1
c  1109   -1   1060   1
c  1109   -1   1160   1
c  1055   -1   1104   1
c  1055   -1   1103   1
c  1107   -1   1156   1
c  1107   -1   1056   1
c  1052   -1   1103   1
c  1052   -1   1055   1
c  1307   -1   1358   1
c  1307   -1   1053   1
c  1102   -1   1351   1
c  1102   -1   1255   1
c  1051   -1   1102   1
c  1051   -1   1103   1
c  1154   -1   1054   1
c  1154   -1   1203   1
c  1156   -1   1105   1
c  1156   -1   1207   1
c  1204   -1   1202   1
c  1153   -1   1204   1
c  1153   -1   1254   1
c  1152   -1   1103   1
c  1014   -1   966   1
c  1014   -1   967   1
c  965   -1   1016   1
c  965   -1   866   1
c  1015   -1   964   1
c  1015   -1   1064   1
c  1016   -1   1065   1
c  1016   -1   1064   1
c  867   -1   818   1
c  867   -1   869   1
c  917   -1   968   1
c  917   -1   866   1
c  967   -1   1018   1
c  967   -1   916   1
c  1018   -1   916   1
c  918   -1   1018   1
c  817   -1   768   1
c  817   -1   769   1
c  818   -1   816   1
c  1062   -1   1111   1
c  1062   -1   1159   1
c  1112   -1   1012   1
c  1111   -1   1109   1
c  1162   -1   1262   1
c  1162   -1   1113   1
c  767   -1   667   1
c  767   -1   818   1
c  1113   -1   1164   1
c  1113   -1   1165   1
c  1064   -1   1164   1
c  1064   -1   1165   1
c  1065   -1   1067   1
c  225   -1   176   1
c  126   -1   75   1
c  126   -1   26   1
c  177   -1   128   1
c  177   -1   126   1
c  475   -1   477   1
c  475   -1   427   1
c  574   -1   474   1
c  574   -1   625   1
c  426   -1   475   1
c  426   -1   375   1
c  327   -1   426   1
c  327   -1   425   1
c  376   -1   325   1
c  376   -1   276   1
c  325   -1   277   1
c  525   -1   476   1
c  525   -1   574   1
c  575   -1   524   1
c  575   -1   526   1
c  127   -1   76   1
c  127   -1   75   1
c  28   -1   126   1
c  28   -1   125   1
c  77   -1   128   1
c  77   -1   177   1
c  78   -1   27   1
c  78   -1   29   1
c  622   -1   522   1
c  622   -1   573   1
c  673   -1   722   1
c  673   -1   621   1
c  719   -1   717   1
c  870   -1   819   1
c  870   -1   768   1
c  720   -1   768   1
c  768   -1   868   1
c  768   -1   719   1
c  819   -1   718   1
c  819   -1   720   1
c  573   -1   575   1
c  573   -1   473   1
c  227   -1   178   1
c  227   -1   130   1
c  326   -1   226   1
c  326   -1   475   1
c  428   -1   226   1
c  278   -1   276   1
c  278   -1   326   1
c  228   -1   277   1
c  228   -1   179   1
c  328   -1   277   1
c  328   -1   377   1
c  623   -1   674   1
c  623   -1   575   1
c  721   -1   772   1
c  721   -1   821   1
c  722   -1   773   1
c  722   -1   771   1
c  723   -1   774   1
c  723   -1   672   1
c  674   -1   672   1
c  674   -1   722   1
c  770   -1   721   1
c  770   -1   772   1
c  1157   -1   1155   1
c  1157   -1   1108   1
c  1108   -1   1159   1
c  1108   -1   1160   1
c  1258   -1   1107   1
c  1258   -1   1106   1
c  1205   -1   1256   1
c  1205   -1   1154   1
c  1206   -1   1155   1
c  1206   -1   1055   1
c  1202   -1   1251   1
c  1202   -1   1302   1
c  1158   -1   1160   1
c  1158   -1   1210   1
c  1160   -1   1111   1
c  1159   -1   1110   1
c  1159   -1   1210   1
c  1161   -1   1212   1
c  1161   -1   1159   1
c  1257   -1   1306   1
c  1257   -1   1356   1
c  1306   -1   1308   1
c  1357   -1   1406   1
c  1357   -1   1408   1
c  1308   -1   1357   1
c  1207   -1   1307   1
c  1207   -1   1306   1
c  1358   -1   1309   1
c  1358   -1   1361   1
c  1101   -1   1152   1
c  1101   -1   1201   1
c  1351   -1   1302   1
c  1351   -1   1251   1
c  1255   -1   1306   1
c  1255   -1   1206   1
c  1203   -1   1252   1
c  1203   -1   1251   1
c  1254   -1   1252   1
c  1254   -1   1305   1
c  1355   -1   1204   1
c  1251   -1   1153   1
c  1151   -1   1251   1
c  1151   -1   1302   1
c  1066   -1   1117   1
c  1066   -1   1015   1
c  1067   -1   1015   1
c  1017   -1   1068   1
c  1017   -1   1119   1
c  1114   -1   1116   1
c  1114   -1   1016   1
c  868   -1   770   1
c  869   -1   820   1
c  968   -1   919   1
c  968   -1   869   1
c  1068   -1   1019   1
c  1068   -1   1119   1
c  1019   -1   1021   1
c  1019   -1   970   1
c  969   -1   1018   1
c  969   -1   869   1
c  1118   -1   1018   1
c  1118   -1   1019   1
c  919   -1   868   1
c  919   -1   819   1
c  1163   -1   1112   1
c  1163   -1   1165   1
c  1212   -1   1313   1
c  1212   -1   1361   1
c  1211   -1   1162   1
c  1211   -1   1464   1
c  1262   -1   1211   1
c  1214   -1   1163   1
c  1214   -1   1113   1
c  1164   -1   1166   1
c  1164   -1   1161   1
c  1165   -1   1265   1
c  1165   -1   1114   1
c  1115   -1   1066   1
c  1115   -1   1064   1
c  178   -1   129   1
c  178   -1   127   1
c  128   -1   130   1
c  128   -1   79   1
c  476   -1   527   1
c  476   -1   528   1
c  477   -1   479   1
c  477   -1   428   1
c  427   -1   478   1
c  427   -1   527   1
c  624   -1   575   1
c  624   -1   676   1
c  625   -1   576   1
c  625   -1   577   1
c  377   -1   428   1
c  377   -1   429   1
c  526   -1   477   1
c  526   -1   528   1
c  527   -1   525   1
c  576   -1   527   1
c  576   -1   528   1
c  29   -1   80   1
c  29   -1   129   1
c  79   -1   130   1
c  79   -1   77   1
c  85   -1   131   1
c  85   -1   78   1
c  820   -1   871   1
c  820   -1   822   1
c  920   -1   971   1
c  920   -1   1020   1
c  871   -1   920   1
c  821   -1   870   1
c  821   -1   770   1
c  771   -1   822   1
c  771   -1   819   1
c  130   -1   81   1
c  130   -1   29   1
c  378   -1   429   1
c  378   -1   427   1
c  478   -1   527   1
c  379   -1   428   1
c  379   -1   427   1
c  279   -1   179   1
c  279   -1   328   1
c  229   -1   280   1
c  229   -1   231   1
c  131   -1   129   1
c  131   -1   228   1
c  381   -1   280   1
c  381   -1   228   1
c  179   -1   181   1
c  179   -1   231   1
c  329   -1   378   1
c  329   -1   429   1
c  822   -1   721   1
c  772   -1   821   1
c  772   -1   824   1
c  773   -1   724   1
c  773   -1   775   1
c  724   -1   824   1
c  724   -1   825   1
c  774   -1   772   1
c  774   -1   823   1
c  675   -1   724   1
c  675   -1   726   1
c  1208   -1   1259   1
c  1208   -1   1260   1
c  1259   -1   1308   1
c  1256   -1   1207   1
c  1256   -1   1356   1
c  1201   -1   1252   1
c  1201   -1   1352   1
c  1252   -1   1303   1
c  1252   -1   1353   1
c  1253   -1   1202   1
c  1253   -1   1251   1
c  1302   -1   1353   1
c  1302   -1   1251   1
c  1210   -1   1309   1
c  1210   -1   1312   1
c  1260   -1   1160   1
c  1260   -1   1211   1
c  1209   -1   1212   1
c  1209   -1   1213   1
c  1356   -1   1456   1
c  1356   -1   1405   1
c  1305   -1   1356   1
c  1305   -1   1303   1
c  1407   -1   1456   1
c  1407   -1   1506   1
c  1458   -1   1509   1
c  1458   -1   1357   1
c  1406   -1   1404   1
c  1406   -1   1354   1
c  1408   -1   1459   1
c  1408   -1   1507   1
c  1309   -1   1209   1
c  1309   -1   1459   1
c  1359   -1   1310   1
c  1359   -1   1312   1
c  1361   -1   1410   1
c  1361   -1   1310   1
c  1301   -1   1252   1
c  1301   -1   1352   1
c  1401   -1   1452   1
c  1401   -1   1403   1
c  1352   -1   1304   1
c  1352   -1   1305   1
c  1304   -1   1355   1
c  1304   -1   1255   1
c  1354   -1   1403   1
c  1354   -1   1453   1
c  1405   -1   1354   1
c  1405   -1   1305   1
c  1116   -1   1165   1
c  1116   -1   1167   1
c  1117   -1   1017   1
c  1117   -1   1114   1
c  1070   -1   1072   1
c  1070   -1   1067   1
c  1119   -1   1121   1
c  1119   -1   1170   1
c  1069   -1   970   1
c  1020   -1   1069   1
c  1020   -1   1068   1
c  1021   -1   1072   1
c  1021   -1   1023   1
c  970   -1   919   1
c  970   -1   872   1
c  1168   -1   1119   1
c  1168   -1   1117   1
c  1166   -1   1118   1
c  1166   -1   1119   1
c  1170   -1   1118   1
c  1213   -1   1314   1
c  1213   -1   1414   1
c  1313   -1   1316   1
c  1313   -1   1366   1
c  1261   -1   1259   1
c  1261   -1   1210   1
c  1464   -1   1513   1
c  1464   -1   1614   1
c  1312   -1   1310   1
c  1312   -1   1363   1
c  1263   -1   1214   1
c  1263   -1   1215   1
c  1311   -1   1262   1
c  1311   -1   1210   1
c  1264   -1   1313   1
c  1264   -1   1262   1
c  1215   -1   1166   1
c  1215   -1   1167   1
c  1265   -1   1166   1
c  129   -1   80   1
c  81   -1   128   1
c  528   -1   579   1
c  528   -1   530   1
c  479   -1   530   1
c  479   -1   531   1
c  676   -1   625   1
c  676   -1   627   1
c  626   -1   675   1
c  626   -1   677   1
c  577   -1   526   1
c  577   -1   628   1
c  628   -1   576   1
c  30   -1   79   1
c  30   -1   81   1
c  80   -1   31   1
c  35   -1   86   1
c  35   -1   134   1
c  84   -1   135   1
c  135   -1   86   1
c  135   -1   83   1
c  86   -1   186   1
c  34   -1   134   1
c  34   -1   85   1
c  36   -1   85   1
c  36   -1   84   1
c  921   -1   923   1
c  971   -1   1071   1
c  971   -1   1022   1
c  872   -1   823   1
c  872   -1   921   1
c  922   -1   971   1
c  922   -1   871   1
c  180   -1   131   1
c  180   -1   132   1
c  231   -1   182   1
c  231   -1   130   1
c  529   -1   478   1
c  529   -1   578   1
c  430   -1   330   1
c  430   -1   331   1
c  480   -1   431   1
c  480   -1   429   1
c  431   -1   429   1
c  431   -1   380   1
c  380   -1   331   1
c  380   -1   480   1
c  330   -1   379   1
c  330   -1   381   1
c  280   -1   282   1
c  230   -1   330   1
c  181   -1   230   1
c  181   -1   280   1
c  132   -1   32   1
c  331   -1   329   1
c  382   -1   430   1
c  382   -1   281   1
c  530   -1   431   1
c  530   -1   381   1
c  823   -1   874   1
c  824   -1   875   1
c  824   -1   873   1
c  775   -1   724   1
c  775   -1   726   1
c  725   -1   776   1
c  725   -1   774   1
c  874   -1   825   1
c  874   -1   724   1
c  825   -1   876   1
c  825   -1   924   1
c  726   -1   777   1
c  726   -1   728   1
c  1303   -1   1352   1
c  1353   -1   1304   1
c  1353   -1   1402   1
c  1310   -1   1410   1
c  1310   -1   1411   1
c  1454   -1   1405   1
c  1454   -1   1356   1
c  1456   -1   1507   1
c  1456   -1   1508   1
c  1457   -1   1453   1
c  1457   -1   1657   1
c  1506   -1   1457   1
c  1506   -1   1555   1
c  1508   -1   1457   1
c  1508   -1   1460   1
c  1459   -1   1510   1
c  1558   -1   1458   1
c  1558   -1   1556   1
c  1509   -1   1409   1
c  1509   -1   1410   1
c  1455   -1   1457   1
c  1455   -1   1406   1
c  1404   -1   1453   1
c  1404   -1   1352   1
c  1409   -1   1460   1
c  1409   -1   1461   1
c  1507   -1   1556   1
c  1507   -1   1605   1
c  1360   -1   1411   1
c  1360   -1   1461   1
c  1411   -1   1462   1
c  1411   -1   1513   1
c  1362   -1   1311   1
c  1362   -1   1261   1
c  1410   -1   1461   1
c  1410   -1   1459   1
c  1451   -1   1502   1
c  1451   -1   1552   1
c  1402   -1   1455   1
c  1402   -1   1456   1
c  1501   -1   1452   1
c  1501   -1   1401   1
c  1403   -1   1452   1
c  1403   -1   1451   1
c  1453   -1   1502   1
c  1453   -1   1553   1
c  1217   -1   1166   1
c  1217   -1   1116   1
c  1167   -1   1169   1
c  1167   -1   1219   1
c  1120   -1   1069   1
c  1120   -1   1117   1
c  1071   -1   1120   1
c  1071   -1   1172   1
c  1072   -1   1023   1
c  1072   -1   1075   1
c  1169   -1   1120   1
c  1169   -1   1069   1
c  1219   -1   1270   1
c  1219   -1   1119   1
c  1121   -1   1072   1
c  1121   -1   1220   1
c  1022   -1   922   1
c  1023   -1   974   1
c  1218   -1   1269   1
c  1218   -1   1319   1
c  1216   -1   1267   1
c  1216   -1   1265   1
c  1220   -1   1271   1
c  1220   -1   1320   1
c  1171   -1   1271   1
c  1171   -1   1220   1
c  1269   -1   1220   1
c  1269   -1   1170   1
c  1314   -1   1312   1
c  1314   -1   1363   1
c  1414   -1   1365   1
c  1414   -1   1366   1
c  1316   -1   1365   1
c  1316   -1   1265   1
c  1366   -1   1317   1
c  1366   -1   1267   1
c  1463   -1   1465   1
c  1463   -1   1362   1
c  1514   -1   1565   1
c  1514   -1   1512   1
c  1465   -1   1516   1
c  1465   -1   1565   1
c  1515   -1   1464   1
c  1515   -1   1564   1
c  1513   -1   1413   1
c  1614   -1   1612   1
c  1614   -1   1663   1
c  1412   -1   1312   1
c  1412   -1   1363   1
c  1315   -1   1366   1
c  1315   -1   1416   1
c  1266   -1   1366   1
c  1266   -1   1365   1
c  31   -1   82   1
c  31   -1   83   1
c  82   -1   33   1
c  82   -1   133   1
c  32   -1   83   1
c  32   -1   81   1
c  578   -1   678   1
c  579   -1   630   1
c  579   -1   531   1
c  531   -1   480   1
c  677   -1   628   1
c  677   -1   578   1
c  627   -1   678   1
c  627   -1   726   1
c  629   -1   631   1
c  629   -1   626   1
c  678   -1   729   1
c  678   -1   680   1
c  679   -1   728   1
c  679   -1   628   1
c  778   -1   727   1
c  778   -1   628   1
c  134   -1   87   1
c  134   -1   37   1
c  83   -1   132   1
c  83   -1   183   1
c  33   -1   84   1
c  33   -1   133   1
c  185   -1   234   1
c  185   -1   285   1
c  136   -1   134   1
c  136   -1   187   1
c  184   -1   235   1
c  184   -1   135   1
c  234   -1   135   1
c  87   -1   136   1
c  138   -1   87   1
c  138   -1   86   1
c  186   -1   137   1
c  37   -1   188   1
c  37   -1   189   1
c  923   -1   974   1
c  923   -1   975   1
c  972   -1   923   1
c  972   -1   1023   1
c  973   -1   1022   1
c  973   -1   971   1
c  873   -1   924   1
c  873   -1   925   1
c  281   -1   330   1
c  281   -1   332   1
c  232   -1   132   1
c  182   -1   233   1
c  182   -1   283   1
c  481   -1   432   1
c  481   -1   430   1
c  582   -1   533   1
c  582   -1   480   1
c  432   -1   483   1
c  432   -1   484   1
c  433   -1   382   1
c  433   -1   431   1
c  282   -1   331   1
c  282   -1   382   1
c  133   -1   233   1
c  133   -1   234   1
c  233   -1   132   1
c  332   -1   232   1
c  283   -1   332   1
c  283   -1   331   1
c  483   -1   532   1
c  483   -1   331   1
c  383   -1   283   1
c  383   -1   434   1
c  334   -1   283   1
c  334   -1   382   1
c  580   -1   531   1
c  580   -1   682   1
c  630   -1   530   1
c  875   -1   877   1
c  776   -1   825   1
c  776   -1   876   1
c  826   -1   777   1
c  826   -1   725   1
c  924   -1   975   1
c  924   -1   1025   1
c  876   -1   925   1
c  876   -1   874   1
c  727   -1   776   1
c  727   -1   629   1
c  777   -1   779   1
c  777   -1   728   1
c  728   -1   730   1
c  728   -1   731   1
c  1504   -1   1455   1
c  1504   -1   1604   1
c  1505   -1   1454   1
c  1505   -1   1605   1
c  1511   -1   1457   1
c  1511   -1   1557   1
c  1657   -1   1609   1
c  1657   -1   1610   1
c  1556   -1   1505   1
c  1557   -1   1506   1
c  1557   -1   1606   1
c  1555   -1   1705   1
c  1555   -1   1706   1
c  1559   -1   1459   1
c  1559   -1   1508   1
c  1609   -1   1509   1
c  1609   -1   1508   1
c  1460   -1   1360   1
c  1460   -1   1411   1
c  1510   -1   1559   1
c  1510   -1   1563   1
c  1608   -1   1559   1
c  1608   -1   1560   1
c  1607   -1   1556   1
c  1607   -1   1558   1
c  1554   -1   1505   1
c  1554   -1   1455   1
c  1461   -1   1561   1
c  1605   -1   1554   1
c  1605   -1   1556   1
c  1413   -1   1462   1
c  1413   -1   1411   1
c  1512   -1   1412   1
c  1512   -1   1411   1
c  1462   -1   1513   1
c  1462   -1   1514   1
c  1502   -1   1551   1
c  1552   -1   1603   1
c  1552   -1   1702   1
c  1551   -1   1651   1
c  1551   -1   1701   1
c  1503   -1   1603   1
c  1503   -1   1604   1
c  1553   -1   1602   1
c  1553   -1   1653   1
c  1267   -1   1316   1
c  1267   -1   1315   1
c  1270   -1   1319   1
c  1270   -1   1217   1
c  1172   -1   1221   1
c  1172   -1   1123   1
c  1122   -1   1171   1
c  1122   -1   1221   1
c  1073   -1   1024   1
c  1073   -1   1076   1
c  1075   -1   1073   1
c  1075   -1   1172   1
c  1024   -1   924   1
c  1024   -1   1075   1
c  1074   -1   1023   1
c  1074   -1   923   1
c  974   -1   972   1
c  1268   -1   1368   1
c  1268   -1   1270   1
c  1319   -1   1267   1
c  1319   -1   1216   1
c  1221   -1   1223   1
c  1221   -1   1224   1
c  1321   -1   1270   1
c  1321   -1   1220   1
c  1271   -1   1322   1
c  1271   -1   1371   1
c  1320   -1   1271   1
c  1320   -1   1269   1
c  1318   -1   1269   1
c  1318   -1   1270   1
c  1364   -1   1315   1
c  1364   -1   1412   1
c  1365   -1   1363   1
c  1365   -1   1314   1
c  1415   -1   1417   1
c  1415   -1   1366   1
c  1317   -1   1319   1
c  1317   -1   1268   1
c  1417   -1   1317   1
c  1417   -1   1316   1
c  1416   -1   1367   1
c  1416   -1   1418   1
c  1367   -1   1365   1
c  1367   -1   1415   1
c  1562   -1   1462   1
c  1562   -1   1463   1
c  1564   -1   1513   1
c  1564   -1   1512   1
c  1516   -1   1514   1
c  1516   -1   1613   1
c  1565   -1   1614   1
c  1565   -1   1517   1
c  1466   -1   1566   1
c  1466   -1   1517   1
c  1563   -1   1512   1
c  1563   -1   1614   1
c  1613   -1   1713   1
c  1613   -1   1664   1
c  1664   -1   1666   1
c  1664   -1   1615   1
c  1615   -1   1617   1
c  1615   -1   1566   1
c  1714   -1   1614   1
c  1714   -1   1615   1
c  1616   -1   1614   1
c  1616   -1   1565   1
c  1612   -1   1663   1
c  1612   -1   1712   1
c  1663   -1   1563   1
c  1663   -1   1562   1
c  581   -1   632   1
c  581   -1   583   1
c  532   -1   581   1
c  532   -1   583   1
c  482   -1   531   1
c  482   -1   533   1
c  631   -1   582   1
c  631   -1   531   1
c  729   -1   778   1
c  680   -1   729   1
c  680   -1   728   1
c  730   -1   679   1
c  730   -1   630   1
c  828   -1   879   1
c  828   -1   830   1
c  779   -1   728   1
c  779   -1   727   1
c  183   -1   134   1
c  183   -1   232   1
c  235   -1   286   1
c  235   -1   284   1
c  236   -1   238   1
c  236   -1   185   1
c  287   -1   236   1
c  287   -1   185   1
c  285   -1   287   1
c  285   -1   384   1
c  137   -1   89   1
c  187   -1   138   1
c  187   -1   189   1
c  284   -1   183   1
c  88   -1   37   1
c  88   -1   137   1
c  38   -1   138   1
c  38   -1   87   1
c  89   -1   38   1
c  89   -1   87   1
c  188   -1   139   1
c  188   -1   239   1
c  139   -1   141   1
c  139   -1   191   1
c  237   -1   188   1
c  237   -1   138   1
c  140   -1   138   1
c  140   -1   239   1
c  142   -1   189   1
c  142   -1   138   1
c  39   -1   37   1
c  39   -1   88   1
c  189   -1   191   1
c  189   -1   140   1
c  925   -1   974   1
c  925   -1   976   1
c  632   -1   583   1
c  632   -1   634   1
c  583   -1   483   1
c  583   -1   634   1
c  633   -1   582   1
c  633   -1   532   1
c  635   -1   584   1
c  635   -1   582   1
c  533   -1   433   1
c  533   -1   334   1
c  484   -1   433   1
c  484   -1   384   1
c  384   -1   433   1
c  333   -1   384   1
c  333   -1   434   1
c  485   -1   434   1
c  485   -1   332   1
c  335   -1   384   1
c  335   -1   338   1
c  682   -1   782   1
c  682   -1   781   1
c  877   -1   928   1
c  877   -1   926   1
c  827   -1   878   1
c  827   -1   928   1
c  927   -1   929   1
c  927   -1   826   1
c  1076   -1   924   1
c  1025   -1   1076   1
c  1025   -1   976   1
c  926   -1   975   1
c  780   -1   729   1
c  780   -1   728   1
c  731   -1   680   1
c  731   -1   729   1
c  1604   -1   1652   1
c  1604   -1   1702   1
c  1561   -1   1661   1
c  1561   -1   1559   1
c  1656   -1   1707   1
c  1656   -1   1658   1
c  1707   -1   1756   1
c  1707   -1   1806   1
c  1658   -1   1707   1
c  1658   -1   1757   1
c  1606   -1   1657   1
c  1756   -1   1758   1
c  1756   -1   1657   1
c  1708   -1   1657   1
c  1708   -1   1757   1
c  1610   -1   1659   1
c  1610   -1   1709   1
c  1705   -1   1756   1
c  1705   -1   1754   1
c  1706   -1   1755   1
c  1706   -1   1754   1
c  1560   -1   1660   1
c  1560   -1   1710   1
c  1611   -1   1609   1
c  1611   -1   1559   1
c  1659   -1   1711   1
c  1659   -1   1712   1
c  1761   -1   1710   1
c  1761   -1   1609   1
c  1655   -1   1604   1
c  1655   -1   1706   1
c  1654   -1   1605   1
c  1654   -1   1603   1
c  1601   -1   1552   1
c  1601   -1   1502   1
c  1603   -1   1502   1
c  1602   -1   1651   1
c  1602   -1   1703   1
c  1702   -1   1653   1
c  1702   -1   1602   1
c  1651   -1   1653   1
c  1701   -1   1903   1
c  1653   -1   1602   1
c  1368   -1   1319   1
c  1368   -1   1267   1
c  1369   -1   1318   1
c  1369   -1   1270   1
c  1222   -1   1273   1
c  1222   -1   1271   1
c  1173   -1   1224   1
c  1173   -1   1274   1
c  1123   -1   1074   1
c  1123   -1   1024   1
c  1125   -1   1074   1
c  1125   -1   1176   1
c  1124   -1   1175   1
c  1124   -1   1225   1
c  1370   -1   1319   1
c  1370   -1   1419   1
c  1272   -1   1223   1
c  1272   -1   1221   1
c  1322   -1   1222   1
c  1322   -1   1221   1
c  1223   -1   1174   1
c  1223   -1   1225   1
c  1224   -1   1222   1
c  1371   -1   1320   1
c  1421   -1   1321   1
c  1421   -1   1368   1
c  1372   -1   1323   1
c  1372   -1   1321   1
c  1323   -1   1374   1
c  1323   -1   1321   1
c  1467   -1   1367   1
c  1467   -1   1518   1
c  1418   -1   1367   1
c  1418   -1   1369   1
c  1468   -1   1417   1
c  1468   -1   1517   1
c  1566   -1   1668   1
c  1517   -1   1566   1
c  1517   -1   1618   1
c  1617   -1   1516   1
c  1713   -1   1664   1
c  1665   -1   1714   1
c  1665   -1   1764   1
c  1666   -1   1766   1
c  1666   -1   1765   1
c  1764   -1   1815   1
c  1764   -1   1865   1
c  1715   -1   1766   1
c  1715   -1   1816   1
c  1662   -1   1713   1
c  1662   -1   1714   1
c  1712   -1   1763   1
c  1712   -1   1765   1
c  681   -1   581   1
c  681   -1   632   1
c  534   -1   532   1
c  534   -1   482   1
c  829   -1   729   1
c  829   -1   1030   1
c  878   -1   927   1
c  879   -1   930   1
c  879   -1   931   1
c  830   -1   779   1
c  830   -1   879   1
c  880   -1   829   1
c  880   -1   779   1
c  286   -1   335   1
c  286   -1   333   1
c  238   -1   287   1
c  238   -1   289   1
c  337   -1   437   1
c  337   -1   286   1
c  288   -1   337   1
c  288   -1   336   1
c  336   -1   387   1
c  336   -1   285   1
c  90   -1   39   1
c  40   -1   89   1
c  40   -1   139   1
c  41   -1   90   1
c  41   -1   89   1
c  289   -1   240   1
c  289   -1   188   1
c  239   -1   290   1
c  239   -1   340   1
c  141   -1   190   1
c  141   -1   192   1
c  191   -1   240   1
c  191   -1   289   1
c  338   -1   286   1
c  338   -1   237   1
c  190   -1   192   1
c  240   -1   140   1
c  240   -1   242   1
c  42   -1   142   1
c  42   -1   140   1
c  241   -1   190   1
c  241   -1   140   1
c  192   -1   140   1
c  192   -1   245   1
c  92   -1   94   1
c  143   -1   92   1
c  143   -1   192   1
c  91   -1   142   1
c  91   -1   189   1
c  144   -1   142   1
c  144   -1   193   1
c  976   -1   927   1
c  976   -1   1027   1
c  634   -1   683   1
c  634   -1   685   1
c  584   -1   484   1
c  683   -1   732   1
c  585   -1   485   1
c  585   -1   385   1
c  685   -1   636   1
c  685   -1   637   1
c  636   -1   638   1
c  636   -1   585   1
c  535   -1   635   1
c  535   -1   584   1
c  684   -1   635   1
c  684   -1   636   1
c  686   -1   635   1
c  686   -1   735   1
c  385   -1   434   1
c  385   -1   484   1
c  435   -1   384   1
c  435   -1   486   1
c  486   -1   437   1
c  486   -1   537   1
c  436   -1   487   1
c  436   -1   485   1
c  386   -1   335   1
c  386   -1   339   1
c  732   -1   781   1
c  732   -1   783   1
c  782   -1   833   1
c  782   -1   831   1
c  781   -1   733   1
c  977   -1   926   1
c  977   -1   877   1
c  928   -1   829   1
c  928   -1   976   1
c  929   -1   878   1
c  929   -1   978   1
c  1026   -1   1077   1
c  1026   -1   1078   1
c  1126   -1   1227   1
c  1077   -1   1126   1
c  1077   -1   1177   1
c  1027   -1   1076   1
c  1027   -1   1126   1
c  1177   -1   1226   1
c  1177   -1   1076   1
c  1652   -1   1701   1
c  1652   -1   1752   1
c  1661   -1   1659   1
c  1661   -1   1610   1
c  1757   -1   1806   1
c  1757   -1   1856   1
c  1806   -1   1705   1
c  1758   -1   1658   1
c  1758   -1   1709   1
c  1755   -1   1806   1
c  1755   -1   1856   1
c  1805   -1   1756   1
c  1709   -1   1711   1
c  1759   -1   1708   1
c  1759   -1   1808   1
c  1710   -1   1759   1
c  1710   -1   1708   1
c  1660   -1   1709   1
c  1704   -1   1753   1
c  1704   -1   1755   1
c  1754   -1   1805   1
c  1754   -1   1803   1
c  1711   -1   1760   1
c  1711   -1   1811   1
c  1760   -1   1762   1
c  1760   -1   1910   1
c  1811   -1   1860   1
c  1762   -1   1711   1
c  1762   -1   1662   1
c  1810   -1   1761   1
c  1810   -1   1859   1
c  1703   -1   1752   1
c  1703   -1   1802   1
c  1752   -1   1803   1
c  1752   -1   1804   1
c  1751   -1   1802   1
c  1751   -1   1651   1
c  1903   -1   1854   1
c  1903   -1   1905   1
c  1419   -1   1468   1
c  1419   -1   1568   1
c  1420   -1   1469   1
c  1420   -1   1369   1
c  1471   -1   1419   1
c  1471   -1   1369   1
c  1273   -1   1275   1
c  1273   -1   1374   1
c  1174   -1   1274   1
c  1174   -1   1273   1
c  1175   -1   1173   1
c  1175   -1   1223   1
c  1274   -1   1374   1
c  1274   -1   1375   1
c  1226   -1   1175   1
c  1226   -1   1125   1
c  1176   -1   1225   1
c  1176   -1   1275   1
c  1225   -1   1174   1
c  1225   -1   1274   1
c  1324   -1   1424   1
c  1324   -1   1223   1
c  1422   -1   1373   1
c  1422   -1   1473   1
c  1373   -1   1324   1
c  1373   -1   1274   1
c  1423   -1   1372   1
c  1423   -1   1374   1
c  1374   -1   1425   1
c  1374   -1   1475   1
c  1567   -1   1467   1
c  1567   -1   1518   1
c  1518   -1   1469   1
c  1518   -1   1470   1
c  1469   -1   1418   1
c  1469   -1   1517   1
c  1618   -1   1567   1
c  1618   -1   1566   1
c  1668   -1   1717   1
c  1668   -1   1617   1
c  1667   -1   1716   1
c  1667   -1   1715   1
c  1568   -1   1617   1
c  1669   -1   1618   1
c  1669   -1   1617   1
c  1763   -1   1765   1
c  1763   -1   1767   1
c  1716   -1   1767   1
c  1716   -1   1768   1
c  1766   -1   1717   1
c  1766   -1   1668   1
c  1765   -1   1816   1
c  1814   -1   1865   1
c  1814   -1   1763   1
c  1813   -1   1862   1
c  1813   -1   1764   1
c  1816   -1   1917   1
c  1816   -1   1764   1
c  1815   -1   1866   1
c  1865   -1   2065   1
c  1817   -1   1765   1
c  1817   -1   1715   1
c  1812   -1   1810   1
c  1812   -1   1712   1
c  1030   -1   1081   1
c  1030   -1   1131   1
c  930   -1   1079   1
c  931   -1   831   1
c  931   -1   929   1
c  831   -1   833   1
c  831   -1   882   1
c  881   -1   930   1
c  881   -1   830   1
c  932   -1   881   1
c  932   -1   880   1
c  388   -1   288   1
c  388   -1   238   1
c  387   -1   385   1
c  387   -1   436   1
c  437   -1   388   1
c  437   -1   488   1
c  339   -1   388   1
c  339   -1   390   1
c  290   -1   339   1
c  290   -1   389   1
c  340   -1   391   1
c  340   -1   289   1
c  390   -1   388   1
c  390   -1   289   1
c  389   -1   338   1
c  341   -1   392   1
c  341   -1   240   1
c  242   -1   291   1
c  43   -1   45   1
c  43   -1   92   1
c  291   -1   342   1
c  293   -1   193   1
c  293   -1   241   1
c  193   -1   242   1
c  193   -1   294   1
c  243   -1   192   1
c  243   -1   343   1
c  245   -1   194   1
c  245   -1   144   1
c  93   -1   95   1
c  93   -1   145   1
c  94   -1   43   1
c  94   -1   45   1
c  194   -1   145   1
c  194   -1   243   1
c  145   -1   147   1
c  145   -1   45   1
c  195   -1   144   1
c  195   -1   248   1
c  1128   -1   1077   1
c  1128   -1   976   1
c  733   -1   735   1
c  733   -1   884   1
c  734   -1   783   1
c  734   -1   683   1
c  586   -1   588   1
c  586   -1   538   1
c  787   -1   785   1
c  787   -1   585   1
c  735   -1   786   1
c  735   -1   835   1
c  637   -1   588   1
c  637   -1   639   1
c  638   -1   589   1
c  638   -1   689   1
c  536   -1   487   1
c  536   -1   488   1
c  736   -1   687   1
c  736   -1   587   1
c  687   -1   638   1
c  687   -1   588   1
c  587   -1   536   1
c  587   -1   435   1
c  487   -1   386   1
c  537   -1   586   1
c  832   -1   732   1
c  832   -1   834   1
c  783   -1   834   1
c  883   -1   832   1
c  883   -1   782   1
c  833   -1   882   1
c  978   -1   1029   1
c  979   -1   930   1
c  979   -1   1028   1
c  1029   -1   1078   1
c  1029   -1   929   1
c  980   -1   1031   1
c  980   -1   929   1
c  1078   -1   1027   1
c  1078   -1   1127   1
c  1127   -1   1176   1
c  1127   -1   1027   1
c  1227   -1   1178   1
c  1227   -1   1278   1
c  1028   -1   1030   1
c  1178   -1   1129   1
c  1178   -1   1278   1
c  1807   -1   1856   1
c  1807   -1   1855   1
c  1856   -1   1805   1
c  1856   -1   1804   1
c  1857   -1   1906   1
c  1857   -1   1806   1
c  1808   -1   1859   1
c  1808   -1   1812   1
c  1753   -1   1755   1
c  1753   -1   1854   1
c  1804   -1   1802   1
c  1804   -1   1903   1
c  1855   -1   1804   1
c  1855   -1   1903   1
c  1809   -1   1760   1
c  1809   -1   1811   1
c  1859   -1   1759   1
c  1802   -1   1753   1
c  1802   -1   1754   1
c  1853   -1   1904   1
c  1853   -1   1754   1
c  1803   -1   1852   1
c  1910   -1   1959   1
c  1910   -1   1858   1
c  1861   -1   1810   1
c  1861   -1   1808   1
c  1862   -1   1811   1
c  1862   -1   1911   1
c  1860   -1   1960   1
c  1801   -1   1852   1
c  1801   -1   1752   1
c  1902   -1   1853   1
c  1902   -1   1803   1
c  1953   -1   1902   1
c  1953   -1   2002   1
c  1904   -1   1953   1
c  1954   -1   1903   1
c  1954   -1   1902   1
c  1854   -1   1803   1
c  1854   -1   1952   1
c  1905   -1   1856   1
c  1905   -1   1854   1
c  1520   -1   1469   1
c  1520   -1   1419   1
c  1470   -1   1570   1
c  1470   -1   1422   1
c  1521   -1   1470   1
c  1521   -1   1420   1
c  1472   -1   1523   1
c  1472   -1   1474   1
c  1571   -1   1471   1
c  1571   -1   1520   1
c  1522   -1   1471   1
c  1522   -1   1623   1
c  1621   -1   1572   1
c  1621   -1   1471   1
c  1275   -1   1326   1
c  1275   -1   1277   1
c  1276   -1   1176   1
c  1276   -1   1175   1
c  1375   -1   1426   1
c  1375   -1   1326   1
c  1277   -1   1226   1
c  1228   -1   1226   1
c  1228   -1   1277   1
c  1325   -1   1374   1
c  1325   -1   1425   1
c  1424   -1   1373   1
c  1473   -1   1524   1
c  1473   -1   1475   1
c  1376   -1   1374   1
c  1425   -1   1474   1
c  1475   -1   1426   1
c  1475   -1   1575   1
c  1519   -1   1619   1
c  1519   -1   1568   1
c  1619   -1   1720   1
c  1619   -1   1721   1
c  1718   -1   1769   1
c  1718   -1   1720   1
c  1719   -1   1819   1
c  1719   -1   1668   1
c  1717   -1   1768   1
c  1569   -1   1571   1
c  1569   -1   1521   1
c  1570   -1   1568   1
c  1570   -1   1621   1
c  1670   -1   1672   1
c  1670   -1   1721   1
c  1767   -1   1718   1
c  1768   -1   1819   1
c  1768   -1   1770   1
c  1864   -1   1813   1
c  1864   -1   1812   1
c  1863   -1   1814   1
c  1863   -1   1914   1
c  1866   -1   1966   1
c  1866   -1   1864   1
c  1917   -1   1966   1
c  1917   -1   1717   1
c  1915   -1   1966   1
c  1915   -1   2013   1
c  1965   -1   1914   1
c  1965   -1   1865   1
c  2065   -1   2067   1
c  2065   -1   2018   1
c  1867   -1   1818   1
c  1867   -1   1916   1
c  1818   -1   1869   1
c  1818   -1   1870   1
c  1916   -1   1817   1
c  1769   -1   1817   1
c  1769   -1   1867   1
c  1912   -1   1963   1
c  1912   -1   1812   1
c  1911   -1   1812   1
c  1080   -1   1078   1
c  1080   -1   1181   1
c  1031   -1   1082   1
c  1031   -1   1033   1
c  981   -1   1081   1
c  981   -1   1030   1
c  984   -1   982   1
c  984   -1   1030   1
c  1081   -1   980   1
c  1131   -1   1182   1
c  1131   -1   1135   1
c  1079   -1   1179   1
c  1079   -1   1128   1
c  882   -1   982   1
c  882   -1   983   1
c  982   -1   1031   1
c  982   -1   1082   1
c  933   -1   882   1
c  933   -1   1031   1
c  438   -1   389   1
c  438   -1   387   1
c  488   -1   439   1
c  292   -1   243   1
c  292   -1   290   1
c  440   -1   489   1
c  440   -1   290   1
c  391   -1   290   1
c  439   -1   490   1
c  439   -1   391   1
c  342   -1   344   1
c  342   -1   494   1
c  392   -1   541   1
c  44   -1   93   1
c  44   -1   95   1
c  45   -1   96   1
c  45   -1   98   1
c  343   -1   442   1
c  294   -1   245   1
c  294   -1   243   1
c  244   -1   195   1
c  295   -1   344   1
c  295   -1   394   1
c  246   -1   295   1
c  246   -1   294   1
c  95   -1   146   1
c  95   -1   195   1
c  146   -1   47   1
c  146   -1   244   1
c  250   -1   349   1
c  250   -1   145   1
c  147   -1   149   1
c  147   -1   199   1
c  196   -1   147   1
c  196   -1   244   1
c  345   -1   294   1
c  345   -1   195   1
c  248   -1   299   1
c  248   -1   148   1
c  1129   -1   1078   1
c  1129   -1   1180   1
c  884   -1   833   1
c  884   -1   836   1
c  784   -1   833   1
c  784   -1   735   1
c  785   -1   783   1
c  785   -1   734   1
c  588   -1   539   1
c  588   -1   488   1
c  538   -1   589   1
c  737   -1   788   1
c  737   -1   838   1
c  786   -1   886   1
c  786   -1   737   1
c  837   -1   786   1
c  788   -1   786   1
c  788   -1   735   1
c  688   -1   739   1
c  688   -1   787   1
c  835   -1   786   1
c  835   -1   837   1
c  639   -1   590   1
c  639   -1   690   1
c  589   -1   540   1
c  589   -1   690   1
c  689   -1   640   1
c  689   -1   691   1
c  738   -1   687   1
c  738   -1   639   1
c  834   -1   883   1
c  934   -1   885   1
c  934   -1   883   1
c  885   -1   936   1
c  885   -1   833   1
c  1278   -1   1229   1
c  1278   -1   1329   1
c  1179   -1   1230   1
c  1179   -1   1181   1
c  1130   -1   1132   1
c  1130   -1   1178   1
c  1957   -1   1807   1
c  1957   -1   2108   1
c  1906   -1   1957   1
c  1906   -1   2006   1
c  1907   -1   1956   1
c  1907   -1   1905   1
c  1858   -1   1907   1
c  1858   -1   1905   1
c  1908   -1   1857   1
c  1908   -1   2007   1
c  1955   -1   1906   1
c  1955   -1   1855   1
c  1956   -1   1905   1
c  1956   -1   1855   1
c  1909   -1   1858   1
c  1909   -1   1957   1
c  1852   -1   1901   1
c  1851   -1   1802   1
c  1851   -1   1902   1
c  1960   -1   1909   1
c  1960   -1   1908   1
c  1961   -1   2010   1
c  1961   -1   1910   1
c  1959   -1   1908   1
c  1959   -1   1961   1
c  1901   -1   2001   1
c  1952   -1   2001   1
c  1952   -1   2003   1
c  2003   -1   1954   1
c  2003   -1   2103   1
c  1951   -1   1953   1
c  1951   -1   2051   1
c  2002   -1   2053   1
c  2004   -1   2053   1
c  2004   -1   1904   1
c  1523   -1   1572   1
c  1523   -1   1623   1
c  1474   -1   1525   1
c  1572   -1   1623   1
c  1572   -1   1524   1
c  1573   -1   1473   1
c  1573   -1   1522   1
c  1623   -1   1574   1
c  1620   -1   1671   1
c  1620   -1   1672   1
c  1671   -1   1771   1
c  1671   -1   1623   1
c  1622   -1   1673   1
c  1622   -1   1624   1
c  1721   -1   1621   1
c  1721   -1   1868   1
c  1672   -1   1621   1
c  1326   -1   1377   1
c  1326   -1   1427   1
c  1327   -1   1276   1
c  1327   -1   1376   1
c  1426   -1   1477   1
c  1426   -1   1378   1
c  1229   -1   1180   1
c  1229   -1   1329   1
c  1524   -1   1526   1
c  1524   -1   1527   1
c  1377   -1   1379   1
c  1377   -1   1329   1
c  1525   -1   1574   1
c  1476   -1   1474   1
c  1476   -1   1676   1
c  1477   -1   1475   1
c  1477   -1   1525   1
c  1575   -1   1624   1
c  1575   -1   1623   1
c  1720   -1   1671   1
c  1720   -1   1821   1
c  1819   -1   1868   1
c  1819   -1   1917   1
c  1770   -1   1721   1
c  1914   -1   1963   1
c  1914   -1   1912   1
c  1913   -1   1964   1
c  1913   -1   1965   1
c  1966   -1   2021   1
c  1967   -1   2018   1
c  1967   -1   2016   1
c  1918   -1   1916   1
c  1918   -1   1867   1
c  1868   -1   1917   1
c  1968   -1   1917   1
c  1968   -1   1869   1
c  1964   -1   1915   1
c  1964   -1   2015   1
c  2015   -1   1915   1
c  2013   -1   2062   1
c  2013   -1   2163   1
c  2014   -1   2065   1
c  2014   -1   1965   1
c  2016   -1   2116   1
c  2016   -1   1965   1
c  2064   -1   2164   1
c  2064   -1   2163   1
c  2115   -1   2166   1
c  2115   -1   2117   1
c  2066   -1   2115   1
c  2066   -1   2218   1
c  2114   -1   2065   1
c  2165   -1   2116   1
c  2165   -1   2065   1
c  2067   -1   2016   1
c  2067   -1   2217   1
c  2018   -1   2020   1
c  2018   -1   1970   1
c  1869   -1   1820   1
c  1869   -1   1770   1
c  1870   -1   1770   1
c  1870   -1   1771   1
c  1820   -1   1871   1
c  1820   -1   1769   1
c  1962   -1   2011   1
c  1962   -1   1913   1
c  1963   -1   2014   1
c  1963   -1   1966   1
c  2010   -1   1911   1
c  1132   -1   1081   1
c  1132   -1   1080   1
c  1181   -1   1230   1
c  1181   -1   1232   1
c  1032   -1   981   1
c  1032   -1   983   1
c  1082   -1   1133   1
c  1082   -1   1183   1
c  1033   -1   982   1
c  1033   -1   934   1
c  983   -1   985   1
c  983   -1   1035   1
c  1034   -1   1083   1
c  1034   -1   1032   1
c  985   -1   1036   1
c  985   -1   936   1
c  1035   -1   984   1
c  1035   -1   986   1
c  1180   -1   1231   1
c  1180   -1   1131   1
c  1182   -1   1231   1
c  1182   -1   1281   1
c  1135   -1   1086   1
c  1135   -1   1084   1
c  489   -1   538   1
c  489   -1   438   1
c  490   -1   488   1
c  490   -1   539   1
c  441   -1   443   1
c  441   -1   342   1
c  344   -1   393   1
c  344   -1   443   1
c  494   -1   496   1
c  442   -1   393   1
c  393   -1   444   1
c  393   -1   395   1
c  541   -1   441   1
c  46   -1   97   1
c  46   -1   98   1
c  98   -1   198   1
c  98   -1   199   1
c  296   -1   345   1
c  296   -1   396   1
c  297   -1   346   1
c  297   -1   295   1
c  394   -1   445   1
c  394   -1   345   1
c  247   -1   296   1
c  247   -1   346   1
c  47   -1   96   1
c  47   -1   95   1
c  197   -1   146   1
c  200   -1   300   1
c  200   -1   299   1
c  249   -1   298   1
c  249   -1   398   1
c  300   -1   249   1
c  300   -1   199   1
c  299   -1   199   1
c  299   -1   250   1
c  349   -1   300   1
c  97   -1   148   1
c  97   -1   198   1
c  148   -1   197   1
c  148   -1   96   1
c  149   -1   200   1
c  149   -1   349   1
c  199   -1   49   1
c  395   -1   444   1
c  395   -1   494   1
c  346   -1   446   1
c  346   -1   349   1
c  348   -1   397   1
c  348   -1   345   1
c  198   -1   249   1
c  198   -1   299   1
c  298   -1   349   1
c  935   -1   884   1
c  935   -1   834   1
c  836   -1   885   1
c  836   -1   934   1
c  539   -1   590   1
c  540   -1   489   1
c  540   -1   538   1
c  838   -1   887   1
c  838   -1   840   1
c  886   -1   837   1
c  886   -1   888   1
c  887   -1   938   1
c  938   -1   837   1
c  790   -1   788   1
c  790   -1   837   1
c  789   -1   838   1
c  789   -1   840   1
c  839   -1   788   1
c  839   -1   888   1
c  739   -1   639   1
c  739   -1   841   1
c  640   -1   691   1
c  640   -1   742   1
c  590   -1   541   1
c  690   -1   741   1
c  691   -1   591   1
c  936   -1   987   1
c  936   -1   934   1
c  1328   -1   1379   1
c  1279   -1   1330   1
c  1279   -1   1328   1
c  1280   -1   1278   1
c  1379   -1   1278   1
c  1329   -1   1430   1
c  1230   -1   1281   1
c  1230   -1   1330   1
c  2007   -1   2058   1
c  2007   -1   1956   1
c  1958   -1   2009   1
c  1958   -1   1956   1
c  2108   -1   2208   1
c  2108   -1   2059   1
c  2006   -1   2158   1
c  2009   -1   1908   1
c  2005   -1   2056   1
c  2005   -1   2107   1
c  2061   -1   2010   1
c  2061   -1   1960   1
c  2011   -1   2111   1
c  2011   -1   2062   1
c  2008   -1   2057   1
c  2008   -1   1959   1
c  2001   -1   2003   1
c  2001   -1   2053   1
c  2053   -1   2005   1
c  2054   -1   2003   1
c  2054   -1   2103   1
c  2105   -1   2054   1
c  2105   -1   2003   1
c  2103   -1   2052   1
c  2051   -1   2102   1
c  2051   -1   2103   1
c  2052   -1   2152   1
c  2052   -1   2151   1
c  1526   -1   1474   1
c  1574   -1   1625   1
c  1574   -1   1622   1
c  1624   -1   1573   1
c  1624   -1   1673   1
c  1673   -1   1722   1
c  1674   -1   1623   1
c  1674   -1   1774   1
c  1771   -1   1720   1
c  1722   -1   1770   1
c  1722   -1   1820   1
c  1772   -1   1721   1
c  1822   -1   1873   1
c  1822   -1   1721   1
c  1773   -1   1722   1
c  1773   -1   1721   1
c  1427   -1   1478   1
c  1427   -1   1479   1
c  1378   -1   1327   1
c  1378   -1   1329   1
c  1527   -1   1476   1
c  1527   -1   1578   1
c  1625   -1   1674   1
c  1625   -1   1525   1
c  1676   -1   1627   1
c  1676   -1   1725   1
c  1478   -1   1527   1
c  1478   -1   1578   1
c  1576   -1   1625   1
c  1576   -1   1624   1
c  1675   -1   1575   1
c  1675   -1   1724   1
c  1626   -1   1577   1
c  1626   -1   1575   1
c  1776   -1   1828   1
c  1776   -1   1720   1
c  1821   -1   1770   1
c  2017   -1   2068   1
c  2017   -1   1966   1
c  2021   -1   1970   1
c  2021   -1   2070   1
c  1969   -1   1967   1
c  1969   -1   1920   1
c  2116   -1   2069   1
c  2116   -1   1967   1
c  1919   -1   1870   1
c  1919   -1   1970   1
c  2012   -1   2063   1
c  2012   -1   1963   1
c  2063   -1   2014   1
c  2063   -1   2114   1
c  2062   -1   2111   1
c  2062   -1   1963   1
c  2163   -1   2114   1
c  2163   -1   2160   1
c  2112   -1   2114   1
c  2112   -1   2064   1
c  2118   -1   2064   1
c  2118   -1   2114   1
c  2164   -1   2063   1
c  2166   -1   2113   1
c  2166   -1   2163   1
c  2117   -1   2166   1
c  2117   -1   2217   1
c  2218   -1   2269   1
c  2218   -1   2169   1
c  2113   -1   2164   1
c  2113   -1   2161   1
c  2216   -1   2165   1
c  2216   -1   2114   1
c  2215   -1   2266   1
c  2215   -1   2414   1
c  2214   -1   2165   1
c  2214   -1   2216   1
c  2068   -1   2019   1
c  2068   -1   2117   1
c  2217   -1   2268   1
c  2019   -1   2017   1
c  2019   -1   1970   1
c  2069   -1   2018   1
c  2069   -1   2118   1
c  2020   -1   2071   1
c  2020   -1   1971   1
c  1920   -1   1869   1
c  1920   -1   1820   1
c  1871   -1   1920   1
c  1871   -1   1824   1
c  2060   -1   2011   1
c  2060   -1   2210   1
c  1133   -1   1084   1
c  1133   -1   1085   1
c  1232   -1   1132   1
c  1232   -1   1133   1
c  1183   -1   1132   1
c  1183   -1   1234   1
c  1231   -1   1280   1
c  1231   -1   1282   1
c  1083   -1   983   1
c  1084   -1   1035   1
c  1084   -1   1033   1
c  986   -1   1084   1
c  986   -1   1083   1
c  1086   -1   985   1
c  1036   -1   1038   1
c  1036   -1   1085   1
c  1085   -1   1134   1
c  1085   -1   1136   1
c  1281   -1   1381   1
c  1281   -1   1330   1
c  1134   -1   1183   1
c  1134   -1   1234   1
c  1185   -1   1285   1
c  1185   -1   1236   1
c  1136   -1   1185   1
c  1186   -1   1188   1
c  1186   -1   1135   1
c  491   -1   442   1
c  491   -1   489   1
c  443   -1   494   1
c  443   -1   394   1
c  444   -1   493   1
c  493   -1   442   1
c  544   -1   595   1
c  544   -1   746   1
c  495   -1   395   1
c  495   -1   597   1
c  496   -1   447   1
c  496   -1   448   1
c  492   -1   541   1
c  492   -1   591   1
c  591   -1   593   1
c  542   -1   593   1
c  542   -1   643   1
c  48   -1   99   1
c  48   -1   149   1
c  99   -1   150   1
c  100   -1   98   1
c  396   -1   445   1
c  396   -1   496   1
c  347   -1   398   1
c  347   -1   396   1
c  445   -1   447   1
c  150   -1   199   1
c  350   -1   348   1
c  350   -1   249   1
c  398   -1   400   1
c  398   -1   349   1
c  399   -1   299   1
c  399   -1   446   1
c  449   -1   398   1
c  449   -1   349   1
c  400   -1   349   1
c  400   -1   449   1
c  450   -1   399   1
c  450   -1   349   1
c  49   -1   100   1
c  49   -1   149   1
c  446   -1   395   1
c  397   -1   448   1
c  888   -1   841   1
c  840   -1   889   1
c  840   -1   739   1
c  937   -1   888   1
c  937   -1   886   1
c  988   -1   1037   1
c  988   -1   986   1
c  939   -1   990   1
c  939   -1   991   1
c  889   -1   938   1
c  889   -1   989   1
c  990   -1   938   1
c  740   -1   742   1
c  740   -1   692   1
c  791   -1   789   1
c  791   -1   840   1
c  890   -1   939   1
c  890   -1   839   1
c  841   -1   941   1
c  841   -1   991   1
c  641   -1   690   1
c  641   -1   791   1
c  742   -1   791   1
c  742   -1   693   1
c  741   -1   641   1
c  692   -1   694   1
c  692   -1   744   1
c  642   -1   644   1
c  642   -1   691   1
c  987   -1   989   1
c  987   -1   1040   1
c  1330   -1   1379   1
c  1429   -1   1480   1
c  1429   -1   1378   1
c  1380   -1   1431   1
c  1380   -1   1432   1
c  1428   -1   1379   1
c  1428   -1   1329   1
c  1430   -1   1481   1
c  2057   -1   2106   1
c  2057   -1   2006   1
c  2058   -1   2060   1
c  2107   -1   2105   1
c  2107   -1   2056   1
c  2158   -1   2160   1
c  2158   -1   2207   1
c  2109   -1   2209   1
c  2109   -1   2107   1
c  2159   -1   2108   1
c  2159   -1   2309   1
c  2162   -1   2160   1
c  2162   -1   2108   1
c  2208   -1   2257   1
c  2208   -1   2157   1
c  2059   -1   2008   1
c  2059   -1   2061   1
c  2056   -1   2058   1
c  2055   -1   2106   1
c  2055   -1   2057   1
c  2111   -1   2012   1
c  2110   -1   2061   1
c  2110   -1   2058   1
c  2102   -1   2053   1
c  2102   -1   2104   1
c  2104   -1   2153   1
c  2104   -1   2152   1
c  2155   -1   2106   1
c  2155   -1   2353   1
c  2153   -1   2202   1
c  2153   -1   2301   1
c  2101   -1   2201   1
c  2101   -1   2052   1
c  2152   -1   2201   1
c  2152   -1   2302   1
c  2151   -1   2153   1
c  2151   -1   2202   1
c  1723   -1   1772   1
c  1723   -1   1674   1
c  1724   -1   1825   1
c  1774   -1   1725   1
c  1872   -1   1923   1
c  1872   -1   2022   1
c  1823   -1   1874   1
c  1823   -1   1723   1
c  1974   -1   1874   1
c  1974   -1   1822   1
c  1873   -1   1773   1
c  1873   -1   1723   1
c  1824   -1   1826   1
c  1824   -1   1773   1
c  1875   -1   1774   1
c  1875   -1   1773   1
c  1826   -1   1775   1
c  1826   -1   1773   1
c  1479   -1   1430   1
c  1479   -1   1579   1
c  1577   -1   1528   1
c  1577   -1   1628   1
c  1528   -1   1428   1
c  1528   -1   1479   1
c  1578   -1   1627   1
c  1578   -1   1630   1
c  1725   -1   1625   1
c  1725   -1   1627   1
c  1726   -1   1675   1
c  1726   -1   1824   1
c  1677   -1   1726   1
c  1677   -1   1775   1
c  1627   -1   1678   1
c  1775   -1   1675   1
c  1775   -1   1724   1
c  1777   -1   1826   1
c  1777   -1   1825   1
c  1827   -1   1778   1
c  1827   -1   1776   1
c  1925   -1   1826   1
c  1925   -1   1776   1
c  1828   -1   1779   1
c  1828   -1   1729   1
c  1971   -1   1871   1
c  1971   -1   1920   1
c  2071   -1   2022   1
c  2071   -1   2172   1
c  2022   -1   2024   1
c  2022   -1   2073   1
c  2073   -1   2021   1
c  2073   -1   1971   1
c  2070   -1   2119   1
c  2070   -1   2117   1
c  2213   -1   2113   1
c  2213   -1   2215   1
c  2161   -1   2163   1
c  2160   -1   2209   1
c  2160   -1   2211   1
c  2168   -1   2217   1
c  2168   -1   2170   1
c  2119   -1   2170   1
c  2167   -1   2218   1
c  2167   -1   2118   1
c  2169   -1   2120   1
c  2169   -1   2118   1
c  2269   -1   2168   1
c  2269   -1   2166   1
c  2268   -1   2220   1
c  2219   -1   2268   1
c  2219   -1   2167   1
c  2266   -1   2315   1
c  2266   -1   2317   1
c  2265   -1   2216   1
c  2265   -1   2214   1
c  2267   -1   2216   1
c  2267   -1   2167   1
c  2263   -1   2265   1
c  2263   -1   2215   1
c  2414   -1   2465   1
c  2414   -1   2315   1
c  2264   -1   2262   1
c  2264   -1   2316   1
c  1921   -1   1970   1
c  1921   -1   2024   1
c  1923   -1   1871   1
c  2210   -1   2161   1
c  2210   -1   2212   1
c  1184   -1   1233   1
c  1184   -1   1133   1
c  1282   -1   1284   1
c  1282   -1   1133   1
c  1233   -1   1284   1
c  1233   -1   1285   1
c  1331   -1   1282   1
c  1331   -1   1232   1
c  1284   -1   1183   1
c  1234   -1   1285   1
c  1037   -1   1086   1
c  1037   -1   986   1
c  1087   -1   1136   1
c  1087   -1   1138   1
c  1038   -1   1089   1
c  1038   -1   1189   1
c  1381   -1   1432   1
c  1381   -1   1430   1
c  1235   -1   1335   1
c  1235   -1   1334   1
c  1334   -1   1283   1
c  1334   -1   1185   1
c  1286   -1   1186   1
c  1286   -1   1185   1
c  1138   -1   1185   1
c  1236   -1   1285   1
c  1236   -1   1187   1
c  1137   -1   1188   1
c  1137   -1   1037   1
c  1187   -1   1136   1
c  1187   -1   1238   1
c  1188   -1   1237   1
c  593   -1   491   1
c  543   -1   592   1
c  543   -1   492   1
c  594   -1   545   1
c  594   -1   543   1
c  545   -1   547   1
c  545   -1   542   1
c  595   -1   646   1
c  595   -1   697   1
c  746   -1   695   1
c  546   -1   548   1
c  546   -1   549   1
c  497   -1   548   1
c  497   -1   597   1
c  447   -1   498   1
c  447   -1   399   1
c  448   -1   399   1
c  448   -1   497   1
c  592   -1   643   1
c  643   -1   594   1
c  50   -1   48   1
c  50   -1   99   1
c  499   -1   550   1
c  499   -1   599   1
c  498   -1   449   1
c  498   -1   450   1
c  549   -1   600   1
c  549   -1   400   1
c  500   -1   498   1
c  500   -1   548   1
c  842   -1   791   1
c  842   -1   840   1
c  989   -1   1040   1
c  989   -1   991   1
c  940   -1   889   1
c  940   -1   989   1
c  1039   -1   939   1
c  1039   -1   1092   1
c  991   -1   943   1
c  891   -1   889   1
c  891   -1   940   1
c  944   -1   793   1
c  944   -1   889   1
c  1040   -1   991   1
c  1040   -1   941   1
c  941   -1   992   1
c  941   -1   990   1
c  792   -1   843   1
c  892   -1   841   1
c  892   -1   791   1
c  795   -1   792   1
c  795   -1   791   1
c  743   -1   792   1
c  743   -1   741   1
c  793   -1   742   1
c  793   -1   848   1
c  693   -1   593   1
c  693   -1   644   1
c  694   -1   643   1
c  694   -1   593   1
c  744   -1   746   1
c  744   -1   843   1
c  644   -1   593   1
c  644   -1   592   1
c  1530   -1   1479   1
c  1530   -1   1429   1
c  1480   -1   1380   1
c  1431   -1   1480   1
c  1432   -1   1383   1
c  1432   -1   1384   1
c  1332   -1   1283   1
c  1332   -1   1430   1
c  1481   -1   1532   1
c  1481   -1   1582   1
c  2157   -1   2155   1
c  2157   -1   2206   1
c  2156   -1   2205   1
c  2156   -1   2107   1
c  2209   -1   2158   1
c  2209   -1   2207   1
c  2207   -1   2307   1
c  2207   -1   2256   1
c  2309   -1   2307   1
c  2309   -1   2357   1
c  2212   -1   2263   1
c  2212   -1   2161   1
c  2211   -1   2162   1
c  2258   -1   2309   1
c  2258   -1   2310   1
c  2256   -1   2208   1
c  2256   -1   2251   1
c  2257   -1   2259   1
c  2154   -1   2203   1
c  2154   -1   2205   1
c  2205   -1   2252   1
c  2205   -1   2251   1
c  2206   -1   2155   1
c  2206   -1   2106   1
c  2353   -1   2255   1
c  2353   -1   2256   1
c  2203   -1   2252   1
c  2202   -1   2101   1
c  2301   -1   2352   1
c  2201   -1   2252   1
c  2302   -1   2353   1
c  2302   -1   2354   1
c  2204   -1   2253   1
c  2204   -1   2151   1
c  1825   -1   1925   1
c  1825   -1   1876   1
c  1922   -1   1973   1
c  1922   -1   2023   1
c  1874   -1   1925   1
c  1874   -1   1975   1
c  1924   -1   1975   1
c  1924   -1   1927   1
c  1973   -1   2025   1
c  2024   -1   2075   1
c  2024   -1   1926   1
c  1975   -1   1926   1
c  1975   -1   2026   1
c  2120   -1   2171   1
c  2120   -1   1974   1
c  1876   -1   1925   1
c  1876   -1   1976   1
c  1926   -1   1877   1
c  1926   -1   1875   1
c  1529   -1   1531   1
c  1529   -1   1577   1
c  1579   -1   1630   1
c  1579   -1   1528   1
c  1628   -1   1679   1
c  1628   -1   1580   1
c  1630   -1   1681   1
c  1630   -1   1729   1
c  1727   -1   1678   1
c  1727   -1   1778   1
c  1728   -1   1779   1
c  1728   -1   1726   1
c  1678   -1   1729   1
c  1679   -1   1627   1
c  1778   -1   1729   1
c  1778   -1   1829   1
c  1877   -1   1828   1
c  1877   -1   1929   1
c  1878   -1   1927   1
c  1878   -1   1827   1
c  1829   -1   1878   1
c  1879   -1   1828   1
c  1879   -1   1778   1
c  1779   -1   1730   1
c  1779   -1   1680   1
c  1729   -1   1727   1
c  1972   -1   2023   1
c  1972   -1   2071   1
c  2121   -1   2072   1
c  2121   -1   2070   1
c  2072   -1   2125   1
c  2072   -1   2175   1
c  2122   -1   2171   1
c  2122   -1   2071   1
c  2172   -1   2170   1
c  2172   -1   2120   1
c  2023   -1   1921   1
c  2123   -1   2125   1
c  2123   -1   2172   1
c  2074   -1   2125   1
c  2173   -1   2224   1
c  2173   -1   2073   1
c  2124   -1   2173   1
c  2124   -1   2073   1
c  2025   -1   2074   1
c  2025   -1   2073   1
c  2170   -1   2221   1
c  2170   -1   2219   1
c  2319   -1   2370   1
c  2319   -1   2270   1
c  2270   -1   2370   1
c  2270   -1   2322   1
c  2318   -1   2316   1
c  2318   -1   2366   1
c  2317   -1   2268   1
c  2317   -1   2315   1
c  2220   -1   2222   1
c  2222   -1   2122   1
c  2222   -1   2219   1
c  2316   -1   2365   1
c  2316   -1   2368   1
c  2367   -1   2267   1
c  2367   -1   2266   1
c  2315   -1   2366   1
c  2262   -1   2310   1
c  2262   -1   2360   1
c  2313   -1   2315   1
c  2313   -1   2364   1
c  2314   -1   2263   1
c  2314   -1   2415   1
c  2364   -1   2362   1
c  2413   -1   2464   1
c  2413   -1   2365   1
c  2464   -1   2361   1
c  2415   -1   2364   1
c  2415   -1   2363   1
c  2412   -1   2463   1
c  2412   -1   2414   1
c  2463   -1   2414   1
c  2462   -1   2413   1
c  2462   -1   2414   1
c  2260   -1   2360   1
c  2260   -1   2209   1
c  2259   -1   2210   1
c  2259   -1   2211   1
c  1283   -1   1234   1
c  1283   -1   1235   1
c  1382   -1   1282   1
c  1382   -1   1431   1
c  1482   -1   1529   1
c  1482   -1   1282   1
c  1383   -1   1332   1
c  1383   -1   1331   1
c  1335   -1   1286   1
c  1335   -1   1284   1
c  1088   -1   1037   1
c  1088   -1   1187   1
c  1089   -1   1138   1
c  1089   -1   1189   1
c  1189   -1   1191   1
c  1189   -1   1241   1
c  1333   -1   1382   1
c  1333   -1   1432   1
c  1384   -1   1335   1
c  1384   -1   1435   1
c  1434   -1   1334   1
c  1434   -1   1383   1
c  1433   -1   1334   1
c  1433   -1   1332   1
c  1336   -1   1385   1
c  1336   -1   1387   1
c  1287   -1   1336   1
c  1287   -1   1338   1
c  1139   -1   1090   1
c  1139   -1   1188   1
c  1288   -1   1337   1
c  1288   -1   1138   1
c  1337   -1   1335   1
c  1337   -1   1285   1
c  1237   -1   1288   1
c  1237   -1   1289   1
c  1238   -1   1240   1
c  1238   -1   1289   1
c  1190   -1   1139   1
c  1190   -1   1188   1
c  696   -1   747   1
c  696   -1   594   1
c  547   -1   598   1
c  547   -1   648   1
c  645   -1   596   1
c  645   -1   546   1
c  596   -1   647   1
c  596   -1   649   1
c  695   -1   595   1
c  646   -1   695   1
c  646   -1   697   1
c  697   -1   746   1
c  745   -1   696   1
c  745   -1   697   1
c  796   -1   847   1
c  796   -1   845   1
c  747   -1   796   1
c  747   -1   846   1
c  845   -1   746   1
c  647   -1   696   1
c  647   -1   695   1
c  598   -1   549   1
c  598   -1   647   1
c  548   -1   599   1
c  548   -1   597   1
c  648   -1   597   1
c  648   -1   697   1
c  750   -1   650   1
c  750   -1   499   1
c  550   -1   599   1
c  550   -1   548   1
c  599   -1   547   1
c  649   -1   549   1
c  649   -1   598   1
c  650   -1   699   1
c  650   -1   549   1
c  700   -1   749   1
c  700   -1   549   1
c  600   -1   649   1
c  600   -1   699   1
c  843   -1   894   1
c  843   -1   794   1
c  1090   -1   1039   1
c  1090   -1   1141   1
c  1092   -1   1141   1
c  1092   -1   1192   1
c  1041   -1   992   1
c  1041   -1   942   1
c  992   -1   1043   1
c  992   -1   994   1
c  942   -1   991   1
c  942   -1   1042   1
c  943   -1   994   1
c  943   -1   1043   1
c  893   -1   891   1
c  894   -1   892   1
c  994   -1   1045   1
c  994   -1   1095   1
c  945   -1   947   1
c  945   -1   949   1
c  1044   -1   944   1
c  1044   -1   1046   1
c  995   -1   944   1
c  995   -1   893   1
c  794   -1   694   1
c  794   -1   644   1
c  844   -1   795   1
c  844   -1   893   1
c  848   -1   899   1
c  848   -1   846   1
c  798   -1   800   1
c  798   -1   644   1
c  1580   -1   1631   1
c  1580   -1   1680   1
c  1531   -1   1480   1
c  1531   -1   1580   1
c  1483   -1   1432   1
c  1483   -1   1431   1
c  1532   -1   1483   1
c  1532   -1   1333   1
c  1582   -1   1630   1
c  2308   -1   2257   1
c  2308   -1   2207   1
c  2307   -1   2356   1
c  2307   -1   2406   1
c  2359   -1   2408   1
c  2359   -1   2308   1
c  2310   -1   2261   1
c  2310   -1   2364   1
c  2360   -1   2309   1
c  2360   -1   2460   1
c  2410   -1   2359   1
c  2410   -1   2309   1
c  2357   -1   2457   1
c  2357   -1   2406   1
c  2261   -1   2212   1
c  2261   -1   2312   1
c  2255   -1   2306   1
c  2255   -1   2307   1
c  2306   -1   2308   1
c  2306   -1   2253   1
c  2254   -1   2205   1
c  2254   -1   2256   1
c  2251   -1   2302   1
c  2251   -1   2202   1
c  2252   -1   2301   1
c  2303   -1   2254   1
c  2303   -1   2352   1
c  2403   -1   2355   1
c  2354   -1   2403   1
c  2354   -1   2454   1
c  2455   -1   2453   1
c  2455   -1   2353   1
c  2253   -1   2251   1
c  2253   -1   2302   1
c  2351   -1   2302   1
c  2351   -1   2402   1
c  2401   -1   2403   1
c  2401   -1   2302   1
c  1927   -1   1978   1
c  2075   -1   2126   1
c  2075   -1   2026   1
c  1976   -1   1927   1
c  1976   -1   1928   1
c  2026   -1   2077   1
c  2171   -1   2220   1
c  1631   -1   1582   1
c  1631   -1   1529   1
c  1629   -1   1678   1
c  1629   -1   1631   1
c  1680   -1   1780   1
c  1680   -1   1731   1
c  1581   -1   1630   1
c  1581   -1   1629   1
c  1681   -1   1632   1
c  1681   -1   1582   1
c  1977   -1   1877   1
c  1977   -1   2076   1
c  1928   -1   1877   1
c  1928   -1   2027   1
c  1929   -1   1978   1
c  1929   -1   1931   1
c  1830   -1   1930   1
c  1830   -1   1683   1
c  1780   -1   1829   1
c  1880   -1   1931   1
c  1880   -1   1932   1
c  1730   -1   1732   1
c  1730   -1   1683   1
c  2125   -1   2025   1
c  2175   -1   2226   1
c  2175   -1   2224   1
c  2223   -1   2123   1
c  2223   -1   2274   1
c  2174   -1   2125   1
c  2174   -1   2075   1
c  2272   -1   2323   1
c  2272   -1   2173   1
c  2224   -1   2176   1
c  2230   -1   2228   1
c  2230   -1   2124   1
c  2076   -1   2125   1
c  2076   -1   2025   1
c  2221   -1   2272   1
c  2221   -1   2270   1
c  2369   -1   2270   1
c  2369   -1   2271   1
c  2320   -1   2322   1
c  2320   -1   2419   1
c  2419   -1   2370   1
c  2419   -1   2319   1
c  2417   -1   2319   1
c  2370   -1   2321   1
c  2271   -1   2322   1
c  2271   -1   2371   1
c  2321   -1   2270   1
c  2321   -1   2272   1
c  2322   -1   2274   1
c  2368   -1   2366   1
c  2368   -1   2417   1
c  2366   -1   2466   1
c  2366   -1   2415   1
c  2273   -1   2222   1
c  2273   -1   2322   1
c  2365   -1   2416   1
c  2418   -1   2369   1
c  2418   -1   2367   1
c  2312   -1   2412   1
c  2312   -1   2361   1
c  2363   -1   2312   1
c  2363   -1   2314   1
c  2362   -1   2462   1
c  2362   -1   2461   1
c  2361   -1   2412   1
c  2416   -1   2467   1
c  2416   -1   2465   1
c  2411   -1   2362   1
c  2411   -1   2409   1
c  2461   -1   2412   1
c  2461   -1   2360   1
c  2466   -1   2417   1
c  2467   -1   2465   1
c  2467   -1   2469   1
c  1533   -1   1482   1
c  1533   -1   1582   1
c  1484   -1   1433   1
c  1484   -1   1383   1
c  1385   -1   1436   1
c  1385   -1   1484   1
c  1386   -1   1437   1
c  1386   -1   1335   1
c  1239   -1   1339   1
c  1239   -1   1288   1
c  1240   -1   1189   1
c  1191   -1   1142   1
c  1191   -1   1090   1
c  1241   -1   1141   1
c  1241   -1   1142   1
c  1435   -1   1484   1
c  1435   -1   1287   1
c  1387   -1   1338   1
c  1387   -1   1288   1
c  1338   -1   1389   1
c  1338   -1   1390   1
c  1140   -1   1240   1
c  1140   -1   1193   1
c  1289   -1   1338   1
c  1289   -1   1341   1
c  1388   -1   1439   1
c  1388   -1   1337   1
c  698   -1   749   1
c  698   -1   700   1
c  847   -1   747   1
c  847   -1   697   1
c  846   -1   946   1
c  846   -1   947   1
c  797   -1   848   1
c  797   -1   897   1
c  895   -1   844   1
c  895   -1   796   1
c  748   -1   848   1
c  748   -1   799   1
c  699   -1   599   1
c  699   -1   598   1
c  749   -1   800   1
c  749   -1   798   1
c  800   -1   849   1
c  800   -1   700   1
c  799   -1   699   1
c  799   -1   750   1
c  1091   -1   1191   1
c  1091   -1   1240   1
c  1141   -1   1192   1
c  1042   -1   1093   1
c  1042   -1   994   1
c  1142   -1   1193   1
c  1142   -1   1093   1
c  1093   -1   1095   1
c  1093   -1   1192   1
c  1192   -1   1243   1
c  993   -1   942   1
c  993   -1   995   1
c  1043   -1   994   1
c  1043   -1   1143   1
c  1045   -1   996   1
c  1045   -1   1094   1
c  1095   -1   1195   1
c  1095   -1   1194   1
c  946   -1   997   1
c  946   -1   1048   1
c  896   -1   945   1
c  896   -1   797   1
c  947   -1   898   1
c  947   -1   899   1
c  949   -1   947   1
c  949   -1   1050   1
c  1094   -1   1043   1
c  1094   -1   993   1
c  1100   -1   1149   1
c  1100   -1   1044   1
c  1046   -1   1095   1
c  1046   -1   1146   1
c  996   -1   947   1
c  996   -1   950   1
c  897   -1   846   1
c  897   -1   844   1
c  898   -1   900   1
c  898   -1   950   1
c  849   -1   897   1
c  899   -1   950   1
c  1632   -1   1733   1
c  1632   -1   1782   1
c  1583   -1   1581   1
c  1583   -1   1485   1
c  1633   -1   1582   1
c  1633   -1   1581   1
c  2358   -1   2407   1
c  2358   -1   2307   1
c  2356   -1   2407   1
c  2356   -1   2408   1
c  2406   -1   2457   1
c  2409   -1   2358   1
c  2409   -1   2460   1
c  2460   -1   2359   1
c  2408   -1   2406   1
c  2311   -1   2360   1
c  2311   -1   2411   1
c  2407   -1   2458   1
c  2407   -1   2459   1
c  2457   -1   2408   1
c  2457   -1   2358   1
c  2305   -1   2354   1
c  2305   -1   2405   1
c  2304   -1   2253   1
c  2304   -1   2255   1
c  2402   -1   2404   1
c  2402   -1   2453   1
c  2355   -1   2352   1
c  2355   -1   2402   1
c  2454   -1   2403   1
c  2454   -1   2352   1
c  2404   -1   2453   1
c  2404   -1   2406   1
c  2452   -1   2401   1
c  2452   -1   2403   1
c  2405   -1   2456   1
c  2405   -1   2407   1
c  2456   -1   2407   1
c  2451   -1   2402   1
c  2451   -1   2453   1
c  1978   -1   2027   1
c  1978   -1   2026   1
c  2126   -1   2177   1
c  2126   -1   2028   1
c  2027   -1   2076   1
c  2027   -1   2029   1
c  2028   -1   2079   1
c  2028   -1   2026   1
c  2127   -1   2125   1
c  2127   -1   2026   1
c  2129   -1   2027   1
c  2129   -1   2026   1
c  2077   -1   2079   1
c  2077   -1   2028   1
c  1682   -1   1631   1
c  1682   -1   1581   1
c  1731   -1   1782   1
c  1731   -1   1980   1
c  1979   -1   2079   1
c  1979   -1   2030   1
c  1930   -1   1979   1
c  1930   -1   2029   1
c  1981   -1   1929   1
c  1931   -1   2031   1
c  1931   -1   1980   1
c  1831   -1   1882   1
c  1831   -1   1933   1
c  1683   -1   1782   1
c  1683   -1   1781   1
c  1781   -1   1832   1
c  1781   -1   1882   1
c  1881   -1   1981   1
c  1881   -1   1933   1
c  1932   -1   1833   1
c  1732   -1   1781   1
c  1732   -1   1734   1
c  2225   -1   2276   1
c  2225   -1   2375   1
c  2176   -1   2127   1
c  2176   -1   2174   1
c  2226   -1   2277   1
c  2226   -1   2177   1
c  2274   -1   2276   1
c  2274   -1   2272   1
c  2372   -1   2272   1
c  2373   -1   2424   1
c  2373   -1   2272   1
c  2323   -1   2372   1
c  2323   -1   2274   1
c  2324   -1   2224   1
c  2324   -1   2424   1
c  2180   -1   2129   1
c  2180   -1   2131   1
c  2229   -1   2180   1
c  2229   -1   2280   1
c  2280   -1   2231   1
c  2280   -1   2181   1
c  2231   -1   2282   1
c  2231   -1   2332   1
c  2179   -1   2230   1
c  2179   -1   2130   1
c  2228   -1   2179   1
c  2228   -1   2079   1
c  2078   -1   2127   1
c  2078   -1   2076   1
c  2371   -1   2322   1
c  2371   -1   2320   1
c  2469   -1   2471   1
c  2469   -1   2421   1
c  2420   -1   2418   1
c  2420   -1   2469   1
c  2468   -1   2419   1
c  2468   -1   2417   1
c  2470   -1   2419   1
c  2470   -1   2370   1
c  2421   -1   2423   1
c  2421   -1   2322   1
c  1534   -1   1583   1
c  1534   -1   1585   1
c  1686   -1   1735   1
c  1686   -1   1533   1
c  1485   -1   1536   1
c  1485   -1   1584   1
c  1486   -1   1484   1
c  1486   -1   1435   1
c  1436   -1   1487   1
c  1436   -1   1537   1
c  1437   -1   1488   1
c  1437   -1   1538   1
c  1290   -1   1239   1
c  1290   -1   1390   1
c  1339   -1   1388   1
c  1339   -1   1341   1
c  1291   -1   1242   1
c  1291   -1   1243   1
c  1242   -1   1142   1
c  1242   -1   1194   1
c  1389   -1   1391   1
c  1389   -1   1394   1
c  1390   -1   1341   1
c  1390   -1   1388   1
c  1193   -1   1244   1
c  1193   -1   1245   1
c  1341   -1   1292   1
c  1341   -1   1290   1
c  1438   -1   1389   1
c  1438   -1   1538   1
c  1439   -1   1488   1
c  1439   -1   1391   1
c  850   -1   899   1
c  850   -1   799   1
c  1143   -1   1192   1
c  1143   -1   1194   1
c  1243   -1   1142   1
c  1144   -1   1095   1
c  1144   -1   1045   1
c  1096   -1   1045   1
c  1096   -1   1047   1
c  1047   -1   1045   1
c  1047   -1   996   1
c  1145   -1   1143   1
c  1145   -1   1196   1
c  1195   -1   1144   1
c  1195   -1   1193   1
c  1194   -1   1243   1
c  1194   -1   1296   1
c  997   -1   999   1
c  997   -1   896   1
c  1048   -1   1099   1
c  1048   -1   1097   1
c  948   -1   899   1
c  948   -1   897   1
c  998   -1   947   1
c  998   -1   949   1
c  999   -1   1048   1
c  999   -1   1050   1
c  950   -1   999   1
c  950   -1   998   1
c  1000   -1   949   1
c  1000   -1   948   1
c  1050   -1   1099   1
c  1050   -1   1149   1
c  1099   -1   1249   1
c  1099   -1   1250   1
c  1150   -1   1099   1
c  1150   -1   1199   1
c  1149   -1   1249   1
c  1146   -1   1047   1
c  900   -1   1000   1
c  1585   -1   1632   1
c  1733   -1   1782   1
c  1733   -1   1635   1
c  1782   -1   1682   1
c  1782   -1   1831   1
c  1584   -1   1684   1
c  1584   -1   1733   1
c  1634   -1   1585   1
c  1634   -1   1683   1
c  2459   -1   2408   1
c  2459   -1   2358   1
c  2458   -1   2456   1
c  2458   -1   2406   1
c  2177   -1   2327   1
c  2177   -1   2275   1
c  2029   -1   2078   1
c  2079   -1   2127   1
c  2128   -1   2177   1
c  2128   -1   2228   1
c  2130   -1   2181   1
c  2130   -1   2182   1
c  1980   -1   2081   1
c  2030   -1   1930   1
c  2031   -1   2082   1
c  2031   -1   2131   1
c  1982   -1   1984   1
c  1982   -1   1985   1
c  2081   -1   1981   1
c  2032   -1   1981   1
c  2032   -1   2081   1
c  1834   -1   1934   1
c  1834   -1   1931   1
c  1832   -1   1783   1
c  1832   -1   1883   1
c  1882   -1   1833   1
c  1882   -1   1933   1
c  1933   -1   1984   1
c  1684   -1   1784   1
c  1684   -1   1783   1
c  1883   -1   1932   1
c  1983   -1   1934   1
c  1983   -1   1932   1
c  1833   -1   1884   1
c  1833   -1   1933   1
c  1734   -1   1785   1
c  1734   -1   1835   1
c  2275   -1   2226   1
c  2275   -1   2326   1
c  2276   -1   2176   1
c  2375   -1   2424   1
c  2375   -1   2427   1
c  2227   -1   2276   1
c  2227   -1   2279   1
c  2277   -1   2328   1
c  2277   -1   2228   1
c  2422   -1   2424   1
c  2422   -1   2371   1
c  2423   -1   2472   1
c  2374   -1   2425   1
c  2374   -1   2325   1
c  2424   -1   2475   1
c  2424   -1   2473   1
c  2325   -1   2425   1
c  2325   -1   2376   1
c  2426   -1   2424   1
c  2426   -1   2324   1
c  2181   -1   2232   1
c  2178   -1   2180   1
c  2178   -1   2227   1
c  2182   -1   2180   1
c  2132   -1   2181   1
c  2132   -1   2180   1
c  2131   -1   2182   1
c  2131   -1   2232   1
c  2279   -1   2277   1
c  2279   -1   2379   1
c  2330   -1   2379   1
c  2330   -1   2326   1
c  2281   -1   2279   1
c  2331   -1   2280   1
c  2331   -1   2279   1
c  2382   -1   2330   1
c  2382   -1   2280   1
c  2232   -1   2281   1
c  2232   -1   2283   1
c  2283   -1   2234   1
c  2283   -1   2231   1
c  2332   -1   2383   1
c  2332   -1   2384   1
c  2278   -1   2329   1
c  2278   -1   2379   1
c  2471   -1   2420   1
c  2471   -1   2422   1
c  2472   -1   2421   1
c  1535   -1   1584   1
c  1535   -1   1586   1
c  1636   -1   1687   1
c  1636   -1   1587   1
c  1685   -1   1634   1
c  1685   -1   1486   1
c  1736   -1   1787   1
c  1687   -1   1738   1
c  1687   -1   1736   1
c  1786   -1   1735   1
c  1786   -1   1686   1
c  1735   -1   1733   1
c  1735   -1   1687   1
c  1586   -1   1485   1
c  1536   -1   1585   1
c  1536   -1   1538   1
c  1487   -1   1538   1
c  1487   -1   1539   1
c  1537   -1   1438   1
c  1488   -1   1537   1
c  1488   -1   1637   1
c  1538   -1   1535   1
c  1340   -1   1389   1
c  1340   -1   1439   1
c  1292   -1   1343   1
c  1292   -1   1344   1
c  1342   -1   1293   1
c  1342   -1   1242   1
c  1293   -1   1242   1
c  1293   -1   1244   1
c  1391   -1   1442   1
c  1394   -1   1445   1
c  1440   -1   1438   1
c  1440   -1   1491   1
c  1490   -1   1390   1
c  1490   -1   1439   1
c  1344   -1   1244   1
c  1344   -1   1193   1
c  1244   -1   1195   1
c  1244   -1   1196   1
c  1245   -1   1296   1
c  1245   -1   1345   1
c  1441   -1   1341   1
c  1441   -1   1492   1
c  1392   -1   1341   1
c  1392   -1   1340   1
c  1489   -1   1438   1
c  1489   -1   1540   1
c  1539   -1   1490   1
c  1539   -1   1439   1
c  1343   -1   1243   1
c  1343   -1   1244   1
c  1097   -1   1148   1
c  1097   -1   1198   1
c  1196   -1   1096   1
c  1196   -1   1345   1
c  1147   -1   1096   1
c  1147   -1   1047   1
c  1098   -1   1147   1
c  1098   -1   1145   1
c  1296   -1   1396   1
c  1049   -1   1000   1
c  1049   -1   1149   1
c  1148   -1   1099   1
c  1148   -1   1199   1
c  1249   -1   1300   1
c  1249   -1   1148   1
c  1250   -1   1248   1
c  1250   -1   1198   1
c  1200   -1   1249   1
c  1200   -1   1198   1
c  1299   -1   1348   1
c  1299   -1   1150   1
c  1199   -1   1248   1
c  1199   -1   1247   1
c  1635   -1   1684   1
c  1635   -1   1735   1
c  1637   -1   1586   1
c  1637   -1   1585   1
c  1783   -1   1734   1
c  1783   -1   1785   1
c  1785   -1   1733   1
c  2327   -1   2325   1
c  2327   -1   2376   1
c  2080   -1   2031   1
c  2080   -1   2032   1
c  2082   -1   2084   1
c  2082   -1   2085   1
c  1984   -1   1986   1
c  1984   -1   1936   1
c  1985   -1   1987   1
c  1985   -1   2037   1
c  2033   -1   2084   1
c  2033   -1   2085   1
c  2034   -1   2032   1
c  2034   -1   1985   1
c  1784   -1   1835   1
c  1884   -1   1935   1
c  1835   -1   1786   1
c  1835   -1   1886   1
c  1885   -1   1834   1
c  1885   -1   1836   1
c  1836   -1   1834   1
c  1836   -1   1784   1
c  1934   -1   1833   1
c  2326   -1   2277   1
c  2425   -1   2376   1
c  2425   -1   2474   1
c  2376   -1   2424   1
c  2376   -1   2423   1
c  2427   -1   2378   1
c  2427   -1   2376   1
c  2328   -1   2227   1
c  2329   -1   2227   1
c  2377   -1   2426   1
c  2377   -1   2277   1
c  2473   -1   2475   1
c  2474   -1   2476   1
c  2475   -1   2426   1
c  2475   -1   2477   1
c  2476   -1   2425   1
c  2476   -1   2427   1
c  2477   -1   2426   1
c  2477   -1   2376   1
c  2183   -1   2083   1
c  2183   -1   2033   1
c  2133   -1   2184   1
c  2133   -1   2235   1
c  2083   -1   2132   1
c  2083   -1   2235   1
c  2379   -1   2331   1
c  2380   -1   2377   1
c  2380   -1   2327   1
c  2381   -1   2330   1
c  2381   -1   2429   1
c  2432   -1   2481   1
c  2432   -1   2483   1
c  2383   -1   2385   1
c  2383   -1   2432   1
c  2431   -1   2382   1
c  2431   -1   2433   1
c  2433   -1   2382   1
c  2433   -1   2384   1
c  2233   -1   2284   1
c  2233   -1   2282   1
c  2333   -1   2284   1
c  2333   -1   2335   1
c  2284   -1   2335   1
c  2284   -1   2385   1
c  2385   -1   2436   1
c  2385   -1   2283   1
c  2234   -1   2285   1
c  2483   -1   2332   1
c  2483   -1   2334   1
c  2384   -1   2435   1
c  2384   -1   2484   1
c  1588   -1   1639   1
c  1588   -1   1636   1
c  1587   -1   1589   1
c  1587   -1   1638   1
c  1737   -1   1786   1
c  1737   -1   1836   1
c  1787   -1   1741   1
c  1787   -1   1790   1
c  1688   -1   1637   1
c  1688   -1   1790   1
c  1738   -1   1790   1
c  1738   -1   1840   1
c  1837   -1   1786   1
c  1837   -1   1988   1
c  1442   -1   1393   1
c  1442   -1   1342   1
c  1294   -1   1345   1
c  1294   -1   1245   1
c  1393   -1   1293   1
c  1393   -1   1294   1
c  1444   -1   1442   1
c  1444   -1   1493   1
c  1395   -1   1344   1
c  1395   -1   1295   1
c  1345   -1   1394   1
c  1345   -1   1343   1
c  1445   -1   1543   1
c  1491   -1   1540   1
c  1491   -1   1539   1
c  1540   -1   1542   1
c  1541   -1   1590   1
c  1541   -1   1490   1
c  1295   -1   1297   1
c  1295   -1   1396   1
c  1246   -1   1295   1
c  1246   -1   1345   1
c  1492   -1   1543   1
c  1492   -1   1541   1
c  1589   -1   1689   1
c  1589   -1   1688   1
c  1198   -1   1247   1
c  1198   -1   1249   1
c  1197   -1   1148   1
c  1197   -1   1199   1
c  1346   -1   1397   1
c  1346   -1   1395   1
c  1297   -1   1395   1
c  1248   -1   1297   1
c  1248   -1   1296   1
c  1396   -1   1497   1
c  1298   -1   1249   1
c  1298   -1   1300   1
c  1300   -1   1349   1
c  1300   -1   1200   1
c  1349   -1   1250   1
c  1348   -1   1400   1
c  1247   -1   1295   1
c  1247   -1   1348   1
c  1638   -1   1738   1
c  1638   -1   1589   1
c  2378   -1   2327   1
c  2378   -1   2429   1
c  2184   -1   2083   1
c  2184   -1   2082   1
c  2084   -1   2184   1
c  2084   -1   2086   1
c  2085   -1   2034   1
c  2085   -1   2136   1
c  1935   -1   1986   1
c  1935   -1   1984   1
c  1986   -1   2035   1
c  1986   -1   2085   1
c  1936   -1   1987   1
c  1936   -1   1991   1
c  2035   -1   2086   1
c  2035   -1   2084   1
c  2036   -1   1985   1
c  2036   -1   2087   1
c  1987   -1   1989   1
c  1987   -1   2088   1
c  2037   -1   2086   1
c  2037   -1   2186   1
c  1886   -1   1937   1
c  1886   -1   1987   1
c  1887   -1   1885   1
c  1887   -1   1935   1
c  2428   -1   2430   1
c  2428   -1   2480   1
c  2478   -1   2480   1
c  2134   -1   2085   1
c  2134   -1   2136   1
c  2235   -1   2184   1
c  2235   -1   2237   1
c  2429   -1   2478   1
c  2429   -1   2380   1
c  2479   -1   2379   1
c  2480   -1   2429   1
c  2480   -1   2379   1
c  2430   -1   2479   1
c  2482   -1   2433   1
c  2482   -1   2381   1
c  2481   -1   2479   1
c  2481   -1   2428   1
c  2336   -1   2385   1
c  2336   -1   2383   1
c  2434   -1   2485   1
c  2434   -1   2335   1
c  2435   -1   2433   1
c  2435   -1   2484   1
c  2437   -1   2435   1
c  2437   -1   2433   1
c  2334   -1   2434   1
c  2334   -1   2435   1
c  2386   -1   2334   1
c  2386   -1   2333   1
c  2335   -1   2386   1
c  2335   -1   2384   1
c  2285   -1   2236   1
c  2236   -1   2187   1
c  2236   -1   2284   1
c  2187   -1   2136   1
c  2187   -1   2284   1
c  2286   -1   2385   1
c  2286   -1   2384   1
c  2485   -1   2385   1
c  2485   -1   2436   1
c  2484   -1   2385   1
c  2436   -1   2387   1
c  2436   -1   2336   1
c  2135   -1   2186   1
c  2135   -1   2234   1
c  2186   -1   2237   1
c  2186   -1   2234   1
c  1639   -1   1690   1
c  1639   -1   1740   1
c  1838   -1   1787   1
c  1838   -1   1737   1
c  1788   -1   1740   1
c  1741   -1   1690   1
c  1741   -1   1792   1
c  1790   -1   1788   1
c  1790   -1   1689   1
c  1689   -1   1789   1
c  1689   -1   1638   1
c  1739   -1   1788   1
c  1739   -1   1840   1
c  1789   -1   1738   1
c  1789   -1   1740   1
c  1840   -1   1891   1
c  1840   -1   1892   1
c  1988   -1   2037   1
c  1988   -1   1937   1
c  1443   -1   1494   1
c  1443   -1   1445   1
c  1543   -1   1443   1
c  1543   -1   1442   1
c  1494   -1   1496   1
c  1448   -1   1597   1
c  1448   -1   1444   1
c  1493   -1   1643   1
c  1495   -1   1546   1
c  1495   -1   1446   1
c  1446   -1   1397   1
c  1446   -1   1347   1
c  1590   -1   1641   1
c  1590   -1   1542   1
c  1542   -1   1493   1
c  1542   -1   1593   1
c  1591   -1   1542   1
c  1591   -1   1543   1
c  1640   -1   1591   1
c  1640   -1   1589   1
c  1347   -1   1398   1
c  1347   -1   1396   1
c  1397   -1   1399   1
c  1397   -1   1449   1
c  1447   -1   1498   1
c  1447   -1   1396   1
c  1499   -1   1550   1
c  1499   -1   1396   1
c  1497   -1   1597   1
c  1497   -1   1598   1
c  1350   -1   1399   1
c  1350   -1   1448   1
c  1399   -1   1450   1
c  1398   -1   1400   1
c  1398   -1   1497   1
c  1400   -1   1449   1
c  1400   -1   1499   1
c  2185   -1   2285   1
c  2185   -1   2236   1
c  2086   -1   2038   1
c  1937   -1   2035   1
c  1937   -1   2085   1
c  1991   -1   1940   1
c  1991   -1   2092   1
c  2087   -1   2136   1
c  2087   -1   2135   1
c  1989   -1   2038   1
c  1989   -1   2090   1
c  2088   -1   2039   1
c  2088   -1   2139   1
c  2038   -1   2040   1
c  2138   -1   2087   1
c  2138   -1   2037   1
c  2189   -1   2289   1
c  2189   -1   2037   1
c  1888   -1   1939   1
c  1888   -1   1937   1
c  1839   -1   1788   1
c  1839   -1   1887   1
c  2237   -1   2288   1
c  2337   -1   2288   1
c  2337   -1   2388   1
c  2387   -1   2336   1
c  2387   -1   2438   1
c  2487   -1   2436   1
c  2438   -1   2487   1
c  2438   -1   2489   1
c  2486   -1   2437   1
c  2486   -1   2488   1
c  2488   -1   2437   1
c  2439   -1   2488   1
c  2439   -1   2437   1
c  2137   -1   2237   1
c  2137   -1   2186   1
c  2188   -1   2237   1
c  2188   -1   2288   1
c  2287   -1   2289   1
c  2287   -1   2189   1
c  1690   -1   1790   1
c  1690   -1   1739   1
c  1740   -1   1691   1
c  1740   -1   1692   1
c  1889   -1   1938   1
c  1889   -1   1838   1
c  1691   -1   1791   1
c  1691   -1   1689   1
c  1791   -1   1840   1
c  1742   -1   1691   1
c  1742   -1   1791   1
c  1743   -1   1792   1
c  1743   -1   1741   1
c  1792   -1   1892   1
c  1890   -1   1841   1
c  1890   -1   1989   1
c  1841   -1   1892   1
c  1841   -1   1792   1
c  1940   -1   1840   1
c  1940   -1   1839   1
c  1842   -1   1791   1
c  1842   -1   1840   1
c  1891   -1   1889   1
c  1891   -1   1939   1
c  1892   -1   1941   1
c  1892   -1   1895   1
c  1938   -1   1989   1
c  1544   -1   1493   1
c  1544   -1   1443   1
c  1593   -1   1544   1
c  1592   -1   1543   1
c  1592   -1   1544   1
c  1594   -1   1645   1
c  1594   -1   1494   1
c  1545   -1   1496   1
c  1545   -1   1494   1
c  1496   -1   1547   1
c  1496   -1   1596   1
c  1498   -1   1500   1
c  1498   -1   1449   1
c  1449   -1   1500   1
c  1449   -1   1549   1
c  1450   -1   1448   1
c  1450   -1   1398   1
c  1595   -1   1448   1
c  1595   -1   1398   1
c  1597   -1   1546   1
c  1597   -1   1496   1
c  1643   -1   1592   1
c  1643   -1   1594   1
c  1546   -1   1497   1
c  1546   -1   1498   1
c  1641   -1   1692   1
c  1641   -1   1592   1
c  1693   -1   1640   1
c  1549   -1   1600   1
c  1549   -1   1650   1
c  1500   -1   1549   1
c  1500   -1   1548   1
c  1550   -1   1450   1
c  1547   -1   1598   1
c  1547   -1   1647   1
c  1598   -1   1649   1
c  1598   -1   1500   1
c  1941   -1   1889   1
c  1941   -1   1842   1
c  1990   -1   1890   1
c  1990   -1   2091   1
c  2041   -1   1990   1
c  1992   -1   1990   1
c  1992   -1   2041   1
c  1942   -1   1891   1
c  1942   -1   1991   1
c  2092   -1   2043   1
c  2092   -1   1993   1
c  1939   -1   1941   1
c  2039   -1   1990   1
c  2039   -1   2139   1
c  2040   -1   1989   1
c  2040   -1   1939   1
c  2090   -1   2139   1
c  2090   -1   2141   1
c  2089   -1   2140   1
c  2089   -1   2141   1
c  2140   -1   2138   1
c  2140   -1   2088   1
c  2139   -1   2239   1
c  2139   -1   2188   1
c  2239   -1   2288   1
c  2239   -1   2290   1
c  2190   -1   2090   1
c  2190   -1   2039   1
c  2238   -1   2189   1
c  2238   -1   2289   1
c  2241   -1   2189   1
c  2241   -1   2188   1
c  2289   -1   2340   1
c  2288   -1   2339   1
c  2338   -1   2389   1
c  2338   -1   2439   1
c  2388   -1   2287   1
c  2489   -1   2388   1
c  2389   -1   2340   1
c  2389   -1   2489   1
c  2440   -1   2339   1
c  2440   -1   2442   1
c  2391   -1   2440   1
c  2391   -1   2439   1
c  2491   -1   2439   1
c  1692   -1   1643   1
c  1642   -1   1691   1
c  1642   -1   1693   1
c  1793   -1   1744   1
c  1793   -1   1742   1
c  1794   -1   1743   1
c  1794   -1   1742   1
c  1744   -1   1644   1
c  1744   -1   1693   1
c  1843   -1   1892   1
c  1843   -1   1894   1
c  1893   -1   1895   1
c  1895   -1   1847   1
c  1895   -1   1797   1
c  1644   -1   1593   1
c  1644   -1   1595   1
c  1596   -1   1594   1
c  1596   -1   1593   1
c  1645   -1   1694   1
c  1645   -1   1843   1
c  1548   -1   1597   1
c  1548   -1   1599   1
c  1695   -1   1595   1
c  1695   -1   1744   1
c  1647   -1   1598   1
c  1647   -1   1699   1
c  1648   -1   1599   1
c  1648   -1   1597   1
c  1600   -1   1597   1
c  1600   -1   1698   1
c  1694   -1   1745   1
c  1696   -1   1744   1
c  1696   -1   1693   1
c  1599   -1   1699   1
c  1599   -1   1698   1
c  1650   -1   1599   1
c  1650   -1   1548   1
c  1649   -1   1749   1
c  1649   -1   1600   1
c  2091   -1   2142   1
c  2091   -1   2140   1
c  2042   -1   2093   1
c  1993   -1   2042   1
c  1993   -1   2044   1
c  1943   -1   1994   1
c  1943   -1   2043   1
c  1944   -1   1942   1
c  1944   -1   1895   1
c  2142   -1   2191   1
c  2142   -1   2140   1
c  2093   -1   2144   1
c  2093   -1   2193   1
c  2141   -1   2092   1
c  2141   -1   2093   1
c  2143   -1   2194   1
c  2143   -1   2092   1
c  2144   -1   2142   1
c  2144   -1   2092   1
c  2043   -1   1995   1
c  2240   -1   2191   1
c  2240   -1   2242   1
c  2290   -1   2241   1
c  2290   -1   2191   1
c  2191   -1   2193   1
c  2191   -1   2242   1
c  2242   -1   2291   1
c  2242   -1   2392   1
c  2339   -1   2392   1
c  2339   -1   2441   1
c  2340   -1   2291   1
c  2340   -1   2338   1
c  2490   -1   2441   1
c  2490   -1   2442   1
c  2390   -1   2441   1
c  2390   -1   2392   1
c  2441   -1   2392   1
c  2442   -1   2491   1
c  2442   -1   2493   1
c  2341   -1   2441   1
c  2341   -1   2442   1
c  2392   -1   2394   1
c  2392   -1   2292   1
c  2342   -1   2391   1
c  2342   -1   2441   1
c  2492   -1   2443   1
c  2492   -1   2342   1
c  1844   -1   1895   1
c  1844   -1   1893   1
c  1795   -1   1696   1
c  1745   -1   1696   1
c  1745   -1   1648   1
c  1894   -1   1896   1
c  1894   -1   1845   1
c  1845   -1   1796   1
c  1845   -1   1896   1
c  1945   -1   1894   1
c  1945   -1   1844   1
c  1896   -1   1795   1
c  1846   -1   1895   1
c  1846   -1   1946   1
c  1897   -1   1895   1
c  1897   -1   1999   1
c  1847   -1   1896   1
c  1847   -1   1946   1
c  1797   -1   1698   1
c  1797   -1   1648   1
c  1747   -1   1848   1
c  1747   -1   1644   1
c  1646   -1   1697   1
c  1646   -1   1648   1
c  1697   -1   1648   1
c  1697   -1   1748   1
c  1699   -1   1650   1
c  1699   -1   1648   1
c  1698   -1   1649   1
c  1748   -1   1648   1
c  1748   -1   1699   1
c  1746   -1   1795   1
c  1746   -1   1844   1
c  1798   -1   1948   1
c  1798   -1   1696   1
c  1700   -1   1749   1
c  1700   -1   1698   1
c  1749   -1   1698   1
c  1994   -1   2043   1
c  1994   -1   2046   1
c  2044   -1   2143   1
c  2044   -1   2145   1
c  2192   -1   2093   1
c  2192   -1   2043   1
c  2094   -1   1994   1
c  2094   -1   2143   1
c  2045   -1   2094   1
c  2045   -1   2093   1
c  2193   -1   2141   1
c  2195   -1   2144   1
c  2195   -1   2143   1
c  2194   -1   2294   1
c  2194   -1   2292   1
c  2145   -1   2147   1
c  1995   -1   1946   1
c  1995   -1   1947   1
c  2292   -1   2192   1
c  2292   -1   2191   1
c  2243   -1   2192   1
c  2243   -1   2291   1
c  2293   -1   2242   1
c  2293   -1   2244   1
c  2443   -1   2445   1
c  2443   -1   2448   1
c  2393   -1   2395   1
c  2393   -1   2342   1
c  2394   -1   2345   1
c  2394   -1   2343   1
c  2343   -1   2345   1
c  1796   -1   1847   1
c  1796   -1   1747   1
c  1946   -1   1897   1
c  1947   -1   1896   1
c  1947   -1   1996   1
c  1898   -1   1849   1
c  1898   -1   1947   1
c  2047   -1   1996   1
c  2047   -1   1897   1
c  1999   -1   2048   1
c  1999   -1   2098   1
c  1848   -1   1797   1
c  1848   -1   1799   1
c  1799   -1   1748   1
c  1799   -1   1797   1
c  1750   -1   1799   1
c  1750   -1   1748   1
c  1948   -1   1950   1
c  1948   -1   1900   1
c  1800   -1   1749   1
c  1800   -1   1849   1
c  1850   -1   1799   1
c  1850   -1   1749   1
c  2046   -1   2097   1
c  2046   -1   2048   1
c  2095   -1   2046   1
c  2095   -1   2044   1
c  1996   -1   2045   1
c  1996   -1   2097   1
c  2245   -1   2344   1
c  2196   -1   2245   1
c  2196   -1   2244   1
c  2244   -1   2195   1
c  2244   -1   2295   1
c  2146   -1   2195   1
c  2146   -1   2099   1
c  2294   -1   2394   1
c  2294   -1   2343   1
c  2096   -1   2145   1
c  2096   -1   2246   1
c  2147   -1   2247   1
c  2147   -1   2196   1
c  2344   -1   2293   1
c  2344   -1   2346   1
c  2444   -1   2493   1
c  2445   -1   2297   1
c  2445   -1   2349   1
c  2494   -1   2496   1
c  2494   -1   2445   1
c  2395   -1   2344   1
c  2395   -1   2444   1
c  2345   -1   2396   1
c  2345   -1   2397   1
c  1997   -1   2048   1
c  1997   -1   1999   1
c  1899   -1   1999   1
c  1899   -1   1998   1
c  1900   -1   1898   1
c  1950   -1   1898   1
c  1849   -1   1900   1
c  1849   -1   1950   1
c  2097   -1   2196   1
c  2097   -1   2149   1
c  2048   -1   2099   1
c  1998   -1   2049   1
c  1998   -1   2047   1
c  1949   -1   1998   1
c  1949   -1   1997   1
c  2049   -1   2100   1
c  2049   -1   2000   1
c  2000   -1   1949   1
c  2000   -1   1948   1
c  2098   -1   2049   1
c  2098   -1   2149   1
c  2295   -1   2246   1
c  2295   -1   2199   1
c  2246   -1   2346   1
c  2246   -1   2345   1
c  2197   -1   2248   1
c  2197   -1   2297   1
c  2297   -1   2246   1
c  2297   -1   2196   1
c  2099   -1   2148   1
c  2099   -1   2150   1
c  2148   -1   2049   1
c  2247   -1   2298   1
c  2247   -1   2296   1
c  2346   -1   2297   1
c  2346   -1   2446   1
c  2496   -1   2445   1
c  2496   -1   2444   1
c  2495   -1   2446   1
c  2495   -1   2497   1
c  2446   -1   2448   1
c  2446   -1   2395   1
c  2497   -1   2396   1
c  2497   -1   2445   1
c  2349   -1   2300   1
c  2349   -1   2197   1
c  2398   -1   2447   1
c  2398   -1   2446   1
c  2447   -1   2297   1
c  2447   -1   2348   1
c  2498   -1   2496   1
c  2498   -1   2447   1
c  2449   -1   2398   1
c  2449   -1   2498   1
c  2399   -1   2448   1
c  2399   -1   2447   1
c  2499   -1   2448   1
c  2499   -1   2399   1
c  2396   -1   2447   1
c  2396   -1   2499   1
c  2296   -1   2298   1
c  2296   -1   2345   1
c  2347   -1   2345   1
c  2347   -1   2295   1
c  2397   -1   2346   1
c  2397   -1   2446   1
c  2149   -1   2200   1
c  2149   -1   2198   1
c  2100   -1   2048   1
c  2050   -1   2150   1
c  2050   -1   2200   1
c  2198   -1   2098   1
c  2198   -1   2247   1
c  2199   -1   2197   1
c  2248   -1   2199   1
c  2248   -1   2246   1
c  2298   -1   2347   1
c  2298   -1   2249   1
c  2348   -1   2297   1
c  2348   -1   2397   1
c  2150   -1   2199   1
c  2150   -1   2198   1
c  2299   -1   2348   1
c  2299   -1   2398   1
c  2350   -1   2450   1
c  2350   -1   2449   1
c  2300   -1   2200   1
c  2300   -1   2248   1
c  2500   -1   2498   1
c  2500   -1   2449   1
c  2450   -1   2499   1
c  2450   -1   2399   1
c  2400   -1   2449   1
c  2400   -1   2499   1
c  2200   -1   2249   1
c  2249   -1   2150   1
c  2250   -1   2248   1
c  2250   -1   2199   1
r  1   52   101   2
c  51   -1   53   2
r  2   51   53   2
c  102   -1   1   2
r  101   52   53   2
c  52   -1   103   2
r  3   51   102   2
c  201   -1   252   2
r  54   5   102   2
r  151   202   102   2
r  4   55   105   2
c  55   -1   103   2
c  202   -1   104   2
c  106   -1   152   2
r  105   152   153   2
c  253   -1   351   2
c  59   -1   107   2
c  56   -1   58   2
r  206   155   157   2
r  254   256   306   2
r  6   57   107   2
r  301   252   353   2
c  353   -1   204   2
r  352   255   303   2
c  158   -1   160   2
r  9   60   108   2
c  109   -1   8   2
c  60   -1   112   2
c  60   -1   113   2
c  161   -1   59   2
r  7   55   159   2
c  357   -1   256   2
r  159   157   108   2
r  212   112   108   2
r  110   159   112   2
r  403   505   452   2
c  402   -1   503   2
r  356   307   304   2
c  62   -1   162   2
c  261   -1   263   2
c  259   -1   360   2
c  260   -1   159   2
r  451   402   504   2
r  453   455   404   2
c  506   -1   403   2
c  503   -1   451   2
r  13   62   112   2
r  63   112   164   2
c  311   -1   460   2
c  458   -1   608   2
c  312   -1   363   2
c  265   -1   318   2
c  501   -1   602   2
r  502   402   554   2
c  551   -1   453   2
r  553   604   601   2
c  464   -1   360   2
r  65   116   164   2
r  116   167   164   2
c  167   -1   164   2
r  411   360   362   2
r  601   552   702   2
c  654   -1   454   2
c  604   -1   655   2
c  656   -1   658   2
c  658   -1   709   2
c  603   -1   601   2
r  461   561   660   2
c  463   -1   364   2
c  514   -1   414   2
r  17   20   71   2
r  117   15   166   2
c  462   -1   514   2
c  702   -1   653   2
r  704   804   652   2
c  660   -1   611   2
c  562   -1   610   2
r  511   612   560   2
c  759   -1   810   2
c  757   -1   709   2
c  805   -1   706   2
c  564   -1   616   2
c  169   -1   218   2
c  219   -1   170   2
r  270   319   171   2
r  420   471   369   2
r  703   752   751   2
c  802   -1   902   2
r  751   802   702   2
c  753   -1   702   2
c  762   -1   611   2
c  663   -1   760   2
r  806   858   754   2
c  807   -1   755   2
c  908   -1   857   2
c  615   -1   663   2
r  666   715   515   2
r  20   71   22   2
c  221   -1   122   2
c  23   -1   173   2
c  76   -1   22   2
c  76   -1   72   2
c  374   -1   371   2
r  222   173   122   2
c  521   -1   569   2
c  619   -1   769   2
c  522   -1   520   2
c  472   -1   520   2
r  801   901   853   2
c  901   -1   854   2
r  951   1003   751   2
c  860   -1   811   2
c  664   -1   715   2
r  903   754   954   2
c  953   -1   951   2
c  715   -1   616   2
c  617   -1   665   2
r  24   22   75   2
c  123   -1   23   2
r  125   174   122   2
c  80   -1   76   2
c  224   -1   75   2
c  373   -1   276   2
c  524   -1   573   2
c  174   -1   126   2
r  668   719   768   2
r  622   573   523   2
r  573   575   522   2
c  1002   -1   1104   2
c  862   -1   914   2
c  865   -1   1016   2
c  912   -1   1011   2
c  864   -1   816   2
c  1008   -1   1158   2
c  1009   -1   1060   2
r  1003   903   1103   2
c  766   -1   768   2
c  815   -1   915   2
c  81   -1   33   2
r  29   129   81   2
c  129   -1   228   2
r  31   82   133   2
c  225   -1   277   2
c  325   -1   426   2
c  428   -1   326   2
c  719   -1   818   2
c  720   -1   919   2
c  818   -1   718   2
c  1104   -1   1102   2
c  1012   -1   1111   2
c  1013   -1   1061   2
c  1106   -1   1157   2
c  1152   -1   1252   2
r  85   131   33   2
r  179   231   131   2
r  82   33   84   2
r  32   81   133   2
c  478   -1   475   2
c  429   -1   427   2
c  429   -1   528   2
c  132   -1   228   2
c  527   -1   575   2
c  822   -1   722   2
r  772   824   823   2
c  868   -1   870   2
c  869   -1   818   2
c  871   -1   772   2
c  1069   -1   870   2
r  1205   1154   1052   2
r  1154   1054   1251   2
c  1018   -1   1117   2
c  918   -1   967   2
r  1066   1117   1064   2
r  1115   1066   1016   2
c  1065   -1   1114   2
c  1111   -1   1060   2
c  1112   -1   1063   2
c  1160   -1   1208   2
r  1208   1259   1210   2
c  1204   -1   1253   2
c  1251   -1   1352   2
r  1254   1252   1251   2
r  1151   1302   1252   2
c  84   -1   133   2
c  86   -1   185   2
r  34   134   135   2
c  230   -1   179   2
c  232   -1   283   2
c  233   -1   83   2
r  134   87   132   2
c  234   -1   134   2
c  280   -1   382   2
c  331   -1   431   2
r  382   281   331   2
r  626   677   628   2
c  628   -1   726   2
r  627   726   576   2
c  875   -1   724   2
c  921   -1   1022   2
r  971   1071   1072   2
c  1170   -1   1069   2
r  1201   1352   1302   2
r  1301   1352   1305   2
c  1306   -1   1304   2
c  1067   -1   1114   2
c  1262   -1   1210   2
c  1308   -1   1261   2
c  1259   -1   1210   2
r  1253   1251   1352   2
c  1303   -1   1202   2
c  1355   -1   1353   2
r  36   85   135   2
c  87   -1   39   2
c  186   -1   138   2
c  332   -1   383   2
c  284   -1   431   2
c  578   -1   530   2
c  531   -1   582   2
c  630   -1   581   2
r  677   578   728   2
c  1022   -1   974   2
c  974   -1   922   2
r  973   971   1070   2
r  1501   1452   1305   2
c  1452   -1   1404   2
c  1452   -1   1603   2
c  1265   -1   1365   2
r  1362   1261   1259   2
c  1459   -1   1508   2
c  1363   -1   1316   2
c  1363   -1   1267   2
c  137   -1   140   2
r  187   138   87   2
r  138   86   37   2
c  90   -1   87   2
r  39   37   140   2
r  189   140   192   2
r  634   683   582   2
c  434   -1   432   2
c  434   -1   334   2
c  384   -1   483   2
c  729   -1   880   2
c  975   -1   873   2
c  975   -1   977   2
c  1076   -1   1024   2
c  926   -1   878   2
c  878   -1   829   2
r  731   729   780   2
c  1023   -1   923   2
r  1216   1267   1316   2
r  1221   1223   1374   2
r  1318   1269   1220   2
c  1502   -1   1553   2
r  1551   1651   1602   2
c  1603   -1   1651   2
c  1513   -1   1565   2
c  1461   -1   1310   2
r  337   286   388   2
r  40   139   138   2
r  41   90   140   2
c  92   -1   90   2
c  190   -1   143   2
c  584   -1   532   2
r  681   581   729   2
c  683   -1   632   2
r  485   332   385   2
c  833   -1   682   2
c  781   -1   683   2
c  1126   -1   1026   2
r  1177   1226   1078   2
c  978   -1   879   2
c  1371   -1   1270   2
c  1224   -1   1275   2
r  1503   1604   1552   2
c  1653   -1   1552   2
c  1701   -1   1602   2
c  1651   -1   1702   2
r  1565   1614   1516   2
c  1617   -1   1614   2
c  1713   -1   1614   2
c  1566   -1   1614   2
r  1609   1509   1708   2
r  1607   1556   1559   2
c  1556   -1   1559   2
r  95   195   92   2
r  341   392   289   2
c  391   -1   289   2
c  242   -1   294   2
c  389   -1   490   2
r  733   884   834   2
c  487   -1   586   2
c  783   -1   735   2
c  834   -1   782   2
c  930   -1   830   2
c  1028   -1   929   2
c  1081   -1   929   2
r  1127   1176   1026   2
r  1469   1418   1369   2
c  1424   -1   1475   2
c  1376   -1   1427   2
c  1425   -1   1575   2
r  1703   1802   1803   2
r  1752   1803   1754   2
c  1606   -1   1505   2
r  1655   1604   1703   2
c  1805   -1   1654   2
c  1568   -1   1467   2
c  1660   -1   1758   2
r  1710   1759   1659   2
c  537   -1   437   2
c  488   -1   539   2
r  43   92   95   2
c  291   -1   391   2
r  195   248   294   2
c  244   -1   144   2
c  96   -1   94   2
c  96   -1   44   2
r  44   93   145   2
r  47   96   98   2
c  197   -1   95   2
r  146   47   97   2
c  392   -1   394   2
c  343   -1   395   2
r  246   294   346   2
r  587   435   538   2
c  538   -1   541   2
c  837   -1   936   2
c  690   -1   638   2
r  933   882   982   2
r  932   880   930   2
c  1277   -1   1176   2
r  1180   1231   1278   2
r  1326   1427   1175   2
r  1470   1422   1419   2
r  1519   1619   1570   2
c  1474   -1   1527   2
c  1525   -1   1622   2
c  1803   -1   1756   2
r  1801   1852   1803   2
c  1852   -1   1752   2
r  1953   1902   2001   2
c  1904   -1   1804   2
r  1954   1902   2001   2
r  1854   1803   1754   2
c  1806   -1   1855   2
c  1765   -1   1665   2
c  1815   -1   1766   2
c  1865   -1   1765   2
c  1717   -1   1715   2
c  1767   -1   1720   2
c  1709   -1   1755   2
c  1811   -1   1759   2
r  250   349   398   2
r  97   198   145   2
r  147   199   98   2
c  199   -1   45   2
r  148   197   299   2
r  48   99   100   2
r  198   249   48   2
r  248   299   146   2
c  442   -1   494   2
c  541   -1   589   2
c  493   -1   441   2
r  297   346   349   2
c  887   -1   889   2
c  938   -1   991   2
r  789   840   889   2
c  590   -1   691   2
c  691   -1   791   2
c  741   -1   693   2
c  888   -1   941   2
r  1032   981   1084   2
r  1085   1134   982   2
c  1083   -1   1035   2
c  1328   -1   1277   2
c  1280   -1   1179   2
c  1379   -1   1430   2
c  1330   -1   1278   2
c  1329   -1   1281   2
r  1572   1623   1624   2
c  1623   -1   1524   2
c  1672   -1   1721   2
c  1673   -1   1621   2
c  1526   -1   1528   2
r  1676   1627   1727   2
c  1901   -1   2003   2
r  2003   1954   2051   2
c  2002   -1   2051   2
r  2001   2003   2103   2
c  2106   -1   2005   2
c  2106   -1   1905   2
c  2006   -1   1856   2
r  1862   1811   1960   2
c  1916   -1   1819   2
c  1868   -1   1817   2
r  1819   1917   1770   2
r  1809   1811   1711   2
c  1911   -1   1909   2
c  1860   -1   1812   2
r  1808   1812   1810   2
c  1859   -1   1910   2
r  200   300   98   2
r  300   249   98   2
c  150   -1   98   2
c  100   -1   199   2
c  298   -1   199   2
c  99   -1   199   2
r  49   100   98   2
r  50   99   149   2
c  349   -1   248   2
c  444   -1   344   2
c  445   -1   344   2
c  593   -1   791   2
c  591   -1   543   2
c  446   -1   393   2
r  396   445   297   2
c  990   -1   889   2
c  991   -1   791   2
r  743   792   739   2
c  592   -1   691   2
r  693   644   592   2
c  1086   -1   1035   2
c  1136   -1   1133   2
c  1284   -1   1185   2
c  1285   -1   1186   2
c  1285   -1   1183   2
c  1234   -1   1282   2
c  1430   -1   1432   2
c  1431   -1   1230   2
c  1771   -1   1820   2
c  1770   -1   1822   2
c  1772   -1   1720   2
c  1480   -1   1582   2
r  1531   1480   1479   2
c  1724   -1   1625   2
c  1627   -1   1675   2
c  2053   -1   2101   2
c  2103   -1   2253   2
r  2051   2103   2152   2
r  2054   2003   2002   2
r  2005   2107   2057   2
c  2056   -1   2156   2
r  2107   2105   2055   2
c  1966   -1   1869   2
c  1970   -1   1968   2
c  1970   -1   1917   2
c  2015   -1   2013   2
c  2114   -1   2013   2
c  1821   -1   1870   2
c  2010   -1   2062   2
c  397   -1   349   2
r  448   399   349   2
c  746   -1   595   2
c  597   -1   697   2
c  597   -1   649   2
r  546   548   597   2
r  497   597   449   2
c  643   -1   645   2
r  1041   992   994   2
r  992   1043   943   2
r  942   1042   994   2
c  792   -1   844   2
c  1138   -1   1187   2
c  1188   -1   1089   2
c  1774   -1   1826   2
c  1582   -1   1484   2
c  1679   -1   1630   2
c  1678   -1   1778   2
c  1729   -1   1780   2
r  1828   1779   1727   2
r  2101   2201   2152   2
r  2104   2153   2052   2
r  2153   2301   2302   2
r  2151   2153   2103   2
r  2253   2302   2205   2
c  2202   -1   2052   2
c  2058   -1   2109   2
c  2009   -1   1961   2
r  2353   2256   2406   2
c  2164   -1   2161   2
r  2218   2269   2117   2
c  2217   -1   2118   2
c  2111   -1   1963   2
r  498   450   399   2
r  500   548   448   2
c  695   -1   697   2
c  845   -1   947   2
c  893   -1   1043   2
c  894   -1   792   2
c  1141   -1   1189   2
c  1923   -1   2022   2
c  1973   -1   2021   2
c  1780   -1   1635   2
c  1829   -1   1930   2
c  2203   -1   2251   2
c  2201   -1   2205   2
c  2252   -1   2255   2
c  2301   -1   2205   2
c  2352   -1   2453   2
c  2352   -1   2304   2
c  2403   -1   2451   2
r  2354   2403   2252   2
c  2406   -1   2358   2
c  2257   -1   2309   2
c  2211   -1   2209   2
c  2161   -1   2213   2
c  2023   -1   1920   2
c  2119   -1   2171   2
r  2214   2165   2263   2
c  2268   -1   2168   2
c  2220   -1   2218   2
c  599   -1   698   2
r  700   749   799   2
r  699   599   549   2
r  648   597   699   2
r  650   549   598   2
r  799   699   797   2
r  1100   1149   1148   2
c  1240   -1   1141   2
c  1192   -1   1241   2
c  849   -1   898   2
c  899   -1   1000   2
r  1339   1341   1288   2
c  1538   -1   1387   2
r  1341   1292   1338   2
c  1927   -1   2027   2
c  2074   -1   2026   2
r  2075   2126   2124   2
c  2026   -1   2125   2
c  2171   -1   2272   2
c  1585   -1   1684   2
r  1929   1931   2027   2
r  2454   2403   2302   2
r  2402   2404   2302   2
r  2356   2407   2358   2
r  2355   2402   2406   2
c  2453   -1   2351   2
r  2401   2302   2453   2
r  2452   2401   2454   2
r  2405   2456   2402   2
c  2456   -1   2356   2
r  2407   2458   2307   2
c  2408   -1   2456   2
r  2457   2408   2307   2
r  2359   2308   2307   2
c  2460   -1   2307   2
r  2411   2362   2309   2
r  2261   2312   2360   2
r  2270   2370   2419   2
c  2315   -1   2364   2
c  2364   -1   2366   2
r  2413   2464   2415   2
c  2464   -1   2364   2
r  2415   2364   2315   2
c  2463   -1   2362   2
r  2462   2413   2364   2
c  2361   -1   2414   2
c  2465   -1   2417   2
c  2465   -1   2412   2
r  948   899   999   2
r  999   1050   947   2
r  1145   1196   1096   2
r  1099   1250   1000   2
c  1146   -1   1148   2
c  1243   -1   1342   2
c  900   -1   897   2
r  1535   1584   1637   2
c  1736   -1   1589   2
r  1687   1738   1786   2
r  1487   1538   1438   2
c  1537   -1   1437   2
c  1391   -1   1491   2
c  1394   -1   1494   2
r  1441   1341   1390   2
c  1586   -1   1588   2
r  1536   1538   1584   2
c  2125   -1   2224   2
r  2126   2028   2026   2
c  1980   -1   2029   2
r  1783   1785   1836   2
c  1785   -1   1684   2
c  1784   -1   1733   2
c  1883   -1   1782   2
r  1831   1933   1932   2
c  2030   -1   1931   2
c  1981   -1   1930   2
c  2029   -1   2077   2
c  1932   -1   1984   2
r  2455   2353   2355   2
r  2458   2406   2358   2
r  2409   2460   2407   2
r  2459   2358   2457   2
r  2362   2462   2360   2
c  2224   -1   2124   2
r  2369   2270   2467   2
c  2417   -1   2366   2
r  2271   2322   2222   2
c  2322   -1   2370   2
c  2365   -1   2314   2
r  2363   2314   2412   2
c  2466   -1   2468   2
c  1296   -1   1395   2
r  1098   1145   1198   2
c  1149   -1   1097   2
r  1198   1249   1099   2
r  1300   1349   1099   2
c  1348   -1   1148   2
r  1292   1343   1243   2
r  1294   1345   1246   2
r  1589   1688   1691   2
c  1540   -1   1589   2
r  1541   1590   1539   2
r  1444   1442   1543   2
c  1445   -1   1496   2
c  1494   -1   1543   2
c  2079   -1   2027   2
r  2179   2130   2280   2
c  2372   -1   2369   2
c  2081   -1   2180   2
c  1933   -1   1935   2
c  1884   -1   1886   2
r  2371   2320   2419   2
r  2471   2422   2419   2
c  1297   -1   1396   2
c  1399   -1   1300   2
c  1349   -1   1199   2
c  1788   -1   1690   2
r  1741   1792   1790   2
r  1689   1789   1840   2
r  1740   1692   1689   2
c  1493   -1   1496   2
r  1594   1645   1543   2
r  2275   2226   2426   2
c  2276   -1   2327   2
r  2375   2424   2426   2
r  2277   2328   2330   2
c  2181   -1   2281   2
c  2182   -1   2082   2
c  2281   -1   2180   2
r  2422   2424   2473   2
c  2423   -1   2475   2
r  2374   2425   2426   2
r  2424   2475   2427   2
r  2324   2224   2475   2
c  1934   -1   1886   2
r  1985   1987   2086   2
c  2282   -1   2181   2
c  2282   -1   2280   2
c  2326   -1   2280   2
c  2472   -1   2469   2
r  1397   1399   1497   2
r  1499   1550   1548   2
c  1938   -1   1838   2
c  1791   -1   1892   2
r  1742   1691   1744   2
c  1693   -1   1792   2
c  1692   -1   1743   2
c  2038   -1   2090   2
c  1593   -1   1642   2
r  1545   1494   1597   2
r  2426   2424   2325   2
c  2328   -1   2279   2
c  2329   -1   2377   2
r  2183   2083   2085   2
r  2133   2235   2082   2
c  2474   -1   2426   2
r  2476   2427   2424   2
c  2478   -1   2424   2
r  2184   2083   2233   2
c  2086   -1   2088   2
c  2379   -1   2376   2
r  2380   2327   2433   2
r  2432   2481   2381   2
r  2383   2385   2335   2
r  2433   2384   2385   2
c  2234   -1   2083   2
c  1550   -1   1449   2
c  1694   -1   1595   2
r  1941   1889   1840   2
c  1939   -1   1839   2
c  1792   -1   1891   2
r  2135   2234   2037   2
c  2237   -1   2037   2
r  1600   1698   1500   2
r  2477   2426   2377   2
c  2430   -1   2427   2
r  2429   2380   2481   2
r  2185   2285   2083   2
r  2235   2184   2186   2
c  2479   -1   2428   2
r  2480   2429   2380   2
c  2136   -1   2237   2
c  2136   -1   2288   2
c  2041   -1   1994   2
r  2335   2386   2436   2
r  2434   2485   2385   2
c  2484   -1   2433   2
r  2334   2435   2385   2
c  2285   -1   2186   2
r  2387   2438   2385   2
c  2487   -1   2385   2
r  1599   1698   1748   2
r  1650   1599   1698   2
r  1696   1693   1648   2
c  1893   -1   1896   2
r  1844   1895   1896   2
c  1795   -1   1895   2
c  2289   -1   2392   2
c  2288   -1   2290   2
r  1848   1797   1749   2
c  2042   -1   2141   2
r  1943   2043   2044   2
c  2043   -1   2049   2
c  2388   -1   2336   2
c  2488   -1   2436   2
r  2439   2488   2441   2
c  2489   -1   2387   2
r  1700   1698   1799   2
c  1749   -1   1849   2
c  1896   -1   1796   2
r  1945   1844   1896   2
r  1897   1999   1849   2
c  1946   -1   1895   2
r  2191   2193   2291   2
c  2193   -1   2242   2
c  2291   -1   2293   2
r  2340   2291   2391   2
r  1799   1748   1697   2
r  1750   1799   1850   2
c  2145   -1   2246   2
r  2049   2000   2150   2
c  2491   -1   2488   2
r  2391   2440   2339   2
c  2441   -1   2394   2
r  2490   2441   2342   2
r  2047   1996   2150   2
r  2390   2392   2442   2
r  2442   2493   2342   2
c  2444   -1   2392   2
c  1900   -1   1999   2
c  1950   -1   1998   2
c  2048   -1   2200   2
c  2245   -1   2297   2
r  2050   2150   2048   2
c  2148   -1   2199   2
r  1997   2048   2049   2
c  2100   -1   1999   2
r  2150   2199   2248   2
r  2492   2443   2441   2
c  2493   -1   2445   2
c  2493   -1   2441   2
c  2343   -1   2346   2
r  2494   2496   2443   2
r  2495   2497   2444   2
r  2000   1948   2099   2
c  2200   -1   2246   2
r  2299   2348   2246   2
r  2346   2297   2447   2
c  2199   -1   2300   2
c  2249   -1   2297   2
r  2250   2199   2150   2
r  2447   2297   2443   2
c  2448   -1   2396   2
c  2448   -1   2445   2
r  2398   2447   2445   2
r  2347   2345   2445   2
r  2349   2197   2446   2
r  2497   2445   2398   2
r  2300   2248   2398   2
r  2499   2448   2447   2
r  2500   2449   2447   2
r  2350   2449   2447   2
r  2400   2499   2447   2
r  2449   2398   2446   2
r  2450   2399   2398   2
r  1   101   54   3
r  51   102   54   3
r  2   53   54   3
r  101   53   152   3
r  52   3   105   3
r  152   54   53   3
r  153   253   252   3
r  151   104   53   3
r  4   53   102   3
r  105   56   102   3
r  104   102   155   3
r  5   56   53   3
r  155   54   53   3
r  201   102   253   3
r  56   58   108   3
r  6   107   108   3
r  251   153   353   3
r  253   304   353   3
r  255   203   306   3
r  58   159   107   3
r  60   113   108   3
r  110   112   59   3
r  57   106   108   3
r  7   56   108   3
r  10   59   108   3
r  111   59   113   3
r  402   503   302   3
r  401   353   352   3
r  11   62   161   3
r  112   160   11   3
r  62   113   164   3
r  13   11   164   3
r  63   115   163   3
r  312   412   314   3
r  15   13   164   3
r  65   215   12   3
r  501   552   601   3
r  554   603   455   3
r  14   164   115   3
r  66   15   164   3
r  557   656   610   3
r  552   603   601   3
r  654   505   554   3
r  605   654   706   3
r  657   760   709   3
r  514   562   466   3
r  652   601   654   3
r  705   654   652   3
r  22   73   71   3
r  71   73   68   3
r  270   221   120   3
r  803   703   702   3
r  852   901   702   3
r  614   665   663   3
r  171   173   69   3
r  23   173   122   3
r  222   123   173   3
r  372   370   420   3
r  851   702   854   3
r  802   702   853   3
r  715   667   713   3
c  665   -1   765   3
r  26   75   74   3
r  77   128   126   3
r  80   31   128   3
r  958   1009   907   3
r  903   952   854   3
r  425   376   326   3
r  524   424   522   3
r  901   854   801   3
r  1001   1003   1103   3
r  1002   1104   1103   3
r  864   816   812   3
r  717   768   769   3
r  127   76   228   3
r  28   125   177   3
r  30   79   132   3
r  955   904   957   3
r  1004   953   1104   3
r  325   426   226   3
r  376   276   277   3
r  1102   1255   1003   3
r  85   33   234   3
r  31   133   33   3
r  180   131   129   3
r  179   131   130   3
r  230   330   130   3
r  33   133   132   3
r  1152   1252   1251   3
r  527   525   625   3
r  1101   1152   1052   3
r  1351   1302   1202   3
r  1014   967   1016   3
r  35   134   135   3
r  86   186   134   3
r  133   234   135   3
r  34   85   86   3
r  1204   1253   1251   3
r  1203   1251   1254   3
r  1151   1251   1352   3
r  1251   1153   1305   3
r  530   431   331   3
r  627   576   625   3
c  823   -1   724   3
r  1301   1252   1353   3
r  1401   1452   1352   3
r  36   135   83   3
r  136   187   185   3
r  183   134   283   3
r  37   189   140   3
r  1302   1353   1203   3
r  1304   1355   1252   3
r  629   631   528   3
r  579   630   530   3
r  1171   1271   1270   3
r  779   727   628   3
r  38   138   137   3
r  89   38   138   3
r  90   39   138   3
r  39   140   138   3
r  236   185   285   3
r  188   239   140   3
r  1458   1509   1460   3
r  335   384   387   3
r  928   976   876   3
r  1218   1319   1270   3
r  1320   1271   1318   3
r  1502   1553   1602   3
r  1315   1416   1363   3
r  1314   1312   1366   3
r  1614   1663   1512   3
r  187   87   138   3
r  338   237   287   3
r  91   189   140   3
r  41   89   90   3
r  1364   1412   1316   3
r  1506   1457   1508   3
r  633   582   533   3
r  830   779   729   3
r  1318   1220   1267   3
r  1273   1374   1221   3
r  1603   1651   1702   3
r  1503   1603   1653   3
r  1601   1552   1653   3
r  1701   1602   1653   3
r  1417   1317   1366   3
r  1416   1418   1365   3
r  1662   1714   1614   3
r  143   192   245   3
r  42   140   91   3
r  390   388   290   3
r  1560   1710   1659   3
r  1373   1274   1322   3
r  1080   1181   1131   3
r  1604   1652   1602   3
r  1651   1702   1553   3
r  43   45   145   3
r  244   195   145   3
r  96   44   98   3
r  44   145   98   3
r  47   98   49   3
r  146   97   98   3
r  292   290   193   3
r  934   883   982   3
r  1033   982   1035   3
r  1181   1230   1281   3
r  1135   1086   1133   3
r  1753   1755   1804   3
r  1852   1901   1753   3
r  1853   1754   1901   3
r  1953   2002   2051   3
r  1904   1804   1754   3
r  1854   1754   1803   3
r  1768   1819   1668   3
c  539   -1   440   3
r  250   398   98   3
r  197   95   145   3
r  46   98   145   3
r  48   100   199   3
c  494   -1   393   3
r  1811   1860   1760   3
r  690   638   539   3
r  1572   1524   1623   3
r  1851   1902   1803   3
r  2051   2152   2202   3
r  2006   2158   1905   3
r  492   541   590   3
r  249   398   349   3
r  149   200   98   3
r  99   150   48   3
r  50   149   199   3
r  100   199   149   3
r  248   146   98   3
r  544   595   697   3
r  347   396   349   3
r  741   693   593   3
r  1184   1133   1284   3
r  1820   1769   1721   3
r  1726   1675   1778   3
r  2101   2052   2001   3
r  2157   2155   2106   3
r  642   691   593   3
r  348   345   400   3
c  697   -1   645   3
r  449   398   447   3
r  450   399   447   3
r  498   399   349   3
r  744   843   697   3
r  694   593   592   3
r  1090   1039   1189   3
r  1383   1332   1282   3
r  1382   1282   1430   3
r  1974   1874   1921   3
r  1631   1582   1782   3
r  2153   2302   2052   3
r  2152   2302   2103   3
r  2203   2252   2201   3
r  2256   2208   2307   3
r  2208   2257   2308   3
r  595   646   647   3
r  596   647   746   3
r  647   696   650   3
r  698   700   649   3
r  598   549   799   3
r  548   599   649   3
r  945   947   897   3
r  1338   1389   1438   3
r  2304   2253   2205   3
r  2352   2304   2354   3
r  2403   2451   2454   3
r  2358   2307   2353   3
r  2213   2215   2162   3
r  2168   2217   2219   3
r  799   797   699   3
r  800   849   699   3
r  600   699   547   3
r  947   899   1000   3
r  650   699   599   3
r  550   548   699   3
r  949   947   1099   3
r  898   950   846   3
r  849   898   749   3
r  899   1000   897   3
r  2170   2219   2268   3
r  1882   1833   1782   3
r  2356   2358   2407   3
c  2453   -1   2302   3
r  2401   2453   2302   3
r  2404   2453   2402   3
r  2355   2406   2453   3
r  2351   2302   2403   3
r  2402   2302   2454   3
r  2451   2402   2352   3
r  2452   2403   2352   3
r  2357   2457   2408   3
r  2458   2456   2307   3
r  2460   2307   2358   3
r  2405   2407   2358   3
r  2459   2457   2358   3
r  2457   2358   2408   3
r  2455   2355   2307   3
r  2367   2266   2419   3
r  2364   2362   2415   3
r  2464   2364   2412   3
r  2462   2364   2363   3
r  2366   2466   2414   3
r  850   899   898   3
r  950   998   947   3
r  1000   948   996   3
r  900   1000   849   3
r  1048   1099   1148   3
r  998   947   1000   3
r  1146   1148   1198   3
r  1491   1540   1439   3
r  1979   2079   2031   3
r  2410   2359   2412   3
r  2461   2412   2364   3
r  2223   2123   2272   3
r  2369   2271   2417   3
r  2419   2370   2421   3
c  2370   -1   2469   3
r  2371   2322   2270   3
r  2363   2312   2315   3
r  2312   2361   2360   3
r  2463   2414   2364   3
r  1250   1198   1099   3
r  1200   1249   1247   3
r  1198   1099   1249   3
r  1295   1297   1344   3
r  1441   1390   1541   3
r  1541   1539   1543   3
r  2028   2026   2127   3
r  2321   2270   2419   3
r  2372   2369   2419   3
r  2081   1981   2182   3
r  1247   1348   1296   3
c  1396   -1   1498   3
r  1299   1150   1200   3
r  1298   1249   1247   3
r  1887   1885   1984   3
r  1495   1446   1597   3
r  1446   1397   1497   3
r  2324   2475   2373   3
r  2184   2233   2032   3
r  2332   2384   2385   3
c  2473   -1   2376   3
r  1499   1548   1597   3
r  1450   1448   1549   3
r  1889   1938   1840   3
r  1692   1743   1792   3
r  1643   1594   1641   3
r  2426   2325   2424   3
r  2425   2376   2427   3
r  2376   2423   2475   3
r  2476   2424   2375   3
r  2329   2377   2277   3
r  2133   2082   2085   3
r  2083   2132   2186   3
r  2483   2334   2385   3
r  1550   1450   1597   3
r  2039   1990   2090   3
r  2428   2480   2376   3
r  2480   2380   2429   3
r  2190   2039   2088   3
r  2384   2484   2436   3
r  2481   2428   2430   3
r  2437   2435   2385   3
r  2334   2385   2433   3
r  2484   2433   2436   3
c  1698   -1   1795   3
r  1848   1749   1850   3
r  1846   1946   1795   3
r  1796   1747   1895   3
c  2291   -1   2239   3
r  2340   2391   2441   3
r  1799   1797   1748   3
r  1798   1696   1749   3
r  2490   2442   2441   3
r  2047   1897   2049   3
r  2099   2150   2200   3
r  2050   2200   2099   3
r  2150   2248   1999   3
r  2494   2443   2446   3
r  2496   2445   2447   3
r  2149   2198   2248   3
r  2197   2248   2246   3
r  2249   2150   2246   3
r  2447   2348   2445   3
r  2400   2447   2445   3
r  2349   2446   2447   3
r  2497   2398   2446   3
r  2498   2447   2446   3
r  2500   2498   2448   3
r  2350   2450   2446   3
r  2449   2446   2447   3
r  2450   2398   2447   3
r  2499   2447   2446   3
r  1   53   101   4
r  51   54   102   4
r  2   101   53   4
r  101   152   53   4
r  3   102   101   4
r  152   53   252   4
r  103   4   105   4
r  154   59   103   4
r  151   53   5   4
r  4   105   53   4
r  155   55   102   4
r  153   102   54   4
r  105   102   53   4
r  201   252   108   4
r  205   104   53   4
r  202   104   353   4
r  156   158   108   4
r  253   353   352   4
r  305   204   205   4
r  57   108   109   4
r  301   353   402   4
r  351   353   303   4
r  158   160   259   4
r  112   11   108   4
r  7   108   58   4
r  8   108   110   4
r  358   407   306   4
r  60   108   113   4
r  211   213   159   4
r  13   164   165   4
r  451   504   554   4
r  115   166   113   4
r  12   111   164   4
r  14   115   164   4
r  503   452   601   4
r  551   502   553   4
r  554   455   551   4
r  655   653   504   4
r  501   601   554   4
r  216   265   164   4
r  166   164   214   4
r  604   505   454   4
r  602   553   554   4
r  656   556   709   4
r  705   658   702   4
r  413   411   361   4
r  66   164   166   4
r  117   16   68   4
r  467   414   366   4
r  609   612   709   4
r  661   710   610   4
r  755   806   706   4
r  754   705   706   4
r  219   171   221   4
r  751   702   854   4
r  753   804   853   4
r  851   854   702   4
r  810   910   859   4
r  804   705   751   4
r  803   702   854   4
r  666   765   615   4
r  20   22   122   4
r  220   119   271   4
r  23   74   76   4
r  72   21   120   4
r  471   522   519   4
r  573   473   520   4
r  801   853   752   4
r  951   1002   1103   4
r  952   954   853   4
r  901   801   853   4
r  715   616   663   4
r  907   856   954   4
r  622   523   474   4
r  814   863   812   4
r  815   864   813   4
r  1002   1004   1053   4
r  766   718   617   4
r  27   76   126   4
r  127   228   130   4
r  30   132   128   4
r  81   128   132   4
r  818   718   668   4
r  965   1016   865   4
r  1061   1162   912   4
r  1062   1159   912   4
r  1051   1102   1053   4
r  85   234   136   4
r  131   129   179   4
r  82   133   135   4
r  181   280   129   4
r  823   724   722   4
r  869   818   768   4
r  1114   1116   1015   4
r  1067   1114   1016   4
r  1101   1201   1202   4
r  1203   1254   1305   4
r  136   134   84   4
r  32   133   233   4
r  34   86   134   4
r  578   530   427   4
r  824   873   776   4
r  776   876   724   4
r  921   923   974   4
r  1301   1353   1252   4
r  1401   1352   1404   4
r  1253   1352   1353   4
r  1252   1353   1305   4
r  1303   1352   1251   4
r  1302   1203   1305   4
r  1403   1452   1305   4
r  1353   1402   1305   4
r  1359   1312   1411   4
r  38   137   138   4
r  39   88   137   4
r  533   334   632   4
r  1315   1363   1313   4
r  1502   1551   1403   4
r  1551   1701   1653   4
r  1453   1502   1552   4
r  1364   1316   1366   4
r  336   285   287   4
r  40   89   140   4
r  41   140   138   4
r  192   245   138   4
r  190   143   139   4
r  42   91   140   4
r  733   834   682   4
r  1368   1267   1270   4
r  1224   1275   1176   4
r  1318   1270   1419   4
r  1511   1457   1559   4
r  1516   1514   1512   4
r  1503   1653   1602   4
r  1553   1653   1652   4
r  1559   1459   1557   4
r  240   140   192   4
r  43   145   98   4
r  1174   1274   1275   4
r  1651   1553   1702   4
r  1701   1653   1602   4
r  1752   1754   1803   4
r  1607   1558   1556   4
r  1756   1758   1658   4
r  96   94   145   4
r  44   98   145   4
r  47   49   145   4
r  49   149   95   4
r  588   539   536   4
r  1228   1277   1329   4
r  1472   1523   1623   4
r  1766   1717   1768   4
r  1751   1802   1753   4
r  1801   1803   1754   4
r  1805   1654   1753   4
r  250   98   197   4
r  198   48   145   4
r  148   299   145   4
r  248   98   145   4
r  147   149   199   4
r  395   494   344   4
r  46   145   98   4
r  199   49   349   4
r  97   145   199   4
r  50   48   99   4
r  100   149   48   4
r  200   299   149   4
r  299   199   98   4
r  398   400   98   4
r  984   1030   1084   4
r  1134   1183   1082   4
r  1523   1572   1575   4
r  1620   1672   1721   4
r  1478   1527   1474   4
r  1428   1379   1479   4
r  1902   1853   1802   4
r  1953   2001   2101   4
r  1954   2001   1905   4
r  1851   1803   1753   4
r  1857   1906   1905   4
r  1861   1808   1859   4
r  492   590   541   4
r  593   791   691   4
r  296   396   349   4
r  349   300   447   4
r  150   98   48   4
r  350   249   299   4
r  399   299   397   4
r  1087   1138   1085   4
r  1331   1232   1432   4
r  1282   1133   1285   4
r  1480   1582   1432   4
r  1626   1575   1574   4
r  1911   1812   1908   4
r  1964   1915   2062   4
r  1951   2051   2053   4
r  2051   2202   2205   4
r  500   448   349   4
r  597   649   549   4
r  1090   1189   1188   4
r  2008   1959   1960   4
r  2218   2117   2166   4
r  2001   2053   2003   4
r  2205   2251   2406   4
r  2202   2052   2053   4
r  2104   2052   2101   4
r  2054   2103   2052   4
r  547   598   650   4
r  596   746   697   4
r  648   699   599   4
r  650   599   697   4
r  1091   1240   1189   4
r  1042   1093   1045   4
r  1388   1439   1341   4
r  1681   1582   1782   4
r  2110   2058   2210   4
r  2153   2052   2151   4
r  2204   2253   2202   4
r  2203   2201   2205   4
r  2406   2457   2459   4
r  2251   2302   2152   4
r  600   547   499   4
r  649   549   499   4
r  700   799   749   4
r  846   947   950   4
r  750   499   699   4
r  996   947   999   4
r  1143   1194   1244   4
r  1485   1584   1534   4
r  1976   1928   1877   4
r  2264   2262   2315   4
r  2222   2219   2171   4
r  2464   2361   2315   4
r  2415   2315   2412   4
r  2462   2363   2315   4
r  2303   2254   2453   4
r  2305   2405   2307   4
r  2302   2353   2402   4
r  2453   2302   2252   4
r  2301   2205   2453   4
r  2356   2407   2358   4
r  2405   2402   2453   4
r  2407   2307   2309   4
r  2404   2402   2302   4
r  2458   2307   2406   4
r  2460   2359   2406   4
r  2455   2453   2406   4
r  2403   2454   2352   4
r  2258   2310   2210   4
r  2308   2207   2407   4
r  999   1048   946   4
r  1145   1143   1047   4
r  1098   1198   949   4
r  1685   1486   1637   4
r  1491   1439   1438   4
r  2076   2025   1927   4
r  2030   1931   1981   4
r  2314   2263   2363   4
r  2419   2421   2272   4
r  2368   2417   2315   4
r  2363   2412   2360   4
r  2416   2465   2315   4
r  2463   2362   2363   4
r  2467   2469   2419   4
r  2355   2453   2402   4
r  2457   2408   2357   4
r  2454   2302   2307   4
r  2409   2358   2307   4
r  2401   2403   2352   4
r  2451   2352   2454   4
r  2351   2402   2454   4
r  1049   1149   1148   4
r  1148   1099   1247   4
r  1100   1044   1198   4
r  1294   1245   1345   4
r  1393   1293   1244   4
r  2469   2471   2369   4
r  2420   2469   2472   4
r  2471   2420   2370   4
r  1200   1198   1148   4
r  1738   1790   1689   4
r  1640   1589   1542   4
r  2227   2276   2327   4
r  2324   2424   2427   4
r  2232   2281   2132   4
r  1399   1300   1549   4
r  1739   1840   1790   4
r  1593   1642   1591   4
r  1597   1546   1449   4
r  2426   2424   2325   4
r  2425   2474   2376   4
r  2328   2279   2277   4
r  2380   2433   2277   4
r  2183   2033   2035   4
r  2474   2476   2376   4
r  2088   2139   2090   4
r  2234   2285   2288   4
r  1792   1891   1840   4
r  1550   1597   1648   4
r  2476   2375   2376   4
r  2477   2377   2428   4
r  2479   2428   2376   4
r  2430   2427   2379   4
r  2138   2037   2086   4
r  2137   2186   2086   4
r  2481   2430   2379   4
r  2384   2436   2433   4
r  2336   2385   2288   4
r  2434   2385   2436   4
r  2285   2186   2385   4
r  2486   2437   2385   4
r  1650   1548   1648   4
r  1844   1896   1895   4
r  1795   1696   1894   4
r  1750   1748   1648   4
r  2338   2389   2441   4
r  2487   2385   2336   4
r  2438   2489   2436   4
r  2489   2388   2441   4
r  2193   2242   2191   4
r  1799   1748   1699   4
r  2442   2491   2439   4
r  2490   2441   2442   4
r  2444   2493   2447   4
r  1900   1898   2048   4
r  1950   1898   1999   4
r  2048   2200   2097   4
r  2244   2295   2344   4
r  1998   2047   2099   4
r  1997   2049   2048   4
r  2395   2444   2246   4
r  2495   2446   2447   4
r  2447   2445   2300   4
r  1949   1997   2048   4
r  2249   2297   2446   4
r  2250   2248   2199   4
r  2493   2441   2446   4
r  2496   2444   2445   4
r  2348   2397   2445   4
r  2399   2447   2445   4
r  2497   2446   2445   4
r  2498   2446   2445   4
r  2449   2447   2445   4
r  2349   2447   2446   4
r  2500   2448   2446   4
r  2499   2446   2447   4
r  2300   2398   2248   4
r  2400   2445   2446   4
r  1   54   53   5
r  51   102   54   5
r  101   53   54   5
r  53   153   151   5
r  52   103   54   5
r  3   101   103   5
r  102   1   55   5
r  104   155   102   5
r  55   103   252   5
r  5   3   54   5
r  152   201   53   5
r  204   105   53   5
r  205   53   306   5
r  105   53   102   5
r  4   53   103   5
r  154   103   54   5
r  155   53   54   5
r  251   353   253   5
r  202   153   351   5
r  6   108   107   5
r  254   205   256   5
r  301   401   352   5
r  109   8   161   5
r  212   113   164   5
r  7   58   108   5
r  8   110   108   5
r  61   59   108   5
r  111   113   164   5
r  305   205   353   5
r  157   208   159   5
r  9   108   107   5
r  259   360   159   5
r  113   12   164   5
r  405   456   403   5
r  453   502   601   5
r  506   404   608   5
r  452   501   554   5
r  214   265   113   5
r  14   165   67   5
r  13   112   164   5
r  16   67   164   5
r  115   164   214   5
r  456   508   407   5
r  601   702   554   5
r  502   451   551   5
r  501   602   454   5
r  364   415   514   5
r  66   166   117   5
r  17   19   117   5
r  553   601   602   5
r  654   554   702   5
r  602   551   605   5
r  603   605   554   5
r  68   19   120   5
r  21   23   70   5
r  22   71   122   5
r  704   652   702   5
r  702   653   751   5
r  751   753   652   5
r  612   661   610   5
r  119   121   71   5
r  19   71   118   5
r  171   122   271   5
r  752   853   902   5
r  801   902   853   5
r  851   702   854   5
r  808   859   757   5
r  803   854   952   5
r  671   620   569   5
r  422   471   420   5
r  26   74   75   5
r  77   177   128   5
r  125   122   76   5
r  802   853   854   5
r  902   851   854   5
r  901   802   854   5
r  852   702   904   5
r  952   853   1103   5
r  375   275   277   5
r  174   225   176   5
r  769   718   772   5
r  720   919   618   5
r  27   126   130   5
r  717   769   818   5
r  1051   1053   1003   5
r  1002   1053   1102   5
r  1153   1254   1305   5
r  1152   1251   1302   5
r  1054   1003   1103   5
r  328   377   326   5
r  29   80   129   5
r  85   136   33   5
r  31   33   135   5
r  964   913   865   5
r  1010   1006   961   5
r  1013   1061   1060   5
r  1052   1103   1004   5
r  1351   1251   1305   5
r  1203   1305   1303   5
r  1151   1352   1305   5
r  1202   1251   1352   5
r  1158   1160   1009   5
r  329   429   428   5
r  676   625   727   5
r  628   576   625   5
r  32   233   133   5
r  230   130   182   5
r  34   134   83   5
r  1110   959   1158   5
r  1301   1252   1201   5
r  1352   1304   1252   5
r  1253   1353   1305   5
r  1252   1305   1204   5
r  1304   1252   1251   5
r  1355   1204   1406   5
r  1353   1304   1252   5
r  1201   1252   1305   5
r  1354   1403   1305   5
r  1452   1603   1305   5
r  1207   1307   1210   5
r  1107   1056   1006   5
r  280   282   331   5
r  925   974   724   5
r  921   974   970   5
r  629   528   728   5
r  680   729   628   5
r  36   84   135   5
r  184   135   84   5
r  1455   1457   1404   5
r  1551   1653   1702   5
r  731   780   729   5
r  39   137   90   5
r  1265   1166   1366   5
r  1504   1455   1602   5
r  1601   1653   1552   5
r  532   583   632   5
r  533   632   531   5
r  584   532   483   5
r  139   191   192   5
r  189   192   138   5
r  190   192   138   5
r  42   142   138   5
r  91   142   138   5
r  239   290   188   5
r  191   240   140   5
r  1513   1413   1614   5
r  1554   1455   1602   5
r  1606   1657   1559   5
r  1463   1362   1565   5
r  1364   1315   1367   5
r  336   287   388   5
r  339   390   437   5
r  242   291   293   5
r  93   145   45   5
r  94   43   145   5
r  1418   1369   1366   5
r  1612   1712   1512   5
r  1751   1753   1852   5
r  1852   1753   1754   5
r  1466   1566   1367   5
r  883   782   783   5
r  1174   1275   1176   5
r  979   930   1078   5
r  1420   1469   1471   5
r  1423   1372   1425   5
r  487   386   588   5
r  194   243   294   5
r  145   147   98   5
r  244   144   98   5
r  95   92   98   5
r  1661   1659   1709   5
r  1810   1859   1711   5
r  1616   1614   1665   5
r  1801   1752   1753   5
r  1853   1904   1902   5
r  1902   1803   1854   5
r  1953   2101   2053   5
r  1714   1614   1765   5
r  835   837   934   5
r  935   884   786   5
r  1230   1281   1278   5
r  1328   1277   1330   5
r  1280   1179   1229   5
r  1520   1419   1621   5
r  1525   1574   1623   5
r  986   1083   1033   5
r  246   346   349   5
r  250   197   98   5
r  148   96   199   5
r  248   148   98   5
r  97   199   145   5
r  49   95   145   5
r  200   149   145   5
r  47   145   98   5
r  99   199   45   5
r  50   99   98   5
r  150   48   98   5
r  198   145   146   5
r  443   394   395   5
r  2051   2205   2053   5
r  690   539   739   5
r  1626   1577   1575   5
r  296   349   298   5
r  297   349   346   5
r  249   298   297   5
r  300   98   349   5
r  299   98   199   5
r  298   349   247   5
r  396   496   349   5
r  100   98   199   5
r  2152   2103   2003   5
r  1769   1867   1720   5
r  1332   1283   1432   5
r  1582   1484   1430   5
r  1433   1332   1333   5
r  643   645   692   5
r  347   398   447   5
r  499   599   349   5
r  497   449   349   5
r  546   549   697   5
r  1962   2011   1914   5
r  2153   2151   2205   5
r  2154   2203   2152   5
r  2251   2152   2103   5
r  2205   2406   2101   5
r  2203   2205   2252   5
r  1821   1770   1722   5
r  890   839   941   5
r  992   943   990   5
r  1190   1188   1090   5
r  549   600   547   5
r  500   349   649   5
r  600   649   697   5
r  596   649   598   5
r  747   846   897   5
r  845   947   697   5
r  750   650   697   5
r  599   698   697   5
r  2254   2205   2305   5
r  2255   2306   2354   5
r  2454   2307   2252   5
r  2403   2352   2406   5
r  2354   2252   2453   5
r  648   697   549   5
r  895   844   897   5
r  748   848   800   5
r  798   644   747   5
r  900   849   847   5
r  700   549   599   5
r  2112   2064   2163   5
r  2351   2403   2307   5
r  2453   2252   2307   5
r  2304   2205   2352   5
r  2401   2352   2454   5
r  2404   2406   2352   5
r  2402   2453   2406   5
r  2455   2307   2408   5
r  2452   2352   2355   5
r  2355   2352   2307   5
r  2405   2453   2307   5
r  2456   2356   2358   5
r  2408   2456   2307   5
r  2458   2358   2407   5
r  2359   2408   2406   5
r  2457   2307   2406   5
r  2358   2353   2307   5
r  2459   2358   2307   5
r  2451   2454   2307   5
r  1044   944   1144   5
r  1785   1684   1783   5
r  1833   1933   1782   5
r  2026   2125   1927   5
r  1244   1195   1345   5
r  2214   2263   2315   5
r  2360   2309   2412   5
r  2409   2307   2358   5
r  2461   2364   2412   5
r  998   1000   1148   5
r  1049   1148   949   5
r  1686   1533   1637   5
r  1441   1492   1543   5
r  2361   2414   2315   5
r  2319   2270   2321   5
r  2318   2316   2315   5
r  2316   2365   2412   5
r  2413   2365   2315   5
r  2463   2363   2414   5
r  2465   2417   2315   5
r  1100   1148   1248   5
r  1149   1249   1198   5
r  1150   1199   1148   5
r  1198   1247   1099   5
r  1249   1148   1247   5
r  1446   1497   1597   5
r  1496   1596   1543   5
r  2365   2416   2412   5
r  2320   2322   2369   5
r  2419   2272   2370   5
r  2280   2181   2228   5
r  2228   2079   2279   5
r  1788   1740   1792   5
r  2033   2084   1985   5
r  1985   2037   2137   5
r  2374   2426   2427   5
r  2424   2473   2426   5
r  2184   2082   2085   5
r  1447   1498   1449   5
r  1547   1647   1498   5
r  1595   1448   1744   5
r  2468   2419   2369   5
r  2472   2469   2419   5
r  2278   2329   2227   5
r  2325   2425   2427   5
r  2185   2236   2085   5
r  1548   1599   1449   5
r  1699   1648   1597   5
r  2382   2280   2385   5
r  2333   2335   2385   5
r  2385   2436   2383   5
r  2476   2376   2427   5
r  2477   2428   2426   5
r  2428   2430   2379   5
r  2378   2327   2376   5
r  2430   2479   2376   5
r  1550   1449   1649   5
r  1600   1597   1648   5
r  1700   1799   1648   5
r  1799   1699   1648   5
r  1800   1849   1699   5
r  1848   1850   1749   5
r  2384   2433   2436   5
r  2435   2484   2387   5
r  2485   2436   2335   5
r  2336   2288   2385   5
r  2434   2436   2385   5
r  2487   2436   2385   5
r  1844   1895   1795   5
r  1796   1847   1894   5
r  1899   1999   1895   5
r  2289   2392   2237   5
r  2141   2092   2143   5
r  2388   2287   2436   5
r  2489   2441   2339   5
r  2094   2143   2043   5
r  2439   2437   2339   5
r  2389   2340   2441   5
r  2440   2442   2340   5
r  2391   2439   2442   5
r  1950   1999   2048   5
r  2490   2342   2441   5
r  1997   2048   1949   5
r  1999   2098   2099   5
r  2047   2150   1999   5
r  2196   2245   2145   5
r  2294   2343   2196   5
r  2147   2196   2099   5
r  2050   2048   1999   5
r  2000   1949   2049   5
r  2149   2200   2049   5
r  2150   2198   2099   5
r  2341   2441   2392   5
r  2390   2442   2392   5
r  2444   2447   2446   5
r  2344   2346   2246   5
r  2297   2196   2345   5
r  2299   2398   2347   5
r  2199   2300   2246   5
r  2298   2347   2246   5
r  2346   2447   2445   5
r  2443   2445   2449   5
r  2493   2445   2447   5
r  2445   2349   2447   5
r  2300   2248   2249   5
r  2349   2300   2447   5
r  2396   2499   2298   5
r  2397   2446   2445   5
r  2449   2445   2446   5
r  2495   2444   2446   5
r  2497   2396   2448   5
r  2498   2496   2446   5
r  2499   2447   2445   5
r  2350   2447   2445   5
r  2400   2446   2445   5
r  2496   2445   2399   5
r  2450   2499   2446   5
r  2399   2445   2447   5
r  2500   2446   2448   5
r  1   53   102   6
r  51   54   102   6
r  101   201   53   6
r  3   54   102   6
r  151   5   54   6
r  152   53   54   6
r  154   54   105   6
r  4   103   105   6
r  155   54   55   6
r  104   53   252   6
r  5   54   102   6
r  105   102   53   6
r  153   54   53   6
r  253   351   152   6
r  6   107   108   6
r  206   157   159   6
r  251   203   351   6
r  353   204   253   6
r  351   402   302   6
r  107   7   159   6
r  157   8   209   6
r  57   109   159   6
r  208   159   107   6
r  301   352   303   6
r  109   161   209   6
r  9   107   108   6
r  60   113   108   6
r  162   164   108   6
r  209   260   108   6
r  111   60   109   6
r  355   306   353   6
r  401   452   303   6
r  161   61   107   6
r  10   108   59   6
r  11   60   164   6
r  453   601   554   6
r  404   455   504   6
r  451   554   551   6
r  360   358   412   6
r  115   113   164   6
r  117   68   164   6
r  454   554   601   6
r  656   658   506   6
r  608   657   659   6
r  501   454   602   6
r  552   601   503   6
r  605   706   554   6
r  68   20   17   6
r  512   463   610   6
r  757   706   907   6
r  562   610   660   6
r  468   568   417   6
r  418   366   367   6
r  272   323   223   6
r  421   520   469   6
r  19   118   68   6
r  20   122   71   6
r  701   601   703   6
r  754   706   857   6
r  711   762   663   6
r  804   853   904   6
r  855   904   902   6
r  616   567   613   6
r  222   122   322   6
r  572   623   520   6
r  25   126   123   6
r  801   752   902   6
r  753   702   854   6
r  803   952   854   6
r  802   854   853   6
r  901   853   752   6
r  851   751   902   6
r  617   665   615   6
r  766   617   616   6
r  324   424   276   6
r  275   224   326   6
r  668   870   719   6
r  574   625   526   6
r  125   76   176   6
r  27   74   29   6
r  28   177   128   6
r  30   128   129   6
r  130   29   178   6
r  81   132   128   6
r  1001   1102   1003   6
r  327   425   528   6
r  719   717   819   6
r  29   81   128   6
r  231   182   179   6
r  33   84   135   6
r  1051   1103   1102   6
r  1002   1103   1004   6
r  1104   1003   1052   6
r  1052   1055   1103   6
r  1101   1202   1103   6
r  1157   1155   1006   6
r  1160   1208   1009   6
r  328   277   229   6
r  230   182   228   6
r  35   135   33   6
r  84   133   132   6
r  1203   1252   1305   6
r  1154   1251   1305   6
r  1204   1202   1305   6
r  1151   1252   1202   6
r  1202   1352   1251   6
r  1302   1305   1204   6
r  916   865   968   6
r  1116   1167   1016   6
r  1112   1012   1011   6
r  1155   1008   1204   6
r  1308   1261   1257   6
r  578   427   530   6
r  183   232   132   6
r  626   628   728   6
r  922   871   1023   6
r  629   728   625   6
r  627   625   728   6
r  36   135   84   6
r  134   132   83   6
r  184   235   135   6
r  136   84   138   6
r  233   132   135   6
r  1301   1305   1202   6
r  1401   1404   1305   6
r  1254   1251   1203   6
r  1252   1303   1305   6
r  1404   1352   1305   6
r  1115   1016   1015   6
r  334   283   331   6
r  923   975   1022   6
r  88   137   90   6
r  89   138   188   6
r  1551   1702   1502   6
r  1167   1169   1119   6
r  1267   1315   1365   6
r  680   628   729   6
r  927   929   879   6
r  779   628   879   6
r  38   87   90   6
r  41   90   140   6
r  141   190   138   6
r  240   242   138   6
r  40   138   139   6
r  1457   1657   1506   6
r  1504   1602   1552   6
r  1553   1602   1653   6
r  1319   1267   1220   6
r  1268   1270   1220   6
r  1463   1565   1512   6
r  1509   1409   1460   6
r  385   434   388   6
r  338   287   437   6
r  683   632   735   6
r  189   138   140   6
r  193   294   195   6
r  43   95   145   6
r  93   45   145   6
r  94   45   98   6
r  1555   1706   1755   6
r  1653   1602   1701   6
r  1554   1505   1552   6
r  1701   1903   1552   6
r  1606   1559   1555   6
r  1415   1366   1316   6
r  1417   1316   1365   6
r  1468   1517   1366   6
r  1469   1517   1471   6
r  882   982   783   6
r  1180   1278   1178   6
r  391   290   339   6
r  487   588   587   6
r  144   142   294   6
r  245   194   349   6
r  44   145   98   6
r  1609   1508   1709   6
r  1610   1659   1559   6
r  1658   1707   1806   6
r  1753   1854   1902   6
r  1375   1326   1324   6
r  1277   1226   1175   6
r  1330   1379   1229   6
r  441   443   494   6
r  246   349   145   6
r  196   244   98   6
r  45   96   349   6
r  97   148   199   6
r  148   145   146   6
r  99   48   199   6
r  49   145   199   6
r  46   97   145   6
r  47   95   145   6
r  250   145   199   6
r  300   349   98   6
r  100   48   98   6
r  198   146   349   6
r  96   98   47   6
r  150   98   145   6
r  247   346   145   6
r  249   349   145   6
r  298   247   145   6
r  1801   1753   1852   6
r  1707   1756   1754   6
r  1851   1802   1803   6
r  1853   1902   1753   6
r  1522   1471   1574   6
r  1811   1759   1710   6
r  1525   1622   1624   6
r  937   888   837   6
r  1135   1084   1035   6
r  985   936   1033   6
r  888   841   991   6
r  297   346   349   6
r  348   400   447   6
r  399   446   199   6
r  350   348   250   6
r  400   449   447   6
r  446   393   349   6
r  147   98   349   6
r  496   447   349   6
r  500   649   349   6
r  443   494   349   6
r  1864   1812   1764   6
r  1809   1711   1811   6
r  1859   1910   1810   6
r  940   989   938   6
r  1034   1083   982   6
r  1040   991   889   6
r  1332   1432   1433   6
r  1382   1431   1380   6
r  1481   1532   1432   6
r  498   349   400   6
r  600   697   699   6
r  550   699   697   6
r  548   597   697   6
r  597   697   649   6
r  2001   2003   2053   6
r  1869   1820   1970   6
r  890   941   990   6
r  1038   1089   1188   6
r  795   792   746   6
r  1484   1383   1432   6
r  598   647   697   6
r  649   499   697   6
r  646   695   598   6
r  700   599   697   6
r  797   897   697   6
r  849   749   697   6
r  2009   1961   1960   6
r  2103   2253   2202   6
r  2152   2201   2103   6
r  2052   2151   2101   6
r  1825   1876   1776   6
r  1926   1877   2026   6
r  2114   2013   2161   6
r  2067   2016   2116   6
r  749   800   649   6
r  899   950   999   6
r  850   898   749   6
r  900   847   849   6
r  2353   2406   2453   6
r  2153   2205   2052   6
r  2201   2205   2103   6
r  1879   1778   1827   6
r  2172   2170   2125   6
r  1190   1090   1089   6
r  1093   1192   1144   6
r  898   846   949   6
r  1390   1341   1438   6
r  1685   1637   1585   6
r  1831   1882   1984   6
r  947   898   949   6
r  2303   2453   2307   6
r  2403   2406   2307   6
r  2354   2453   2307   6
r  2257   2309   2406   6
r  2254   2305   2453   6
r  2301   2453   2402   6
r  2253   2205   2307   6
r  1928   1877   2026   6
r  2169   2120   2268   6
r  2220   2222   2168   6
r  2268   2168   2167   6
r  1195   1193   1244   6
r  1048   1097   949   6
r  1150   1148   949   6
r  1242   1142   1244   6
r  1340   1439   1289   6
r  1342   1293   1193   6
r  1588   1636   1637   6
r  1440   1491   1540   6
r  1049   949   948   6
r  2263   2215   2315   6
r  2261   2212   2412   6
r  2358   2407   2458   6
r  2305   2307   2352   6
r  2402   2406   2307   6
r  2401   2302   2352   6
r  2405   2358   2352   6
r  2404   2352   2402   6
r  2355   2307   2406   6
r  2452   2454   2307   6
r  2451   2307   2351   6
r  2459   2408   2358   6
r  2455   2406   2307   6
r  2456   2358   2307   6
r  2458   2406   2307   6
r  2322   2274   2373   6
r  2370   2321   2272   6
r  2264   2315   2364   6
r  2315   2366   2412   6
r  2319   2370   2368   6
r  2415   2363   2315   6
r  2462   2315   2415   6
r  2463   2364   2315   6
r  2411   2309   2414   6
r  1200   1247   1198   6
r  1300   1200   1247   6
r  1345   1394   1296   6
r  1395   1344   1294   6
r  1738   1840   1790   6
r  1886   1937   1935   6
r  1986   2085   2086   6
r  2311   2411   2412   6
r  2457   2357   2408   6
r  2312   2412   2315   6
r  2228   2179   2180   6
r  2232   2283   2180   6
r  2371   2270   2418   6
r  2374   2427   2426   6
r  2424   2427   2379   6
r  2470   2419   2417   6
r  2314   2363   2412   6
r  2362   2360   2315   6
r  2466   2468   2315   6
r  1248   1296   1148   6
r  1350   1399   1348   6
r  1788   1792   1741   6
r  1789   1738   1690   6
r  2084   2086   2137   6
r  2326   2280   2279   6
r  2377   2426   2379   6
r  2380   2377   2429   6
r  2331   2280   2277   6
r  2421   2322   2419   6
r  2473   2376   2424   6
r  2478   2480   2379   6
r  1497   1597   1449   6
r  1498   1500   1597   6
r  1398   1400   1449   6
r  1400   1449   1597   6
r  1399   1549   1500   6
r  1597   1449   1398   6
r  1546   1497   1597   6
r  1644   1595   1648   6
r  1941   1842   1841   6
r  2185   2083   2136   6
r  2087   2136   2085   6
r  2138   2086   2237   6
r  2476   2427   2376   6
r  2429   2481   2376   6
r  2481   2479   2382   6
r  1549   1600   1648   6
r  1700   1749   1597   6
r  1893   1896   1795   6
r  2236   2187   2385   6
r  2339   2392   2237   6
r  2482   2433   2385   6
r  2432   2483   2385   6
r  2334   2434   2385   6
r  2386   2333   2437   6
r  2433   2382   2436   6
r  2437   2433   2336   6
r  2438   2487   2385   6
r  2488   2436   2385   6
r  2436   2336   2385   6
r  2484   2385   2433   6
r  1699   1597   1648   6
r  1750   1850   1699   6
r  1798   1749   1648   6
r  1749   1698   1648   6
r  1746   1795   1895   6
r  1844   1795   1895   6
r  1847   1896   1795   6
r  2337   2288   2436   6
r  2440   2340   2391   6
r  2489   2387   2441   6
r  2046   2097   2099   6
r  2195   2143   2246   6
r  2049   2150   2096   6
r  2486   2385   2484   6
r  2388   2336   2441   6
r  2390   2441   2442   6
r  2341   2392   2441   6
r  2047   1999   2099   6
r  1999   2099   1950   6
r  2050   1999   2048   6
r  2149   2248   2246   6
r  2492   2441   2446   6
r  1899   1895   2048   6
r  1950   2048   2099   6
r  1997   1999   2048   6
r  2097   2149   2099   6
r  2443   2449   2445   6
r  2395   2246   2447   6
r  2345   2396   2445   6
r  2000   2049   2048   6
r  2295   2199   2249   6
r  2250   2199   2246   6
r  2446   2448   2246   6
r  2300   2200   2246   6
r  2347   2445   2246   6
r  2494   2445   2447   6
r  2396   2447   2445   6
r  2397   2445   2446   6
r  2298   2246   2445   6
r  2348   2445   2447   6
r  2299   2246   2297   6
r  2496   2399   2445   6
r  2497   2448   2446   6
r  2499   2399   2446   6
r  2400   2449   2446   6
r  2399   2447   2446   6
r  2398   2446   2447   6
r  2498   2446   2447   6
r  2349   2446   2445   6
r  2449   2446   2445   6
r  2450   2446   2445   6
r  2500   2448   2445   6
r  1   102   53   7
r  51   53   54   7
r  2   54   105   7
r  101   53   105   7
r  102   2   105   7
r  54   102   3   7
r  3   103   105   7
r  151   102   105   7
r  103   105   154   7
r  152   252   53   7
r  4   105   53   7
r  155   102   53   7
r  104   102   53   7
r  154   102   53   7
r  153   53   52   7
r  55   53   154   7
r  6   108   105   7
r  201   108   303   7
r  255   306   304   7
r  251   253   303   7
r  354   356   254   7
r  351   303   402   7
r  208   259   159   7
r  57   159   108   7
r  158   209   107   7
r  209   108   107   7
r  8   108   159   7
r  161   107   108   7
r  160   162   108   7
r  10   59   108   7
r  62   164   108   7
r  110   59   164   7
r  111   164   59   7
r  301   303   352   7
r  60   108   159   7
r  451   551   554   7
r  452   554   503   7
r  454   503   554   7
r  503   451   551   7
r  410   361   412   7
r  215   263   266   7
r  166   65   164   7
r  66   17   164   7
r  67   167   164   7
r  18   66   164   7
r  501   602   503   7
r  502   554   504   7
r  552   554   603   7
r  411   462   360   7
r  216   164   267   7
r  653   704   554   7
r  704   702   652   7
r  702   602   653   7
r  651   751   854   7
r  119   219   68   7
r  20   71   121   7
r  72   120   172   7
r  752   902   854   7
r  854   905   754   7
r  468   417   466   7
r  370   321   421   7
r  76   72   120   7
r  806   857   755   7
r  804   751   902   7
r  803   854   904   7
r  863   763   812   7
r  801   902   854   7
r  802   902   854   7
r  852   854   752   7
r  954   856   902   7
r  274   277   373   7
r  126   26   175   7
r  74   122   224   7
r  1007   1106   1157   7
r  961   1061   1009   7
r  951   751   902   7
r  952   852   1102   7
r  1004   1104   1102   7
r  373   276   277   7
r  275   326   226   7
r  718   817   769   7
r  670   719   768   7
r  721   772   820   7
r  78   29   130   7
r  30   81   128   7
r  81   33   129   7
r  1009   1060   1111   7
r  1012   1061   1060   7
r  1013   1060   912   7
r  1002   1102   1053   7
r  1101   1103   1003   7
r  1105   1056   1006   7
r  1051   1003   1103   7
r  820   871   772   7
r  525   574   527   7
r  28   126   79   7
r  29   128   130   7
r  180   129   128   7
r  31   83   33   7
r  967   916   866   7
r  1152   1103   1305   7
r  279   328   228   7
r  35   86   83   7
r  1159   1110   1111   7
r  1202   1251   1305   7
r  1302   1204   1305   7
r  1301   1201   1305   7
r  1358   1361   1460   7
r  1254   1203   1251   7
r  1252   1305   1402   7
r  1303   1251   1252   7
r  1501   1401   1403   7
r  1451   1502   1305   7
r  1506   1555   1305   7
r  330   379   382   7
r  36   84   135   7
r  133   233   34   7
r  184   84   284   7
r  183   283   135   7
r  233   135   132   7
r  234   135   83   7
r  1212   1313   1210   7
r  1264   1262   1215   7
r  433   382   531   7
r  876   874   776   7
r  976   1027   877   7
r  286   335   185   7
r  88   90   140   7
r  89   188   138   7
r  1459   1510   1559   7
r  1458   1357   1559   7
r  1601   1552   1701   7
r  1553   1653   1602   7
r  1604   1602   1552   7
r  1703   1752   1552   7
r  1652   1701   1552   7
r  532   581   583   7
r  681   632   728   7
r  38   90   140   7
r  139   141   90   7
r  142   189   140   7
r  40   139   138   7
r  92   90   138   7
r  189   191   138   7
r  191   289   138   7
r  239   340   138   7
r  1463   1465   1411   7
r  1653   1552   1602   7
r  1753   1902   1852   7
r  929   878   1030   7
r  143   92   145   7
r  293   241   192   7
r  290   339   388   7
r  93   145   98   7
r  1562   1462   1614   7
r  1273   1275   1224   7
r  1224   1222   1175   7
r  1854   1952   1754   7
r  1179   1230   1278   7
r  884   836   832   7
r  835   934   833   7
r  390   290   339   7
r  144   294   98   7
r  145   45   199   7
r  294   243   145   7
r  194   294   98   7
r  44   98   199   7
r  1667   1715   1764   7
r  1473   1475   1425   7
r  1903   1854   1952   7
r  1954   1905   1853   7
r  1759   1708   1810   7
r  1906   1957   1855   7
r  1811   1710   1859   7
r  1328   1379   1229   7
r  885   833   837   7
r  392   394   441   7
r  246   295   98   7
r  96   47   98   7
r  97   199   349   7
r  200   98   349   7
r  46   98   199   7
r  247   296   98   7
r  298   199   349   7
r  196   147   145   7
r  99   199   145   7
r  149   98   145   7
r  198   349   145   7
r  49   199   145   7
r  50   98   145   7
r  148   146   349   7
r  250   199   349   7
r  300   199   349   7
r  150   145   98   7
r  249   145   98   7
r  299   199   98   7
r  147   349   98   7
r  396   349   98   7
r  1716   1768   1765   7
r  1669   1617   1721   7
r  1767   1718   1770   7
r  1526   1528   1624   7
r  1625   1525   1623   7
r  1722   1820   1720   7
r  1952   2001   2053   7
r  2001   2053   2003   7
r  2003   2103   2101   7
r  1957   2108   1905   7
r  1182   1281   1285   7
r  1380   1432   1378   7
r  1085   1136   983   7
r  296   345   349   7
r  350   250   199   7
r  398   98   447   7
r  499   550   697   7
r  496   448   447   7
r  100   98   349   7
r  197   145   199   7
r  346   349   395   7
r  1724   1625   1575   7
r  1577   1528   1479   7
r  2002   2051   2103   7
r  2051   2102   2103   7
r  2103   2202   2252   7
r  2052   2152   2003   7
r  2102   2053   2003   7
r  2105   2003   2053   7
r  1958   1956   1960   7
r  542   593   644   7
r  692   744   644   7
r  1136   1185   1035   7
r  1234   1282   1185   7
r  500   349   449   7
r  498   449   397   7
r  549   400   697   7
r  547   650   598   7
r  546   697   598   7
r  597   549   697   7
r  1827   1778   1829   7
r  1876   1925   1927   7
r  2202   2101   2052   7
r  2201   2252   2101   7
r  2153   2202   2102   7
r  2154   2152   2103   7
r  2252   2301   2307   7
r  2203   2251   2152   7
r  2353   2453   2307   7
r  2059   2008   1960   7
r  1041   994   889   7
r  795   746   697   7
r  1334   1283   1285   7
r  1333   1432   1282   7
r  699   598   697   7
r  647   695   645   7
r  698   749   799   7
r  600   499   697   7
r  749   798   697   7
r  800   700   697   7
r  799   699   697   7
r  748   799   697   7
r  798   747   697   7
r  850   749   697   7
r  1964   2015   2013   7
r  2017   2068   1970   7
r  2255   2354   2306   7
r  2301   2352   2307   7
r  2302   2402   2307   7
r  2406   2358   2252   7
r  2303   2307   2354   7
r  2352   2453   2307   7
r  2254   2453   2307   7
r  1090   1188   1240   7
r  1434   1383   1333   7
r  700   697   598   7
r  797   697   897   7
r  2216   2165   2315   7
r  1928   2026   1977   7
r  1977   1877   2026   7
r  2168   2219   2268   7
r  2305   2352   2307   7
r  2304   2352   2307   7
r  2351   2454   2355   7
r  2404   2402   2307   7
r  2356   2408   2354   7
r  2456   2407   2408   7
r  2407   2309   2358   7
r  2457   2408   2307   7
r  2458   2307   2406   7
r  2454   2252   2307   7
r  2401   2352   2307   7
r  2355   2406   2307   7
r  2451   2453   2307   7
r  2409   2358   2307   7
r  2460   2406   2307   7
r  2260   2209   2412   7
r  1044   1144   1096   7
r  1191   1090   1089   7
r  1143   1192   1242   7
r  948   999   1000   7
r  2269   2168   2419   7
r  2266   2317   2412   7
r  2321   2419   2417   7
r  2310   2364   2412   7
r  2410   2309   2315   7
r  2461   2412   2315   7
r  2262   2360   2412   7
r  2263   2315   2214   7
r  2261   2412   2315   7
r  1196   1345   1045   7
r  1048   949   948   7
r  1491   1539   1542   7
r  1394   1494   1543   7
r  1833   1782   1935   7
r  2264   2364   2315   7
r  2367   2419   2364   7
r  2314   2415   2360   7
r  2313   2364   2412   7
r  2312   2360   2412   7
r  2466   2417   2369   7
r  2462   2415   2315   7
r  2311   2412   2315   7
r  2467   2419   2315   7
r  2364   2415   2412   7
r  2463   2315   2360   7
r  2465   2315   2360   7
r  2080   2032   2180   7
r  2282   2181   2180   7
r  2422   2371   2419   7
r  2420   2418   2372   7
r  2324   2427   2376   7
r  2469   2369   2417   7
r  2361   2315   2415   7
r  2363   2315   2412   7
r  2362   2315   2360   7
r  1197   1199   1099   7
r  1148   1199   1099   7
r  1100   1248   1148   7
r  1200   1148   1248   7
r  1248   1297   1099   7
r  1199   1247   1099   7
r  1294   1246   1296   7
r  1295   1396   1244   7
r  1346   1395   1244   7
r  1886   1935   1984   7
r  2033   2085   1984   7
r  2418   2367   2421   7
r  2470   2370   2419   7
r  2468   2369   2419   7
r  2426   2324   2379   7
r  2427   2378   2379   7
r  2328   2277   2376   7
r  2332   2383   2433   7
r  2234   2083   2282   7
r  2473   2424   2376   7
r  2478   2379   2376   7
r  1247   1295   1198   7
r  1297   1395   1446   7
r  1250   1099   1198   7
r  1495   1597   1543   7
r  1643   1592   1543   7
r  2083   2186   2085   7
r  2476   2425   2427   7
r  2381   2429   2385   7
r  2284   2385   2382   7
r  2235   2237   2385   7
r  2481   2382   2385   7
r  1398   1449   1396   7
r  1497   1449   1597   7
r  1400   1597   1449   7
r  1449   1549   1597   7
r  1641   1592   1693   7
r  1992   2041   2092   7
r  2383   2335   2436   7
r  2334   2385   2436   7
r  2286   2384   2437   7
r  2483   2332   2383   7
r  2434   2335   2436   7
r  2484   2436   2385   7
r  2337   2436   2385   7
r  2486   2488   2385   7
r  2338   2441   2391   7
r  1500   1549   1648   7
r  1548   1449   1648   7
r  1794   1742   1792   7
r  2089   2140   2091   7
r  2093   2193   1993   7
r  2485   2385   2436   7
r  2438   2385   2441   7
r  2341   2441   2339   7
r  1599   1748   1500   7
r  1550   1649   1599   7
r  1798   1948   1699   7
r  1800   1699   1648   7
r  1849   1900   1648   7
r  2046   2099   2246   7
r  2045   2093   2043   7
r  2390   2442   2441   7
r  2442   2439   2447   7
r  1799   1648   1998   7
r  1898   1947   1749   7
r  1950   1998   2048   7
r  1996   2097   2047   7
r  2096   2246   2195   7
r  2048   2097   2246   7
r  2147   2099   2246   7
r  2196   2145   2098   7
r  1999   1950   2099   7
r  2099   2200   2246   7
r  2493   2447   2445   7
r  2393   2395   2445   7
r  2343   2346   2246   7
r  2443   2445   2446   7
r  2444   2392   2447   7
r  2395   2447   2246   7
r  2345   2445   2447   7
r  1948   1900   2048   7
r  1949   2048   2099   7
r  1997   2048   1948   7
r  2247   2296   2199   7
r  2249   2446   2247   7
r  2148   2049   2246   7
r  2150   2099   2246   7
r  2198   2098   2246   7
r  2298   2445   2246   7
r  2445   2297   2246   7
r  2346   2446   2447   7
r  2197   2246   2446   7
r  2199   2246   2099   7
r  2494   2446   2445   7
r  2396   2445   2447   7
r  2350   2445   2447   7
r  2499   2445   2447   7
r  2397   2346   2445   7
r  2347   2246   2446   7
r  2448   2445   2446   7
r  2450   2447   2446   7
r  2398   2445   2446   7
r  2498   2447   2446   7
r  2500   2447   2446   7
r  2348   2297   2445   7
r  2400   2446   2447   7
r  2399   2446   2447   7
r  2449   2498   2447   7
r  2299   2297   2445   7
r  1   53   105   8
r  51   102   53   8
r  2   105   54   8
r  101   54   53   8
r  52   105   154   8
r  54   105   102   8
r  55   154   53   8
r  104   53   52   8
r  155   55   54   8
r  6   58   108   8
r  103   54   105   8
r  5   102   105   8
r  152   54   105   8
r  4   53   105   8
r  205   306   105   8
r  203   252   53   8
r  201   303   352   8
r  202   353   303   8
r  57   157   159   8
r  157   159   108   8
r  9   108   107   8
r  8   159   108   8
r  58   107   159   8
r  62   162   164   8
r  211   159   108   8
r  11   164   108   8
r  257   306   108   8
r  164   314   108   8
r  111   59   60   8
r  351   402   253   8
r  306   308   207   8
r  258   210   159   8
r  402   453   353   8
r  451   554   303   8
r  210   212   159   8
r  162   108   164   8
r  112   108   164   8
r  12   63   163   8
r  17   117   164   8
r  216   267   164   8
r  404   504   502   8
r  309   410   412   8
r  504   453   604   8
r  118   169   71   8
r  503   601   454   8
r  502   504   554   8
r  362   360   314   8
r  20   121   120   8
r  269   272   120   8
r  553   602   454   8
r  552   503   554   8
r  414   315   412   8
r  603   554   551   8
r  469   420   368   8
r  220   171   120   8
r  23   76   172   8
r  24   75   123   8
r  124   172   75   8
r  174   126   122   8
r  704   755   702   8
r  652   654   854   8
r  703   751   854   8
r  661   760   512   8
r  805   854   857   8
r  807   756   709   8
r  701   652   854   8
r  753   853   902   8
r  565   614   613   8
r  521   472   518   8
r  573   522   474   8
r  27   130   128   8
r  128   79   228   8
r  30   128   79   8
r  177   126   130   8
r  803   904   854   8
r  853   902   754   8
r  802   853   902   8
r  801   853   902   8
r  852   752   854   8
r  952   1102   854   8
r  714   663   614   8
r  325   277   274   8
r  669   769   768   8
r  28   79   130   8
r  85   33   83   8
r  31   135   132   8
r  230   228   130   8
r  82   135   133   8
r  764   815   865   8
r  1059   1158   1007   8
r  1106   1006   1007   8
r  720   618   769   8
r  624   575   576   8
r  35   33   135   8
r  132   228   135   8
r  32   83   135   8
r  478   475   530   8
r  1001   1003   1004   8
r  1102   1351   1305   8
r  1051   1102   1053   8
r  1054   1103   1102   8
r  1109   1060   1158   8
r  527   625   530   8
r  676   727   728   8
r  134   37   132   8
r  136   138   140   8
r  87   136   140   8
r  183   135   234   8
r  1115   1064   1016   8
r  1204   1251   1302   8
r  1154   1203   1302   8
r  1206   1055   1305   8
r  677   728   726   8
r  89   138   188   8
r  39   138   140   8
r  383   283   331   8
r  1452   1404   1403   8
r  1252   1402   1305   8
r  1256   1207   1305   8
r  1402   1455   1305   8
r  1454   1356   1305   8
r  1455   1406   1305   8
r  1407   1456   1305   8
r  1253   1305   1302   8
r  1362   1311   1310   8
r  877   926   925   8
r  972   1023   1072   8
r  187   189   140   8
r  190   138   90   8
r  240   192   140   8
r  241   140   138   8
r  633   532   582   8
r  1264   1215   1366   8
r  1301   1305   1252   8
r  1551   1502   1702   8
r  1502   1602   1702   8
r  1464   1513   1512   8
r  828   830   880   8
r  732   781   735   8
r  437   388   385   8
r  242   294   343   8
r  193   195   98   8
r  43   145   199   8
r  93   98   145   8
r  683   732   783   8
r  1601   1502   1653   8
r  1503   1552   1604   8
r  1554   1602   1502   8
r  1651   1702   1552   8
r  1654   1605   1552   8
r  1653   1701   1552   8
r  1603   1502   1652   8
r  1555   1755   1559   8
r  1465   1516   1512   8
r  1565   1517   1464   8
r  1512   1412   1663   8
r  1077   1177   1178   8
r  340   391   389   8
r  389   338   489   8
r  486   437   586   8
r  98   199   349   8
r  244   145   199   8
r  44   95   145   8
r  144   193   349   8
r  245   144   145   8
r  145   199   349   8
r  95   146   349   8
r  834   782   735   8
r  884   832   783   8
r  1418   1366   1415   8
r  1751   1651   1802   8
r  1515   1464   1512   8
r  1713   1664   1615   8
r  392   441   395   8
r  48   149   145   8
r  99   145   199   8
r  47   145   349   8
r  196   145   349   8
r  200   349   98   8
r  46   145   98   8
r  149   145   98   8
r  50   199   98   8
r  297   295   98   8
r  350   299   98   8
r  100   199   98   8
r  295   394   98   8
r  347   349   98   8
r  398   447   98   8
r  198   299   349   8
r  45   98   145   8
r  249   98   349   8
r  150   98   349   8
r  147   98   145   8
r  49   98   199   8
r  400   447   199   8
r  298   349   199   8
r  247   98   199   8
r  300   98   199   8
r  346   446   199   8
r  96   98   349   8
r  250   98   145   8
r  299   98   145   8
r  197   199   145   8
r  1324   1424   1474   8
r  1801   1852   1753   8
r  1851   1803   1802   8
r  1275   1277   1175   8
r  1032   1084   1035   8
r  1033   1035   984   8
r  838   887   889   8
r  789   889   840   8
r  345   294   349   8
r  296   349   344   8
r  396   98   349   8
r  499   697   447   8
r  500   449   349   8
r  498   400   349   8
r  1034   1032   983   8
r  1903   1905   1754   8
r  1901   2003   2053   8
r  1807   1855   1905   8
r  1759   1810   1811   8
r  1524   1527   1475   8
r  1136   1133   1185   8
r  545   542   697   8
r  547   598   697   8
r  546   598   697   8
r  550   697   598   8
r  988   1037   889   8
r  692   644   592   8
r  642   593   691   8
r  1523   1623   1474   8
r  1771   1820   1871   8
r  1951   2053   2103   8
r  2001   2103   2053   8
r  2007   2058   1905   8
r  1958   2009   1905   8
r  1332   1433   1481   8
r  1235   1335   1284   8
r  1383   1331   1285   8
r  941   990   889   8
r  890   990   991   8
r  940   938   991   8
r  648   549   697   8
r  600   697   598   8
r  796   845   697   8
r  698   799   598   8
r  646   598   648   8
r  744   746   795   8
r  650   598   648   8
r  699   549   598   8
r  799   750   699   8
r  700   749   697   8
r  797   897   697   8
r  900   897   697   8
r  891   889   991   8
r  2002   2103   2101   8
r  2003   2101   2103   8
r  2051   2103   2002   8
r  2052   2003   2152   8
r  2202   2052   2103   8
r  2105   2054   2101   8
r  2151   2103   2053   8
r  2201   2103   2053   8
r  2101   2001   2103   8
r  1960   1909   1911   8
r  1961   2010   1908   8
r  1677   1775   1778   8
r  1333   1282   1432   8
r  1287   1336   1289   8
r  1387   1288   1539   8
r  1090   1141   1189   8
r  849   697   847   8
r  798   697   749   8
r  950   947   948   8
r  1922   2023   2022   8
r  2104   2101   2052   8
r  2153   2102   2101   8
r  2205   2252   2103   8
r  2203   2252   2307   8
r  2251   2103   2307   8
r  2010   1911   2111   8
r  1965   1865   1963   8
r  1964   2013   2015   8
r  1437   1488   1490   8
r  1140   1240   1189   8
r  1190   1139   1141   8
r  1044   1096   1095   8
r  946   1048   1198   8
r  1093   1144   1045   8
r  2070   2117   2171   8
r  2122   2071   2120   8
r  2306   2253   2252   8
r  2301   2402   2352   8
r  2303   2352   2307   8
r  2258   2210   2307   8
r  2215   2266   2315   8
r  1734   1835   1782   8
r  1735   1687   1783   8
r  1487   1539   1538   8
r  1342   1242   1244   8
r  1394   1445   1244   8
r  2405   2307   2354   8
r  2407   2459   2307   8
r  2358   2458   2406   8
r  2355   2402   2406   8
r  2401   2307   2406   8
r  2304   2255   2306   8
r  2351   2355   2454   8
r  2458   2406   2307   8
r  2267   2167   2315   8
r  2265   2216   2412   8
r  1491   1438   1543   8
r  1740   1691   1589   8
r  1739   1788   1589   8
r  1689   1840   1741   8
r  1343   1243   1242   8
r  1344   1244   1242   8
r  1248   1099   1300   8
r  1200   1248   1099   8
r  1150   949   1198   8
r  1299   1348   1198   8
r  1349   1250   1198   8
r  1250   1198   1099   8
r  2029   2077   2127   8
r  2271   2371   2322   8
r  2455   2307   2351   8
r  2452   2307   2351   8
r  2461   2360   2412   8
r  2262   2412   2315   8
r  2261   2315   2412   8
r  2416   2467   2412   8
r  2415   2412   2360   8
r  2366   2415   2315   8
r  2463   2360   2315   8
r  2465   2360   2315   8
r  2363   2360   2315   8
r  2362   2461   2315   8
r  2411   2409   2360   8
r  1789   1690   1689   8
r  1692   1643   1743   8
r  1295   1244   1343   8
r  1545   1496   1543   8
r  1446   1597   1543   8
r  1399   1450   1648   8
r  2031   2131   2180   8
r  2375   2426   2379   8
r  2227   2279   2379   8
r  2230   2124   2279   8
r  2280   2231   2180   8
r  2368   2315   2419   8
r  2417   2366   2419   8
r  2420   2472   2471   8
r  2374   2426   2376   8
r  2311   2315   2412   8
r  2471   2370   2423   8
r  2032   1981   2085   8
r  2036   2087   2085   8
r  1693   1792   1794   8
r  1447   1396   1597   8
r  1498   1449   1398   8
r  1596   1593   1648   8
r  2425   2427   2325   8
r  2379   2331   2277   8
r  2328   2376   2277   8
r  2470   2419   2421   8
r  2473   2475   2426   8
r  2475   2426   2478   8
r  2429   2478   2424   8
r  2235   2186   2085   8
r  1694   1595   1648   8
r  1843   1894   1895   8
r  1645   1843   1744   8
r  1747   1848   1648   8
r  1450   1398   1648   8
r  1549   1650   1597   8
r  1550   1648   1699   8
r  1600   1500   1699   8
r  1798   1699   1599   8
r  1848   1799   1648   8
r  1799   1998   1648   8
r  2477   2376   2379   8
r  2428   2376   2426   8
r  2478   2424   2379   8
r  1844   1893   1795   8
r  1749   1648   1697   8
r  1950   2099   1998   8
r  2431   2382   2385   8
r  2482   2381   2433   8
r  2432   2385   2436   8
r  2334   2433   2385   8
r  2484   2433   2436   8
r  2485   2335   2385   8
r  2438   2436   2385   8
r  2483   2385   2436   8
r  2338   2391   2289   8
r  2489   2441   2342   8
r  2390   2392   2339   8
r  2046   2048   2044   8
r  1846   1895   1894   8
r  1900   2048   1998   8
r  1949   1998   2048   8
r  2000   2099   2049   8
r  2336   2385   2436   8
r  2487   2385   2436   8
r  2490   2441   2391   8
r  2342   2391   2447   8
r  2294   2394   2246   8
r  2147   2246   2099   8
r  1997   1949   2049   8
r  2443   2446   2445   8
r  2447   2300   2246   8
r  2444   2447   2246   8
r  2345   2447   2445   8
r  2250   2150   2447   8
r  2300   2249   2445   8
r  2298   2249   2295   8
r  2197   2446   2246   8
r  2199   2197   2246   8
r  2495   2446   2246   8
r  2347   2295   2246   8
r  2348   2445   2246   8
r  2346   2447   2446   8
r  2493   2445   2447   8
r  2448   2446   2445   8
r  2349   2445   2446   8
r  2494   2445   2446   8
r  2396   2298   2445   8
r  2350   2446   2445   8
r  2499   2446   2445   8
r  2450   2446   2447   8
r  2498   2445   2447   8
r  2500   2445   2447   8
r  2299   2445   2447   8
r  2200   2246   2447   8
r  2198   2246   2298   8
r  2398   2447   2445   8
r  2400   2447   2446   8
r  2399   2447   2446   8
r  2449   2447   2446   8
r  1   105   53   9
r  51   54   105   9
r  2   54   105   9
r  53   151   153   9
r  52   154   105   9
r  151   54   154   9
r  103   105   108   9
r  54   102   105   9
r  152   105   353   9
r  203   152   105   9
r  4   105   53   9
r  104   52   53   9
r  254   306   53   9
r  5   53   253   9
r  201   352   303   9
r  204   53   304   9
r  304   353   256   9
r  206   159   108   9
r  251   351   253   9
r  58   109   107   9
r  158   107   209   9
r  57   159   161   9
r  208   159   108   9
r  209   211   108   9
r  9   107   108   9
r  60   112   108   9
r  259   210   108   9
r  210   261   108   9
r  112   61   108   9
r  113   164   108   9
r  110   164   159   9
r  351   302   303   9
r  302   353   401   9
r  301   352   253   9
r  402   353   253   9
r  401   303   253   9
r  356   407   506   9
r  453   554   303   9
r  211   108   159   9
r  63   164   12   9
r  165   315   214   9
r  265   267   164   9
r  168   22   164   9
r  452   503   554   9
r  501   554   454   9
r  21   120   69   9
r  555   455   504   9
r  552   554   454   9
r  603   601   554   9
r  313   264   311   9
r  366   317   368   9
r  170   221   123   9
r  72   172   120   9
r  70   72   122   9
r  465   366   412   9
r  558   658   609   9
r  702   653   854   9
r  461   510   610   9
r  271   219   322   9
r  418   367   466   9
r  419   371   370   9
r  559   608   709   9
r  512   561   611   9
r  662   611   710   9
r  661   512   663   9
r  752   854   902   9
r  751   652   902   9
r  77   126   130   9
r  372   421   470   9
r  612   610   615   9
r  806   755   854   9
r  803   854   902   9
r  853   851   902   9
r  801   854   752   9
r  856   956   902   9
r  851   902   904   9
r  27   128   130   9
r  78   27   129   9
r  30   79   128   9
r  79   77   128   9
r  177   130   129   9
r  375   277   274   9
r  719   819   618   9
r  623   674   524   9
r  665   765   663   9
r  716   616   613   9
r  958   909   1007   9
r  815   915   812   9
r  964   865   812   9
r  951   902   1053   9
r  1003   1103   1052   9
r  1002   1004   1103   9
r  955   1004   906   9
r  180   132   129   9
r  181   129   128   9
r  230   130   128   9
r  131   179   129   9
r  31   132   135   9
r  82   133   135   9
r  717   766   768   9
r  1056   957   1157   9
r  1001   1103   1053   9
r  182   283   135   9
r  279   179   230   9
r  869   768   772   9
r  1066   1064   1114   9
r  1115   1016   1064   9
r  1101   1003   1104   9
r  1155   1204   1305   9
r  1205   1052   1105   9
r  1154   1305   1202   9
r  133   34   84   9
r  85   78   132   9
r  35   135   132   9
r  34   135   132   9
r  282   331   233   9
r  136   185   83   9
r  184   284   83   9
r  36   83   34   9
r  186   137   135   9
r  86   185   83   9
r  677   628   728   9
r  1160   1009   1158   9
r  1151   1202   1252   9
r  1253   1302   1305   9
r  1406   1354   1305   9
r  1301   1202   1305   9
r  1453   1552   1305   9
r  1456   1507   1305   9
r  1503   1604   1305   9
r  1303   1202   1251   9
r  580   682   582   9
r  924   1025   1023   9
r  1022   922   970   9
r  972   1072   1023   9
r  973   1070   922   9
r  681   729   730   9
r  1121   1220   1172   9
r  1251   1305   1202   9
r  1454   1305   1554   9
r  1501   1305   1702   9
r  1451   1305   1453   9
r  1506   1305   1559   9
r  532   632   584   9
r  338   437   336   9
r  89   188   138   9
r  90   87   188   9
r  190   90   138   9
r  192   138   188   9
r  39   90   138   9
r  92   138   140   9
r  241   138   140   9
r  242   343   140   9
r  239   138   139   9
r  142   140   145   9
r  974   922   971   9
r  1363   1267   1366   9
r  1371   1320   1220   9
r  1409   1461   1411   9
r  1551   1602   1701   9
r  1601   1701   1702   9
r  1653   1552   1604   9
r  435   384   484   9
r  387   385   338   9
r  43   199   145   9
r  93   145   98   9
r  94   145   349   9
r  143   245   199   9
r  686   735   637   9
r  1126   1026   1078   9
r  831   833   783   9
r  1418   1367   1365   9
r  1372   1321   1271   9
r  1752   1803   1754   9
r  1751   1852   1753   9
r  1704   1755   1653   9
r  194   98   349   9
r  98   349   199   9
r  244   98   145   9
r  294   245   98   9
r  44   199   98   9
r  199   349   145   9
r  195   294   98   9
r  146   244   349   9
r  96   349   98   9
r  248   98   199   9
r  97   349   199   9
r  200   98   349   9
r  298   199   349   9
r  49   199   98   9
r  48   199   349   9
r  299   250   98   9
r  147   199   349   9
r  197   146   349   9
r  148   349   145   9
r  196   349   145   9
r  149   349   145   9
r  100   349   145   9
r  295   98   145   9
r  249   349   145   9
r  300   349   145   9
r  396   349   145   9
r  399   397   145   9
r  448   497   145   9
r  449   447   145   9
r  1130   1132   1135   9
r  1323   1321   1221   9
r  832   732   783   9
r  1565   1464   1512   9
r  1467   1518   1618   9
r  1804   1903   1852   9
r  1706   1755   1806   9
r  1756   1658   1754   9
r  1801   1754   1852   9
r  489   538   589   9
r  99   199   349   9
r  46   199   349   9
r  50   145   349   9
r  45   145   98   9
r  150   349   98   9
r  247   145   98   9
r  346   199   98   9
r  296   344   98   9
r  348   397   98   9
r  450   447   98   9
r  499   349   98   9
r  297   98   199   9
r  250   145   199   9
r  47   98   199   9
r  347   98   349   9
r  445   344   349   9
r  1327   1276   1175   9
r  1275   1175   1224   9
r  1033   934   982   9
r  885   936   786   9
r  1673   1722   1575   9
r  1953   2053   1754   9
r  1762   1662   1859   9
r  546   597   598   9
r  550   598   697   9
r  1476   1474   1524   9
r  1084   1033   983   9
r  1716   1765   1764   9
r  1768   1770   1720   9
r  1524   1475   1575   9
r  1868   1917   1916   9
r  2003   2103   2052   9
r  1951   2103   2053   9
r  2051   2002   2103   9
r  1907   1956   2006   9
r  2001   2003   2101   9
r  542   644   593   9
r  987   989   990   9
r  594   543   697   9
r  645   596   598   9
r  600   598   697   9
r  1184   1233   1285   9
r  1233   1285   1185   9
r  1282   1284   1432   9
r  1283   1234   1185   9
r  1815   1866   1813   9
r  1774   1725   1776   9
r  2002   2101   2103   9
r  2054   2002   2003   9
r  2152   2103   2053   9
r  2102   2104   2151   9
r  2202   2103   2052   9
r  2105   2101   2052   9
r  2203   2307   2053   9
r  2107   2055   2207   9
r  2206   2155   2307   9
r  647   645   699   9
r  800   699   649   9
r  850   799   648   9
r  846   946   697   9
r  849   847   697   9
r  798   749   697   9
r  646   697   598   9
r  650   697   699   9
r  749   697   598   9
r  642   691   693   9
r  1287   1289   1388   9
r  1677   1778   1725   9
r  945   897   997   9
r  1042   994   942   9
r  1968   1917   2017   9
r  1975   2026   1927   9
r  2201   2053   2307   9
r  2154   2205   2307   9
r  2205   2101   2307   9
r  2204   2151   2307   9
r  2253   2307   2354   9
r  2353   2255   2302   9
r  1043   994   1045   9
r  896   945   999   9
r  1140   1189   1191   9
r  1095   1194   1244   9
r  946   997   897   9
r  1141   1189   1242   9
r  2013   2163   2111   9
r  2063   2114   1963   9
r  2073   2021   2174   9
r  2170   2268   2218   9
r  2302   2307   2454   9
r  2303   2307   2406   9
r  2354   2307   2406   9
r  2208   2157   2307   9
r  2403   2307   2352   9
r  2456   2408   2407   9
r  2405   2354   2307   9
r  2401   2406   2307   9
r  2455   2351   2307   9
r  2452   2351   2307   9
r  1785   1783   1684   9
r  1833   1884   1782   9
r  1145   1047   1045   9
r  1049   1000   949   9
r  1050   1099   1198   9
r  2112   2114   2161   9
r  1928   2027   2029   9
r  2076   2125   2127   9
r  2168   2268   2171   9
r  2454   2307   2403   9
r  2408   2307   2351   9
r  2409   2307   2406   9
r  2402   2307   2351   9
r  2360   2412   2315   9
r  2451   2307   2454   9
r  1146   1198   999   9
r  1935   1984   1937   9
r  1292   1344   1343   9
r  1344   1193   1244   9
r  1590   1542   1543   9
r  1393   1294   1345   9
r  1147   1096   1099   9
r  1248   1300   1099   9
r  1299   1200   1148   9
r  1300   1247   1198   9
r  1250   1099   1198   9
r  1348   1400   1198   9
r  1150   1198   1148   9
r  2219   2268   2118   9
r  2267   2315   2414   9
r  2414   2465   2360   9
r  2226   2277   2327   9
r  2322   2370   2419   9
r  2179   2230   2228   9
r  2262   2315   2412   9
r  2263   2214   2315   9
r  2311   2412   2315   9
r  2361   2415   2315   9
r  2411   2414   2315   9
r  2415   2315   2412   9
r  2462   2414   2360   9
r  1545   1597   1496   9
r  1297   1396   1398   9
r  2264   2316   2412   9
r  2367   2364   2315   9
r  2314   2360   2414   9
r  2467   2465   2412   9
r  2366   2414   2412   9
r  2363   2412   2414   9
r  2368   2419   2315   9
r  2274   2272   2373   9
r  2276   2327   2379   9
r  2327   2325   2379   9
r  2321   2272   2370   9
r  2420   2471   2472   9
r  2423   2475   2419   9
r  2374   2376   2277   9
r  2231   2282   2180   9
r  2312   2315   2261   9
r  1888   1937   1840   9
r  1742   1744   1840   9
r  1498   1597   1397   9
r  1449   1597   1648   9
r  2369   2467   2421   9
r  2417   2319   2421   9
r  2470   2421   2419   9
r  2370   2272   2417   9
r  2468   2419   2370   9
r  2426   2379   2478   9
r  2425   2325   2379   9
r  2328   2277   2376   9
r  2329   2277   2376   9
r  2473   2376   2421   9
r  2474   2376   2379   9
r  2187   2284   2135   9
r  1940   1840   1891   9
r  2186   2234   2085   9
r  1793   1742   1892   9
r  1942   1991   2092   9
r  1645   1694   1648   9
r  1750   1699   1597   9
r  1649   1600   1597   9
r  1550   1599   1648   9
r  1748   1699   1649   9
r  1798   1599   1699   9
r  1749   1849   1648   9
r  1850   1749   1648   9
r  2378   2429   2277   9
r  2429   2424   2426   9
r  2480   2429   2376   9
r  2428   2426   2376   9
r  2476   2427   2379   9
r  2477   2379   2376   9
r  2475   2478   2426   9
r  2284   2335   2385   9
r  2189   2289   2288   9
r  2089   2141   2140   9
r  2236   2385   2436   9
r  2239   2290   2237   9
r  1845   1896   1897   9
r  1946   1897   1795   9
r  1846   1894   1895   9
r  1847   1946   1896   9
r  1950   2048   2099   9
r  1898   1849   2048   9
r  1900   1999   2048   9
r  2482   2385   2436   9
r  2432   2436   2385   9
r  2384   2436   2433   9
r  2437   2336   2484   9
r  2434   2436   2485   9
r  2483   2383   2385   9
r  2336   2383   2385   9
r  2487   2336   2385   9
r  2387   2385   2433   9
r  2286   2385   2436   9
r  2490   2391   2339   9
r  2049   2096   1948   9
r  2048   2099   2149   9
r  1948   2048   2099   9
r  2484   2385   2383   9
r  2489   2339   2441   9
r  2292   2191   2290   9
r  2392   2292   2246   9
r  2293   2242   2246   9
r  2244   2344   2246   9
r  2146   2099   2246   9
r  2147   2099   2246   9
r  2196   2098   2099   9
r  2100   1999   2246   9
r  2492   2446   2392   9
r  2393   2445   2246   9
r  2443   2448   2446   9
r  2097   2099   2246   9
r  2296   2298   2445   9
r  2197   2297   2447   9
r  2495   2447   2446   9
r  2496   2445   2246   9
r  2450   2447   2246   9
r  2498   2447   2246   9
r  2299   2347   2246   9
r  2200   2249   2246   9
r  2198   2247   2246   9
r  2493   2447   2246   9
r  2397   2446   2246   9
r  2497   2446   2246   9
r  2494   2447   2246   9
r  2396   2445   2246   9
r  2500   2446   2246   9
r  2400   2445   2246   9
r  2448   2396   2446   9
r  2349   2446   2445   9
r  2499   2445   2446   9
r  2300   2246   2447   9
r  2298   2246   2447   9
r  2347   2246   2447   9
r  2398   2445   2447   9
r  2449   2446   2447   9
r  2350   2447   2446   9
r  2399   2446   2445   9
r  1   53   105   10
r  51   105   108   10
r  52   105   154   10
r  151   154   53   10
r  102   55   154   10
r  104   53   303   10
r  103   154   105   10
r  4   53   105   10
r  153   52   108   10
r  202   351   53   10
r  59   107   159   10
r  57   161   159   10
r  258   256   108   10
r  256   205   108   10
r  260   211   108   10
r  211   159   108   10
r  162   164   108   10
r  213   162   108   10
r  204   155   256   10
r  9   108   107   10
r  157   108   161   10
r  257   108   159   10
r  61   108   159   10
r  63   163   164   10
r  16   65   117   10
r  266   217   164   10
r  251   253   352   10
r  351   253   402   10
r  301   402   303   10
r  401   253   303   10
r  404   502   554   10
r  358   306   207   10
r  312   314   310   10
r  18   164   71   10
r  363   412   311   10
r  501   454   554   10
r  452   551   454   10
r  69   118   122   10
r  19   72   120   10
r  121   221   170   10
r  469   368   521   10
r  20   69   220   10
r  464   360   412   10
r  458   456   510   10
r  502   551   454   10
r  654   702   554   10
r  603   554   454   10
r  605   656   454   10
r  552   454   554   10
r  602   605   502   10
r  653   605   604   10
r  652   854   554   10
r  171   271   122   10
r  221   122   322   10
r  74   224   122   10
r  511   560   660   10
r  805   857   854   10
r  859   759   709   10
r  755   706   857   10
r  752   803   854   10
r  751   854   803   10
r  27   130   129   10
r  30   128   130   10
r  177   128   130   10
r  275   277   326   10
r  670   672   769   10
r  721   820   772   10
r  523   471   423   10
r  803   902   854   10
r  852   854   754   10
r  763   715   812   10
r  806   754   902   10
r  853   754   802   10
r  801   752   854   10
r  28   130   129   10
r  29   130   128   10
r  180   129   228   10
r  227   178   128   10
r  231   130   128   10
r  279   230   128   10
r  181   128   130   10
r  229   231   130   10
r  31   135   132   10
r  82   84   183   10
r  714   614   663   10
r  851   854   902   10
r  961   1009   1061   10
r  1002   1103   1102   10
r  33   132   133   10
r  183   234   135   10
r  870   768   771   10
r  1012   1111   912   10
r  1104   1052   1305   10
r  1054   1052   1103   10
r  133   84   140   10
r  35   83   133   10
r  34   83   135   10
r  136   140   132   10
r  184   83   132   10
r  234   83   132   10
r  36   34   83   10
r  916   918   919   10
r  627   678   726   10
r  1066   1114   915   10
r  1060   961   1009   10
r  1101   1052   1053   10
r  1106   1007   1006   10
r  1205   1256   1305   10
r  1203   1303   1252   10
r  1154   1202   1305   10
r  531   480   583   10
r  186   135   140   10
r  629   625   728   10
r  1018   1117   970   10
r  971   1072   1023   10
r  778   628   880   10
r  1257   1306   1357   10
r  1254   1251   1202   10
r  1353   1252   1453   10
r  1301   1252   1202   10
r  1251   1202   1305   10
r  1451   1552   1305   10
r  1501   1403   1305   10
r  581   632   532   10
r  533   433   634   10
r  482   531   582   10
r  40   138   188   10
r  41   138   188   10
r  39   138   188   10
r  240   138   188   10
r  237   188   140   10
r  89   138   140   10
r  142   138   140   10
r  243   343   140   10
r  88   140   188   10
r  977   877   929   10
r  1072   1075   1024   10
r  681   728   729   10
r  1215   1167   1366   10
r  1504   1552   1602   10
r  241   140   138   10
r  92   140   98   10
r  289   188   389   10
r  143   145   98   10
r  682   782   783   10
r  1124   1175   1173   10
r  1317   1319   1365   10
r  1464   1614   1564   10
r  1459   1559   1411   10
r  1601   1653   1552   10
r  1653   1604   1552   10
r  1651   1653   1603   10
r  1701   1602   1653   10
r  1654   1603   1702   10
r  194   145   98   10
r  98   199   349   10
r  93   95   145   10
r  94   98   145   10
r  44   145   349   10
r  199   45   349   10
r  195   98   349   10
r  96   98   349   10
r  248   199   98   10
r  97   199   349   10
r  246   98   349   10
r  298   349   98   10
r  49   98   349   10
r  245   349   98   10
r  48   349   199   10
r  299   98   199   10
r  148   199   96   10
r  149   98   349   10
r  396   297   98   10
r  449   349   98   10
r  99   349   145   10
r  50   98   145   10
r  350   98   145   10
r  346   98   145   10
r  296   98   145   10
r  450   349   145   10
r  297   349   145   10
r  250   349   145   10
r  345   195   145   10
r  46   98   145   10
r  398   349   145   10
r  498   397   145   10
r  348   447   145   10
r  833   682   735   10
r  1415   1417   1366   10
r  1467   1618   1366   10
r  1656   1658   1754   10
r  1607   1556   1558   10
r  490   488   438   10
r  538   541   490   10
r  196   145   349   10
r  100   145   349   10
r  150   199   349   10
r  247   199   349   10
r  200   145   98   10
r  147   145   98   10
r  197   145   98   10
r  399   145   98   10
r  400   349   98   10
r  47   349   98   10
r  500   349   98   10
r  347   349   98   10
r  447   399   98   10
r  249   145   98   10
r  344   393   98   10
r  295   145   349   10
r  300   145   349   10
r  499   98   349   10
r  1273   1221   1175   10
r  1375   1426   1424   10
r  1475   1575   1473   10
r  1471   1369   1570   10
r  935   834   837   10
r  1515   1564   1614   10
r  1613   1713   1512   10
r  1664   1666   1512   10
r  1805   1756   1802   10
r  1801   1753   1754   10
r  495   395   697   10
r  547   648   598   10
r  691   591   541   10
r  1083   1035   984   10
r  1086   985   1135   10
r  1035   986   982   10
r  1380   1431   1432   10
r  839   788   791   10
r  1522   1623   1575   10
r  1757   1856   1905   10
r  1759   1811   1810   10
r  1857   1806   1855   10
r  2003   2052   2101   10
r  2051   2053   2102   10
r  600   697   649   10
r  599   547   699   10
r  648   697   699   10
r  700   697   647   10
r  749   649   697   10
r  647   650   598   10
r  750   699   598   10
r  650   648   697   10
r  595   647   696   10
r  646   598   697   10
r  643   594   697   10
r  848   899   697   10
r  896   797   697   10
r  899   999   697   10
r  950   948   697   10
r  794   694   697   10
r  742   791   690   10
r  1332   1481   1432   10
r  1382   1380   1431   10
r  1087   1136   1035   10
r  1523   1575   1623   10
r  1676   1727   1575   10
r  1673   1575   1721   10
r  891   991   889   10
r  1910   1959   1905   10
r  2001   2101   2003   10
r  2054   2052   2103   10
r  2152   2053   2103   10
r  2103   2252   2003   10
r  2102   2003   2053   10
r  642   644   593   10
r  1041   889   989   10
r  644   593   693   10
r  748   697   699   10
r  1532   1333   1432   10
r  1090   1189   1141   10
r  1863   1914   1764   10
r  1815   1766   1716   10
r  1909   1858   1960   10
r  2104   2152   2053   10
r  2202   2053   2307   10
r  2204   2307   2103   10
r  2201   2101   2103   10
r  948   897   1198   10
r  1049   949   1148   10
r  1098   1147   1198   10
r  1050   1198   1099   10
r  1628   1580   1630   10
r  1818   1870   1720   10
r  1966   2021   1868   10
r  1438   1389   1436   10
r  1389   1391   1341   10
r  1915   2013   1963   10
r  2155   2106   2307   10
r  2253   2251   2307   10
r  2108   2208   2160   10
r  2207   2307   2406   10
r  1142   1193   1244   10
r  1048   1148   1099   10
r  1248   1099   1299   10
r  1199   1099   1148   10
r  1200   1099   1249   10
r  1300   1099   1148   10
r  1147   1047   1198   10
r  1150   1148   1198   10
r  1298   1300   1198   10
r  1350   1348   1198   10
r  1249   1300   1148   10
r  1145   1096   1044   10
r  1299   1198   1099   10
r  1250   1198   1099   10
r  1731   1782   1729   10
r  1932   1833   1782   10
r  1486   1484   1537   10
r  1922   1973   1975   10
r  1440   1540   1437   10
r  1490   1439   1438   10
r  2015   1915   1914   10
r  2303   2406   2307   10
r  2354   2406   2307   10
r  2162   2160   2210   10
r  2208   2307   2406   10
r  2404   2302   2406   10
r  2301   2352   2354   10
r  2457   2406   2408   10
r  2304   2306   2406   10
r  2458   2407   2406   10
r  2258   2309   2354   10
r  2401   2454   2406   10
r  2302   2454   2307   10
r  2403   2355   2307   10
r  2454   2352   2307   10
r  2409   2407   2307   10
r  2402   2454   2307   10
r  2451   2454   2307   10
r  2408   2351   2307   10
r  1399   1648   1597   10
r  1448   1597   1648   10
r  1637   1585   1736   10
r  1884   1935   1836   10
r  1293   1244   1194   10
r  2026   1927   2029   10
r  1688   1637   1589   10
r  1295   1343   1244   10
r  2117   2217   2218   10
r  2068   2019   2217   10
r  2212   2263   2412   10
r  2456   2307   2408   10
r  2351   2307   2406   10
r  2310   2261   2315   10
r  2360   2315   2412   10
r  2452   2307   2454   10
r  2260   2360   2315   10
r  1497   1598   1546   10
r  1447   1597   1648   10
r  1978   2027   2127   10
r  2079   2127   2026   10
r  2169   2268   2220   10
r  1640   1542   1543   10
r  1788   1741   1689   10
r  1642   1691   1543   10
r  1595   1398   1543   10
r  1546   1498   1543   10
r  2214   2216   2412   10
r  2266   2412   2414   10
r  2267   2216   2315   10
r  2262   2310   2315   10
r  2261   2360   2315   10
r  2263   2265   2412   10
r  2311   2360   2412   10
r  2416   2412   2360   10
r  1646   1697   1597   10
r  1650   1648   1597   10
r  1800   1749   1597   10
r  1748   1649   1597   10
r  1649   1597   1647   10
r  1746   1844   1648   10
r  1847   1795   1648   10
r  2078   2127   2027   10
r  1938   1989   1889   10
r  2177   2275   2379   10
r  2270   2419   2421   10
r  2373   2424   2419   10
r  2317   2268   2412   10
r  2465   2412   2414   10
r  2362   2360   2414   10
r  2415   2360   2315   10
r  2312   2261   2315   10
r  2417   2421   2315   10
r  2469   2421   2315   10
r  2363   2315   2412   10
r  2367   2315   2412   10
r  2466   2315   2412   10
r  1796   1895   1844   10
r  1899   2048   1948   10
r  1900   1998   2049   10
r  2281   2279   2232   10
r  2087   2135   2136   10
r  2138   2087   2288   10
r  2185   2085   2237   10
r  2321   2370   2421   10
r  2371   2419   2417   10
r  2422   2419   2417   10
r  2324   2373   2379   10
r  2368   2315   2419   10
r  2471   2423   2417   10
r  2470   2417   2421   10
r  2468   2417   2419   10
r  2473   2421   2419   10
r  2370   2469   2421   10
r  2472   2419   2417   10
r  1995   1947   1895   10
r  1947   1896   1895   10
r  1949   2099   1998   10
r  1998   2049   2246   10
r  1948   1950   2048   10
r  2000   2049   2246   10
r  2048   2246   2099   10
r  2236   2436   2385   10
r  2378   2376   2227   10
r  2328   2227   2379   10
r  2376   2424   2277   10
r  2329   2227   2277   10
r  2380   2429   2376   10
r  2424   2426   2277   10
r  2426   2325   2379   10
r  2477   2376   2379   10
r  2475   2426   2379   10
r  2427   2379   2277   10
r  2474   2379   2376   10
r  2149   2049   2446   10
r  2047   2049   2246   10
r  2199   2246   2447   10
r  2479   2379   2277   10
r  2333   2385   2436   10
r  2433   2385   2382   10
r  2340   2441   2288   10
r  2286   2437   2385   10
r  2337   2385   2436   10
r  2389   2489   2442   10
r  2390   2441   2439   10
r  2384   2435   2436   10
r  2435   2433   2486   10
r  2481   2379   2436   10
r  2483   2436   2437   10
r  2336   2436   2437   10
r  2482   2436   2385   10
r  2387   2433   2385   10
r  2484   2383   2385   10
r  2388   2441   2385   10
r  2431   2385   2383   10
r  2245   2344   2447   10
r  2296   2345   2447   10
r  2247   2298   2447   10
r  2344   2293   2447   10
r  2150   1999   2447   10
r  2197   2447   2446   10
r  2450   2445   2447   10
r  2299   2447   2445   10
r  2400   2446   2447   10
r  2394   2345   2246   10
r  2243   2291   2246   10
r  2096   2195   2246   10
r  2492   2392   2246   10
r  2443   2445   2246   10
r  2349   2445   2246   10
r  2499   2447   2246   10
r  2300   2447   2246   10
r  2298   2447   2246   10
r  2398   2447   2246   10
r  2449   2447   2246   10
r  2350   2446   2246   10
r  2448   2446   2246   10
r  2345   2397   2447   10
r  2432   2385   2436   10
r  2434   2385   2436   10
r  2485   2385   2433   10
r  2391   2339   2389   10
r  2490   2339   2441   10
r  2297   2246   2446   10
r  2395   2246   2447   10
r  2444   2246   2447   10
r  2498   2246   2447   10
r  2495   2246   2345   10
r  2497   2246   2446   10
r  2500   2246   2446   10
r  2393   2246   2447   10
r  2347   2446   2445   10
r  2399   2445   2447   10
r  1   105   53   11
r  51   108   105   11
r  101   105   52   11
r  52   54   105   11
r  54   3   154   11
r  104   303   53   11
r  5   105   53   11
r  205   105   53   11
r  4   102   53   11
r  252   352   53   11
r  55   53   108   11
r  203   53   303   11
r  152   53   303   11
r  202   53   253   11
r  301   253   252   11
r  401   352   252   11
r  303   402   108   11
r  8   59   159   11
r  209   107   207   11
r  113   11   164   11
r  9   107   108   11
r  157   161   108   11
r  257   159   108   11
r  61   159   108   11
r  207   307   108   11
r  403   504   303   11
r  208   108   159   11
r  351   303   302   11
r  59   108   107   11
r  211   108   159   11
r  214   113   67   11
r  65   12   67   11
r  14   67   12   11
r  18   71   164   11
r  452   454   503   11
r  454   554   551   11
r  501   503   454   11
r  267   367   366   11
r  17   164   117   11
r  316   416   367   11
r  412   463   314   11
r  502   554   604   11
r  552   603   454   11
r  555   604   454   11
r  602   554   454   11
r  601   502   504   11
r  603   454   554   11
r  20   220   71   11
r  558   659   610   11
r  704   652   854   11
r  220   120   122   11
r  72   120   123   11
r  223   323   120   11
r  562   611   610   11
r  754   857   902   11
r  701   854   902   11
r  753   854   904   11
r  751   902   854   11
r  124   122   173   11
r  26   75   123   11
r  126   175   123   11
r  77   130   129   11
r  25   123   74   11
r  472   474   419   11
r  805   706   902   11
r  802   902   904   11
r  803   754   902   11
r  801   902   803   11
r  851   902   854   11
r  852   754   854   11
r  714   712   762   11
r  27   129   128   11
r  30   130   128   11
r  669   768   769   11
r  665   663   613   11
r  716   617   663   11
r  952   854   1102   11
r  1003   1052   1103   11
r  764   865   813   11
r  29   128   130   11
r  230   179   130   11
r  179   181   128   11
r  131   129   128   11
r  228   179   130   11
r  31   33   135   11
r  770   721   819   11
r  820   772   721   11
r  1002   1053   1103   11
r  1102   1003   1252   11
r  1051   1053   1004   11
r  1101   1053   1103   11
r  32   133   83   11
r  867   818   768   11
r  1106   1157   1305   11
r  1151   1252   1302   11
r  1116   1165   1015   11
r  282   233   331   11
r  35   133   135   11
r  234   134   135   11
r  33   135   132   11
r  185   234   132   11
r  85   132   133   11
r  184   132   83   11
r  1202   1305   1251   11
r  1253   1202   1302   11
r  1451   1453   1202   11
r  1308   1257   1305   11
r  1454   1554   1305   11
r  1502   1403   1305   11
r  480   429   331   11
r  581   532   530   11
r  971   1022   1024   11
r  678   729   730   11
r  681   729   728   11
r  1455   1305   1453   11
r  1505   1605   1559   11
r  1554   1552   1702   11
r  1359   1310   1410   11
r  1216   1316   1365   11
r  633   533   531   11
r  483   331   582   11
r  141   138   188   11
r  192   188   138   11
r  89   87   138   11
r  243   192   98   11
r  88   188   140   11
r  241   138   140   11
r  38   140   188   11
r  39   140   138   11
r  1074   1023   1022   11
r  928   829   977   11
r  1362   1310   1411   11
r  1557   1606   1505   11
r  1652   1752   1554   11
r  1604   1552   1602   11
r  1601   1552   1653   11
r  1701   1653   1602   11
r  1651   1552   1702   11
r  1606   1555   1559   11
r  1319   1216   1419   11
r  535   635   582   11
r  534   482   483   11
r  485   434   536   11
r  40   140   138   11
r  91   140   188   11
r  142   140   349   11
r  193   98   145   11
r  92   94   349   11
r  43   145   349   11
r  244   199   98   11
r  291   391   289   11
r  1127   1026   1076   11
r  782   831   735   11
r  1751   1753   1754   11
r  1804   1852   1905   11
r  1655   1703   1754   11
r  1367   1415   1315   11
r  1468   1366   1365   11
r  143   199   145   11
r  194   349   145   11
r  294   98   349   11
r  93   98   349   11
r  44   98   145   11
r  245   98   349   11
r  48   145   349   11
r  148   96   349   11
r  99   145   349   11
r  100   349   145   11
r  45   349   145   11
r  200   349   145   11
r  147   349   145   11
r  197   349   145   11
r  400   199   349   11
r  47   199   145   11
r  94   349   98   11
r  199   349   98   11
r  195   144   98   11
r  96   349   98   11
r  246   145   98   11
r  49   349   98   11
r  299   199   98   11
r  149   349   98   11
r  448   145   98   11
r  50   349   98   11
r  350   145   98   11
r  345   145   98   11
r  46   145   98   11
r  498   349   98   11
r  397   448   98   11
r  445   349   98   11
r  446   349   98   11
r  1028   929   980   11
r  1566   1668   1512   11
r  1615   1617   1512   11
r  1663   1563   1614   11
r  1801   1852   1753   11
r  1851   1802   1754   11
r  1853   1901   1754   11
r  1805   1753   1905   11
r  1905   1856   1911   11
r  1904   1953   2053   11
r  1420   1369   1570   11
r  146   98   199   11
r  298   98   349   11
r  396   98   349   11
r  449   98   349   11
r  296   298   349   11
r  450   98   349   11
r  297   199   349   11
r  398   98   349   11
r  196   98   145   11
r  247   98   145   11
r  399   98   145   11
r  500   98   145   11
r  447   98   145   11
r  295   349   145   11
r  300   349   145   11
r  499   349   145   11
r  346   145   349   11
r  250   145   349   11
r  249   98   349   11
r  347   98   349   11
r  394   345   349   11
r  444   493   342   11
r  497   349   697   11
r  1275   1326   1273   11
r  1230   1330   1179   11
r  1908   1857   1905   11
r  1961   1910   1905   11
r  1520   1469   1471   11
r  1571   1471   1470   11
r  1380   1378   1333   11
r  1524   1575   1475   11
r  1034   982   1133   11
r  1808   1810   1711   11
r  2001   2003   2103   11
r  2052   2101   2307   11
r  2151   2202   2103   11
r  2102   2151   2202   11
r  2152   2103   2053   11
r  2153   2052   2003   11
r  1620   1671   1720   11
r  600   699   697   11
r  647   598   649   11
r  695   595   744   11
r  845   746   897   11
r  648   599   697   11
r  700   598   697   11
r  748   699   697   11
r  898   949   697   11
r  592   643   697   11
r  650   697   598   11
r  1530   1479   1432   11
r  1576   1625   1623   11
r  1716   1767   1765   11
r  1719   1819   1768   11
r  2104   2053   2307   11
r  2207   2256   2307   11
r  2204   2202   2307   11
r  2201   2103   2354   11
r  2154   2103   2202   11
r  797   697   897   11
r  848   697   747   11
r  996   999   949   11
r  1578   1630   1675   11
r  1580   1680   1582   11
r  891   889   991   11
r  2353   2302   2406   11
r  2255   2307   2354   11
r  2162   2210   2113   11
r  2208   2406   2307   11
r  2306   2308   2354   11
r  2453   2351   2406   11
r  2457   2408   2406   11
r  2305   2354   2406   11
r  2455   2408   2354   11
r  2302   2354   2406   11
r  2456   2408   2307   11
r  2351   2454   2307   11
r  2452   2454   2307   11
r  2252   2307   2354   11
r  2303   2307   2406   11
r  998   949   1099   11
r  1099   1249   999   11
r  1050   1099   1148   11
r  1680   1731   1729   11
r  1240   1189   1191   11
r  1777   1826   1775   11
r  1539   1439   1438   11
r  1390   1388   1289   11
r  2309   2307   2406   11
r  2407   2307   2354   11
r  2451   2307   2406   11
r  2360   2460   2315   11
r  1921   2024   1870   11
r  1248   1299   1099   11
r  1200   1249   1148   11
r  1349   1199   1148   11
r  1348   1148   1099   11
r  1150   1099   1148   11
r  1298   1247   1099   11
r  1299   1148   1198   11
r  1250   1099   1198   11
r  1048   948   1198   11
r  1097   1198   1099   11
r  1195   1244   1045   11
r  1731   1729   1631   11
r  1785   1684   1782   11
r  1779   1680   1727   11
r  1193   1245   1242   11
r  1192   1241   1244   11
r  1391   1442   1543   11
r  2217   2118   2117   11
r  2416   2315   2412   11
r  2070   2119   2172   11
r  1300   1198   1249   11
r  1296   1395   1244   11
r  1399   1500   1648   11
r  1400   1449   1648   11
r  1882   1782   1831   11
r  1293   1194   1244   11
r  1688   1790   1739   11
r  1738   1790   1589   11
r  1690   1739   1589   11
r  1790   1689   1589   11
r  1344   1242   1296   11
r  2216   2114   2412   11
r  2267   2414   2412   11
r  2312   2315   2414   11
r  2264   2315   2414   11
r  2367   2267   2315   11
r  2466   2369   2315   11
r  2266   2414   2412   11
r  2318   2315   2412   11
r  2465   2414   2412   11
r  2313   2412   2414   11
r  2363   2412   2315   11
r  2269   2166   2315   11
r  2321   2417   2315   11
r  2368   2419   2315   11
r  2319   2368   2315   11
r  2028   2079   2026   11
r  1397   1497   1648   11
r  1498   1397   1597   11
r  1450   1549   1597   11
r  1986   2035   2085   11
r  1739   1589   1638   11
r  1644   1593   1543   11
r  2270   2421   2419   11
r  2468   2419   2421   11
r  2469   2315   2370   11
r  2371   2418   2368   11
r  2472   2421   2419   11
r  2421   2419   2417   11
r  2225   2276   2277   11
r  2226   2327   2379   11
r  2323   2274   2419   11
r  1500   1648   1597   11
r  1747   1644   1597   11
r  1600   1699   1649   11
r  1798   1699   1500   11
r  1650   1597   1648   11
r  1695   1744   1648   11
r  1898   2048   1648   11
r  1845   1796   1648   11
r  2422   2417   2419   11
r  2374   2325   2376   11
r  2230   2279   2277   11
r  1895   1847   1796   11
r  1950   2099   2048   11
r  1900   2048   2099   11
r  1844   1895   1846   11
r  2038   2040   2085   11
r  2087   2136   2134   11
r  2185   2237   2085   11
r  2474   2376   2379   11
r  2426   2379   2277   11
r  2326   2279   2379   11
r  2325   2376   2277   11
r  2331   2279   2379   11
r  2429   2426   2277   11
r  2428   2376   2277   11
r  2477   2426   2277   11
r  2381   2385   2277   11
r  2378   2277   2376   11
r  2479   2277   2379   11
r  2000   2048   2099   11
r  2048   2099   2246   11
r  2049   1948   2246   11
r  2139   2188   2237   11
r  2289   2340   2441   11
r  2143   2194   2043   11
r  2043   1995   2246   11
r  2284   2385   2436   11
r  2431   2433   2436   11
r  2432   2436   2385   11
r  2433   2436   2385   11
r  1997   1948   2246   11
r  1999   2099   2246   11
r  2098   2049   2246   11
r  2199   2447   2246   11
r  2148   2199   2447   11
r  2390   2439   2441   11
r  2391   2389   2339   11
r  2194   2292   2246   11
r  2435   2486   2437   11
r  2336   2437   2436   11
r  2434   2436   2385   11
r  2485   2433   2385   11
r  2095   2044   2246   11
r  2196   2099   2447   11
r  2248   2199   2447   11
r  2249   2247   2447   11
r  2344   2447   2445   11
r  2343   2345   2446   11
r  2097   2196   2447   11
r  2299   2445   2447   11
r  2349   2447   2445   11
r  2300   2445   2447   11
r  2398   2446   2447   11
r  2342   2441   2246   11
r  2297   2446   2246   11
r  2444   2447   2246   11
r  2498   2446   2246   11
r  2495   2345   2246   11
r  2497   2445   2246   11
r  2500   2446   2246   11
r  2393   2447   2246   11
r  2399   2448   2246   11
r  2395   2447   2246   11
r  2347   2447   2246   11
r  2346   2445   2447   11
r  2345   2447   2446   11
r  2200   2246   2446   11
r  2491   2439   2342   11
r  2394   2246   2447   11
r  2294   2246   2447   11
r  2197   2246   2447   11
r  2298   2246   2447   11
r  2250   2246   2445   11
r  2396   2246   2445   11
r  2496   2246   2445   11
r  2494   2246   2447   11
r  2499   2246   2447   11
r  2449   2246   2447   11
r  1   101   105   12
r  105   53   108   12
r  101   52   105   12
r  3   105   52   12
r  54   105   103   12
r  5   253   108   12
r  204   256   53   12
r  402   253   53   12
r  102   154   104   12
r  55   252   253   12
r  201   253   105   12
r  206   208   159   12
r  251   303   253   12
r  56   156   159   12
r  112   164   159   12
r  258   159   207   12
r  9   58   159   12
r  61   110   159   12
r  208   159   108   12
r  59   159   108   12
r  211   159   108   12
r  12   164   108   12
r  163   214   108   12
r  64   164   108   12
r  263   363   108   12
r  111   60   159   12
r  157   108   159   12
r  353   252   304   12
r  301   252   253   12
r  305   254   303   12
r  355   353   256   12
r  351   402   303   12
r  502   604   453   12
r  63   164   15   12
r  165   314   117   12
r  65   67   163   12
r  17   117   164   12
r  317   268   164   12
r  68   17   164   12
r  455   504   554   12
r  454   551   554   12
r  501   454   503   12
r  655   504   454   12
r  602   502   554   12
r  456   507   408   12
r  67   164   216   12
r  361   261   310   12
r  703   652   751   12
r  701   902   854   12
r  753   904   854   12
r  902   854   703   12
r  415   514   467   12
r  270   120   122   12
r  519   521   570   12
r  471   519   469   12
r  172   121   123   12
r  174   176   123   12
r  222   322   122   12
r  26   24   75   12
r  77   128   130   12
r  25   74   123   12
r  806   854   904   12
r  855   902   904   12
r  802   904   902   12
r  803   902   805   12
r  801   803   902   12
r  851   854   902   12
r  953   854   1103   12
r  274   276   374   12
r  622   474   520   12
r  422   523   474   12
r  27   128   130   12
r  79   130   81   12
r  1002   1103   1004   12
r  718   769   667   12
r  667   619   768   12
r  177   130   228   12
r  426   475   326   12
r  29   129   128   12
r  180   128   129   12
r  229   280   128   12
r  231   128   130   12
r  1001   1004   1103   12
r  1054   1103   1052   12
r  1051   1103   1053   12
r  1055   1104   1004   12
r  1101   1103   1053   12
r  966   915   917   12
r  1012   1060   1061   12
r  1010   961   1012   12
r  1009   1111   1110   12
r  819   720   768   12
r  576   527   524   12
r  182   233   83   12
r  32   83   183   12
r  1056   1007   1107   12
r  1203   1305   1302   12
r  1202   1302   1305   12
r  1351   1202   1302   12
r  1256   1356   1207   12
r  1257   1356   1305   12
r  1506   1559   1305   12
r  1303   1251   1202   12
r  1254   1305   1252   12
r  1205   1305   1302   12
r  1111   1060   1011   12
r  675   724   728   12
r  578   678   576   12
r  676   627   727   12
r  35   135   83   12
r  34   135   83   12
r  85   83   132   12
r  86   134   132   12
r  33   132   135   12
r  84   132   86   12
r  1553   1602   1702   12
r  1504   1604   1702   12
r  1551   1701   1602   12
r  1552   1702   1651   12
r  1601   1653   1552   12
r  1604   1702   1653   12
r  1701   1552   1653   12
r  1704   1653   1602   12
r  1751   1754   1602   12
r  1654   1702   1602   12
r  1264   1313   1365   12
r  928   977   925   12
r  778   880   726   12
r  632   634   531   12
r  434   334   483   12
r  141   188   138   12
r  243   98   349   12
r  88   37   188   12
r  38   188   140   12
r  39   138   140   12
r  91   138   140   12
r  40   188   140   12
r  337   388   335   12
r  1655   1754   1806   12
r  1311   1210   1212   12
r  1316   1365   1367   12
r  1421   1321   1270   12
r  1313   1366   1365   12
r  685   636   582   12
r  240   140   138   12
r  142   145   98   12
r  42   140   349   12
r  293   192   145   12
r  92   98   138   12
r  1902   1854   1754   12
r  1851   1754   1802   12
r  1515   1614   1513   12
r  1565   1516   1614   12
r  1615   1566   1613   12
r  1713   1614   1512   12
r  1662   1614   1512   12
r  1665   1764   1512   12
r  1468   1417   1369   12
r  1466   1517   1365   12
r  1173   1224   1225   12
r  1371   1270   1171   12
r  143   145   349   12
r  194   145   349   12
r  43   349   145   12
r  294   349   98   12
r  245   145   98   12
r  399   145   98   12
r  350   199   145   12
r  397   98   145   12
r  448   98   145   12
r  345   98   145   12
r  146   199   98   12
r  44   145   98   12
r  48   199   145   12
r  449   145   98   12
r  296   145   98   12
r  297   145   98   12
r  250   199   145   12
r  249   297   145   12
r  450   145   98   12
r  347   447   145   12
r  93   145   98   12
r  100   145   349   12
r  45   145   349   12
r  200   98   349   12
r  147   145   349   12
r  197   145   349   12
r  47   145   349   12
r  94   145   349   12
r  199   98   349   12
r  96   98   349   12
r  49   98   349   12
r  149   98   349   12
r  50   145   349   12
r  500   145   349   12
r  295   344   349   12
r  300   199   349   12
r  444   344   349   12
r  498   98   349   12
r  499   145   349   12
r  392   395   349   12
r  1760   1910   1812   12
r  1904   1754   2103   12
r  1953   1754   2053   12
r  2009   1960   1905   12
r  1273   1175   1176   12
r  1274   1374   1175   12
r  1224   1176   1226   12
r  1521   1420   1570   12
r  832   783   735   12
r  883   832   735   12
r  835   786   783   12
r  884   783   735   12
r  99   349   145   12
r  150   349   145   12
r  400   349   145   12
r  246   349   145   12
r  46   349   145   12
r  446   395   145   12
r  298   349   98   12
r  396   349   98   12
r  398   349   98   12
r  196   349   98   12
r  247   349   98   12
r  346   349   98   12
r  494   393   344   12
r  549   547   699   12
r  1859   1759   1711   12
r  1858   1905   1760   12
r  2004   2053   2103   12
r  2051   2103   2053   12
r  1951   1953   2103   12
r  1962   1913   2062   12
r  1814   1865   1765   12
r  1569   1571   1470   12
r  1326   1377   1374   12
r  1277   1176   1225   12
r  1275   1273   1175   12
r  1033   982   1035   12
r  1134   1234   1185   12
r  1183   1132   1185   12
r  1379   1430   1432   12
r  1281   1381   1278   12
r  600   697   598   12
r  2151   2103   2307   12
r  2102   2202   2307   12
r  2152   2003   2103   12
r  2153   2101   2053   12
r  2256   2251   2354   12
r  1527   1578   1475   12
r  1626   1574   1623   12
r  1625   1623   1622   12
r  1084   983   982   12
r  1233   1185   1285   12
r  646   648   649   12
r  748   800   847   12
r  650   598   697   12
r  644   592   697   12
r  848   747   697   12
r  897   846   697   12
r  946   1198   697   12
r  797   848   697   12
r  694   643   697   12
r  793   848   697   12
r  750   697   649   12
r  850   697   649   12
r  2201   2354   2406   12
r  2203   2053   2307   12
r  2154   2307   2406   12
r  2255   2306   2307   12
r  2209   2158   2406   12
r  2257   2259   2354   12
r  2306   2354   2406   12
r  2354   2307   2406   12
r  2357   2406   2354   12
r  2308   2257   2406   12
r  2352   2354   2406   12
r  2404   2406   2352   12
r  2301   2354   2406   12
r  2401   2406   2354   12
r  2402   2351   2354   12
r  2303   2406   2307   12
r  2407   2358   2307   12
r  2451   2406   2307   12
r  2252   2255   2307   12
r  2356   2354   2352   12
r  1236   1187   1284   12
r  1187   1238   1185   12
r  846   697   747   12
r  999   946   1148   12
r  1000   949   1198   12
r  948   1000   1148   12
r  2253   2307   2406   12
r  2403   2307   2406   12
r  2258   2307   2406   12
r  2456   2307   2354   12
r  2408   2307   2354   12
r  2302   2307   2354   12
r  2452   2307   2406   12
r  2455   2307   2406   12
r  2454   2307   2406   12
r  2460   2307   2406   12
r  1775   1675   1824   12
r  1828   1727   1678   12
r  2215   2414   2412   12
r  1678   1778   1779   12
r  943   1043   1045   12
r  998   1099   1198   12
r  1050   1149   1099   12
r  2361   2412   2414   12
r  2462   2315   2414   12
r  2265   2412   2414   12
r  1386   1335   1438   12
r  1486   1537   1438   12
r  1097   1099   1198   12
r  1100   1148   1249   12
r  1150   1198   1099   12
r  1249   1247   1099   12
r  1200   1198   1099   12
r  1298   1099   1148   12
r  1250   1198   1148   12
r  1300   1148   1198   12
r  2311   2412   2415   12
r  2312   2412   2315   12
r  2365   2314   2414   12
r  2264   2414   2315   12
r  2266   2315   2414   12
r  2416   2360   2315   12
r  2313   2414   2412   12
r  2363   2414   2412   12
r  2319   2315   2412   12
r  2418   2369   2412   12
r  2318   2412   2315   12
r  2320   2419   2315   12
r  2369   2417   2315   12
r  2272   2173   2419   12
r  2078   2076   2026   12
r  2077   2079   2029   12
r  1537   1437   1584   12
r  1439   1391   1390   12
r  1734   1785   1584   12
r  1398   1497   1648   12
r  2468   2421   2419   12
r  2419   2370   2421   12
r  2321   2315   2419   12
r  2472   2419   2421   12
r  2470   2419   2417   12
r  2371   2417   2419   12
r  1881   1981   1930   12
r  2224   2124   2272   12
r  2273   2222   2419   12
r  2323   2372   2421   12
r  1441   1541   1496   12
r  1738   1689   1690   12
r  1790   1788   1689   12
r  1292   1343   1244   12
r  1395   1295   1296   12
r  1687   1736   1787   12
r  1293   1242   1345   12
r  1498   1398   1648   12
r  2469   2417   2421   12
r  2471   2417   2323   12
r  2473   2419   2376   12
r  2275   2326   2379   12
r  2375   2427   2277   12
r  2374   2376   2379   12
r  2324   2376   2277   12
r  2229   2280   2379   12
r  1690   1589   1638   12
r  1544   1493   1597   12
r  1545   1496   1648   12
r  1595   1744   1648   12
r  2033   1985   2085   12
r  1497   1597   1648   12
r  1547   1598   1648   12
r  1500   1548   1648   12
r  1649   1647   1597   12
r  1798   1648   1597   12
r  1645   1648   1597   12
r  1599   1699   1597   12
r  1847   1896   1895   12
r  2474   2379   2277   12
r  2426   2277   2379   12
r  2325   2277   2379   12
r  2425   2376   2277   12
r  2427   2376   2379   12
r  2477   2379   2376   12
r  2381   2330   2379   12
r  2430   2376   2277   12
r  2478   2376   2277   12
r  2479   2379   2277   12
r  2476   2379   2277   12
r  2480   2379   2277   12
r  2378   2376   2327   12
r  2428   2277   2376   12
r  2231   2180   2385   12
r  1643   1543   1443   12
r  1650   1648   1799   12
r  1749   1648   1798   12
r  1950   1998   2246   12
r  1900   2099   2246   12
r  1846   1895   1894   12
r  1844   1795   1895   12
r  2431   2436   2385   12
r  2432   2385   2436   12
r  2433   2385   2381   12
r  2284   2436   2385   12
r  2333   2284   2385   12
r  2037   2086   2085   12
r  1992   2092   2093   12
r  1945   1896   1795   12
r  1949   1998   2246   12
r  2048   2246   2099   12
r  2483   2385   2436   12
r  2434   2385   2436   12
r  2336   2436   2437   12
r  2487   2436   2484   12
r  2337   2388   2385   12
r  2285   2385   2436   12
r  2390   2441   2288   12
r  2050   2048   2246   12
r  2098   2149   2447   12
r  2148   2246   2048   12
r  2149   2446   2447   12
r  2245   2447   2446   12
r  2295   2249   2445   12
r  2343   2446   2447   12
r  2150   2447   2446   12
r  2100   2048   2447   12
r  2293   2244   2447   12
r  2450   2447   2446   12
r  2398   2447   2445   12
r  2297   2345   2447   12
r  2393   2342   2447   12
r  2347   2445   2447   12
r  2192   2093   2246   12
r  2242   2291   2246   12
r  2394   2447   2246   12
r  2294   2447   2246   12
r  2197   2447   2246   12
r  2298   2447   2246   12
r  2250   2447   2246   12
r  2396   2447   2246   12
r  2494   2447   2246   12
r  2499   2446   2246   12
r  2449   2447   2246   12
r  2200   2446   2246   12
r  2496   2445   2246   12
r  2345   2446   2447   12
r  2199   2246   2447   12
r  2484   2385   2336   12
r  2438   2385   2436   12
r  2194   2246   2447   12
r  2195   2246   2447   12
r  2198   2246   2447   12
r  2146   2246   2447   12
r  2395   2246   2447   12
r  2444   2246   2447   12
r  2350   2246   2447   12
r  2349   2246   2447   12
r  2400   2246   2445   12
r  2498   2246   2445   12
r  2500   2246   2445   12
r  2490   2441   2342   12
r  51   53   54   13
r  2   53   102   13
r  53   153   108   13
r  105   153   53   13
r  54   103   108   13
r  3   102   105   13
r  203   303   53   13
r  351   303   53   13
r  4   53   108   13
r  201   303   253   13
r  152   353   108   13
r  156   154   159   13
r  255   304   253   13
r  252   53   108   13
r  202   253   301   13
r  401   303   253   13
r  352   354   152   13
r  112   159   164   13
r  61   159   161   13
r  307   204   108   13
r  157   159   108   13
r  116   165   108   13
r  251   253   303   13
r  305   303   256   13
r  451   453   554   13
r  402   53   303   13
r  59   108   159   13
r  211   108   159   13
r  12   108   164   13
r  63   12   164   13
r  18   67   120   13
r  64   108   164   13
r  20   71   164   13
r  309   409   460   13
r  453   404   554   13
r  313   364   310   13
r  407   458   506   13
r  501   554   454   13
r  118   120   122   13
r  359   460   412   13
r  360   412   460   13
r  502   454   554   13
r  553   454   453   13
r  456   407   458   13
r  556   507   608   13
r  551   453   454   13
r  652   554   454   13
r  603   551   454   13
r  651   702   554   13
r  269   318   368   13
r  22   121   123   13
r  271   322   122   13
r  23   172   120   13
r  702   854   902   13
r  701   854   902   13
r  173   72   75   13
r  174   123   75   13
r  126   123   122   13
r  77   130   128   13
r  24   70   126   13
r  754   902   702   13
r  803   805   702   13
r  751   803   902   13
r  902   703   854   13
r  855   904   902   13
r  801   902   803   13
r  851   904   854   13
r  953   1103   854   13
r  124   75   224   13
r  74   122   173   13
r  125   224   123   13
r  78   130   81   13
r  79   81   130   13
r  863   812   912   13
r  1003   1103   1102   13
r  177   129   128   13
r  669   720   768   13
r  718   667   769   13
r  29   128   129   13
r  179   128   228   13
r  227   128   129   13
r  230   130   228   13
r  180   129   128   13
r  231   179   128   13
r  914   863   814   13
r  961   1012   1013   13
r  913   1063   1011   13
r  1002   1102   1103   13
r  1001   1103   1102   13
r  1054   1102   1103   13
r  1051   1053   1102   13
r  1153   1305   1302   13
r  32   183   83   13
r  1056   1157   1007   13
r  1205   1302   1305   13
r  1156   1105   1006   13
r  1203   1302   1305   13
r  1154   1305   1252   13
r  676   727   778   13
r  431   429   330   13
r  133   140   86   13
r  35   83   135   13
r  185   285   83   13
r  33   133   132   13
r  84   86   132   13
r  184   83   132   13
r  85   132   83   13
r  134   132   183   13
r  136   132   140   13
r  234   132   83   13
r  34   132   135   13
r  36   135   138   13
r  1058   1007   1107   13
r  1502   1702   1602   13
r  1254   1252   1305   13
r  1357   1408   1305   13
r  1455   1453   1305   13
r  1352   1305   1202   13
r  1201   1305   1203   13
r  1451   1305   1302   13
r  725   776   728   13
r  919   819   917   13
r  969   1018   918   13
r  922   971   1022   13
r  481   432   331   13
r  236   285   185   13
r  1161   1212   1210   13
r  1113   1165   1064   13
r  1457   1453   1559   13
r  1408   1507   1411   13
r  1553   1702   1602   13
r  1501   1305   1602   13
r  1552   1603   1702   13
r  1505   1454   1507   13
r  1507   1605   1559   13
r  288   337   387   13
r  39   140   138   13
r  190   138   188   13
r  41   188   138   13
r  91   188   138   13
r  40   138   188   13
r  239   188   138   13
r  38   140   188   13
r  188   140   89   13
r  191   140   188   13
r  241   140   138   13
r  1215   1166   1365   13
r  1604   1653   1702   13
r  1551   1702   1603   13
r  1751   1802   1754   13
r  1651   1702   1653   13
r  1703   1552   1802   13
r  977   929   1078   13
r  781   683   735   13
r  632   531   532   13
r  193   145   349   13
r  293   193   98   13
r  244   98   349   13
r  43   98   349   13
r  1316   1367   1365   13
r  1414   1366   1367   13
r  1705   1754   1803   13
r  1129   1078   1278   13
r  1371   1171   1272   13
r  143   98   145   13
r  194   349   145   13
r  343   395   145   13
r  294   145   349   13
r  245   98   145   13
r  399   98   145   13
r  397   145   98   13
r  448   145   98   13
r  496   447   697   13
r  443   395   98   13
r  345   145   98   13
r  44   98   145   13
r  297   98   145   13
r  249   145   98   13
r  347   145   98   13
r  394   445   98   13
r  100   98   145   13
r  200   145   98   13
r  147   98   145   13
r  197   98   145   13
r  47   98   145   13
r  94   98   145   13
r  199   145   98   13
r  96   145   98   13
r  49   145   98   13
r  149   145   98   13
r  50   98   145   13
r  295   145   98   13
r  444   342   442   13
r  498   145   98   13
r  99   145   349   13
r  150   145   349   13
r  400   145   349   13
r  344   98   349   13
r  246   145   349   13
r  46   145   349   13
r  446   145   349   13
r  298   98   349   13
r  396   98   349   13
r  398   98   349   13
r  196   98   349   13
r  247   145   349   13
r  395   344   349   13
r  493   441   349   13
r  447   145   98   13
r  1514   1565   1614   13
r  1364   1366   1316   13
r  1418   1365   1366   13
r  1616   1665   1512   13
r  1663   1614   1615   13
r  1804   1802   1852   13
r  1901   2053   1754   13
r  1176   1225   1223   13
r  734   683   833   13
r  1224   1226   1176   13
r  1374   1475   1474   13
r  45   349   145   13
r  450   349   145   13
r  449   349   145   13
r  500   349   98   13
r  300   349   98   13
r  499   349   98   13
r  250   349   98   13
r  445   98   145   13
r  346   98   145   13
r  1571   1470   1471   13
r  1423   1374   1474   13
r  1759   1808   1711   13
r  1952   2003   2103   13
r  1275   1175   1223   13
r  1135   1035   1285   13
r  1279   1330   1281   13
r  983   1035   1084   13
r  1324   1223   1424   13
r  540   489   586   13
r  549   697   649   13
r  647   649   598   13
r  796   847   897   13
r  646   649   598   13
r  700   647   598   13
r  600   598   697   13
r  750   598   697   13
r  850   649   697   13
r  846   747   697   13
r  742   690   697   13
r  1572   1624   1575   13
r  1475   1426   1624   13
r  1860   1812   1711   13
r  1667   1764   1765   13
r  1767   1770   1765   13
r  1817   1765   1966   13
r  2056   2156   1905   13
r  2053   2005   2307   13
r  2103   2003   2307   13
r  2003   2101   2102   13
r  2051   2102   2307   13
r  2002   2103   2152   13
r  1325   1374   1376   13
r  985   1033   1133   13
r  1233   1284   1185   13
r  1429   1378   1432   13
r  889   989   991   13
r  1476   1676   1474   13
r  841   941   893   13
r  749   697   649   13
r  950   697   1198   13
r  999   1148   1198   13
r  948   1148   1099   13
r  1624   1673   1524   13
r  1625   1674   1623   13
r  2106   1905   2307   13
r  2052   2307   2003   13
r  2151   2307   2103   13
r  2102   2307   2406   13
r  2203   2152   2053   13
r  2104   2052   2053   13
r  2101   2152   2307   13
r  1533   1582   1432   13
r  939   991   941   13
r  891   940   889   13
r  1725   1625   1575   13
r  1000   1198   1148   13
r  998   1198   1099   13
r  1049   948   1198   13
r  997   896   1099   13
r  1050   1148   1198   13
r  1821   1870   1770   13
r  2114   2161   2162   13
r  2202   2307   2406   13
r  2154   2202   2307   13
r  2253   2406   2307   13
r  2204   2103   2406   13
r  2357   2354   2406   13
r  2308   2406   2354   13
r  2404   2352   2406   13
r  2301   2406   2354   13
r  2206   2106   2406   13
r  2409   2406   2354   13
r  2402   2354   2406   13
r  2208   2308   2406   13
r  2351   2406   2354   13
r  2451   2351   2406   13
r  2354   2454   2307   13
r  2403   2406   2307   13
r  2309   2406   2307   13
r  2258   2406   2307   13
r  2456   2354   2307   13
r  2408   2354   2307   13
r  2302   2406   2307   13
r  2452   2355   2307   13
r  2455   2406   2307   13
r  2454   2403   2307   13
r  2460   2358   2307   13
r  2356   2358   2354   13
r  2255   2307   2406   13
r  1040   889   991   13
r  1336   1385   1437   13
r  1387   1539   1438   13
r  1349   1148   1099   13
r  1300   1249   1148   13
r  1150   1099   1198   13
r  1200   1148   1198   13
r  1250   1248   1198   13
r  1196   1096   1095   13
r  1100   1198   1148   13
r  1299   1198   1148   13
r  1097   1198   1099   13
r  1298   1198   1099   13
r  1143   1244   1045   13
r  2118   2114   2170   13
r  2251   2307   2406   13
r  2405   2307   2354   13
r  2358   2307   2354   13
r  2304   2307   2352   13
r  2305   2307   2354   13
r  2256   2307   2406   13
r  2303   2307   2406   13
r  2401   2307   2406   13
r  2254   2307   2354   13
r  1090   1240   1191   13
r  1629   1631   1729   13
r  1680   1780   1678   13
r  1728   1779   1829   13
r  1400   1499   1597   13
r  2169   2220   2171   13
r  2265   2414   2412   13
r  2361   2414   2412   13
r  2411   2315   2414   13
r  2462   2414   2315   13
r  2311   2315   2412   13
r  1291   1243   1244   13
r  1346   1244   1648   13
r  2224   2176   2073   13
r  2269   2419   2412   13
r  2264   2315   2414   13
r  2266   2412   2315   13
r  2318   2315   2412   13
r  2262   2412   2414   13
r  2417   2419   2412   13
r  2368   2366   2412   13
r  2320   2369   2419   13
r  2319   2412   2315   13
r  2470   2417   2315   13
r  2370   2421   2315   13
r  2469   2421   2315   13
r  2466   2315   2414   13
r  2312   2315   2412   13
r  1497   1648   1597   13
r  1499   1396   1648   13
r  1798   1500   1648   13
r  1645   1744   1648   13
r  1600   1648   1597   13
r  1550   1648   1597   13
r  1699   1648   1597   13
r  1546   1597   1648   13
r  1650   1799   1648   13
r  1749   1798   1648   13
r  1844   1846   1648   13
r  2274   2276   2419   13
r  2225   2375   2379   13
r  2177   2327   2277   13
r  2472   2421   2419   13
r  1688   1739   1740   13
r  1689   1741   1787   13
r  1690   1790   1589   13
r  1643   1641   1543   13
r  1695   1648   1744   13
r  1899   1998   2246   13
r  1846   1894   1895   13
r  1948   2099   2246   13
r  2275   2426   2277   13
r  2373   2272   2421   13
r  2372   2272   2421   13
r  2178   2180   2379   13
r  2229   2379   2277   13
r  2231   2332   2180   13
r  2473   2376   2379   13
r  2000   2099   2447   13
r  2048   2099   2246   13
r  2325   2379   2277   13
r  2427   2379   2376   13
r  2477   2376   2379   13
r  2478   2379   2376   13
r  2476   2376   2379   13
r  2426   2379   2277   13
r  2378   2227   2277   13
r  2428   2379   2277   13
r  2475   2379   2277   13
r  2328   2376   2277   13
r  2330   2326   2376   13
r  2430   2277   2376   13
r  2474   2277   2379   13
r  2480   2277   2379   13
r  2479   2277   2379   13
r  2037   2085   2136   13
r  1940   1839   1892   13
r  2135   2037   2237   13
r  2134   2085   2186   13
r  2045   2043   2246   13
r  2245   2446   2447   13
r  2247   2447   2446   13
r  2295   2445   2447   13
r  2046   2044   2447   13
r  2244   2195   2447   13
r  2147   2247   2447   13
r  2097   2447   2445   13
r  2398   2445   2447   13
r  2347   2447   2445   13
r  2197   2446   2447   13
r  2250   2445   2447   13
r  2396   2445   2447   13
r  2494   2446   2447   13
r  2144   2142   2246   13
r  2148   2048   2246   13
r  2199   2447   2246   13
r  2292   2290   2246   13
r  2195   2447   2246   13
r  2198   2447   2246   13
r  2146   2195   2246   13
r  2395   2344   2246   13
r  2444   2446   2246   13
r  2350   2445   2246   13
r  2349   2447   2246   13
r  2400   2445   2246   13
r  2498   2447   2246   13
r  2500   2445   2246   13
r  2194   2294   2246   13
r  2490   2342   2246   13
r  2346   2446   2445   13
r  2431   2385   2436   13
r  2382   2330   2436   13
r  2433   2381   2385   13
r  2336   2437   2436   13
r  2432   2381   2385   13
r  2483   2437   2385   13
r  2434   2436   2385   13
r  2285   2236   2385   13
r  2484   2436   2385   13
r  2189   2288   2237   13
r  2039   2139   2140   13
r  2095   2246   2044   13
r  2298   2246   2447   13
r  2394   2246   2447   13
r  2150   2246   2447   13
r  2496   2246   2445   13
r  2495   2246   2447   13
r  2443   2246   2445   13
r  2450   2246   2445   13
r  2300   2246   2446   13
r  2449   2246   2447   13
r  2399   2246   2445   13
r  2491   2342   2447   13
r  2487   2385   2436   13
r  1   105   108   14
r  51   54   108   14
r  2   102   108   14
r  52   154   108   14
r  3   52   102   14
r  54   108   105   14
r  155   54   108   14
r  154   105   108   14
r  104   252   108   14
r  5   108   105   14
r  4   108   53   14
r  201   105   53   14
r  55   108   53   14
r  58   159   209   14
r  106   152   159   14
r  161   59   159   14
r  258   207   159   14
r  116   164   165   14
r  203   53   108   14
r  253   152   108   14
r  301   253   108   14
r  59   159   108   14
r  211   159   108   14
r  262   311   108   14
r  261   161   108   14
r  308   406   108   14
r  255   204   108   14
r  12   164   108   14
r  403   303   108   14
r  64   163   108   14
r  111   159   209   14
r  205   53   105   14
r  251   303   253   14
r  157   108   159   14
r  160   108   111   14
r  162   108   164   14
r  67   116   164   14
r  118   71   164   14
r  169   218   164   14
r  316   367   164   14
r  19   68   164   14
r  303   108   256   14
r  401   253   303   14
r  115   164   117   14
r  351   53   303   14
r  452   503   454   14
r  355   256   303   14
r  21   70   120   14
r  360   460   412   14
r  363   311   412   14
r  451   303   503   14
r  411   360   311   14
r  553   502   454   14
r  505   554   604   14
r  502   453   454   14
r  271   122   322   14
r  223   322   122   14
r  173   75   24   14
r  174   75   176   14
r  272   321   122   14
r  24   126   122   14
r  124   224   122   14
r  74   173   122   14
r  75   123   122   14
r  270   122   123   14
r  462   514   610   14
r  463   514   412   14
r  501   503   554   14
r  653   554   454   14
r  652   454   554   14
r  470   519   522   14
r  126   122   123   14
r  77   128   130   14
r  422   474   419   14
r  559   658   610   14
r  704   702   902   14
r  651   554   902   14
r  702   902   854   14
r  756   707   854   14
r  472   419   474   14
r  27   130   128   14
r  78   129   130   14
r  177   228   130   14
r  563   512   616   14
r  754   702   902   14
r  755   857   704   14
r  701   703   854   14
r  806   902   854   14
r  620   569   768   14
r  719   818   619   14
r  28   129   130   14
r  29   130   128   14
r  80   76   228   14
r  227   129   128   14
r  181   230   128   14
r  30   129   130   14
r  230   228   130   14
r  853   802   752   14
r  803   702   902   14
r  905   957   854   14
r  851   854   904   14
r  801   854   902   14
r  767   667   769   14
r  951   1103   1102   14
r  1002   1103   1102   14
r  963   912   812   14
r  820   721   772   14
r  32   83   183   14
r  133   86   184   14
r  35   135   83   14
r  85   133   132   14
r  134   183   132   14
r  136   140   132   14
r  34   135   132   14
r  1105   1204   1305   14
r  1054   1103   1102   14
r  1055   1103   1053   14
r  1153   1204   1305   14
r  628   625   728   14
r  921   970   923   14
r  33   132   85   14
r  236   238   135   14
r  284   431   83   14
r  1203   1305   1302   14
r  1154   1252   1305   14
r  1304   1251   1202   14
r  1454   1405   1403   14
r  1352   1202   1305   14
r  1307   1053   1305   14
r  1201   1203   1305   14
r  1451   1202   1305   14
r  1115   1015   1016   14
r  927   826   925   14
r  828   880   728   14
r  88   140   139   14
r  39   188   140   14
r  1211   1162   1259   14
r  978   1029   1078   14
r  682   781   735   14
r  1170   1069   1270   14
r  38   188   140   14
r  188   89   140   14
r  42   349   140   14
r  191   188   140   14
r  190   188   138   14
r  40   140   138   14
r  91   138   188   14
r  1554   1502   1602   14
r  1460   1360   1559   14
r  1551   1603   1702   14
r  1654   1552   1702   14
r  1651   1653   1702   14
r  1703   1802   1754   14
r  1701   1602   1552   14
r  1216   1265   1366   14
r  1313   1365   1265   14
r  1124   1225   1223   14
r  92   138   98   14
r  242   140   349   14
r  293   98   349   14
r  244   349   98   14
r  1264   1366   1316   14
r  1364   1316   1366   14
r  1175   1173   1275   14
r  1176   1275   1225   14
r  1177   1076   1077   14
r  882   983   735   14
r  785   783   833   14
r  884   833   783   14
r  1272   1221   1220   14
r  93   98   145   14
r  44   349   98   14
r  143   145   98   14
r  292   243   349   14
r  194   145   349   14
r  343   145   349   14
r  294   349   145   14
r  245   145   98   14
r  399   199   98   14
r  496   697   98   14
r  345   98   145   14
r  296   98   145   14
r  297   145   98   14
r  249   98   145   14
r  347   98   145   14
r  100   145   98   14
r  200   98   145   14
r  47   145   98   14
r  94   145   98   14
r  199   98   145   14
r  149   98   145   14
r  50   145   98   14
r  295   98   145   14
r  444   442   98   14
r  498   98   145   14
r  246   98   145   14
r  396   145   98   14
r  196   145   98   14
r  493   442   98   14
r  45   98   349   14
r  450   98   349   14
r  449   145   349   14
r  300   98   349   14
r  250   145   349   14
r  445   145   349   14
r  499   98   349   14
r  442   494   349   14
r  1613   1664   1565   14
r  1616   1565   1614   14
r  1517   1618   1512   14
r  1851   1753   1754   14
r  1853   1754   1802   14
r  1416   1365   1316   14
r  1467   1367   1365   14
r  1415   1366   1367   14
r  1418   1366   1365   14
r  1370   1419   1471   14
r  1421   1270   1419   14
r  1224   1176   1173   14
r  1276   1176   1225   14
r  1328   1229   1280   14
r  1378   1327   1278   14
r  1372   1271   1221   14
r  99   349   145   14
r  150   349   145   14
r  400   349   145   14
r  46   349   145   14
r  446   349   145   14
r  247   349   145   14
r  397   349   145   14
r  96   349   145   14
r  49   349   145   14
r  147   349   98   14
r  344   349   98   14
r  398   349   98   14
r  346   145   98   14
r  298   349   98   14
r  197   349   98   14
r  494   344   697   14
r  548   697   599   14
r  549   649   697   14
r  1856   1804   1905   14
r  1954   1853   2053   14
r  1901   1754   2103   14
r  1325   1376   1474   14
r  1231   1282   1432   14
r  1232   1132   1185   14
r  645   598   649   14
r  643   697   541   14
r  1862   1960   1711   14
r  1858   1907   1905   14
r  1808   1711   1905   14
r  2009   1908   1960   14
r  2008   1960   1905   14
r  2004   2103   2053   14
r  2003   2051   2307   14
r  2051   2307   2103   14
r  2002   2152   2103   14
r  1582   1630   1432   14
r  1477   1525   1474   14
r  939   990   991   14
r  989   991   889   14
r  1573   1522   1474   14
r  1527   1476   1524   14
r  743   739   697   14
r  600   697   598   14
r  595   696   598   14
r  750   649   699   14
r  846   950   897   14
r  950   1198   697   14
r  843   894   697   14
r  749   649   697   14
r  700   697   649   14
r  848   697   598   14
r  2052   2152   2307   14
r  2153   2003   2307   14
r  2101   2307   2152   14
r  2102   2053   2307   14
r  2104   2053   2406   14
r  2152   2053   2003   14
r  2151   2053   2406   14
r  1522   1574   1624   14
r  1523   1474   1624   14
r  1088   1037   1188   14
r  1485   1534   1438   14
r  1625   1623   1676   14
r  948   1198   1148   14
r  1968   1869   1966   14
r  2015   2013   1963   14
r  2156   2205   2307   14
r  2157   2106   2307   14
r  2202   2406   2307   14
r  2203   2053   2406   14
r  2306   2252   2354   14
r  2357   2406   2354   14
r  2308   2354   2406   14
r  2205   2103   2406   14
r  2409   2354   2406   14
r  2402   2406   2354   14
r  2351   2354   2406   14
r  2451   2406   2354   14
r  2253   2354   2406   14
r  2452   2406   2354   14
r  2455   2354   2406   14
r  2255   2406   2307   14
r  2251   2406   2307   14
r  2405   2352   2307   14
r  2358   2406   2307   14
r  2304   2352   2307   14
r  2305   2354   2307   14
r  2256   2406   2307   14
r  2303   2406   2307   14
r  2401   2406   2307   14
r  2254   2256   2307   14
r  2201   2307   2354   14
r  1140   1193   1189   14
r  1092   1192   1191   14
r  997   1099   1148   14
r  1724   1575   1776   14
r  998   1148   1198   14
r  1050   1198   1148   14
r  1874   1925   1773   14
r  2161   2163   2412   14
r  2158   2207   2406   14
r  2309   2307   2406   14
r  2408   2307   2354   14
r  2458   2307   2354   14
r  2352   2307   2354   14
r  2403   2307   2406   14
r  2454   2307   2354   14
r  2302   2307   2406   14
r  2359   2307   2354   14
r  2453   2307   2354   14
r  1340   1289   1438   14
r  1047   996   1095   14
r  1100   1249   1198   14
r  1299   1148   1198   14
r  1200   1198   1148   14
r  1349   1198   1148   14
r  1199   1248   1099   14
r  1300   1148   1099   14
r  1150   1198   1099   14
r  1250   1148   1099   14
r  1247   1296   1099   14
r  1348   1099   1148   14
r  1097   1099   1198   14
r  1298   1099   1198   14
r  1829   1878   1729   14
r  2069   2018   2117   14
r  2213   2162   2315   14
r  2411   2414   2315   14
r  2462   2360   2414   14
r  1928   1977   2026   14
r  2173   2224   2125   14
r  2264   2414   2315   14
r  2266   2414   2412   14
r  2318   2412   2315   14
r  2262   2414   2412   14
r  2363   2412   2414   14
r  2369   2421   2412   14
r  2469   2370   2412   14
r  2311   2412   2315   14
r  2466   2412   2315   14
r  2312   2412   2315   14
r  2468   2419   2315   14
r  2418   2412   2315   14
r  2422   2473   2315   14
r  2367   2315   2414   14
r  2313   2315   2414   14
r  1688   1740   1690   14
r  1738   1690   1689   14
r  1790   1689   1639   14
r  1789   1740   1589   14
r  1596   1648   1543   14
r  1396   1498   1648   14
r  2223   2274   2419   14
r  2472   2419   2421   14
r  2470   2315   2419   14
r  1495   1543   1443   14
r  1497   1597   1648   14
r  1839   1788   1689   14
r  1545   1543   1597   14
r  1695   1744   1648   14
r  2137   2237   2085   14
r  1548   1648   1699   14
r  1698   1795   1597   14
r  1697   1748   1597   14
r  1696   1744   1597   14
r  1650   1648   1597   14
r  1799   1697   1597   14
r  1749   1697   1597   14
r  1600   1597   1648   14
r  1550   1597   1648   14
r  1699   1597   1648   14
r  1896   1796   1648   14
r  2226   2177   2277   14
r  2473   2379   2277   14
r  2228   2279   2379   14
r  2088   2039   2040   14
r  2038   2085   2089   14
r  2087   2134   2237   14
r  2134   2186   2085   14
r  2235   2085   2436   14
r  1849   1648   2246   14
r  2178   2379   2277   14
r  2276   2176   2376   14
r  2325   2427   2379   14
r  2477   2379   2376   14
r  2426   2478   2379   14
r  2428   2376   2379   14
r  2475   2477   2379   14
r  2430   2376   2277   14
r  2479   2376   2277   14
r  2474   2426   2277   14
r  2480   2379   2277   14
r  2427   2277   2379   14
r  2478   2277   2379   14
r  1947   1895   2246   14
r  1998   2246   2447   14
r  2048   2246   2447   14
r  2431   2383   2385   14
r  2433   2382   2436   14
r  2286   2436   2382   14
r  2487   2436   2385   14
r  2438   2436   2385   14
r  2044   2145   2246   14
r  2192   2043   2447   14
r  2388   2385   2339   14
r  2482   2385   2436   14
r  2434   2385   2436   14
r  2484   2385   2436   14
r  2296   2445   2446   14
r  2247   2446   2447   14
r  2099   2148   2447   14
r  2392   2394   2447   14
r  2097   2445   2447   14
r  1999   2048   2447   14
r  2050   2099   2447   14
r  2294   2196   2447   14
r  2499   2447   2445   14
r  2199   2099   2447   14
r  2498   2445   2447   14
r  2095   2046   2246   14
r  2298   2447   2246   14
r  2394   2343   2246   14
r  2150   2447   2246   14
r  2496   2447   2246   14
r  2495   2447   2246   14
r  2443   2446   2246   14
r  2450   2446   2246   14
r  2300   2447   2246   14
r  2449   2447   2246   14
r  2399   2445   2246   14
r  2491   2447   2246   14
r  2391   2442   2246   14
r  2291   2239   2246   14
r  2489   2441   2246   14
r  2047   2246   2447   14
r  2439   2441   2447   14
r  2243   2246   2447   14
r  2198   2246   2447   14
r  2493   2246   2447   14
r  2349   2246   2447   14
r  2347   2246   2447   14
r  2500   2246   2445   14
r  2400   2246   2445   14
r  51   108   53   15
r  2   108   53   15
r  101   105   108   15
r  3   105   108   15
r  54   105   108   15
r  254   256   108   15
r  151   105   108   15
r  5   105   108   15
r  204   304   108   15
r  4   105   108   15
r  201   253   302   15
r  6   108   53   15
r  152   303   53   15
r  153   108   53   15
r  102   104   108   15
r  10   61   159   15
r  61   161   164   15
r  116   165   164   15
r  104   53   3   15
r  59   107   159   15
r  12   163   164   15
r  205   52   108   15
r  202   301   108   15
r  55   53   108   15
r  157   159   108   15
r  160   111   108   15
r  162   113   108   15
r  13   165   108   15
r  313   310   108   15
r  352   303   108   15
r  302   253   108   15
r  401   303   108   15
r  15   12   108   15
r  306   302   108   15
r  304   403   108   15
r  14   12   108   15
r  351   302   108   15
r  110   159   211   15
r  111   209   159   15
r  56   108   105   15
r  251   352   302   15
r  114   214   165   15
r  115   214   164   15
r  267   316   164   15
r  119   68   164   15
r  218   269   164   15
r  451   503   454   15
r  405   403   554   15
r  505   454   554   15
r  557   608   506   15
r  455   406   506   15
r  608   509   610   15
r  501   554   503   15
r  172   123   120   15
r  23   120   173   15
r  74   123   173   15
r  270   171   122   15
r  125   176   122   15
r  25   123   122   15
r  175   173   122   15
r  321   173   122   15
r  601   504   503   15
r  603   454   503   15
r  551   454   604   15
r  653   604   854   15
r  652   554   454   15
r  420   369   469   15
r  26   123   173   15
r  126   123   174   15
r  77   129   128   15
r  511   660   611   15
r  702   854   902   15
r  562   660   709   15
r  522   520   423   15
r  621   672   520   15
r  574   526   520   15
r  27   128   130   15
r  78   81   228   15
r  755   757   854   15
r  751   902   805   15
r  804   904   903   15
r  803   902   751   15
r  851   902   854   15
r  801   902   854   15
r  806   854   902   15
r  28   130   81   15
r  29   129   130   15
r  79   128   228   15
r  179   228   128   15
r  181   130   179   15
r  713   664   616   15
r  715   713   613   15
r  667   618   769   15
r  903   854   752   15
r  802   854   754   15
r  906   957   902   15
r  770   772   768   15
r  625   577   728   15
r  31   135   83   15
r  1002   1004   1053   15
r  863   762   812   15
r  1001   1053   1004   15
r  677   726   628   15
r  233   83   135   15
r  184   135   83   15
r  136   83   140   15
r  33   85   132   15
r  32   135   83   15
r  135   86   35   15
r  578   576   728   15
r  1152   1302   1053   15
r  1051   1004   1053   15
r  1060   1009   912   15
r  1155   1305   1302   15
r  1203   1302   1305   15
r  875   877   776   15
r  825   924   774   15
r  830   879   728   15
r  580   582   728   15
r  36   138   135   15
r  34   132   135   15
r  284   83   135   15
r  234   83   285   15
r  137   140   188   15
r  967   1018   916   15
r  1202   1251   1302   15
r  1353   1453   1302   15
r  1503   1602   1702   15
r  1501   1702   1305   15
r  1303   1202   1251   15
r  1301   1305   1252   15
r  1115   1064   1015   15
r  1165   1265   1016   15
r  1113   1164   1011   15
r  1401   1305   1302   15
r  533   634   584   15
r  88   139   140   15
r  41   140   87   15
r  39   138   90   15
r  189   138   88   15
r  243   349   98   15
r  91   188   138   15
r  241   190   140   15
r  40   188   140   15
r  240   188   140   15
r  1455   1305   1559   15
r  1553   1652   1702   15
r  1552   1651   1603   15
r  1311   1212   1210   15
r  928   925   976   15
r  832   735   783   15
r  42   140   349   15
r  437   488   388   15
r  388   288   289   15
r  193   242   98   15
r  293   145   98   15
r  244   98   349   15
r  1701   1552   1602   15
r  1752   1804   1602   15
r  1653   1602   1651   15
r  1601   1702   1652   15
r  1654   1702   1754   15
r  1267   1316   1363   15
r  1464   1512   1411   15
r  43   145   98   15
r  487   587   588   15
r  292   349   145   15
r  194   98   145   15
r  343   442   145   15
r  294   98   349   15
r  245   349   145   15
r  99   45   349   15
r  400   145   349   15
r  446   145   349   15
r  449   349   145   15
r  397   145   349   15
r  96   145   349   15
r  49   145   349   15
r  250   349   145   15
r  443   349   145   15
r  496   349   697   15
r  44   145   349   15
r  297   349   145   15
r  100   349   145   15
r  344   443   349   15
r  398   145   349   15
r  196   349   145   15
r  47   349   145   15
r  50   349   145   15
r  197   145   349   15
r  345   145   98   15
r  249   145   98   15
r  347   145   98   15
r  200   145   98   15
r  149   145   98   15
r  295   145   98   15
r  498   145   98   15
r  246   349   98   15
r  395   349   98   15
r  45   349   98   15
r  450   349   98   15
r  300   349   98   15
r  93   349   98   15
r  393   444   98   15
r  296   349   98   15
r  199   145   98   15
r  442   349   98   15
r  1661   1610   1559   15
r  1657   1609   1709   15
r  1268   1220   1365   15
r  1416   1367   1365   15
r  1415   1367   1366   15
r  1466   1365   1366   15
r  1564   1512   1515   15
r  1226   1175   1224   15
r  1177   1077   1175   15
r  1180   1178   1278   15
r  1033   1035   982   15
r  1182   1231   1185   15
r  448   98   145   15
r  394   98   145   15
r  94   98   145   15
r  150   98   349   15
r  46   98   349   15
r  247   98   349   15
r  500   98   349   15
r  147   98   349   15
r  346   98   349   15
r  298   98   349   15
r  494   697   349   15
r  495   697   349   15
r  497   548   349   15
r  447   98   145   15
r  499   349   697   15
r  548   649   697   15
r  1708   1757   1610   15
r  1515   1512   1614   15
r  1853   1753   1754   15
r  1273   1176   1173   15
r  1326   1374   1474   15
r  1373   1322   1221   15
r  1084   982   1033   15
r  550   697   598   15
r  596   598   649   15
r  798   800   897   15
r  643   541   697   15
r  792   844   697   15
r  693   592   697   15
r  600   649   697   15
r  700   598   697   15
r  848   846   697   15
r  844   893   697   15
r  895   897   697   15
r  1760   1762   1709   15
r  1761   1609   1859   15
r  1861   1810   1711   15
r  1664   1512   1765   15
r  1901   2001   2053   15
r  1807   1856   1855   15
r  1569   1470   1518   15
r  1474   1525   1624   15
r  1423   1425   1475   15
r  1283   1235   1285   15
r  1040   991   889   15
r  892   841   991   15
r  745   697   649   15
r  750   697   649   15
r  999   947   1148   15
r  949   1099   1198   15
r  947   949   1198   15
r  1000   1148   1198   15
r  1859   1711   1760   15
r  1863   1764   1765   15
r  1815   1716   1763   15
r  1717   1768   1765   15
r  1864   1764   1765   15
r  1951   2103   2307   15
r  2103   2307   2406   15
r  2053   2101   2406   15
r  2002   2103   2307   15
r  2107   2207   1905   15
r  1954   1903   2307   15
r  2003   2102   2103   15
r  1520   1471   1569   15
r  1523   1623   1474   15
r  1476   1474   1473   15
r  1090   1191   1189   15
r  998   1198   1148   15
r  1050   1148   1198   15
r  2059   2061   1961   15
r  2001   2053   2307   15
r  2102   2406   2053   15
r  2153   2053   2406   15
r  2101   2152   2307   15
r  2005   2056   2307   15
r  2055   2106   2307   15
r  2157   2206   2406   15
r  2156   2307   2406   15
r  1522   1624   1623   15
r  1389   1341   1543   15
r  993   942   1045   15
r  1048   1099   1148   15
r  1047   1045   1099   15
r  1100   1148   1097   15
r  1200   1148   1198   15
r  1300   1198   1148   15
r  1350   1448   1099   15
r  1097   1198   1099   15
r  1298   1198   1099   15
r  1250   1099   1148   15
r  1150   1099   1198   15
r  1146   999   1045   15
r  2357   2354   2406   15
r  2205   2406   2354   15
r  2402   2354   2406   15
r  2351   2406   2354   15
r  2451   2354   2406   15
r  2253   2406   2354   15
r  2452   2354   2406   15
r  2455   2406   2354   15
r  2255   2354   2406   15
r  2251   2202   2354   15
r  2358   2354   2406   15
r  2305   2406   2354   15
r  2256   2354   2406   15
r  2401   2354   2406   15
r  2105   2053   2307   15
r  2201   2406   2307   15
r  2158   2160   2307   15
r  2408   2354   2307   15
r  2458   2406   2307   15
r  2352   2354   2307   15
r  2454   2354   2307   15
r  2359   2406   2307   15
r  2453   2354   2307   15
r  2151   2103   2307   15
r  2403   2406   2307   15
r  2302   2406   2307   15
r  2203   2307   2354   15
r  2202   2307   2406   15
r  2207   2307   2354   15
r  2457   2307   2354   15
r  2206   2307   2354   15
r  2204   2307   2354   15
r  2409   2307   2354   15
r  2155   2307   2406   15
r  2301   2307   2406   15
r  2258   2307   2406   15
r  2303   2307   2406   15
r  2254   2307   2406   15
r  2459   2307   2354   15
r  1628   1630   1729   15
r  1540   1542   1438   15
r  1392   1340   1389   15
r  1543   1443   1648   15
r  1347   1398   1648   15
r  2113   2164   2412   15
r  2461   2412   2414   15
r  1882   1933   1782   15
r  1292   1244   1345   15
r  1546   1648   1597   15
r  1596   1594   1648   15
r  1495   1546   1543   15
r  1293   1345   1296   15
r  1449   1648   1597   15
r  2311   2415   2412   15
r  2262   2412   2414   15
r  1686   1735   1587   15
r  1834   1931   1886   15
r  1496   1543   1648   15
r  1739   1790   1589   15
r  1738   1689   1690   15
r  1447   1648   1597   15
r  1898   1749   1597   15
r  1500   1597   1649   15
r  1695   1595   1597   15
r  1548   1597   1648   15
r  1650   1597   1648   15
r  1895   1797   1648   15
r  1846   1795   1648   15
r  1897   1895   1648   15
r  1797   1648   1597   15
r  1600   1648   1597   15
r  1848   1648   1597   15
r  1850   1648   1597   15
r  1550   1648   1597   15
r  2316   2368   2414   15
r  2367   2414   2315   15
r  2313   2414   2315   15
r  2417   2315   2419   15
r  2469   2315   2421   15
r  2318   2315   2412   15
r  2363   2315   2412   15
r  2466   2414   2412   15
r  2312   2414   2412   15
r  2468   2315   2412   15
r  2418   2315   2412   15
r  2319   2315   2412   15
r  2370   2417   2412   15
r  2422   2419   2412   15
r  2421   2423   2315   15
r  2321   2421   2315   15
r  2470   2419   2315   15
r  1742   1840   1892   15
r  1849   1950   2447   15
r  1948   2246   2447   15
r  1843   1895   1795   15
r  1947   2246   2447   15
r  2472   2421   2419   15
r  2372   2421   2471   15
r  2125   2224   2026   15
r  2129   2027   2277   15
r  2126   2177   2277   15
r  1998   2099   2246   15
r  1949   2246   2447   15
r  2048   2447   2246   15
r  1996   2045   2246   15
r  2045   2246   2447   15
r  1997   2049   2447   15
r  1950   2048   2447   15
r  2049   2246   2447   15
r  2473   2277   2379   15
r  2179   2228   2277   15
r  2281   2232   2277   15
r  2133   2184   2035   15
r  2145   2147   2447   15
r  2344   2445   2447   15
r  2299   2447   2445   15
r  2096   2145   2447   15
r  2492   2342   2447   15
r  2197   2447   2445   15
r  2144   2092   2447   15
r  2195   2144   2447   15
r  2150   2446   2447   15
r  2495   2446   2447   15
r  2450   2445   2447   15
r  2300   2446   2447   15
r  2449   2445   2447   15
r  2489   2342   2447   15
r  2191   2242   2246   15
r  2094   1994   2246   15
r  2193   2141   2246   15
r  2047   2099   2246   15
r  2439   2447   2246   15
r  2198   2447   2246   15
r  2493   2447   2246   15
r  2349   2447   2246   15
r  2347   2447   2246   15
r  2500   2447   2246   15
r  2400   2445   2246   15
r  2442   2447   2246   15
r  2341   2339   2246   15
r  2340   2288   2246   15
r  2399   2246   2445   15
r  2250   2246   2445   15
r  2498   2246   2445   15
r  2496   2246   2447   15
r  2499   2246   2447   15
r  2095   2246   2447   15
r  2298   2246   2447   15
r  2491   2246   2447   15
r  2425   2277   2376   15
r  2278   2379   2376   15
r  2427   2379   2277   15
r  2478   2379   2277   15
r  2378   2277   2376   15
r  2476   2277   2376   15
r  2477   2277   2379   15
r  2282   2180   2385   15
r  2233   2284   2385   15
r  2142   2191   2090   15
r  2285   2436   2336   15
r  2488   2385   2436   15
r  2338   2439   2441   15
r  2384   2433   2432   15
r  2482   2436   2385   15
r  2434   2436   2385   15
r  2484   2336   2385   15
r  2487   2385   2436   15
r  1   108   105   16
r  51   53   108   16
r  2   53   108   16
r  54   108   159   16
r  5   108   159   16
r  201   302   108   16
r  6   105   108   16
r  153   252   108   16
r  7   159   53   16
r  56   159   108   16
r  252   303   159   16
r  354   254   108   16
r  251   253   108   16
r  264   212   108   16
r  63   164   108   16
r  114   165   108   16
r  357   306   108   16
r  305   256   108   16
r  303   354   108   16
r  353   304   108   16
r  311   460   108   16
r  402   303   108   16
r  18   120   108   16
r  355   304   108   16
r  110   211   159   16
r  157   108   159   16
r  11   108   159   16
r  314   366   164   16
r  217   169   164   16
r  21   69   164   16
r  368   419   416   16
r  219   170   122   16
r  22   123   173   16
r  505   554   454   16
r  507   458   558   16
r  501   503   554   16
r  173   24   120   16
r  271   120   122   16
r  176   224   122   16
r  221   223   122   16
r  464   412   462   16
r  552   454   503   16
r  602   554   503   16
r  551   553   454   16
r  705   702   454   16
r  557   506   608   16
r  657   759   610   16
r  371   420   470   16
r  77   128   228   16
r  225   176   326   16
r  177   128   228   16
r  702   902   854   16
r  27   130   128   16
r  130   178   132   16
r  754   902   852   16
r  753   854   805   16
r  751   854   902   16
r  851   904   902   16
r  801   803   902   16
r  806   902   854   16
r  802   754   854   16
r  752   854   954   16
r  669   769   718   16
r  766   768   663   16
r  28   81   130   16
r  79   130   128   16
r  80   228   78   16
r  180   128   132   16
r  229   128   129   16
r  30   128   228   16
r  181   179   130   16
r  179   130   228   16
r  476   528   326   16
r  378   427   326   16
r  905   854   902   16
r  1053   1102   902   16
r  1003   1105   1051   16
r  955   906   907   16
r  767   818   668   16
r  819   718   772   16
r  818   668   769   16
r  184   83   135   16
r  36   135   132   16
r  34   83   132   16
r  32   183   135   16
r  1002   1053   1305   16
r  1054   1052   1305   16
r  1101   1104   1305   16
r  1001   1102   1053   16
r  862   914   1011   16
r  965   866   812   16
r  1051   1053   1103   16
r  1107   1156   1007   16
r  577   628   728   16
r  233   132   83   16
r  86   132   135   16
r  284   183   184   16
r  137   89   140   16
r  962   911   1011   16
r  1156   1207   1305   16
r  1203   1305   1302   16
r  1108   1160   1110   16
r  918   967   916   16
r  725   728   776   16
r  829   1030   728   16
r  189   88   138   16
r  238   287   140   16
r  41   87   140   16
r  533   584   484   16
r  1304   1202   1302   16
r  1402   1456   1302   16
r  1205   1105   1302   16
r  1155   1302   1305   16
r  1301   1252   1305   16
r  1401   1302   1305   16
r  1455   1559   1305   16
r  1352   1305   1403   16
r  1163   1112   1016   16
r  1206   1305   1302   16
r  969   869   917   16
r  1071   1172   1069   16
r  681   728   679   16
r  39   140   138   16
r  142   98   145   16
r  242   349   98   16
r  193   98   145   16
r  92   98   145   16
r  42   138   98   16
r  584   483   582   16
r  1457   1559   1556   16
r  1408   1411   1410   16
r  1602   1703   1653   16
r  1165   1016   1065   16
r  1361   1410   1210   16
r  733   735   833   16
r  832   834   735   16
r  143   98   145   16
r  292   145   349   16
r  243   140   349   16
r  293   349   145   16
r  194   145   98   16
r  93   145   349   16
r  43   349   145   16
r  536   488   538   16
r  1603   1702   1554   16
r  1601   1552   1702   16
r  1654   1754   1702   16
r  1651   1702   1552   16
r  1028   1030   929   16
r  884   735   833   16
r  392   349   98   16
r  448   145   98   16
r  249   98   145   16
r  394   145   98   16
r  94   145   98   16
r  199   98   145   16
r  295   98   145   16
r  445   447   98   16
r  244   145   98   16
r  44   98   145   16
r  400   98   145   16
r  46   145   98   16
r  397   98   145   16
r  147   145   98   16
r  344   98   145   16
r  294   145   98   16
r  497   697   98   16
r  245   145   349   16
r  250   145   349   16
r  443   145   349   16
r  297   98   349   16
r  100   98   349   16
r  196   145   349   16
r  47   145   349   16
r  50   98   349   16
r  395   98   349   16
r  45   98   349   16
r  300   145   349   16
r  296   98   349   16
r  449   145   349   16
r  450   145   349   16
r  442   98   349   16
r  246   145   349   16
r  447   498   98   16
r  298   349   98   16
r  150   349   98   16
r  247   349   98   16
r  343   349   98   16
r  49   349   145   16
r  398   349   145   16
r  197   349   145   16
r  444   349   145   16
r  347   349   145   16
r  200   349   145   16
r  149   349   145   16
r  498   349   145   16
r  393   395   145   16
r  346   349   145   16
r  96   349   145   16
r  345   349   145   16
r  499   447   98   16
r  1801   1754   1803   16
r  1265   1365   1363   16
r  983   1084   1035   16
r  1085   983   1033   16
r  500   349   697   16
r  549   699   649   16
r  1562   1463   1615   16
r  1662   1512   1614   16
r  1806   1705   1754   16
r  1515   1513   1512   16
r  1466   1366   1365   16
r  1517   1512   1365   16
r  1329   1430   1432   16
r  1328   1280   1229   16
r  1377   1379   1278   16
r  593   691   697   16
r  596   697   598   16
r  550   598   697   16
r  700   649   598   16
r  745   649   697   16
r  750   699   697   16
r  1811   1760   1960   16
r  1952   2053   2307   16
r  1904   2053   2307   16
r  1953   2051   2307   16
r  940   991   1040   16
r  989   1040   940   16
r  1381   1430   1480   16
r  650   697   598   16
r  800   697   699   16
r  748   697   897   16
r  949   1050   1099   16
r  947   1000   1148   16
r  1860   1711   1811   16
r  1951   2053   2406   16
r  2103   2406   2307   16
r  2002   2053   2354   16
r  1909   1957   1905   16
r  1959   1908   1905   16
r  2005   2307   1905   16
r  2059   1961   1905   16
r  1813   1862   1765   16
r  1767   1765   1764   16
r  1717   1715   1720   16
r  1866   1864   1765   16
r  1520   1569   1471   16
r  1475   1473   1526   16
r  1526   1624   1623   16
r  1573   1473   1524   16
r  1476   1473   1474   16
r  1525   1623   1474   16
r  1434   1333   1432   16
r  943   994   995   16
r  1090   1189   1191   16
r  1050   1099   1148   16
r  2010   2111   1963   16
r  2001   2307   2053   16
r  2102   2307   2406   16
r  2104   2307   2354   16
r  2101   2307   2406   16
r  2051   2053   2307   16
r  2054   2103   2307   16
r  2004   1904   2307   16
r  2357   2406   2354   16
r  2308   2407   2354   16
r  2205   2354   2406   16
r  2402   2406   2354   16
r  2351   2354   2406   16
r  2253   2354   2406   16
r  2456   2407   2354   16
r  2452   2406   2354   16
r  2455   2354   2406   16
r  2251   2354   2406   16
r  2358   2406   2354   16
r  2256   2406   2354   16
r  2105   2052   2406   16
r  2454   2406   2354   16
r  2453   2406   2354   16
r  2152   2103   2307   16
r  2156   2107   2307   16
r  2203   2354   2307   16
r  2202   2052   2307   16
r  2457   2406   2307   16
r  2206   2406   2307   16
r  2204   2354   2307   16
r  2409   2354   2307   16
r  2309   2406   2307   16
r  2155   2406   2307   16
r  2301   2406   2307   16
r  2258   2406   2307   16
r  2303   2406   2307   16
r  2254   2354   2307   16
r  2459   2354   2307   16
r  2207   2406   2307   16
r  2209   2207   2307   16
r  2057   2006   2406   16
r  1867   1916   1966   16
r  1625   1622   1623   16
r  1048   1148   1099   16
r  1047   1095   1148   16
r  1100   1198   1148   16
r  1200   1198   1148   16
r  1250   1198   1099   16
r  1150   1148   1099   16
r  1348   1148   1099   16
r  1299   1099   1148   16
r  1300   1099   1198   16
r  1097   1099   1198   16
r  1298   1099   1198   16
r  2111   1963   2063   16
r  2352   2307   2354   16
r  2460   2307   2354   16
r  2151   2307   2354   16
r  2158   2307   2354   16
r  2255   2307   2354   16
r  2451   2307   2354   16
r  2305   2307   2406   16
r  2201   2307   2406   16
r  2458   2307   2406   16
r  2359   2307   2406   16
r  2403   2307   2406   16
r  2302   2307   2406   16
r  1870   1770   1720   16
r  1723   1674   1774   16
r  1246   1295   1244   16
r  2461   2414   2412   16
r  2411   2315   2414   16
r  2261   2315   2414   16
r  2217   2268   2118   16
r  1678   1729   1829   16
r  1588   1639   1690   16
r  1731   1631   1782   16
r  1727   1778   1829   16
r  1293   1296   1242   16
r  1292   1345   1244   16
r  1449   1597   1648   16
r  1397   1648   1597   16
r  1448   1444   1597   16
r  2213   2113   2412   16
r  2469   2421   2315   16
r  2268   2167   2412   16
r  2262   2414   2412   16
r  2320   2315   2412   16
r  2421   2315   2412   16
r  2371   2368   2412   16
r  2420   2372   2412   16
r  2321   2419   2412   16
r  2470   2421   2412   16
r  2368   2412   2414   16
r  2312   2412   2414   16
r  2417   2412   2315   16
r  2363   2412   2315   16
r  2418   2412   2315   16
r  2319   2412   2315   16
r  2318   2412   2315   16
r  2419   2319   2315   16
r  1922   1975   1871   16
r  2118   2064   2171   16
r  1984   1986   2085   16
r  1495   1443   1648   16
r  1496   1547   1543   16
r  1443   1494   1543   16
r  1500   1648   1597   16
r  1546   1543   1648   16
r  1447   1449   1648   16
r  1848   1749   1648   16
r  1898   1648   2246   16
r  1550   1699   1648   16
r  1694   1648   1597   16
r  1699   1648   1597   16
r  1548   1699   1597   16
r  1650   1698   1597   16
r  1897   1849   1597   16
r  1549   1597   1649   16
r  1797   1597   1648   16
r  1850   1597   1648   16
r  1600   1597   1648   16
r  1796   1844   1648   16
r  1894   1896   1648   16
r  2271   2222   2419   16
r  2221   2270   2322   16
r  1688   1690   1788   16
r  1739   1589   1690   16
r  1788   1690   1589   16
r  1741   1790   1589   16
r  1985   2086   2085   16
r  1948   2447   2246   16
r  1843   1892   1895   16
r  1900   2246   2447   16
r  2473   2379   2277   16
r  2424   2277   2376   16
r  2175   2224   2277   16
r  2082   2084   2034   16
r  1988   2037   2088   16
r  2084   2184   2086   16
r  1949   2447   2246   16
r  2048   2246   2447   16
r  2147   2447   2445   16
r  2299   2445   2447   16
r  2195   2447   2445   16
r  2391   2339   2447   16
r  2349   2445   2447   16
r  2442   2342   2447   16
r  2341   2442   2447   16
r  2049   2447   2246   16
r  2399   2445   2246   16
r  2250   2447   2246   16
r  2243   2192   2246   16
r  2498   2445   2246   16
r  2496   2445   2246   16
r  2095   2447   2246   16
r  2298   2295   2246   16
r  1993   2044   2246   16
r  2093   1993   2246   16
r  2143   2092   2246   16
r  2441   2394   2246   16
r  2390   2339   2246   16
r  2499   2447   2246   16
r  2389   2442   2246   16
r  2425   2376   2277   16
r  2226   2277   2376   16
r  1989   2038   2037   16
r  2234   2282   2385   16
r  2348   2246   2445   16
r  2098   2246   2445   16
r  2194   2246   2000   16
r  2449   2246   2445   16
r  2242   2246   2447   16
r  2292   2246   2447   16
r  2490   2246   2447   16
r  2193   2246   2447   16
r  2198   2246   2447   16
r  2493   2246   2447   16
r  2347   2246   2447   16
r  2197   2246   2447   16
r  2500   2246   2447   16
r  2042   2141   2447   16
r  2240   2191   2447   16
r  2290   2191   2441   16
r  2438   2441   2436   16
r  2476   2379   2277   16
r  2427   2277   2379   16
r  2227   2327   2376   16
r  2278   2376   2379   16
r  2229   2180   2379   16
r  2428   2379   2376   16
r  2479   2379   2376   16
r  2280   2180   2277   16
r  2477   2379   2277   16
r  2378   2376   2277   16
r  2377   2277   2330   16
r  2381   2277   2376   16
r  2478   2277   2379   16
r  2140   2088   1989   16
r  2285   2385   2436   16
r  2289   2441   2189   16
r  2286   2382   2436   16
r  2487   2436   2385   16
r  2332   2385   2436   16
r  2384   2436   2382   16
r  2482   2433   2436   16
r  2434   2485   2436   16
r  1   105   108   17
r  51   105   53   17
r  53   102   159   17
r  101   53   105   17
r  54   159   108   17
r  5   159   108   17
r  104   108   53   17
r  156   159   53   17
r  208   107   159   17
r  203   105   159   17
r  157   159   108   17
r  11   161   108   17
r  16   164   108   17
r  66   164   108   17
r  68   120   108   17
r  67   216   108   17
r  314   363   108   17
r  310   261   108   17
r  358   207   108   17
r  312   363   108   17
r  356   506   108   17
r  253   108   159   17
r  256   108   159   17
r  61   108   159   17
r  62   108   159   17
r  69   122   164   17
r  121   271   164   17
r  368   416   164   17
r  451   554   503   17
r  20   164   122   17
r  120   171   122   17
r  72   123   120   17
r  467   418   368   17
r  503   454   604   17
r  507   558   610   17
r  607   556   610   17
r  608   610   559   17
r  501   554   503   17
r  459   510   610   17
r  221   322   170   17
r  76   22   122   17
r  322   424   122   17
r  26   75   122   17
r  126   75   122   17
r  227   130   122   17
r  603   554   454   17
r  602   503   554   17
r  652   603   854   17
r  552   503   454   17
r  177   228   128   17
r  27   29   130   17
r  374   273   326   17
r  704   854   903   17
r  703   854   902   17
r  666   615   768   17
r  178   129   130   17
r  28   130   228   17
r  278   326   130   17
r  229   129   128   17
r  79   128   130   17
r  29   128   228   17
r  80   128   228   17
r  81   129   228   17
r  179   228   130   17
r  30   228   128   17
r  716   663   616   17
r  903   954   854   17
r  762   611   663   17
r  753   805   854   17
r  751   902   854   17
r  752   954   854   17
r  905   956   854   17
r  669   768   769   17
r  31   132   135   17
r  803   854   902   17
r  906   902   908   17
r  1003   1051   1305   17
r  1004   1053   1305   17
r  959   1010   1007   17
r  720   768   718   17
r  770   768   772   17
r  133   184   182   17
r  84   135   184   17
r  85   83   133   17
r  86   83   132   17
r  284   135   132   17
r  481   430   380   17
r  333   384   331   17
r  865   1016   813   17
r  1002   1305   1051   17
r  1053   902   1305   17
r  1052   1103   1305   17
r  1055   1053   1305   17
r  1057   1157   1008   17
r  1058   1107   1007   17
r  773   775   776   17
r  677   728   730   17
r  34   132   83   17
r  234   285   83   17
r  136   132   138   17
r  482   533   484   17
r  633   582   532   17
r  1051   1103   1305   17
r  1063   1014   912   17
r  1355   1353   1302   17
r  1254   1202   1302   17
r  1203   1252   1305   17
r  1352   1252   1305   17
r  1206   1155   1305   17
r  1110   1158   1159   17
r  969   917   1018   17
r  825   876   823   17
r  921   1022   1023   17
r  731   729   679   17
r  337   335   388   17
r  39   90   140   17
r  485   385   434   17
r  534   532   582   17
r  1151   1305   1202   17
r  1405   1305   1302   17
r  1401   1305   1302   17
r  1351   1305   1403   17
r  1301   1305   1201   17
r  1309   1209   1411   17
r  1556   1505   1508   17
r  1551   1702   1603   17
r  977   1078   925   17
r  41   140   98   17
r  189   138   90   17
r  339   388   336   17
r  733   833   735   17
r  783   834   785   17
r  1117   1017   1119   17
r  1409   1460   1559   17
r  1603   1652   1702   17
r  1604   1602   1552   17
r  1601   1652   1603   17
r  1651   1603   1702   17
r  1753   1804   1602   17
r  1605   1556   1505   17
r  242   98   349   17
r  193   349   98   17
r  42   98   145   17
r  92   145   98   17
r  487   586   538   17
r  537   586   588   17
r  884   833   735   17
r  836   934   783   17
r  1215   1365   1315   17
r  1263   1214   1365   17
r  1414   1367   1366   17
r  1510   1563   1512   17
r  1801   1803   1754   17
r  1313   1316   1365   17
r  1124   1223   1175   17
r  143   145   98   17
r  292   193   98   17
r  243   98   145   17
r  293   98   349   17
r  43   145   349   17
r  96   145   349   17
r  49   145   349   17
r  496   697   145   17
r  398   145   349   17
r  396   349   145   17
r  197   145   349   17
r  444   145   349   17
r  345   145   349   17
r  347   145   349   17
r  200   145   349   17
r  246   349   145   17
r  93   349   145   17
r  244   349   145   17
r  294   349   145   17
r  94   349   145   17
r  392   541   349   17
r  445   349   145   17
r  150   145   349   17
r  247   145   349   17
r  499   697   145   17
r  448   349   145   17
r  249   145   98   17
r  295   349   98   17
r  44   349   98   17
r  400   349   98   17
r  397   145   98   17
r  344   145   98   17
r  297   349   98   17
r  100   349   98   17
r  50   349   98   17
r  395   349   98   17
r  45   349   98   17
r  296   349   98   17
r  199   145   98   17
r  1806   1754   1905   17
r  1664   1765   1512   17
r  1663   1562   1614   17
r  1416   1365   1363   17
r  394   98   145   17
r  46   98   145   17
r  446   98   145   17
r  147   98   145   17
r  497   98   145   17
r  245   98   145   17
r  250   98   145   17
r  443   98   145   17
r  196   98   145   17
r  47   98   145   17
r  300   98   145   17
r  450   98   145   17
r  442   393   145   17
r  298   98   349   17
r  149   98   349   17
r  498   98   349   17
r  393   98   349   17
r  346   395   349   17
r  500   697   349   17
r  343   98   349   17
r  543   492   697   17
r  741   641   697   17
r  1758   1658   1760   17
r  1615   1512   1765   17
r  1809   1811   1711   17
r  1808   1905   1711   17
r  1901   2053   2307   17
r  1953   2053   2406   17
r  1372   1221   1474   17
r  1276   1225   1474   17
r  1226   1125   1175   17
r  1035   982   1033   17
r  596   649   697   17
r  542   643   697   17
r  938   837   941   17
r  643   697   592   17
r  939   941   891   17
r  989   940   941   17
r  893   891   991   17
r  1518   1470   1419   17
r  1422   1373   1623   17
r  1812   1810   1765   17
r  1863   1814   1963   17
r  1960   1911   1905   17
r  1951   2307   2354   17
r  2103   2052   2406   17
r  2002   2307   2406   17
r  2107   2056   2307   17
r  2055   2307   1905   17
r  2057   2406   1905   17
r  1954   2307   2406   17
r  2003   2103   2406   17
r  1766   1668   1720   17
r  1915   1963   1765   17
r  1324   1424   1425   17
r  1376   1427   1474   17
r  1426   1477   1474   17
r  746   695   897   17
r  600   598   649   17
r  696   747   598   17
r  750   649   699   17
r  650   699   697   17
r  800   649   697   17
r  748   897   697   17
r  700   697   649   17
r  992   990   1045   17
r  1042   1045   991   17
r  1521   1470   1568   17
r  2001   2103   2307   17
r  2102   2053   2307   17
r  2153   2406   2354   17
r  2104   2354   2307   17
r  2357   2354   2406   17
r  2205   2406   2354   17
r  2402   2354   2406   17
r  2208   2406   2354   17
r  2052   2003   2406   17
r  2358   2354   2406   17
r  2256   2354   2406   17
r  2454   2354   2406   17
r  2453   2354   2406   17
r  2004   2053   2406   17
r  2054   2003   2406   17
r  2156   2406   2354   17
r  2051   2103   2354   17
r  2206   2354   2406   17
r  2204   2406   2354   17
r  2005   1905   2307   17
r  2101   2103   2307   17
r  2352   2354   2307   17
r  2158   2354   2307   17
r  2255   2354   2307   17
r  2458   2406   2307   17
r  2359   2354   2307   17
r  2403   2352   2307   17
r  2302   2406   2307   17
r  2151   2354   2307   17
r  2451   2354   2307   17
r  2201   2406   2307   17
r  2305   2354   2307   17
r  2157   2307   2354   17
r  2152   2307   2406   17
r  2408   2307   2354   17
r  2154   2307   2354   17
r  2401   2307   2354   17
r  2254   2307   2354   17
r  2351   2307   2354   17
r  2253   2307   2354   17
r  2455   2307   2354   17
r  2251   2307   2354   17
r  2452   2307   2406   17
r  2457   2307   2406   17
r  2309   2307   2406   17
r  2155   2307   2406   17
r  2301   2307   2406   17
r  2303   2307   2406   17
r  2207   2307   2406   17
r  2258   2307   2406   17
r  2459   2307   2354   17
r  1576   1623   1474   17
r  1433   1334   1384   17
r  1334   1185   1432   17
r  900   697   897   17
r  949   1099   1148   17
r  1000   1198   1148   17
r  997   1148   1099   17
r  1140   1191   1089   17
r  1523   1474   1623   17
r  1822   1721   1720   17
r  2165   2116   2412   17
r  1139   1090   1191   17
r  1288   1337   1388   17
r  998   1099   1198   17
r  1050   1148   1099   17
r  2161   2412   2315   17
r  2411   2360   2315   17
r  2163   2114   2211   17
r  2261   2412   2315   17
r  2361   2412   2414   17
r  2311   2315   2414   17
r  1777   1775   1829   17
r  2164   2063   2315   17
r  2218   2166   2171   17
r  2217   2118   2412   17
r  1389   1543   1438   17
r  1048   1099   1148   17
r  1100   1148   1198   17
r  1349   1148   1198   17
r  1299   1198   1099   17
r  1097   1148   1099   17
r  1298   1148   1099   17
r  1300   1198   1099   17
r  1350   1099   1148   17
r  1150   1099   1148   17
r  1200   1099   1198   17
r  1250   1099   1198   17
r  1194   1243   1294   17
r  1245   1296   1344   17
r  1294   1345   1242   17
r  1393   1345   1543   17
r  1395   1296   1244   17
r  2265   2214   2414   17
r  2268   2220   2315   17
r  2371   2419   2315   17
r  2368   2315   2412   17
r  2312   2414   2412   17
r  2417   2315   2412   17
r  2363   2315   2412   17
r  2319   2315   2412   17
r  2318   2315   2412   17
r  2270   2322   2412   17
r  2271   2322   2412   17
r  2419   2421   2412   17
r  2467   2412   2419   17
r  2267   2412   2414   17
r  2264   2412   2414   17
r  2321   2412   2419   17
r  2468   2412   2315   17
r  2073   2174   2125   17
r  1730   1732   1782   17
r  1830   1930   1782   17
r  1392   1389   1543   17
r  1297   1446   1597   17
r  1444   1543   1648   17
r  1445   1496   1648   17
r  2423   2472   2277   17
r  1927   2027   2029   17
r  1834   1886   1935   17
r  1883   1782   1934   17
r  1449   1648   1597   17
r  1397   1597   1648   17
r  1450   1648   1649   17
r  1446   1347   1597   17
r  1497   1546   1597   17
r  2473   2277   2379   17
r  2424   2376   2277   17
r  2324   2277   2376   17
r  2275   2277   2376   17
r  2175   2226   2379   17
r  2225   2379   2376   17
r  1739   1690   1589   17
r  1790   1639   1689   17
r  1936   1987   2085   17
r  1499   1597   1649   17
r  1500   1597   1648   17
r  1745   1696   1597   17
r  1549   1648   1597   17
r  1746   1648   1597   17
r  1797   1698   1597   17
r  1600   1649   1597   17
r  1796   1648   1597   17
r  1850   1799   1597   17
r  1694   1597   1648   17
r  1699   1597   1648   17
r  1946   1795   1648   17
r  1793   1744   1648   17
r  1692   1743   1648   17
r  2425   2277   2376   17
r  2178   2227   2379   17
r  2477   2376   2379   17
r  2378   2327   2376   17
r  2128   2177   2277   17
r  2226   2376   2277   17
r  2427   2379   2277   17
r  2377   2379   2277   17
r  2478   2379   2277   17
r  2381   2379   2277   17
r  1742   1892   1840   17
r  2083   2085   2180   17
r  2183   2035   2082   17
r  1948   2048   2447   17
r  1899   1948   2447   17
r  1900   2049   2246   17
r  1996   2047   2447   17
r  2476   2277   2379   17
r  2279   2277   2376   17
r  2328   2277   2228   17
r  2230   2277   2379   17
r  2428   2277   2379   17
r  2479   2277   2379   17
r  2480   2277   2379   17
r  2280   2277   2379   17
r  2332   2433   2385   17
r  1940   1892   1840   17
r  2092   2043   2246   17
r  1939   1839   1892   17
r  2236   2284   2436   17
r  1949   2246   2447   17
r  2147   2445   2447   17
r  2043   2049   2447   17
r  2340   2338   2447   17
r  2143   2043   2447   17
r  2390   2288   2447   17
r  2045   2447   2246   17
r  2098   2447   2246   17
r  2194   2000   2246   17
r  2449   2447   2246   17
r  2491   2447   2246   17
r  2292   2447   2246   17
r  2490   2447   2246   17
r  2193   2447   2246   17
r  2198   2298   2246   17
r  2493   2446   2246   17
r  2347   2445   2246   17
r  2197   2445   2246   17
r  2500   2445   2246   17
r  2042   2093   2246   17
r  2048   2447   2246   17
r  2440   2391   2246   17
r  2141   2093   2246   17
r  2348   2445   2246   17
r  2242   2392   2246   17
r  2289   2237   2246   17
r  2283   2231   2436   17
r  2383   2432   2482   17
r  2284   2385   2436   17
r  2093   2246   2447   17
r  2285   2336   2385   17
r  2290   2441   2447   17
r  2248   2246   2445   17
r  2343   2246   2445   17
r  2297   2246   2445   17
r  2295   2246   2445   17
r  2398   2246   2445   17
r  2498   2246   2445   17
r  2496   2246   2445   17
r  2298   2246   2445   17
r  2299   2246   2445   17
r  2195   2246   2447   17
r  2291   2246   2447   17
r  2191   2246   2447   17
r  2094   2246   2447   17
r  2439   2246   2447   17
r  2049   2246   2447   17
r  2250   2246   2447   17
r  2095   2246   2447   17
r  2499   2246   2447   17
r  2044   2246   2447   17
r  2389   2246   2447   17
r  2487   2385   2436   17
r  2384   2382   2436   17
r  2434   2436   2432   17
r  104   3   108   18
r  156   108   159   18
r  102   108   53   18
r  251   302   53   18
r  211   160   53   18
r  207   308   53   18
r  58   209   159   18
r  157   209   159   18
r  16   117   164   18
r  66   117   164   18
r  253   352   108   18
r  256   159   108   18
r  61   159   108   18
r  62   159   108   18
r  214   67   108   18
r  65   164   108   18
r  115   117   108   18
r  404   503   108   18
r  407   310   108   18
r  406   457   108   18
r  216   164   108   18
r  12   108   159   18
r  268   68   164   18
r  315   310   164   18
r  71   120   164   18
r  452   454   503   18
r  19   164   122   18
r  21   164   122   18
r  319   368   122   18
r  269   368   122   18
r  460   411   610   18
r  503   551   454   18
r  505   604   554   18
r  501   503   554   18
r  464   462   412   18
r  603   454   554   18
r  24   123   173   18
r  25   76   173   18
r  224   175   122   18
r  564   615   613   18
r  704   902   854   18
r  705   454   604   18
r  703   902   854   18
r  702   751   902   18
r  77   130   128   18
r  27   128   228   18
r  756   854   902   18
r  754   852   902   18
r  903   752   805   18
r  751   854   902   18
r  851   902   805   18
r  803   902   854   18
r  955   957   854   18
r  701   854   903   18
r  473   522   520   18
r  572   520   574   18
r  327   528   226   18
r  324   276   326   18
r  28   228   130   18
r  180   132   128   18
r  179   128   228   18
r  231   130   228   18
r  30   128   228   18
r  29   228   128   18
r  715   613   616   18
r  951   1053   1305   18
r  952   1102   1305   18
r  668   719   717   18
r  31   83   130   18
r  477   479   530   18
r  281   330   431   18
r  720   769   768   18
r  863   912   914   18
r  913   1011   812   18
r  915   1015   812   18
r  961   1061   1063   18
r  1001   1053   1305   18
r  1102   1252   1053   18
r  1002   1051   1305   18
r  722   771   821   18
r  184   135   83   18
r  36   83   135   18
r  86   135   83   18
r  34   135   132   18
r  234   83   132   18
r  233   83   132   18
r  1101   1053   1302   18
r  1403   1451   1302   18
r  1354   1453   1302   18
r  1407   1506   1508   18
r  1207   1306   1305   18
r  1151   1302   1305   18
r  1405   1302   1305   18
r  1401   1302   1305   18
r  1351   1403   1305   18
r  1301   1201   1305   18
r  1553   1602   1305   18
r  1107   1007   1008   18
r  677   730   728   18
r  85   132   83   18
r  236   185   83   18
r  84   132   135   18
r  284   132   135   18
r  35   132   133   18
r  680   728   629   18
r  1506   1305   1559   18
r  1551   1602   1702   18
r  875   776   823   18
r  921   1023   1022   18
r  922   1022   974   18
r  681   679   728   18
r  684   636   582   18
r  1701   1653   1603   18
r  1604   1552   1602   18
r  1751   1754   1702   18
r  1653   1552   1754   18
r  1601   1702   1552   18
r  1655   1706   1602   18
r  1801   1754   1602   18
r  876   776   878   18
r  190   139   188   18
r  192   138   145   18
r  189   90   138   18
r  41   98   349   18
r  733   735   833   18
r  1168   1117   1166   18
r  1264   1316   1366   18
r  1218   1270   1220   18
r  1565   1512   1411   18
r  1851   1802   1803   18
r  832   783   834   18
r  142   349   98   18
r  242   349   145   18
r  193   98   349   18
r  92   349   145   18
r  42   349   98   18
r  885   837   735   18
r  834   735   783   18
r  1265   1363   1365   18
r  1658   1757   1711   18
r  1612   1512   1565   18
r  1662   1614   1512   18
r  1463   1411   1614   18
r  1516   1613   1614   18
r  1564   1513   1512   18
r  1615   1765   1512   18
r  1667   1716   1512   18
r  1901   2307   2406   18
r  143   349   145   18
r  292   349   145   18
r  293   349   98   18
r  194   349   145   18
r  45   98   349   18
r  297   98   349   18
r  100   98   349   18
r  343   349   98   18
r  50   98   349   18
r  400   98   349   18
r  498   349   98   18
r  396   98   349   18
r  46   349   98   18
r  147   349   98   18
r  294   98   349   18
r  443   349   98   18
r  196   349   98   18
r  47   349   98   18
r  342   494   145   18
r  43   349   145   18
r  449   349   145   18
r  96   349   145   18
r  49   349   145   18
r  197   349   145   18
r  444   349   145   18
r  345   349   145   18
r  347   349   145   18
r  200   349   145   18
r  150   349   145   18
r  397   98   145   18
r  344   98   145   18
r  199   98   145   18
r  495   597   145   18
r  500   498   145   18
r  398   349   145   18
r  493   349   145   18
r  247   349   145   18
r  249   98   145   18
r  395   98   145   18
r  93   145   349   18
r  394   145   98   18
r  446   145   98   18
r  494   496   98   18
r  497   145   98   18
r  245   145   98   18
r  250   145   98   18
r  300   145   98   18
r  450   145   98   18
r  298   145   98   18
r  149   145   98   18
r  393   145   98   18
r  346   145   98   18
r  246   145   349   18
r  244   145   349   18
r  445   145   349   18
r  448   145   349   18
r  295   145   349   18
r  296   145   349   18
r  441   342   349   18
r  44   145   349   18
r  94   145   349   18
r  1370   1471   1220   18
r  1416   1363   1365   18
r  1469   1471   1621   18
r  1758   1760   1711   18
r  1810   1711   1709   18
r  1713   1512   1765   18
r  1953   2406   2354   18
r  1664   1512   1765   18
r  2005   2307   1905   18
r  1951   2354   2307   18
r  2103   2406   2354   18
r  1035   1033   982   18
r  1229   1329   1432   18
r  641   791   697   18
r  591   543   697   18
r  1224   1175   1222   18
r  2002   2406   2307   18
r  1954   2406   2307   18
r  2057   1905   2307   18
r  2055   1905   2406   18
r  2106   2005   2406   18
r  2157   2354   2307   18
r  2001   2307   2406   18
r  2102   2307   2354   18
r  2153   2354   2406   18
r  2408   2354   2307   18
r  2151   2307   2354   18
r  2409   2307   2354   18
r  2255   2307   2354   18
r  2401   2354   2307   18
r  2254   2354   2307   18
r  2202   2307   2354   18
r  2451   2307   2354   18
r  2101   2307   2354   18
r  2253   2354   2307   18
r  2251   2354   2307   18
r  2305   2307   2354   18
r  2402   2307   2354   18
r  2452   2354   2307   18
r  2453   2307   2354   18
r  2152   2003   2307   18
r  2309   2357   2307   18
r  2052   2307   2354   18
r  2357   2408   2354   18
r  2205   2354   2406   18
r  2208   2354   2406   18
r  2156   2307   2406   18
r  2051   2307   2406   18
r  2204   2354   2406   18
r  2458   2354   2406   18
r  2302   2354   2406   18
r  2201   2354   2406   18
r  2459   2358   2307   18
r  1330   1229   1432   18
r  1133   1084   1033   18
r  594   545   699   18
r  643   592   697   18
r  642   693   697   18
r  942   991   889   18
r  1375   1324   1474   18
r  1425   1575   1524   18
r  1474   1527   1623   18
r  2358   2406   2354   18
r  2256   2406   2354   18
r  2454   2406   2354   18
r  2206   2406   2354   18
r  2352   2406   2354   18
r  2154   2406   2307   18
r  2351   2406   2307   18
r  2455   2406   2307   18
r  2457   2406   2307   18
r  2155   2406   2307   18
r  2301   2406   2307   18
r  2303   2406   2307   18
r  2207   2406   2307   18
r  2258   2406   2307   18
r  1867   1966   1720   18
r  1820   1871   1720   18
r  2012   2063   1914   18
r  1531   1479   1432   18
r  1529   1577   1432   18
r  1385   1436   1432   18
r  800   699   598   18
r  748   697   598   18
r  844   697   598   18
r  700   598   697   18
r  900   849   697   18
r  940   889   991   18
r  989   889   991   18
r  1523   1623   1474   18
r  1723   1772   1721   18
r  2015   1963   2062   18
r  2115   2117   2067   18
r  2261   2315   2412   18
r  2462   2414   2419   18
r  2361   2414   2412   18
r  2311   2412   2315   18
r  1089   1138   1141   18
r  1532   1432   1481   18
r  850   697   897   18
r  895   697   897   18
r  949   1148   1099   18
r  947   1148   1099   18
r  1000   1148   1198   18
r  993   995   1044   18
r  2164   2161   2412   18
r  2215   2315   2414   18
r  2117   2218   2170   18
r  1825   1776   1774   18
r  1877   1828   2026   18
r  2416   2315   2414   18
r  2465   2315   2414   18
r  2466   2315   2419   18
r  2270   2419   2315   18
r  2467   2315   2412   18
r  2267   2414   2412   18
r  2264   2315   2412   18
r  2321   2315   2412   18
r  2418   2315   2412   18
r  2468   2370   2412   18
r  2373   2419   2412   18
r  2316   2412   2419   18
r  2312   2412   2414   18
r  2367   2412   2414   18
r  2320   2412   2315   18
r  2368   2412   2315   18
r  2363   2412   2315   18
r  2318   2412   2315   18
r  2271   2412   2315   18
r  2372   2419   2315   18
r  2472   2419   2315   18
r  2420   2412   2315   18
r  2273   2322   2315   18
r  2322   2419   2315   18
r  1190   1141   1241   18
r  998   1148   1099   18
r  2121   2070   2170   18
r  1927   1978   2026   18
r  2274   2373   2379   18
r  2374   2379   2376   18
r  2473   2426   2277   18
r  1685   1634   1584   18
r  1490   1390   1439   18
r  1832   1783   1932   18
r  1048   1198   1099   18
r  1100   1198   1148   18
r  1299   1148   1198   18
r  1350   1198   1099   18
r  1150   1148   1099   18
r  1200   1198   1099   18
r  1097   1099   1148   18
r  1298   1099   1148   18
r  1349   1099   1148   18
r  1300   1099   1198   18
r  1342   1244   1543   18
r  2225   2277   2379   18
r  2027   2029   2125   18
r  1977   2076   2125   18
r  2030   1981   1929   18
r  2076   1927   2029   18
r  2078   2027   2127   18
r  2324   2376   2277   18
r  2275   2376   2277   18
r  2474   2379   2376   18
r  1735   1733   1784   18
r  1935   1937   2085   18
r  1297   1398   1648   18
r  1395   1244   1648   18
r  1444   1648   1543   18
r  2226   2379   2376   18
r  2128   2277   2379   18
r  2129   2026   2379   18
r  2425   2379   2277   18
r  2278   2379   2376   18
r  2427   2376   2379   18
r  2279   2379   2277   18
r  2328   2379   2277   18
r  2428   2376   2277   18
r  2476   2379   2277   18
r  2430   2277   2376   18
r  2178   2277   2376   18
r  2477   2277   2376   18
r  2179   2277   2379   18
r  2377   2277   2379   18
r  2478   2277   2379   18
r  2381   2277   2379   18
r  1688   1788   1690   18
r  1740   1589   1638   18
r  1738   1589   1689   18
r  1542   1493   1648   18
r  1885   1834   1883   18
r  1884   1836   1984   18
r  1450   1649   1648   18
r  1449   1500   1648   18
r  1593   1544   1648   18
r  1592   1544   1494   18
r  1594   1494   1648   18
r  1692   1648   1543   18
r  1693   1640   1543   18
r  1494   1543   1648   18
r  1446   1543   1648   18
r  1642   1543   1648   18
r  2137   2086   2237   18
r  1888   1939   1891   18
r  2037   2136   2085   18
r  2187   2136   2085   18
r  1898   2246   2447   18
r  1595   1543   1597   18
r  1499   1648   1597   18
r  1500   1649   1597   18
r  1847   1895   1597   18
r  1699   1650   1597   18
r  1644   1543   1597   18
r  1549   1597   1648   18
r  1746   1597   1648   18
r  1796   1597   1648   18
r  1744   1644   1648   18
r  1843   1895   1648   18
r  1945   1795   1648   18
r  2284   2436   2385   18
r  1990   2091   1891   18
r  1947   2447   2246   18
r  1995   1895   2447   18
r  2384   2432   2336   18
r  2434   2432   2436   18
r  2487   2436   2385   18
r  1994   2046   2246   18
r  2093   2447   2246   18
r  2142   2140   2447   18
r  2241   2188   2447   18
r  2289   2189   2447   18
r  1949   2048   2246   18
r  2248   2445   2246   18
r  2000   2246   2445   18
r  2398   2445   2246   18
r  2344   2246   2445   18
r  2496   2445   2246   18
r  2450   2246   2445   18
r  2298   2445   2246   18
r  2240   2242   2246   18
r  2094   2043   2246   18
r  2439   2339   2246   18
r  2095   2044   2246   18
r  2499   2445   2246   18
r  2045   2246   2447   18
r  2098   2246   2447   18
r  2449   2246   2447   18
r  2292   2192   2447   18
r  2490   2442   2447   18
r  2141   2246   2447   18
r  2441   2246   2447   18
r  2491   2246   2447   18
r  2193   2191   2447   18
r  2048   2149   2447   18
r  2440   2339   2447   18
r  2389   2447   2246   18
r  2191   2447   2246   18
r  2044   2447   2246   18
r  2494   2447   2445   18
r  2394   2447   2445   18
r  2300   2447   2445   18
r  2343   2447   2246   18
r  2297   2447   2246   18
r  2295   2447   2246   18
r  2049   2447   2246   18
r  2250   2447   2246   18
r  2498   2447   2246   18
r  2299   2447   2246   18
r  2195   2447   2246   18
r  2291   2447   2246   18
r  2   105   53   19
r  152   108   159   19
r  156   159   108   19
r  102   105   108   19
r  203   159   53   19
r  205   108   53   19
r  8   159   53   19
r  257   206   159   19
r  12   164   108   19
r  117   164   108   19
r  166   164   108   19
r  266   164   108   19
r  17   71   108   19
r  317   164   108   19
r  309   412   108   19
r  452   554   108   19
r  405   304   108   19
r  165   214   108   19
r  168   21   108   19
r  268   164   108   19
r  414   463   108   19
r  409   412   108   19
r  61   108   159   19
r  355   108   159   19
r  216   108   164   19
r  170   270   164   19
r  362   314   311   19
r  364   514   412   19
r  506   403   610   19
r  415   467   412   19
r  70   122   173   19
r  603   503   453   19
r  20   120   173   19
r  653   854   554   19
r  509   409   610   19
r  74   173   123   19
r  227   128   130   19
r  273   322   122   19
r  125   122   174   19
r  511   562   660   19
r  705   604   854   19
r  703   751   902   19
r  702   902   805   19
r  658   709   610   19
r  225   326   274   19
r  177   130   228   19
r  77   128   130   19
r  372   470   421   19
r  27   228   128   19
r  274   374   326   19
r  755   854   902   19
r  756   805   854   19
r  701   903   854   19
r  851   805   902   19
r  803   751   902   19
r  751   805   854   19
r  906   857   854   19
r  714   663   616   19
r  766   616   613   19
r  377   428   226   19
r  178   127   80   19
r  28   128   228   19
r  80   78   128   19
r  179   130   128   19
r  230   130   228   19
r  29   130   228   19
r  31   135   228   19
r  30   228   128   19
r  79   228   128   19
r  806   854   902   19
r  1103   1004   1305   19
r  36   135   83   19
r  84   184   132   19
r  35   133   132   19
r  85   83   132   19
r  135   83   184   19
r  911   811   1011   19
r  1062   912   812   19
r  914   814   1011   19
r  720   768   769   19
r  771   819   820   19
r  236   135   138   19
r  284   135   83   19
r  186   138   135   19
r  287   236   138   19
r  87   140   89   19
r  961   1013   1062   19
r  1502   1602   1302   19
r  1157   1108   1305   19
r  1107   1006   1305   19
r  724   824   823   19
r  483   532   531   19
r  484   433   582   19
r  680   629   728   19
r  288   387   388   19
r  336   387   437   19
r  1401   1305   1302   19
r  1452   1305   1302   19
r  1151   1305   1302   19
r  1457   1506   1559   19
r  1551   1603   1602   19
r  1505   1559   1508   19
r  725   776   824   19
r  922   974   1022   19
r  633   531   582   19
r  41   349   140   19
r  241   140   145   19
r  189   140   349   19
r  192   145   138   19
r  191   138   145   19
r  1701   1603   1754   19
r  1654   1602   1754   19
r  1601   1552   1702   19
r  1651   1702   1754   19
r  1751   1702   1754   19
r  1851   1803   1602   19
r  928   876   925   19
r  142   145   349   19
r  291   342   145   19
r  92   98   349   19
r  193   145   98   19
r  391   289   349   19
r  1263   1365   1366   19
r  1656   1754   1559   19
r  1660   1709   1559   19
r  1463   1614   1411   19
r  1705   1756   1754   19
r  1801   1602   1754   19
r  1313   1365   1366   19
r  733   682   735   19
r  832   735   783   19
r  882   783   782   19
r  1124   1175   1176   19
r  834   783   735   19
r  143   145   349   19
r  43   145   349   19
r  243   349   98   19
r  293   145   349   19
r  100   349   98   19
r  343   98   349   19
r  400   349   98   19
r  396   349   98   19
r  46   98   349   19
r  147   98   349   19
r  294   349   98   19
r  196   98   349   19
r  442   349   98   19
r  499   98   349   19
r  496   98   349   19
r  449   98   349   19
r  49   98   349   19
r  397   349   98   19
r  344   349   98   19
r  495   349   98   19
r  500   349   98   19
r  398   98   349   19
r  249   349   98   19
r  93   349   145   19
r  394   349   145   19
r  497   98   145   19
r  245   98   145   19
r  300   98   145   19
r  450   349   145   19
r  298   98   145   19
r  149   98   145   19
r  393   349   145   19
r  346   98   145   19
r  445   349   145   19
r  448   349   145   19
r  295   349   145   19
r  44   349   145   19
r  250   98   145   19
r  246   349   145   19
r  244   98   145   19
r  296   349   145   19
r  94   98   145   19
r  446   98   145   19
r  199   145   98   19
r  297   145   98   19
r  50   145   98   19
r  45   145   98   19
r  194   145   349   19
r  443   145   349   19
r  47   145   349   19
r  96   145   349   19
r  444   145   349   19
r  345   145   349   19
r  347   145   349   19
r  200   145   349   19
r  247   145   349   19
r  197   145   349   19
r  150   145   349   19
r  440   290   389   19
r  1368   1319   1419   19
r  1465   1512   1614   19
r  1612   1565   1512   19
r  1662   1512   1765   19
r  1755   1806   1905   19
r  1565   1411   1512   19
r  1563   1512   1565   19
r  2103   2354   2406   19
r  1322   1222   1220   19
r  395   145   98   19
r  545   547   598   19
r  1418   1365   1366   19
r  1809   1711   1709   19
r  1762   1859   1765   19
r  1808   1859   1905   19
r  1859   1760   1711   19
r  1860   1960   1711   19
r  1904   2307   2406   19
r  1953   2307   2406   19
r  1517   1365   1568   19
r  1957   1807   1855   19
r  2107   2307   2406   19
r  2001   2406   2307   19
r  2053   2406   2354   19
r  2102   2354   2307   19
r  2153   2307   2354   19
r  2104   2307   2354   19
r  2151   2354   2307   19
r  2255   2354   2307   19
r  2401   2307   2354   19
r  2254   2307   2354   19
r  2451   2354   2307   19
r  2101   2354   2307   19
r  2253   2307   2354   19
r  2251   2307   2354   19
r  2403   2307   2354   19
r  2105   2307   2354   19
r  2054   2307   2354   19
r  2402   2354   2307   19
r  2452   2307   2354   19
r  2453   2354   2307   19
r  2052   2354   2307   19
r  2051   2354   2307   19
r  2002   2307   2406   19
r  1954   2307   2406   19
r  2358   2354   2406   19
r  2256   2354   2406   19
r  2206   2307   2406   19
r  2352   2307   2406   19
r  2154   2307   2406   19
r  2455   2307   2406   19
r  2457   2354   2406   19
r  2155   2307   2406   19
r  2301   2307   2406   19
r  2303   2307   2406   19
r  2207   2354   2406   19
r  2258   2307   2406   19
r  2109   2209   2406   19
r  2454   2354   2406   19
r  2351   2354   2406   19
r  1035   984   1033   19
r  1083   984   982   19
r  1373   1324   1474   19
r  1421   1368   1570   19
r  1275   1223   1176   19
r  740   742   697   19
r  1867   1720   1765   19
r  2056   1905   2307   19
r  1959   1905   1908   19
r  2106   2406   2354   19
r  2157   2406   2354   19
r  2004   2406   2354   19
r  2055   2406   2307   19
r  2205   2406   2354   19
r  2208   2406   2354   19
r  2203   2406   2354   19
r  2204   2406   2354   19
r  2158   2406   2354   19
r  2458   2406   2354   19
r  2302   2406   2354   19
r  2201   2406   2354   19
r  2152   2406   2354   19
r  2408   2406   2354   19
r  2202   2406   2307   19
r  2305   2406   2307   19
r  2156   2406   2307   19
r  2409   2406   2307   19
r  1183   1185   1136   19
r  1084   1033   1135   19
r  1423   1474   1624   19
r  692   694   697   19
r  989   991   889   19
r  795   697   598   19
r  844   795   697   19
r  798   897   598   19
r  794   644   598   19
r  750   699   598   19
r  700   649   598   19
r  846   697   598   19
r  748   598   697   19
r  850   897   697   19
r  895   796   697   19
r  1521   1568   1621   19
r  1868   1916   1720   19
r  2013   2111   2011   19
r  2111   2012   1963   19
r  2212   2412   2315   19
r  2261   2414   2315   19
r  2361   2412   2414   19
r  2311   2315   2412   19
r  1382   1430   1480   19
r  1484   1433   1486   19
r  1532   1483   1432   19
r  1435   1287   1432   19
r  1574   1622   1474   19
r  1040   889   991   19
r  949   1099   1148   19
r  2113   2412   2315   19
r  2416   2414   2315   19
r  2465   2414   2315   19
r  2466   2419   2315   19
r  2421   2417   2315   19
r  2371   2315   2419   19
r  2417   2419   2315   19
r  2467   2419   2315   19
r  2264   2414   2315   19
r  2321   2419   2315   19
r  2468   2315   2419   19
r  2316   2419   2412   19
r  2312   2414   2412   19
r  2367   2414   2412   19
r  2320   2315   2412   19
r  2363   2315   2412   19
r  2318   2366   2412   19
r  2271   2419   2412   19
r  2372   2315   2412   19
r  2420   2315   2412   19
r  2273   2315   2412   19
r  2322   2373   2412   19
r  2472   2417   2412   19
r  2218   2169   2412   19
r  2368   2414   2412   19
r  2214   2412   2414   19
r  2263   2412   2414   19
r  2369   2412   2414   19
r  2370   2412   2414   19
r  2215   2412   2315   19
r  2319   2412   2315   19
r  2423   2277   2315   19
r  2471   2419   2315   19
r  2323   2419   2315   19
r  2223   2419   2315   19
r  2418   2412   2315   19
r  1436   1487   1538   19
r  1627   1678   1623   19
r  997   1099   1198   19
r  1050   1099   1097   19
r  1778   1729   1678   19
r  1926   1875   1924   19
r  1927   2026   1925   19
r  2374   2376   2379   19
r  2119   2171   2218   19
r  2424   2379   2376   19
r  1239   1288   1388   19
r  1190   1241   1141   19
r  1240   1191   1189   19
r  1096   1047   1198   19
r  1048   1099   1198   19
r  1350   1148   1198   19
r  1200   1148   1198   19
r  1097   1148   1099   19
r  1298   1148   1099   19
r  1250   1148   1099   19
r  1300   1198   1099   19
r  1348   1099   1148   19
r  1150   1099   1148   19
r  1299   1099   1148   19
r  1730   1683   1829   19
r  2474   2376   2379   19
r  2425   2277   2379   19
r  2325   2379   2376   19
r  2225   2376   2277   19
r  1342   1543   1244   19
r  1293   1244   1344   19
r  1347   1396   1597   19
r  2079   2026   2077   19
r  2228   2180   2376   19
r  2229   2277   2376   19
r  2230   2228   2277   19
r  2178   2376   2277   19
r  2480   2376   2277   19
r  2477   2376   2277   19
r  2377   2330   2277   19
r  2478   2376   2277   19
r  2381   2376   2385   19
r  2427   2277   2376   19
r  2226   2376   2379   19
r  2278   2376   2379   19
r  2328   2228   2379   19
r  2476   2277   2379   19
r  2281   2180   2379   19
r  2279   2277   2379   19
r  2428   2379   2376   19
r  2280   2379   2277   19
r  2128   2379   2277   19
r  2479   2379   2277   19
r  2176   2127   2376   19
r  1491   1542   1648   19
r  1834   1935   1984   19
r  1983   1934   2085   19
r  1396   1648   1597   19
r  2180   2129   2385   19
r  1639   1690   1741   19
r  1739   1638   1690   19
r  1542   1593   1597   19
r  1641   1693   1543   19
r  1885   1883   1984   19
r  1445   1543   1597   19
r  1544   1597   1648   19
r  1643   1443   1648   19
r  1494   1648   1543   19
r  1642   1693   1543   19
r  1898   2447   1648   19
r  1845   1648   1597   19
r  1846   1648   1597   19
r  1549   1648   1597   19
r  1746   1895   1597   19
r  1495   1543   1597   19
r  1592   1543   1648   19
r  1499   1597   1648   19
r  1794   1743   1648   19
r  1795   1894   1648   19
r  1944   1942   1648   19
r  1893   1895   1648   19
r  1792   1892   1648   19
r  2083   2235   2085   19
r  2183   2085   2180   19
r  2383   2482   2437   19
r  2234   2288   2436   19
r  2284   2382   2436   19
r  2488   2436   2385   19
r  1692   1543   1743   19
r  1947   2246   2447   19
r  1995   1946   2246   19
r  1943   1994   2246   19
r  2487   2385   2436   19
r  2185   2085   2237   19
r  2491   2447   2246   19
r  1992   2093   2246   19
r  2092   2246   2447   19
r  2045   2447   2246   19
r  2389   2246   2447   19
r  2339   2441   2447   19
r  2091   2142   2447   19
r  2142   2447   2246   19
r  2093   2246   2447   19
r  2241   2447   2246   19
r  2296   2447   2445   19
r  2394   2445   2447   19
r  2248   2447   2445   19
r  2049   2100   2447   19
r  2000   2447   2246   19
r  2344   2447   2246   19
r  2450   2445   2246   19
r  2098   2447   2246   19
r  2449   2445   2246   19
r  2141   2447   2246   19
r  2149   2246   2445   19
r  2145   2246   2445   19
r  2493   2246   2445   19
r  2349   2246   2445   19
r  2500   2246   2445   19
r  2499   2246   2445   19
r  2191   2246   2447   19
r  2494   2246   2447   19
r  2297   2246   2447   19
r  2295   2246   2447   19
r  2250   2246   2447   19
r  2498   2246   2447   19
r  2299   2246   2447   19
r  2195   2246   2447   19
r  2291   2246   2447   19
r  2300   2246   2447   19
r  2343   2246   2447   19
r  101   108   53   20
r  206   159   53   20
r  112   164   159   20
r  154   53   159   20
r  261   263   164   20
r  65   163   164   20
r  152   53   108   20
r  205   53   108   20
r  61   159   108   20
r  355   303   108   20
r  118   122   108   20
r  169   164   108   20
r  411   362   108   20
r  362   310   108   20
r  318   266   108   20
r  215   266   108   20
r  265   318   108   20
r  216   164   108   20
r  451   454   108   20
r  462   413   108   20
r  13   108   159   20
r  357   108   159   20
r  69   71   122   20
r  317   108   164   20
r  124   122   164   20
r  452   108   554   20
r  457   555   610   20
r  70   170   122   20
r  74   122   173   20
r  125   174   122   20
r  652   854   554   20
r  603   453   454   20
r  706   655   454   20
r  508   706   610   20
r  556   558   610   20
r  608   559   610   20
r  127   130   122   20
r  704   903   902   20
r  702   805   902   20
r  565   715   664   20
r  573   474   522   20
r  77   228   128   20
r  27   128   228   20
r  755   704   854   20
r  753   902   903   20
r  806   902   854   20
r  617   664   613   20
r  716   613   663   20
r  714   762   663   20
r  665   616   663   20
r  620   768   669   20
r  669   718   768   20
r  376   277   226   20
r  28   228   128   20
r  180   128   178   20
r  179   128   130   20
r  231   128   130   20
r  30   130   228   20
r  181   130   228   20
r  79   128   228   20
r  31   228   128   20
r  230   228   130   20
r  29   228   130   20
r  801   902   752   20
r  803   854   752   20
r  477   530   326   20
r  1062   1111   912   20
r  911   1011   812   20
r  82   183   184   20
r  32   83   183   20
r  83   183   135   20
r  33   135   184   20
r  36   83   135   20
r  86   83   138   20
r  1005   954   1305   20
r  1002   1102   1302   20
r  962   1061   1063   20
r  1013   1011   1061   20
r  432   484   331   20
r  433   531   484   20
r  233   132   83   20
r  85   132   83   20
r  34   132   135   20
r  287   138   140   20
r  87   89   140   20
r  1255   1306   1302   20
r  1105   1006   1302   20
r  1056   1107   1305   20
r  1401   1302   1305   20
r  1452   1403   1305   20
r  1151   1302   1305   20
r  877   928   728   20
r  241   145   140   20
r  1152   1305   1302   20
r  1553   1305   1602   20
r  1702   1602   1754   20
r  1309   1459   1410   20
r  1602   1651   1754   20
r  1109   1160   1210   20
r  971   1024   1022   20
r  1021   1023   970   20
r  827   878   925   20
r  141   138   349   20
r  189   138   140   20
r  341   240   140   20
r  42   145   349   20
r  191   140   98   20
r  242   293   349   20
r  92   349   98   20
r  142   98   145   20
r  193   98   145   20
r  1703   1754   1602   20
r  1654   1754   1602   20
r  1651   1754   1702   20
r  1362   1411   1210   20
r  1601   1702   1754   20
r  1655   1806   1754   20
r  1607   1559   1505   20
r  1312   1363   1411   20
r  832   783   735   20
r  1264   1365   1215   20
r  391   349   389   20
r  342   344   98   20
r  43   98   145   20
r  292   145   349   20
r  243   98   349   20
r  143   349   145   20
r  194   349   145   20
r  1658   1711   1559   20
r  1901   2103   2307   20
r  1313   1366   1365   20
r  836   885   735   20
r  1266   1365   1314   20
r  1318   1419   1365   20
r  199   98   145   20
r  245   145   98   20
r  250   145   98   20
r  300   145   98   20
r  298   145   98   20
r  149   145   98   20
r  346   145   98   20
r  244   145   98   20
r  50   98   145   20
r  94   145   98   20
r  293   98   145   20
r  343   145   98   20
r  443   98   145   20
r  47   98   145   20
r  496   145   98   20
r  96   98   145   20
r  347   98   145   20
r  200   98   145   20
r  100   98   349   20
r  400   145   349   20
r  294   98   349   20
r  495   145   349   20
r  249   98   349   20
r  394   98   349   20
r  450   98   349   20
r  393   98   349   20
r  445   145   349   20
r  448   98   349   20
r  295   145   349   20
r  44   145   349   20
r  246   98   349   20
r  296   98   349   20
r  396   145   349   20
r  344   98   349   20
r  441   349   98   20
r  392   349   145   20
r  197   349   145   20
r  444   349   145   20
r  345   349   145   20
r  150   349   145   20
r  247   349   145   20
r  494   349   145   20
r  45   349   145   20
r  297   349   145   20
r  46   349   98   20
r  147   349   98   20
r  196   349   98   20
r  449   349   98   20
r  49   349   98   20
r  398   349   98   20
r  497   349   98   20
r  446   349   98   20
r  500   98   697   20
r  395   98   145   20
r  1758   1711   1905   20
r  1902   1754   1803   20
r  1952   2307   2406   20
r  1563   1565   1615   20
r  1272   1223   1221   20
r  984   1084   1035   20
r  1809   1709   1711   20
r  1911   1908   1960   20
r  1954   2406   2307   20
r  2103   2406   2354   20
r  2003   2406   2354   20
r  2002   2406   2307   20
r  1666   1766   1614   20
r  2001   2053   2406   20
r  2460   2354   2315   20
r  2255   2307   2354   20
r  2451   2307   2354   20
r  2101   2307   2354   20
r  2253   2354   2307   20
r  2251   2354   2307   20
r  2403   2354   2307   20
r  2105   2354   2307   20
r  2054   2354   2307   20
r  2452   2354   2307   20
r  2453   2307   2354   20
r  2052   2307   2354   20
r  2153   2354   2307   20
r  2107   1905   2354   20
r  2256   2307   2354   20
r  2206   2354   2307   20
r  2352   2354   2307   20
r  2455   2354   2307   20
r  2457   2307   2354   20
r  2155   2353   2307   20
r  2303   2354   2307   20
r  2053   2354   2406   20
r  2106   2354   2406   20
r  2157   2307   2406   20
r  2055   2307   2406   20
r  2205   2354   2406   20
r  2204   2307   2406   20
r  2458   2354   2406   20
r  2302   2307   2406   20
r  2201   2307   2406   20
r  2152   2307   2406   20
r  2202   2354   2406   20
r  2305   2307   2406   20
r  2156   2307   2406   20
r  2409   2354   2406   20
r  2159   2108   2406   20
r  2208   2354   2406   20
r  2203   2354   2406   20
r  2158   2354   2406   20
r  2408   2354   2406   20
r  2056   2307   2406   20
r  2358   2406   2354   20
r  2454   2406   2354   20
r  2351   2406   2354   20
r  2207   2406   2354   20
r  2151   2406   2354   20
r  2402   2406   2354   20
r  2102   2406   2354   20
r  2401   2406   2307   20
r  2254   2406   2307   20
r  2154   2406   2307   20
r  2258   2406   2307   20
r  2104   2406   2307   20
r  2301   2406   2307   20
r  1273   1173   1176   20
r  1281   1330   1432   20
r  1231   1280   1278   20
r  985   1036   1033   20
r  1519   1568   1621   20
r  691   791   697   20
r  594   697   598   20
r  746   897   598   20
r  600   697   598   20
r  849   897   598   20
r  899   897   598   20
r  950   999   1198   20
r  748   847   598   20
r  795   791   697   20
r  846   598   697   20
r  1817   1966   1765   20
r  1767   1764   1765   20
r  2259   2211   2412   20
r  1423   1475   1474   20
r  1378   1278   1432   20
r  1427   1478   1432   20
r  988   986   991   20
r  942   994   991   20
r  892   991   889   20
r  1572   1623   1624   20
r  695   697   598   20
r  1000   996   1148   20
r  2013   2062   1914   20
r  1819   1868   1720   20
r  2263   2414   2412   20
r  2370   2414   2412   20
r  2465   2412   2414   20
r  2423   2419   2412   20
r  2471   2323   2412   20
r  2418   2421   2412   20
r  2311   2412   2315   20
r  2371   2412   2315   20
r  2468   2419   2315   20
r  2320   2419   2315   20
r  2363   2412   2315   20
r  2372   2412   2315   20
r  2420   2472   2315   20
r  2373   2421   2315   20
r  2361   2315   2412   20
r  1526   1623   1624   20
r  990   889   941   20
r  989   889   991   20
r  1771   1720   1722   20
r  998   1099   1148   20
r  997   999   1099   20
r  1050   1198   1099   20
r  1348   1148   1099   20
r  1150   1148   1099   20
r  1097   1099   1148   20
r  1298   1099   1148   20
r  1047   1099   1198   20
r  1100   1148   1198   20
r  1300   1099   1198   20
r  1777   1829   1774   20
r  2264   2315   2414   20
r  2214   2315   2412   20
r  2369   2315   2412   20
r  2215   2315   2412   20
r  2323   2315   2412   20
r  2168   2171   2412   20
r  2319   2315   2412   20
r  2274   2379   2412   20
r  2424   2277   2379   20
r  1523   1474   1623   20
r  1576   1474   1623   20
r  1630   1681   1678   20
r  1875   1774   1824   20
r  1143   1242   1244   20
r  1048   1198   1099   20
r  1200   1198   1148   20
r  1250   1198   1148   20
r  1299   1198   1099   20
r  1146   1045   1095   20
r  1195   1144   1244   20
r  1246   1345   1295   20
r  1778   1829   1727   20
r  2167   2218   2170   20
r  2223   2315   2171   20
r  2275   2379   2376   20
r  2474   2379   2376   20
r  2425   2376   2277   20
r  1339   1388   1238   20
r  1680   1678   1829   20
r  1785   1733   1783   20
r  1780   1635   1782   20
r  1245   1344   1296   20
r  1396   1597   1648   20
r  2124   2173   2026   20
r  1927   1925   2026   20
r  2325   2376   2379   20
r  2430   2376   2277   20
r  2480   2277   2376   20
r  2179   2280   2277   20
r  2428   2277   2379   20
r  2280   2277   2379   20
r  2128   2228   2379   20
r  2479   2376   2379   20
r  2178   2379   2376   20
r  2477   2379   2376   20
r  2478   2379   2376   20
r  2427   2379   2277   20
r  2476   2379   2277   20
r  2279   2379   2277   20
r  1293   1344   1244   20
r  1686   1637   1787   20
r  1786   1686   1684   20
r  1935   1986   1984   20
r  1846   1895   1648   20
r  1549   1649   1648   20
r  1544   1648   1597   20
r  1894   1845   1597   20
r  1694   1745   1597   20
r  1796   1648   1597   20
r  1499   1649   1597   20
r  1849   2246   1597   20
r  1896   1648   1597   20
r  1895   1648   1597   20
r  1794   1648   1597   20
r  1944   1895   1597   20
r  1444   1493   1648   20
r  1641   1543   1648   20
r  1693   1794   1648   20
r  1494   1543   1648   20
r  1845   1597   1648   20
r  1493   1496   1648   20
r  2027   2125   2029   20
r  2381   2379   2436   20
r  2231   2180   2436   20
r  2079   2027   2127   20
r  1740   1689   1589   20
r  1738   1690   1589   20
r  1788   1689   1690   20
r  1741   1690   1792   20
r  1789   1589   1690   20
r  1947   2447   2246   20
r  1592   1648   1543   20
r  1987   1989   2085   20
r  2183   2180   2085   20
r  2497   2246   2445   20
r  2400   2246   2445   20
r  2148   2246   2445   20
r  2398   2246   2445   20
r  2500   2445   2246   20
r  2499   2445   2246   20
r  2389   2441   2246   20
r  2394   2246   2445   20
r  2295   2445   2246   20
r  2300   2445   2246   20
r  2491   2246   2447   20
r  2045   2094   2447   20
r  2044   2143   2447   20
r  2142   2246   2447   20
r  2241   2246   2447   20
r  2296   2445   2447   20
r  2248   2445   2447   20
r  2000   2445   2447   20
r  2344   2445   2447   20
r  2098   2246   2447   20
r  2141   2246   2447   20
r  1993   2042   2447   20
r  1890   1841   1941   20
r  2488   2437   2436   20
r  2388   2339   2385   20
r  2487   2436   2385   20
r  2092   2447   2246   20
r  2492   2447   2445   20
r  2342   2447   2445   20
r  2050   2447   2445   20
r  2294   2447   2445   20
r  2391   2447   2445   20
r  2490   2447   2445   20
r  2440   2447   2445   20
r  2496   2447   2445   20
r  2238   2189   2246   20
r  2093   2447   2246   20
r  2290   2447   2246   20
r  2149   2447   2246   20
r  2145   2447   2246   20
r  2349   2447   2246   20
r  2191   2447   2246   20
r  2494   2447   2246   20
r  2297   2447   2246   20
r  2250   2447   2246   20
r  2498   2447   2246   20
r  2299   2447   2246   20
r  2195   2447   2246   20
r  2291   2447   2246   20
r  2343   2447   2246   20
r  2493   2447   2246   20
r  101   105   108   21
r  154   159   53   21
r  152   159   53   21
r  158   259   53   21
r  159   207   164   21
r  8   53   159   21
r  263   312   164   21
r  211   53   159   21
r  63   15   164   21
r  117   166   164   21
r  61   164   159   21
r  169   117   164   21
r  13   159   108   21
r  357   159   108   21
r  167   267   108   21
r  218   164   108   21
r  121   164   108   21
r  368   317   108   21
r  361   310   108   21
r  317   266   108   21
r  352   108   159   21
r  307   108   159   21
r  303   108   164   21
r  452   503   454   21
r  410   461   610   21
r  320   322   122   21
r  217   164   122   21
r  171   122   173   21
r  366   368   466   21
r  21   120   173   21
r  409   108   610   21
r  458   510   610   21
r  653   554   503   21
r  505   554   604   21
r  604   454   502   21
r  602   454   604   21
r  221   170   173   21
r  124   164   122   21
r  74   123   122   21
r  323   423   122   21
r  705   854   902   21
r  565   613   663   21
r  616   613   663   21
r  27   130   128   21
r  277   326   274   21
r  753   903   902   21
r  806   854   902   21
r  765   713   663   21
r  376   325   274   21
r  623   575   522   21
r  78   228   29   21
r  28   130   228   21
r  81   128   132   21
r  230   128   228   21
r  29   130   228   21
r  79   228   128   21
r  179   228   128   21
r  30   228   130   21
r  181   228   130   21
r  801   752   902   21
r  803   902   854   21
r  717   818   769   21
r  767   668   669   21
r  720   769   768   21
r  379   428   326   21
r  526   477   728   21
r  1013   912   812   21
r  427   478   530   21
r  82   184   84   21
r  232   132   382   21
r  183   135   83   21
r  33   184   135   21
r  233   135   132   21
r  85   133   132   21
r  34   83   132   21
r  1103   1305   1302   21
r  872   823   772   21
r  677   728   726   21
r  235   284   135   21
r  186   135   138   21
r  86   132   140   21
r  1256   1207   1302   21
r  1207   1210   1302   21
r  1405   1354   1302   21
r  1057   1008   1305   21
r  1152   1053   1305   21
r  1505   1507   1305   21
r  824   875   724   21
r  725   824   823   21
r  825   823   728   21
r  878   927   728   21
r  1116   1015   1065   21
r  1401   1305   1302   21
r  1151   1305   1302   21
r  1702   1754   1602   21
r  1551   1602   1754   21
r  923   974   971   21
r  781   735   833   21
r  831   882   735   21
r  238   289   138   21
r  88   188   145   21
r  189   349   138   21
r  89   138   188   21
r  91   138   145   21
r  241   138   145   21
r  1603   1702   1754   21
r  1652   1552   1754   21
r  1703   1803   1852   21
r  1651   1702   1602   21
r  1654   1702   1905   21
r  1803   1852   1602   21
r  1801   1754   1602   21
r  1160   1111   1108   21
r  1607   1505   1559   21
r  1171   1220   1119   21
r  1170   1118   1221   21
r  683   783   833   21
r  1264   1366   1315   21
r  42   349   145   21
r  191   98   349   21
r  142   349   98   21
r  242   145   98   21
r  193   349   98   21
r  92   98   349   21
r  342   98   349   21
r  1708   1657   1559   21
r  1123   1024   1171   21
r  1076   924   1078   21
r  834   735   783   21
r  440   489   438   21
r  100   349   98   21
r  243   349   98   21
r  46   98   349   21
r  449   98   349   21
r  49   98   349   21
r  397   98   349   21
r  493   98   349   21
r  497   98   349   21
r  450   349   98   21
r  393   349   98   21
r  246   349   98   21
r  446   98   349   21
r  143   98   349   21
r  43   349   98   21
r  293   349   98   21
r  45   98   349   21
r  47   349   98   21
r  444   98   349   21
r  347   349   98   21
r  197   98   349   21
r  150   98   349   21
r  50   349   98   21
r  345   98   349   21
r  200   349   98   21
r  194   98   349   21
r  292   349   145   21
r  245   98   145   21
r  300   98   145   21
r  298   349   145   21
r  244   98   145   21
r  94   98   145   21
r  343   349   145   21
r  400   349   145   21
r  495   98   145   21
r  445   349   145   21
r  295   349   145   21
r  396   98   145   21
r  250   98   145   21
r  149   349   145   21
r  346   98   145   21
r  496   349   145   21
r  44   349   145   21
r  199   145   98   21
r  443   145   98   21
r  499   145   98   21
r  96   145   98   21
r  294   145   98   21
r  249   145   98   21
r  394   145   98   21
r  448   145   98   21
r  296   145   98   21
r  344   145   98   21
r  93   145   349   21
r  392   145   349   21
r  498   145   349   21
r  147   145   349   21
r  196   145   349   21
r  398   145   349   21
r  395   145   349   21
r  247   145   349   21
r  297   145   349   21
r  1563   1615   1512   21
r  1904   2103   2307   21
r  1953   2406   2307   21
r  1952   2406   2307   21
r  1951   2307   2354   21
r  1859   1711   1905   21
r  1959   1908   1905   21
r  1082   1133   1033   21
r  1083   983   1035   21
r  1034   983   982   21
r  1230   1278   1432   21
r  1418   1415   1365   21
r  1466   1367   1366   21
r  690   741   697   21
r  550   697   649   21
r  1810   1761   1711   21
r  1862   1911   1963   21
r  1713   1765   1614   21
r  2007   1905   1855   21
r  1954   2307   2406   21
r  2003   2354   2406   21
r  2002   2307   2406   21
r  2103   2354   2406   21
r  2001   2307   2354   21
r  2255   2354   2307   21
r  2253   2307   2354   21
r  2251   2307   2354   21
r  2403   2307   2354   21
r  2452   2307   2354   21
r  2052   2354   2307   21
r  2051   2307   2354   21
r  2206   2307   2354   21
r  2352   2307   2354   21
r  2303   2307   2354   21
r  2055   2057   2307   21
r  2458   2307   2354   21
r  2201   2354   2307   21
r  2152   2354   2307   21
r  2208   2307   2354   21
r  2408   2307   2354   21
r  2358   2354   2406   21
r  2454   2354   2406   21
r  2057   2106   2406   21
r  2351   2307   2406   21
r  2207   2354   2406   21
r  2151   2354   2406   21
r  2402   2307   2406   21
r  2401   2354   2406   21
r  2254   2307   2406   21
r  2258   2307   2406   21
r  2301   2354   2406   21
r  2004   2307   2406   21
r  2102   2307   2406   21
r  2104   2307   2406   21
r  2205   2406   2354   21
r  2106   2406   2354   21
r  2203   2406   2354   21
r  2158   2406   2354   21
r  2359   2406   2354   21
r  2202   2406   2354   21
r  2153   2406   2354   21
r  2105   2406   2354   21
r  2054   2406   2354   21
r  2455   2406   2354   21
r  2451   2406   2307   21
r  2101   2406   2307   21
r  2453   2406   2307   21
r  2107   2406   2307   21
r  2256   2406   2307   21
r  2457   2406   2307   21
r  2204   2406   2307   21
r  2302   2406   2307   21
r  2305   2406   2307   21
r  2156   2406   2307   21
r  2159   2406   2307   21
r  2109   2406   2307   21
r  2010   2062   2013   21
r  1423   1624   1623   21
r  1276   1474   1176   21
r  790   788   991   21
r  1037   986   1035   21
r  1519   1570   1471   21
r  600   598   697   21
r  696   598   897   21
r  595   598   795   21
r  898   900   598   21
r  745   696   598   21
r  594   699   697   21
r  695   744   697   21
r  645   649   598   21
r  2460   2406   2412   21
r  2162   2113   2315   21
r  1527   1524   1474   21
r  1233   1285   1284   21
r  791   789   889   21
r  890   939   938   21
r  940   1040   889   21
r  1580   1582   1432   21
r  1572   1624   1623   21
r  847   697   598   21
r  796   697   598   21
r  950   697   1148   21
r  1771   1722   1720   21
r  1919   1870   1720   21
r  1821   1722   1870   21
r  2212   2161   2412   21
r  2311   2414   2412   21
r  2361   2414   2315   21
r  2112   2163   2315   21
r  2114   2065   2315   21
r  1236   1284   1233   21
r  1049   1148   1097   21
r  1046   1095   1148   21
r  2115   2166   2412   21
r  2317   2315   2414   21
r  2165   2065   2315   21
r  2217   2117   2315   21
r  2264   2414   2315   21
r  2465   2315   2412   21
r  2371   2419   2412   21
r  2372   2315   2412   21
r  2220   2218   2412   21
r  2221   2272   2412   21
r  2363   2414   2412   21
r  2167   2118   2412   21
r  2370   2412   2414   21
r  2423   2412   2277   21
r  2369   2412   2315   21
r  2215   2412   2315   21
r  2323   2412   2315   21
r  2473   2379   2315   21
r  2273   2412   2315   21
r  2319   2412   2315   21
r  1336   1437   1438   21
r  1091   1191   1190   21
r  1141   1242   1189   21
r  1140   1189   1191   21
r  1048   1099   1198   21
r  1050   1099   1148   21
r  1097   1198   1099   21
r  1100   1198   1148   21
r  1150   1198   1148   21
r  1299   1148   1198   21
r  1298   1198   1099   21
r  1300   1198   1099   21
r  1047   1148   1099   21
r  1348   1099   1148   21
r  1350   1099   1148   21
r  1200   1099   1198   21
r  1146   1047   1045   21
r  1778   1727   1829   21
r  1875   1773   1823   21
r  2275   2376   2379   21
r  2424   2379   2277   21
r  2474   2277   2379   21
r  1880   1931   1782   21
r  2073   1971   2075   21
r  2325   2277   2376   21
r  2425   2379   2376   21
r  2278   2227   2376   21
r  2331   2379   2385   21
r  2226   2379   2376   21
r  2328   2379   2376   21
r  2230   2379   2376   21
r  2477   2376   2379   21
r  2478   2376   2379   21
r  2279   2376   2379   21
r  2229   2379   2277   21
r  2480   2376   2277   21
r  2428   2379   2277   21
r  2176   2376   2277   21
r  1342   1244   1242   21
r  1294   1242   1345   21
r  1441   1543   1648   21
r  1541   1543   1648   21
r  1883   1932   1984   21
r  1397   1648   1597   21
r  1396   1648   1597   21
r  2127   2026   1927   21
r  2079   2077   2026   21
r  2280   2228   2376   21
r  2479   2277   2376   21
r  2178   2277   2379   21
r  2427   2277   2379   21
r  2476   2277   2379   21
r  2282   2385   2436   21
r  1543   1442   1597   21
r  1444   1543   1597   21
r  1395   1294   1597   21
r  1443   1543   1648   21
r  1739   1690   1638   21
r  1788   1690   1689   21
r  1789   1689   1589   21
r  1791   1892   1589   21
r  1492   1541   1597   21
r  1591   1542   1648   21
r  1544   1443   1648   21
r  1895   1796   1648   21
r  1844   1895   1597   21
r  1946   1648   1597   21
r  1793   1892   1597   21
r  1594   1648   1597   21
r  1945   1894   1597   21
r  1494   1648   1597   21
r  1845   1897   1597   21
r  1493   1643   1597   21
r  1593   1648   1597   21
r  1796   1597   1648   21
r  1849   1597   1648   21
r  1896   1597   1648   21
r  1794   1597   1648   21
r  1592   1543   1648   21
r  2132   2180   2085   21
r  1988   2088   2085   21
r  1899   2246   2445   21
r  1947   2246   2447   21
r  1943   2044   2447   21
r  1994   2043   2447   21
r  2487   2385   2436   21
r  2338   2289   2447   21
r  2491   2447   2246   21
r  2389   2246   2445   21
r  2092   2246   2447   21
r  2497   2445   2246   21
r  2348   2246   2445   21
r  2399   2246   2445   21
r  2400   2445   2246   21
r  2249   2246   2445   21
r  2350   2246   2445   21
r  2398   2445   2246   21
r  2499   2246   2445   21
r  2441   2392   2246   21
r  2394   2445   2246   21
r  2142   2090   2246   21
r  2241   2189   2246   21
r  2000   2246   2445   21
r  2492   2445   2447   21
r  2342   2246   2447   21
r  2050   2445   2447   21
r  2294   2246   2447   21
r  2391   2445   2447   21
r  2490   2445   2447   21
r  2440   2445   2447   21
r  2496   2445   2447   21
r  2093   2144   2447   21
r  2290   2241   2447   21
r  2149   2246   2447   21
r  2191   2291   2447   21
r  2494   2246   2447   21
r  2297   2246   2447   21
r  2250   2246   2447   21
r  2498   2445   2447   21
r  2299   2445   2447   21
r  2195   2445   2447   21
r  2291   2293   2447   21
r  2343   2445   2447   21
r  2145   2246   2447   21
r  2349   2445   2447   21
r  2493   2445   2447   21
r  2339   2447   2246   21
r  2239   2288   2246   21
r  2139   2237   2246   21
r  2196   2447   2445   21
r  2147   2447   2445   21
r  2096   2447   2445   21
r  2150   2447   2445   21
r  2148   2447   2246   21
r  2098   2447   2246   21
r  2141   2447   2246   21
r  207   108   159   22
r  209   207   53   22
r  56   108   53   22
r  308   357   159   22
r  306   207   159   22
r  156   53   159   22
r  318   218   122   22
r  352   159   108   22
r  307   159   108   22
r  267   164   108   22
r  119   164   108   22
r  303   256   108   22
r  363   411   108   22
r  413   361   108   22
r  217   122   108   22
r  316   368   108   22
r  315   266   108   22
r  408   405   108   22
r  416   468   108   22
r  366   417   108   22
r  451   108   554   22
r  69   164   173   22
r  359   412   610   22
r  417   218   368   22
r  171   69   122   22
r  369   371   420   22
r  20   173   120   22
r  604   502   454   22
r  602   604   454   22
r  555   454   604   22
r  552   454   604   22
r  603   454   503   22
r  505   454   554   22
r  174   176   75   22
r  323   374   326   22
r  563   612   663   22
r  710   759   663   22
r  175   122   173   22
r  619   769   768   22
r  277   226   326   22
r  225   277   326   22
r  752   854   903   22
r  617   615   663   22
r  375   326   226   22
r  423   474   524   22
r  620   669   768   22
r  721   821   820   22
r  78   29   228   22
r  28   128   130   22
r  79   130   228   22
r  179   128   228   22
r  30   130   228   22
r  181   128   228   22
r  180   228   128   22
r  29   228   130   22
r  81   228   135   22
r  810   861   812   22
r  904   902   752   22
r  803   752   902   22
r  852   854   752   22
r  952   1103   1302   22
r  909   861   860   22
r  771   820   768   22
r  674   722   823   22
r  36   135   83   22
r  284   184   132   22
r  1113   1011   812   22
r  914   865   813   22
r  1103   1302   1305   22
r  958   1007   1006   22
r  919   917   1018   22
r  677   628   728   22
r  84   132   133   22
r  234   132   83   22
r  34   132   83   22
r  235   286   83   22
r  35   132   134   22
r  236   138   140   22
r  966   865   968   22
r  1001   1305   1302   22
r  1053   1104   1302   22
r  1006   1057   1305   22
r  1052   1305   1302   22
r  1306   1308   1302   22
r  1404   1453   1302   22
r  1253   1302   1251   22
r  1401   1302   1305   22
r  1151   1302   1305   22
r  1553   1602   1305   22
r  1258   1106   1305   22
r  1406   1305   1302   22
r  1357   1305   1302   22
r  967   866   919   22
r  38   138   188   22
r  1264   1315   1366   22
r  1215   1315   1365   22
r  1408   1410   1559   22
r  1702   1653   1754   22
r  1551   1754   1602   22
r  1110   1159   1210   22
r  1070   1072   1119   22
r  1071   1120   1119   22
r  973   1022   971   22
r  974   971   922   22
r  635   584   583   22
r  634   685   532   22
r  141   192   145   22
r  192   138   145   22
r  89   188   138   22
r  91   145   138   22
r  41   138   145   22
r  289   389   140   22
r  386   335   338   22
r  1263   1366   1365   22
r  1459   1411   1559   22
r  1703   1602   1754   22
r  1651   1602   1754   22
r  1802   1754   1602   22
r  1170   1270   1121   22
r  832   735   783   22
r  142   98   349   22
r  242   98   145   22
r  193   98   349   22
r  92   145   98   22
r  42   98   349   22
r  342   349   98   22
r  1266   1366   1365   22
r  1464   1411   1614   22
r  1803   1602   1905   22
r  1124   1176   1172   22
r  981   1081   929   22
r  834   783   735   22
r  835   833   784   22
r  885   735   783   22
r  1179   1278   1432   22
r  143   349   98   22
r  199   98   145   22
r  245   145   98   22
r  244   145   98   22
r  443   98   145   22
r  499   98   145   22
r  249   98   145   22
r  394   98   145   22
r  448   98   145   22
r  296   98   145   22
r  344   98   145   22
r  392   98   145   22
r  397   145   98   22
r  49   145   98   22
r  398   98   145   22
r  395   444   145   22
r  100   98   349   22
r  243   98   349   22
r  450   145   349   22
r  393   145   349   22
r  43   145   349   22
r  293   98   349   22
r  494   98   349   22
r  47   145   349   22
r  347   98   349   22
r  200   98   349   22
r  292   145   349   22
r  298   145   349   22
r  343   98   349   22
r  400   145   349   22
r  445   145   349   22
r  295   98   349   22
r  149   98   349   22
r  44   145   349   22
r  246   98   349   22
r  50   145   349   22
r  496   145   349   22
r  46   349   98   22
r  500   697   98   22
r  497   349   98   22
r  446   349   98   22
r  45   349   98   22
r  444   349   98   22
r  197   349   98   22
r  150   349   98   22
r  345   349   98   22
r  194   349   98   22
r  300   349   98   22
r  94   349   98   22
r  495   349   98   22
r  396   349   98   22
r  250   349   98   22
r  346   349   98   22
r  96   349   145   22
r  294   349   145   22
r  93   349   145   22
r  498   349   145   22
r  147   349   145   22
r  196   349   145   22
r  247   349   145   22
r  297   349   145   22
r  491   442   145   22
r  1903   1754   2307   22
r  1714   1765   1512   22
r  1664   1765   1512   22
r  1951   2406   2307   22
r  2007   1855   1905   22
r  1952   2103   2354   22
r  1173   1225   1175   22
r  984   1035   1133   22
r  1083   1035   985   22
r  549   697   598   22
r  550   649   697   22
r  548   697   649   22
r  1519   1471   1570   22
r  1859   1905   1711   22
r  1957   1905   1960   22
r  2006   1905   1909   22
r  1954   2053   2307   22
r  1953   2307   2406   22
r  2001   2354   2307   22
r  2255   2307   2354   22
r  2452   2354   2307   22
r  2051   2354   2307   22
r  2206   2354   2307   22
r  2053   2307   2354   22
r  2201   2307   2354   22
r  2152   2307   2354   22
r  2409   2307   2354   22
r  2208   2354   2307   22
r  2056   2058   2307   22
r  2003   2307   2354   22
r  2358   2307   2354   22
r  2351   2354   2307   22
r  2151   2307   2354   22
r  2401   2307   2354   22
r  2301   2307   2354   22
r  2002   2354   2307   22
r  2004   2354   2307   22
r  2102   2354   2307   22
r  2205   2307   2406   22
r  2202   2307   2406   22
r  2105   2307   2406   22
r  2054   2354   2406   22
r  2154   2354   2406   22
r  2455   2307   2406   22
r  2451   2354   2406   22
r  2453   2307   2406   22
r  2256   2307   2406   22
r  2457   2354   2406   22
r  2302   2354   2406   22
r  2305   2307   2406   22
r  2156   2307   2406   22
r  2259   2412   2406   22
r  2106   2354   2406   22
r  2203   2354   2406   22
r  2158   2354   2406   22
r  2359   2307   2406   22
r  2101   2354   2406   22
r  2204   2354   2406   22
r  2159   2309   2406   22
r  2454   2406   2354   22
r  2103   2406   2354   22
r  2209   2406   2354   22
r  2207   2406   2354   22
r  2155   2406   2354   22
r  2052   2406   2354   22
r  2055   2406   2354   22
r  2251   2406   2307   22
r  2352   2406   2307   22
r  2303   2406   2307   22
r  2157   2406   2307   22
r  2458   2406   2307   22
r  2408   2406   2307   22
r  2402   2406   2307   22
r  2258   2406   2307   22
r  2104   2406   2307   22
r  2403   2406   2307   22
r  2254   2406   2307   22
r  2253   2406   2307   22
r  1423   1623   1524   22
r  1424   1475   1324   22
r  1276   1175   1225   22
r  1328   1229   1432   22
r  839   888   991   22
r  840   889   991   22
r  790   837   889   22
r  1232   1133   1432   22
r  1377   1278   1432   22
r  1428   1329   1432   22
r  600   697   598   22
r  595   697   598   22
r  693   697   598   22
r  1422   1473   1474   22
r  1916   1819   1765   22
r  2012   1963   1965   22
r  1576   1624   1474   22
r  1233   1185   1285   22
r  1630   1678   1782   22
r  692   592   598   22
r  696   594   598   22
r  747   796   598   22
r  900   897   598   22
r  895   897   598   22
r  847   747   697   22
r  796   598   697   22
r  945   997   697   22
r  894   792   697   22
r  744   697   598   22
r  846   697   598   22
r  2015   2062   1963   22
r  2163   2211   2412   22
r  2112   2161   2412   22
r  2114   2315   2412   22
r  1523   1623   1575   22
r  1287   1388   1285   22
r  1039   939   991   22
r  1729   1727   1782   22
r  948   1148   1198   22
r  2113   2161   2412   22
r  2274   2419   2277   22
r  2167   2170   2315   22
r  2370   2315   2412   22
r  2423   2315   2412   22
r  2215   2414   2412   22
r  2323   2421   2412   22
r  2319   2321   2412   22
r  2219   2118   2412   22
r  2222   2171   2412   22
r  2369   2315   2412   22
r  2272   2419   2412   22
r  2363   2412   2414   22
r  2317   2412   2315   22
r  2214   2412   2315   22
r  2465   2412   2315   22
r  2372   2412   2315   22
r  2166   2163   2315   22
r  1489   1540   1390   22
r  1779   1727   1728   22
r  998   1198   1099   22
r  1049   1097   1148   22
r  997   1099   1148   22
r  2168   2412   2171   22
r  2424   2277   2379   22
r  2474   2379   2277   22
r  1240   1189   1191   22
r  1686   1587   1589   22
r  1687   1787   1689   22
r  1441   1648   1597   22
r  1882   1782   1984   22
r  1048   1198   1099   22
r  1050   1097   1198   22
r  1250   1148   1198   22
r  1299   1198   1148   22
r  1097   1148   1198   22
r  1300   1148   1198   22
r  1200   1198   1099   22
r  1348   1148   1597   22
r  1047   1099   1148   22
r  1150   1099   1198   22
r  1349   1198   1648   22
r  1929   1978   2026   22
r  2174   2075   2073   22
r  2225   2277   2376   22
r  2325   2376   2277   22
r  2331   2385   2379   22
r  2281   2379   2376   22
r  2478   2379   2376   22
r  2425   2376   2379   22
r  2428   2376   2379   22
r  2280   2376   2277   22
r  2479   2376   2277   22
r  2178   2379   2277   22
r  2476   2376   2277   22
r  2427   2379   2277   22
r  2123   2172   2075   22
r  1294   1296   1246   22
r  1292   1243   1294   22
r  1739   1589   1690   22
r  1839   1887   1589   22
r  1742   1791   1589   22
r  1442   1342   1648   22
r  1492   1597   1648   22
r  1641   1648   1597   22
r  2127   2125   2026   22
r  2027   2029   2127   22
r  2430   2277   2376   22
r  2177   2277   2376   22
r  2480   2277   2376   22
r  2477   2277   2376   22
r  2279   2277   2376   22
r  2226   2277   2379   22
r  2328   2277   2379   22
r  2229   2277   2379   22
r  2176   2277   2379   22
r  2230   2277   2379   22
r  1443   1445   1597   22
r  1396   1597   1648   22
r  1692   1743   1648   22
r  1494   1597   1648   22
r  1744   1693   1597   22
r  1795   1895   1597   22
r  1796   1648   1597   22
r  1849   1648   1597   22
r  1896   1648   1597   22
r  1794   1792   1597   22
r  1693   1543   1597   22
r  1592   1648   1597   22
r  1593   1597   1648   22
r  1594   1597   1648   22
r  1397   1597   1648   22
r  1946   1597   1648   22
r  2138   2288   2085   22
r  2238   2289   2085   22
r  2132   2085   2180   22
r  1899   2445   2246   22
r  1992   1990   2447   22
r  2288   2290   2246   22
r  2239   2246   2447   22
r  2487   2436   2385   22
r  2045   2246   2445   22
r  2348   2445   2246   22
r  2399   2445   2246   22
r  2146   2246   2445   22
r  2396   2246   2445   22
r  2047   2246   2445   22
r  2198   2246   2445   22
r  2197   2246   2445   22
r  2499   2445   2246   22
r  2193   2246   2445   22
r  2389   2445   2246   22
r  2248   2246   2445   22
r  2342   2445   2246   22
r  2294   2445   2246   22
r  2149   2445   2246   22
r  2297   2445   2246   22
r  2291   2246   2445   22
r  2491   2246   2447   22
r  2339   2246   2447   22
r  2196   2244   2447   22
r  2147   2246   2447   22
r  2096   2445   2447   22
r  2150   2445   2447   22
r  2098   2246   2447   22
r  2141   2246   2447   22
r  2148   2445   2447   22
r  2289   2447   2237   22
r  2091   2447   2246   22
r  2042   2447   2445   22
r  2190   2088   2246   22
r  2296   2447   2445   22
r  2200   2447   2445   22
r  2496   2447   2445   22
r  2349   2447   2445   22
r  2195   2447   2445   22
r  2300   2447   2445   22
r  2350   2447   2246   22
r  2000   2447   2246   22
r  2494   2447   2246   22
r  2250   2447   2246   22
r  2145   2447   2246   22
r  2249   2447   2246   22
r  5   108   159   23
r  4   108   159   23
r  56   105   108   23
r  8   159   53   23
r  202   108   53   23
r  205   108   53   23
r  204   53   159   23
r  354   305   159   23
r  62   164   159   23
r  207   53   108   23
r  71   68   108   23
r  170   123   108   23
r  453   554   108   23
r  360   311   108   23
r  412   314   108   23
r  364   412   108   23
r  359   610   108   23
r  456   458   108   23
r  367   416   108   23
r  365   416   108   23
r  417   368   108   23
r  464   412   108   23
r  415   412   108   23
r  220   271   108   23
r  11   108   164   23
r  307   108   159   23
r  64   108   159   23
r  266   108   164   23
r  451   554   454   23
r  219   122   173   23
r  72   120   173   23
r  501   454   552   23
r  653   503   554   23
r  551   604   503   23
r  603   554   454   23
r  505   554   454   23
r  602   454   503   23
r  271   322   173   23
r  127   75   130   23
r  175   75   122   23
r  224   122   173   23
r  705   652   854   23
r  473   524   522   23
r  572   574   520   23
r  77   128   228   23
r  373   277   226   23
r  567   615   663   23
r  752   903   854   23
r  806   904   854   23
r  714   616   613   23
r  375   226   326   23
r  376   226   225   23
r  276   325   274   23
r  718   769   618   23
r  719   619   767   23
r  377   429   326   23
r  28   130   128   23
r  231   130   128   23
r  79   128   130   23
r  179   130   128   23
r  30   128   130   23
r  181   130   128   23
r  180   128   228   23
r  29   128   228   23
r  81   135   228   23
r  230   228   128   23
r  429   427   326   23
r  904   752   902   23
r  906   908   902   23
r  852   752   854   23
r  951   1305   854   23
r  816   814   812   23
r  32   183   83   23
r  36   83   135   23
r  85   83   32   23
r  84   135   132   23
r  34   135   132   23
r  35   134   132   23
r  235   83   132   23
r  479   531   528   23
r  915   1016   813   23
r  912   1011   812   23
r  1001   1302   1305   23
r  1004   1305   1302   23
r  958   1006   1007   23
r  960   1009   1011   23
r  233   132   135   23
r  183   132   135   23
r  184   132   133   23
r  1055   1305   1302   23
r  1051   1102   1302   23
r  1052   1302   1305   23
r  1103   954   1302   23
r  1104   1305   1302   23
r  1054   1102   1302   23
r  1453   1553   1302   23
r  1155   1202   1302   23
r  1157   1006   1302   23
r  1406   1302   1305   23
r  1357   1302   1305   23
r  1552   1603   1305   23
r  1307   1305   1302   23
r  1455   1305   1302   23
r  1401   1305   1302   23
r  1151   1305   1302   23
r  680   729   726   23
r  880   779   728   23
r  336   437   289   23
r  38   188   138   23
r  1162   1113   1210   23
r  1165   1065   1016   23
r  1264   1215   1365   23
r  1551   1602   1754   23
r  1603   1754   1702   23
r  1407   1305   1559   23
r  1651   1754   1602   23
r  1505   1305   1559   23
r  1070   1119   1068   23
r  973   971   1022   23
r  585   385   582   23
r  139   90   145   23
r  341   289   349   23
r  39   140   188   23
r  1507   1559   1558   23
r  1703   1852   1602   23
r  1601   1603   1653   23
r  1654   1905   1754   23
r  1852   1752   1602   23
r  832   783   735   23
r  882   782   783   23
r  192   140   349   23
r  191   349   98   23
r  142   145   98   23
r  92   98   145   23
r  291   289   349   23
r  242   145   98   23
r  342   98   349   23
r  1266   1365   1366   23
r  1417   1366   1316   23
r  1368   1270   1365   23
r  1659   1712   1559   23
r  1801   1602   1754   23
r  1901   2406   2354   23
r  1902   1803   2406   23
r  834   735   783   23
r  885   783   735   23
r  193   349   98   23
r  100   349   98   23
r  243   349   98   23
r  46   98   349   23
r  500   98   349   23
r  497   98   349   23
r  446   98   349   23
r  143   98   349   23
r  45   98   349   23
r  197   98   349   23
r  150   98   349   23
r  345   98   349   23
r  200   349   98   23
r  300   98   349   23
r  94   98   349   23
r  295   349   98   23
r  396   98   349   23
r  346   98   349   23
r  443   349   98   23
r  448   349   98   23
r  296   349   98   23
r  392   349   98   23
r  398   349   98   23
r  395   349   98   23
r  247   98   349   23
r  297   98   349   23
r  199   349   98   23
r  245   98   145   23
r  244   349   145   23
r  49   349   145   23
r  450   349   145   23
r  393   349   145   23
r  43   349   145   23
r  47   349   145   23
r  292   98   145   23
r  400   98   145   23
r  445   98   145   23
r  50   349   145   23
r  397   98   145   23
r  298   349   145   23
r  44   349   145   23
r  496   98   145   23
r  499   145   98   23
r  249   145   98   23
r  394   145   98   23
r  344   145   98   23
r  449   145   98   23
r  293   145   98   23
r  494   145   98   23
r  347   145   98   23
r  343   145   98   23
r  149   145   98   23
r  246   145   98   23
r  194   145   349   23
r  495   145   349   23
r  250   145   349   23
r  96   145   349   23
r  294   145   349   23
r  93   145   349   23
r  147   145   349   23
r  196   145   349   23
r  444   145   349   23
r  1320   1269   1271   23
r  1271   1322   1319   23
r  1564   1515   1513   23
r  1517   1568   1512   23
r  1518   1469   1467   23
r  1709   1711   1905   23
r  1662   1765   1615   23
r  1951   2307   2406   23
r  1222   1271   1220   23
r  1224   1222   1175   23
r  886   837   889   23
r  838   840   991   23
r  789   838   889   23
r  1133   1033   982   23
r  887   938   991   23
r  550   697   598   23
r  548   649   697   23
r  549   649   697   23
r  1713   1615   1765   23
r  1759   1711   1905   23
r  1957   1855   1905   23
r  2006   1909   1905   23
r  1860   1711   1905   23
r  1953   2354   2307   23
r  2001   2307   2354   23
r  2106   2406   2354   23
r  2103   2354   2406   23
r  2203   2406   2354   23
r  2309   2406   2354   23
r  2207   2354   2406   23
r  2154   2406   2354   23
r  2101   2406   2354   23
r  2107   2354   2406   23
r  2457   2406   2354   23
r  2251   2354   2406   23
r  2352   2354   2406   23
r  2303   2354   2406   23
r  2157   2354   2406   23
r  2408   2354   2406   23
r  2351   2406   2354   23
r  2258   2354   2406   23
r  2004   2406   2354   23
r  2208   2406   2354   23
r  2255   2406   2307   23
r  2053   2406   2307   23
r  2152   2354   2307   23
r  2409   2354   2307   23
r  2358   2354   2307   23
r  2401   2354   2307   23
r  2301   2406   2307   23
r  2205   2354   2307   23
r  2202   2354   2307   23
r  2105   2354   2307   23
r  2455   2406   2307   23
r  2453   2406   2307   23
r  2256   2406   2307   23
r  2108   2160   2307   23
r  2201   2406   2307   23
r  2003   2406   2307   23
r  2151   2354   2307   23
r  2305   2406   2307   23
r  2156   2406   2307   23
r  2359   2354   2307   23
r  2104   2307   2406   23
r  2254   2307   2406   23
r  2402   2307   2406   23
r  2403   2307   2406   23
r  2153   2307   2406   23
r  2458   2307   2406   23
r  2209   2307   2406   23
r  2052   2307   2406   23
r  2155   2307   2406   23
r  2454   2307   2406   23
r  2055   2307   2406   23
r  2452   2307   2354   23
r  2206   2307   2354   23
r  2002   2307   2354   23
r  2102   2307   2354   23
r  2054   2307   2354   23
r  2302   2307   2354   23
r  2204   2307   2354   23
r  2451   2307   2354   23
r  2159   2307   2354   23
r  2051   2307   2354   23
r  1273   1224   1175   23
r  1325   1425   1175   23
r  1183   1136   1185   23
r  1280   1229   1432   23
r  1087   1085   1036   23
r  1232   1432   1285   23
r  1479   1579   1432   23
r  641   690   598   23
r  742   693   598   23
r  987   1040   991   23
r  600   598   697   23
r  642   697   598   23
r  595   795   697   23
r  2162   2315   2412   23
r  2160   2211   2412   23
r  1523   1575   1474   23
r  989   941   889   23
r  892   889   991   23
r  1186   1135   1284   23
r  644   693   598   23
r  693   593   697   23
r  846   897   697   23
r  744   598   697   23
r  845   697   598   23
r  797   697   598   23
r  850   697   598   23
r  796   697   598   23
r  1573   1474   1575   23
r  2012   1914   1963   23
r  2211   2209   2412   23
r  2114   2412   2315   23
r  947   1099   1148   23
r  950   1198   1099   23
r  2067   2217   2412   23
r  1968   1966   2016   23
r  2264   2315   2414   23
r  2368   2315   2414   23
r  2274   2277   2315   23
r  2423   2277   2315   23
r  2222   2122   2315   23
r  2363   2315   2412   23
r  2273   2315   2412   23
r  2317   2414   2412   23
r  2214   2414   2412   23
r  2465   2315   2412   23
r  2372   2315   2412   23
r  2166   2113   2412   23
r  2168   2171   2412   23
r  2374   2379   2412   23
r  2119   2218   2412   23
r  2369   2412   2315   23
r  2220   2412   2315   23
r  2221   2412   2315   23
r  2370   2412   2315   23
r  2170   2218   2315   23
r  1833   1935   1984   23
r  1735   1784   1782   23
r  998   1099   1198   23
r  997   1198   1099   23
r  1975   1927   2026   23
r  2021   1970   2171   23
r  2275   2379   2376   23
r  2424   2379   2277   23
r  2474   2277   2379   23
r  1290   1239   1288   23
r  1096   1045   1148   23
r  1047   1198   1099   23
r  1441   1597   1648   23
r  1491   1648   1597   23
r  1541   1648   1597   23
r  1834   1984   1886   23
r  1881   1930   1984   23
r  1048   1148   1198   23
r  1050   1148   1099   23
r  1100   1148   1198   23
r  1250   1198   1148   23
r  1097   1198   1148   23
r  1350   1198   1099   23
r  1150   1198   1099   23
r  1300   1099   1148   23
r  1200   1099   1198   23
r  1299   1099   1198   23
r  2225   2376   2277   23
r  2325   2379   2376   23
r  2425   2277   2376   23
r  2126   2026   2379   23
r  2478   2376   2379   23
r  2428   2379   2376   23
r  2430   2376   2277   23
r  2177   2376   2277   23
r  2480   2379   2277   23
r  2477   2379   2277   23
r  2226   2379   2277   23
r  2328   2376   2277   23
r  2229   2376   2277   23
r  2279   2376   2277   23
r  1342   1242   1244   23
r  1737   1836   1689   23
r  1739   1690   1589   23
r  1790   1689   1638   23
r  1442   1648   1543   23
r  1392   1341   1648   23
r  1492   1543   1597   23
r  1591   1543   1597   23
r  1641   1692   1648   23
r  1979   2030   2026   23
r  1348   1198   1648   23
r  2078   2127   2027   23
r  2479   2277   2376   23
r  2178   2277   2379   23
r  2427   2277   2379   23
r  2381   2385   2379   23
r  2282   2280   2385   23
r  1346   1648   1597   23
r  1396   1648   1597   23
r  1743   1792   1597   23
r  1642   1543   1597   23
r  1893   1795   1597   23
r  1397   1449   1597   23
r  1946   1895   1597   23
r  1494   1496   1597   23
r  1796   1894   1648   23
r  1849   2447   1648   23
r  1896   1795   1648   23
r  1592   1597   1648   23
r  1593   1648   1597   23
r  1594   1648   1597   23
r  2185   2237   2085   23
r  2038   2090   2140   23
r  1940   1891   1889   23
r  2092   1993   2246   23
r  2188   2288   2186   23
r  2139   2246   2088   23
r  2487   2385   2436   23
r  2488   2436   2447   23
r  2089   2140   2246   23
r  2140   2138   2447   23
r  1942   1891   2447   23
r  1997   2246   2445   23
r  2045   2447   2246   23
r  2046   2447   2445   23
r  2339   2447   2246   23
r  2042   2246   2447   23
r  2142   2246   2445   23
r  2190   2246   2447   23
r  2338   2441   2246   23
r  2289   2237   2447   23
r  2245   2297   2445   23
r  2296   2446   2447   23
r  2099   2447   2445   23
r  2096   2447   2445   23
r  1999   2447   2445   23
r  2050   2447   2445   23
r  2200   2445   2447   23
r  2340   2447   2445   23
r  2298   2447   2445   23
r  2095   2447   2445   23
r  2496   2445   2447   23
r  2299   2447   2445   23
r  2394   2447   2445   23
r  2350   2445   2447   23
r  2149   2447   2445   23
r  2145   2445   2447   23
r  2146   2445   2246   23
r  2396   2447   2246   23
r  2047   2445   2246   23
r  2198   2447   2246   23
r  2193   2445   2246   23
r  2291   2447   2246   23
r  2491   2488   2246   23
r  2147   2447   2246   23
r  2098   2447   2246   23
r  2141   2447   2246   23
r  2197   2445   2246   23
r  2248   2445   2246   23
r  2348   2246   2445   23
r  2393   2246   2445   23
r  2199   2246   2445   23
r  2094   2246   2445   23
r  2143   2246   2445   23
r  2441   2246   2445   23
r  2342   2246   2445   23
r  2349   2246   2447   23
r  2195   2246   2447   23
r  2300   2246   2447   23
r  2000   2246   2447   23
r  2494   2246   2447   23
r  2249   2246   2447   23
r  2250   2246   2447   23
r  101   53   159   24
r  5   159   108   24
r  105   108   159   24
r  4   159   108   24
r  154   108   159   24
r  202   303   108   24
r  205   105   108   24
r  8   53   159   24
r  166   214   164   24
r  408   457   610   24
r  56   53   159   24
r  11   159   108   24
r  307   256   108   24
r  64   164   108   24
r  266   164   108   24
r  452   454   108   24
r  454   601   108   24
r  410   610   108   24
r  463   412   108   24
r  467   366   108   24
r  465   516   108   24
r  605   454   108   24
r  508   610   108   24
r  601   503   108   24
r  124   173   108   24
r  55   108   159   24
r  12   108   164   24
r  451   454   554   24
r  555   604   454   24
r  552   554   454   24
r  602   554   454   24
r  551   454   604   24
r  125   122   173   24
r  653   454   604   24
r  603   454   554   24
r  571   520   469   24
r  127   130   228   24
r  27   228   122   24
r  75   122   173   24
r  28   128   130   24
r  665   663   616   24
r  765   663   812   24
r  955   907   902   24
r  951   854   902   24
r  718   618   769   24
r  79   130   128   24
r  179   128   130   24
r  30   130   128   24
r  31   130   228   24
r  230   128   228   24
r  180   228   128   24
r  279   228   130   24
r  231   228   130   24
r  181   228   130   24
r  427   530   326   24
r  475   427   527   24
r  868   870   819   24
r  1003   1305   1302   24
r  1004   1302   1305   24
r  1001   1305   1302   24
r  1102   1305   1302   24
r  430   331   381   24
r  82   84   133   24
r  36   135   83   24
r  34   83   135   24
r  233   83   132   24
r  183   135   132   24
r  234   135   132   24
r  184   133   132   24
r  864   813   915   24
r  912   961   1011   24
r  1112   1011   812   24
r  961   1063   812   24
r  1007   1157   1305   24
r  1055   1302   1305   24
r  1052   1004   1302   24
r  1253   1251   1302   24
r  1454   1403   1302   24
r  1104   1102   1305   24
r  1455   1302   1305   24
r  1401   1302   1305   24
r  1151   1202   1305   24
r  1307   1302   1305   24
r  1356   1405   1302   24
r  1106   1305   1302   24
r  1257   1305   1302   24
r  1156   1305   1302   24
r  1357   1305   1302   24
r  725   774   728   24
r  776   724   774   24
r  826   725   724   24
r  282   382   333   24
r  84   132   135   24
r  185   132   140   24
r  235   132   83   24
r  1603   1554   1754   24
r  1554   1702   1754   24
r  1651   1602   1754   24
r  627   726   727   24
r  781   833   728   24
r  87   140   188   24
r  137   140   238   24
r  1507   1556   1559   24
r  1557   1505   1508   24
r  1753   1852   1702   24
r  1605   1505   1602   24
r  1801   1754   1602   24
r  974   972   923   24
r  141   145   98   24
r  39   188   140   24
r  1263   1365   1366   24
r  1216   1366   1314   24
r  1362   1259   1411   24
r  1709   1905   1559   24
r  1802   1602   1754   24
r  1756   1657   1905   24
r  832   735   783   24
r  981   1030   930   24
r  683   735   783   24
r  339   336   388   24
r  192   349   98   24
r  191   98   349   24
r  142   349   145   24
r  42   349   98   24
r  291   145   98   24
r  242   349   145   24
r  1266   1366   1365   24
r  1417   1316   1366   24
r  1711   1760   1905   24
r  1662   1615   1512   24
r  1761   1859   1709   24
r  1903   1952   2406   24
r  1514   1512   1615   24
r  1952   2354   2406   24
r  834   783   735   24
r  883   735   784   24
r  886   889   735   24
r  1173   1175   1176   24
r  193   145   349   24
r  46   349   98   24
r  442   98   349   24
r  342   349   98   24
r  497   349   98   24
r  143   349   98   24
r  45   349   98   24
r  197   349   98   24
r  200   98   349   24
r  300   349   98   24
r  94   349   98   24
r  346   349   98   24
r  296   98   349   24
r  398   98   349   24
r  395   98   349   24
r  247   349   98   24
r  297   349   98   24
r  199   98   349   24
r  393   98   349   24
r  47   98   349   24
r  400   349   98   24
r  50   98   349   24
r  397   349   98   24
r  341   140   145   24
r  249   349   145   24
r  394   349   145   24
r  449   98   145   24
r  293   98   145   24
r  347   349   145   24
r  343   98   145   24
r  149   98   145   24
r  194   98   145   24
r  294   349   145   24
r  93   349   145   24
r  147   98   145   24
r  196   349   145   24
r  444   98   145   24
r  494   98   145   24
r  246   349   145   24
r  250   98   145   24
r  96   349   145   24
r  344   349   145   24
r  245   145   98   24
r  292   145   98   24
r  445   145   98   24
r  446   145   98   24
r  150   145   98   24
r  345   145   98   24
r  396   145   98   24
r  100   145   349   24
r  243   145   349   24
r  295   145   349   24
r  443   145   349   24
r  448   145   349   24
r  49   145   349   24
r  44   145   349   24
r  392   145   349   24
r  498   145   349   24
r  244   145   349   24
r  450   145   349   24
r  43   145   349   24
r  492   541   98   24
r  1370   1220   1270   24
r  1323   1374   1474   24
r  1372   1474   1221   24
r  1809   1711   1905   24
r  2005   2057   2406   24
r  1954   2307   2354   24
r  1953   2406   2354   24
r  2001   2406   2307   24
r  2106   2354   2406   24
r  2103   2406   2354   24
r  2203   2354   2406   24
r  2158   2406   2354   24
r  2057   2406   2354   24
r  2154   2354   2406   24
r  2101   2354   2406   24
r  2352   2406   2354   24
r  2157   2406   2354   24
r  2408   2406   2354   24
r  2258   2406   2354   24
r  2004   2354   2406   24
r  2208   2354   2406   24
r  2255   2354   2406   24
r  2053   2354   2406   24
r  2301   2354   2406   24
r  2453   2354   2406   24
r  2201   2354   2406   24
r  2003   2354   2406   24
r  2305   2354   2406   24
r  2156   2354   2406   24
r  2359   2406   2354   24
r  2104   2406   2307   24
r  2254   2354   2307   24
r  2403   2354   2307   24
r  2153   2406   2307   24
r  2458   2354   2307   24
r  2209   2406   2307   24
r  2155   2354   2307   24
r  2454   2406   2307   24
r  2055   2406   2307   24
r  2452   2406   2307   24
r  2206   2354   2307   24
r  2102   2406   2307   24
r  2302   2406   2307   24
r  2204   2406   2307   24
r  2451   2406   2307   24
r  2159   2354   2307   24
r  2402   2354   2307   24
r  2052   2354   2307   24
r  2002   2354   2307   24
r  2054   2406   2307   24
r  2051   2406   2307   24
r  2256   2307   2406   24
r  2455   2307   2406   24
r  2253   2307   2406   24
r  2351   2307   2406   24
r  2457   2307   2406   24
r  2207   2307   2354   24
r  2251   2307   2354   24
r  2303   2307   2354   24
r  2409   2307   2354   24
r  2358   2307   2354   24
r  2401   2307   2354   24
r  2205   2307   2354   24
r  2105   2307   2354   24
r  2259   2406   2354   24
r  2056   2307   2354   24
r  2152   2307   2354   24
r  2202   2307   2354   24
r  937   837   889   24
r  1230   1432   1278   24
r  1181   1232   1432   24
r  1279   1281   1432   24
r  640   742   697   24
r  544   697   598   24
r  1957   1905   2006   24
r  1769   1720   1668   24
r  2162   2412   2315   24
r  987   991   889   24
r  1478   1474   1432   24
r  1631   1782   1432   24
r  1236   1285   1183   24
r  600   697   598   24
r  593   491   598   24
r  1523   1624   1575   24
r  1870   1771   1721   24
r  2163   2160   2315   24
r  2114   2315   2412   24
r  2211   2162   2315   24
r  1038   1189   991   24
r  1477   1474   1524   24
r  741   697   598   24
r  692   598   593   24
r  642   598   697   24
r  897   844   598   24
r  845   598   697   24
r  797   598   697   24
r  850   598   697   24
r  796   598   697   24
r  949   1148   697   24
r  694   697   598   24
r  843   697   598   24
r  744   697   598   24
r  1676   1725   1623   24
r  2064   2163   2315   24
r  2066   2115   2412   24
r  2264   2414   2315   24
r  2218   2171   2315   24
r  2368   2414   2315   24
r  2273   2419   2315   24
r  2168   2170   2315   24
r  2119   2170   2315   24
r  2369   2414   2412   24
r  2220   2315   2412   24
r  2370   2315   2412   24
r  2170   2221   2412   24
r  2221   2322   2412   24
r  2219   2412   2315   24
r  2363   2412   2315   24
r  2272   2412   2315   24
r  2465   2412   2315   24
r  2372   2412   2315   24
r  1043   1143   994   24
r  1634   1683   1782   24
r  1139   1191   1141   24
r  948   1099   1148   24
r  1875   1824   1773   24
r  1678   1829   1729   24
r  2473   2315   2376   24
r  2275   2277   2379   24
r  2424   2376   2379   24
r  1685   1585   1782   24
r  1832   1883   1984   24
r  1239   1388   1288   24
r  998   1198   1099   24
r  997   1148   1198   24
r  1048   1099   1148   24
r  1097   1148   1198   24
r  1300   1148   1099   24
r  1200   1148   1099   24
r  1047   1099   1198   24
r  1150   1099   1198   24
r  2474   2379   2277   24
r  2174   2073   2075   24
r  2325   2376   2379   24
r  2425   2376   2277   24
r  2478   2379   2376   24
r  2179   2379   2376   24
r  2428   2376   2379   24
r  2280   2379   2376   24
r  2476   2379   2376   24
r  2177   2379   2376   24
r  2328   2379   2376   24
r  2229   2379   2376   24
r  2176   2174   2277   24
r  2479   2376   2277   24
r  2178   2376   2277   24
r  2427   2379   2277   24
r  2381   2379   2277   24
r  1491   1543   1648   24
r  1590   1543   1597   24
r  1541   1490   1648   24
r  1834   1886   1984   24
r  1100   1198   1148   24
r  1299   1198   1099   24
r  1349   1648   1597   24
r  2126   2277   2026   24
r  2226   2277   2379   24
r  2281   2277   2379   24
r  2477   2277   2379   24
r  2480   2277   2379   24
r  2279   2277   2376   24
r  2130   2182   2232   24
r  1787   1741   1589   24
r  1838   1787   1589   24
r  1442   1393   1648   24
r  1393   1244   1597   24
r  2487   2484   2385   24
r  1346   1597   1648   24
r  1396   1597   1648   24
r  1743   1741   1648   24
r  1592   1494   1597   24
r  1593   1591   1648   24
r  1594   1597   1648   24
r  1643   1648   1597   24
r  1843   1648   1597   24
r  2188   2237   2085   24
r  2488   2385   2246   24
r  1995   2246   2445   24
r  1948   2246   2445   24
r  1994   2447   2445   24
r  2138   2085   2189   24
r  2041   1990   2447   24
r  2288   2246   2447   24
r  2239   2447   2246   24
r  2339   2237   2447   24
r  2140   1989   2246   24
r  2040   1939   2447   24
r  1997   2447   2246   24
r  1950   2447   2445   24
r  2045   2246   2447   24
r  1998   2246   2445   24
r  2044   2447   2445   24
r  2046   2246   2447   24
r  2091   2140   2447   24
r  2042   2447   2246   24
r  2142   2447   2246   24
r  2093   2447   2445   24
r  2190   2447   2246   24
r  2100   2447   2445   24
r  2392   2447   2445   24
r  2097   2447   2445   24
r  2050   2445   2447   24
r  2144   2447   2445   24
r  2442   2447   2445   24
r  2298   2445   2447   24
r  2049   2447   2445   24
r  2095   2445   2447   24
r  2449   2447   2445   24
r  2500   2447   2445   24
r  2299   2445   2447   24
r  2493   2447   2445   24
r  2398   2447   2445   24
r  2394   2445   2447   24
r  2241   2447   2445   24
r  2399   2447   2445   24
r  2350   2447   2445   24
r  2499   2447   2445   24
r  2297   2447   2445   24
r  2145   2447   2445   24
r  2146   2447   2445   24
r  2047   2447   2445   24
r  2348   2445   2246   24
r  2393   2445   2246   24
r  2199   2445   2246   24
r  2143   2445   2246   24
r  2441   2445   2246   24
r  2342   2445   2246   24
r  2349   2445   2246   24
r  2195   2447   2246   24
r  2300   2447   2246   24
r  2000   2445   2246   24
r  2494   2447   2246   24
r  2094   2447   2246   24
r  2250   2445   2246   24
r  2249   2445   2246   24
r  2340   2246   2447   24
r  2497   2246   2445   24
r  2244   2246   2445   24
r  2192   2246   2445   24
r  2347   2246   2445   24
r  2341   2246   2445   24
r  2292   2246   2445   24
r  2193   2246   2445   24
r  2048   2246   2445   24
r  2248   2246   2445   24
r  2491   2246   2445   24
r  2150   2246   2445   24
r  2148   2246   2445   24
r  2200   2246   2445   24
r  2099   2246   2447   24
r  2096   2246   2447   24
r  2149   2246   2447   24
r  2396   2246   2447   24
r  2198   2246   2447   24
r  2291   2246   2447   24
r  2147   2246   2447   24
r  2098   2246   2447   24
r  2141   2246   2447   24
r  1   53   159   25
r  155   53   159   25
r  262   310   159   25
r  304   256   159   25
r  63   164   159   25
r  117   164   159   25
r  508   608   610   25
r  105   53   108   25
r  154   53   108   25
r  55   159   108   25
r  12   159   108   25
r  466   515   108   25
r  459   508   108   25
r  505   604   108   25
r  460   409   108   25
r  418   466   108   25
r  458   610   108   25
r  510   559   108   25
r  210   108   164   25
r  54   108   159   25
r  5   108   159   25
r  7   108   159   25
r  255   108   159   25
r  11   108   159   25
r  353   108   53   25
r  365   108   164   25
r  455   554   610   25
r  119   108   122   25
r  219   173   122   25
r  70   122   21   25
r  121   108   173   25
r  553   453   604   25
r  551   503   454   25
r  501   554   454   25
r  603   503   454   25
r  555   454   604   25
r  602   454   554   25
r  552   454   554   25
r  124   108   173   25
r  125   173   122   25
r  75   176   122   25
r  224   75   122   25
r  274   373   122   25
r  618   566   769   25
r  373   275   326   25
r  28   228   128   25
r  713   613   664   25
r  665   616   663   25
r  805   902   752   25
r  807   755   902   25
r  473   520   524   25
r  668   768   767   25
r  624   576   728   25
r  79   128   130   25
r  179   130   128   25
r  180   128   228   25
r  328   326   228   25
r  30   228   130   25
r  31   228   130   25
r  329   378   326   25
r  951   902   1302   25
r  1003   1302   1305   25
r  720   768   769   25
r  281   431   381   25
r  32   83   35   25
r  85   32   83   25
r  284   83   331   25
r  34   135   83   25
r  233   135   83   25
r  234   83   135   25
r  84   133   132   25
r  430   381   331   25
r  1013   1061   912   25
r  962   1063   812   25
r  1001   1004   1305   25
r  1102   1302   1305   25
r  1006   1008   1302   25
r  1106   1006   1305   25
r  1257   1357   1305   25
r  1156   1006   1305   25
r  1406   1305   1302   25
r  1401   1305   1302   25
r  1307   1305   1302   25
r  775   726   728   25
r  630   581   728   25
r  879   930   728   25
r  776   825   724   25
r  631   531   530   25
r  86   138   188   25
r  37   140   39   25
r  1163   1016   1064   25
r  1114   1016   1116   25
r  1504   1702   1754   25
r  1551   1702   1602   25
r  1456   1305   1559   25
r  921   1022   974   25
r  831   735   833   25
r  927   925   975   25
r  782   833   883   25
r  237   140   188   25
r  87   39   140   25
r  137   188   140   25
r  1213   1414   1366   25
r  1110   1161   1159   25
r  1651   1552   1702   25
r  1704   1753   1702   25
r  1604   1702   1754   25
r  1802   1753   1602   25
r  832   783   735   25
r  683   833   735   25
r  883   783   735   25
r  387   338   336   25
r  535   584   484   25
r  534   483   585   25
r  41   145   98   25
r  89   140   145   25
r  1263   1366   1365   25
r  1167   1119   1120   25
r  1801   1602   1754   25
r  1901   2307   2406   25
r  1606   1505   1508   25
r  1711   1905   1559   25
r  933   1031   1033   25
r  1179   1432   1278   25
r  192   145   349   25
r  191   145   98   25
r  142   145   349   25
r  92   349   98   25
r  42   145   349   25
r  291   98   145   25
r  242   98   349   25
r  1316   1365   1314   25
r  1466   1365   1614   25
r  1266   1314   1366   25
r  1514   1614   1512   25
r  1951   2406   2307   25
r  1952   2406   2354   25
r  1660   1559   1709   25
r  1761   1710   1905   25
r  886   735   889   25
r  1278   1329   1432   25
r  1230   1278   1432   25
r  340   289   388   25
r  193   349   145   25
r  46   98   349   25
r  342   98   349   25
r  493   349   98   25
r  143   98   349   25
r  45   98   349   25
r  200   349   98   25
r  296   349   98   25
r  247   98   349   25
r  297   98   349   25
r  199   349   98   25
r  393   349   98   25
r  50   349   98   25
r  298   98   349   25
r  496   349   98   25
r  341   349   98   25
r  149   349   98   25
r  294   98   349   25
r  93   98   349   25
r  444   349   98   25
r  250   349   98   25
r  245   98   145   25
r  499   349   145   25
r  292   98   145   25
r  445   98   145   25
r  446   98   145   25
r  150   98   145   25
r  345   98   145   25
r  396   98   145   25
r  100   349   145   25
r  443   98   145   25
r  448   98   145   25
r  49   349   145   25
r  44   98   145   25
r  392   349   145   25
r  498   349   145   25
r  244   349   145   25
r  450   349   145   25
r  43   349   145   25
r  441   494   145   25
r  243   98   145   25
r  295   349   145   25
r  391   339   145   25
r  449   145   98   25
r  293   145   98   25
r  494   145   98   25
r  343   145   98   25
r  500   145   98   25
r  194   145   98   25
r  147   145   98   25
r  395   145   98   25
r  47   145   98   25
r  442   145   98   25
r  300   145   349   25
r  94   145   349   25
r  400   145   349   25
r  397   145   349   25
r  249   145   349   25
r  394   145   349   25
r  196   145   349   25
r  246   145   349   25
r  96   145   349   25
r  344   145   349   25
r  197   145   349   25
r  497   145   349   25
r  347   145   349   25
r  1224   1175   1176   25
r  1859   1711   1905   25
r  1957   2006   1905   25
r  1954   2406   2307   25
r  1953   2354   2406   25
r  2001   2307   2406   25
r  2104   2307   2406   25
r  2455   2406   2307   25
r  2452   2307   2406   25
r  2351   2406   2307   25
r  2102   2307   2406   25
r  2054   2307   2406   25
r  2457   2406   2307   25
r  2302   2307   2406   25
r  2204   2307   2406   25
r  2451   2307   2406   25
r  2051   2307   2406   25
r  2408   2307   2406   25
r  2358   2406   2307   25
r  2259   2210   2307   25
r  2056   2406   2307   25
r  2152   2406   2307   25
r  2359   2307   2406   25
r  2107   2307   2354   25
r  2004   2406   2354   25
r  2208   2307   2354   25
r  2255   2406   2354   25
r  2053   2307   2354   25
r  2301   2406   2354   25
r  2453   2307   2354   25
r  2201   2406   2354   25
r  2151   2406   2354   25
r  2305   2307   2354   25
r  2254   2406   2354   25
r  2403   2307   2354   25
r  2458   2406   2354   25
r  2155   2307   2354   25
r  2206   2307   2354   25
r  2159   2307   2354   25
r  2402   2406   2354   25
r  2052   2307   2354   25
r  2002   2307   2354   25
r  2154   2307   2354   25
r  2101   2307   2354   25
r  2003   2307   2354   25
r  2156   2307   2354   25
r  2106   2406   2354   25
r  2409   2354   2307   25
r  2401   2354   2307   25
r  2205   2354   2307   25
r  2202   2354   2307   25
r  2105   2354   2307   25
r  2207   2354   2307   25
r  2251   2354   2307   25
r  2303   2354   2307   25
r  2253   2354   2307   25
r  2256   2354   2307   25
r  2103   2354   2406   25
r  2352   2354   2406   25
r  2258   2354   2406   25
r  2153   2354   2406   25
r  2454   2354   2406   25
r  2158   2354   2406   25
r  2157   2354   2406   25
r  2160   2209   2406   25
r  985   1133   1085   25
r  1274   1375   1176   25
r  1326   1175   1176   25
r  1276   1176   1175   25
r  690   697   638   25
r  544   598   697   25
r  1423   1524   1374   25
r  1424   1373   1524   25
r  2011   2111   1963   25
r  1917   1966   1765   25
r  2210   2212   2315   25
r  2161   2213   2412   25
r  987   889   991   25
r  841   893   889   25
r  990   941   889   25
r  1581   1629   1432   25
r  1236   1183   1285   25
r  691   697   598   25
r  592   691   598   25
r  600   598   697   25
r  1526   1624   1623   25
r  1523   1575   1623   25
r  1477   1524   1474   25
r  2162   2315   2412   25
r  2374   2277   2379   25
r  2220   2168   2315   25
r  2064   2315   2412   25
r  2116   1967   2412   25
r  2219   2167   2412   25
r  2272   2315   2412   25
r  2465   2414   2412   25
r  2372   2471   2412   25
r  2117   2170   2412   25
r  2068   2117   2412   25
r  2473   2376   2412   25
r  2169   2118   2412   25
r  2118   2171   2412   25
r  2121   2072   2412   25
r  1039   991   941   25
r  741   598   697   25
r  993   1044   1095   25
r  944   889   697   25
r  1337   1285   1438   25
r  1139   1141   1191   25
r  642   697   598   25
r  643   692   598   25
r  845   897   598   25
r  796   897   598   25
r  949   1198   1148   25
r  694   592   697   25
r  744   598   697   25
r  996   949   697   25
r  797   697   598   25
r  850   697   598   25
r  2114   2412   2315   25
r  2115   2412   2315   25
r  2066   2412   2315   25
r  2268   2412   2414   25
r  2370   2412   2315   25
r  2275   2376   2277   25
r  2424   2379   2376   25
r  2474   2376   2379   25
r  947   1148   1099   25
r  950   1148   1198   25
r  997   1198   1148   25
r  1925   1776   2026   25
r  2174   2125   2026   25
r  2425   2379   2376   25
r  2430   2277   2376   25
r  2279   2376   2277   25
r  2230   2376   2277   25
r  2281   2376   2277   25
r  2428   2277   2376   25
r  2226   2376   2277   25
r  2280   2277   2379   25
r  2476   2376   2379   25
r  2328   2376   2379   25
r  2229   2277   2379   25
r  2427   2376   2379   25
r  2478   2376   2379   25
r  2177   2277   2379   25
r  2475   2379   2428   25
r  2331   2379   2376   25
r  2128   2379   2376   25
r  2479   2379   2376   25
r  2480   2379   2277   25
r  2477   2379   2277   25
r  1637   1586   1589   25
r  1636   1587   1589   25
r  1096   1198   1099   25
r  1047   1198   1099   25
r  998   1148   1198   25
r  1048   1198   1099   25
r  1097   1198   1148   25
r  1150   1198   1099   25
r  1250   1099   1198   25
r  1100   1097   1198   25
r  1050   1099   1148   25
r  1300   1099   1148   25
r  1200   1099   1148   25
r  2381   2277   2385   25
r  2078   2026   2127   25
r  1687   1689   1589   25
r  1441   1648   1597   25
r  1394   1244   1648   25
r  1343   1242   1294   25
r  1392   1648   1597   25
r  1298   1148   1198   25
r  2027   2076   2029   25
r  1640   1543   1597   25
r  1442   1543   1597   25
r  1393   1597   1648   25
r  1396   1648   1597   25
r  1643   1543   1648   25
r  1742   1589   1597   25
r  1692   1648   1597   25
r  1594   1543   1597   25
r  1792   1840   1597   25
r  1838   1589   1689   25
r  1843   1597   1648   25
r  1991   1940   2246   25
r  2237   2037   2085   25
r  1899   2447   2445   25
r  1947   1996   2246   25
r  1994   2246   2447   25
r  1995   2447   2246   25
r  1996   2246   2445   25
r  1938   1838   1840   25
r  1992   2447   2445   25
r  2092   2447   2445   25
r  2288   2339   2246   25
r  2239   2237   2447   25
r  1998   2445   2246   25
r  1949   2246   2445   25
r  1997   2246   2447   25
r  1950   2246   2447   25
r  1942   2092   2246   25
r  1993   2246   2445   25
r  2044   2246   2447   25
r  2045   2447   2246   25
r  2046   2447   2246   25
r  2390   2246   2445   25
r  2289   2447   2445   25
r  2489   2246   2445   25
r  2039   2140   2246   25
r  2089   2246   2447   25
r  2090   2141   2246   25
r  2042   2246   2447   25
r  2142   2246   2447   25
r  2093   2246   2447   25
r  2247   2447   2445   25
r  2100   2445   2447   25
r  2392   2445   2447   25
r  2097   2445   2447   25
r  1999   2445   2447   25
r  2050   2447   2445   25
r  2442   2445   2447   25
r  2049   2445   2447   25
r  2299   2447   2445   25
r  2343   2447   2445   25
r  2493   2445   2447   25
r  2400   2447   2445   25
r  2398   2445   2447   25
r  2241   2445   2447   25
r  2350   2445   2447   25
r  2499   2445   2447   25
r  2294   2447   2445   25
r  2047   2445   2447   25
r  2348   2447   2445   25
r  2199   2447   2445   25
r  2342   2447   2445   25
r  2349   2447   2445   25
r  2195   2445   2447   25
r  2300   2445   2447   25
r  2000   2447   2445   25
r  2494   2445   2447   25
r  2250   2447   2445   25
r  2340   2447   2246   25
r  2497   2445   2246   25
r  2244   2447   2246   25
r  2192   2445   2246   25
r  2347   2445   2246   25
r  2341   2447   2246   25
r  2292   2445   2246   25
r  2193   2445   2246   25
r  2248   2445   2246   25
r  2491   2445   2246   25
r  2150   2445   2246   25
r  2099   2447   2246   25
r  2096   2447   2246   25
r  2198   2447   2246   25
r  2291   2445   2246   25
r  2098   2445   2246   25
r  2141   2447   2246   25
r  2200   2447   2246   25
r  2396   2445   2246   25
r  2048   2445   2246   25
r  2148   2445   2246   25
r  2149   2447   2246   25
r  2147   2445   2246   25
r  2190   2246   2447   25
r  2194   2246   2445   25
r  2293   2246   2445   25
r  2393   2246   2445   25
r  2243   2246   2445   25
r  2242   2246   2445   25
r  2197   2246   2445   25
r  2043   2246   2445   25
r  2441   2246   2445   25
r  2295   2246   2445   25
r  2344   2246   2445   25
r  2492   2246   2445   25
r  2391   2246   2445   25
r  2490   2246   2445   25
r  2290   2246   2445   25
r  2191   2246   2445   25
r  2498   2246   2445   25
r  2496   2246   2445   25
r  2249   2246   2445   25
r  2298   2246   2445   25
r  2394   2246   2445   25
r  2095   2246   2445   25
r  2449   2246   2447   25
r  2500   2246   2447   25
r  2399   2246   2447   25
r  2297   2246   2447   25
r  2146   2246   2447   25
r  2094   2246   2447   25
r  2144   2246   2447   25
r  2145   2246   2447   25
r  51   108   159   26
r  101   108   53   26
r  52   105   159   26
r  206   53   159   26
r  60   159   164   26
r  313   311   164   26
r  401   252   159   26
r  13   164   159   26
r  202   53   159   26
r  205   53   159   26
r  266   166   159   26
r  210   164   108   26
r  54   159   108   26
r  5   159   108   26
r  7   159   108   26
r  255   253   108   26
r  11   164   108   26
r  353   53   108   26
r  365   164   108   26
r  451   554   108   26
r  19   120   108   26
r  457   610   108   26
r  506   608   108   26
r  455   610   108   26
r  514   466   108   26
r  551   454   108   26
r  468   466   108   26
r  555   604   108   26
r  219   221   108   26
r  512   610   108   26
r  409   610   108   26
r  509   460   108   26
r  9   108   164   26
r  261   108   159   26
r  254   108   159   26
r  303   108   159   26
r  55   108   159   26
r  403   108   159   26
r  357   108   159   26
r  351   108   159   26
r  267   108   159   26
r  456   108   610   26
r  269   122   173   26
r  119   71   173   26
r  458   108   610   26
r  70   173   122   26
r  502   454   604   26
r  505   108   554   26
r  501   552   554   26
r  653   604   454   26
r  602   503   454   26
r  516   519   663   26
r  20   120   173   26
r  564   616   663   26
r  321   122   173   26
r  76   120   173   26
r  126   122   173   26
r  619   718   769   26
r  177   128   130   26
r  755   902   752   26
r  805   752   902   26
r  858   907   902   26
r  953   854   752   26
r  622   520   524   26
r  79   130   128   26
r  29   130   128   26
r  81   132   128   26
r  230   130   128   26
r  180   178   128   26
r  30   130   228   26
r  31   130   228   26
r  179   228   130   26
r  718   769   669   26
r  720   769   768   26
r  951   1102   1305   26
r  1005   1305   1302   26
r  1004   1102   1302   26
r  1003   1102   1302   26
r  867   768   769   26
r  576   524   728   26
r  774   823   728   26
r  34   83   135   26
r  183   83   135   26
r  234   135   83   26
r  235   83   132   26
r  963   914   864   26
r  910   861   812   26
r  866   914   812   26
r  1011   1063   812   26
r  1061   1112   812   26
r  1014   1016   812   26
r  1007   1305   1302   26
r  870   819   770   26
r  1055   1305   1302   26
r  1503   1702   1302   26
r  1553   1702   1754   26
r  1102   1053   1302   26
r  1406   1302   1305   26
r  1401   1302   1305   26
r  1307   1302   1305   26
r  1357   1302   1305   26
r  1107   1305   1302   26
r  1258   1305   1302   26
r  628   726   727   26
r  483   582   331   26
r  36   132   135   26
r  86   188   138   26
r  136   138   188   26
r  1501   1305   1754   26
r  1456   1508   1556   26
r  781   728   783   26
r  682   735   833   26
r  632   532   484   26
r  237   188   140   26
r  37   39   140   26
r  1071   1119   1020   26
r  1651   1702   1602   26
r  1851   1754   1702   26
r  1801   1754   1602   26
r  973   1022   1024   26
r  832   735   783   26
r  635   583   484   26
r  141   349   145   26
r  91   138   98   26
r  38   140   188   26
r  1217   1166   1365   26
r  1464   1614   1512   26
r  1902   2406   2307   26
r  1657   1709   1559   26
r  1904   2406   2354   26
r  1901   2354   2307   26
r  1558   1458   1457   26
r  835   783   833   26
r  386   339   388   26
r  486   537   538   26
r  89   138   98   26
r  192   98   145   26
r  191   98   145   26
r  142   98   145   26
r  92   98   349   26
r  241   140   349   26
r  42   349   145   26
r  1364   1367   1315   26
r  1316   1314   1365   26
r  1907   2006   1855   26
r  1810   1711   1905   26
r  1861   1859   1905   26
r  2057   2307   1905   26
r  1954   2307   2406   26
r  1953   2307   2354   26
r  1951   2307   2406   26
r  1180   1131   1432   26
r  1083   982   1035   26
r  1133   982   1033   26
r  242   349   98   26
r  193   98   349   26
r  45   349   98   26
r  247   349   98   26
r  297   349   98   26
r  393   98   349   26
r  50   98   349   26
r  298   349   98   26
r  496   98   349   26
r  149   98   349   26
r  294   349   98   26
r  444   98   349   26
r  250   98   349   26
r  291   349   98   26
r  245   349   98   26
r  292   349   98   26
r  445   349   98   26
r  150   349   98   26
r  345   349   98   26
r  443   349   98   26
r  448   349   98   26
r  49   98   349   26
r  43   98   349   26
r  295   98   349   26
r  449   98   145   26
r  494   98   145   26
r  343   349   145   26
r  194   98   145   26
r  495   349   145   26
r  147   98   145   26
r  47   349   145   26
r  442   349   145   26
r  300   98   145   26
r  94   349   145   26
r  400   98   145   26
r  249   98   145   26
r  394   349   145   26
r  196   349   145   26
r  96   98   145   26
r  344   98   145   26
r  497   98   145   26
r  347   98   145   26
r  293   349   145   26
r  395   98   145   26
r  397   349   145   26
r  246   98   145   26
r  197   98   145   26
r  143   145   98   26
r  450   145   349   26
r  244   145   349   26
r  392   145   349   26
r  100   145   349   26
r  346   145   349   26
r  493   145   349   26
r  296   145   349   26
r  199   145   349   26
r  200   145   349   26
r  46   145   98   26
r  398   145   98   26
r  93   145   98   26
r  396   145   98   26
r  44   145   98   26
r  243   145   98   26
r  446   145   98   26
r  1569   1521   1467   26
r  1370   1270   1220   26
r  1224   1173   1175   26
r  2109   2107   2354   26
r  2108   2307   2354   26
r  2004   2307   2406   26
r  2055   2307   2406   26
r  2056   2307   2406   26
r  2107   2354   2307   26
r  2002   2354   2307   26
r  2106   2354   2406   26
r  2103   2406   2354   26
r  2203   2406   2354   26
r  2352   2406   2354   26
r  2157   2406   2354   26
r  2258   2406   2354   26
r  2255   2354   2406   26
r  2254   2354   2406   26
r  2458   2354   2406   26
r  2455   2354   2406   26
r  2253   2406   2354   26
r  2457   2354   2406   26
r  2358   2354   2406   26
r  2152   2354   2406   26
r  2259   2354   2406   26
r  2202   2406   2354   26
r  2001   2406   2307   26
r  2104   2354   2307   26
r  2054   2354   2307   26
r  2204   2406   2307   26
r  2408   2406   2307   26
r  2359   2354   2307   26
r  2053   2406   2307   26
r  2453   2406   2307   26
r  2305   2406   2307   26
r  2403   2406   2307   26
r  2155   2406   2307   26
r  2206   2406   2307   26
r  2159   2354   2307   26
r  2154   2354   2307   26
r  2003   2354   2307   26
r  2156   2406   2307   26
r  2452   2354   2307   26
r  2102   2354   2307   26
r  2302   2406   2307   26
r  2451   2406   2307   26
r  2051   2406   2307   26
r  2208   2406   2307   26
r  2052   2354   2307   26
r  2101   2406   2307   26
r  2309   2307   2406   26
r  2351   2307   2406   26
r  2301   2307   2406   26
r  2201   2307   2406   26
r  2151   2307   2406   26
r  2402   2307   2406   26
r  2409   2307   2354   26
r  2401   2307   2354   26
r  2205   2307   2354   26
r  2105   2307   2354   26
r  2207   2307   2354   26
r  2303   2307   2354   26
r  2256   2307   2354   26
r  2153   2307   2354   26
r  2454   2307   2354   26
r  2251   2307   2354   26
r  2158   2307   2354   26
r  937   889   991   26
r  1034   982   1085   26
r  1233   1285   1185   26
r  840   991   889   26
r  544   746   598   26
r  550   598   697   26
r  1423   1474   1524   26
r  1769   1817   1720   26
r  2061   1960   1963   26
r  2013   2011   2062   26
r  2162   2412   2315   26
r  2160   2406   2315   26
r  1915   1765   1963   26
r  987   990   889   26
r  891   991   938   26
r  1042   942   889   26
r  1579   1528   1432   26
r  1039   1092   991   26
r  842   791   697   26
r  600   649   598   26
r  1620   1720   1771   26
r  1622   1624   1721   26
r  1575   1624   1474   26
r  2114   2315   2412   26
r  692   697   598   26
r  843   794   697   26
r  1090   1191   1189   26
r  642   593   697   26
r  743   741   598   26
r  797   598   697   26
r  850   598   697   26
r  950   1099   697   26
r  793   697   598   26
r  949   697   598   26
r  744   697   598   26
r  1627   1623   1575   26
r  2115   2067   2412   26
r  2066   2218   2412   26
r  2462   2419   2414   26
r  2370   2414   2412   26
r  2116   2069   2315   26
r  2272   2412   2315   26
r  2068   2412   2315   26
r  2118   2412   2315   26
r  2121   2412   2315   26
r  2374   2379   2277   26
r  2268   2315   2412   26
r  2363   2315   2412   26
r  2223   2171   2412   26
r  2171   2220   2412   26
r  2120   2171   2412   26
r  1094   993   994   26
r  1536   1584   1438   26
r  1340   1438   1338   26
r  948   1198   1099   26
r  947   1099   1148   26
r  997   1148   1198   26
r  1878   1927   2026   26
r  1924   1975   2026   26
r  2275   2379   2376   26
r  2474   2379   2376   26
r  1144   1045   1244   26
r  1684   1784   1782   26
r  1391   1543   1597   26
r  1047   1148   1198   26
r  998   1099   1148   26
r  1050   1148   1099   26
r  1300   1148   1099   26
r  1298   1099   1148   26
r  1097   1148   1198   26
r  1150   1148   1198   26
r  1350   1099   1198   26
r  1299   1148   1198   26
r  1048   1148   1198   26
r  1349   1597   1648   26
r  1250   1198   1099   26
r  1200   1198   1099   26
r  1976   1927   2125   26
r  2325   2277   2376   26
r  2425   2376   2379   26
r  2174   2026   2125   26
r  2331   2376   2379   26
r  2129   2379   2376   26
r  2478   2379   2376   26
r  2128   2376   2379   26
r  2476   2379   2376   26
r  2427   2379   2376   26
r  2230   2379   2376   26
r  2430   2376   2277   26
r  2428   2376   2277   26
r  2280   2376   2277   26
r  2229   2379   2277   26
r  2177   2376   2277   26
r  2475   2277   2379   26
r  1292   1244   1243   26
r  1296   1396   1648   26
r  1788   1689   1637   26
r  1736   1589   1689   26
r  1441   1597   1648   26
r  1394   1543   1597   26
r  2078   2127   2026   26
r  2279   2277   2376   26
r  2178   2277   2376   26
r  2179   2277   2379   26
r  2479   2277   2379   26
r  2480   2277   2379   26
r  2477   2277   2379   26
r  2231   2436   2180   26
r  1393   1543   1597   26
r  1346   1648   1597   26
r  1787   1790   1838   26
r  1639   1740   1790   26
r  1789   1589   1638   26
r  1640   1597   1648   26
r  1886   1987   1834   26
r  1692   1792   1648   26
r  1843   1648   1597   26
r  1946   1597   2445   26
r  1396   1597   1648   26
r  1742   1597   1648   26
r  2088   2040   2085   26
r  2138   2237   2085   26
r  1899   2445   2447   26
r  1900   2246   2445   26
r  1892   1941   1890   26
r  1994   2447   2246   26
r  1995   2246   2447   26
r  1996   2445   2246   26
r  2482   2385   2437   26
r  2233   2282   2436   26
r  2433   2436   2437   26
r  2438   2436   2447   26
r  1989   2037   2447   26
r  2041   1994   2445   26
r  1992   2246   2447   26
r  2092   2445   2447   26
r  2189   2037   2447   26
r  2089   2447   2246   26
r  1998   2246   2445   26
r  1949   2445   2246   26
r  1997   2445   2246   26
r  1950   2447   2246   26
r  1993   2445   2246   26
r  2044   2447   2246   26
r  2045   2246   2447   26
r  2046   2246   2447   26
r  2042   2447   2246   26
r  2096   2246   2447   26
r  2340   2246   2447   26
r  2149   2246   2447   26
r  2094   2447   2246   26
r  2500   2447   2246   26
r  2399   2447   2246   26
r  2145   2447   2246   26
r  2244   2246   2447   26
r  2144   2447   2246   26
r  2390   2447   2246   26
r  2043   2447   2246   26
r  2095   2447   2246   26
r  2496   2447   2246   26
r  2344   2447   2246   26
r  2498   2447   2246   26
r  2393   2447   2246   26
r  2343   2246   2447   26
r  2441   2447   2246   26
r  2342   2246   2447   26
r  2489   2447   2246   26
r  2488   2447   2445   26
r  2338   2246   2445   26
r  2389   2447   2445   26
r  2440   2447   2445   26
r  2100   2246   2445   26
r  2097   2447   2445   26
r  2442   2246   2445   26
r  2049   2246   2445   26
r  2240   2447   2445   26
r  2450   2447   2445   26
r  2398   2246   2445   26
r  2350   2246   2445   26
r  2047   2447   2445   26
r  2143   2246   2445   26
r  2195   2246   2445   26
r  2300   2246   2445   26
r  2494   2246   2445   26
r  2497   2446   2445   26
r  2347   2246   2445   26
r  2292   2447   2445   26
r  2248   2246   2445   26
r  2491   2246   2445   26
r  2396   2447   2445   26
r  2148   2246   2445   26
r  2147   2246   2445   26
r  2339   2246   2445   26
r  2091   2447   2445   26
r  2392   2246   2445   26
r  1999   2246   2445   26
r  2493   2246   2445   26
r  2241   2447   2445   26
r  2499   2246   2445   26
r  2150   2246   2445   26
r  2048   2447   2445   26
r  2098   2246   2445   26
r  2190   2090   2445   26
r  2040   2447   2246   26
r  2142   2445   2246   26
r  2093   2445   2246   26
r  2247   2445   2447   26
r  2050   2445   2447   26
r  2289   2445   2447   26
r  2299   2445   2447   26
r  2400   2445   2447   26
r  2294   2445   2447   26
r  2348   2445   2447   26
r  2199   2445   2447   26
r  2349   2445   2447   26
r  2000   2445   2447   26
r  2250   2445   2447   26
r  2341   2445   2447   26
r  2099   2445   2447   26
r  2198   2445   2447   26
r  2200   2445   2447   26
r  2194   2445   2246   26
r  2293   2445   2246   26
r  2242   2445   2246   26
r  2197   2445   2246   26
r  2295   2445   2246   26
r  2492   2445   2246   26
r  2391   2445   2246   26
r  2490   2445   2246   26
r  2290   2445   2246   26
r  2191   2445   2246   26
r  2249   2445   2246   26
r  2298   2445   2246   26
r  2394   2445   2246   26
r  2449   2445   2246   26
r  2297   2445   2246   26
r  2146   2445   2246   26
r  2243   2445   2246   26
r  2141   2246   2447   26
r  51   53   108   27
r  2   108   159   27
r  101   53   108   27
r  211   159   164   27
r  15   164   159   27
r  256   207   159   27
r  352   152   159   27
r  413   362   159   27
r  316   164   159   27
r  12   164   159   27
r  460   610   159   27
r  54   154   159   27
r  365   314   164   27
r  9   164   108   27
r  261   159   108   27
r  254   53   108   27
r  303   164   108   27
r  55   159   108   27
r  403   159   108   27
r  357   256   108   27
r  351   303   108   27
r  267   159   108   27
r  456   610   108   27
r  119   122   108   27
r  461   660   108   27
r  610   510   108   27
r  458   608   108   27
r  503   604   108   27
r  505   554   108   27
r  602   454   108   27
r  564   663   108   27
r  607   506   108   27
r  604   655   108   27
r  11   108   164   27
r  60   108   159   27
r  113   108   159   27
r  302   108   159   27
r  201   108   159   27
r  67   108   159   27
r  310   108   159   27
r  102   108   159   27
r  452   108   159   27
r  7   108   159   27
r  301   108   159   27
r  115   108   159   27
r  360   108   159   27
r  103   108   159   27
r  407   108   610   27
r  605   108   454   27
r  552   604   454   27
r  501   454   604   27
r  708   659   610   27
r  321   173   122   27
r  371   470   122   27
r  125   123   173   27
r  126   173   122   27
r  77   130   122   27
r  703   902   752   27
r  566   665   663   27
r  715   663   613   27
r  27   122   130   27
r  426   326   274   27
r  755   854   902   27
r  953   951   854   27
r  903   854   752   27
r  767   769   619   27
r  573   520   474   27
r  721   820   768   27
r  668   717   768   27
r  30   128   130   27
r  279   130   228   27
r  231   128   228   27
r  181   130   228   27
r  179   130   228   27
r  29   228   130   27
r  31   228   130   27
r  861   812   912   27
r  718   767   769   27
r  1005   1007   1305   27
r  863   914   1011   27
r  1015   1064   812   27
r  1063   1065   812   27
r  1012   1061   812   27
r  1007   1009   1305   27
r  232   382   331   27
r  183   135   83   27
r  234   83   135   27
r  185   140   132   27
r  36   83   132   27
r  1055   1004   1305   27
r  1406   1404   1302   27
r  1401   1403   1302   27
r  1307   1358   1302   27
r  1107   1302   1305   27
r  1258   1107   1305   27
r  1056   1305   1302   27
r  1114   1116   1016   27
r  235   132   83   27
r  1552   1305   1754   27
r  1108   1159   1009   27
r  631   530   484   27
r  927   879   925   27
r  286   185   140   27
r  38   138   140   27
r  1605   1602   1754   27
r  1705   1803   1602   27
r  1801   1753   1754   27
r  1806   1855   1754   27
r  972   923   974   27
r  782   883   833   27
r  832   783   735   27
r  973   922   1022   27
r  634   532   533   27
r  90   138   39   27
r  139   145   349   27
r  190   188   238   27
r  141   145   349   27
r  239   138   188   27
r  39   140   98   27
r  189   140   145   27
r  1853   1754   1602   27
r  1660   1758   1559   27
r  1758   1905   1559   27
r  883   735   783   27
r  834   735   783   27
r  835   833   783   27
r  884   783   833   27
r  787   585   735   27
r  436   487   388   27
r  192   145   98   27
r  191   145   98   27
r  142   145   98   27
r  41   140   145   27
r  92   349   98   27
r  241   349   98   27
r  1901   2406   2354   27
r  1903   2307   2354   27
r  1666   1765   1512   27
r  1465   1565   1512   27
r  1760   1709   1905   27
r  2058   2060   1905   27
r  1611   1559   1709   27
r  1952   2307   2406   27
r  986   1084   982   27
r  1133   1085   1035   27
r  587   536   490   27
r  1173   1274   1273   27
r  242   98   349   27
r  449   145   98   27
r  494   145   98   27
r  446   98   145   27
r  194   145   98   27
r  243   98   145   27
r  342   145   98   27
r  96   145   98   27
r  344   145   98   27
r  347   145   98   27
r  93   98   145   27
r  296   98   145   27
r  250   145   98   27
r  42   98   349   27
r  45   98   349   27
r  247   98   349   27
r  341   145   349   27
r  294   98   349   27
r  291   98   349   27
r  499   145   349   27
r  292   98   349   27
r  445   98   349   27
r  150   98   349   27
r  345   98   349   27
r  448   98   349   27
r  343   145   349   27
r  47   145   349   27
r  94   98   349   27
r  394   145   349   27
r  196   145   349   27
r  397   98   349   27
r  297   145   349   27
r  293   98   349   27
r  298   98   349   27
r  443   145   349   27
r  143   349   145   27
r  450   349   145   27
r  244   349   145   27
r  392   349   145   27
r  100   349   145   27
r  346   349   145   27
r  493   349   145   27
r  199   349   145   27
r  200   349   145   27
r  46   349   145   27
r  398   349   145   27
r  396   349   145   27
r  44   349   145   27
r  393   349   98   27
r  496   349   98   27
r  149   349   98   27
r  444   349   98   27
r  49   349   98   27
r  43   349   98   27
r  295   349   98   27
r  147   349   98   27
r  400   349   98   27
r  249   349   98   27
r  395   349   98   27
r  246   349   98   27
r  197   349   98   27
r  50   349   98   27
r  300   349   98   27
r  539   590   389   27
r  1951   2354   2307   27
r  1953   2354   2307   27
r  1715   1816   1666   27
r  1716   1765   1763   27
r  2055   2354   2307   27
r  2056   2406   2307   27
r  2107   2307   2354   27
r  2002   2406   2354   27
r  2106   2406   2354   27
r  2255   2406   2354   27
r  2254   2406   2354   27
r  2209   2354   2406   27
r  2253   2354   2406   27
r  2457   2406   2354   27
r  2358   2406   2354   27
r  2152   2406   2354   27
r  2202   2354   2406   27
r  2001   2354   2406   27
r  2054   2406   2354   27
r  2053   2354   2406   27
r  2453   2354   2406   27
r  2305   2354   2406   27
r  2155   2354   2406   27
r  2206   2354   2406   27
r  2003   2406   2354   27
r  2156   2354   2406   27
r  2102   2406   2354   27
r  2302   2354   2406   27
r  2051   2354   2406   27
r  2309   2354   2307   27
r  2351   2406   2307   27
r  2301   2354   2307   27
r  2201   2354   2307   27
r  2151   2406   2307   27
r  2402   2406   2307   27
r  2401   2354   2307   27
r  2205   2406   2307   27
r  2105   2354   2307   27
r  2207   2354   2307   27
r  2303   2354   2307   27
r  2256   2406   2307   27
r  2153   2354   2307   27
r  2454   2354   2307   27
r  2251   2354   2307   27
r  2451   2307   2406   27
r  2408   2307   2406   27
r  2208   2307   2406   27
r  2403   2307   2406   27
r  2101   2307   2406   27
r  2203   2307   2406   27
r  2352   2307   2406   27
r  2258   2307   2406   27
r  2157   2307   2406   27
r  2455   2307   2354   27
r  2359   2307   2354   27
r  2154   2307   2354   27
r  2452   2307   2354   27
r  2458   2307   2354   27
r  2104   2307   2354   27
r  2052   2307   2354   27
r  1084   1035   1033   27
r  1280   1432   1328   27
r  1233   1284   1285   27
r  1276   1175   1176   27
r  840   739   991   27
r  550   697   598   27
r  543   592   598   27
r  1324   1425   1524   27
r  1423   1524   1474   27
r  1918   1916   1765   27
r  2062   2111   1914   27
r  2210   2161   2412   27
r  1620   1721   1720   27
r  1571   1520   1420   27
r  937   886   889   27
r  791   840   938   27
r  892   791   889   27
r  1039   941   889   27
r  1528   1428   1432   27
r  940   889   938   27
r  691   541   697   27
r  1475   1526   1623   27
r  1573   1524   1474   27
r  1626   1575   1474   27
r  2065   2018   2412   27
r  2064   2164   2315   27
r  2016   1965   2315   27
r  792   843   598   27
r  1043   1045   1244   27
r  1139   1188   1141   27
r  692   598   697   27
r  1091   1190   1240   27
r  1090   1141   1191   27
r  896   999   598   27
r  946   897   598   27
r  850   648   598   27
r  793   598   697   27
r  744   598   697   27
r  746   595   795   27
r  797   697   598   27
r  950   697   598   27
r  1676   1575   1574   27
r  2018   1970   2016   27
r  2162   2108   2412   27
r  2272   2323   2412   27
r  2068   2217   2412   27
r  2114   2162   2315   27
r  2117   2412   2315   27
r  2169   2171   2315   27
r  2268   2412   2315   27
r  2363   2414   2315   27
r  2223   2412   2315   27
r  2171   2412   2315   27
r  2120   2412   2315   27
r  2172   2120   2315   27
r  2374   2277   2379   27
r  2118   2315   2412   27
r  2121   2315   2412   27
r  2069   2118   2412   27
r  2324   2277   2412   27
r  1680   1829   1678   27
r  1678   1779   1829   27
r  1140   1089   1240   27
r  1240   1191   1189   27
r  1145   1044   1244   27
r  948   1099   1198   27
r  997   1198   1148   27
r  1876   1976   2026   27
r  2424   2376   2379   27
r  2275   2277   2379   27
r  2474   2277   2379   27
r  2325   2376   2277   27
r  1294   1246   1243   27
r  1343   1294   1295   27
r  1195   1045   1295   27
r  1292   1243   1244   27
r  1635   1684   1782   27
r  1835   1886   1782   27
r  1391   1597   1648   27
r  1047   1099   1148   27
r  998   1148   1099   27
r  1049   1198   1000   27
r  1048   1198   1148   27
r  1097   1198   1148   27
r  1350   1198   1597   27
r  1050   1099   1148   27
r  1150   1099   1148   27
r  1299   1198   1148   27
r  1300   1099   1148   27
r  1250   1148   1198   27
r  1200   1148   1198   27
r  1976   2125   1925   27
r  2425   2379   2376   27
r  2225   2277   2376   27
r  2430   2277   2376   27
r  2280   2277   2376   27
r  2475   2428   2277   27
r  2480   2376   2277   27
r  2477   2376   2277   27
r  2129   2277   2379   27
r  2478   2376   2379   27
r  2476   2376   2379   27
r  2427   2277   2379   27
r  2230   2277   2379   27
r  2431   2436   2379   27
r  2328   2379   2376   27
r  2226   2379   2376   27
r  2177   2379   2376   27
r  2279   2379   2277   27
r  2479   2379   2277   27
r  1346   1597   1648   27
r  1392   1543   1648   27
r  1441   1648   1597   27
r  1590   1597   1648   27
r  1982   1984   2085   27
r  1349   1148   1597   27
r  1396   1497   1597   27
r  1898   1597   2447   27
r  1640   1591   1597   27
r  1742   1840   1597   27
r  1691   1689   1648   27
r  1843   1795   1648   27
r  1787   1589   1638   27
r  1639   1790   1690   27
r  1790   1589   1690   27
r  2031   2082   2181   27
r  2482   2436   2385   27
r  2433   2385   2436   27
r  2338   2447   2385   27
r  1947   2447   2445   27
r  1900   2445   2246   27
r  1995   2445   2246   27
r  1948   2447   2246   27
r  1899   2246   2445   27
r  1994   2445   2447   27
r  1996   2447   2445   27
r  1991   2092   2447   27
r  2038   2140   2085   27
r  2438   2385   2246   27
r  2389   2445   2447   27
r  2339   2445   2246   27
r  1997   2246   2445   27
r  1950   2445   2447   27
r  2045   2445   2246   27
r  1998   2447   2246   27
r  1949   2246   2445   27
r  2194   2246   2445   27
r  2293   2246   2445   27
r  2243   2246   2445   27
r  2192   2246   2445   27
r  2197   2246   2445   27
r  2439   2246   2445   27
r  2295   2246   2445   27
r  2248   2445   2246   27
r  2492   2246   2445   27
r  2391   2246   2445   27
r  2041   2445   2246   27
r  2147   2445   2246   27
r  2098   2445   2246   27
r  2239   2246   2445   27
r  2392   2445   2246   27
r  2049   2445   2246   27
r  2493   2445   2246   27
r  2398   2445   2246   27
r  2350   2445   2246   27
r  2499   2445   2246   27
r  2146   2246   2445   27
r  2494   2445   2246   27
r  2100   2445   2246   27
r  1992   2445   2246   27
r  2092   2246   2445   27
r  2050   2246   2445   27
r  2299   2246   2445   27
r  2343   2445   2246   27
r  2400   2246   2445   27
r  2348   2246   2445   27
r  2342   2445   2246   27
r  2141   2143   2246   27
r  2200   2246   2445   27
r  2149   2445   2246   27
r  2294   2246   2445   27
r  2238   2085   2447   27
r  2044   2445   2447   27
r  2042   2445   2447   27
r  2094   2246   2447   27
r  2500   2246   2447   27
r  2399   2246   2447   27
r  2145   2246   2447   27
r  2144   2445   2447   27
r  2043   2246   2447   27
r  2095   2246   2447   27
r  2344   2445   2447   27
r  2498   2246   2447   27
r  2393   2445   2447   27
r  2441   2445   2447   27
r  2489   2246   2447   27
r  2440   2246   2447   27
r  2097   2246   2447   27
r  2240   2445   2447   27
r  2450   2445   2447   27
r  2292   2445   2447   27
r  2241   2445   2447   27
r  2048   2246   2447   27
r  2090   2246   2447   27
r  2390   2246   2447   27
r  2496   2246   2447   27
r  2047   2246   2447   27
r  2396   2445   2447   27
r  2091   2246   2447   27
r  1939   1941   1840   27
r  2046   2447   2246   27
r  2096   2447   2246   27
r  2340   2447   2246   27
r  2244   2447   2246   27
r  2442   2447   2246   27
r  2143   2447   2246   27
r  2195   2447   2246   27
r  2300   2447   2246   27
r  2347   2447   2246   27
r  2491   2447   2246   27
r  2148   2447   2246   27
r  1999   2447   2246   27
r  2150   2447   2246   27
r  2093   2447   2445   27
r  2349   2447   2445   27
r  2000   2447   2445   27
r  2250   2447   2445   27
r  2099   2447   2445   27
r  2198   2447   2445   27
r  2291   2447   2445   27
r  2242   2447   2445   27
r  2490   2447   2445   27
r  2290   2447   2445   27
r  2394   2447   2445   27
r  2449   2447   2445   27
r  2247   2447   2445   27
r  2193   2447   2445   27
r  2140   2447   2445   27
r  2040   1989   2445   27
r  2199   2447   2445   27
r  2249   2447   2445   27
r  2298   2447   2445   27
r  2139   2088   2246   27
r  2   159   108   28
r  3   102   159   28
r  212   164   159   28
r  151   53   159   28
r  162   164   159   28
r  264   164   159   28
r  114   163   159   28
r  104   53   159   28
r  214   216   159   28
r  166   164   159   28
r  152   53   159   28
r  363   412   159   28
r  367   467   164   28
r  463   364   159   28
r  467   368   159   28
r  451   503   159   28
r  602   554   454   28
r  11   164   108   28
r  60   159   108   28
r  113   159   108   28
r  302   159   108   28
r  201   159   108   28
r  67   159   108   28
r  310   159   108   28
r  102   159   108   28
r  452   159   108   28
r  7   159   108   28
r  301   159   108   28
r  115   159   108   28
r  360   159   108   28
r  103   159   108   28
r  554   503   108   28
r  407   506   108   28
r  513   564   108   28
r  504   556   108   28
r  652   454   108   28
r  603   454   108   28
r  552   554   108   28
r  507   610   108   28
r  501   554   108   28
r  606   610   108   28
r  557   608   108   28
r  608   610   108   28
r  659   559   108   28
r  553   604   108   28
r  556   610   108   28
r  122   170   108   28
r  10   108   164   28
r  117   108   164   28
r  6   108   159   28
r  153   108   159   28
r  251   108   159   28
r  305   108   159   28
r  312   108   159   28
r  309   108   159   28
r  163   108   159   28
r  66   108   159   28
r  358   108   159   28
r  215   108   159   28
r  412   108   159   28
r  364   108   159   28
r  213   108   159   28
r  18   108   159   28
r  314   108   159   28
r  267   108   164   28
r  70   122   173   28
r  651   902   554   28
r  662   710   613   28
r  126   174   173   28
r  424   271   122   28
r  27   130   122   28
r  705   854   752   28
r  703   854   902   28
r  616   663   613   28
r  272   122   173   28
r  77   122   128   28
r  277   274   226   28
r  426   375   326   28
r  28   128   228   28
r  671   569   768   28
r  755   902   854   28
r  715   613   663   28
r  665   613   616   28
r  852   904   752   28
r  903   805   854   28
r  802   854   953   28
r  905   854   752   28
r  856   854   805   28
r  178   130   78   28
r  79   128   130   28
r  230   128   130   28
r  279   128   130   28
r  29   130   228   28
r  31   130   228   28
r  179   228   130   28
r  722   821   724   28
r  861   912   812   28
r  720   718   769   28
r  814   865   912   28
r  960   1011   812   28
r  134   83   183   28
r  34   135   83   28
r  235   135   132   28
r  820   772   769   28
r  674   672   728   28
r  963   812   912   28
r  961   812   912   28
r  1151   1302   1251   28
r  1056   1007   1305   28
r  1357   1305   1302   28
r  1107   1305   1302   28
r  1455   1305   1302   28
r  183   132   135   28
r  234   132   83   28
r  136   140   138   28
r  729   778   879   28
r  776   724   728   28
r  881   930   728   28
r  874   825   776   28
r  876   878   724   28
r  1117   1119   1166   28
r  1553   1305   1602   28
r  38   188   138   28
r  781   733   735   28
r  732   783   833   28
r  1070   1067   1119   28
r  1169   1120   1171   28
r  1167   1219   1119   28
r  1265   1365   1314   28
r  1216   1314   1366   28
r  1410   1459   1559   28
r  387   336   338   28
r  633   532   484   28
r  686   637   582   28
r  90   39   145   28
r  141   98   145   28
r  91   98   145   28
r  189   138   140   28
r  832   834   783   28
r  1078   1027   929   28
r  1025   976   1078   28
r  1313   1365   1366   28
r  1367   1365   1363   28
r  1268   1368   1366   28
r  1464   1564   1614   28
r  1601   1653   1652   28
r  1605   1554   1602   28
r  1851   1702   1754   28
r  1803   1905   1602   28
r  1507   1559   1556   28
r  1611   1609   1559   28
r  192   98   145   28
r  191   98   145   28
r  142   349   145   28
r  41   98   349   28
r  92   98   349   28
r  241   98   349   28
r  489   589   388   28
r  834   783   735   28
r  1034   1133   982   28
r  1413   1411   1512   28
r  1514   1615   1614   28
r  1902   2307   2406   28
r  1901   2307   2406   28
r  1713   1765   1512   28
r  247   349   98   28
r  393   98   349   28
r  496   98   349   28
r  149   98   349   28
r  193   349   98   28
r  150   349   98   28
r  345   349   98   28
r  295   98   349   28
r  42   349   98   28
r  495   98   349   28
r  147   98   349   28
r  300   98   349   28
r  94   349   98   28
r  249   98   349   28
r  497   349   98   28
r  293   349   98   28
r  395   98   349   28
r  397   349   98   28
r  246   98   349   28
r  143   98   349   28
r  392   98   349   28
r  398   98   349   28
r  93   349   98   28
r  243   349   98   28
r  450   98   349   28
r  494   349   145   28
r  194   98   145   28
r  342   349   145   28
r  96   98   145   28
r  344   349   145   28
r  347   98   145   28
r  250   98   145   28
r  499   349   145   28
r  343   349   145   28
r  47   349   145   28
r  394   98   145   28
r  196   349   145   28
r  443   98   145   28
r  449   349   145   28
r  500   349   145   28
r  297   349   145   28
r  242   145   98   28
r  446   145   98   28
r  45   145   98   28
r  294   145   98   28
r  291   145   98   28
r  292   145   98   28
r  445   145   98   28
r  448   145   98   28
r  298   145   98   28
r  244   145   349   28
r  346   145   349   28
r  199   145   349   28
r  396   145   349   28
r  44   145   349   28
r  49   145   349   28
r  197   145   349   28
r  100   145   349   28
r  200   145   349   28
r  46   145   349   28
r  245   145   349   28
r  50   145   349   28
r  986   982   1085   28
r  1470   1570   1621   28
r  1714   1512   1614   28
r  2010   1963   1905   28
r  1952   2354   2307   28
r  1954   2354   2307   28
r  1953   2406   2354   28
r  1668   1617   1720   28
r  550   598   697   28
r  542   593   598   28
r  1280   1328   1432   28
r  1329   1432   1278   28
r  1274   1176   1276   28
r  1276   1176   1175   28
r  1424   1524   1473   28
r  1375   1424   1524   28
r  2004   2406   2307   28
r  2055   2307   2354   28
r  2107   2354   2307   28
r  2108   2059   2406   28
r  2002   2354   2406   28
r  2409   2354   2307   28
r  2401   2307   2354   28
r  2207   2307   2354   28
r  2303   2307   2354   28
r  2454   2307   2354   28
r  2452   2354   2307   28
r  2301   2307   2354   28
r  2458   2354   2307   28
r  2259   2307   2354   28
r  2309   2307   2354   28
r  2253   2307   2354   28
r  2053   2307   2354   28
r  2403   2354   2307   28
r  2156   2307   2354   28
r  2302   2307   2354   28
r  2451   2354   2307   28
r  2051   2307   2354   28
r  2208   2354   2307   28
r  2103   2354   2406   28
r  2254   2307   2406   28
r  2457   2354   2406   28
r  2152   2354   2406   28
r  2054   2354   2406   28
r  2204   2354   2406   28
r  2003   2307   2406   28
r  2102   2354   2406   28
r  2351   2307   2406   28
r  2151   2307   2406   28
r  2402   2354   2406   28
r  2205   2307   2406   28
r  2256   2307   2406   28
r  2358   2307   2406   28
r  2255   2354   2406   28
r  2202   2406   2354   28
r  2001   2406   2354   28
r  2453   2406   2354   28
r  2305   2406   2354   28
r  2155   2406   2354   28
r  2206   2406   2354   28
r  2201   2406   2354   28
r  2105   2406   2354   28
r  2153   2406   2354   28
r  2251   2406   2354   28
r  2101   2406   2307   28
r  2203   2406   2307   28
r  2352   2406   2307   28
r  2158   2406   2307   28
r  2157   2406   2307   28
r  2455   2406   2307   28
r  2154   2406   2307   28
r  2104   2406   2307   28
r  2052   2406   2307   28
r  2408   2406   2307   28
r  740   697   598   28
r  940   938   889   28
r  891   889   991   28
r  842   697   598   28
r  1335   1284   1432   28
r  1334   1432   1185   28
r  1522   1575   1474   28
r  1672   1621   1720   28
r  1871   1920   1720   28
r  1818   1720   1721   28
r  2111   1963   2412   28
r  2065   2412   2315   28
r  741   697   598   28
r  692   697   598   28
r  894   892   598   28
r  996   950   598   28
r  797   897   697   28
r  793   697   598   28
r  744   697   598   28
r  1092   1191   1189   28
r  1043   994   1045   28
r  1090   1191   1141   28
r  2067   2412   2315   28
r  948   1148   1099   28
r  1093   1045   1244   28
r  1584   1684   1782   28
r  1680   1729   1782   28
r  1727   1829   1729   28
r  2120   2315   2412   28
r  2117   2166   2412   28
r  2268   2414   2412   28
r  2223   2272   2412   28
r  2171   2272   2412   28
r  2473   2277   2315   28
r  2118   2412   2315   28
r  2069   2412   2315   28
r  2070   2172   2315   28
r  2121   2170   2315   28
r  998   1198   1148   28
r  1047   1148   1099   28
r  1049   1000   1198   28
r  1048   1099   1198   28
r  1097   1148   1198   28
r  1150   1198   1099   28
r  1299   1099   1198   28
r  1200   1099   1148   28
r  1250   1099   1148   28
r  1050   1148   1099   28
r  1300   1148   1099   28
r  1340   1338   1438   28
r  1882   1831   1782   28
r  1391   1491   1597   28
r  1342   1244   1294   28
r  1929   2027   2029   28
r  2325   2379   2376   28
r  1350   1148   1648   28
r  1346   1648   1597   28
r  1441   1496   1648   28
r  1590   1648   1597   28
r  1982   2085   1984   28
r  1885   1984   2085   28
r  2078   2027   2076   28
r  2175   2379   2376   28
r  2425   2376   2379   28
r  2225   2379   2277   28
r  2430   2376   2277   28
r  2176   2277   2376   28
r  2280   2376   2277   28
r  2331   2277   2376   28
r  2179   2376   2277   28
r  2480   2277   2376   28
r  2427   2376   2277   28
r  2328   2376   2379   28
r  2226   2277   2379   28
r  2229   2376   2379   28
r  2177   2376   2379   28
r  2479   2277   2379   28
r  2279   2277   2379   28
r  1946   2445   1597   28
r  1787   1638   1589   28
r  1790   1690   1589   28
r  1789   1690   1589   28
r  1842   1840   1597   28
r  2478   2379   2376   28
r  2476   2379   2376   28
r  2428   2379   2376   28
r  2477   2379   2376   28
r  2178   2379   2277   28
r  2230   2379   2277   28
r  2431   2379   2436   28
r  1947   2445   2447   28
r  1900   2246   2445   28
r  1995   2447   2445   28
r  1948   2246   2447   28
r  1943   2447   2445   28
r  1994   2246   2445   28
r  1996   2445   2447   28
r  2283   2436   2437   28
r  2482   2437   2436   28
r  1997   2445   2246   28
r  1950   2246   2445   28
r  2045   2447   2445   28
r  1998   2246   2447   28
r  1949   2447   2246   28
r  2194   2445   2246   28
r  2243   2445   2246   28
r  2439   2445   2246   28
r  2295   2445   2246   28
r  2191   2246   2445   28
r  2147   2246   2445   28
r  2142   2246   2445   28
r  2190   2445   2246   28
r  2392   2246   2445   28
r  2049   2246   2445   28
r  2398   2246   2445   28
r  2350   2246   2445   28
r  2499   2246   2445   28
r  2494   2246   2445   28
r  1989   2090   2246   28
r  2050   2445   2246   28
r  2343   2246   2445   28
r  2342   2246   2445   28
r  2141   2246   2445   28
r  2149   2246   2445   28
r  2294   2445   2246   28
r  2044   2246   2445   28
r  2094   2445   2246   28
r  2500   2445   2246   28
r  2399   2445   2246   28
r  2095   2445   2246   28
r  2498   2445   2246   28
r  2393   2246   2445   28
r  2441   2246   2445   28
r  2440   2445   2246   28
r  2097   2445   2246   28
r  2240   2246   2445   28
r  2241   2246   2445   28
r  2090   2139   2246   28
r  2488   2445   2447   28
r  2046   2246   2447   28
r  2096   2246   2447   28
r  2340   2445   2447   28
r  2244   2445   2447   28
r  2442   2445   2447   28
r  2300   2246   2447   28
r  2347   2445   2447   28
r  2491   2445   2447   28
r  2148   2246   2447   28
r  1999   2246   2447   28
r  2093   2445   2447   28
r  2349   2246   2447   28
r  2000   2246   2447   28
r  2250   2246   2447   28
r  2099   2246   2447   28
r  2291   2246   2447   28
r  2242   2246   2447   28
r  2490   2246   2447   28
r  2290   2445   2447   28
r  2394   2445   2447   28
r  2449   2445   2447   28
r  2247   2199   2447   28
r  2193   2246   2447   28
r  2140   2445   2447   28
r  2199   2445   2447   28
r  2249   2445   2447   28
r  2298   2246   2447   28
r  2089   2091   2447   28
r  2139   2246   2447   28
r  2143   2246   2447   28
r  2150   2246   2447   28
r  2198   2445   2447   28
r  2040   2445   2447   28
r  2195   2445   2447   28
r  2041   2447   2445   28
r  1992   2447   2445   28
r  2284   2436   2437   28
r  2433   2436   2385   28
r  2047   2447   2246   28
r  2289   2447   2445   28
r  2450   2447   2445   28
r  2341   2447   2445   28
r  2292   2447   2445   28
r  2396   2447   2445   28
r  2344   2447   2445   28
r  2297   2447   2445   28
r  2144   2447   2445   28
r  2100   2447   2445   28
r  2248   2447   2445   28
r  2493   2447   2445   28
r  2098   2447   2445   28
r  2339   2447   2445   28
r  2293   2447   2246   28
r  2192   2447   2246   28
r  2197   2447   2246   28
r  2492   2447   2246   28
r  2391   2447   2246   28
r  2239   2447   2246   28
r  2146   2447   2246   28
r  2092   2447   2246   28
r  2299   2447   2246   28
r  2400   2447   2246   28
r  2348   2447   2246   28
r  2200   2447   2246   28
r  2145   2447   2246   28
r  2043   2447   2246   28
r  2489   2447   2246   28
r  2048   2447   2246   28
r  2390   2447   2246   28
r  2496   2447   2246   28
r  2091   2447   2246   28
r  2   108   159   29
r  313   164   159   29
r  402   302   159   29
r  356   304   159   29
r  17   164   159   29
r  416   467   159   29
r  5   53   159   29
r  353   253   159   29
r  19   122   173   29
r  55   253   159   29
r  456   408   159   29
r  564   613   663   29
r  302   401   159   29
r  310   259   159   29
r  7   53   159   29
r  10   159   108   29
r  117   164   108   29
r  6   53   108   29
r  153   159   108   29
r  251   53   108   29
r  305   159   108   29
r  312   310   108   29
r  309   460   108   29
r  163   159   108   29
r  66   159   108   29
r  358   307   108   29
r  215   159   108   29
r  412   159   108   29
r  213   113   108   29
r  18   159   108   29
r  314   164   108   29
r  267   366   108   29
r  605   454   108   29
r  560   611   108   29
r  609   709   108   29
r  502   554   108   29
r  655   554   108   29
r  653   554   108   29
r  364   464   108   29
r  15   108   164   29
r  116   108   159   29
r  203   108   159   29
r  211   108   159   29
r  65   108   159   29
r  362   108   159   29
r  265   108   159   29
r  216   108   159   29
r  167   108   159   29
r  317   108   159   29
r  315   108   159   29
r  464   108   159   29
r  410   108   159   29
r  201   108   159   29
r  102   108   159   29
r  301   108   159   29
r  103   108   159   29
r  68   108   159   29
r  165   108   159   29
r  414   108   159   29
r  411   108   159   29
r  217   108   159   29
r  113   108   159   29
r  263   108   159   29
r  311   108   159   29
r  366   108   159   29
r  415   108   159   29
r  457   108   159   29
r  514   108   159   29
r  261   108   159   29
r  403   108   159   29
r  408   108   159   29
r  119   108   122   29
r  320   122   173   29
r  70   173   122   29
r  503   108   554   29
r  270   122   173   29
r  603   108   454   29
r  608   108   610   29
r  272   223   122   29
r  226   274   122   29
r  703   752   854   29
r  273   122   173   29
r  470   522   472   29
r  616   765   663   29
r  24   122   75   29
r  859   709   757   29
r  28   228   128   29
r  755   854   902   29
r  618   669   768   29
r  574   474   522   29
r  621   520   768   29
r  754   902   752   29
r  855   903   752   29
r  802   953   854   29
r  905   752   854   29
r  856   805   854   29
r  767   669   769   29
r  852   854   953   29
r  851   854   752   29
r  803   854   752   29
r  178   80   130   29
r  30   130   128   29
r  179   130   228   29
r  29   228   130   29
r  31   228   130   29
r  132   32   183   29
r  671   571   769   29
r  771   822   769   29
r  868   770   769   29
r  815   813   912   29
r  910   912   862   29
r  963   864   812   29
r  916   919   812   29
r  961   1062   812   29
r  1060   1011   812   29
r  1016   1064   812   29
r  863   812   912   29
r  382   430   431   29
r  82   135   182   29
r  133   135   184   29
r  134   183   83   29
r  34   83   135   29
r  1116   1065   1015   29
r  1057   1305   1302   29
r  1502   1302   1754   29
r  1151   1251   1302   29
r  1357   1302   1305   29
r  1107   1008   1305   29
r  1455   1302   1305   29
r  1308   1305   1302   29
r  434   432   331   29
r  235   132   135   29
r  36   132   83   29
r  186   138   188   29
r  136   188   140   29
r  827   925   728   29
r  583   483   484   29
r  140   239   349   29
r  781   783   833   29
r  831   783   735   29
r  732   735   783   29
r  971   1022   974   29
r  1265   1366   1365   29
r  387   338   336   29
r  634   533   484   29
r  684   635   583   29
r  90   188   349   29
r  141   145   98   29
r  88   145   240   29
r  972   974   1024   29
r  883   783   735   29
r  1027   1126   1078   29
r  1313   1265   1365   29
r  1315   1366   1363   29
r  1367   1363   1365   29
r  1851   1754   1654   29
r  1507   1558   1559   29
r  1710   1708   1559   29
r  89   145   349   29
r  91   140   349   29
r  192   145   98   29
r  191   349   98   29
r  142   145   349   29
r  39   138   145   29
r  41   145   98   29
r  241   145   98   29
r  390   339   388   29
r  446   98   145   29
r  96   145   98   29
r  347   145   98   29
r  45   98   145   29
r  341   98   145   29
r  294   98   145   29
r  291   98   145   29
r  292   98   145   29
r  394   145   98   29
r  143   145   98   29
r  244   98   145   29
r  199   98   145   29
r  396   98   145   29
r  44   98   145   29
r  393   145   98   29
r  496   145   98   29
r  49   98   145   29
r  295   145   98   29
r  495   145   98   29
r  200   98   145   29
r  46   98   145   29
r  395   145   98   29
r  50   98   145   29
r  444   98   349   29
r  193   98   349   29
r  150   98   349   29
r  345   98   349   29
r  43   98   349   29
r  42   98   349   29
r  400   98   349   29
r  497   98   349   29
r  293   98   349   29
r  397   98   349   29
r  93   98   349   29
r  342   145   349   29
r  343   98   349   29
r  47   98   349   29
r  196   98   349   29
r  449   98   349   29
r  297   98   349   29
r  247   98   349   29
r  498   145   349   29
r  94   98   349   29
r  243   98   349   29
r  494   145   349   29
r  344   145   349   29
r  499   145   349   29
r  885   786   783   29
r  787   785   783   29
r  834   883   783   29
r  886   889   735   29
r  835   783   833   29
r  1179   1278   1432   29
r  983   985   1085   29
r  1517   1512   1614   29
r  1901   2406   2307   29
r  1811   1859   1905   29
r  1952   2307   2354   29
r  1954   2406   2354   29
r  1665   1714   1614   29
r  1564   1512   1613   29
r  440   438   538   29
r  92   349   98   29
r  149   349   98   29
r  391   389   98   29
r  147   349   98   29
r  300   349   98   29
r  249   349   98   29
r  246   349   98   29
r  392   349   98   29
r  296   349   98   29
r  398   349   98   29
r  450   349   98   29
r  194   349   98   29
r  250   349   98   29
r  443   349   98   29
r  242   349   145   29
r  445   349   145   29
r  298   349   145   29
r  346   349   145   29
r  197   349   145   29
r  100   349   145   29
r  448   349   145   29
r  245   349   145   29
r  1083   985   984   29
r  1037   1086   1085   29
r  1420   1471   1621   29
r  1667   1512   1614   29
r  1274   1175   1474   29
r  1951   2307   2354   29
r  1953   2354   2406   29
r  2005   1905   2307   29
r  2056   2354   2406   29
r  2108   2406   2307   29
r  2002   2406   2354   29
r  2401   2354   2307   29
r  2159   2307   2354   29
r  2454   2354   2307   29
r  2452   2307   2354   29
r  2055   2354   2307   29
r  2301   2354   2307   29
r  2259   2354   2307   29
r  2209   2307   2354   29
r  2253   2354   2307   29
r  2053   2354   2307   29
r  2403   2307   2354   29
r  2156   2354   2307   29
r  2302   2354   2307   29
r  2451   2307   2354   29
r  2103   2307   2354   29
r  2254   2354   2307   29
r  2102   2307   2354   29
r  2351   2354   2307   29
r  2402   2307   2354   29
r  2205   2354   2307   29
r  2256   2354   2307   29
r  2358   2354   2307   29
r  2004   2307   2406   29
r  2202   2354   2406   29
r  2001   2307   2406   29
r  2453   2354   2406   29
r  2305   2354   2406   29
r  2155   2354   2406   29
r  2206   2354   2406   29
r  2105   2307   2406   29
r  2153   2307   2406   29
r  2251   2307   2406   29
r  2203   2354   2406   29
r  2352   2354   2406   29
r  2158   2307   2406   29
r  2157   2354   2406   29
r  2455   2307   2406   29
r  2052   2354   2406   29
r  2106   2354   2406   29
r  2201   2307   2406   29
r  2101   2307   2406   29
r  2154   2307   2406   29
r  2104   2354   2406   29
r  2408   2307   2406   29
r  2255   2406   2354   29
r  2457   2406   2354   29
r  2152   2406   2354   29
r  2054   2406   2354   29
r  2204   2406   2354   29
r  2458   2406   2354   29
r  2208   2406   2354   29
r  2409   2406   2354   29
r  2303   2406   2307   29
r  2258   2406   2307   29
r  2051   2406   2307   29
r  2003   2406   2307   29
r  2151   2406   2307   29
r  2207   2406   2307   29
r  2309   2406   2307   29
r  1714   1614   1765   29
r  640   697   598   29
r  492   98   598   29
r  550   697   598   29
r  1329   1278   1432   29
r  1583   1581   1432   29
r  1136   1035   1285   29
r  1669   1721   1720   29
r  1571   1420   1520   29
r  1572   1623   1474   29
r  1625   1676   1474   29
r  2014   2065   2412   29
r  945   949   598   29
r  944   793   598   29
r  793   598   697   29
r  744   795   697   29
r  741   598   697   29
r  995   944   598   29
r  940   889   938   29
r  842   598   991   29
r  1485   1438   1534   29
r  1768   1668   1721   29
r  1525   1474   1623   29
r  948   1099   1148   29
r  997   1148   1198   29
r  1045   1094   1244   29
r  1535   1637   1438   29
r  2069   2117   2412   29
r  2120   2412   2315   29
r  2374   2379   2315   29
r  2067   2315   2412   29
r  2118   2315   2412   29
r  2122   2171   2412   29
r  998   1148   1198   29
r  1096   1148   1198   29
r  1047   1198   1148   29
r  1048   1148   1099   29
r  1097   1198   1148   29
r  1150   1099   1198   29
r  1200   1198   1099   29
r  1250   1198   1099   29
r  1050   1099   1148   29
r  1300   1099   1148   29
r  1299   1148   1099   29
r  1140   1240   1189   29
r  1784   1835   1782   29
r  1778   1678   1729   29
r  1973   2021   2022   29
r  2275   2379   2277   29
r  2325   2277   2379   29
r  1293   1242   1192   29
r  1342   1294   1244   29
r  1687   1786   1689   29
r  1590   1597   1648   29
r  2425   2379   2376   29
r  2174   2125   2073   29
r  2225   2277   2379   29
r  2175   2376   2379   29
r  2430   2277   2376   29
r  2176   2376   2277   29
r  2179   2277   2376   29
r  2427   2277   2376   29
r  2226   2376   2277   29
r  2479   2376   2277   29
r  2279   2376   2277   29
r  2428   2277   2379   29
r  2477   2376   2379   29
r  2478   2277   2379   29
r  2476   2376   2379   29
r  2178   2277   2379   29
r  1343   1244   1294   29
r  1346   1397   1648   29
r  1737   1689   1589   29
r  1978   2127   2029   29
r  2328   2379   2376   29
r  2229   2379   2376   29
r  2177   2379   2376   29
r  2480   2379   2277   29
r  1898   2447   1597   29
r  1841   1892   1597   29
r  2283   2437   2436   29
r  2333   2385   2437   29
r  1900   2447   2246   29
r  1995   2445   2447   29
r  1948   2447   2246   29
r  1994   2445   2246   29
r  2041   2445   2447   29
r  1992   2445   2447   29
r  2189   2447   2445   29
r  2287   2189   2447   29
r  2089   2447   2445   29
r  2483   2436   2387   29
r  2284   2437   2436   29
r  2334   2385   2437   29
r  2433   2385   2436   29
r  1997   2447   2445   29
r  1950   2445   2246   29
r  2045   2445   2447   29
r  1998   2447   2246   29
r  1949   2445   2447   29
r  1993   2447   2445   29
r  2044   2447   2246   29
r  2046   2447   2246   29
r  2040   2246   2445   29
r  2042   2246   2445   29
r  2289   2445   2447   29
r  2450   2445   2447   29
r  2488   2447   2445   29
r  2341   2445   2447   29
r  2292   2445   2447   29
r  2198   2447   2445   29
r  2093   2447   2445   29
r  2290   2447   2445   29
r  2394   2447   2445   29
r  2449   2447   2445   29
r  2100   2445   2447   29
r  2442   2447   2445   29
r  2347   2447   2445   29
r  2248   2445   2447   29
r  2491   2447   2445   29
r  2244   2447   2445   29
r  2339   2445   2447   29
r  2243   2447   2445   29
r  2197   2445   2447   29
r  2492   2445   2447   29
r  2239   2445   2447   29
r  2146   2445   2447   29
r  2299   2445   2447   29
r  2348   2445   2447   29
r  2200   2445   2447   29
r  2145   2445   2447   29
r  2390   2445   2447   29
r  2047   2445   2447   29
r  2095   2447   2445   29
r  2191   2447   2246   29
r  2392   2445   2246   29
r  2398   2445   2246   29
r  2499   2445   2246   29
r  2494   2447   2246   29
r  2343   2445   2246   29
r  2141   2447   2246   29
r  2441   2445   2246   29
r  2240   2445   2246   29
r  2096   2447   2246   29
r  1999   2445   2246   29
r  2349   2447   2246   29
r  2250   2445   2246   29
r  2490   2447   2246   29
r  2298   2447   2246   29
r  2150   2447   2246   29
r  2147   2445   2246   29
r  2142   2445   2246   29
r  2350   2445   2246   29
r  2342   2447   2246   29
r  2149   2447   2246   29
r  2393   2445   2246   29
r  2241   2447   2246   29
r  2300   2447   2246   29
r  2148   2447   2246   29
r  2099   2445   2246   29
r  2291   2445   2246   29
r  2193   2445   2246   29
r  2143   2447   2246   29
r  2049   2445   2246   29
r  2194   2246   2445   29
r  2439   2246   2445   29
r  2295   2246   2445   29
r  2190   2246   2445   29
r  2050   2246   2445   29
r  2094   2246   2445   29
r  2399   2246   2445   29
r  2498   2246   2445   29
r  2389   2246   2445   29
r  2440   2246   2445   29
r  2097   2246   2445   29
r  2340   2246   2445   29
r  2140   2246   2445   29
r  2199   2246   2445   29
r  2249   2246   2445   29
r  2195   2246   2445   29
r  2338   2385   2447   29
r  2396   2246   2447   29
r  2344   2246   2447   29
r  2297   2246   2447   29
r  2144   2246   2447   29
r  2493   2246   2447   29
r  2098   2246   2447   29
r  2293   2246   2447   29
r  2192   2246   2447   29
r  2391   2246   2447   29
r  2092   2246   2447   29
r  2400   2246   2447   29
r  2043   2246   2447   29
r  2489   2246   2447   29
r  2048   2246   2447   29
r  2496   2246   2447   29
r  2   159   108   30
r  14   164   159   30
r  16   164   159   30
r  406   506   159   30
r  118   164   159   30
r  459   610   159   30
r  365   164   159   30
r  409   360   159   30
r  60   164   159   30
r  452   554   159   30
r  115   164   159   30
r  554   551   159   30
r  507   407   159   30
r  153   53   159   30
r  305   353   159   30
r  163   215   159   30
r  66   164   159   30
r  605   554   159   30
r  609   660   159   30
r  502   604   159   30
r  116   159   108   30
r  203   159   108   30
r  65   159   108   30
r  265   159   108   30
r  216   165   108   30
r  167   164   108   30
r  317   164   108   30
r  315   164   108   30
r  410   159   108   30
r  201   159   108   30
r  102   53   108   30
r  301   159   108   30
r  103   159   108   30
r  68   164   108   30
r  165   159   108   30
r  414   159   108   30
r  411   311   108   30
r  217   159   108   30
r  113   164   108   30
r  263   159   108   30
r  311   159   108   30
r  366   466   108   30
r  415   159   108   30
r  457   159   108   30
r  261   159   108   30
r  403   452   108   30
r  408   159   108   30
r  269   173   108   30
r  121   173   108   30
r  503   454   108   30
r  558   610   108   30
r  511   660   108   30
r  559   610   108   30
r  211   164   108   30
r  362   159   108   30
r  603   554   108   30
r  69   173   108   30
r  656   709   108   30
r  73   173   108   30
r  15   164   108   30
r  657   709   108   30
r  460   108   610   30
r  361   108   159   30
r  453   108   159   30
r  367   108   159   30
r  461   108   159   30
r  67   108   159   30
r  501   108   159   30
r  10   108   159   30
r  267   108   159   30
r  404   108   159   30
r  462   108   159   30
r  4   108   159   30
r  505   108   159   30
r  360   108   159   30
r  215   108   159   30
r  412   108   159   30
r  168   108   159   30
r  170   108   159   30
r  557   108   159   30
r  553   108   159   30
r  653   108   159   30
r  320   173   122   30
r  273   173   122   30
r  24   173   122   30
r  705   902   854   30
r  752   854   703   30
r  755   752   854   30
r  754   805   902   30
r  804   902   752   30
r  904   902   752   30
r  852   752   854   30
r  851   752   854   30
r  803   902   854   30
r  953   854   1305   30
r  805   854   752   30
r  278   276   128   30
r  79   130   128   30
r  328   229   326   30
r  30   128   130   30
r  29   130   228   30
r  31   128   228   30
r  179   228   130   30
r  527   530   326   30
r  769   668   869   30
r  770   772   768   30
r  863   912   812   30
r  1111   1109   812   30
r  82   182   135   30
r  32   35   132   30
r  133   184   135   30
r  233   83   135   30
r  234   135   132   30
r  870   770   769   30
r  1308   1357   1305   30
r  1357   1305   1302   30
r  384   483   331   30
r  35   132   184   30
r  34   132   83   30
r  186   140   138   30
r  826   724   728   30
r  825   728   823   30
r  532   583   484   30
r  137   140   188   30
r  1070   1119   1019   30
r  682   833   735   30
r  1854   1803   1602   30
r  1851   1602   1754   30
r  686   635   583   30
r  436   485   336   30
r  90   349   98   30
r  141   98   145   30
r  239   139   140   30
r  38   140   98   30
r  40   140   145   30
r  972   1024   1072   30
r  973   1024   922   30
r  1022   970   1024   30
r  683   783   833   30
r  785   734   882   30
r  1315   1363   1366   30
r  1751   1754   1702   30
r  1706   1754   1602   30
r  1707   1754   1602   30
r  1902   1802   2354   30
r  1904   2307   2406   30
r  1901   2307   2406   30
r  537   437   586   30
r  89   98   145   30
r  91   145   98   30
r  192   349   145   30
r  191   145   349   30
r  142   98   145   30
r  241   349   145   30
r  446   145   98   30
r  347   98   145   30
r  45   145   98   30
r  341   145   98   30
r  291   145   98   30
r  394   98   145   30
r  143   98   145   30
r  244   145   98   30
r  199   145   98   30
r  496   98   145   30
r  295   98   145   30
r  50   145   98   30
r  193   145   98   30
r  47   145   98   30
r  247   145   98   30
r  498   98   145   30
r  494   98   145   30
r  92   145   349   30
r  149   145   349   30
r  391   145   349   30
r  147   98   349   30
r  249   98   349   30
r  493   145   349   30
r  296   145   349   30
r  398   98   349   30
r  450   98   349   30
r  194   145   349   30
r  250   98   349   30
r  443   98   349   30
r  500   98   349   30
r  242   98   349   30
r  445   145   349   30
r  298   145   349   30
r  197   145   349   30
r  100   145   349   30
r  448   145   349   30
r  245   145   349   30
r  39   145   349   30
r  300   145   349   30
r  246   98   349   30
r  392   145   349   30
r  346   98   349   30
r  441   145   349   30
r  41   349   145   30
r  884   735   783   30
r  1129   1180   1432   30
r  1083   984   982   30
r  1323   1474   1374   30
r  1564   1513   1512   30
r  1952   2406   2307   30
r  1954   2354   2406   30
r  1951   2406   2307   30
r  444   349   98   30
r  150   349   98   30
r  345   349   98   30
r  42   349   98   30
r  400   349   98   30
r  293   349   98   30
r  397   349   98   30
r  93   349   98   30
r  243   349   98   30
r  343   349   98   30
r  196   349   98   30
r  449   349   98   30
r  297   349   98   30
r  294   349   98   30
r  292   349   98   30
r  396   349   98   30
r  44   349   98   30
r  49   349   98   30
r  200   349   98   30
r  96   349   145   30
r  393   349   145   30
r  495   349   145   30
r  344   349   145   30
r  499   349   145   30
r  395   349   145   30
r  838   991   938   30
r  789   889   991   30
r  1470   1621   1570   30
r  1273   1176   1225   30
r  1423   1474   1524   30
r  1274   1474   1175   30
r  1425   1474   1623   30
r  1716   1763   1765   30
r  1953   2406   2354   30
r  2107   2307   2354   30
r  2108   2307   2406   30
r  2002   2354   2406   30
r  2401   2307   2354   30
r  2159   2354   2307   30
r  2454   2307   2354   30
r  2452   2354   2307   30
r  2209   2354   2307   30
r  2253   2307   2354   30
r  2053   2307   2354   30
r  2156   2307   2354   30
r  2302   2307   2354   30
r  2451   2354   2307   30
r  2254   2307   2354   30
r  2205   2307   2354   30
r  2256   2307   2354   30
r  2358   2307   2354   30
r  2001   2354   2307   30
r  2305   2307   2354   30
r  2206   2307   2354   30
r  2105   2354   2307   30
r  2203   2307   2354   30
r  2352   2307   2354   30
r  2158   2354   2307   30
r  2455   2354   2307   30
r  2154   2354   2307   30
r  2457   2354   2406   30
r  2152   2354   2406   30
r  2204   2307   2406   30
r  2458   2354   2406   30
r  2208   2354   2406   30
r  2409   2307   2406   30
r  2258   2307   2406   30
r  2051   2354   2406   30
r  2003   2307   2406   30
r  2151   2354   2406   30
r  2255   2354   2406   30
r  2054   2307   2406   30
r  2303   2307   2406   30
r  2207   2354   2406   30
r  2309   2354   2406   30
r  2408   2406   2307   30
r  2004   2406   2307   30
r  2101   2406   2307   30
r  2359   2406   2307   30
r  2201   2406   2307   30
r  2153   2406   2307   30
r  2251   2406   2307   30
r  2403   2406   2307   30
r  2102   2406   2307   30
r  2402   2406   2307   30
r  2055   2406   2354   30
r  2052   2406   2354   30
r  2104   2406   2354   30
r  2259   2406   2354   30
r  2351   2406   2354   30
r  2202   2406   2354   30
r  2155   2406   2354   30
r  2157   2406   2354   30
r  2106   2406   2354   30
r  1385   1484   1438   30
r  1235   1284   1134   30
r  1276   1225   1176   30
r  1137   1037   1185   30
r  1525   1624   1474   30
r  1675   1724   1474   30
r  2110   2061   2412   30
r  2111   2412   2315   30
r  2063   2014   2412   30
r  2014   1965   2315   30
r  793   742   598   30
r  741   593   598   30
r  692   593   697   30
r  940   991   889   30
r  842   991   889   30
r  1092   1141   991   30
r  1237   1289   1285   30
r  1869   1770   1720   30
r  1821   1870   1721   30
r  1476   1474   1623   30
r  1526   1474   1475   30
r  1626   1474   1624   30
r  2065   2067   2412   30
r  2015   1963   2412   30
r  2016   2315   2412   30
r  2017   1970   2315   30
r  949   598   1198   30
r  947   1148   1099   30
r  1341   1338   1438   30
r  1140   1189   1089   30
r  1875   1823   1826   30
r  1724   1776   1773   30
r  2018   2016   2315   30
r  2324   2379   2315   30
r  2067   2116   2315   30
r  2122   2120   2315   30
r  2070   2171   2412   30
r  2118   2412   2315   30
r  998   1198   1148   30
r  1047   1148   1198   30
r  1050   1148   1099   30
r  1048   1099   1148   30
r  1299   1099   1148   30
r  1150   1148   1099   30
r  1200   1099   1198   30
r  1250   1099   1198   30
r  1836   1784   1782   30
r  1590   1641   1597   30
r  2024   1926   2026   30
r  2325   2379   2277   30
r  2173   2073   2124   30
r  1298   1198   1099   30
r  1343   1294   1244   30
r  1687   1589   1638   30
r  2030   1929   1981   30
r  2174   2073   2125   30
r  2425   2376   2379   30
r  2124   2073   2025   30
r  1842   1597   1648   30
r  1892   1890   1648   30
r  2226   2277   2376   30
r  2327   2379   2329   30
r  2480   2277   2379   30
r  2427   2379   2277   30
r  2328   2277   2379   30
r  2280   2379   2376   30
r  2128   2277   2376   30
r  2479   2379   2376   30
r  2279   2379   2376   30
r  2477   2379   2376   30
r  2476   2277   2376   30
r  2176   2277   2376   30
r  2281   2277   2376   30
r  2229   2376   2379   30
r  2177   2376   2379   30
r  2430   2376   2277   30
r  2428   2376   2277   30
r  2478   2376   2277   30
r  2178   2376   2277   30
r  1900   2445   2447   30
r  1994   2246   2445   30
r  1996   2246   2445   30
r  1948   2445   2447   30
r  1942   2447   2445   30
r  1940   1840   1891   30
r  1992   2246   2445   30
r  2238   2246   2445   30
r  2189   2237   2447   30
r  2089   2246   2447   30
r  2139   2239   2246   30
r  1997   2246   2447   30
r  1950   2447   2445   30
r  1993   2445   2447   30
r  2044   2445   2447   30
r  2045   2447   2445   30
r  1949   2246   2445   30
r  2046   2246   2447   30
r  1998   2445   2447   30
r  2384   2436   2433   30
r  2486   2484   2437   30
r  2485   2436   2437   30
r  2483   2387   2436   30
r  2333   2436   2385   30
r  2334   2436   2385   30
r  2433   2436   2385   30
r  2040   2445   2246   30
r  2091   2246   2447   30
r  2042   2447   2246   30
r  2289   2447   2445   30
r  2450   2447   2445   30
r  2292   2447   2445   30
r  2198   2445   2447   30
r  2093   2445   2447   30
r  2449   2445   2447   30
r  2100   2447   2445   30
r  2248   2447   2445   30
r  2339   2447   2445   30
r  2243   2445   2447   30
r  2197   2447   2445   30
r  2299   2447   2445   30
r  2348   2447   2445   30
r  2200   2447   2445   30
r  2294   2447   2445   30
r  2145   2447   2445   30
r  2500   2447   2445   30
r  2095   2445   2447   30
r  2191   2445   2447   30
r  2392   2447   2445   30
r  2499   2447   2445   30
r  2343   2447   2445   30
r  1999   2447   2445   30
r  2349   2445   2447   30
r  2250   2447   2445   30
r  2490   2445   2447   30
r  2298   2445   2447   30
r  2150   2445   2447   30
r  2147   2447   2445   30
r  2142   2447   2445   30
r  2350   2447   2445   30
r  2193   2447   2445   30
r  2049   2447   2445   30
r  2190   2447   2246   30
r  2050   2447   2246   30
r  2094   2445   2246   30
r  2399   2445   2246   30
r  2498   2445   2246   30
r  2389   2445   2246   30
r  2440   2445   2246   30
r  2097   2445   2246   30
r  2340   2447   2246   30
r  2000   2445   2246   30
r  2242   2447   2246   30
r  2199   2445   2246   30
r  2249   2447   2246   30
r  2195   2445   2246   30
r  2338   2447   2246   30
r  2396   2445   2246   30
r  2297   2445   2246   30
r  2144   2447   2246   30
r  2493   2447   2246   30
r  2098   2445   2246   30
r  2293   2445   2246   30
r  2192   2445   2246   30
r  2391   2447   2246   30
r  2043   2447   2246   30
r  2489   2445   2246   30
r  2194   2445   2246   30
r  2439   2447   2246   30
r  2295   2445   2246   30
r  2140   2447   2246   30
r  2344   2445   2246   30
r  2092   2445   2246   30
r  2400   2447   2246   30
r  2496   2447   2246   30
r  2398   2246   2445   30
r  2438   2246   2445   30
r  2441   2246   2445   30
r  2240   2246   2445   30
r  2099   2246   2445   30
r  2291   2246   2445   30
r  2047   2246   2445   30
r  2492   2246   2445   30
r  2146   2246   2445   30
r  2239   2246   2445   30
r  2394   2246   2447   30
r  2442   2246   2447   30
r  2347   2246   2447   30
r  2491   2246   2447   30
r  2244   2246   2447   30
r  2494   2246   2447   30
r  2342   2246   2447   30
r  2241   2246   2447   30
r  2300   2246   2447   30
r  2148   2246   2447   30
r  2143   2246   2447   30
r  2290   2246   2447   30
r  2141   2246   2447   30
r  2096   2246   2447   30
r  2149   2246   2447   30
r  2434   2385   2437   30
