c  1   -1   52   1
c  1   -1   102   1
c  51   -1   102   1
c  51   -1   153   1
c  2   -1   51   1
c  2   -1   53   1
c  52   -1   152   1
c  102   -1   153   1
c  101   -1   52   1
c  101   -1   55   1
c  153   -1   104   1
c  153   -1   54   1
c  3   -1   52   1
c  3   -1   54   1
c  53   -1   104   1
c  103   -1   54   1
c  103   -1   52   1
c  4   -1   53   1
c  4   -1   52   1
c  152   -1   103   1
c  152   -1   53   1
c  202   -1   153   1
c  202   -1   102   1
c  201   -1   152   1
c  201   -1   102   1
c  104   -1   102   1
c  104   -1   55   1
c  54   -1   102   1
c  151   -1   202   1
c  151   -1   153   1
c  55   -1   53   1
c  55   -1   4   1
c  203   -1   152   1
c  203   -1   254   1
c  154   -1   205   1
c  154   -1   105   1
c  5   -1   56   1
c  5   -1   103   1
c  252   -1   203   1
c  252   -1   152   1
c  301   -1   303   1
c  301   -1   202   1
c  253   -1   202   1
c  253   -1   353   1
c  251   -1   351   1
c  251   -1   302   1
c  105   -1   56   1
c  105   -1   54   1
c  155   -1   104   1
c  155   -1   54   1
c  254   -1   154   1
c  254   -1   104   1
c  157   -1   106   1
c  157   -1   104   1
c  206   -1   154   1
c  206   -1   151   1
c  106   -1   155   1
c  106   -1   55   1
c  156   -1   56   1
c  156   -1   55   1
c  204   -1   304   1
c  204   -1   253   1
c  304   -1   253   1
c  304   -1   154   1
c  256   -1   307   1
c  256   -1   154   1
c  205   -1   156   1
c  205   -1   207   1
c  6   -1   57   1
c  6   -1   58   1
c  302   -1   353   1
c  302   -1   253   1
c  351   -1   302   1
c  351   -1   252   1
c  352   -1   301   1
c  352   -1   252   1
c  303   -1   254   1
c  303   -1   204   1
c  353   -1   304   1
c  353   -1   553   1
c  255   -1   206   1
c  107   -1   156   1
c  107   -1   205   1
c  207   -1   307   1
c  207   -1   255   1
c  158   -1   109   1
c  158   -1   59   1
c  257   -1   206   1
c  257   -1   156   1
c  57   -1   8   1
c  7   -1   56   1
c  7   -1   58   1
c  354   -1   455   1
c  305   -1   354   1
c  305   -1   405   1
c  306   -1   257   1
c  306   -1   406   1
c  258   -1   207   1
c  258   -1   256   1
c  307   -1   358   1
c  307   -1   407   1
c  58   -1   109   1
c  58   -1   110   1
c  402   -1   353   1
c  402   -1   302   1
c  401   -1   352   1
c  401   -1   353   1
c  403   -1   354   1
c  403   -1   454   1
c  553   -1   604   1
c  553   -1   551   1
c  509   -1   305   1
c  509   -1   255   1
c  108   -1   7   1
c  208   -1   160   1
c  208   -1   111   1
c  159   -1   210   1
c  159   -1   260   1
c  109   -1   9   1
c  109   -1   161   1
c  59   -1   10   1
c  59   -1   110   1
c  8   -1   108   1
c  8   -1   110   1
c  9   -1   60   1
c  9   -1   7   1
c  404   -1   355   1
c  404   -1   406   1
c  355   -1   456   1
c  405   -1   454   1
c  405   -1   354   1
c  455   -1   553   1
c  357   -1   457   1
c  357   -1   305   1
c  356   -1   407   1
c  356   -1   307   1
c  406   -1   455   1
c  406   -1   355   1
c  308   -1   357   1
c  308   -1   355   1
c  259   -1   159   1
c  259   -1   210   1
c  211   -1   209   1
c  211   -1   258   1
c  457   -1   307   1
c  358   -1   360   1
c  407   -1   405   1
c  110   -1   61   1
c  452   -1   401   1
c  452   -1   552   1
c  451   -1   551   1
c  451   -1   653   1
c  453   -1   404   1
c  453   -1   455   1
c  454   -1   554   1
c  454   -1   503   1
c  503   -1   603   1
c  503   -1   654   1
c  552   -1   603   1
c  552   -1   503   1
c  603   -1   502   1
c  554   -1   503   1
c  554   -1   505   1
c  504   -1   555   1
c  504   -1   553   1
c  555   -1   553   1
c  555   -1   552   1
c  456   -1   503   1
c  456   -1   553   1
c  604   -1   503   1
c  551   -1   602   1
c  551   -1   603   1
c  459   -1   510   1
c  508   -1   557   1
c  508   -1   409   1
c  559   -1   610   1
c  559   -1   660   1
c  510   -1   610   1
c  510   -1   559   1
c  560   -1   509   1
c  560   -1   611   1
c  209   -1   109   1
c  209   -1   108   1
c  160   -1   61   1
c  111   -1   160   1
c  111   -1   162   1
c  210   -1   261   1
c  210   -1   212   1
c  260   -1   209   1
c  260   -1   362   1
c  161   -1   210   1
c  161   -1   110   1
c  60   -1   112   1
c  10   -1   111   1
c  10   -1   112   1
c  505   -1   507   1
c  505   -1   456   1
c  506   -1   455   1
c  506   -1   504   1
c  409   -1   407   1
c  409   -1   406   1
c  309   -1   358   1
c  309   -1   361   1
c  261   -1   263   1
c  261   -1   264   1
c  212   -1   163   1
c  212   -1   164   1
c  507   -1   504   1
c  458   -1   507   1
c  458   -1   407   1
c  408   -1   457   1
c  408   -1   459   1
c  359   -1   410   1
c  359   -1   361   1
c  360   -1   362   1
c  61   -1   63   1
c  61   -1   13   1
c  502   -1   551   1
c  502   -1   602   1
c  501   -1   552   1
c  501   -1   503   1
c  653   -1   604   1
c  653   -1   605   1
c  654   -1   705   1
c  654   -1   605   1
c  602   -1   651   1
c  605   -1   656   1
c  605   -1   705   1
c  556   -1   607   1
c  556   -1   409   1
c  606   -1   555   1
c  606   -1   506   1
c  656   -1   604   1
c  601   -1   652   1
c  601   -1   701   1
c  460   -1   462   1
c  460   -1   412   1
c  558   -1   507   1
c  558   -1   505   1
c  710   -1   759   1
c  710   -1   508   1
c  557   -1   506   1
c  609   -1   660   1
c  609   -1   657   1
c  610   -1   561   1
c  610   -1   511   1
c  660   -1   759   1
c  660   -1   708   1
c  511   -1   463   1
c  561   -1   661   1
c  561   -1   711   1
c  512   -1   561   1
c  512   -1   560   1
c  611   -1   660   1
c  611   -1   711   1
c  112   -1   64   1
c  112   -1   14   1
c  162   -1   261   1
c  310   -1   359   1
c  310   -1   408   1
c  362   -1   413   1
c  362   -1   414   1
c  113   -1   162   1
c  113   -1   161   1
c  62   -1   60   1
c  11   -1   13   1
c  11   -1   62   1
c  12   -1   10   1
c  12   -1   61   1
c  410   -1   611   1
c  410   -1   662   1
c  311   -1   360   1
c  311   -1   309   1
c  361   -1   412   1
c  361   -1   461   1
c  262   -1   313   1
c  312   -1   261   1
c  312   -1   212   1
c  263   -1   314   1
c  263   -1   212   1
c  264   -1   364   1
c  264   -1   415   1
c  213   -1   262   1
c  213   -1   264   1
c  163   -1   114   1
c  163   -1   115   1
c  164   -1   215   1
c  164   -1   265   1
c  63   -1   65   1
c  63   -1   163   1
c  13   -1   64   1
c  13   -1   113   1
c  652   -1   703   1
c  652   -1   701   1
c  703   -1   754   1
c  703   -1   804   1
c  702   -1   751   1
c  702   -1   653   1
c  704   -1   702   1
c  704   -1   752   1
c  655   -1   704   1
c  655   -1   706   1
c  705   -1   656   1
c  701   -1   602   1
c  651   -1   702   1
c  651   -1   752   1
c  607   -1   609   1
c  607   -1   659   1
c  657   -1   706   1
c  657   -1   606   1
c  608   -1   557   1
c  608   -1   606   1
c  706   -1   757   1
c  706   -1   755   1
c  756   -1   705   1
c  756   -1   656   1
c  461   -1   410   1
c  461   -1   561   1
c  462   -1   511   1
c  412   -1   312   1
c  709   -1   758   1
c  709   -1   660   1
c  760   -1   811   1
c  760   -1   809   1
c  711   -1   713   1
c  711   -1   809   1
c  658   -1   709   1
c  658   -1   710   1
c  661   -1   710   1
c  661   -1   659   1
c  759   -1   761   1
c  759   -1   762   1
c  659   -1   657   1
c  662   -1   613   1
c  662   -1   610   1
c  708   -1   757   1
c  708   -1   759   1
c  562   -1   511   1
c  562   -1   611   1
c  563   -1   512   1
c  563   -1   511   1
c  463   -1   512   1
c  463   -1   465   1
c  513   -1   564   1
c  513   -1   664   1
c  612   -1   563   1
c  612   -1   663   1
c  64   -1   115   1
c  14   -1   63   1
c  14   -1   12   1
c  65   -1   163   1
c  65   -1   162   1
c  363   -1   314   1
c  363   -1   365   1
c  413   -1   462   1
c  414   -1   465   1
c  414   -1   363   1
c  114   -1   63   1
c  114   -1   62   1
c  411   -1   311   1
c  411   -1   312   1
c  313   -1   311   1
c  364   -1   312   1
c  364   -1   311   1
c  315   -1   264   1
c  315   -1   263   1
c  314   -1   316   1
c  214   -1   163   1
c  265   -1   314   1
c  265   -1   316   1
c  415   -1   364   1
c  415   -1   315   1
c  165   -1   214   1
c  165   -1   163   1
c  115   -1   215   1
c  115   -1   67   1
c  215   -1   266   1
c  215   -1   267   1
c  753   -1   702   1
c  754   -1   803   1
c  754   -1   853   1
c  804   -1   855   1
c  804   -1   906   1
c  752   -1   803   1
c  752   -1   801   1
c  751   -1   802   1
c  751   -1   753   1
c  805   -1   754   1
c  805   -1   704   1
c  755   -1   806   1
c  755   -1   757   1
c  707   -1   758   1
c  707   -1   808   1
c  757   -1   806   1
c  806   -1   759   1
c  758   -1   760   1
c  810   -1   859   1
c  810   -1   858   1
c  761   -1   712   1
c  761   -1   661   1
c  811   -1   711   1
c  811   -1   712   1
c  809   -1   907   1
c  809   -1   906   1
c  712   -1   661   1
c  712   -1   562   1
c  713   -1   662   1
c  713   -1   612   1
c  762   -1   764   1
c  762   -1   714   1
c  663   -1   562   1
c  613   -1   513   1
c  613   -1   564   1
c  564   -1   615   1
c  564   -1   515   1
c  614   -1   563   1
c  614   -1   665   1
c  464   -1   513   1
c  464   -1   415   1
c  515   -1   464   1
c  515   -1   463   1
c  465   -1   514   1
c  465   -1   416   1
c  514   -1   565   1
c  514   -1   566   1
c  664   -1   613   1
c  664   -1   615   1
c  15   -1   66   1
c  15   -1   64   1
c  66   -1   68   1
c  66   -1   17   1
c  17   -1   15   1
c  17   -1   65   1
c  365   -1   314   1
c  316   -1   415   1
c  316   -1   414   1
c  266   -1   315   1
c  266   -1   515   1
c  366   -1   415   1
c  366   -1   315   1
c  416   -1   467   1
c  416   -1   365   1
c  466   -1   417   1
c  466   -1   415   1
c  166   -1   66   1
c  166   -1   67   1
c  116   -1   67   1
c  116   -1   215   1
c  67   -1   69   1
c  216   -1   167   1
c  216   -1   116   1
c  267   -1   167   1
c  267   -1   117   1
c  803   -1   854   1
c  904   -1   953   1
c  904   -1   753   1
c  853   -1   752   1
c  854   -1   905   1
c  854   -1   954   1
c  855   -1   852   1
c  906   -1   857   1
c  906   -1   807   1
c  802   -1   853   1
c  802   -1   854   1
c  801   -1   902   1
c  801   -1   953   1
c  851   -1   802   1
c  851   -1   751   1
c  905   -1   805   1
c  857   -1   806   1
c  857   -1   805   1
c  808   -1   859   1
c  808   -1   857   1
c  807   -1   758   1
c  807   -1   907   1
c  856   -1   854   1
c  856   -1   853   1
c  860   -1   911   1
c  860   -1   912   1
c  910   -1   810   1
c  910   -1   861   1
c  813   -1   811   1
c  813   -1   810   1
c  962   -1   862   1
c  962   -1   810   1
c  859   -1   908   1
c  858   -1   907   1
c  858   -1   909   1
c  861   -1   912   1
c  861   -1   962   1
c  812   -1   814   1
c  812   -1   815   1
c  907   -1   958   1
c  907   -1   956   1
c  763   -1   814   1
c  763   -1   864   1
c  714   -1   765   1
c  714   -1   665   1
c  764   -1   713   1
c  764   -1   715   1
c  565   -1   665   1
c  615   -1   617   1
c  665   -1   616   1
c  665   -1   716   1
c  516   -1   567   1
c  567   -1   467   1
c  567   -1   465   1
c  566   -1   666   1
c  566   -1   615   1
c  666   -1   717   1
c  666   -1   664   1
c  863   -1   714   1
c  863   -1   664   1
c  16   -1   117   1
c  16   -1   69   1
c  18   -1   67   1
c  18   -1   66   1
c  68   -1   17   1
c  68   -1   116   1
c  317   -1   368   1
c  317   -1   519   1
c  217   -1   166   1
c  217   -1   266   1
c  367   -1   318   1
c  367   -1   319   1
c  417   -1   368   1
c  417   -1   366   1
c  419   -1   468   1
c  419   -1   416   1
c  467   -1   516   1
c  467   -1   370   1
c  418   -1   467   1
c  418   -1   466   1
c  167   -1   67   1
c  167   -1   68   1
c  218   -1   166   1
c  218   -1   369   1
c  117   -1   68   1
c  117   -1   119   1
c  119   -1   68   1
c  119   -1   67   1
c  69   -1   18   1
c  69   -1   121   1
c  168   -1   217   1
c  168   -1   216   1
c  268   -1   270   1
c  268   -1   320   1
c  954   -1   1003   1
c  954   -1   803   1
c  903   -1   952   1
c  903   -1   901   1
c  953   -1   1004   1
c  953   -1   853   1
c  852   -1   901   1
c  852   -1   951   1
c  902   -1   853   1
c  902   -1   953   1
c  956   -1   954   1
c  955   -1   906   1
c  955   -1   1006   1
c  957   -1   906   1
c  957   -1   908   1
c  908   -1   906   1
c  908   -1   905   1
c  1107   -1   956   1
c  1107   -1   906   1
c  901   -1   801   1
c  911   -1   1011   1
c  911   -1   1012   1
c  912   -1   963   1
c  909   -1   960   1
c  960   -1   1009   1
c  960   -1   1007   1
c  959   -1   908   1
c  959   -1   910   1
c  1010   -1   910   1
c  1010   -1   911   1
c  862   -1   910   1
c  862   -1   908   1
c  1018   -1   1066   1
c  1018   -1   910   1
c  864   -1   813   1
c  864   -1   764   1
c  961   -1   861   1
c  961   -1   959   1
c  1012   -1   914   1
c  1012   -1   915   1
c  963   -1   1012   1
c  963   -1   1011   1
c  913   -1   962   1
c  913   -1   960   1
c  1013   -1   962   1
c  1013   -1   1015   1
c  815   -1   715   1
c  815   -1   766   1
c  958   -1   1009   1
c  958   -1   1007   1
c  715   -1   717   1
c  715   -1   816   1
c  765   -1   816   1
c  616   -1   568   1
c  616   -1   518   1
c  617   -1   568   1
c  617   -1   668   1
c  667   -1   665   1
c  667   -1   716   1
c  716   -1   765   1
c  517   -1   568   1
c  517   -1   617   1
c  568   -1   419   1
c  568   -1   417   1
c  717   -1   768   1
c  717   -1   719   1
c  19   -1   70   1
c  19   -1   71   1
c  118   -1   69   1
c  118   -1   120   1
c  318   -1   369   1
c  368   -1   419   1
c  368   -1   370   1
c  519   -1   568   1
c  519   -1   420   1
c  319   -1   219   1
c  319   -1   268   1
c  518   -1   467   1
c  518   -1   417   1
c  369   -1   371   1
c  369   -1   321   1
c  469   -1   467   1
c  469   -1   520   1
c  420   -1   371   1
c  420   -1   518   1
c  468   -1   517   1
c  370   -1   319   1
c  370   -1   318   1
c  269   -1   318   1
c  269   -1   418   1
c  219   -1   168   1
c  219   -1   119   1
c  169   -1   120   1
c  169   -1   171   1
c  120   -1   71   1
c  120   -1   124   1
c  70   -1   121   1
c  70   -1   119   1
c  123   -1   74   1
c  123   -1   119   1
c  20   -1   69   1
c  20   -1   71   1
c  71   -1   69   1
c  121   -1   172   1
c  121   -1   221   1
c  170   -1   168   1
c  170   -1   219   1
c  270   -1   219   1
c  320   -1   269   1
c  1004   -1   955   1
c  1004   -1   1053   1
c  952   -1   1003   1
c  952   -1   954   1
c  1003   -1   1054   1
c  1003   -1   1005   1
c  1002   -1   953   1
c  951   -1   1002   1
c  951   -1   1052   1
c  1001   -1   952   1
c  1001   -1   902   1
c  1006   -1   1004   1
c  1006   -1   902   1
c  1005   -1   1056   1
c  1005   -1   956   1
c  1007   -1   1056   1
c  1057   -1   1108   1
c  1057   -1   1157   1
c  1106   -1   1007   1
c  1106   -1   1006   1
c  1157   -1   1106   1
c  1157   -1   1154   1
c  1108   -1   1159   1
c  1108   -1   1160   1
c  1011   -1   1062   1
c  1011   -1   1111   1
c  1111   -1   1159   1
c  1111   -1   909   1
c  1109   -1   1058   1
c  1109   -1   960   1
c  1009   -1   1060   1
c  1008   -1   1006   1
c  1008   -1   959   1
c  1060   -1   1160   1
c  1060   -1   961   1
c  1110   -1   1010   1
c  1110   -1   1161   1
c  1061   -1   1010   1
c  1061   -1   1110   1
c  968   -1   1019   1
c  968   -1   864   1
c  1017   -1   966   1
c  1017   -1   968   1
c  1068   -1   1119   1
c  1068   -1   1168   1
c  1019   -1   1071   1
c  1019   -1   918   1
c  917   -1   968   1
c  917   -1   1018   1
c  969   -1   1018   1
c  969   -1   971   1
c  1120   -1   1220   1
c  1120   -1   1018   1
c  1066   -1   1017   1
c  1066   -1   966   1
c  816   -1   814   1
c  816   -1   768   1
c  914   -1   916   1
c  914   -1   965   1
c  865   -1   916   1
c  865   -1   964   1
c  915   -1   864   1
c  915   -1   1014   1
c  1062   -1   1113   1
c  1062   -1   1163   1
c  1063   -1   1012   1
c  1063   -1   913   1
c  965   -1   1014   1
c  965   -1   1012   1
c  964   -1   915   1
c  964   -1   1016   1
c  1014   -1   1065   1
c  1064   -1   1013   1
c  1115   -1   1066   1
c  1115   -1   1013   1
c  1015   -1   964   1
c  1015   -1   1064   1
c  766   -1   817   1
c  766   -1   717   1
c  767   -1   818   1
c  767   -1   765   1
c  618   -1   667   1
c  618   -1   669   1
c  668   -1   717   1
c  569   -1   518   1
c  569   -1   520   1
c  619   -1   568   1
c  619   -1   573   1
c  670   -1   619   1
c  670   -1   568   1
c  718   -1   669   1
c  718   -1   572   1
c  768   -1   817   1
c  768   -1   867   1
c  719   -1   768   1
c  719   -1   770   1
c  520   -1   420   1
c  470   -1   519   1
c  470   -1   518   1
c  570   -1   519   1
c  570   -1   521   1
c  371   -1   320   1
c  371   -1   222   1
c  321   -1   323   1
c  321   -1   373   1
c  421   -1   370   1
c  421   -1   372   1
c  220   -1   169   1
c  220   -1   171   1
c  171   -1   122   1
c  171   -1   72   1
c  72   -1   121   1
c  72   -1   120   1
c  124   -1   175   1
c  124   -1   75   1
c  73   -1   25   1
c  73   -1   26   1
c  122   -1   173   1
c  122   -1   223   1
c  173   -1   124   1
c  173   -1   72   1
c  225   -1   126   1
c  225   -1   123   1
c  74   -1   26   1
c  21   -1   72   1
c  21   -1   73   1
c  22   -1   73   1
c  22   -1   20   1
c  172   -1   221   1
c  221   -1   270   1
c  271   -1   320   1
c  271   -1   322   1
c  1054   -1   1105   1
c  1054   -1   1203   1
c  1053   -1   1102   1
c  1053   -1   1154   1
c  1052   -1   1003   1
c  1052   -1   1103   1
c  1056   -1   1003   1
c  1051   -1   1152   1
c  1051   -1   1202   1
c  1154   -1   1056   1
c  1154   -1   1006   1
c  1159   -1   1311   1
c  1159   -1   1006   1
c  1055   -1   1057   1
c  1055   -1   1106   1
c  1058   -1   1007   1
c  1058   -1   1009   1
c  1105   -1   1156   1
c  1105   -1   1157   1
c  1156   -1   1205   1
c  1155   -1   1206   1
c  1155   -1   1106   1
c  1207   -1   1256   1
c  1207   -1   1258   1
c  1158   -1   1259   1
c  1158   -1   1260   1
c  1206   -1   1157   1
c  1206   -1   1208   1
c  1160   -1   1109   1
c  1160   -1   1111   1
c  1161   -1   1261   1
c  1161   -1   1310   1
c  1112   -1   1161   1
c  1112   -1   1211   1
c  1209   -1   1160   1
c  1209   -1   1111   1
c  1162   -1   1111   1
c  1162   -1   1213   1
c  1059   -1   1110   1
c  1059   -1   1160   1
c  918   -1   916   1
c  918   -1   866   1
c  967   -1   918   1
c  967   -1   965   1
c  1016   -1   965   1
c  1016   -1   1065   1
c  1067   -1   1116   1
c  1067   -1   1016   1
c  1116   -1   1017   1
c  966   -1   917   1
c  966   -1   1064   1
c  1118   -1   1167   1
c  1118   -1   1069   1
c  1069   -1   969   1
c  1069   -1   1066   1
c  1020   -1   969   1
c  1020   -1   1068   1
c  1119   -1   1168   1
c  1168   -1   1219   1
c  1168   -1   1269   1
c  1070   -1   1019   1
c  1070   -1   1172   1
c  1071   -1   1022   1
c  1071   -1   1120   1
c  867   -1   818   1
c  867   -1   916   1
c  916   -1   965   1
c  916   -1   967   1
c  866   -1   917   1
c  866   -1   868   1
c  919   -1   970   1
c  919   -1   921   1
c  970   -1   1070   1
c  970   -1   921   1
c  971   -1   920   1
c  971   -1   871   1
c  1170   -1   1119   1
c  1170   -1   1069   1
c  1121   -1   1221   1
c  1121   -1   1072   1
c  1219   -1   1120   1
c  1219   -1   1121   1
c  1122   -1   1171   1
c  1122   -1   1120   1
c  1220   -1   1169   1
c  1220   -1   1171   1
c  1065   -1   1116   1
c  1065   -1   1114   1
c  1114   -1   1116   1
c  1114   -1   1066   1
c  1117   -1   1066   1
c  1117   -1   1065   1
c  817   -1   819   1
c  1113   -1   1164   1
c  1113   -1   1165   1
c  1163   -1   1114   1
c  1163   -1   1165   1
c  1165   -1   1214   1
c  1165   -1   1216   1
c  818   -1   769   1
c  818   -1   869   1
c  669   -1   620   1
c  669   -1   570   1
c  620   -1   571   1
c  620   -1   623   1
c  573   -1   624   1
c  573   -1   622   1
c  720   -1   771   1
c  720   -1   723   1
c  671   -1   722   1
c  671   -1   622   1
c  769   -1   669   1
c  769   -1   670   1
c  721   -1   772   1
c  721   -1   670   1
c  572   -1   623   1
c  572   -1   472   1
c  770   -1   721   1
c  770   -1   722   1
c  521   -1   470   1
c  521   -1   472   1
c  471   -1   520   1
c  471   -1   570   1
c  423   -1   474   1
c  423   -1   520   1
c  571   -1   671   1
c  571   -1   672   1
c  372   -1   321   1
c  372   -1   423   1
c  322   -1   371   1
c  322   -1   324   1
c  373   -1   371   1
c  222   -1   273   1
c  222   -1   271   1
c  323   -1   325   1
c  323   -1   372   1
c  422   -1   473   1
c  422   -1   373   1
c  273   -1   171   1
c  23   -1   72   1
c  23   -1   126   1
c  174   -1   225   1
c  125   -1   174   1
c  125   -1   276   1
c  224   -1   124   1
c  224   -1   222   1
c  324   -1   275   1
c  324   -1   124   1
c  175   -1   75   1
c  75   -1   24   1
c  24   -1   73   1
c  24   -1   127   1
c  25   -1   74   1
c  25   -1   125   1
c  26   -1   28   1
c  26   -1   75   1
c  223   -1   172   1
c  223   -1   74   1
c  275   -1   326   1
c  275   -1   426   1
c  226   -1   228   1
c  226   -1   175   1
c  276   -1   225   1
c  276   -1   325   1
c  277   -1   275   1
c  277   -1   225   1
c  376   -1   328   1
c  376   -1   225   1
c  126   -1   177   1
c  126   -1   128   1
c  272   -1   323   1
c  272   -1   221   1
c  1104   -1   1055   1
c  1104   -1   1056   1
c  1103   -1   1054   1
c  1103   -1   1154   1
c  1203   -1   1252   1
c  1203   -1   1303   1
c  1102   -1   1153   1
c  1101   -1   1152   1
c  1101   -1   1153   1
c  1152   -1   1103   1
c  1152   -1   1253   1
c  1202   -1   1251   1
c  1202   -1   1253   1
c  1153   -1   1204   1
c  1153   -1   1104   1
c  1204   -1   1152   1
c  1311   -1   1263   1
c  1255   -1   1206   1
c  1255   -1   1156   1
c  1205   -1   1254   1
c  1205   -1   1304   1
c  1305   -1   1155   1
c  1305   -1   1204   1
c  1257   -1   1308   1
c  1257   -1   1359   1
c  1208   -1   1259   1
c  1208   -1   1309   1
c  1256   -1   1307   1
c  1256   -1   1356   1
c  1258   -1   1256   1
c  1259   -1   1358   1
c  1260   -1   1211   1
c  1260   -1   1212   1
c  1210   -1   1208   1
c  1210   -1   1311   1
c  1211   -1   1162   1
c  1211   -1   1262   1
c  1261   -1   1210   1
c  1261   -1   1263   1
c  1310   -1   1210   1
c  1310   -1   1259   1
c  1212   -1   1261   1
c  1212   -1   1210   1
c  1213   -1   1164   1
c  868   -1   819   1
c  868   -1   973   1
c  869   -1   918   1
c  869   -1   970   1
c  1167   -1   1218   1
c  1167   -1   1067   1
c  1216   -1   1067   1
c  1166   -1   1217   1
c  1166   -1   1316   1
c  1218   -1   1118   1
c  1218   -1   1166   1
c  1021   -1   1070   1
c  1021   -1   1072   1
c  1169   -1   1218   1
c  1169   -1   1267   1
c  1269   -1   1320   1
c  1269   -1   1321   1
c  921   -1   923   1
c  921   -1   1070   1
c  1172   -1   1174   1
c  1172   -1   1022   1
c  1072   -1   1123   1
c  1022   -1   971   1
c  920   -1   871   1
c  920   -1   771   1
c  870   -1   919   1
c  870   -1   720   1
c  972   -1   974   1
c  972   -1   923   1
c  922   -1   971   1
c  922   -1   1022   1
c  871   -1   922   1
c  871   -1   923   1
c  1171   -1   1222   1
c  1171   -1   1072   1
c  1221   -1   1172   1
c  1221   -1   1122   1
c  1268   -1   1219   1
c  1268   -1   1317   1
c  1270   -1   1219   1
c  1270   -1   1221   1
c  1123   -1   1023   1
c  1222   -1   1122   1
c  1222   -1   1322   1
c  1272   -1   1323   1
c  1272   -1   1220   1
c  1164   -1   1166   1
c  1164   -1   1215   1
c  819   -1   770   1
c  1214   -1   1163   1
c  1215   -1   1213   1
c  1215   -1   1264   1
c  1266   -1   1215   1
c  1266   -1   1165   1
c  1317   -1   1266   1
c  1317   -1   1165   1
c  621   -1   672   1
c  621   -1   721   1
c  623   -1   723   1
c  623   -1   724   1
c  523   -1   474   1
c  523   -1   574   1
c  574   -1   477   1
c  522   -1   573   1
c  522   -1   574   1
c  624   -1   575   1
c  622   -1   624   1
c  771   -1   820   1
c  723   -1   672   1
c  723   -1   774   1
c  672   -1   623   1
c  722   -1   724   1
c  772   -1   723   1
c  772   -1   724   1
c  472   -1   423   1
c  472   -1   523   1
c  820   -1   869   1
c  820   -1   871   1
c  474   -1   471   1
c  473   -1   524   1
c  473   -1   424   1
c  424   -1   323   1
c  424   -1   273   1
c  374   -1   423   1
c  374   -1   473   1
c  274   -1   272   1
c  274   -1   323   1
c  325   -1   425   1
c  325   -1   374   1
c  76   -1   125   1
c  76   -1   25   1
c  176   -1   127   1
c  176   -1   227   1
c  77   -1   26   1
c  77   -1   75   1
c  127   -1   78   1
c  127   -1   180   1
c  27   -1   76   1
c  27   -1   79   1
c  78   -1   27   1
c  78   -1   26   1
c  28   -1   77   1
c  28   -1   76   1
c  326   -1   377   1
c  426   -1   375   1
c  426   -1   325   1
c  227   -1   178   1
c  327   -1   276   1
c  327   -1   226   1
c  228   -1   328   1
c  228   -1   378   1
c  375   -1   377   1
c  375   -1   276   1
c  278   -1   227   1
c  278   -1   326   1
c  328   -1   277   1
c  328   -1   227   1
c  377   -1   328   1
c  377   -1   426   1
c  427   -1   327   1
c  427   -1   376   1
c  177   -1   128   1
c  177   -1   78   1
c  128   -1   179   1
c  128   -1   131   1
c  1253   -1   1655   1
c  1254   -1   1203   1
c  1303   -1   1252   1
c  1303   -1   1202   1
c  1151   -1   1202   1
c  1151   -1   1102   1
c  1201   -1   1252   1
c  1201   -1   1152   1
c  1251   -1   1351   1
c  1251   -1   1302   1
c  1361   -1   1410   1
c  1361   -1   1460   1
c  1312   -1   1263   1
c  1312   -1   1364   1
c  1309   -1   1311   1
c  1309   -1   1211   1
c  1262   -1   1311   1
c  1262   -1   1362   1
c  1263   -1   1214   1
c  1263   -1   1164   1
c  1406   -1   1255   1
c  1406   -1   1253   1
c  1304   -1   1404   1
c  1304   -1   1256   1
c  1355   -1   1454   1
c  1355   -1   1352   1
c  1306   -1   1406   1
c  1306   -1   1407   1
c  1354   -1   1305   1
c  1354   -1   1356   1
c  1356   -1   1305   1
c  1307   -1   1356   1
c  1307   -1   1258   1
c  1308   -1   1259   1
c  1308   -1   1260   1
c  1359   -1   1408   1
c  1359   -1   1407   1
c  1358   -1   1356   1
c  1358   -1   1457   1
c  1360   -1   1411   1
c  1360   -1   1461   1
c  973   -1   873   1
c  973   -1   874   1
c  1217   -1   1266   1
c  1217   -1   1317   1
c  1267   -1   1216   1
c  1267   -1   1215   1
c  1316   -1   1365   1
c  1316   -1   1267   1
c  1023   -1   1072   1
c  1023   -1   1021   1
c  1319   -1   1270   1
c  1319   -1   1370   1
c  1318   -1   1267   1
c  1318   -1   1269   1
c  1320   -1   1421   1
c  1320   -1   1471   1
c  1321   -1   1270   1
c  1321   -1   1221   1
c  821   -1   921   1
c  821   -1   772   1
c  872   -1   921   1
c  872   -1   972   1
c  1173   -1   1124   1
c  1173   -1   1126   1
c  1174   -1   1223   1
c  1073   -1   1024   1
c  1073   -1   1075   1
c  1074   -1   1072   1
c  1074   -1   1023   1
c  1024   -1   973   1
c  1024   -1   972   1
c  822   -1   824   1
c  822   -1   871   1
c  1271   -1   1322   1
c  1271   -1   1472   1
c  1223   -1   1272   1
c  1223   -1   1270   1
c  1124   -1   1075   1
c  1124   -1   1025   1
c  1273   -1   1324   1
c  1273   -1   1222   1
c  1322   -1   1320   1
c  1323   -1   1325   1
c  1323   -1   1274   1
c  1264   -1   1315   1
c  1264   -1   1313   1
c  1314   -1   1214   1
c  1314   -1   1363   1
c  1315   -1   1366   1
c  1315   -1   1214   1
c  1265   -1   1316   1
c  1265   -1   1317   1
c  1367   -1   1416   1
c  1367   -1   1466   1
c  1366   -1   1317   1
c  673   -1   722   1
c  673   -1   773   1
c  724   -1   726   1
c  724   -1   675   1
c  524   -1   624   1
c  524   -1   475   1
c  575   -1   475   1
c  575   -1   526   1
c  576   -1   574   1
c  576   -1   527   1
c  477   -1   479   1
c  477   -1   529   1
c  674   -1   725   1
c  674   -1   676   1
c  625   -1   676   1
c  625   -1   674   1
c  626   -1   675   1
c  626   -1   624   1
c  773   -1   775   1
c  773   -1   825   1
c  774   -1   674   1
c  774   -1   673   1
c  823   -1   772   1
c  823   -1   672   1
c  873   -1   773   1
c  873   -1   772   1
c  475   -1   426   1
c  475   -1   427   1
c  425   -1   476   1
c  425   -1   474   1
c  129   -1   77   1
c  129   -1   27   1
c  179   -1   77   1
c  178   -1   127   1
c  178   -1   132   1
c  79   -1   28   1
c  79   -1   127   1
c  180   -1   229   1
c  180   -1   231   1
c  29   -1   80   1
c  29   -1   27   1
c  476   -1   427   1
c  476   -1   377   1
c  229   -1   129   1
c  229   -1   231   1
c  378   -1   429   1
c  378   -1   329   1
c  279   -1   230   1
c  279   -1   328   1
c  330   -1   328   1
c  330   -1   278   1
c  329   -1   430   1
c  329   -1   480   1
c  428   -1   379   1
c  428   -1   328   1
c  130   -1   179   1
c  130   -1   128   1
c  80   -1   128   1
c  131   -1   133   1
c  131   -1   134   1
c  1655   -1   1706   1
c  1655   -1   1604   1
c  1302   -1   1351   1
c  1301   -1   1352   1
c  1301   -1   1252   1
c  1351   -1   1402   1
c  1351   -1   1252   1
c  1353   -1   1355   1
c  1353   -1   1302   1
c  1411   -1   1409   1
c  1411   -1   1458   1
c  1362   -1   1364   1
c  1362   -1   1314   1
c  1413   -1   1362   1
c  1413   -1   1361   1
c  1410   -1   1510   1
c  1410   -1   1560   1
c  1460   -1   1511   1
c  1460   -1   1409   1
c  1313   -1   1413   1
c  1364   -1   1416   1
c  1364   -1   1466   1
c  1405   -1   1454   1
c  1405   -1   1354   1
c  1456   -1   1507   1
c  1456   -1   1505   1
c  1407   -1   1458   1
c  1407   -1   1507   1
c  1455   -1   1406   1
c  1455   -1   1356   1
c  1403   -1   1354   1
c  1403   -1   1304   1
c  1404   -1   1355   1
c  1404   -1   1353   1
c  1506   -1   1457   1
c  1506   -1   1355   1
c  1454   -1   1457   1
c  1454   -1   1458   1
c  1352   -1   1403   1
c  1402   -1   1404   1
c  1402   -1   1354   1
c  1357   -1   1408   1
c  1357   -1   1409   1
c  1409   -1   1407   1
c  1409   -1   1308   1
c  1408   -1   1410   1
c  1408   -1   1457   1
c  1457   -1   1557   1
c  1457   -1   1505   1
c  1461   -1   1512   1
c  1461   -1   1463   1
c  874   -1   923   1
c  874   -1   974   1
c  1365   -1   1367   1
c  1369   -1   1418   1
c  1369   -1   1517   1
c  1368   -1   1319   1
c  1368   -1   1466   1
c  1370   -1   1318   1
c  1421   -1   1321   1
c  1421   -1   1323   1
c  1471   -1   1473   1
c  1471   -1   1571   1
c  1371   -1   1322   1
c  1371   -1   1424   1
c  924   -1   873   1
c  924   -1   823   1
c  1126   -1   1177   1
c  1126   -1   1178   1
c  1224   -1   1324   1
c  1224   -1   1326   1
c  1175   -1   1126   1
c  1175   -1   1127   1
c  1125   -1   1174   1
c  1125   -1   1074   1
c  1274   -1   1223   1
c  1274   -1   1174   1
c  1225   -1   1174   1
c  1225   -1   1325   1
c  1075   -1   1175   1
c  1075   -1   1024   1
c  1025   -1   1027   1
c  1025   -1   1077   1
c  975   -1   924   1
c  975   -1   926   1
c  925   -1   974   1
c  925   -1   976   1
c  824   -1   773   1
c  824   -1   873   1
c  1472   -1   1521   1
c  1472   -1   1571   1
c  1373   -1   1322   1
c  1373   -1   1273   1
c  1324   -1   1375   1
c  1324   -1   1376   1
c  1372   -1   1323   1
c  1372   -1   1523   1
c  1325   -1   1376   1
c  1325   -1   1425   1
c  1363   -1   1264   1
c  1415   -1   1315   1
c  1415   -1   1366   1
c  1515   -1   1415   1
c  1515   -1   1315   1
c  1417   -1   1468   1
c  1417   -1   1517   1
c  1416   -1   1465   1
c  1416   -1   1414   1
c  1466   -1   1515   1
c  1466   -1   1468   1
c  675   -1   673   1
c  675   -1   777   1
c  725   -1   774   1
c  725   -1   824   1
c  775   -1   724   1
c  775   -1   826   1
c  726   -1   675   1
c  525   -1   527   1
c  525   -1   627   1
c  526   -1   626   1
c  526   -1   627   1
c  577   -1   626   1
c  577   -1   528   1
c  627   -1   576   1
c  627   -1   527   1
c  527   -1   579   1
c  478   -1   527   1
c  478   -1   626   1
c  479   -1   528   1
c  479   -1   579   1
c  529   -1   580   1
c  529   -1   428   1
c  676   -1   776   1
c  676   -1   727   1
c  677   -1   626   1
c  677   -1   726   1
c  825   -1   874   1
c  825   -1   925   1
c  776   -1   727   1
c  776   -1   774   1
c  132   -1   181   1
c  132   -1   81   1
c  230   -1   281   1
c  230   -1   331   1
c  181   -1   130   1
c  181   -1   83   1
c  231   -1   182   1
c  231   -1   131   1
c  30   -1   32   1
c  30   -1   182   1
c  280   -1   329   1
c  280   -1   229   1
c  379   -1   279   1
c  379   -1   530   1
c  429   -1   431   1
c  429   -1   432   1
c  380   -1   281   1
c  331   -1   382   1
c  331   -1   380   1
c  430   -1   379   1
c  430   -1   432   1
c  480   -1   529   1
c  480   -1   429   1
c  81   -1   181   1
c  81   -1   130   1
c  82   -1   84   1
c  82   -1   131   1
c  133   -1   184   1
c  133   -1   233   1
c  134   -1   183   1
c  134   -1   83   1
c  1605   -1   1656   1
c  1605   -1   1706   1
c  1654   -1   1605   1
c  1654   -1   1705   1
c  1705   -1   1656   1
c  1656   -1   1756   1
c  1656   -1   1755   1
c  1653   -1   1655   1
c  1653   -1   1705   1
c  1657   -1   1655   1
c  1657   -1   1705   1
c  1805   -1   1705   1
c  1805   -1   1655   1
c  1706   -1   1708   1
c  1604   -1   1555   1
c  1604   -1   1504   1
c  1401   -1   1452   1
c  1401   -1   1404   1
c  1412   -1   1410   1
c  1412   -1   1463   1
c  1462   -1   1411   1
c  1462   -1   1513   1
c  1458   -1   1509   1
c  1458   -1   1558   1
c  1463   -1   1363   1
c  1414   -1   1463   1
c  1414   -1   1514   1
c  1464   -1   1415   1
c  1464   -1   1413   1
c  1459   -1   1461   1
c  1459   -1   1410   1
c  1510   -1   1561   1
c  1510   -1   1513   1
c  1560   -1   1558   1
c  1560   -1   1608   1
c  1511   -1   1562   1
c  1511   -1   1560   1
c  1465   -1   1414   1
c  1465   -1   1364   1
c  1507   -1   1608   1
c  1507   -1   1658   1
c  1505   -1   1605   1
c  1505   -1   1606   1
c  1556   -1   1505   1
c  1556   -1   1455   1
c  1453   -1   1404   1
c  1453   -1   1505   1
c  1451   -1   1402   1
c  1451   -1   1403   1
c  1557   -1   1606   1
c  1557   -1   1506   1
c  1509   -1   1560   1
c  1509   -1   1506   1
c  1504   -1   1555   1
c  1504   -1   1553   1
c  1452   -1   1454   1
c  1452   -1   1501   1
c  1503   -1   1454   1
c  1503   -1   1653   1
c  1555   -1   1454   1
c  1501   -1   1503   1
c  1501   -1   1402   1
c  1512   -1   1463   1
c  1512   -1   1514   1
c  875   -1   924   1
c  875   -1   926   1
c  1419   -1   1470   1
c  1419   -1   1368   1
c  1420   -1   1422   1
c  1420   -1   1369   1
c  1418   -1   1469   1
c  1517   -1   1566   1
c  1517   -1   1415   1
c  1422   -1   1373   1
c  1422   -1   1474   1
c  1470   -1   1519   1
c  1470   -1   1521   1
c  1521   -1   1572   1
c  1521   -1   1622   1
c  1473   -1   1422   1
c  1424   -1   1473   1
c  1424   -1   1524   1
c  926   -1   877   1
c  926   -1   924   1
c  1076   -1   976   1
c  1076   -1   1025   1
c  1176   -1   1178   1
c  1127   -1   1176   1
c  1127   -1   1226   1
c  1077   -1   1126   1
c  1077   -1   1125   1
c  1128   -1   1077   1
c  1128   -1   1126   1
c  1230   -1   1126   1
c  1177   -1   1277   1
c  1177   -1   1276   1
c  1178   -1   1127   1
c  1178   -1   1227   1
c  1326   -1   1377   1
c  1226   -1   1177   1
c  1226   -1   1125   1
c  1275   -1   1326   1
c  1275   -1   1327   1
c  1026   -1   1077   1
c  1026   -1   1075   1
c  1027   -1   927   1
c  1027   -1   976   1
c  976   -1   927   1
c  1522   -1   1573   1
c  1522   -1   1571   1
c  1572   -1   1472   1
c  1573   -1   1473   1
c  1573   -1   1472   1
c  1423   -1   1474   1
c  1423   -1   1475   1
c  1374   -1   1325   1
c  1374   -1   1426   1
c  1375   -1   1377   1
c  1375   -1   1575   1
c  1376   -1   1276   1
c  1376   -1   1427   1
c  1523   -1   1474   1
c  1523   -1   1726   1
c  1425   -1   1476   1
c  1425   -1   1525   1
c  1514   -1   1565   1
c  1514   -1   1462   1
c  1565   -1   1563   1
c  1565   -1   1463   1
c  1516   -1   1567   1
c  1516   -1   1518   1
c  1513   -1   1515   1
c  1513   -1   1465   1
c  1564   -1   1615   1
c  1564   -1   1515   1
c  1566   -1   1515   1
c  1566   -1   1615   1
c  1467   -1   1516   1
c  1467   -1   1615   1
c  1468   -1   1517   1
c  777   -1   780   1
c  826   -1   777   1
c  826   -1   727   1
c  727   -1   778   1
c  728   -1   726   1
c  728   -1   777   1
c  578   -1   527   1
c  578   -1   478   1
c  528   -1   629   1
c  528   -1   679   1
c  628   -1   580   1
c  579   -1   630   1
c  579   -1   628   1
c  530   -1   581   1
c  530   -1   381   1
c  629   -1   578   1
c  629   -1   529   1
c  580   -1   679   1
c  678   -1   629   1
c  678   -1   727   1
c  827   -1   876   1
c  827   -1   776   1
c  828   -1   777   1
c  828   -1   776   1
c  182   -1   233   1
c  182   -1   234   1
c  31   -1   82   1
c  31   -1   132   1
c  232   -1   181   1
c  232   -1   230   1
c  281   -1   283   1
c  281   -1   284   1
c  32   -1   81   1
c  32   -1   181   1
c  83   -1   183   1
c  83   -1   182   1
c  233   -1   231   1
c  481   -1   429   1
c  431   -1   482   1
c  431   -1   281   1
c  432   -1   481   1
c  432   -1   383   1
c  381   -1   430   1
c  381   -1   481   1
c  332   -1   283   1
c  332   -1   381   1
c  382   -1   333   1
c  382   -1   482   1
c  84   -1   184   1
c  183   -1   283   1
c  183   -1   234   1
c  34   -1   83   1
c  34   -1   133   1
c  184   -1   136   1
c  135   -1   36   1
c  1606   -1   1608   1
c  1704   -1   1755   1
c  1704   -1   1804   1
c  1755   -1   1706   1
c  1707   -1   1807   1
c  1707   -1   1705   1
c  1806   -1   1855   1
c  1806   -1   1705   1
c  1756   -1   1807   1
c  1756   -1   1808   1
c  1603   -1   1552   1
c  1652   -1   1703   1
c  1703   -1   1603   1
c  1703   -1   1602   1
c  1607   -1   1708   1
c  1607   -1   1758   1
c  1658   -1   1709   1
c  1658   -1   1758   1
c  1804   -1   1753   1
c  1804   -1   1853   1
c  1855   -1   1904   1
c  1854   -1   1805   1
c  1854   -1   1806   1
c  1708   -1   1759   1
c  1708   -1   1660   1
c  1554   -1   1503   1
c  1554   -1   1603   1
c  1602   -1   1604   1
c  1602   -1   1554   1
c  1562   -1   1513   1
c  1562   -1   1462   1
c  1508   -1   1557   1
c  1508   -1   1459   1
c  1559   -1   1508   1
c  1559   -1   1458   1
c  1558   -1   1507   1
c  1558   -1   1504   1
c  1610   -1   1510   1
c  1610   -1   1658   1
c  1561   -1   1512   1
c  1561   -1   1513   1
c  1608   -1   1557   1
c  1608   -1   1508   1
c  1502   -1   1451   1
c  1502   -1   1453   1
c  1553   -1   1602   1
c  1553   -1   1652   1
c  1552   -1   1501   1
c  1552   -1   1452   1
c  1551   -1   1502   1
c  1551   -1   1602   1
c  1611   -1   1562   1
c  1611   -1   1512   1
c  876   -1   878   1
c  876   -1   927   1
c  1469   -1   1520   1
c  1469   -1   1518   1
c  1519   -1   1568   1
c  1519   -1   1419   1
c  1567   -1   1518   1
c  1567   -1   1616   1
c  1518   -1   1569   1
c  1617   -1   1517   1
c  1617   -1   1568   1
c  1568   -1   1517   1
c  1474   -1   1425   1
c  1474   -1   1526   1
c  1520   -1   1571   1
c  1622   -1   1620   1
c  1622   -1   1671   1
c  1524   -1   1473   1
c  1524   -1   1423   1
c  1475   -1   1524   1
c  1475   -1   1473   1
c  1570   -1   1670   1
c  1570   -1   1669   1
c  1621   -1   1570   1
c  1621   -1   1670   1
c  927   -1   978   1
c  927   -1   979   1
c  877   -1   928   1
c  877   -1   879   1
c  1276   -1   1176   1
c  1227   -1   1276   1
c  1227   -1   1127   1
c  1078   -1   1178   1
c  1078   -1   1228   1
c  1129   -1   1081   1
c  1129   -1   1031   1
c  1080   -1   1180   1
c  1080   -1   1128   1
c  1180   -1   1231   1
c  1180   -1   1229   1
c  1229   -1   1178   1
c  1229   -1   1227   1
c  1280   -1   1331   1
c  1280   -1   1329   1
c  1231   -1   1282   1
c  1179   -1   1130   1
c  1179   -1   1230   1
c  1277   -1   1275   1
c  1277   -1   1326   1
c  1228   -1   1277   1
c  1228   -1   1327   1
c  1327   -1   1378   1
c  1377   -1   1328   1
c  1377   -1   1428   1
c  977   -1   1026   1
c  1028   -1   979   1
c  1028   -1   980   1
c  978   -1   1027   1
c  1623   -1   1672   1
c  1623   -1   1621   1
c  1574   -1   1475   1
c  1574   -1   1425   1
c  1426   -1   1428   1
c  1426   -1   1379   1
c  1575   -1   1577   1
c  1575   -1   1526   1
c  1477   -1   1376   1
c  1427   -1   1478   1
c  1427   -1   1330   1
c  1726   -1   1626   1
c  1726   -1   1576   1
c  1526   -1   1577   1
c  1526   -1   1425   1
c  1476   -1   1527   1
c  1476   -1   1427   1
c  1525   -1   1476   1
c  1525   -1   1576   1
c  1615   -1   1664   1
c  1665   -1   1716   1
c  1665   -1   1565   1
c  1563   -1   1663   1
c  1563   -1   1664   1
c  1614   -1   1563   1
c  1614   -1   1612   1
c  1613   -1   1564   1
c  1613   -1   1664   1
c  1714   -1   1763   1
c  1714   -1   1564   1
c  1715   -1   1564   1
c  1715   -1   1563   1
c  1616   -1   1665   1
c  1616   -1   1715   1
c  778   -1   730   1
c  730   -1   777   1
c  730   -1   827   1
c  780   -1   728   1
c  729   -1   780   1
c  729   -1   778   1
c  679   -1   730   1
c  630   -1   679   1
c  630   -1   632   1
c  531   -1   582   1
c  531   -1   580   1
c  581   -1   632   1
c  680   -1   631   1
c  680   -1   629   1
c  631   -1   580   1
c  631   -1   683   1
c  878   -1   929   1
c  878   -1   829   1
c  829   -1   729   1
c  829   -1   778   1
c  779   -1   828   1
c  779   -1   730   1
c  234   -1   283   1
c  234   -1   334   1
c  282   -1   333   1
c  282   -1   233   1
c  333   -1   232   1
c  185   -1   183   1
c  185   -1   232   1
c  283   -1   285   1
c  284   -1   233   1
c  284   -1   83   1
c  33   -1   84   1
c  33   -1   85   1
c  482   -1   433   1
c  482   -1   381   1
c  383   -1   385   1
c  383   -1   481   1
c  433   -1   333   1
c  433   -1   431   1
c  532   -1   432   1
c  532   -1   483   1
c  483   -1   383   1
c  483   -1   432   1
c  384   -1   382   1
c  384   -1   386   1
c  85   -1   37   1
c  35   -1   84   1
c  35   -1   86   1
c  285   -1   184   1
c  136   -1   187   1
c  136   -1   37   1
c  86   -1   135   1
c  86   -1   186   1
c  137   -1   88   1
c  137   -1   135   1
c  36   -1   85   1
c  36   -1   136   1
c  1754   -1   1703   1
c  1752   -1   1754   1
c  1752   -1   1704   1
c  1803   -1   1703   1
c  1803   -1   1704   1
c  1757   -1   1708   1
c  1757   -1   1806   1
c  1758   -1   1807   1
c  1758   -1   1707   1
c  1807   -1   1908   1
c  1856   -1   1956   1
c  1856   -1   1756   1
c  1808   -1   1859   1
c  1808   -1   1759   1
c  1601   -1   1652   1
c  1601   -1   1603   1
c  1651   -1   1702   1
c  1651   -1   1602   1
c  1702   -1   1751   1
c  1702   -1   1754   1
c  1753   -1   1802   1
c  1753   -1   1852   1
c  1701   -1   1703   1
c  1701   -1   1802   1
c  1659   -1   1708   1
c  1659   -1   1610   1
c  1709   -1   1660   1
c  1853   -1   1855   1
c  1905   -1   1954   1
c  1905   -1   2002   1
c  1904   -1   2054   1
c  1902   -1   1853   1
c  1902   -1   1854   1
c  1710   -1   1610   1
c  1710   -1   1708   1
c  1759   -1   1810   1
c  1759   -1   1710   1
c  1660   -1   1611   1
c  1660   -1   1761   1
c  1612   -1   1663   1
c  1612   -1   1661   1
c  1609   -1   1660   1
c  1609   -1   1710   1
c  1661   -1   1712   1
c  1569   -1   1620   1
c  1569   -1   1670   1
c  1667   -1   1716   1
c  1667   -1   1567   1
c  1666   -1   1567   1
c  1666   -1   1568   1
c  1618   -1   1669   1
c  1618   -1   1667   1
c  1668   -1   1717   1
c  1668   -1   1617   1
c  1619   -1   1568   1
c  1619   -1   1670   1
c  1620   -1   1671   1
c  1620   -1   1520   1
c  1672   -1   1674   1
c  1672   -1   1621   1
c  1673   -1   1724   1
c  1673   -1   1622   1
c  1671   -1   1722   1
c  1624   -1   1575   1
c  1624   -1   1524   1
c  1670   -1   1719   1
c  1669   -1   1718   1
c  1669   -1   1769   1
c  928   -1   1028   1
c  928   -1   977   1
c  979   -1   1030   1
c  979   -1   981   1
c  879   -1   977   1
c  879   -1   1033   1
c  1079   -1   979   1
c  1079   -1   978   1
c  1130   -1   1181   1
c  1130   -1   1079   1
c  1131   -1   1129   1
c  1131   -1   1180   1
c  1081   -1   1029   1
c  1081   -1   979   1
c  1031   -1   1080   1
c  1031   -1   1029   1
c  1030   -1   978   1
c  1281   -1   1330   1
c  1281   -1   1080   1
c  1181   -1   1281   1
c  1181   -1   1282   1
c  1279   -1   1330   1
c  1279   -1   1331   1
c  1278   -1   1327   1
c  1278   -1   1229   1
c  1330   -1   1379   1
c  1330   -1   1381   1
c  1329   -1   1278   1
c  1329   -1   1331   1
c  1232   -1   1332   1
c  1232   -1   1333   1
c  1182   -1   1231   1
c  1182   -1   1130   1
c  1233   -1   1282   1
c  1233   -1   1231   1
c  1282   -1   1331   1
c  1282   -1   1183   1
c  1328   -1   1279   1
c  1328   -1   1281   1
c  1378   -1   1429   1
c  1378   -1   1329   1
c  1428   -1   1477   1
c  1029   -1   978   1
c  1029   -1   980   1
c  980   -1   880   1
c  980   -1   978   1
c  1674   -1   1623   1
c  1674   -1   1723   1
c  1379   -1   1428   1
c  1379   -1   1430   1
c  1625   -1   1676   1
c  1625   -1   1674   1
c  1576   -1   1625   1
c  1576   -1   1674   1
c  1577   -1   1625   1
c  1527   -1   1675   1
c  1478   -1   1527   1
c  1478   -1   1429   1
c  1578   -1   1527   1
c  1578   -1   1477   1
c  1529   -1   1478   1
c  1529   -1   1477   1
c  1725   -1   1776   1
c  1725   -1   1826   1
c  1776   -1   1727   1
c  1727   -1   1678   1
c  1727   -1   1676   1
c  1627   -1   1676   1
c  1627   -1   1726   1
c  1626   -1   1675   1
c  1626   -1   1725   1
c  1713   -1   1762   1
c  1713   -1   1615   1
c  1664   -1   1616   1
c  1716   -1   1616   1
c  1663   -1   1714   1
c  1764   -1   1813   1
c  1764   -1   1713   1
c  1816   -1   1765   1
c  1816   -1   1714   1
c  1763   -1   1812   1
c  1763   -1   1863   1
c  1765   -1   1814   1
c  1765   -1   1811   1
c  731   -1   680   1
c  731   -1   630   1
c  781   -1   730   1
c  781   -1   680   1
c  830   -1   879   1
c  830   -1   930   1
c  831   -1   780   1
c  831   -1   880   1
c  632   -1   733   1
c  632   -1   584   1
c  582   -1   631   1
c  681   -1   683   1
c  681   -1   733   1
c  833   -1   782   1
c  833   -1   680   1
c  683   -1   634   1
c  683   -1   635   1
c  929   -1   931   1
c  235   -1   286   1
c  235   -1   284   1
c  334   -1   285   1
c  334   -1   235   1
c  287   -1   236   1
c  287   -1   185   1
c  385   -1   436   1
c  385   -1   283   1
c  434   -1   483   1
c  434   -1   385   1
c  484   -1   533   1
c  484   -1   433   1
c  533   -1   584   1
c  533   -1   633   1
c  534   -1   634   1
c  534   -1   483   1
c  435   -1   484   1
c  435   -1   483   1
c  386   -1   435   1
c  37   -1   86   1
c  37   -1   88   1
c  335   -1   337   1
c  335   -1   286   1
c  286   -1   288   1
c  236   -1   238   1
c  236   -1   285   1
c  87   -1   136   1
c  87   -1   186   1
c  187   -1   36   1
c  88   -1   86   1
c  39   -1   41   1
c  39   -1   86   1
c  138   -1   87   1
c  138   -1   187   1
c  188   -1   137   1
c  1751   -1   1802   1
c  1802   -1   1902   1
c  1801   -1   1752   1
c  1801   -1   1702   1
c  1852   -1   1801   1
c  1852   -1   1752   1
c  1858   -1   1807   1
c  1858   -1   1757   1
c  1809   -1   1758   1
c  1809   -1   1858   1
c  1857   -1   1955   1
c  1857   -1   2005   1
c  1908   -1   2008   1
c  1908   -1   2058   1
c  1906   -1   1957   1
c  1906   -1   1958   1
c  1956   -1   2005   1
c  1956   -1   2055   1
c  1859   -1   1908   1
c  1810   -1   1709   1
c  1903   -1   1901   1
c  1903   -1   1852   1
c  1851   -1   1802   1
c  1851   -1   1853   1
c  1952   -1   1903   1
c  1952   -1   1853   1
c  1955   -1   1953   1
c  1955   -1   2003   1
c  2055   -1   1955   1
c  2055   -1   1905   1
c  1954   -1   2003   1
c  1954   -1   1902   1
c  2002   -1   2051   1
c  2002   -1   1851   1
c  2003   -1   1903   1
c  2003   -1   1904   1
c  2054   -1   2105   1
c  2054   -1   2002   1
c  1901   -1   1952   1
c  1901   -1   2002   1
c  1951   -1   1902   1
c  1951   -1   1852   1
c  1760   -1   1809   1
c  1760   -1   1859   1
c  1711   -1   1713   1
c  1711   -1   1811   1
c  1761   -1   1759   1
c  1761   -1   1810   1
c  1662   -1   1660   1
c  1662   -1   1664   1
c  1712   -1   1761   1
c  1717   -1   1619   1
c  1718   -1   1720   1
c  1722   -1   1673   1
c  1722   -1   1674   1
c  1771   -1   1722   1
c  1771   -1   1672   1
c  1723   -1   1672   1
c  1723   -1   1823   1
c  1721   -1   1670   1
c  1721   -1   1770   1
c  1720   -1   1771   1
c  1720   -1   1820   1
c  1719   -1   1770   1
c  1719   -1   1768   1
c  1769   -1   1816   1
c  1769   -1   1865   1
c  930   -1   928   1
c  930   -1   979   1
c  981   -1   1030   1
c  981   -1   1029   1
c  880   -1   929   1
c  880   -1   833   1
c  1033   -1   1035   1
c  1033   -1   1084   1
c  1132   -1   1081   1
c  1132   -1   1130   1
c  1082   -1   1133   1
c  1082   -1   1131   1
c  982   -1   1081   1
c  982   -1   1030   1
c  1083   -1   1032   1
c  1083   -1   1081   1
c  1032   -1   1030   1
c  1032   -1   981   1
c  1381   -1   1279   1
c  1380   -1   1431   1
c  1380   -1   1480   1
c  1332   -1   1432   1
c  1332   -1   1283   1
c  1382   -1   1331   1
c  1382   -1   1380   1
c  1333   -1   1182   1
c  1183   -1   1283   1
c  1183   -1   1284   1
c  1283   -1   1285   1
c  1283   -1   1286   1
c  1234   -1   1285   1
c  1234   -1   1237   1
c  1429   -1   1431   1
c  931   -1   980   1
c  931   -1   982   1
c  1675   -1   1775   1
c  1675   -1   1724   1
c  1430   -1   1479   1
c  1579   -1   1577   1
c  1579   -1   1730   1
c  1678   -1   1680   1
c  1678   -1   1577   1
c  1530   -1   1630   1
c  1530   -1   1577   1
c  1528   -1   1579   1
c  1528   -1   1482   1
c  1479   -1   1528   1
c  1479   -1   1579   1
c  1628   -1   1728   1
c  1628   -1   1729   1
c  1531   -1   1529   1
c  1531   -1   1479   1
c  1677   -1   1580   1
c  1677   -1   1530   1
c  1775   -1   1826   1
c  1775   -1   1777   1
c  1826   -1   1774   1
c  1826   -1   1924   1
c  1777   -1   1828   1
c  1777   -1   1826   1
c  1679   -1   1728   1
c  1679   -1   1727   1
c  1729   -1   1627   1
c  1811   -1   1862   1
c  1811   -1   1713   1
c  1762   -1   1711   1
c  1762   -1   1811   1
c  1766   -1   1866   1
c  1766   -1   1969   1
c  1768   -1   1766   1
c  1768   -1   1716   1
c  1814   -1   1865   1
c  1814   -1   1766   1
c  1865   -1   1764   1
c  1813   -1   1913   1
c  1813   -1   1965   1
c  1815   -1   1817   1
c  1815   -1   1866   1
c  1866   -1   1817   1
c  1866   -1   1864   1
c  1817   -1   1868   1
c  1812   -1   1712   1
c  1812   -1   1814   1
c  1863   -1   1762   1
c  1767   -1   1818   1
c  1767   -1   1765   1
c  732   -1   783   1
c  732   -1   683   1
c  782   -1   831   1
c  782   -1   881   1
c  832   -1   783   1
c  832   -1   830   1
c  881   -1   981   1
c  881   -1   930   1
c  882   -1   831   1
c  882   -1   933   1
c  682   -1   733   1
c  633   -1   682   1
c  633   -1   582   1
c  733   -1   684   1
c  584   -1   434   1
c  583   -1   537   1
c  583   -1   436   1
c  783   -1   834   1
c  883   -1   834   1
c  883   -1   784   1
c  834   -1   885   1
c  834   -1   934   1
c  784   -1   833   1
c  784   -1   782   1
c  684   -1   633   1
c  684   -1   732   1
c  634   -1   685   1
c  634   -1   686   1
c  635   -1   584   1
c  635   -1   583   1
c  237   -1   186   1
c  237   -1   286   1
c  337   -1   238   1
c  337   -1   288   1
c  288   -1   236   1
c  336   -1   287   1
c  336   -1   237   1
c  436   -1   485   1
c  436   -1   487   1
c  485   -1   536   1
c  485   -1   534   1
c  535   -1   586   1
c  535   -1   584   1
c  387   -1   338   1
c  387   -1   288   1
c  437   -1   386   1
c  437   -1   388   1
c  38   -1   138   1
c  38   -1   90   1
c  238   -1   138   1
c  238   -1   187   1
c  89   -1   140   1
c  89   -1   40   1
c  40   -1   91   1
c  40   -1   92   1
c  41   -1   141   1
c  41   -1   90   1
c  139   -1   190   1
c  139   -1   188   1
c  189   -1   191   1
c  189   -1   241   1
c  239   -1   339   1
c  239   -1   188   1
c  1953   -1   1852   1
c  1953   -1   1851   1
c  1910   -1   1859   1
c  1910   -1   1809   1
c  1907   -1   2007   1
c  1907   -1   2006   1
c  2005   -1   2007   1
c  2005   -1   2156   1
c  1958   -1   2007   1
c  1958   -1   2004   1
c  1909   -1   1960   1
c  1909   -1   2009   1
c  2007   -1   2056   1
c  2007   -1   1908   1
c  2008   -1   2059   1
c  2058   -1   2007   1
c  1957   -1   2057   1
c  1957   -1   2058   1
c  2006   -1   1957   1
c  2006   -1   2008   1
c  1860   -1   1911   1
c  1860   -1   1961   1
c  2001   -1   1952   1
c  2001   -1   2003   1
c  2052   -1   2103   1
c  2052   -1   1952   1
c  2105   -1   2154   1
c  2105   -1   2152   1
c  2056   -1   2054   1
c  2056   -1   2104   1
c  2004   -1   2052   1
c  2004   -1   2102   1
c  2051   -1   2053   1
c  2051   -1   2054   1
c  2053   -1   2102   1
c  2053   -1   2203   1
c  2104   -1   2004   1
c  2104   -1   2003   1
c  2103   -1   2152   1
c  2103   -1   2054   1
c  2151   -1   2102   1
c  2151   -1   2054   1
c  1772   -1   1723   1
c  1772   -1   1823   1
c  1770   -1   1772   1
c  1770   -1   1821   1
c  1821   -1   1772   1
c  1820   -1   1871   1
c  1820   -1   1771   1
c  1773   -1   1824   1
c  1773   -1   1724   1
c  1774   -1   1723   1
c  1774   -1   1825   1
c  1823   -1   1874   1
c  1823   -1   1872   1
c  1818   -1   1769   1
c  1818   -1   1719   1
c  1819   -1   1868   1
c  1819   -1   1768   1
c  1868   -1   1769   1
c  1867   -1   1918   1
c  1867   -1   1769   1
c  932   -1   981   1
c  932   -1   930   1
c  983   -1   1032   1
c  983   -1   1082   1
c  1034   -1   1036   1
c  1034   -1   983   1
c  984   -1   1033   1
c  984   -1   1032   1
c  1035   -1   1084   1
c  1035   -1   1037   1
c  1084   -1   984   1
c  1084   -1   1036   1
c  1133   -1   1084   1
c  1133   -1   1184   1
c  933   -1   982   1
c  1431   -1   1480   1
c  1334   -1   1332   1
c  1334   -1   1289   1
c  1432   -1   1481   1
c  1432   -1   1383   1
c  1383   -1   1334   1
c  1383   -1   1284   1
c  1482   -1   1531   1
c  1482   -1   1382   1
c  1481   -1   1382   1
c  1384   -1   1333   1
c  1384   -1   1335   1
c  1184   -1   1135   1
c  1184   -1   1084   1
c  1284   -1   1335   1
c  1284   -1   1337   1
c  1285   -1   1236   1
c  1286   -1   1335   1
c  1286   -1   1435   1
c  1235   -1   1286   1
c  1235   -1   1184   1
c  1237   -1   1337   1
c  1237   -1   1188   1
c  1629   -1   1680   1
c  1629   -1   1678   1
c  1580   -1   1631   1
c  1580   -1   1681   1
c  1583   -1   1579   1
c  1730   -1   1732   1
c  1730   -1   1682   1
c  1680   -1   1729   1
c  1680   -1   1731   1
c  1582   -1   1531   1
c  1582   -1   1530   1
c  1630   -1   1679   1
c  1630   -1   1632   1
c  1581   -1   1583   1
c  1581   -1   1633   1
c  1532   -1   1583   1
c  1532   -1   1481   1
c  1825   -1   1823   1
c  1825   -1   1773   1
c  1876   -1   1928   1
c  1876   -1   1978   1
c  1827   -1   1829   1
c  1827   -1   1778   1
c  1926   -1   1875   1
c  1926   -1   1826   1
c  1924   -1   1973   1
c  1924   -1   1972   1
c  1778   -1   1829   1
c  1778   -1   1780   1
c  1829   -1   1878   1
c  1829   -1   1777   1
c  1828   -1   1877   1
c  1828   -1   1876   1
c  1779   -1   1728   1
c  1779   -1   1828   1
c  1780   -1   1729   1
c  1861   -1   1910   1
c  1861   -1   1863   1
c  1862   -1   1813   1
c  1862   -1   1962   1
c  1969   -1   2020   1
c  1969   -1   2121   1
c  1864   -1   1815   1
c  1864   -1   1813   1
c  1915   -1   2015   1
c  1915   -1   2016   1
c  1914   -1   1865   1
c  1914   -1   2014   1
c  1916   -1   1865   1
c  1916   -1   1864   1
c  1913   -1   1964   1
c  1913   -1   1864   1
c  1965   -1   2016   1
c  1965   -1   1916   1
c  1869   -1   1818   1
c  1869   -1   1866   1
c  734   -1   736   1
c  734   -1   786   1
c  735   -1   786   1
c  735   -1   733   1
c  585   -1   536   1
c  585   -1   688   1
c  537   -1   588   1
c  537   -1   638   1
c  884   -1   935   1
c  884   -1   933   1
c  885   -1   883   1
c  835   -1   935   1
c  835   -1   735   1
c  785   -1   734   1
c  785   -1   834   1
c  934   -1   885   1
c  934   -1   886   1
c  685   -1   636   1
c  685   -1   637   1
c  686   -1   737   1
c  686   -1   738   1
c  636   -1   538   1
c  636   -1   692   1
c  338   -1   389   1
c  338   -1   340   1
c  388   -1   337   1
c  388   -1   439   1
c  289   -1   189   1
c  289   -1   340   1
c  339   -1   288   1
c  339   -1   388   1
c  486   -1   537   1
c  486   -1   488   1
c  536   -1   487   1
c  536   -1   436   1
c  487   -1   538   1
c  487   -1   588   1
c  438   -1   536   1
c  438   -1   535   1
c  586   -1   637   1
c  586   -1   688   1
c  439   -1   437   1
c  90   -1   141   1
c  191   -1   238   1
c  192   -1   90   1
c  192   -1   89   1
c  140   -1   189   1
c  140   -1   191   1
c  91   -1   142   1
c  91   -1   140   1
c  92   -1   193   1
c  42   -1   93   1
c  42   -1   44   1
c  141   -1   139   1
c  190   -1   239   1
c  190   -1   289   1
c  240   -1   189   1
c  240   -1   291   1
c  241   -1   141   1
c  241   -1   243   1
c  1960   -1   2009   1
c  1960   -1   2011   1
c  1911   -1   1862   1
c  1911   -1   1962   1
c  2156   -1   2207   1
c  2156   -1   2158   1
c  1959   -1   2008   1
c  1959   -1   2056   1
c  2009   -1   1958   1
c  2057   -1   2006   1
c  2057   -1   2205   1
c  2059   -1   2061   1
c  2108   -1   2157   1
c  2108   -1   2056   1
c  2106   -1   2155   1
c  2106   -1   2006   1
c  1961   -1   2012   1
c  1961   -1   2062   1
c  2101   -1   2001   1
c  2101   -1   2152   1
c  2102   -1   2153   1
c  2102   -1   2154   1
c  2155   -1   2352   1
c  2154   -1   2156   1
c  2152   -1   2053   1
c  2153   -1   2104   1
c  2153   -1   2056   1
c  2203   -1   2254   1
c  2203   -1   2103   1
c  2204   -1   2202   1
c  2204   -1   2104   1
c  2205   -1   2154   1
c  2205   -1   2104   1
c  2201   -1   2152   1
c  2201   -1   2301   1
c  1822   -1   1873   1
c  1822   -1   1824   1
c  1874   -1   1822   1
c  1874   -1   1772   1
c  1871   -1   1920   1
c  1871   -1   1822   1
c  1870   -1   1819   1
c  1870   -1   1918   1
c  1920   -1   1820   1
c  1920   -1   2020   1
c  1921   -1   1870   1
c  1921   -1   1820   1
c  1824   -1   1875   1
c  1824   -1   1873   1
c  1873   -1   1922   1
c  1872   -1   1923   1
c  1872   -1   1874   1
c  1918   -1   1967   1
c  1917   -1   1869   1
c  1917   -1   2165   1
c  985   -1   1034   1
c  985   -1   1036   1
c  1036   -1   1038   1
c  1036   -1   1039   1
c  1085   -1   1134   1
c  1085   -1   1184   1
c  1037   -1   1086   1
c  1037   -1   1085   1
c  1134   -1   1185   1
c  1134   -1   1235   1
c  1135   -1   1084   1
c  1385   -1   1334   1
c  1385   -1   1383   1
c  1289   -1   1189   1
c  1289   -1   1139   1
c  1433   -1   1435   1
c  1433   -1   1384   1
c  1434   -1   1385   1
c  1434   -1   1383   1
c  1336   -1   1287   1
c  1336   -1   1383   1
c  1483   -1   1532   1
c  1483   -1   1534   1
c  1533   -1   1584   1
c  1533   -1   1482   1
c  1534   -1   1532   1
c  1534   -1   1482   1
c  1386   -1   1435   1
c  1386   -1   1384   1
c  1185   -1   1285   1
c  1185   -1   1236   1
c  1337   -1   1386   1
c  1337   -1   1437   1
c  1136   -1   1187   1
c  1136   -1   1285   1
c  1236   -1   1288   1
c  1287   -1   1238   1
c  1287   -1   1338   1
c  1187   -1   1236   1
c  1187   -1   1286   1
c  1435   -1   1387   1
c  1186   -1   1235   1
c  1186   -1   1087   1
c  1238   -1   1189   1
c  1238   -1   1139   1
c  1288   -1   1337   1
c  1288   -1   1237   1
c  1188   -1   1088   1
c  1188   -1   989   1
c  1631   -1   1682   1
c  1631   -1   1683   1
c  1681   -1   1730   1
c  1681   -1   1581   1
c  1633   -1   1535   1
c  1633   -1   1485   1
c  1584   -1   1485   1
c  1584   -1   1486   1
c  1731   -1   1682   1
c  1732   -1   1734   1
c  1732   -1   1783   1
c  1682   -1   1582   1
c  1632   -1   1581   1
c  1632   -1   1680   1
c  1634   -1   1582   1
c  1634   -1   1581   1
c  1875   -1   1975   1
c  1875   -1   1924   1
c  1877   -1   1928   1
c  1877   -1   1978   1
c  2028   -1   1977   1
c  2028   -1   1876   1
c  1928   -1   2027   1
c  1978   -1   2027   1
c  1878   -1   1778   1
c  1878   -1   1827   1
c  1925   -1   1976   1
c  1925   -1   2026   1
c  1976   -1   2025   1
c  1976   -1   2027   1
c  1927   -1   1978   1
c  1927   -1   1878   1
c  2079   -1   2077   1
c  2079   -1   1926   1
c  1923   -1   1921   1
c  1923   -1   2023   1
c  1974   -1   2023   1
c  1974   -1   2073   1
c  2124   -1   1974   1
c  2124   -1   1924   1
c  1973   -1   1922   1
c  1973   -1   2024   1
c  1972   -1   2021   1
c  1972   -1   2073   1
c  1879   -1   1828   1
c  1879   -1   1778   1
c  1830   -1   1781   1
c  1830   -1   1930   1
c  1881   -1   1830   1
c  1881   -1   1829   1
c  1880   -1   1780   1
c  1880   -1   1779   1
c  1781   -1   1832   1
c  1781   -1   1882   1
c  1831   -1   1782   1
c  1831   -1   1780   1
c  1912   -1   1963   1
c  1912   -1   1960   1
c  1962   -1   2013   1
c  1962   -1   2011   1
c  1919   -1   1870   1
c  1919   -1   1968   1
c  1968   -1   2017   1
c  2019   -1   2068   1
c  2019   -1   1970   1
c  1970   -1   1972   1
c  1970   -1   1922   1
c  2020   -1   1971   1
c  2121   -1   2070   1
c  2121   -1   2020   1
c  2016   -1   2065   1
c  2016   -1   2115   1
c  1964   -1   1966   1
c  1964   -1   1962   1
c  2014   -1   2016   1
c  2014   -1   2114   1
c  1966   -1   2017   1
c  1966   -1   2015   1
c  1963   -1   2012   1
c  1963   -1   2062   1
c  736   -1   636   1
c  736   -1   785   1
c  786   -1   835   1
c  786   -1   737   1
c  688   -1   737   1
c  688   -1   736   1
c  587   -1   636   1
c  587   -1   687   1
c  538   -1   489   1
c  538   -1   439   1
c  488   -1   537   1
c  488   -1   586   1
c  588   -1   539   1
c  638   -1   636   1
c  638   -1   686   1
c  886   -1   835   1
c  886   -1   884   1
c  836   -1   885   1
c  836   -1   884   1
c  935   -1   937   1
c  935   -1   1040   1
c  936   -1   887   1
c  936   -1   934   1
c  637   -1   686   1
c  637   -1   688   1
c  687   -1   736   1
c  687   -1   787   1
c  788   -1   688   1
c  788   -1   686   1
c  737   -1   739   1
c  737   -1   638   1
c  738   -1   689   1
c  738   -1   789   1
c  692   -1   643   1
c  692   -1   593   1
c  389   -1   438   1
c  389   -1   391   1
c  340   -1   391   1
c  340   -1   342   1
c  290   -1   241   1
c  290   -1   191   1
c  291   -1   339   1
c  291   -1   389   1
c  539   -1   488   1
c  539   -1   487   1
c  489   -1   390   1
c  440   -1   489   1
c  440   -1   539   1
c  390   -1   341   1
c  390   -1   90   1
c  142   -1   191   1
c  142   -1   94   1
c  242   -1   191   1
c  242   -1   142   1
c  193   -1   242   1
c  193   -1   241   1
c  293   -1   192   1
c  44   -1   144   1
c  44   -1   91   1
c  93   -1   95   1
c  43   -1   92   1
c  43   -1   143   1
c  143   -1   141   1
c  143   -1   293   1
c  243   -1   292   1
c  243   -1   141   1
c  2010   -1   1961   1
c  2010   -1   1959   1
c  2061   -1   1960   1
c  2011   -1   2060   1
c  2206   -1   2255   1
c  2206   -1   2157   1
c  2157   -1   2208   1
c  2157   -1   2258   1
c  2107   -1   2109   1
c  2107   -1   2156   1
c  2207   -1   2258   1
c  2207   -1   2307   1
c  2158   -1   2209   1
c  2158   -1   2109   1
c  2109   -1   2060   1
c  2109   -1   2260   1
c  2060   -1   2160   1
c  2012   -1   2061   1
c  2012   -1   2060   1
c  2062   -1   2113   1
c  2352   -1   2401   1
c  2352   -1   2451   1
c  2253   -1   2153   1
c  2253   -1   2154   1
c  2202   -1   2251   1
c  2202   -1   2301   1
c  2254   -1   2352   1
c  2255   -1   2306   1
c  2255   -1   2304   1
c  2305   -1   2354   1
c  2305   -1   2205   1
c  2251   -1   2302   1
c  2251   -1   2352   1
c  2252   -1   2303   1
c  2252   -1   2201   1
c  2301   -1   2352   1
c  2301   -1   2402   1
c  1922   -1   1822   1
c  1971   -1   1922   1
c  1971   -1   1920   1
c  1967   -1   2016   1
c  1967   -1   2018   1
c  2165   -1   2114   1
c  2165   -1   2167   1
c  986   -1   935   1
c  986   -1   937   1
c  887   -1   787   1
c  887   -1   985   1
c  1086   -1   1135   1
c  1086   -1   1137   1
c  1038   -1   1089   1
c  1039   -1   988   1
c  1039   -1   1090   1
c  987   -1   1038   1
c  987   -1   938   1
c  1087   -1   1136   1
c  1087   -1   1187   1
c  1137   -1   1037   1
c  1137   -1   1038   1
c  1088   -1   1037   1
c  1088   -1   1039   1
c  1387   -1   1336   1
c  1387   -1   1385   1
c  1239   -1   1188   1
c  1239   -1   1187   1
c  1339   -1   1288   1
c  1339   -1   1341   1
c  1290   -1   1241   1
c  1290   -1   1391   1
c  1240   -1   1289   1
c  1291   -1   1289   1
c  1291   -1   1340   1
c  1189   -1   1240   1
c  1189   -1   1191   1
c  1139   -1   1090   1
c  1139   -1   1142   1
c  1484   -1   1535   1
c  1484   -1   1585   1
c  1436   -1   1336   1
c  1436   -1   1388   1
c  1535   -1   1435   1
c  1535   -1   1587   1
c  1486   -1   1386   1
c  1486   -1   1387   1
c  1338   -1   1437   1
c  1388   -1   1337   1
c  1388   -1   1437   1
c  1437   -1   1389   1
c  1485   -1   1536   1
c  1485   -1   1488   1
c  1138   -1   1189   1
c  1138   -1   1238   1
c  989   -1   940   1
c  989   -1   942   1
c  1683   -1   1732   1
c  1683   -1   1734   1
c  1782   -1   1682   1
c  1782   -1   1681   1
c  1585   -1   1636   1
c  1585   -1   1485   1
c  1733   -1   1782   1
c  1733   -1   1832   1
c  1734   -1   1634   1
c  1783   -1   1734   1
c  1684   -1   1733   1
c  1684   -1   1635   1
c  1635   -1   1637   1
c  1635   -1   1586   1
c  1685   -1   1634   1
c  1685   -1   1737   1
c  1838   -1   1787   1
c  1838   -1   1634   1
c  1975   -1   1977   1
c  1975   -1   2075   1
c  2027   -1   2076   1
c  2027   -1   2180   1
c  2078   -1   2027   1
c  2078   -1   2030   1
c  2029   -1   1929   1
c  2029   -1   2078   1
c  1977   -1   1979   1
c  1977   -1   2026   1
c  1929   -1   1978   1
c  1929   -1   1980   1
c  1979   -1   2030   1
c  1979   -1   2078   1
c  2026   -1   1975   1
c  2025   -1   1974   1
c  2129   -1   2078   1
c  2129   -1   2029   1
c  2080   -1   2078   1
c  2080   -1   2029   1
c  2030   -1   2079   1
c  2030   -1   2027   1
c  2179   -1   2079   1
c  2130   -1   2079   1
c  2130   -1   2078   1
c  2231   -1   2229   1
c  2231   -1   2079   1
c  2077   -1   2128   1
c  2077   -1   2129   1
c  2023   -1   2071   1
c  2023   -1   2121   1
c  2024   -1   2073   1
c  2024   -1   2174   1
c  2073   -1   2124   1
c  2073   -1   2122   1
c  2074   -1   2125   1
c  2074   -1   2023   1
c  2123   -1   2174   1
c  2123   -1   2273   1
c  2174   -1   2125   1
c  2174   -1   2274   1
c  2125   -1   2076   1
c  2125   -1   2025   1
c  2022   -1   1973   1
c  2022   -1   2073   1
c  2021   -1   2072   1
c  2021   -1   2122   1
c  1930   -1   1932   1
c  1930   -1   1881   1
c  1931   -1   1982   1
c  1931   -1   1979   1
c  1882   -1   1782   1
c  1882   -1   1933   1
c  1832   -1   1783   1
c  1832   -1   1881   1
c  1981   -1   1881   1
c  1981   -1   1880   1
c  1884   -1   1984   1
c  1884   -1   1881   1
c  2013   -1   2062   1
c  2013   -1   2065   1
c  2018   -1   2069   1
c  2068   -1   2070   1
c  2068   -1   1968   1
c  2017   -1   2015   1
c  2017   -1   2066   1
c  2069   -1   2067   1
c  2069   -1   2118   1
c  2070   -1   2021   1
c  2070   -1   2171   1
c  2071   -1   2020   1
c  2071   -1   2018   1
c  2120   -1   2171   1
c  2120   -1   2069   1
c  2171   -1   2222   1
c  2171   -1   2223   1
c  2122   -1   2120   1
c  2122   -1   2222   1
c  2065   -1   2116   1
c  2065   -1   2117   1
c  2066   -1   2117   1
c  2066   -1   2118   1
c  2117   -1   2016   1
c  2167   -1   2067   1
c  2167   -1   2016   1
c  2115   -1   2164   1
c  2115   -1   2066   1
c  2064   -1   2013   1
c  2064   -1   1963   1
c  2114   -1   2065   1
c  2114   -1   2066   1
c  2063   -1   2012   1
c  2063   -1   1963   1
c  787   -1   738   1
c  787   -1   836   1
c  689   -1   638   1
c  689   -1   740   1
c  639   -1   688   1
c  639   -1   687   1
c  739   -1   688   1
c  739   -1   790   1
c  589   -1   638   1
c  589   -1   640   1
c  937   -1   886   1
c  937   -1   788   1
c  837   -1   888   1
c  837   -1   839   1
c  1040   -1   989   1
c  838   -1   938   1
c  838   -1   889   1
c  789   -1   791   1
c  839   -1   788   1
c  839   -1   790   1
c  740   -1   789   1
c  740   -1   738   1
c  888   -1   839   1
c  888   -1   738   1
c  642   -1   542   1
c  642   -1   541   1
c  691   -1   740   1
c  691   -1   643   1
c  742   -1   791   1
c  742   -1   793   1
c  693   -1   642   1
c  693   -1   644   1
c  592   -1   641   1
c  592   -1   692   1
c  741   -1   841   1
c  741   -1   692   1
c  744   -1   692   1
c  744   -1   642   1
c  643   -1   543   1
c  593   -1   642   1
c  593   -1   693   1
c  391   -1   442   1
c  341   -1   441   1
c  341   -1   343   1
c  342   -1   291   1
c  342   -1   391   1
c  292   -1   341   1
c  292   -1   391   1
c  540   -1   489   1
c  540   -1   542   1
c  490   -1   541   1
c  490   -1   590   1
c  590   -1   489   1
c  590   -1   543   1
c  441   -1   392   1
c  441   -1   393   1
c  94   -1   145   1
c  194   -1   243   1
c  194   -1   344   1
c  343   -1   392   1
c  343   -1   442   1
c  294   -1   345   1
c  294   -1   196   1
c  244   -1   293   1
c  244   -1   296   1
c  45   -1   96   1
c  45   -1   94   1
c  296   -1   44   1
c  296   -1   93   1
c  144   -1   95   1
c  144   -1   45   1
c  95   -1   97   1
c  2159   -1   2110   1
c  2159   -1   2010   1
c  2111   -1   2162   1
c  2111   -1   2113   1
c  2112   -1   2061   1
c  2112   -1   2212   1
c  2256   -1   2356   1
c  2256   -1   2207   1
c  2208   -1   2159   1
c  2258   -1   2309   1
c  2258   -1   2360   1
c  2257   -1   2357   1
c  2257   -1   2407   1
c  2307   -1   2258   1
c  2307   -1   2358   1
c  2259   -1   2159   1
c  2259   -1   2158   1
c  2210   -1   2110   1
c  2210   -1   2158   1
c  2209   -1   2309   1
c  2110   -1   2161   1
c  2110   -1   2260   1
c  2160   -1   2109   1
c  2160   -1   2209   1
c  2260   -1   2311   1
c  2260   -1   2361   1
c  2113   -1   2264   1
c  2113   -1   2314   1
c  2302   -1   2402   1
c  2302   -1   2351   1
c  2351   -1   2353   1
c  2402   -1   2404   1
c  2353   -1   2302   1
c  2353   -1   2402   1
c  2452   -1   2352   1
c  2354   -1   2254   1
c  2354   -1   2352   1
c  2401   -1   2452   1
c  2451   -1   2351   1
c  2451   -1   2402   1
c  2303   -1   2403   1
c  2303   -1   2404   1
c  2304   -1   2253   1
c  2355   -1   2404   1
c  2355   -1   2255   1
c  2306   -1   2357   1
c  2306   -1   2456   1
c  2164   -1   2213   1
c  2164   -1   2212   1
c  2215   -1   2266   1
c  2215   -1   2316   1
c  2166   -1   2169   1
c  2166   -1   2418   1
c  2214   -1   2165   1
c  2214   -1   2265   1
c  2216   -1   2165   1
c  2216   -1   2116   1
c  2266   -1   2166   1
c  2266   -1   2165   1
c  988   -1   888   1
c  988   -1   937   1
c  1089   -1   1138   1
c  1089   -1   1092   1
c  1090   -1   1088   1
c  1090   -1   1190   1
c  938   -1   940   1
c  938   -1   790   1
c  1389   -1   1340   1
c  1389   -1   1440   1
c  1340   -1   1391   1
c  1340   -1   1440   1
c  1341   -1   1390   1
c  1341   -1   1440   1
c  1241   -1   1190   1
c  1241   -1   1189   1
c  1391   -1   1440   1
c  1391   -1   1389   1
c  1190   -1   1139   1
c  1190   -1   1192   1
c  1292   -1   1343   1
c  1292   -1   1344   1
c  1242   -1   1291   1
c  1242   -1   1341   1
c  1141   -1   1090   1
c  1141   -1   1189   1
c  1191   -1   1142   1
c  1191   -1   1093   1
c  1140   -1   1191   1
c  1140   -1   1092   1
c  1142   -1   1193   1
c  1142   -1   1243   1
c  1536   -1   1636   1
c  1587   -1   1636   1
c  1587   -1   1538   1
c  1487   -1   1536   1
c  1487   -1   1485   1
c  1537   -1   1486   1
c  1537   -1   1636   1
c  1390   -1   1439   1
c  1390   -1   1338   1
c  1438   -1   1487   1
c  1438   -1   1489   1
c  1488   -1   1388   1
c  1488   -1   1390   1
c  939   -1   888   1
c  990   -1   941   1
c  990   -1   1041   1
c  940   -1   891   1
c  940   -1   991   1
c  942   -1   991   1
c  942   -1   792   1
c  1586   -1   1537   1
c  1586   -1   1487   1
c  1636   -1   1638   1
c  1636   -1   1685   1
c  1784   -1   1835   1
c  1735   -1   1784   1
c  1735   -1   1833   1
c  1833   -1   1836   1
c  1833   -1   1786   1
c  1834   -1   1885   1
c  1834   -1   1783   1
c  1637   -1   1688   1
c  1637   -1   1588   1
c  1686   -1   1637   1
c  1686   -1   1587   1
c  1737   -1   1686   1
c  1737   -1   1888   1
c  1788   -1   1839   1
c  1788   -1   1790   1
c  1837   -1   1835   1
c  1837   -1   1785   1
c  1888   -1   1886   1
c  1888   -1   1939   1
c  1839   -1   1890   1
c  1839   -1   1841   1
c  1889   -1   1838   1
c  1840   -1   1838   1
c  1840   -1   1889   1
c  1787   -1   1736   1
c  1787   -1   1836   1
c  2075   -1   2026   1
c  2075   -1   2276   1
c  2076   -1   2176   1
c  2180   -1   2231   1
c  2180   -1   2281   1
c  2128   -1   2179   1
c  2128   -1   2227   1
c  1980   -1   1931   1
c  1980   -1   1882   1
c  2126   -1   2026   1
c  2126   -1   2177   1
c  2081   -1   2030   1
c  2081   -1   2132   1
c  2031   -1   1982   1
c  2031   -1   2080   1
c  2178   -1   2229   1
c  2178   -1   2126   1
c  2229   -1   2280   1
c  2229   -1   2281   1
c  2228   -1   2177   1
c  2228   -1   2179   1
c  2131   -1   2180   1
c  2131   -1   2183   1
c  2181   -1   2232   1
c  2181   -1   2183   1
c  2230   -1   2228   1
c  2230   -1   2177   1
c  2281   -1   2232   1
c  2232   -1   2230   1
c  2232   -1   2180   1
c  2182   -1   2231   1
c  2182   -1   2280   1
c  2233   -1   2333   1
c  2233   -1   2231   1
c  2127   -1   2176   1
c  2127   -1   2226   1
c  2072   -1   2023   1
c  2072   -1   2024   1
c  2173   -1   2222   1
c  2173   -1   2221   1
c  2273   -1   2271   1
c  2273   -1   2322   1
c  2224   -1   2173   1
c  2224   -1   2374   1
c  2175   -1   2224   1
c  2175   -1   2223   1
c  2225   -1   2174   1
c  2225   -1   2274   1
c  2274   -1   2323   1
c  2176   -1   2225   1
c  2176   -1   2125   1
c  1932   -1   1983   1
c  1932   -1   1981   1
c  1982   -1   2033   1
c  1982   -1   2083   1
c  1883   -1   1785   1
c  1883   -1   1837   1
c  1933   -1   1984   1
c  1933   -1   1935   1
c  1983   -1   1981   1
c  1983   -1   2083   1
c  1934   -1   1885   1
c  1934   -1   1886   1
c  1885   -1   1887   1
c  1885   -1   1837   1
c  1887   -1   1884   1
c  1984   -1   1883   1
c  2067   -1   2116   1
c  2067   -1   2115   1
c  2118   -1   2169   1
c  2118   -1   2171   1
c  2119   -1   2117   1
c  2119   -1   2218   1
c  2170   -1   2221   1
c  2170   -1   2222   1
c  2169   -1   2220   1
c  2169   -1   2120   1
c  2223   -1   2172   1
c  2223   -1   2120   1
c  2221   -1   2269   1
c  2221   -1   2319   1
c  2172   -1   2072   1
c  2172   -1   2221   1
c  2220   -1   2171   1
c  2220   -1   2271   1
c  2222   -1   2224   1
c  2116   -1   2167   1
c  2116   -1   2168   1
c  2217   -1   2266   1
c  2217   -1   2268   1
c  2168   -1   2219   1
c  2168   -1   2119   1
c  2267   -1   2265   1
c  2267   -1   2167   1
c  2163   -1   2114   1
c  2163   -1   2112   1
c  690   -1   641   1
c  690   -1   693   1
c  640   -1   691   1
c  640   -1   791   1
c  790   -1   841   1
c  1041   -1   1045   1
c  1041   -1   946   1
c  991   -1   1040   1
c  889   -1   789   1
c  889   -1   840   1
c  840   -1   789   1
c  840   -1   891   1
c  791   -1   839   1
c  890   -1   939   1
c  890   -1   839   1
c  641   -1   593   1
c  641   -1   493   1
c  644   -1   642   1
c  644   -1   592   1
c  544   -1   542   1
c  544   -1   642   1
c  542   -1   593   1
c  542   -1   292   1
c  541   -1   441   1
c  541   -1   443   1
c  792   -1   741   1
c  792   -1   841   1
c  743   -1   643   1
c  743   -1   644   1
c  793   -1   844   1
c  694   -1   743   1
c  694   -1   795   1
c  591   -1   540   1
c  591   -1   490   1
c  841   -1   941   1
c  841   -1   942   1
c  794   -1   747   1
c  794   -1   645   1
c  745   -1   694   1
c  745   -1   644   1
c  594   -1   643   1
c  594   -1   645   1
c  543   -1   545   1
c  543   -1   491   1
c  392   -1   443   1
c  393   -1   442   1
c  393   -1   391   1
c  442   -1   491   1
c  442   -1   493   1
c  344   -1   393   1
c  344   -1   342   1
c  491   -1   540   1
c  491   -1   590   1
c  493   -1   542   1
c  493   -1   540   1
c  145   -1   196   1
c  145   -1   246   1
c  195   -1   244   1
c  195   -1   294   1
c  295   -1   346   1
c  295   -1   396   1
c  345   -1   296   1
c  345   -1   445   1
c  196   -1   147   1
c  196   -1   247   1
c  245   -1   247   1
c  245   -1   98   1
c  46   -1   95   1
c  46   -1   97   1
c  96   -1   47   1
c  246   -1   295   1
c  246   -1   297   1
c  346   -1   297   1
c  346   -1   247   1
c  297   -1   299   1
c  297   -1   249   1
c  347   -1   296   1
c  347   -1   245   1
c  298   -1   247   1
c  298   -1   296   1
c  146   -1   95   1
c  146   -1   199   1
c  97   -1   146   1
c  2161   -1   2112   1
c  2161   -1   2210   1
c  2211   -1   2111   1
c  2211   -1   2360   1
c  2162   -1   2113   1
c  2162   -1   2214   1
c  2212   -1   2210   1
c  2212   -1   2160   1
c  2356   -1   2407   1
c  2356   -1   2307   1
c  2308   -1   2359   1
c  2308   -1   2360   1
c  2358   -1   2258   1
c  2309   -1   2358   1
c  2309   -1   2357   1
c  2360   -1   2311   1
c  2360   -1   2260   1
c  2357   -1   2308   1
c  2407   -1   2405   1
c  2407   -1   2355   1
c  2261   -1   2312   1
c  2261   -1   2210   1
c  2310   -1   2261   1
c  2310   -1   2312   1
c  2311   -1   2313   1
c  2311   -1   2362   1
c  2361   -1   2363   1
c  2361   -1   2410   1
c  2264   -1   2313   1
c  2264   -1   2411   1
c  2314   -1   2263   1
c  2314   -1   2365   1
c  2403   -1   2401   1
c  2403   -1   2452   1
c  2453   -1   2402   1
c  2454   -1   2403   1
c  2454   -1   2402   1
c  2404   -1   2453   1
c  2404   -1   2455   1
c  2405   -1   2403   1
c  2405   -1   2457   1
c  2406   -1   2357   1
c  2406   -1   2355   1
c  2456   -1   2405   1
c  2456   -1   2355   1
c  2213   -1   2262   1
c  2213   -1   2312   1
c  2265   -1   2263   1
c  2265   -1   2314   1
c  2364   -1   2413   1
c  2364   -1   2215   1
c  2316   -1   2265   1
c  2316   -1   2365   1
c  2418   -1   2319   1
c  1092   -1   1090   1
c  1092   -1   1041   1
c  1091   -1   1142   1
c  1091   -1   1143   1
c  1439   -1   1488   1
c  1439   -1   1539   1
c  1440   -1   1489   1
c  1440   -1   1491   1
c  1342   -1   1442   1
c  1342   -1   1391   1
c  1441   -1   1492   1
c  1441   -1   1541   1
c  1392   -1   1441   1
c  1392   -1   1390   1
c  1192   -1   1194   1
c  1192   -1   1141   1
c  1293   -1   1344   1
c  1293   -1   1342   1
c  1343   -1   1294   1
c  1343   -1   1392   1
c  1344   -1   1295   1
c  1344   -1   1298   1
c  1243   -1   1192   1
c  1243   -1   1143   1
c  1193   -1   1242   1
c  1093   -1   1194   1
c  1093   -1   1195   1
c  1143   -1   1194   1
c  1143   -1   1044   1
c  1096   -1   1142   1
c  1588   -1   1539   1
c  1588   -1   1639   1
c  1538   -1   1589   1
c  1538   -1   1487   1
c  1489   -1   1589   1
c  1489   -1   1638   1
c  941   -1   992   1
c  941   -1   840   1
c  891   -1   991   1
c  891   -1   942   1
c  892   -1   993   1
c  992   -1   1041   1
c  992   -1   1043   1
c  943   -1   844   1
c  842   -1   840   1
c  842   -1   942   1
c  993   -1   942   1
c  993   -1   1095   1
c  1638   -1   1687   1
c  1638   -1   1590   1
c  1785   -1   1737   1
c  1835   -1   1886   1
c  1835   -1   1984   1
c  1736   -1   1785   1
c  1736   -1   1687   1
c  1836   -1   1887   1
c  1836   -1   1885   1
c  1786   -1   1737   1
c  1786   -1   1835   1
c  1687   -1   1738   1
c  1687   -1   1689   1
c  1688   -1   1737   1
c  1688   -1   1788   1
c  1738   -1   1787   1
c  1739   -1   1737   1
c  1739   -1   1787   1
c  1789   -1   1740   1
c  1789   -1   1840   1
c  1790   -1   1841   1
c  1790   -1   1889   1
c  1938   -1   1989   1
c  1938   -1   2039   1
c  1886   -1   1935   1
c  1939   -1   1991   1
c  1939   -1   2041   1
c  1890   -1   1841   1
c  1989   -1   1889   1
c  1740   -1   1791   1
c  1740   -1   1840   1
c  1741   -1   1790   1
c  1741   -1   1840   1
c  2276   -1   2227   1
c  2276   -1   2327   1
c  2227   -1   2327   1
c  2227   -1   2225   1
c  2177   -1   2226   1
c  2177   -1   2276   1
c  2082   -1   2031   1
c  2132   -1   2032   1
c  2132   -1   2134   1
c  2032   -1   1983   1
c  2032   -1   1935   1
c  2279   -1   2230   1
c  2279   -1   2328   1
c  2280   -1   2329   1
c  2280   -1   2228   1
c  2278   -1   2327   1
c  2278   -1   2329   1
c  2183   -1   2283   1
c  2183   -1   2282   1
c  2381   -1   2281   1
c  2381   -1   2181   1
c  2331   -1   2333   1
c  2331   -1   2380   1
c  2282   -1   2333   1
c  2282   -1   2234   1
c  2332   -1   2281   1
c  2332   -1   2334   1
c  2283   -1   2232   1
c  2283   -1   2434   1
c  2333   -1   2232   1
c  2133   -1   2182   1
c  2133   -1   2184   1
c  2234   -1   2183   1
c  2234   -1   2236   1
c  2226   -1   2326   1
c  2226   -1   2279   1
c  2272   -1   2221   1
c  2272   -1   2223   1
c  2323   -1   2423   1
c  2271   -1   2269   1
c  2271   -1   2371   1
c  2322   -1   2373   1
c  2322   -1   2374   1
c  2374   -1   2325   1
c  2374   -1   2275   1
c  2275   -1   2223   1
c  2275   -1   2222   1
c  2324   -1   2373   1
c  2324   -1   2424   1
c  2325   -1   2323   1
c  2325   -1   2274   1
c  2033   -1   2082   1
c  2033   -1   2084   1
c  2083   -1   2132   1
c  2083   -1   2134   1
c  1935   -1   1986   1
c  1935   -1   1836   1
c  2034   -1   1983   1
c  2034   -1   1985   1
c  1985   -1   1934   1
c  1937   -1   2037   1
c  1937   -1   2036   1
c  1988   -1   1937   1
c  1988   -1   1887   1
c  2218   -1   2318   1
c  2218   -1   2267   1
c  2219   -1   2270   1
c  2219   -1   2170   1
c  2269   -1   2369   1
c  2269   -1   2370   1
c  2319   -1   2317   1
c  2319   -1   2270   1
c  2270   -1   2321   1
c  2270   -1   2322   1
c  2268   -1   2219   1
c  2317   -1   2368   1
c  2317   -1   2417   1
c  2365   -1   2317   1
c  2365   -1   2267   1
c  1042   -1   1091   1
c  1042   -1   1093   1
c  1043   -1   1041   1
c  1045   -1   1096   1
c  1045   -1   996   1
c  946   -1   948   1
c  946   -1   998   1
c  645   -1   694   1
c  595   -1   644   1
c  595   -1   546   1
c  696   -1   645   1
c  696   -1   644   1
c  494   -1   545   1
c  494   -1   594   1
c  545   -1   594   1
c  492   -1   543   1
c  492   -1   541   1
c  443   -1   492   1
c  843   -1   892   1
c  843   -1   792   1
c  844   -1   945   1
c  844   -1   995   1
c  695   -1   746   1
c  795   -1   746   1
c  795   -1   695   1
c  747   -1   698   1
c  747   -1   796   1
c  746   -1   697   1
c  746   -1   846   1
c  394   -1   445   1
c  394   -1   446   1
c  396   -1   347   1
c  396   -1   445   1
c  395   -1   397   1
c  395   -1   346   1
c  445   -1   447   1
c  445   -1   497   1
c  197   -1   298   1
c  197   -1   348   1
c  98   -1   146   1
c  98   -1   196   1
c  147   -1   198   1
c  147   -1   98   1
c  247   -1   198   1
c  247   -1   147   1
c  47   -1   147   1
c  47   -1   98   1
c  248   -1   197   1
c  248   -1   246   1
c  299   -1   348   1
c  299   -1   248   1
c  249   -1   149   1
c  397   -1   446   1
c  348   -1   397   1
c  348   -1   399   1
c  447   -1   347   1
c  447   -1   496   1
c  548   -1   347   1
c  199   -1   148   1
c  199   -1   299   1
c  48   -1   97   1
c  48   -1   148   1
c  149   -1   98   1
c  149   -1   97   1
c  2262   -1   2211   1
c  2262   -1   2311   1
c  2312   -1   2212   1
c  2359   -1   2408   1
c  2359   -1   2457   1
c  2408   -1   2357   1
c  2410   -1   2408   1
c  2410   -1   2309   1
c  2413   -1   2464   1
c  2413   -1   2309   1
c  2460   -1   2409   1
c  2460   -1   2360   1
c  2363   -1   2360   1
c  2457   -1   2408   1
c  2457   -1   2406   1
c  2455   -1   2457   1
c  2455   -1   2407   1
c  2409   -1   2458   1
c  2409   -1   2407   1
c  2411   -1   2409   1
c  2411   -1   2310   1
c  2313   -1   2364   1
c  2313   -1   2466   1
c  2362   -1   2413   1
c  2362   -1   2313   1
c  2412   -1   2361   1
c  2412   -1   2461   1
c  2263   -1   2363   1
c  2263   -1   2412   1
c  2315   -1   2313   1
c  2315   -1   2364   1
c  2459   -1   2406   1
c  2459   -1   2405   1
c  2414   -1   2365   1
c  2414   -1   2416   1
c  2463   -1   2414   1
c  2463   -1   2364   1
c  2366   -1   2318   1
c  2366   -1   2268   1
c  2416   -1   2316   1
c  2416   -1   2365   1
c  2318   -1   2316   1
c  2318   -1   2418   1
c  2368   -1   2417   1
c  2368   -1   2419   1
c  2417   -1   2468   1
c  2468   -1   2419   1
c  2468   -1   2368   1
c  2419   -1   2417   1
c  2419   -1   2416   1
c  2369   -1   2418   1
c  2369   -1   2417   1
c  2469   -1   2418   1
c  2469   -1   2368   1
c  2470   -1   2419   1
c  2470   -1   2418   1
c  1539   -1   1490   1
c  1490   -1   1441   1
c  1490   -1   1538   1
c  1491   -1   1442   1
c  1393   -1   1342   1
c  1393   -1   1442   1
c  1442   -1   1493   1
c  1493   -1   1441   1
c  1492   -1   1494   1
c  1492   -1   1544   1
c  1541   -1   1641   1
c  1541   -1   1642   1
c  1294   -1   1345   1
c  1294   -1   1197   1
c  1444   -1   1495   1
c  1444   -1   1343   1
c  1394   -1   1345   1
c  1394   -1   1492   1
c  1345   -1   1445   1
c  1345   -1   1396   1
c  1346   -1   1344   1
c  1346   -1   1394   1
c  1397   -1   1449   1
c  1397   -1   1344   1
c  1295   -1   1297   1
c  1295   -1   1346   1
c  1298   -1   1249   1
c  1298   -1   1349   1
c  1244   -1   1295   1
c  1244   -1   1296   1
c  1094   -1   1143   1
c  1094   -1   1193   1
c  1144   -1   1093   1
c  1144   -1   1043   1
c  1195   -1   1246   1
c  1195   -1   1146   1
c  1044   -1   1144   1
c  1044   -1   1194   1
c  1046   -1   1095   1
c  1046   -1   1097   1
c  1095   -1   1047   1
c  1146   -1   1148   1
c  1146   -1   1199   1
c  1097   -1   1095   1
c  1097   -1   996   1
c  1047   -1   996   1
c  1047   -1   1096   1
c  1639   -1   1590   1
c  1639   -1   1690   1
c  996   -1   941   1
c  996   -1   843   1
c  893   -1   844   1
c  893   -1   845   1
c  944   -1   995   1
c  944   -1   996   1
c  894   -1   943   1
c  894   -1   896   1
c  994   -1   945   1
c  994   -1   943   1
c  1590   -1   1490   1
c  1590   -1   1491   1
c  1986   -1   1886   1
c  1986   -1   1836   1
c  1940   -1   1938   1
c  1940   -1   1786   1
c  1689   -1   1640   1
c  1689   -1   1589   1
c  1791   -1   1691   1
c  2039   -1   1988   1
c  2039   -1   1939   1
c  1936   -1   1985   1
c  1936   -1   2085   1
c  1990   -1   1939   1
c  1990   -1   1992   1
c  1941   -1   1990   1
c  1941   -1   1939   1
c  1991   -1   1940   1
c  2041   -1   2090   1
c  1891   -1   1942   1
c  1891   -1   1943   1
c  1842   -1   1791   1
c  1842   -1   1891   1
c  2040   -1   1989   1
c  2040   -1   2038   1
c  1690   -1   1692   1
c  1690   -1   1741   1
c  1742   -1   1740   1
c  1742   -1   1691   1
c  1691   -1   1642   1
c  1692   -1   1743   1
c  1692   -1   1741   1
c  2326   -1   2275   1
c  2326   -1   2377   1
c  2277   -1   2275   1
c  2277   -1   2326   1
c  2327   -1   2378   1
c  2327   -1   2329   1
c  2184   -1   2132   1
c  2134   -1   2185   1
c  2134   -1   2234   1
c  2329   -1   2429   1
c  2328   -1   2277   1
c  2330   -1   2332   1
c  2330   -1   2381   1
c  2379   -1   2328   1
c  2379   -1   2278   1
c  2380   -1   2431   1
c  2380   -1   2329   1
c  2431   -1   2482   1
c  2382   -1   2333   1
c  2382   -1   2282   1
c  2430   -1   2481   1
c  2430   -1   2381   1
c  2429   -1   2380   1
c  2429   -1   2381   1
c  2334   -1   2286   1
c  2334   -1   2287   1
c  2284   -1   2335   1
c  2284   -1   2384   1
c  2434   -1   2383   1
c  2383   -1   2432   1
c  2383   -1   2335   1
c  2433   -1   2333   1
c  2335   -1   2386   1
c  2335   -1   2333   1
c  2235   -1   2184   1
c  2235   -1   2136   1
c  2136   -1   2185   1
c  2136   -1   2234   1
c  2236   -1   2337   1
c  2236   -1   2335   1
c  2320   -1   2322   1
c  2320   -1   2272   1
c  2372   -1   2272   1
c  2372   -1   2271   1
c  2373   -1   2421   1
c  2423   -1   2474   1
c  2423   -1   2372   1
c  2321   -1   2370   1
c  2321   -1   2421   1
c  2371   -1   2320   1
c  2371   -1   2373   1
c  2424   -1   2475   1
c  2424   -1   2426   1
c  2375   -1   2324   1
c  2375   -1   2275   1
c  2474   -1   2374   1
c  2473   -1   2374   1
c  2473   -1   2324   1
c  2035   -1   1986   1
c  2035   -1   2033   1
c  2084   -1   2135   1
c  2085   -1   2134   1
c  2085   -1   2034   1
c  2036   -1   2034   1
c  2036   -1   2186   1
c  1987   -1   2036   1
c  1987   -1   2038   1
c  2037   -1   2039   1
c  2037   -1   2137   1
c  2038   -1   2087   1
c  2370   -1   2470   1
c  2370   -1   2471   1
c  2367   -1   2315   1
c  2367   -1   2414   1
c  2415   -1   2315   1
c  2415   -1   2464   1
c  2466   -1   2415   1
c  2466   -1   2365   1
c  895   -1   948   1
c  895   -1   1043   1
c  995   -1   946   1
c  896   -1   845   1
c  896   -1   947   1
c  945   -1   845   1
c  945   -1   896   1
c  947   -1   1047   1
c  947   -1   995   1
c  897   -1   948   1
c  897   -1   946   1
c  997   -1   946   1
c  997   -1   995   1
c  948   -1   950   1
c  998   -1   1047   1
c  998   -1   947   1
c  646   -1   597   1
c  646   -1   695   1
c  649   -1   700   1
c  649   -1   645   1
c  596   -1   496   1
c  596   -1   648   1
c  546   -1   597   1
c  546   -1   498   1
c  697   -1   597   1
c  697   -1   748   1
c  444   -1   547   1
c  444   -1   498   1
c  495   -1   444   1
c  495   -1   443   1
c  446   -1   495   1
c  446   -1   545   1
c  845   -1   796   1
c  845   -1   746   1
c  796   -1   896   1
c  846   -1   897   1
c  846   -1   795   1
c  797   -1   795   1
c  797   -1   897   1
c  748   -1   746   1
c  748   -1   848   1
c  698   -1   649   1
c  497   -1   495   1
c  497   -1   548   1
c  198   -1   149   1
c  198   -1   99   1
c  148   -1   49   1
c  99   -1   199   1
c  99   -1   148   1
c  100   -1   98   1
c  250   -1   148   1
c  250   -1   98   1
c  150   -1   199   1
c  150   -1   147   1
c  349   -1   249   1
c  349   -1   300   1
c  300   -1   249   1
c  300   -1   199   1
c  200   -1   249   1
c  200   -1   299   1
c  350   -1   348   1
c  350   -1   299   1
c  398   -1   498   1
c  398   -1   548   1
c  448   -1   397   1
c  448   -1   497   1
c  399   -1   350   1
c  498   -1   447   1
c  498   -1   496   1
c  496   -1   547   1
c  496   -1   548   1
c  547   -1   498   1
c  598   -1   649   1
c  598   -1   698   1
c  549   -1   547   1
c  549   -1   546   1
c  597   -1   548   1
c  499   -1   548   1
c  499   -1   598   1
c  599   -1   548   1
c  599   -1   550   1
c  49   -1   100   1
c  49   -1   149   1
c  50   -1   99   1
c  50   -1   48   1
c  2458   -1   2460   1
c  2462   -1   2413   1
c  2462   -1   2414   1
c  2461   -1   2459   1
c  2465   -1   2416   1
c  2465   -1   2414   1
c  2467   -1   2367   1
c  2467   -1   2416   1
c  2420   -1   2469   1
c  2420   -1   2472   1
c  2471   -1   2423   1
c  2421   -1   2470   1
c  1540   -1   1589   1
c  1540   -1   1591   1
c  1443   -1   1394   1
c  1443   -1   1345   1
c  1542   -1   1442   1
c  1542   -1   1443   1
c  1543   -1   1592   1
c  1543   -1   1643   1
c  1494   -1   1443   1
c  1494   -1   1496   1
c  1544   -1   1595   1
c  1544   -1   1596   1
c  1591   -1   1640   1
c  1641   -1   1692   1
c  1641   -1   1742   1
c  1642   -1   1593   1
c  1642   -1   1540   1
c  1145   -1   1194   1
c  1145   -1   1196   1
c  1197   -1   1146   1
c  1197   -1   1148   1
c  1445   -1   1494   1
c  1445   -1   1443   1
c  1495   -1   1546   1
c  1395   -1   1346   1
c  1395   -1   1446   1
c  1396   -1   1447   1
c  1396   -1   1496   1
c  1296   -1   1347   1
c  1347   -1   1349   1
c  1447   -1   1399   1
c  1447   -1   1400   1
c  1398   -1   1396   1
c  1398   -1   1449   1
c  1448   -1   1446   1
c  1448   -1   1397   1
c  1449   -1   1549   1
c  1449   -1   1548   1
c  1245   -1   1247   1
c  1245   -1   1296   1
c  1246   -1   1297   1
c  1246   -1   1295   1
c  1297   -1   1348   1
c  1297   -1   1396   1
c  1248   -1   1197   1
c  1348   -1   1400   1
c  1348   -1   1649   1
c  1299   -1   1350   1
c  1299   -1   1398   1
c  1249   -1   1349   1
c  1249   -1   1296   1
c  1349   -1   1449   1
c  1349   -1   1450   1
c  1196   -1   1245   1
c  1196   -1   1244   1
c  1147   -1   1198   1
c  1147   -1   1049   1
c  1148   -1   1248   1
c  1148   -1   1199   1
c  1199   -1   1247   1
c  1199   -1   1246   1
c  1098   -1   1049   1
c  1098   -1   1047   1
c  1048   -1   999   1
c  1048   -1   1099   1
c  1640   -1   1589   1
c  1640   -1   1691   1
c  848   -1   797   1
c  848   -1   996   1
c  2087   -1   2036   1
c  2087   -1   1986   1
c  1792   -1   1892   1
c  1792   -1   1843   1
c  1793   -1   1791   1
c  1793   -1   1842   1
c  2089   -1   2038   1
c  2089   -1   2138   1
c  2088   -1   2039   1
c  2088   -1   2086   1
c  1992   -1   1941   1
c  1992   -1   2041   1
c  1942   -1   1991   1
c  2091   -1   2089   1
c  2091   -1   2040   1
c  2042   -1   2093   1
c  2042   -1   2143   1
c  2189   -1   2041   1
c  2143   -1   2194   1
c  2143   -1   2041   1
c  2090   -1   2141   1
c  2090   -1   2038   1
c  1892   -1   1843   1
c  1892   -1   1894   1
c  1843   -1   1943   1
c  1843   -1   1891   1
c  1943   -1   1994   1
c  1943   -1   2044   1
c  1743   -1   1792   1
c  1743   -1   1942   1
c  1693   -1   1793   1
c  1693   -1   1843   1
c  2376   -1   2427   1
c  2376   -1   2425   1
c  2377   -1   2426   1
c  2377   -1   2477   1
c  2378   -1   2427   1
c  2378   -1   2429   1
c  2185   -1   2236   1
c  2135   -1   2184   1
c  2482   -1   2433   1
c  2482   -1   2330   1
c  2479   -1   2379   1
c  2479   -1   2430   1
c  2481   -1   2483   1
c  2432   -1   2481   1
c  2432   -1   2434   1
c  2480   -1   2431   1
c  2480   -1   2429   1
c  2478   -1   2429   1
c  2478   -1   2431   1
c  2428   -1   2479   1
c  2428   -1   2477   1
c  2384   -1   2433   1
c  2384   -1   2435   1
c  2385   -1   2434   1
c  2385   -1   2334   1
c  2484   -1   2435   1
c  2484   -1   2334   1
c  2286   -1   2288   1
c  2286   -1   2237   1
c  2287   -1   2238   1
c  2287   -1   2338   1
c  2285   -1   2385   1
c  2285   -1   2185   1
c  2435   -1   2486   1
c  2483   -1   2434   1
c  2483   -1   2435   1
c  2485   -1   2434   1
c  2485   -1   2385   1
c  2436   -1   2434   1
c  2436   -1   2489   1
c  2336   -1   2385   1
c  2336   -1   2435   1
c  2386   -1   2384   1
c  2137   -1   2186   1
c  2137   -1   2235   1
c  2086   -1   2135   1
c  2086   -1   2035   1
c  2186   -1   2237   1
c  2186   -1   2138   1
c  2237   -1   2136   1
c  2337   -1   2386   1
c  2337   -1   2288   1
c  2422   -1   2471   1
c  2422   -1   2420   1
c  2472   -1   2421   1
c  2472   -1   2423   1
c  2425   -1   2476   1
c  2425   -1   2427   1
c  2426   -1   2477   1
c  2426   -1   2475   1
c  847   -1   796   1
c  847   -1   896   1
c  898   -1   947   1
c  898   -1   847   1
c  949   -1   849   1
c  949   -1   799   1
c  899   -1   948   1
c  899   -1   848   1
c  1000   -1   949   1
c  1000   -1   948   1
c  950   -1   850   1
c  950   -1   849   1
c  999   -1   1099   1
c  999   -1   1100   1
c  1049   -1   998   1
c  1049   -1   1000   1
c  1099   -1   1050   1
c  1099   -1   998   1
c  647   -1   547   1
c  647   -1   749   1
c  648   -1   599   1
c  648   -1   697   1
c  699   -1   750   1
c  699   -1   599   1
c  650   -1   648   1
c  650   -1   499   1
c  550   -1   499   1
c  550   -1   649   1
c  700   -1   598   1
c  798   -1   800   1
c  798   -1   750   1
c  850   -1   799   1
c  850   -1   797   1
c  749   -1   800   1
c  749   -1   698   1
c  849   -1   749   1
c  849   -1   698   1
c  450   -1   399   1
c  450   -1   349   1
c  400   -1   449   1
c  400   -1   448   1
c  449   -1   549   1
c  449   -1   496   1
c  500   -1   449   1
c  500   -1   399   1
c  600   -1   549   1
c  600   -1   598   1
c  1592   -1   1643   1
c  1592   -1   1641   1
c  1593   -1   1595   1
c  1593   -1   1694   1
c  1594   -1   1543   1
c  1643   -1   1694   1
c  1643   -1   1594   1
c  1546   -1   1595   1
c  1546   -1   1494   1
c  1496   -1   1447   1
c  1545   -1   1594   1
c  1545   -1   1596   1
c  1595   -1   1547   1
c  1596   -1   1645   1
c  1596   -1   1547   1
c  1247   -1   1296   1
c  1198   -1   1250   1
c  1198   -1   1299   1
c  1446   -1   1495   1
c  1497   -1   1546   1
c  1497   -1   1548   1
c  1399   -1   1450   1
c  1399   -1   1499   1
c  1400   -1   1349   1
c  1400   -1   1449   1
c  1499   -1   1448   1
c  1499   -1   1398   1
c  1498   -1   1549   1
c  1498   -1   1547   1
c  1547   -1   1448   1
c  1450   -1   1499   1
c  1549   -1   1649   1
c  1549   -1   1598   1
c  1548   -1   1597   1
c  1548   -1   1599   1
c  1350   -1   1399   1
c  1350   -1   1348   1
c  1649   -1   1700   1
c  1649   -1   1598   1
c  1300   -1   1349   1
c  1300   -1   1249   1
c  1250   -1   1199   1
c  1149   -1   1200   1
c  1149   -1   1249   1
c  1200   -1   1300   1
c  1150   -1   1250   1
c  1150   -1   1199   1
c  1050   -1   1048   1
c  1050   -1   1098   1
c  800   -1   700   1
c  800   -1   848   1
c  799   -1   750   1
c  799   -1   848   1
c  2187   -1   2138   1
c  2187   -1   2087   1
c  1794   -1   1845   1
c  1794   -1   1846   1
c  1744   -1   1793   1
c  1744   -1   1844   1
c  2139   -1   2188   1
c  2139   -1   2088   1
c  2190   -1   2090   1
c  2190   -1   2089   1
c  2138   -1   2189   1
c  2138   -1   2239   1
c  1993   -1   1944   1
c  1993   -1   1895   1
c  2092   -1   2090   1
c  2092   -1   1992   1
c  2141   -1   2241   1
c  2142   -1   2091   1
c  2142   -1   2242   1
c  2093   -1   1993   1
c  2093   -1   2091   1
c  2043   -1   1943   1
c  2043   -1   2090   1
c  2188   -1   2288   1
c  2188   -1   2137   1
c  2239   -1   2188   1
c  2239   -1   2139   1
c  2238   -1   2189   1
c  2238   -1   2240   1
c  2140   -1   2189   1
c  2140   -1   2242   1
c  2193   -1   2142   1
c  2193   -1   2141   1
c  2144   -1   2044   1
c  2144   -1   2142   1
c  2192   -1   2141   1
c  2192   -1   2143   1
c  2194   -1   2294   1
c  2194   -1   2345   1
c  1893   -1   1944   1
c  1893   -1   1994   1
c  1894   -1   1896   1
c  1844   -1   1896   1
c  1944   -1   1995   1
c  1944   -1   1946   1
c  1994   -1   1945   1
c  1994   -1   1996   1
c  2044   -1   2095   1
c  2044   -1   2046   1
c  1694   -1   1745   1
c  1694   -1   1743   1
c  1695   -1   1743   1
c  1695   -1   1594   1
c  1795   -1   1844   1
c  1795   -1   1743   1
c  2427   -1   2476   1
c  2427   -1   2475   1
c  2477   -1   2479   1
c  2476   -1   2428   1
c  2288   -1   2239   1
c  2288   -1   2388   1
c  2338   -1   2389   1
c  2338   -1   2340   1
c  2486   -1   2437   1
c  2486   -1   2438   1
c  2437   -1   2386   1
c  2437   -1   2485   1
c  2488   -1   2486   1
c  2488   -1   2485   1
c  2387   -1   2438   1
c  2387   -1   2436   1
c  2487   -1   2436   1
c  2487   -1   2336   1
c  2489   -1   2441   1
c  2489   -1   2442   1
c  2438   -1   2386   1
c  900   -1   849   1
c  900   -1   898   1
c  1100   -1   1149   1
c  1100   -1   1000   1
c  750   -1   650   1
c  1644   -1   1744   1
c  1644   -1   1595   1
c  1597   -1   1497   1
c  1597   -1   1546   1
c  1646   -1   1746   1
c  1646   -1   1545   1
c  1645   -1   1694   1
c  1645   -1   1744   1
c  1696   -1   1596   1
c  1696   -1   1645   1
c  1500   -1   1549   1
c  1500   -1   1649   1
c  1647   -1   1548   1
c  1647   -1   1498   1
c  1697   -1   1597   1
c  1697   -1   1547   1
c  1599   -1   1699   1
c  1599   -1   1698   1
c  1550   -1   1650   1
c  1550   -1   1699   1
c  1598   -1   1500   1
c  1648   -1   1599   1
c  1648   -1   1700   1
c  1699   -1   1799   1
c  1699   -1   1648   1
c  1650   -1   1599   1
c  1650   -1   1648   1
c  1698   -1   1649   1
c  1698   -1   1647   1
c  1600   -1   1649   1
c  1600   -1   1500   1
c  1700   -1   1749   1
c  1700   -1   1850   1
c  1747   -1   1696   1
c  1747   -1   1794   1
c  1896   -1   1794   1
c  1845   -1   1894   1
c  1846   -1   1848   1
c  1846   -1   1897   1
c  1745   -1   1696   1
c  2240   -1   2291   1
c  2240   -1   2340   1
c  2191   -1   2140   1
c  2191   -1   2142   1
c  2341   -1   2289   1
c  2341   -1   2190   1
c  2096   -1   2047   1
c  2096   -1   2190   1
c  1895   -1   1946   1
c  1895   -1   1944   1
c  2241   -1   2192   1
c  2241   -1   2142   1
c  2242   -1   2291   1
c  2242   -1   2244   1
c  2094   -1   2045   1
c  2094   -1   1944   1
c  2289   -1   2340   1
c  2289   -1   2390   1
c  2243   -1   2343   1
c  2243   -1   2393   1
c  2145   -1   2149   1
c  2145   -1   2199   1
c  2095   -1   2144   1
c  2244   -1   2293   1
c  2244   -1   2144   1
c  2195   -1   2146   1
c  2195   -1   2096   1
c  2196   -1   2194   1
c  2196   -1   2147   1
c  2294   -1   2343   1
c  2294   -1   2341   1
c  2345   -1   2394   1
c  2345   -1   2293   1
c  1945   -1   1845   1
c  1945   -1   1894   1
c  1995   -1   2046   1
c  1946   -1   1997   1
c  1946   -1   1995   1
c  1996   -1   2045   1
c  1996   -1   2196   1
c  2045   -1   1945   1
c  2045   -1   2096   1
c  2046   -1   2048   1
c  2046   -1   2095   1
c  1796   -1   1845   1
c  1796   -1   1696   1
c  2388   -1   2339   1
c  2388   -1   2437   1
c  2339   -1   2439   1
c  2339   -1   2390   1
c  2389   -1   2438   1
c  2389   -1   2290   1
c  2340   -1   2342   1
c  2340   -1   2292   1
c  2439   -1   2441   1
c  2439   -1   2491   1
c  2490   -1   2390   1
c  2490   -1   2439   1
c  2441   -1   2392   1
c  2441   -1   2492   1
c  2442   -1   2491   1
c  2442   -1   2490   1
c  1746   -1   1847   1
c  1746   -1   1897   1
c  1749   -1   1798   1
c  1799   -1   1848   1
c  1799   -1   1898   1
c  1748   -1   1799   1
c  1748   -1   1800   1
c  1750   -1   1799   1
c  1750   -1   1747   1
c  1798   -1   1700   1
c  1850   -1   1899   1
c  1850   -1   1949   1
c  1797   -1   1748   1
c  1797   -1   1849   1
c  1897   -1   1848   1
c  1897   -1   1798   1
c  1847   -1   1898   1
c  1847   -1   1796   1
c  1848   -1   1998   1
c  2290   -1   2390   1
c  2290   -1   2339   1
c  2291   -1   2289   1
c  2391   -1   2442   1
c  2391   -1   2340   1
c  2342   -1   2293   1
c  2342   -1   2245   1
c  2390   -1   2341   1
c  2390   -1   2441   1
c  2392   -1   2341   1
c  2392   -1   2389   1
c  2146   -1   2148   1
c  2146   -1   2047   1
c  2097   -1   2048   1
c  2097   -1   2099   1
c  2047   -1   1996   1
c  2047   -1   1995   1
c  2292   -1   2241   1
c  2292   -1   2441   1
c  2293   -1   2291   1
c  2293   -1   2241   1
c  2440   -1   2442   1
c  2440   -1   2289   1
c  2343   -1   2345   1
c  2343   -1   2394   1
c  2393   -1   2342   1
c  2393   -1   2493   1
c  2149   -1   2200   1
c  2149   -1   2297   1
c  2199   -1   2248   1
c  2245   -1   2294   1
c  2245   -1   2343   1
c  2295   -1   2246   1
c  2295   -1   2244   1
c  2246   -1   2147   1
c  2197   -1   2246   1
c  2197   -1   2296   1
c  2147   -1   2098   1
c  2147   -1   2048   1
c  2344   -1   2295   1
c  2344   -1   2393   1
c  2444   -1   2294   1
c  2444   -1   2293   1
c  2395   -1   2344   1
c  2395   -1   2294   1
c  2346   -1   2395   1
c  2346   -1   2297   1
c  2394   -1   2445   1
c  2394   -1   2391   1
c  1947   -1   1998   1
c  1997   -1   1999   1
c  2048   -1   1948   1
c  2048   -1   1997   1
c  2491   -1   2493   1
c  2492   -1   2443   1
c  2443   -1   2392   1
c  2443   -1   2293   1
c  1849   -1   1798   1
c  1800   -1   1849   1
c  1800   -1   1798   1
c  1898   -1   1947   1
c  1898   -1   1999   1
c  1900   -1   1849   1
c  1900   -1   1800   1
c  1899   -1   1950   1
c  1899   -1   1848   1
c  1949   -1   1900   1
c  1998   -1   2049   1
c  2445   -1   2392   1
c  2148   -1   2199   1
c  2148   -1   2099   1
c  2098   -1   2049   1
c  2098   -1   1999   1
c  2099   -1   2050   1
c  2099   -1   2150   1
c  2494   -1   2443   1
c  2494   -1   2393   1
c  2296   -1   2393   1
c  2493   -1   2444   1
c  2150   -1   2199   1
c  2150   -1   2098   1
c  2049   -1   2149   1
c  2049   -1   2148   1
c  2198   -1   2149   1
c  2198   -1   2249   1
c  2100   -1   2149   1
c  2100   -1   2049   1
c  2249   -1   2149   1
c  2249   -1   2300   1
c  2200   -1   2198   1
c  2200   -1   2249   1
c  2297   -1   2295   1
c  2297   -1   2245   1
c  2248   -1   2297   1
c  2247   -1   2347   1
c  2247   -1   2299   1
c  2495   -1   2444   1
c  2495   -1   2493   1
c  2396   -1   2445   1
c  2396   -1   2444   1
c  2347   -1   2349   1
c  2347   -1   2396   1
c  2348   -1   2346   1
c  2348   -1   2446   1
c  2349   -1   2400   1
c  2349   -1   2346   1
c  1948   -1   1997   1
c  1948   -1   1999   1
c  1999   -1   2050   1
c  1950   -1   1999   1
c  1950   -1   1998   1
c  2000   -1   1899   1
c  2000   -1   2099   1
c  2050   -1   1949   1
c  2446   -1   2398   1
c  2496   -1   2445   1
c  2496   -1   2494   1
c  2299   -1   2348   1
c  2299   -1   2347   1
c  2250   -1   2349   1
c  2250   -1   2348   1
c  2298   -1   2249   1
c  2298   -1   2350   1
c  2300   -1   2349   1
c  2300   -1   2450   1
c  2398   -1   2248   1
c  2398   -1   2450   1
c  2397   -1   2497   1
c  2397   -1   2446   1
c  2450   -1   2348   1
c  2399   -1   2350   1
c  2399   -1   2450   1
c  2350   -1   2250   1
c  2350   -1   2299   1
c  2400   -1   2449   1
c  2400   -1   2300   1
c  2447   -1   2498   1
c  2447   -1   2449   1
c  2497   -1   2446   1
c  2448   -1   2499   1
c  2448   -1   2450   1
c  2500   -1   2448   1
c  2500   -1   2398   1
c  2498   -1   2397   1
c  2449   -1   2500   1
c  2499   -1   2450   1
r  1   102   53   2
r  51   153   103   2
r  2   53   102   2
c  52   -1   153   2
c  53   -1   51   2
r  101   55   153   2
c  102   -1   55   2
r  103   54   55   2
r  3   52   106   2
r  4   53   152   2
r  152   103   104   2
c  54   -1   152   2
r  5   103   53   2
r  151   153   103   2
r  202   153   54   2
r  55   53   153   2
r  203   152   54   2
r  6   57   210   2
c  56   -1   58   2
c  56   -1   112   2
r  252   152   353   2
r  301   303   353   2
r  206   151   55   2
c  57   -1   106   2
r  204   304   353   2
r  257   156   154   2
r  205   156   256   2
r  210   261   109   2
r  112   14   61   2
c  255   -1   307   2
r  158   59   110   2
r  351   302   204   2
r  303   254   352   2
c  108   -1   9   2
r  8   108   109   2
c  354   -1   454   2
c  160   -1   58   2
c  110   -1   10   2
c  62   -1   64   2
c  162   -1   13   2
c  60   -1   113   2
r  10   111   61   2
r  12   61   112   2
c  64   -1   61   2
c  355   -1   454   2
c  455   -1   554   2
c  457   -1   405   2
c  358   -1   310   2
c  407   -1   505   2
c  262   -1   363   2
r  14   12   111   2
c  459   -1   407   2
r  510   610   463   2
r  452   401   553   2
r  451   653   502   2
r  453   455   553   2
c  603   -1   504   2
r  502   602   553   2
c  604   -1   555   2
c  507   -1   456   2
c  360   -1   309   2
c  557   -1   407   2
c  313   -1   261   2
c  214   -1   261   2
c  412   -1   461   2
c  413   -1   361   2
r  414   363   463   2
c  314   -1   415   2
r  15   64   68   2
c  67   -1   168   2
c  462   -1   459   2
r  558   505   556   2
c  511   -1   559   2
r  501   503   602   2
c  602   -1   503   2
c  656   -1   607   2
r  601   701   702   2
c  365   -1   264   2
r  216   116   67   2
r  16   69   68   2
r  658   709   660   2
c  659   -1   758   2
c  701   -1   653   2
c  705   -1   752   2
c  71   -1   171   2
c  758   -1   706   2
r  809   907   908   2
c  806   -1   809   2
c  663   -1   563   2
c  757   -1   705   2
r  664   615   564   2
c  565   -1   664   2
c  516   -1   568   2
c  753   -1   902   2
r  467   516   420   2
c  615   -1   514   2
c  318   -1   270   2
c  270   -1   319   2
c  320   -1   421   2
r  220   169   172   2
c  74   -1   372   2
c  172   -1   271   2
c  221   -1   269   2
c  859   -1   912   2
r  858   907   959   2
r  813   810   764   2
r  805   704   907   2
c  716   -1   664   2
c  803   -1   751   2
c  853   -1   751   2
r  904   753   752   2
c  855   -1   954   2
r  469   520   518   2
c  468   -1   568   2
c  520   -1   518   2
r  471   520   519   2
c  668   -1   666   2
c  273   -1   221   2
c  174   -1   75   2
r  224   222   75   2
r  324   275   273   2
c  175   -1   74   2
c  75   -1   28   2
c  326   -1   225   2
r  372   423   370   2
c  912   -1   1011   2
c  909   -1   861   2
c  814   -1   968   2
c  814   -1   714   2
c  905   -1   903   2
c  956   -1   1007   2
c  765   -1   768   2
c  901   -1   953   2
r  903   901   954   2
c  474   -1   325   2
c  672   -1   670   2
c  622   -1   670   2
c  373   -1   473   2
r  77   75   79   2
c  227   -1   276   2
r  177   128   77   2
c  1007   -1   907   2
c  1009   -1   1109   2
r  1013   962   965   2
c  1014   -1   1012   2
r  964   1016   1065   2
c  817   -1   815   2
r  951   1052   903   2
c  1002   -1   1004   2
r  1001   902   953   2
c  1204   -1   952   2
c  1056   -1   1053   2
r  1052   1003   1006   2
c  574   -1   626   2
c  624   -1   572   2
c  771   -1   722   2
c  722   -1   773   2
c  819   -1   867   2
c  179   -1   230   2
c  80   -1   78   2
r  30   182   128   2
r  1209   1160   1310   2
r  967   918   1014   2
c  1116   -1   1014   2
c  1119   -1   1218   2
r  1020   1068   919   2
r  919   970   871   2
c  1064   -1   1115   2
r  1015   1064   966   2
r  1105   1157   1154   2
c  1156   -1   1304   2
r  1051   1202   1153   2
r  1203   1303   1152   2
c  1254   -1   1153   2
c  1102   -1   1154   2
c  1311   -1   1259   2
r  724   675   676   2
r  132   181   232   2
r  181   130   31   2
r  81   130   180   2
c  380   -1   181   2
c  527   -1   629   2
r  32   81   131   2
r  133   184   182   2
r  1211   1162   1310   2
c  1259   -1   1307   2
r  1260   1211   1162   2
c  1213   -1   1165   2
c  1216   -1   1265   2
c  1322   -1   1168   2
c  1022   -1   1070   2
c  1072   -1   1220   2
c  1123   -1   1077   2
c  1214   -1   1317   2
c  1258   -1   1206   2
r  1101   1152   1202   2
c  1253   -1   1151   2
c  1252   -1   1353   2
c  1252   -1   1354   2
r  1151   1202   1153   2
r  1355   1352   1402   2
c  1356   -1   1409   2
r  1201   1252   1102   2
r  1251   1302   1152   2
c  777   -1   724   2
c  726   -1   729   2
r  577   626   579   2
c  923   -1   872   2
c  923   -1   773   2
c  974   -1   926   2
c  974   -1   1025   2
r  34   83   81   2
c  233   -1   83   2
c  481   -1   433   2
r  532   432   430   2
r  528   629   580   2
c  580   -1   629   2
r  33   84   133   2
c  84   -1   233   2
c  184   -1   86   2
c  135   -1   87   2
r  1360   1461   1409   2
c  1174   -1   1322   2
c  1370   -1   1270   2
r  1077   1125   1276   2
c  1363   -1   1214   2
r  1351   1402   1202   2
r  1655   1706   1602   2
c  1302   -1   1402   2
c  1352   -1   1252   2
c  1463   -1   1361   2
c  1313   -1   1362   2
r  1364   1416   1313   2
c  727   -1   627   2
c  778   -1   776   2
c  780   -1   727   2
c  628   -1   630   2
c  679   -1   577   2
c  976   -1   978   2
c  977   -1   926   2
c  333   -1   385   2
c  283   -1   235   2
r  531   582   381   2
c  581   -1   583   2
c  386   -1   481   2
r  384   386   483   2
c  582   -1   584   2
r  533   633   436   2
c  85   -1   138   2
c  285   -1   287   2
r  136   37   237   2
c  88   -1   135   2
r  36   85   138   2
c  1366   -1   1266   2
c  1365   -1   1317   2
r  1424   1524   1475   2
r  1224   1324   1325   2
c  1276   -1   1228   2
r  1451   1402   1404   2
c  1705   -1   1807   2
c  1603   -1   1655   2
c  1555   -1   1455   2
r  1502   1451   1402   2
r  878   929   778   2
r  830   879   730   2
c  978   -1   1130   2
c  186   -1   36   2
c  186   -1   85   2
c  584   -1   633   2
r  138   187   189   2
c  286   -1   437   2
r  137   135   86   2
c  187   -1   86   2
r  39   41   90   2
c  1606   -1   1457   2
c  1473   -1   1425   2
c  1326   -1   1127   2
c  1176   -1   1325   2
c  1572   -1   1474   2
c  1571   -1   1573   2
c  1571   -1   1620   2
c  1418   -1   1420   2
c  1230   -1   1130   2
c  1468   -1   1415   2
r  1516   1518   1667   2
c  1706   -1   1757   2
c  1755   -1   1607   2
c  1855   -1   1705   2
c  1709   -1   1705   2
c  1807   -1   1809   2
r  1756   1808   1758   2
c  1652   -1   1603   2
r  1703   1603   1554   2
r  1804   1853   1802   2
r  1601   1652   1703   2
r  1552   1501   1601   2
r  1702   1751   1602   2
c  1615   -1   1716   2
c  1663   -1   1565   2
c  929   -1   829   2
c  783   -1   831   2
c  1030   -1   1028   2
c  288   -1   237   2
c  682   -1   684   2
c  733   -1   634   2
c  439   -1   490   2
c  188   -1   190   2
c  90   -1   242   2
c  1676   -1   1576   2
c  1776   -1   1774   2
r  1627   1676   1678   2
c  1477   -1   1329   2
c  1327   -1   1226   2
c  1520   -1   1670   2
c  1670   -1   1571   2
c  1428   -1   1327   2
c  1518   -1   1520   2
c  1568   -1   1667   2
c  1231   -1   1131   2
r  1614   1612   1663   2
c  1716   -1   1564   2
c  1664   -1   1564   2
c  1754   -1   1803   2
r  1753   1852   1704   2
r  1902   1853   1806   2
c  1853   -1   2002   2
c  1904   -1   2001   2
c  1810   -1   1708   2
r  1752   1704   1652   2
c  1802   -1   1702   2
c  1661   -1   1562   2
c  933   -1   931   2
r  1035   1037   1135   2
r  289   189   191   2
c  588   -1   536   2
c  489   -1   487   2
c  885   -1   734   2
c  141   -1   341   2
c  191   -1   193   2
r  240   291   339   2
c  92   -1   293   2
r  192   89   91   2
c  1527   -1   1379   2
c  1724   -1   1626   2
c  1724   -1   1526   2
c  1577   -1   1676   2
r  1672   1674   1670   2
c  1728   -1   1680   2
c  1728   -1   1579   2
r  1628   1729   1679   2
c  1729   -1   1731   2
c  1429   -1   1427   2
c  1671   -1   1772   2
c  1718   -1   1670   2
c  1431   -1   1379   2
c  1430   -1   1481   2
r  1618   1669   1666   2
c  1381   -1   1280   2
c  1331   -1   1380   2
c  1331   -1   1278   2
c  1717   -1   1768   2
c  1751   -1   1753   2
r  1852   1752   1952   2
r  1901   1952   2003   2
r  2055   1955   2003   2
r  1954   1902   1901   2
r  2002   2051   2104   2
r  2001   2003   2102   2
r  1811   1862   1863   2
c  1859   -1   2058   2
c  2008   -1   1957   2
c  2058   -1   1958   2
c  1712   -1   1764   2
c  1333   -1   1432   2
c  1135   -1   1186   2
c  1038   -1   1084   2
r  692   643   644   2
r  540   489   642   2
c  391   -1   489   2
c  789   -1   688   2
r  936   934   884   2
c  93   -1   196   2
c  293   -1   392   2
c  392   -1   390   2
r  1773   1824   1826   2
c  1928   -1   1777   2
c  1780   -1   1829   2
c  1731   -1   1734   2
c  1480   -1   1330   2
c  1480   -1   1378   2
c  1481   -1   1380   2
c  1865   -1   1813   2
c  1817   -1   1766   2
c  1863   -1   1814   2
r  1951   1902   1903   2
r  2051   2054   2102   2
c  2009   -1   2060   2
c  2059   -1   2007   2
r  1137   1038   1085   2
r  1186   1087   1184   2
r  1235   1286   1187   2
r  988   888   1088   2
r  1087   1136   1038   2
c  645   -1   692   2
r  740   738   641   2
r  494   545   540   2
r  492   543   540   2
c  443   -1   542   2
c  790   -1   738   2
c  791   -1   891   2
c  1040   -1   888   2
c  94   -1   97   2
r  44   91   93   2
c  95   -1   147   2
r  196   147   149   2
r  1823   1874   1875   2
c  1583   -1   1730   2
c  1821   -1   1824   2
r  1631   1682   1680   2
c  2026   -1   1876   2
c  1978   -1   1829   2
r  1974   2023   2072   2
r  1973   2024   2073   2
c  1873   -1   1772   2
c  1682   -1   1581   2
c  1734   -1   1685   2
c  1868   -1   1866   2
c  1918   -1   1818   2
c  1285   -1   1187   2
r  1913   1864   1865   2
r  1916   1865   2016   2
c  2011   -1   1863   2
c  1968   -1   2069   2
c  2020   -1   1972   2
c  2155   -1   2207   2
c  2154   -1   2152   2
c  2152   -1   2253   2
r  2203   2103   2152   2
c  2062   -1   2162   2
r  2206   2255   2357   2
r  2158   2209   2360   2
c  2060   -1   1963   2
c  2061   -1   2209   2
c  1335   -1   1383   2
c  1335   -1   1435   2
r  1289   1139   1188   2
c  1236   -1   1188   2
c  939   -1   988   2
r  1139   1090   1191   2
r  1092   1041   1189   2
c  643   -1   492   2
c  793   -1   996   2
c  695   -1   599   2
c  545   -1   542   2
c  991   -1   989   2
r  45   96   47   2
c  97   -1   196   2
r  297   249   295   2
r  347   245   195   2
r  298   247   346   2
c  96   -1   98   2
r  147   98   149   2
r  149   98   297   2
r  1584   1485   1532   2
c  1922   -1   1821   2
c  2025   -1   2073   2
c  2076   -1   2029   2
c  2179   -1   2078   2
r  2074   2023   2025   2
c  1783   -1   1831   2
c  1784   -1   1837   2
c  2015   -1   2064   2
c  2015   -1   1964   2
c  2018   -1   2117   2
r  2017   2015   2065   2
r  2352   2451   2403   2
c  2254   -1   2452   2
r  2251   2352   2402   2
r  2063   2012   1962   2
r  2013   2062   2016   2
r  2256   2356   2307   2
c  2357   -1   2258   2
c  2208   -1   2259   2
c  2209   -1   2109   2
c  1338   -1   1340   2
c  1240   -1   1337   2
c  1437   -1   1288   2
r  1142   1193   1194   2
r  1042   1091   991   2
c  892   -1   792   2
r  546   597   497   2
c  597   -1   498   2
r  699   750   548   2
r  598   698   650   2
c  698   -1   800   2
c  700   -1   749   2
c  548   -1   444   2
c  547   -1   347   2
r  498   447   599   2
c  1043   -1   943   2
r  46   95   98   2
c  148   -1   97   2
c  397   -1   299   2
r  248   246   348   2
r  99   199   147   2
r  198   149   249   2
r  48   97   99   2
c  100   -1   199   2
c  249   -1   98   2
r  150   147   98   2
r  49   100   98   2
r  50   99   98   2
r  250   98   247   2
r  200   299   149   2
r  1486   1386   1535   2
r  2031   1982   2033   2
c  2281   -1   2330   2
c  2274   -1   2374   2
c  1887   -1   1986   2
c  1984   -1   1935   2
c  1785   -1   1787   2
c  2117   -1   2114   2
r  2167   2067   2066   2
c  2222   -1   2120   2
r  2223   2120   2221   2
r  2302   2402   2403   2
c  2351   -1   2402   2
r  2353   2302   2404   2
c  2452   -1   2301   2
c  2453   -1   2352   2
c  2401   -1   2404   2
c  2304   -1   2403   2
r  2306   2357   2407   2
r  2212   2210   2313   2
c  2358   -1   2409   2
c  2408   -1   2309   2
c  2458   -1   2357   2
r  2460   2409   2357   2
c  2363   -1   2412   2
c  943   -1   945   2
c  1193   -1   1141   2
r  1192   1141   1143   2
c  1096   -1   1144   2
c  1194   -1   1094   2
c  995   -1   896   2
c  796   -1   897   2
r  846   897   946   2
r  497   495   397   2
r  549   546   498   2
r  600   549   499   2
r  550   649   548   2
r  749   800   797   2
c  750   -1   698   2
c  399   -1   548   2
c  1095   -1   998   2
c  948   -1   1047   2
r  998   1047   1097   2
r  300   249   348   2
r  450   399   348   2
r  400   449   348   2
c  1536   -1   1587   2
r  1636   1685   1485   2
c  1889   -1   1941   2
c  2082   -1   1982   2
r  2283   2434   2234   2
c  2333   -1   2234   2
c  2323   -1   2424   2
r  2374   2325   2423   2
r  2325   2323   2225   2
r  2324   2373   2423   2
c  2184   -1   1983   2
c  1985   -1   2036   2
c  1886   -1   1787   2
c  1738   -1   1741   2
c  2268   -1   2221   2
r  2451   2351   2353   2
r  2404   2453   2407   2
r  2405   2457   2410   2
r  2455   2407   2403   2
r  2456   2355   2404   2
c  2312   -1   2413   2
r  2362   2413   2314   2
c  2461   -1   2362   2
c  1589   -1   1490   2
c  1589   -1   1438   2
r  1342   1391   1344   2
r  798   750   849   2
r  899   848   897   2
r  949   849   900   2
r  999   1099   1050   2
r  1050   1098   998   2
c  1539   -1   1636   2
c  1890   -1   1790   2
c  1841   -1   1741   2
c  1841   -1   1740   2
c  1989   -1   1941   2
r  2376   2425   2327   2
c  2328   -1   2479   2
r  2378   2427   2477   2
c  2329   -1   2378   2
c  2084   -1   2132   2
c  2431   -1   2434   2
r  2482   2433   2381   2
c  2433   -1   2335   2
r  2136   2185   2236   2
r  2236   2337   2386   2
c  2373   -1   2422   2
c  2421   -1   2322   2
c  2474   -1   2425   2
c  2475   -1   2477   2
c  2475   -1   2374   2
c  2185   -1   2335   2
c  2135   -1   2137   2
r  2085   2034   1985   2
c  2038   -1   2041   2
c  2418   -1   2420   2
r  2317   2368   2418   2
r  2368   2419   2319   2
r  2466   2365   2414   2
c  2464   -1   2315   2
c  2464   -1   2365   2
r  2416   2316   2367   2
r  2465   2414   2365   2
c  2417   -1   2365   2
c  1491   -1   1542   2
c  1442   -1   1496   2
r  1393   1442   1441   2
c  1493   -1   1394   2
c  1446   -1   1344   2
c  1296   -1   1197   2
c  1247   -1   1148   2
r  1099   998   1000   2
r  1198   1250   1247   2
r  1100   1149   1049   2
c  1791   -1   1891   2
c  1991   -1   2091   2
c  2041   -1   1990   2
c  1942   -1   1792   2
c  1691   -1   1490   2
r  2425   2476   2423   2
c  2476   -1   2376   2
c  2477   -1   2429   2
r  2428   2479   2426   2
c  2481   -1   2380   2
c  2434   -1   2486   2
c  2435   -1   2482   2
r  2484   2435   2432   2
c  2386   -1   2334   2
c  2237   -1   2288   2
r  2422   2471   2470   2
c  2471   -1   2420   2
r  2472   2423   2370   2
r  2367   2315   2418   2
r  2467   2367   2418   2
r  2469   2418   2417   2
c  1496   -1   1596   2
c  1591   -1   1642   2
c  1495   -1   1443   2
c  1347   -1   1249   2
c  1248   -1   1199   2
r  1150   1250   1298   2
c  1200   -1   1249   2
c  1250   -1   1149   2
c  2189   -1   2288   2
c  2141   -1   2040   2
r  2485   2385   2436   2
r  2486   2437   2386   2
c  2438   -1   2390   2
r  2338   2340   2390   2
c  1547   -1   1496   2
r  1643   1694   1645   2
c  1594   -1   1596   2
c  1595   -1   1494   2
r  1548   1599   1447   2
c  1450   -1   1348   2
r  1549   1649   1647   2
c  1844   -1   1793   2
c  1894   -1   1946   2
c  1745   -1   1743   2
r  1694   1743   1594   2
r  2487   2336   2438   2
r  2488   2485   2436   2
r  2389   2290   2340   2
r  1597   1497   1595   2
c  1598   -1   1600   2
r  1650   1599   1548   2
r  1550   1699   1649   2
r  1600   1649   1549   2
c  1896   -1   1845   2
c  1845   -1   2045   2
c  2095   -1   1996   2
c  1995   -1   2095   2
c  2291   -1   2342   2
r  2490   2390   2441   2
r  2442   2491   2439   2
r  2391   2442   2439   2
c  2491   -1   2390   2
r  2342   2293   2339   2
r  2097   2048   2049   2
c  1749   -1   1849   2
r  1750   1747   1699   2
c  1798   -1   1846   2
c  1848   -1   1800   2
r  2393   2493   2293   2
c  2199   -1   2049   2
c  2246   -1   2297   2
r  2444   2293   2393   2
r  2394   2391   2294   2
c  1947   -1   1999   2
c  1997   -1   1899   2
c  2296   -1   2293   2
c  2492   -1   2393   2
c  2493   -1   2394   2
c  2445   -1   2343   2
r  2049   2149   2147   2
c  1849   -1   1748   2
r  1900   1800   1999   2
c  1949   -1   2049   2
c  1998   -1   1899   2
r  2150   2098   2049   2
c  2248   -1   2149   2
r  2247   2299   2149   2
r  2200   2198   2098   2
r  2495   2493   2297   2
r  2347   2349   2446   2
c  1999   -1   2148   2
c  2050   -1   2048   2
c  2446   -1   2448   2
r  1950   1999   1849   2
r  2299   2348   2450   2
r  2250   2349   2347   2
r  2300   2450   2347   2
r  2398   2450   2349   2
r  2348   2346   2300   2
c  2497   -1   2347   2
r  2447   2498   2450   2
r  2349   2346   2298   2
c  2450   -1   2349   2
r  2350   2299   2449   2
r  2399   2350   2348   2
c  2498   -1   2398   2
c  2449   -1   2398   2
r  2400   2300   2398   2
c  2499   -1   2398   2
r  2500   2398   2498   2
r  1   52   152   3
r  51   103   54   3
r  2   51   153   3
r  53   104   55   3
r  152   104   51   3
r  101   153   202   3
r  52   153   54   3
r  102   55   53   3
r  3   106   202   3
r  103   52   54   3
r  55   153   52   3
r  151   103   102   3
r  202   102   153   3
r  201   102   104   3
r  4   152   102   3
r  203   254   102   3
r  251   351   102   3
r  5   53   54   3
r  56   112   110   3
r  253   202   104   3
r  301   202   402   3
r  254   104   106   3
r  110   61   113   3
r  107   156   8   3
r  351   204   353   3
r  303   352   252   3
r  158   109   160   3
r  352   252   253   3
r  401   353   253   3
r  8   109   108   3
r  9   7   58   3
r  209   109   58   3
r  111   162   60   3
r  10   61   109   3
r  113   161   61   3
r  452   552   353   3
r  451   551   553   3
r  212   164   261   3
r  62   64   109   3
r  11   13   112   3
r  12   112   61   3
r  453   404   502   3
r  502   551   602   3
r  501   602   553   3
r  604   503   504   3
r  213   262   164   3
r  64   61   163   3
r  602   651   702   3
r  653   604   705   3
r  263   212   365   3
r  314   316   213   3
r  16   68   67   3
r  166   66   68   3
r  608   557   660   3
r  708   759   706   3
r  563   511   561   3
r  612   663   561   3
r  652   701   751   3
r  703   804   752   3
r  365   264   316   3
r  315   263   364   3
r  119   68   66   3
r  118   69   169   3
r  217   266   67   3
r  70   121   67   3
r  614   563   513   3
r  564   515   665   3
r  753   702   802   3
r  19   71   121   3
r  268   320   219   3
r  20   69   72   3
r  716   765   764   3
r  902   953   954   3
r  73   26   75   3
r  74   26   122   3
r  22   73   71   3
r  961   861   910   3
r  959   910   1110   3
r  766   817   768   3
r  469   518   517   3
r  851   751   853   3
r  271   322   171   3
r  224   75   175   3
r  24   127   124   3
r  25   74   124   3
r  274   323   221   3
r  968   864   914   3
r  771   722   670   3
r  951   1002   953   3
r  1104   1055   1006   3
r  278   227   329   3
r  127   180   76   3
r  424   273   325   3
r  1109   960   1161   3
r  1016   965   1116   3
r  1168   1269   1120   3
r  1220   1169   1122   3
r  965   1012   1065   3
r  1154   1006   1054   3
r  722   724   774   3
r  1052   1006   1056   3
r  1203   1152   1154   3
r  80   78   77   3
r  30   32   27   3
r  869   918   871   3
r  1102   1154   1251   3
r  1257   1308   1206   3
r  1101   1202   1253   3
r  1202   1253   1353   3
r  1252   1354   1403   3
r  1354   1356   1202   3
r  1201   1102   1101   3
r  130   128   229   3
r  1251   1152   1302   3
r  577   579   580   3
r  874   974   773   3
r  1405   1354   1403   3
r  1402   1404   1454   3
r  1401   1404   1354   3
r  381   481   432   3
r  528   580   579   3
r  32   131   133   3
r  84   184   182   3
r  34   81   83   3
r  33   85   182   3
r  1424   1475   1524   3
r  1453   1505   1402   3
r  1352   1252   1452   3
r  1451   1404   1402   3
r  1452   1501   1404   3
r  779   828   777   3
r  728   777   730   3
r  828   777   729   3
r  1557   1606   1505   3
r  1504   1553   1602   3
r  186   85   135   3
r  1608   1557   1457   3
r  1419   1470   1520   3
r  1516   1667   1616   3
r  1564   1615   1663   3
r  1503   1454   1602   3
r  1551   1602   1452   3
r  680   629   683   3
r  1606   1457   1507   3
r  1706   1708   1807   3
r  1704   1804   1802   3
r  1652   1603   1701   3
r  1703   1554   1802   3
r  1804   1753   1751   3
r  1553   1652   1703   3
r  1601   1603   1652   3
r  681   683   581   3
r  387   338   339   3
r  633   682   733   3
r  37   88   138   3
r  137   86   186   3
r  39   90   138   3
r  1575   1577   1473   3
r  1525   1576   1577   3
c  1676   -1   1575   3
r  1031   1080   979   3
r  1754   1703   1652   3
r  1857   2005   1806   3
r  1651   1602   1802   3
r  1803   1704   1702   3
r  1751   1802   1702   3
r  190   239   138   3
r  1330   1379   1431   3
r  1381   1279   1329   3
r  1032   1030   1084   3
r  1765   1811   1865   3
r  1768   1766   1868   3
r  1952   1853   1851   3
r  587   687   685   3
r  686   738   688   3
r  242   142   141   3
r  1818   1719   1866   3
r  2003   1904   2054   3
r  2153   2056   2002   3
r  2106   2155   2007   3
r  836   884   734   3
r  1877   1978   1829   3
r  1925   2026   2025   3
r  1879   1828   1978   3
r  1921   1870   1822   3
r  1284   1335   1336   3
r  1919   1968   2020   3
r  1186   1184   1085   3
r  1185   1285   1187   3
r  1136   1187   1235   3
r  2151   2054   2452   3
r  787   836   739   3
r  593   642   644   3
r  640   691   740   3
r  592   692   540   3
r  442   493   540   3
r  1483   1532   1584   3
r  1930   1881   1981   3
c  1435   -1   1337   3
r  2120   2069   2223   3
r  2201   2301   2302   3
r  2252   2303   2203   3
r  2303   2403   2402   3
r  2255   2306   2404   3
r  2452   2301   2404   3
r  2258   2360   2407   3
r  795   746   644   3
r  842   942   839   3
r  145   196   149   3
r  195   294   98   3
r  147   149   44   3
r  246   295   149   3
r  346   247   397   3
r  297   295   98   3
r  298   346   347   3
r  96   98   196   3
r  146   199   46   3
r  2075   2026   2073   3
r  2273   2271   2221   3
r  1785   1737   1836   3
r  1835   1886   1737   3
r  1837   1835   1737   3
r  1436   1388   1387   3
r  1339   1288   1390   3
r  2170   2221   2223   3
r  1091   1143   1140   3
r  2309   2358   2207   3
r  2307   2358   2407   3
r  2302   2403   2452   3
r  2351   2402   2452   3
c  2402   -1   2302   3
r  2353   2402   2452   3
r  2251   2402   2352   3
r  2454   2403   2352   3
r  2401   2404   2254   3
r  2301   2352   2403   3
r  2354   2352   2255   3
r  2305   2205   2404   3
r  2451   2353   2403   3
r  2453   2352   2353   3
r  2314   2365   2464   3
r  2161   2112   2212   3
r  2361   2410   2313   3
r  2359   2408   2357   3
r  648   697   499   3
r  750   698   649   3
r  46   98   147   3
r  98   196   149   3
r  100   98   97   3
r  50   48   97   3
r  148   97   249   3
r  99   148   199   3
r  299   348   247   3
r  300   348   247   3
r  150   199   148   3
r  49   98   199   3
r  48   99   149   3
r  2234   2236   2185   3
r  2324   2423   2275   3
r  2270   2321   2221   3
r  1144   1093   1142   3
c  1194   -1   1196   3
r  2356   2407   2256   3
r  2457   2408   2357   3
r  2409   2458   2357   3
r  2455   2457   2355   3
r  2456   2405   2407   3
r  2263   2363   2212   3
r  2363   2360   2414   3
r  894   896   995   3
r  945   896   893   3
r  800   700   749   3
r  897   948   949   3
r  250   247   98   3
r  200   149   98   3
r  350   348   397   3
r  400   448   299   3
r  1789   1840   1738   3
r  1890   1790   1741   3
r  1941   1939   2041   3
r  2327   2378   2429   3
r  2382   2333   2434   3
r  2334   2287   2336   3
r  2483   2434   2333   3
r  2373   2422   2321   3
r  2320   2272   2271   3
r  2375   2324   2475   3
r  2316   2265   2216   3
r  2267   2167   2316   3
r  2366   2318   2414   3
r  2369   2418   2371   3
r  2370   2471   2421   3
r  1196   1245   1296   3
r  1245   1247   1146   3
r  1246   1295   1145   3
r  2466   2414   2418   3
r  2465   2365   2414   3
r  898   847   945   3
r  450   348   399   3
r  1792   1892   1841   3
r  1742   1740   1640   3
r  2377   2477   2476   3
r  2479   2379   2327   3
r  2434   2486   2334   3
r  2484   2432   2386   3
r  2137   2186   2288   3
r  2422   2420   2370   3
r  2421   2322   2423   3
r  2425   2423   2477   3
r  2472   2421   2320   3
r  2368   2319   2365   3
r  2417   2468   2420   3
r  2471   2423   2418   3
r  999   1050   948   3
r  1099   1000   998   3
r  1148   1199   1249   3
r  1197   1146   1199   3
r  2485   2436   2438   3
r  2436   2489   2438   3
r  2437   2485   2434   3
r  2486   2386   2437   3
r  2488   2436   2386   3
r  1444   1343   1446   3
r  1445   1494   1496   3
r  1299   1398   1399   3
r  1300   1249   1298   3
r  1149   1249   1349   3
r  1200   1300   1248   3
r  1944   1995   1845   3
r  2242   2291   2141   3
r  2487   2438   2489   3
r  2390   2341   2439   3
r  1397   1344   1349   3
r  1350   1399   1249   3
r  1250   1199   1349   3
r  2294   2343   2393   3
r  2392   2341   2439   3
r  2098   2049   2096   3
r  1598   1600   1647   3
r  1550   1650   1498   3
r  1500   1649   1648   3
r  1599   1698   1799   3
r  1650   1548   1549   3
r  1600   1500   1649   3
r  2199   2248   2347   3
r  2100   2049   2146   3
r  2099   2150   1999   3
r  2050   1949   2098   3
r  1750   1799   1798   3
r  1850   1899   1799   3
r  1800   1798   1899   3
r  1899   1950   1999   3
r  2249   2300   2099   3
r  2000   1899   2149   3
r  2198   2149   2297   3
r  2347   2446   2398   3
r  2247   2149   2300   3
r  2497   2347   2445   3
r  1949   1900   1849   3
r  2250   2347   2248   3
r  2349   2400   2249   3
r  2397   2497   2449   3
r  2447   2450   2347   3
r  2399   2348   2347   3
r  2449   2500   2347   3
r  2448   2450   2349   3
r  2498   2397   2349   3
r  2450   2348   2398   3
r  2350   2250   2398   3
r  2499   2450   2348   3
r  2500   2498   2398   3
r  2400   2398   2348   3
r  1   152   102   4
r  51   54   153   4
r  2   102   54   4
r  101   202   54   4
r  52   54   104   4
r  3   54   102   4
r  54   102   56   4
r  103   54   152   4
r  151   202   54   4
r  202   54   102   4
r  5   56   102   4
r  4   102   104   4
r  201   104   153   4
r  203   102   154   4
r  105   54   153   4
r  155   104   55   4
r  303   204   54   4
r  304   253   54   4
r  157   106   56   4
r  253   353   154   4
r  252   203   154   4
r  6   210   110   4
r  251   102   253   4
r  57   8   108   4
r  8   108   56   4
r  107   8   210   4
r  351   353   253   4
r  402   353   253   4
r  306   257   407   4
r  357   457   256   4
r  401   253   353   4
r  502   602   353   4
r  454   554   553   4
r  9   58   110   4
r  59   110   160   4
r  61   63   110   4
r  551   603   502   4
r  602   702   553   4
r  604   555   503   4
r  14   63   163   4
r  162   261   63   4
r  11   112   63   4
r  13   113   163   4
r  12   61   113   4
r  653   605   651   4
r  605   656   704   4
r  362   414   364   4
r  15   68   67   4
r  707   808   660   4
r  754   803   953   4
r  801   953   852   4
r  663   562   612   4
r  516   568   467   4
r  68   116   16   4
r  117   119   66   4
r  119   66   68   4
r  70   119   68   4
r  118   169   67   4
r  167   67   116   4
r  217   67   68   4
r  804   855   752   4
r  904   953   853   4
r  903   954   803   4
r  954   803   853   4
r  614   513   514   4
r  566   666   665   4
r  120   124   168   4
r  123   74   72   4
r  219   119   167   4
r  951   903   954   4
r  955   1006   1007   4
r  961   910   912   4
r  815   715   764   4
r  715   717   768   4
r  469   467   518   4
r  370   318   270   4
r  470   519   568   4
r  73   75   124   4
r  172   221   123   4
r  21   73   121   4
r  1052   1056   1154   4
r  25   124   74   4
r  222   273   122   4
r  125   174   225   4
r  373   473   421   4
r  323   325   274   4
r  1101   1253   1152   4
r  1016   1065   968   4
r  970   1070   871   4
r  1065   1116   966   4
r  870   919   921   4
r  28   77   127   4
r  328   227   229   4
r  1253   1655   1153   4
r  1252   1403   1402   4
r  1206   1157   1307   4
r  1251   1302   1352   4
r  1212   1210   1310   4
r  1167   1218   1216   4
r  1021   1070   921   4
r  1258   1206   1358   4
r  575   475   527   4
r  822   871   773   4
r  27   79   80   4
r  77   26   128   4
r  29   80   127   4
r  1351   1252   1353   4
r  1301   1352   1202   4
r  1353   1355   1402   4
r  1404   1355   1402   4
r  1264   1315   1266   4
r  1217   1266   1215   4
r  1265   1317   1365   4
r  1421   1321   1322   4
r  1370   1318   1321   4
r  825   874   924   4
r  130   229   79   4
r  132   81   283   4
r  1456   1505   1454   4
r  1502   1402   1403   4
r  1127   1176   1327   4
r  730   827   727   4
r  578   478   630   4
r  281   283   232   4
r  32   181   81   4
r  33   182   181   4
r  1551   1502   1503   4
r  781   680   783   4
r  433   431   385   4
r  435   483   432   4
r  34   133   183   4
r  86   135   138   4
r  1652   1701   1655   4
r  1613   1664   1616   4
r  1662   1660   1564   4
r  1567   1518   1716   4
r  1678   1680   1726   4
r  1179   1130   1131   4
r  930   928   978   4
r  1278   1327   1330   4
r  1083   1081   979   4
r  137   88   86   4
r  187   86   138   4
r  237   186   138   4
r  88   135   36   4
r  38   138   86   4
r  1703   1602   1754   4
r  1651   1702   1803   4
r  1757   1806   1705   4
r  1754   1652   1802   4
r  1801   1752   1703   4
r  1751   1753   1802   4
r  1804   1802   1702   4
r  1668   1717   1716   4
r  1618   1666   1567   4
r  1232   1332   1183   4
r  883   784   934   4
r  882   831   782   4
r  139   188   191   4
r  140   189   138   4
r  1852   1801   1901   4
r  1816   1714   1865   4
r  1767   1818   1868   4
r  1876   1928   1829   4
r  1780   1829   1881   4
r  1183   1284   1084   4
r  734   736   835   4
r  289   191   241   4
r  239   188   191   4
r  440   489   590   4
r  1905   1954   2003   4
r  1904   2001   2002   4
r  1906   1958   2007   4
r  1907   2006   2058   4
r  1909   2009   2010   4
r  1903   1852   2002   4
r  1917   2165   1866   4
r  2019   1970   2070   4
r  1927   1878   1876   4
r  1879   1978   1928   4
r  1782   1682   1731   4
r  1872   1923   1772   4
r  637   686   737   4
r  689   740   640   4
r  1137   1037   1235   4
r  1136   1235   1085   4
r  193   242   141   4
r  2006   2008   2058   4
r  2062   2113   1962   4
r  2001   1952   1903   4
r  2052   2103   2152   4
r  1483   1584   1532   4
r  2080   2029   2027   4
r  2030   2027   2179   4
r  2176   2125   2027   4
r  1335   1435   1337   4
r  1386   1384   1383   4
r  545   542   540   4
r  2117   2114   2169   4
r  2114   2065   2016   4
r  1486   1535   1636   4
r  2226   2279   2126   4
r  2232   2180   2183   4
r  2273   2221   2222   4
r  1834   1783   1836   4
r  646   695   498   4
r  1190   1139   1142   4
r  195   244   299   4
r  295   396   347   4
r  297   299   147   4
r  96   196   49   4
r  146   46   149   4
r  46   97   196   4
r  247   198   149   4
r  2204   2104   2152   4
r  2255   2404   2407   4
r  2212   2160   2209   4
r  2452   2404   2152   4
r  2252   2201   2254   4
r  2254   2352   2202   4
r  2165   2114   2116   4
r  2322   2374   2223   4
r  1787   1736   1835   4
r  2278   2327   2429   4
r  1489   1589   1388   4
r  750   650   548   4
r  943   844   995   4
r  1243   1143   1194   4
r  395   346   347   4
r  47   147   148   4
r  98   146   147   4
r  100   199   98   4
r  198   99   98   4
r  248   197   297   4
r  348   397   247   4
r  49   149   98   4
r  199   148   98   4
r  150   98   199   4
r  48   148   199   4
r  200   98   149   4
r  2201   2152   2402   4
r  2262   2211   2260   4
r  2359   2457   2408   4
r  2308   2360   2407   4
r  2301   2402   2352   4
r  2402   2302   2407   4
r  2451   2403   2352   4
r  2401   2254   2404   4
r  2351   2353   2251   4
r  2353   2404   2402   4
r  2454   2402   2452   4
r  2404   2407   2352   4
r  2267   2265   2414   4
r  2318   2418   2414   4
r  2372   2272   2321   4
r  2373   2421   2320   4
r  1789   1738   1787   4
r  2376   2327   2477   4
r  2377   2476   2477   4
r  2432   2481   2381   4
r  2423   2474   2324   4
r  2425   2477   2374   4
r  1987   2036   2039   4
r  1096   1142   995   4
r  998   1097   1047   4
r  499   548   599   4
r  550   499   598   4
r  398   548   497   4
r  800   749   949   4
r  900   898   797   4
r  1145   1194   1143   4
r  1246   1145   1198   4
r  449   549   548   4
r  50   97   199   4
r  250   148   199   4
r  400   348   349   4
r  2306   2456   2404   4
r  2356   2256   2404   4
r  2406   2355   2404   4
r  2455   2403   2354   4
r  2459   2405   2407   4
r  2461   2459   2313   4
r  2464   2315   2363   4
r  2414   2416   2313   4
r  2417   2365   2468   4
r  2420   2469   2371   4
r  2422   2470   2321   4
r  2421   2470   2417   4
r  2472   2370   2423   4
r  2471   2418   2370   4
r  1742   1691   1690   4
r  2427   2475   2327   4
r  2478   2431   2327   4
r  2426   2475   2429   4
r  2477   2479   2329   4
r  2480   2431   2329   4
r  2428   2477   2329   4
r  2435   2486   2386   4
r  2285   2385   2386   4
r  898   945   949   4
r  799   750   897   4
r  1049   998   948   4
r  1050   1048   999   4
r  1098   1049   998   4
r  850   797   749   4
r  1247   1148   1149   4
r  1297   1396   1349   4
r  1743   1942   1694   4
r  2486   2437   2386   4
r  2043   1943   1994   4
r  1543   1592   1595   4
r  1447   1399   1499   4
r  1000   948   1098   4
r  1149   1349   1249   4
r  1250   1149   1297   4
r  2192   2143   2292   4
r  2438   2386   2441   4
r  2489   2441   2438   4
r  1399   1499   1448   4
r  1350   1249   1449   4
r  1649   1700   1549   4
r  1300   1298   1449   4
r  2145   2149   2148   4
r  2292   2241   2289   4
r  2439   2441   2393   4
r  2490   2441   2390   4
r  2391   2439   2339   4
r  2048   1997   2096   4
r  1646   1545   1595   4
r  1550   1649   1647   4
r  1748   1800   1899   4
r  1798   1700   1800   4
r  2148   2199   2048   4
r  2295   2246   2394   4
r  2147   2098   1997   4
r  2395   2294   2393   4
r  2491   2390   2442   4
r  1799   1848   1700   4
r  1750   1798   1648   4
r  1749   1849   1848   4
r  2493   2394   2393   4
r  2198   2249   2149   4
r  2249   2099   2347   4
r  2445   2343   2347   4
r  2495   2297   2394   4
r  2348   2300   2449   4
r  2447   2449   2398   4
r  2446   2398   2347   4
r  2298   2249   2347   4
r  2349   2249   2347   4
r  2300   2347   2398   4
r  2450   2349   2448   4
r  2448   2349   2397   4
r  2449   2347   2446   4
r  2400   2449   2398   4
r  2350   2449   2348   4
r  2399   2347   2446   4
r  2499   2348   2349   4
r  2498   2349   2449   4
r  2500   2398   2449   4
r  1   102   153   5
r  51   153   54   5
r  2   54   55   5
r  53   55   153   5
r  153   54   55   5
r  101   54   152   5
r  52   104   153   5
r  102   153   55   5
r  54   152   154   5
r  3   202   54   5
r  103   55   54   5
r  203   154   55   5
r  105   56   54   5
r  104   102   152   5
r  151   54   52   5
r  201   153   253   5
r  4   52   102   5
r  5   102   104   5
r  303   252   154   5
r  57   106   54   5
r  56   58   9   5
r  204   353   252   5
r  106   55   154   5
r  251   302   353   5
r  302   253   403   5
r  353   304   253   5
r  254   154   353   5
r  108   7   110   5
r  110   10   210   5
r  402   302   353   5
r  301   353   253   5
r  401   353   253   5
r  351   253   302   5
r  158   110   58   5
r  455   553   503   5
r  59   10   110   5
r  209   108   160   5
r  10   112   58   5
r  111   60   113   5
r  11   62   110   5
r  12   10   110   5
r  356   407   456   5
r  605   704   553   5
r  551   502   503   5
r  457   307   406   5
r  560   611   511   5
r  62   109   163   5
r  114   62   60   5
r  261   264   315   5
r  556   409   706   5
r  652   751   752   5
r  165   214   67   5
r  661   710   610   5
r  365   316   465   5
r  753   802   704   5
r  851   853   752   5
r  801   852   853   5
r  810   858   912   5
r  514   565   665   5
r  466   417   518   5
r  216   167   68   5
r  117   68   168   5
r  217   68   67   5
r  903   803   954   5
r  855   852   853   5
r  905   903   853   5
r  954   853   1002   5
r  962   862   1011   5
r  614   514   566   5
r  716   764   768   5
r  417   366   516   5
r  19   121   68   5
r  120   168   68   5
r  169   171   118   5
r  20   71   171   5
r  71   69   122   5
r  121   221   70   5
r  21   121   69   5
r  958   1007   960   5
r  961   912   910   5
r  1054   1105   1056   5
r  1051   1152   1154   5
r  1104   1006   1004   5
r  322   324   373   5
r  1205   1304   1154   5
r  1152   1103   1154   5
r  1101   1153   1053   5
r  1102   1153   1202   5
r  1115   1066   1017   5
r  966   1064   1014   5
r  1069   969   1168   5
r  1022   971   1019   5
r  919   871   971   5
r  273   171   271   5
r  26   75   127   5
r  28   76   128   5
r  227   178   328   5
r  1202   1251   1153   5
r  1252   1402   1403   5
r  1304   1256   1402   5
r  1206   1307   1258   5
r  1201   1152   1153   5
r  1251   1352   1353   5
r  1260   1162   1311   5
r  1261   1210   1310   5
r  1318   1267   1219   5
r  78   27   176   5
r  29   127   76   5
r  79   28   128   5
r  129   27   127   5
r  1353   1402   1452   5
r  1301   1202   1354   5
r  1351   1202   1252   5
r  1372   1523   1421   5
r  1077   1276   1124   5
r  478   626   577   5
r  529   580   628   5
r  825   924   874   5
r  875   924   873   5
r  134   83   182   5
r  1452   1454   1503   5
r  1401   1354   1403   5
r  1464   1415   1515   5
r  1274   1174   1325   5
r  1178   1227   1077   5
r  730   727   776   5
r  780   727   778   5
r  578   630   580   5
r  82   131   181   5
r  83   182   132   5
r  33   133   132   5
r  433   385   429   5
r  431   482   382   5
r  32   81   83   5
r  1658   1758   1807   5
r  1468   1517   1367   5
r  1276   1228   1178   5
r  1565   1463   1664   5
r  928   977   979   5
r  434   385   383   5
r  136   187   138   5
r  36   136   87   5
r  1553   1703   1604   5
r  1601   1703   1503   5
r  1709   1705   1610   5
r  1603   1552   1703   5
r  1652   1655   1754   5
r  1702   1754   1753   5
r  1182   1130   1129   5
r  1081   979   981   5
r  1665   1716   1567   5
r  732   683   632   5
r  880   833   979   5
r  932   981   979   5
r  981   1030   933   5
r  186   135   138   5
r  335   337   288   5
r  336   237   388   5
r  37   86   186   5
r  137   186   36   5
r  88   36   141   5
r  38   90   138   5
r  89   140   86   5
r  188   137   86   5
r  187   36   87   5
r  1651   1803   1702   5
r  1756   1807   1705   5
r  1803   1702   1652   5
r  1752   1652   1703   5
r  1804   1751   1705   5
r  1527   1675   1428   5
r  1672   1670   1772   5
r  1669   1718   1768   5
r  1719   1768   1868   5
r  982   1030   1029   5
r  634   686   632   5
r  537   638   688   5
r  438   536   436   5
r  238   187   339   5
r  189   191   187   5
r  190   138   239   5
r  1801   1702   1754   5
r  1751   1702   1703   5
r  1904   2054   1705   5
r  1909   1960   2058   5
r  1727   1676   1627   5
r  1184   1084   1035   5
r  1863   1814   1865   5
r  885   734   784   5
r  538   489   536   5
r  1286   1435   1084   5
r  91   142   191   5
r  240   339   191   5
r  195   299   141   5
r  1851   1802   1902   5
r  1956   2055   2007   5
r  1915   2015   1866   5
r  1581   1633   1630   5
r  1874   1822   1922   5
r  1919   1870   1971   5
r  1917   1866   1818   5
r  686   688   637   5
r  1086   1137   1235   5
r  1087   1038   1085   5
r  193   141   242   5
r  541   441   442   5
r  42   93   347   5
r  144   45   98   5
r  145   149   45   5
r  196   149   297   5
r  2051   2102   1903   5
r  2001   1903   2152   5
r  2053   2203   2104   5
r  1928   2027   1829   5
r  1780   1729   1829   5
r  2070   2021   2072   5
r  594   645   540   5
r  543   491   594   5
r  95   97   44   5
r  97   146   148   5
r  146   149   98   5
r  246   149   98   5
r  295   347   297   5
r  197   348   347   5
r  46   147   149   5
r  447   496   547   5
r  148   249   199   5
r  47   148   149   5
r  250   199   149   5
r  199   299   147   5
r  100   97   199   5
r  198   249   149   5
r  248   348   98   5
r  96   49   98   5
r  150   199   98   5
r  200   249   98   5
r  147   44   149   5
r  2111   2162   2212   5
r  2258   2309   2409   5
r  2064   1963   2016   5
r  2116   2168   2016   5
r  1877   1829   1978   5
r  2025   2073   1924   5
r  1879   1778   1828   5
r  1830   1781   1782   5
r  2123   2174   2223   5
r  646   597   496   5
r  494   540   644   5
r  546   498   548   5
r  300   199   149   5
r  445   447   397   5
r  399   548   299   5
r  49   98   249   5
r  50   98   149   5
r  2202   2251   2302   5
r  2452   2352   2404   5
r  2304   2403   2152   5
r  2251   2352   2152   5
r  2252   2203   2403   5
r  2303   2404   2352   5
r  2256   2207   2357   5
r  2307   2258   2406   5
r  2201   2402   2452   5
r  2354   2254   2452   5
r  2407   2355   2404   5
r  2358   2409   2309   5
r  2458   2460   2258   5
r  2029   1929   2077   5
r  2128   2227   2079   5
r  1930   1932   1881   5
r  1637   1588   1737   5
r  1392   1390   1440   5
r  2271   2371   2223   5
r  946   948   797   5
r  596   496   498   5
r  648   599   749   5
r  699   548   598   5
r  650   499   599   5
r  700   749   599   5
r  1195   1246   1296   5
r  450   349   498   5
r  550   548   498   5
r  600   499   648   5
r  2301   2403   2452   5
r  2451   2352   2403   5
r  2453   2353   2404   5
r  2351   2251   2402   5
r  2353   2402   2254   5
r  2355   2255   2452   5
r  2403   2452   2407   5
r  2265   2263   2313   5
r  2454   2452   2403   5
r  2306   2407   2355   5
r  2459   2406   2457   5
r  2411   2409   2313   5
r  2268   2221   2317   5
r  2233   2333   2281   5
r  1984   1883   1885   5
r  1785   1836   1737   5
r  1789   1740   1738   5
r  1886   1935   1985   5
r  2318   2414   2417   5
r  2325   2225   2374   5
r  2369   2371   2418   5
r  847   796   898   5
r  1146   1199   1296   5
r  2315   2313   2414   5
r  2466   2415   2417   5
r  2417   2468   2370   5
r  2469   2417   2418   5
r  2032   1935   2084   5
r  2280   2329   2381   5
r  2278   2429   2327   5
r  2183   2282   2333   5
r  2474   2425   2274   5
r  1792   1843   1741   5
r  1496   1596   1443   5
r  1197   1148   1246   5
r  1447   1400   1449   5
r  1299   1350   1449   5
r  2473   2324   2424   5
r  2423   2372   2370   5
r  2377   2477   2429   5
r  899   948   848   5
r  1050   999   948   5
r  1000   1098   998   5
r  1099   998   1047   5
r  1148   1248   1349   5
r  1198   1247   1296   5
r  2380   2431   2333   5
r  2431   2482   2429   5
r  2482   2381   2430   5
r  2284   2384   2386   5
r  2478   2429   2426   5
r  2378   2429   2327   5
r  1149   1249   1197   5
r  1400   1449   1347   5
r  1499   1448   1349   5
r  1350   1449   1399   5
r  1450   1499   1549   5
r  1250   1297   1247   5
r  2427   2327   2429   5
r  2476   2376   2329   5
r  1049   1000   1098   5
r  2481   2483   2429   5
r  2480   2329   2380   5
r  2434   2334   2386   5
r  2433   2333   2334   5
r  2335   2333   2384   5
r  2483   2333   2386   5
r  2435   2386   2335   5
r  1845   2045   1793   5
r  2138   2239   2288   5
r  2044   2095   2096   5
r  1694   1745   1595   5
r  2191   2140   2242   5
r  1648   1700   1549   5
r  1699   1648   1549   5
r  1650   1648   1699   5
r  1700   1749   1649   5
r  2484   2334   2385   5
r  2145   2148   2096   5
r  2345   2293   2393   5
r  1995   2095   2096   5
r  1799   1700   1848   5
r  1749   1798   1849   5
r  2487   2436   2438   5
r  2290   2339   2439   5
r  2340   2342   2291   5
r  2047   1996   1946   5
r  2341   2190   2393   5
r  2199   2049   2297   5
r  2245   2294   2393   5
r  2295   2394   2293   5
r  2342   2339   2390   5
r  1849   1798   1999   5
r  1800   1849   1749   5
r  1899   1848   1798   5
r  2442   2439   2390   5
r  2098   2096   2049   5
r  2099   2050   1997   5
r  2392   2439   2493   5
r  2443   2293   2394   5
r  2491   2442   2393   5
r  2249   2149   2398   5
r  2200   2098   1999   5
r  2347   2398   2449   5
r  2247   2300   2446   5
r  2497   2445   2444   5
r  2398   2349   2394   5
r  2050   2048   2149   5
r  2100   2146   1999   5
r  2000   2149   2049   5
r  2299   2450   2446   5
r  2250   2348   2297   5
r  2397   2449   2349   5
r  2348   2446   2450   5
r  2447   2398   2449   5
r  2300   2398   2347   5
r  2450   2448   2347   5
r  2400   2398   2347   5
r  2499   2398   2347   5
r  2298   2347   2398   5
r  2498   2449   2349   5
r  2448   2397   2348   5
r  2399   2450   2448   5
r  2350   2348   2449   5
r  2500   2449   2398   5
r  2349   2347   2449   5
r  1   153   152   6
r  51   102   153   6
r  2   55   104   6
r  53   153   55   6
r  152   51   54   6
r  101   52   54   6
r  52   152   54   6
r  153   104   54   6
r  3   54   153   6
r  103   152   55   6
r  102   55   153   6
r  151   52   153   6
r  202   102   154   6
r  304   154   253   6
r  156   56   54   6
r  106   154   54   6
r  203   54   104   6
r  5   54   153   6
r  201   152   154   6
r  7   56   110   6
r  58   110   9   6
r  8   110   109   6
r  158   58   110   6
r  352   301   251   6
r  351   252   253   6
r  401   253   353   6
r  404   355   353   6
r  306   406   354   6
r  60   113   163   6
r  12   113   163   6
r  10   58   110   6
r  62   163   110   6
r  112   61   110   6
r  501   552   503   6
r  506   455   553   6
r  505   507   503   6
r  606   555   504   6
r  601   652   752   6
r  652   703   853   6
r  655   704   756   6
r  309   361   408   6
r  15   67   163   6
r  65   163   67   6
r  757   806   660   6
r  707   758   656   6
r  461   410   362   6
r  659   657   759   6
r  611   660   712   6
r  562   511   711   6
r  563   512   662   6
r  613   564   561   6
r  802   853   702   6
r  852   901   752   6
r  856   853   752   6
r  901   801   752   6
r  803   854   902   6
r  801   853   953   6
r  904   752   1003   6
r  851   752   853   6
r  565   665   518   6
r  167   116   67   6
r  19   70   67   6
r  169   120   67   6
r  270   319   67   6
r  1001   952   954   6
r  764   715   816   6
r  617   668   518   6
r  419   468   318   6
r  20   72   71   6
r  170   219   118   6
r  320   269   172   6
r  421   372   270   6
r  21   72   171   6
r  1002   953   1053   6
r  1007   1056   1004   6
r  1053   1154   1153   6
r  1154   1054   1004   6
r  814   968   765   6
r  668   717   768   6
r  124   75   25   6
r  1254   1203   1154   6
r  1101   1152   1153   6
r  721   772   672   6
r  770   722   670   6
r  174   225   74   6
r  1207   1256   1259   6
r  1253   1153   1052   6
r  1206   1208   1259   6
r  1201   1153   1152   6
r  1210   1208   1161   6
r  1212   1310   1311   6
r  967   1014   914   6
r  1118   1167   1120   6
r  1065   966   916   6
r  1116   1017   1064   6
r  1014   1012   1066   6
r  1015   966   916   6
r  1064   1013   966   6
r  427   327   328   6
r  177   77   76   6
r  128   131   27   6
r  1303   1202   1351   6
r  1354   1305   1405   6
r  1411   1458   1362   6
r  972   923   921   6
r  1073   1024   1022   6
r  28   128   76   6
r  27   80   127   6
r  77   79   28   6
r  29   27   127   6
r  129   77   78   6
r  80   77   129   6
r  1452   1404   1403   6
r  1502   1453   1402   6
r  1556   1505   1605   6
r  1217   1317   1266   6
r  725   824   776   6
r  577   580   529   6
r  479   579   527   6
r  925   976   1025   6
r  30   128   77   6
r  480   429   432   6
r  81   181   132   6
r  1467   1516   1616   6
r  1175   1126   1077   6
r  628   630   679   6
r  678   727   630   6
r  182   234   83   6
r  32   83   132   6
r  1609   1710   1709   6
r  1518   1569   1419   6
r  1473   1425   1525   6
r  1376   1427   1428   6
r  1176   1178   1277   6
r  1522   1571   1520   6
r  134   182   83   6
r  183   283   235   6
r  484   533   383   6
r  1704   1755   1702   6
r  1702   1602   1754   6
r  1802   1702   1652   6
r  1614   1563   1665   6
r  1617   1568   1716   6
r  930   979   831   6
r  681   733   630   6
r  683   635   632   6
r  135   87   86   6
r  35   84   138   6
r  186   36   137   6
r  485   536   483   6
r  584   633   436   6
r  1701   1703   1754   6
r  1803   1652   1702   6
r  1801   1754   1701   6
r  1804   1702   1703   6
r  1854   1805   1705   6
r  1907   2058   2008   6
r  1955   2003   2007   6
r  2106   2007   1908   6
r  1751   1703   1753   6
r  1902   1806   2003   6
r  1672   1621   1674   6
r  1182   1129   1131   6
r  1082   1131   1084   6
r  37   138   86   6
r  187   138   86   6
r  88   141   186   6
r  486   537   539   6
r  536   487   584   6
r  1851   1902   2003   6
r  1903   2002   2152   6
r  1954   1901   2007   6
r  1906   2007   2058   6
r  1861   1910   1962   6
r  1953   1851   2002   6
r  1959   2008   2007   6
r  2010   1959   1962   6
r  2107   2109   2158   6
r  1951   1903   2002   6
r  1901   2003   1952   6
r  1675   1775   1576   6
r  1333   1182   1382   6
r  587   685   536   6
r  188   190   87   6
r  89   86   138   6
r  190   289   138   6
r  488   537   636   6
r  191   193   339   6
r  2052   1952   2104   6
r  2053   2104   2002   6
r  2103   2152   2002   6
r  2012   2061   2016   6
r  1916   1864   2116   6
r  1679   1728   1731   6
r  1629   1678   1729   6
r  1582   1531   1730   6
r  1235   1184   1085   6
r  692   593   643   6
r  40   91   141   6
r  241   243   239   6
r  540   542   644   6
r  2101   2001   2202   6
r  2203   2254   2154   6
r  2452   2404   2407   6
r  2051   1903   2152   6
r  2201   2452   2152   6
r  2252   2254   2152   6
r  2303   2352   2152   6
r  2253   2153   2202   6
r  2110   2260   2212   6
r  2260   2361   2209   6
r  2352   2403   2452   6
r  2256   2307   2407   6
r  2407   2404   2207   6
r  2069   2118   2016   6
r  1778   1829   1876   6
r  938   940   839   6
r  1090   1190   1194   6
r  1092   1090   1191   6
r  92   193   141   6
r  193   241   141   6
r  543   594   644   6
r  94   145   98   6
r  2302   2351   2404   6
r  2451   2403   2404   6
r  2453   2402   2352   6
r  2401   2404   2302   6
r  2353   2254   2404   6
r  2403   2401   2452   6
r  2454   2403   2452   6
r  2251   2152   2352   6
r  2304   2152   2404   6
r  2261   2312   2313   6
r  2351   2452   2404   6
r  2356   2307   2407   6
r  2408   2309   2308   6
r  2457   2406   2408   6
r  2459   2457   2357   6
r  2355   2452   2357   6
r  2359   2357   2258   6
r  2409   2357   2457   6
r  2455   2354   2407   6
r  2072   2023   1972   6
r  2221   2319   2169   6
r  2219   2270   2171   6
r  1877   1978   1829   6
r  1878   1827   1779   6
r  1832   1783   1731   6
r  941   840   989   6
r  1140   1092   1189   6
r  144   98   149   6
r  43   92   297   6
r  145   45   149   6
r  196   297   98   6
r  98   147   247   6
r  44   93   98   6
r  95   44   98   6
r  97   148   247   6
r  2263   2412   2361   6
r  2215   2266   2414   6
r  2411   2313   2314   6
r  2412   2361   2313   6
r  2463   2364   2412   6
r  2418   2420   2318   6
r  2129   2029   2027   6
r  1487   1536   1489   6
r  747   796   795   6
r  596   648   547   6
r  648   749   599   6
r  650   599   548   6
r  598   650   498   6
r  600   598   649   6
r  845   796   995   6
r  146   95   296   6
r  346   397   98   6
r  348   399   299   6
r  447   547   548   6
r  398   498   347   6
r  48   199   44   6
r  148   199   247   6
r  248   297   149   6
r  46   196   98   6
r  300   149   98   6
r  50   149   98   6
r  497   397   599   6
r  96   98   147   6
r  147   198   299   6
r  2466   2418   2365   6
r  2317   2418   2414   6
r  2465   2414   2365   6
r  2368   2365   2419   6
r  2468   2419   2417   6
r  2325   2374   2424   6
r  2321   2370   2423   6
r  2372   2271   2370   6
r  2320   2271   2423   6
r  2373   2320   2370   6
r  2183   2333   2231   6
r  1738   1787   1836   6
r  499   598   650   6
r  849   749   797   6
r  900   849   897   6
r  949   799   797   6
r  1146   1148   1197   6
r  1246   1198   1349   6
r  1197   1246   1249   6
r  298   347   149   6
r  150   98   199   6
r  249   98   146   6
r  200   98   147   6
r  100   98   149   6
r  49   199   149   6
r  350   299   247   6
r  500   399   547   6
r  400   299   497   6
r  2469   2418   2417   6
r  2470   2418   2417   6
r  2375   2275   2424   6
r  2426   2477   2326   6
r  2377   2429   2329   6
r  2422   2370   2371   6
r  2472   2320   2370   6
r  2082   2031   1983   6
r  2331   2380   2329   6
r  2282   2234   2280   6
r  1838   1634   1890   6
r  1789   1787   1840   6
r  1099   1047   1095   6
r  999   948   1047   6
r  1147   1049   1047   6
r  450   498   299   6
r  1247   1149   1349   6
r  1248   1199   1296   6
r  1148   1249   1296   6
r  1199   1247   1296   6
r  2479   2430   2381   6
r  2378   2477   2429   6
r  2476   2329   2429   6
r  2427   2476   2380   6
r  2478   2327   2476   6
r  2332   2281   2381   6
r  2481   2380   2381   6
r  2480   2380   2381   6
r  2284   2335   2434   6
r  1989   1889   2041   6
r  1543   1595   1694   6
r  1444   1446   1496   6
r  1250   1247   1199   6
r  1400   1349   1449   6
r  1399   1450   1348   6
r  2428   2426   2477   6
r  2433   2335   2336   6
r  2483   2386   2438   6
r  2435   2335   2386   6
r  2285   2185   2334   6
r  2286   2237   2434   6
r  1693   1793   1595   6
r  1596   1645   1549   6
r  1548   1597   1649   6
r  1500   1648   1647   6
r  2484   2386   2435   6
r  2486   2386   2434   6
r  2487   2438   2386   6
r  1697   1597   1595   6
r  1647   1548   1649   6
r  1599   1699   1698   6
r  1750   1648   1649   6
r  1698   1649   1549   6
r  1700   1649   1549   6
r  2044   2096   1845   6
r  1800   1899   1999   6
r  1850   1949   1999   6
r  2490   2439   2291   6
r  2442   2390   2393   6
r  2391   2340   2442   6
r  2492   2443   2444   6
r  2046   2048   1994   6
r  2097   2049   1999   6
r  1797   1849   1799   6
r  1847   1898   1999   6
r  2444   2393   2347   6
r  2346   2297   2393   6
r  2445   2392   2393   6
r  2495   2444   2393   6
r  2099   1997   2048   6
r  2048   2096   1999   6
r  1947   1999   2049   6
r  2198   2297   1999   6
r  2249   2398   2297   6
r  2347   2396   2349   6
r  2396   2445   2449   6
r  2497   2446   2347   6
r  1948   1999   1899   6
r  2000   2099   1949   6
r  2050   2098   2099   6
r  1950   1849   2049   6
r  2150   2199   2198   6
r  2248   2149   2347   6
r  2299   2446   2398   6
r  2250   2297   2347   6
r  2348   2450   2446   6
r  2300   2349   2297   6
r  2450   2398   2446   6
r  2400   2348   2398   6
r  2448   2499   2347   6
r  2399   2448   2347   6
r  2350   2398   2347   6
r  2500   2398   2347   6
r  2398   2394   2347   6
r  2449   2446   2298   6
r  2447   2347   2496   6
r  2498   2398   2449   6
r  2499   2347   2398   6
r  1   152   154   7
r  51   153   102   7
r  2   153   54   7
r  53   55   153   7
r  101   54   153   7
r  52   54   154   7
r  102   53   154   7
r  3   153   54   7
r  104   55   153   7
r  103   55   154   7
r  152   54   253   7
r  257   206   205   7
r  202   153   253   7
r  55   52   154   7
r  151   102   54   7
r  4   102   153   7
r  203   104   54   7
r  253   154   302   7
r  251   253   302   7
r  7   110   109   7
r  8   109   110   7
r  9   60   210   7
r  301   402   353   7
r  401   353   253   7
r  351   253   353   7
r  452   553   503   7
r  402   253   553   7
r  59   110   161   7
r  111   113   163   7
r  209   58   110   7
r  14   111   110   7
r  64   163   110   7
r  65   67   110   7
r  451   553   503   7
r  505   503   553   7
r  260   362   160   7
r  602   503   502   7
r  601   752   553   7
r  507   456   553   7
r  62   110   162   7
r  112   110   163   7
r  162   13   64   7
r  63   163   67   7
r  15   163   67   7
r  607   659   660   7
r  262   363   315   7
r  653   705   752   7
r  264   415   163   7
r  117   168   68   7
r  461   561   413   7
r  663   612   561   7
r  415   364   263   7
r  703   754   651   7
r  701   602   752   7
r  71   122   67   7
r  170   168   67   7
r  120   68   67   7
r  217   67   68   7
r  810   859   861   7
r  762   714   711   7
r  564   665   613   7
r  367   318   419   7
r  754   953   752   7
r  802   702   853   7
r  856   854   853   7
r  902   954   752   7
r  905   805   752   7
r  801   953   853   7
r  955   1007   853   7
r  805   754   956   7
r  419   416   467   7
r  851   853   902   7
r  901   752   954   7
r  23   72   74   7
r  910   810   912   7
r  768   817   815   7
r  469   518   568   7
r  1056   1003   1004   7
r  25   125   127   7
r  376   328   425   7
r  227   328   225   7
r  767   765   816   7
r  819   770   768   7
r  26   28   77   7
r  326   225   328   7
r  128   179   76   7
r  424   325   524   7
r  1064   1115   1066   7
r  1161   1310   1311   7
r  1162   1213   1310   7
r  1253   1052   1353   7
r  1303   1252   1153   7
r  1211   1262   1311   7
r  1201   1152   1351   7
r  1251   1353   1302   7
r  78   26   76   7
r  80   128   127   7
r  30   77   127   7
r  279   328   228   7
r  378   429   430   7
r  329   480   229   7
r  967   914   1014   7
r  969   1018   921   7
r  1170   1119   1121   7
r  970   921   919   7
r  575   526   627   7
r  1354   1405   1452   7
r  1302   1351   1403   7
r  1352   1452   1252   7
r  1301   1252   1402   7
r  81   180   32   7
r  31   82   83   7
r  1123   1077   1022   7
r  1171   1072   1219   7
r  924   823   973   7
r  726   729   774   7
r  875   873   773   7
r  1451   1402   1354   7
r  1501   1402   1403   7
r  1502   1403   1601   7
r  1551   1452   1402   7
r  82   84   233   7
r  32   132   83   7
r  1316   1365   1216   7
r  1422   1474   1322   7
r  1025   1027   926   7
r  1552   1452   1503   7
r  1610   1510   1708   7
r  134   183   233   7
r  384   483   432   7
r  383   385   482   7
r  1652   1703   1753   7
r  1710   1708   1807   7
r  85   138   186   7
r  1474   1425   1525   7
r  881   981   979   7
r  1702   1754   1802   7
r  1704   1802   1752   7
r  36   87   186   7
r  37   86   138   7
r  187   87   138   7
r  237   138   186   7
r  337   238   286   7
r  1227   1276   1327   7
r  1726   1626   1675   7
r  1031   1029   978   7
r  1751   1753   1754   7
r  1752   1703   1803   7
r  1852   1952   2002   7
r  1902   1854   1953   7
r  1907   2008   2058   7
r  89   138   86   7
r  38   86   87   7
r  190   239   241   7
r  240   189   138   7
r  290   191   339   7
r  1673   1724   1625   7
r  1721   1670   1620   7
r  1812   1712   1863   7
r  1816   1765   1818   7
r  1818   1769   1867   7
r  983   1032   981   7
r  785   834   934   7
r  1903   2152   1851   7
r  1952   1851   2003   7
r  1906   2058   2007   7
r  1956   2007   2058   7
r  1959   2056   2058   7
r  2106   1908   2007   7
r  1867   1918   1767   7
r  1914   2014   1863   7
r  40   141   91   7
r  192   90   141   7
r  242   141   393   7
r  686   637   688   7
r  591   540   642   7
r  1772   1723   1922   7
r  1729   1627   1727   7
r  1580   1681   1628   7
r  1870   1819   1868   7
r  935   1040   886   7
r  2001   2152   2003   7
r  2104   2003   2152   7
r  1964   1966   2016   7
r  493   542   644   7
r  344   393   391   7
r  543   644   642   7
r  1581   1583   1730   7
r  1924   1973   2073   7
r  1731   1734   1582   7
r  1185   1236   1085   7
r  1187   1286   1085   7
r  1089   1138   1189   7
r  2063   1963   2016   7
r  2260   2209   2159   7
r  2258   2407   2408   7
r  144   95   98   7
r  194   344   98   7
r  196   98   347   7
r  744   692   644   7
r  95   98   149   7
r  97   247   148   7
r  649   700   498   7
r  1043   1041   839   7
r  1435   1387   1383   7
r  2216   2165   2414   7
r  1338   1437   1389   7
r  2151   2102   2302   7
r  2303   2402   2404   7
r  2403   2452   2152   7
r  2251   2302   2152   7
r  2253   2202   2452   7
r  2113   2264   2212   7
r  2352   2401   2403   7
r  2256   2357   2455   7
r  2257   2357   2308   7
r  2254   2202   2407   7
r  2354   2452   2407   7
r  2359   2408   2357   7
r  2458   2357   2407   7
r  2409   2457   2357   7
r  2168   2119   2268   7
r  2164   2213   2314   7
r  149   297   299   7
r  146   98   149   7
r  246   98   149   7
r  295   297   149   7
r  197   298   98   7
r  395   397   446   7
r  148   49   199   7
r  99   199   247   7
r  47   149   247   7
r  300   247   149   7
r  45   94   98   7
r  96   47   98   7
r  298   149   98   7
r  200   147   98   7
r  49   249   98   7
r  150   199   98   7
r  249   146   98   7
r  100   199   98   7
r  147   299   98   7
r  647   547   498   7
r  650   548   498   7
r  2077   2129   2179   7
r  2270   2221   2373   7
r  1091   1142   1191   7
r  1341   1390   1338   7
r  2452   2152   2404   7
r  2401   2452   2202   7
r  2301   2452   2404   7
r  2404   2352   2407   7
r  2402   2407   2302   7
r  2265   2313   2414   7
r  2351   2402   2357   7
r  2451   2402   2352   7
r  2306   2404   2357   7
r  2455   2407   2357   7
r  2358   2258   2407   7
r  2363   2412   2314   7
r  2461   2313   2314   7
r  250   98   247   7
r  50   98   149   7
r  350   397   149   7
r  349   249   247   7
r  400   349   247   7
r  448   497   548   7
r  549   547   497   7
r  449   496   498   7
r  700   598   548   7
r  499   599   548   7
r  949   900   848   7
r  849   698   946   7
r  898   949   797   7
r  899   897   797   7
r  850   749   797   7
r  894   943   945   7
r  550   498   648   7
r  800   848   749   7
r  1195   1146   1197   7
r  2081   2030   2078   7
r  1834   1836   1984   7
r  1638   1687   1589   7
r  1888   1886   2039   7
r  2315   2414   2313   7
r  2413   2309   2313   7
r  2462   2413   2313   7
r  2321   2423   2370   7
r  2372   2321   2423   7
r  2320   2423   2373   7
r  1244   1295   1197   7
r  2465   2365   2314   7
r  1048   1099   1100   7
r  1098   998   948   7
r  1049   1098   1047   7
r  2381   2281   2378   7
r  2473   2424   2274   7
r  1589   1438   1491   7
r  1788   1790   1741   7
r  1740   1791   1789   7
r  2469   2417   2369   7
r  2471   2420   2417   7
r  2470   2417   2423   7
r  2422   2371   2374   7
r  2376   2477   2429   7
r  2371   2373   2423   7
r  2472   2423   2424   7
r  1393   1441   1442   7
r  1100   1049   998   7
r  1198   1299   1247   7
r  1149   1200   1296   7
r  1248   1296   1199   7
r  1200   1248   1197   7
r  2382   2282   2484   7
r  2378   2327   2426   7
r  2482   2430   2434   7
r  2334   2286   2434   7
r  2426   2326   2327   7
r  2379   2278   2327   7
r  2086   2135   1985   7
r  2036   2034   2088   7
r  1987   2039   2087   7
r  1492   1544   1443   7
r  1298   1349   1199   7
r  2427   2380   2329   7
r  1348   1400   1449   7
r  1299   1399   1348   7
r  1250   1349   1449   7
r  2484   2385   2386   7
r  2478   2476   2429   7
r  2483   2435   2434   7
r  2335   2384   2434   7
r  2336   2385   2434   7
r  1992   2041   1943   7
r  1842   1791   1845   7
r  2092   1992   2041   7
r  1350   1348   1449   7
r  1400   1347   1349   7
r  1450   1549   1399   7
r  2485   2438   2385   7
r  2486   2438   2386   7
r  2387   2438   2434   7
r  1599   1698   1748   7
r  1600   1549   1647   7
r  1550   1498   1649   7
r  2441   2392   2393   7
r  2345   2393   2347   7
r  2095   2144   2047   7
r  1750   1649   1549   7
r  2389   2438   2393   7
r  2440   2442   2291   7
r  2490   2390   2393   7
r  2391   2442   2393   7
r  1797   1748   1899   7
r  1897   1848   1999   7
r  2199   2347   2349   7
r  2147   1997   1999   7
r  2295   2244   2347   7
r  2444   2347   2393   7
r  2395   2344   2347   7
r  2495   2394   2444   7
r  2396   2444   2393   7
r  2297   2295   2449   7
r  2349   2298   2398   7
r  2049   2148   1997   7
r  2397   2349   2449   7
r  2348   2446   2498   7
r  2450   2446   2398   7
r  2400   2398   2446   7
r  2399   2446   2298   7
r  2496   2494   2347   7
r  2298   2350   2347   7
r  2447   2449   2347   7
r  2498   2349   2347   7
r  2499   2398   2347   7
r  2100   2149   2049   7
r  1949   2049   1998   7
r  1950   1998   1999   7
r  2150   2049   1999   7
r  1948   1899   1999   7
r  1900   1999   2049   7
r  2446   2347   2449   7
r  2299   2347   2248   7
r  2300   2347   2349   7
r  2500   2347   2349   7
r  1   154   54   8
r  51   54   154   8
r  2   54   154   8
r  53   51   154   8
r  54   154   253   8
r  101   152   54   8
r  52   154   54   8
r  102   153   54   8
r  3   54   154   8
r  152   253   54   8
r  4   153   154   8
r  55   154   104   8
r  303   154   104   8
r  304   253   154   8
r  57   108   110   8
r  106   155   154   8
r  206   55   54   8
r  252   353   54   8
r  202   253   54   8
r  5   153   54   8
r  253   302   154   8
r  151   54   154   8
r  204   253   202   8
r  157   104   154   8
r  251   353   154   8
r  302   353   154   8
r  254   353   153   8
r  354   455   503   8
r  7   58   110   8
r  9   110   160   8
r  351   302   253   8
r  452   503   253   8
r  401   253   302   8
r  403   354   553   8
r  405   354   353   8
r  453   553   353   8
r  109   9   160   8
r  59   161   110   8
r  161   210   163   8
r  11   63   163   8
r  12   163   63   8
r  62   162   110   8
r  162   64   110   8
r  260   209   110   8
r  113   61   13   8
r  451   503   553   8
r  552   503   504   8
r  455   554   553   8
r  504   555   456   8
r  555   552   503   8
r  602   502   503   8
r  654   705   553   8
r  507   553   503   8
r  15   67   68   8
r  65   110   67   8
r  601   553   752   8
r  655   756   752   8
r  213   164   215   8
r  701   752   853   8
r  702   653   853   8
r  853   752   954   8
r  754   853   751   8
r  217   166   67   8
r  20   71   67   8
r  121   172   67   8
r  218   166   67   8
r  268   270   67   8
r  19   67   66   8
r  119   67   117   8
r  169   67   68   8
r  753   704   853   8
r  902   853   802   8
r  954   1003   752   8
r  855   853   752   8
r  803   902   801   8
r  801   853   954   8
r  852   752   953   8
r  856   752   805   8
r  851   902   853   8
r  951   954   853   8
r  567   467   518   8
r  21   69   72   8
r  1054   1056   954   8
r  1002   1053   953   8
r  860   911   961   8
r  422   373   371   8
r  23   74   75   8
r  322   371   122   8
r  24   73   123   8
r  519   420   467   8
r  1053   1102   1154   8
r  1103   1154   1101   8
r  1052   1103   1153   8
r  372   370   273   8
r  25   74   128   8
r  75   28   124   8
r  1058   1007   1160   8
r  1160   1111   1311   8
r  1101   1153   1154   8
r  1202   1353   1351   8
r  1252   1353   1153   8
r  964   915   916   8
r  817   819   768   8
r  176   227   76   8
r  1355   1402   1403   8
r  1208   1259   1310   8
r  1112   1211   1160   8
r  1201   1351   1252   8
r  1251   1351   1403   8
r  1351   1353   1402   8
r  1303   1153   1402   8
r  1353   1452   1401   8
r  1302   1402   1452   8
r  1352   1403   1354   8
r  1452   1403   1252   8
r  968   1019   916   8
r  621   721   623   8
r  823   772   924   8
r  77   28   130   8
r  29   127   78   8
r  129   78   76   8
r  30   127   76   8
r  80   127   76   8
r  28   76   128   8
r  130   179   127   8
r  1257   1206   1259   8
r  1402   1454   1353   8
r  1454   1458   1403   8
r  1212   1311   1310   8
r  1413   1362   1364   8
r  1301   1402   1403   8
r  1451   1403   1402   8
r  1401   1452   1354   8
r  1453   1402   1353   8
r  1502   1402   1602   8
r  969   921   871   8
r  973   874   921   8
r  870   720   971   8
r  970   919   921   8
r  724   676   776   8
r  81   32   83   8
r  132   232   181   8
r  180   229   182   8
r  231   131   132   8
r  379   530   382   8
r  1461   1512   1513   8
r  1653   1655   1802   8
r  1272   1323   1270   8
r  628   580   527   8
r  32   133   233   8
r  182   233   32   8
r  34   183   132   8
r  482   381   429   8
r  1607   1708   1705   8
r  1467   1616   1367   8
r  1651   1802   1753   8
r  1703   1754   1652   8
r  1371   1424   1320   8
r  1368   1466   1519   8
r  135   36   138   8
r  1564   1515   1616   8
r  1701   1802   1705   8
r  1754   1803   1702   8
r  1801   1701   1753   8
r  1854   1806   1756   8
r  1803   1703   1705   8
r  1751   1754   1702   8
r  1902   1953   2002   8
r  1422   1322   1524   8
r  830   930   779   8
r  85   186   138   8
r  36   138   136   8
r  335   286   337   8
r  387   288   336   8
r  1711   1713   1810   8
r  1903   1851   2002   8
r  1901   2002   2003   8
r  1176   1277   1178   8
r  1522   1573   1473   8
r  1177   1277   1077   8
r  783   831   632   8
r  37   138   86   8
r  88   186   137   8
r  39   138   186   8
r  188   86   186   8
r  38   87   186   8
r  240   191   339   8
r  191   238   138   8
r  91   191   138   8
r  189   187   191   8
r  487   588   536   8
r  1953   1852   1851   8
r  1956   2005   2007   8
r  2001   2003   1903   8
r  1951   1852   2003   8
r  2053   2002   2104   8
r  2055   1905   2007   8
r  1574   1425   1474   8
r  1377   1428   1276   8
r  1276   1176   1327   8
r  1084   984   1184   8
r  983   981   1084   8
r  239   339   290   8
r  243   292   191   8
r  688   737   839   8
r  1861   1962   1813   8
r  1769   1865   1818   8
r  1869   1866   1767   8
r  2051   2053   2202   8
r  2103   2002   2154   8
r  1429   1431   1477   8
r  1480   1330   1428   8
r  1278   1229   1280   8
r  143   293   98   8
r  195   98   149   8
r  94   97   149   8
r  93   95   98   8
r  738   689   839   8
r  640   791   688   8
r  492   540   490   8
r  541   442   391   8
r  1962   2011   2016   8
r  1819   1768   1866   8
r  1917   1869   1868   8
r  2151   2302   2404   8
r  2201   2302   2404   8
r  2252   2403   2404   8
r  2303   2404   2407   8
r  2453   2404   2152   8
r  2204   2152   2253   8
r  2255   2304   2404   8
r  1529   1477   1430   8
r  1234   1237   1187   8
r  1136   1285   1235   8
r  144   98   247   8
r  145   246   98   8
r  196   247   98   8
r  294   345   149   8
r  44   144   247   8
r  95   147   98   8
r  443   542   540   8
r  296   44   98   8
r  838   938   789   8
r  891   991   839   8
r  940   991   839   8
r  2210   2158   2159   8
r  2258   2408   2407   8
r  2022   2073   2020   8
r  1773   1724   1873   8
r  1824   1875   1772   8
r  2401   2302   2352   8
r  2301   2352   2407   8
r  2302   2452   2407   8
r  2404   2455   2357   8
r  2251   2152   2404   8
r  2402   2302   2407   8
r  2352   2452   2404   8
r  2254   2452   2404   8
r  2256   2455   2207   8
r  2354   2407   2357   8
r  1238   1189   1187   8
r  297   98   149   8
r  48   149   247   8
r  97   148   247   8
r  47   247   149   8
r  198   149   347   8
r  248   149   147   8
r  300   149   247   8
r  197   347   149   8
r  298   296   149   8
r  295   346   98   8
r  348   247   98   8
r  250   247   98   8
r  50   199   98   8
r  246   297   98   8
r  299   248   98   8
r  349   247   98   8
r  400   497   98   8
r  398   347   98   8
r  450   399   98   8
r  146   296   247   8
r  345   445   347   8
r  445   397   347   8
r  496   547   347   8
r  249   98   247   8
r  200   98   247   8
r  46   98   247   8
r  49   98   247   8
r  45   98   149   8
r  96   98   149   8
r  892   993   841   8
r  1044   1194   1142   8
r  2257   2308   2357   8
r  2307   2406   2258   8
r  2309   2207   2258   8
r  2310   2261   2313   8
r  2311   2313   2314   8
r  2359   2357   2407   8
r  2458   2407   2357   8
r  2067   2115   2070   8
r  2455   2355   2407   8
r  2306   2357   2407   8
r  2355   2404   2407   8
r  1778   1876   1829   8
r  1240   1289   1191   8
r  1142   1243   1189   8
r  1391   1440   1338   8
r  449   548   547   8
r  549   497   648   8
r  700   599   498   8
r  699   598   548   8
r  649   645   548   8
r  550   648   548   8
r  845   746   897   8
r  847   896   795   8
r  2314   2464   2365   8
r  2213   2312   2313   8
r  2362   2313   2414   8
r  2411   2310   2414   8
r  2461   2314   2313   8
r  2266   2165   2414   8
r  2316   2365   2414   8
r  2414   2365   2314   8
r  2273   2322   2423   8
r  1978   1829   1881   8
r  1878   1778   1827   8
r  1832   1731   1829   8
r  1781   1832   1881   8
r  1485   1488   1587   8
r  1585   1485   1536   8
r  1192   1194   1141   8
r  499   548   599   8
r  648   499   498   8
r  600   649   598   8
r  650   498   599   8
r  800   949   797   8
r  799   848   797   8
r  950   850   797   8
r  848   797   800   8
r  1099   1050   998   8
r  2462   2414   2314   8
r  2365   2267   2313   8
r  2413   2313   2462   8
r  2464   2365   2313   8
r  2463   2412   2313   8
r  2412   2313   2414   8
r  2468   2368   2416   8
r  2367   2414   2365   8
r  2467   2416   2370   8
r  2318   2417   2421   8
r  2274   2374   2423   8
r  2321   2421   2274   8
r  2372   2370   2374   8
r  1932   1983   1881   8
r  1586   1487   1485   8
r  1539   1636   1441   8
r  1393   1342   1344   8
r  850   797   848   8
r  899   797   800   8
r  1049   948   998   8
r  1295   1346   1197   8
r  1247   1349   1199   8
r  1248   1197   1296   8
r  1298   1199   1296   8
r  1150   1298   1296   8
r  2465   2314   2417   8
r  2416   2365   2368   8
r  2469   2369   2417   8
r  2471   2370   2423   8
r  2475   2477   2429   8
r  2422   2321   2370   8
r  2377   2426   2429   8
r  2278   2329   2429   8
r  2472   2424   2423   8
r  2281   2330   2333   8
r  1883   1837   1836   8
r  1984   1935   1836   8
r  1349   1450   1448   8
r  1394   1492   1496   8
r  1396   1496   1449   8
r  1445   1443   1346   8
r  1250   1199   1349   8
r  1300   1449   1249   8
r  2328   2277   2429   8
r  2380   2333   2327   8
r  2427   2329   2327   8
r  2476   2428   2381   8
r  2331   2333   2429   8
r  2234   2183   2434   8
r  1398   1449   1349   8
r  1592   1641   1694   8
r  1497   1546   1549   8
r  2478   2429   2329   8
r  2430   2381   2477   8
r  2383   2432   2386   8
r  1890   1841   1740   8
r  1940   1786   2039   8
r  1500   1549   1649   8
r  1547   1496   1549   8
r  1645   1694   1594   8
r  1744   1844   1595   8
r  1597   1546   1549   8
r  1599   1748   1647   8
r  1650   1549   1647   8
r  1698   1549   1649   8
r  2384   2435   2335   8
r  2285   2334   2434   8
r  2435   2482   2338   8
r  2486   2386   2435   8
r  2337   2288   2434   8
r  2487   2489   2434   8
r  1600   1649   1549   8
r  1797   1799   1549   8
r  1794   1846   1743   8
r  2485   2434   2386   8
r  2437   2434   2488   8
r  2438   2441   2386   8
r  2338   2389   2393   8
r  2193   2142   2242   8
r  1796   1696   1794   8
r  1798   1846   1999   8
r  1846   1848   1999   8
r  1897   1999   1845   8
r  1848   1998   1999   8
r  2390   2439   2393   8
r  2244   2144   2393   8
r  2345   2347   2393   8
r  2290   2390   2393   8
r  2046   1994   1946   8
r  2292   2289   2393   8
r  1900   2049   1999   8
r  1947   1998   1999   8
r  2440   2291   2393   8
r  2493   2444   2445   8
r  2495   2444   2347   8
r  2444   2294   2347   8
r  2396   2449   2347   8
r  2499   2347   2393   8
r  2199   2349   2347   8
r  2395   2393   2349   8
r  2150   2198   2148   8
r  2050   2099   2148   8
r  2100   1999   1998   8
r  2446   2448   2347   8
r  2500   2448   2347   8
r  2249   2347   2349   8
r  2247   2446   2449   8
r  2250   2347   2449   8
r  2248   2297   2349   8
r  2298   2347   2349   8
r  2300   2349   2347   8
r  2348   2449   2297   8
r  2400   2446   2449   8
r  2497   2444   2446   8
r  2448   2348   2349   8
r  2299   2398   2347   8
r  2447   2347   2449   8
r  2350   2347   2446   8
r  1   53   154   9
r  51   102   54   9
r  2   104   54   9
r  54   56   154   9
r  101   54   154   9
r  52   153   152   9
r  3   154   54   9
r  53   154   55   9
r  55   104   154   9
r  304   154   253   9
r  156   55   153   9
r  203   55   154   9
r  151   154   54   9
r  204   202   54   9
r  251   154   54   9
r  353   253   54   9
r  205   256   54   9
r  201   253   54   9
r  59   110   54   9
r  153   54   253   9
r  202   54   153   9
r  102   54   153   9
r  302   403   353   9
r  152   54   154   9
r  254   153   154   9
r  58   109   110   9
r  403   553   354   9
r  452   253   503   9
r  9   160   110   9
r  109   160   163   9
r  404   353   407   9
r  355   454   553   9
r  61   13   163   9
r  10   109   160   9
r  62   60   163   9
r  159   210   110   9
r  112   163   110   9
r  163   114   110   9
r  208   160   110   9
r  451   553   503   9
r  552   504   503   9
r  601   702   553   9
r  260   110   109   9
r  506   553   503   9
r  505   553   503   9
r  459   407   511   9
r  212   163   313   9
r  13   163   67   9
r  64   110   163   9
r  15   66   67   9
r  115   67   68   9
r  653   752   853   9
r  652   853   954   9
r  651   702   853   9
r  609   660   606   9
r  701   853   752   9
r  902   802   954   9
r  855   954   853   9
r  854   954   752   9
r  801   954   853   9
r  657   606   758   9
r  361   412   462   9
r  758   760   660   9
r  662   610   561   9
r  118   120   69   9
r  120   71   68   9
r  268   219   369   9
r  19   68   67   9
r  119   117   67   9
r  169   68   67   9
r  21   72   67   9
r  72   121   67   9
r  22   71   67   9
r  121   67   68   9
r  852   953   954   9
r  901   953   853   9
r  952   954   853   9
r  1001   953   853   9
r  1006   1004   954   9
r  808   859   908   9
r  613   561   713   9
r  564   613   665   9
r  218   67   118   9
r  1003   1054   1056   9
r  962   1011   960   9
r  566   615   568   9
r  715   768   664   9
r  124   175   76   9
r  74   122   123   9
r  223   172   124   9
r  1101   1154   1153   9
r  1151   1153   1154   9
r  1102   1251   1252   9
r  1202   1351   1403   9
r  1253   1151   1153   9
r  1252   1153   1353   9
r  910   912   962   9
r  1012   914   912   9
r  667   665   768   9
r  469   517   569   9
r  473   424   574   9
r  374   473   524   9
r  226   175   76   9
r  176   127   225   9
r  1207   1259   1307   9
r  1159   1006   1310   9
r  1303   1402   1352   9
r  1251   1403   1402   9
r  1302   1403   1402   9
r  1404   1353   1252   9
r  1301   1403   1252   9
r  1210   1311   1111   9
r  621   623   670   9
r  571   671   623   9
r  475   427   328   9
r  29   78   127   9
r  79   128   76   9
r  28   127   76   9
r  425   474   377   9
r  1208   1310   1259   9
r  1451   1402   1403   9
r  1352   1252   1403   9
r  1401   1403   1404   9
r  1351   1252   1354   9
r  1501   1503   1552   9
r  1502   1602   1551   9
r  1212   1310   1311   9
r  1015   916   914   9
r  916   965   1014   9
r  525   627   576   9
r  575   627   626   9
r  80   76   78   9
r  131   134   83   9
r  1551   1503   1602   9
r  1510   1513   1409   9
r  1016   968   1065   9
r  1020   969   921   9
r  1122   1171   1322   9
r  1116   1064   966   9
r  924   973   921   9
r  577   529   575   9
r  1605   1706   1705   9
r  1658   1807   1759   9
r  1313   1362   1465   9
r  1651   1753   1802   9
r  1753   1802   1602   9
r  725   776   777   9
r  578   580   679   9
r  580   629   527   9
r  232   181   83   9
r  33   132   233   9
r  84   182   138   9
r  134   83   183   9
r  285   287   234   9
r  1465   1364   1367   9
r  1701   1754   1753   9
r  1754   1702   1705   9
r  1803   1705   1703   9
r  1853   1855   1705   9
r  1751   1802   1705   9
r  1801   1703   1702   9
r  1075   1024   1077   9
r  1319   1270   1321   9
r  780   728   776   9
r  728   730   829   9
r  1027   976   926   9
r  334   285   233   9
r  85   138   186   9
r  483   383   382   9
r  484   433   432   9
r  36   186   138   9
r  1564   1616   1665   9
r  1905   2003   2007   9
r  1851   2003   1903   9
r  1901   2003   2002   9
r  1472   1571   1520   9
r  1423   1474   1573   9
r  1420   1422   1469   9
r  1517   1566   1616   9
r  878   829   729   9
r  88   137   186   9
r  188   186   86   9
r  139   190   136   9
r  140   191   86   9
r  38   186   86   9
r  39   186   138   9
r  192   91   138   9
r  387   339   286   9
r  1811   1713   1813   9
r  1614   1663   1616   9
r  1615   1716   1663   9
r  2001   2102   2003   9
r  1225   1174   1326   9
r  1522   1520   1524   9
r  982   1081   979   9
r  241   239   98   9
r  41   90   191   9
r  92   141   98   9
r  1812   1814   1764   9
r  1714   1564   1616   9
r  1765   1814   1863   9
r  1717   1768   1616   9
r  1668   1617   1567   9
r  2106   2006   2152   9
r  2056   2104   2058   9
r  2102   2154   2051   9
r  2103   2154   2152   9
r  2203   2154   2205   9
r  1474   1526   1575   9
r  1572   1472   1473   9
r  1327   1378   1178   9
r  1618   1567   1670   9
r  785   734   935   9
r  195   149   98   9
r  1914   1865   1813   9
r  1767   1868   1866   9
r  2101   2152   2404   9
r  2202   2301   2404   9
r  2151   2404   2407   9
r  2303   2407   2404   9
r  2453   2352   2404   9
r  2352   2404   2152   9
r  2301   2407   2152   9
r  2404   2357   2152   9
r  2251   2352   2152   9
r  2254   2404   2152   9
r  2253   2154   2404   9
r  2204   2253   2155   9
r  2206   2157   2407   9
r  1625   1676   1726   9
r  1479   1528   1428   9
r  1430   1479   1331   9
r  1185   1187   1084   9
r  687   787   789   9
r  737   638   688   9
r  839   788   841   9
r  144   247   98   9
r  245   247   149   9
r  196   98   149   9
r  48   247   149   9
r  47   149   247   9
r  199   147   247   9
r  198   347   149   9
r  248   147   149   9
r  44   247   149   9
r  346   297   149   9
r  150   148   147   9
r  100   149   247   9
r  95   149   247   9
r  348   299   149   9
r  50   149   247   9
r  398   497   247   9
r  43   143   98   9
r  345   296   98   9
r  249   247   98   9
r  200   149   98   9
r  46   149   98   9
r  49   149   98   9
r  350   247   98   9
r  45   149   98   9
r  96   149   98   9
r  297   147   98   9
r  399   350   98   9
r  146   149   98   9
r  449   547   98   9
r  492   541   642   9
r  591   490   543   9
r  2210   2110   2109   9
r  2252   2152   2407   9
r  2401   2352   2404   9
r  2353   2452   2407   9
r  2304   2253   2407   9
r  2454   2452   2407   9
r  2351   2404   2407   9
r  2354   2255   2407   9
r  2405   2403   2357   9
r  2305   2354   2407   9
r  2455   2357   2404   9
r  2409   2407   2404   9
r  2457   2357   2404   9
r  2307   2258   2404   9
r  2358   2407   2404   9
r  1724   1526   1672   9
r  1821   1824   1720   9
r  1136   1235   1184   9
r  787   738   839   9
r  298   98   247   9
r  349   98   149   9
r  300   98   149   9
r  400   98   149   9
r  500   449   498   9
r  250   98   247   9
r  542   292   644   9
r  547   347   644   9
r  2163   2112   2212   9
r  2214   2165   2313   9
r  2309   2357   2407   9
r  1871   1920   1772   9
r  2262   2311   2313   9
r  2311   2362   2313   9
r  2456   2404   2357   9
r  2460   2357   2407   9
r  2458   2357   2407   9
r  2361   2313   2314   9
r  1238   1139   1189   9
r  646   498   548   9
r  994   945   1043   9
r  549   648   598   9
r  600   648   548   9
r  648   498   548   9
r  550   548   498   9
r  650   648   498   9
r  699   548   498   9
r  2165   2116   2414   9
r  2364   2215   2212   9
r  2264   2313   2414   9
r  2221   2169   2270   9
r  2411   2314   2313   9
r  2362   2314   2313   9
r  1928   1829   1828   9
r  1780   1881   1828   9
r  1387   1336   1383   9
r  1240   1191   1142   9
r  1140   1189   1142   9
r  1190   1142   1141   9
r  1389   1440   1341   9
r  798   849   949   9
r  848   996   797   9
r  850   799   797   9
r  2462   2313   2414   9
r  2413   2462   2314   9
r  2316   2414   2417   9
r  2412   2414   2313   9
r  2415   2464   2313   9
r  2025   1924   2073   9
r  2125   2076   2073   9
r  2320   2322   2223   9
r  2174   2274   2025   9
r  1929   1978   1878   9
r  1880   1779   1928   9
r  1585   1536   1485   9
r  1635   1586   1536   9
r  1099   998   1047   9
r  1245   1146   1197   9
r  799   797   900   9
r  900   797   848   9
r  999   1047   946   9
r  2318   2421   2417   9
r  2368   2417   2319   9
r  2419   2417   2466   9
r  2467   2370   2416   9
r  2469   2368   2418   9
r  2416   2367   2418   9
r  2277   2326   2429   9
r  2423   2370   2417   9
r  2077   2128   2129   9
r  1246   1297   1197   9
r  1050   948   1047   9
r  1149   1296   1198   9
r  1248   1199   1349   9
r  1298   1249   1349   9
r  1150   1199   1197   9
r  1247   1296   1249   9
r  2470   2423   2417   9
r  2472   2370   2417   9
r  2326   2275   2429   9
r  2327   2329   2381   9
r  2473   2374   2424   9
r  2421   2417   2374   9
r  2471   2417   2370   9
r  2128   2079   2027   9
r  1933   1935   1885   9
r  1834   1885   1836   9
r  1444   1496   1344   9
r  1641   1692   1741   9
r  2328   2479   2381   9
r  2380   2329   2426   9
r  2476   2381   2327   9
r  2430   2477   2327   9
r  2378   2429   2327   9
r  2426   2327   2381   9
r  2428   2329   2381   9
r  2478   2426   2429   9
r  2330   2332   2429   9
r  2032   2084   2083   9
r  2333   2234   2434   9
r  1300   1249   1449   9
r  1450   1348   1349   9
r  1498   1547   1349   9
r  1640   1691   1741   9
r  1691   1490   1590   9
r  1447   1449   1549   9
r  1643   1645   1694   9
r  2480   2429   2329   9
r  2477   2429   2381   9
r  2334   2336   2383   9
r  1839   1890   1741   9
r  1841   1740   1889   9
r  2041   2090   1938   9
r  1991   1940   1989   9
r  1500   1647   1547   9
r  1594   1543   1744   9
r  1747   1696   1595   9
r  1650   1647   1549   9
r  1600   1549   1649   9
r  2433   2336   2386   9
r  2435   2386   2335   9
r  2486   2435   2386   9
r  2485   2386   2434   9
r  2437   2488   2434   9
r  2488   2386   2434   9
r  2086   1985   2037   9
r  2190   2089   2041   9
r  1942   1792   1990   9
r  2189   2041   2089   9
r  1700   1850   1647   9
r  1750   1699   1647   9
r  1799   1898   1549   9
r  1696   1596   1547   9
r  1748   1799   1999   9
r  2489   2438   2393   9
r  1892   1894   1943   9
r  2240   2291   2393   9
r  1848   1999   1899   9
r  1844   1793   1892   9
r  1846   1897   1794   9
r  2390   2393   2291   9
r  2339   2439   2393   9
r  1946   1995   1845   9
r  2192   2141   2393   9
r  2340   2291   2393   9
r  2047   1946   1999   9
r  2291   2289   2393   9
r  1898   1999   1998   9
r  2049   2147   1899   9
r  2000   2049   1998   9
r  1997   1899   2048   9
r  2150   2148   2099   9
r  2100   1998   1999   9
r  2148   2099   2049   9
r  2491   2393   2391   9
r  2341   2289   2390   9
r  2493   2445   2390   9
r  2494   2443   2347   9
r  2495   2347   2449   9
r  2396   2347   2449   9
r  2295   2347   2393   9
r  2498   2347   2393   9
r  2247   2449   2393   9
r  2449   2298   2393   9
r  2045   2096   2047   9
r  2395   2349   2247   9
r  2098   1999   2147   9
r  1948   1999   2049   9
r  2250   2449   2347   9
r  2446   2449   2349   9
r  2397   2446   2498   9
r  2497   2347   2449   9
r  2499   2393   2347   9
r  2348   2297   2449   9
r  2399   2298   2448   9
r  2450   2398   2349   9
r  2400   2347   2298   9
r  2500   2349   2449   9
r  2300   2297   2449   9
r  2299   2248   2449   9
r  2298   2349   2347   9
r  2447   2449   2347   9
r  2350   2449   2347   9
r  1   154   153   10
r  51   54   153   10
r  54   154   153   10
r  101   154   54   10
r  52   54   154   10
r  3   54   153   10
r  53   55   154   10
r  55   154   104   10
r  304   253   154   10
r  156   153   154   10
r  251   302   154   10
r  201   154   153   10
r  102   153   54   10
r  152   53   54   10
r  254   106   54   10
r  107   210   54   10
r  58   110   54   10
r  352   251   54   10
r  402   553   54   10
r  351   353   54   10
r  202   154   54   10
r  157   154   54   10
r  302   154   54   10
r  253   154   353   10
r  103   54   152   10
r  105   54   53   10
r  151   54   154   10
r  303   54   154   10
r  5   54   154   10
r  301   353   154   10
r  307   407   154   10
r  354   503   407   10
r  452   503   454   10
r  401   302   353   10
r  404   406   353   10
r  503   654   353   10
r  59   54   110   10
r  6   110   160   10
r  109   163   160   10
r  62   163   160   10
r  13   64   110   10
r  260   160   110   10
r  114   63   110   10
r  113   13   67   10
r  451   502   553   10
r  506   503   553   10
r  159   110   210   10
r  112   110   163   10
r  64   163   67   10
r  215   266   163   10
r  606   506   660   10
r  752   803   853   10
r  267   167   67   10
r  116   215   68   10
r  19   66   68   10
r  169   118   68   10
r  121   70   67   10
r  219   168   67   10
r  220   172   67   10
r  171   122   67   10
r  319   219   67   10
r  168   217   68   10
r  657   758   660   10
r  754   752   853   10
r  701   653   853   10
r  751   802   954   10
r  856   805   752   10
r  851   853   752   10
r  363   365   414   10
r  167   67   218   10
r  20   67   68   10
r  23   126   124   10
r  804   752   853   10
r  902   752   853   10
r  1002   1004   853   10
r  805   907   853   10
r  952   853   954   10
r  1052   1154   954   10
r  75   124   123   10
r  24   123   76   10
r  1103   1101   1154   10
r  1153   1104   1102   10
r  26   77   128   10
r  1101   1053   1154   10
r  1105   1154   1153   10
r  1152   1253   1053   10
r  1151   1102   1153   10
r  1304   1404   1154   10
r  1252   1403   1402   10
r  1156   1304   1305   10
r  910   861   1011   10
r  669   620   768   10
r  29   127   78   10
r  30   27   127   10
r  179   230   76   10
r  80   129   76   10
r  130   127   76   10
r  1207   1307   1259   10
r  1303   1351   1354   10
r  1302   1452   1354   10
r  1306   1406   1409   10
r  914   965   966   10
r  767   818   815   10
r  964   916   1066   10
r  573   624   571   10
r  1258   1358   1255   10
r  1311   1263   1158   10
r  1301   1252   1402   10
r  1401   1404   1403   10
r  1453   1404   1354   10
r  1351   1354   1403   10
r  1210   1111   1159   10
r  1407   1507   1410   10
r  868   819   916   10
r  1115   1017   1066   10
r  478   527   630   10
r  230   281   83   10
r  231   182   83   10
r  32   233   132   10
r  380   181   432   10
r  34   83   233   10
r  134   233   132   10
r  1553   1604   1652   10
r  1651   1702   1503   10
r  1509   1560   1558   10
r  969   971   921   10
r  1118   1120   1067   10
r  1114   1116   1165   10
r  919   971   871   10
r  970   921   922   10
r  383   482   430   10
r  333   232   432   10
r  1603   1703   1555   10
r  1508   1557   1457   10
r  1753   1704   1802   10
r  1701   1753   1802   10
r  1703   1802   1705   10
r  1704   1702   1653   10
r  1169   1267   1118   10
r  1172   1022   1121   10
r  85   186   138   10
r  483   382   383   10
r  236   285   86   10
r  1702   1753   1705   10
r  1754   1802   1803   10
r  1752   1754   1705   10
r  1803   1703   1705   10
r  1801   1702   1705   10
r  1751   1705   1802   10
r  1852   2002   1903   10
r  1804   1703   1656   10
r  1319   1321   1270   10
r  1318   1219   1320   10
r  1273   1222   1325   10
r  1027   927   1025   10
r  1026   1075   926   10
r  681   630   632   10
r  37   186   138   10
r  187   86   136   10
r  240   339   288   10
r  39   86   91   10
r  89   40   138   10
r  241   98   138   10
r  141   139   138   10
r  242   393   138   10
r  337   288   339   10
r  1415   1315   1367   10
r  1851   1853   2003   10
r  1757   1705   1859   10
r  1901   1952   2003   10
r  1565   1563   1616   10
r  190   138   141   10
r  40   92   141   10
r  1715   1564   1567   10
r  1663   1565   1616   10
r  1615   1663   1564   10
r  1762   1811   1764   10
r  1951   2002   1903   10
r  2001   1903   1952   10
r  2004   2102   2007   10
r  2051   2152   2002   10
r  1327   1226   1325   10
r  1521   1622   1473   10
r  981   933   930   10
r  588   536   586   10
r  143   141   149   10
r  94   98   247   10
r  244   293   98   10
r  42   44   98   10
r  93   196   247   10
r  294   149   98   10
r  145   149   247   10
r  196   149   98   10
r  1713   1615   1863   10
r  1764   1713   1863   10
r  2105   2154   2404   10
r  2152   2053   2407   10
r  2203   2205   2404   10
r  2101   2202   2152   10
r  1766   1866   1818   10
r  1574   1475   1473   10
r  1572   1473   1520   10
r  144   149   247   10
r  44   149   247   10
r  95   247   149   10
r  296   93   247   10
r  48   149   247   10
r  150   147   247   10
r  100   247   149   10
r  295   149   247   10
r  348   149   247   10
r  50   247   149   10
r  398   247   149   10
r  450   299   149   10
r  345   347   149   10
r  249   149   247   10
r  200   247   149   10
r  350   149   247   10
r  45   47   149   10
r  399   299   149   10
r  146   247   149   10
r  298   247   98   10
r  349   149   98   10
r  400   149   98   10
r  250   149   98   10
r  300   149   98   10
r  397   299   149   10
r  395   446   498   10
r  446   545   347   10
r  491   540   643   10
r  591   543   644   10
r  543   545   644   10
r  1669   1769   1868   10
r  2062   2162   2016   10
r  1914   1813   1965   10
r  2156   2158   2152   10
r  2151   2407   2404   10
r  2301   2404   2407   10
r  2254   2407   2404   10
r  2252   2407   2152   10
r  2302   2404   2152   10
r  2304   2407   2152   10
r  2454   2407   2152   10
r  2207   2258   2152   10
r  2354   2407   2152   10
r  2457   2404   2152   10
r  2307   2407   2152   10
r  2305   2404   2152   10
r  2253   2404   2407   10
r  2204   2202   2407   10
r  2201   2152   2407   10
r  2401   2404   2407   10
r  2107   2156   2407   10
r  2157   2258   2407   10
r  643   492   641   10
r  198   98   247   10
r  47   98   149   10
r  46   98   149   10
r  49   98   149   10
r  96   98   247   10
r  449   98   548   10
r  500   498   548   10
r  497   599   446   10
r  600   598   649   10
r  650   498   548   10
r  499   599   548   10
r  647   498   548   10
r  646   548   498   10
r  1817   1766   1769   10
r  1866   1864   1769   10
r  2160   2209   2061   10
r  2352   2152   2404   10
r  2251   2152   2407   10
r  2303   2152   2407   10
r  2453   2152   2407   10
r  2358   2309   2407   10
r  2351   2407   2404   10
r  2357   2308   2404   10
r  2258   2407   2404   10
r  2257   2357   2404   10
r  2456   2357   2404   10
r  2306   2355   2404   10
r  2355   2357   2404   10
r  2256   2207   2404   10
r  2458   2258   2404   10
r  2459   2407   2404   10
r  2402   2404   2357   10
r  2359   2258   2357   10
r  2451   2404   2407   10
r  2409   2404   2407   10
r  2410   2408   2407   10
r  1968   2017   2016   10
r  1431   1379   1331   10
r  1820   1771   1772   10
r  1186   1235   1184   10
r  940   839   841   10
r  895   948   844   10
r  596   498   497   10
r  597   548   599   10
r  700   548   598   10
r  846   946   797   10
r  2212   2313   2314   10
r  2461   2362   2414   10
r  2361   2314   2414   10
r  2021   2122   2073   10
r  2122   2222   2171   10
r  2023   2071   2072   10
r  1825   1773   1772   10
r  1434   1383   1336   10
r  1338   1389   1440   10
r  1041   1045   989   10
r  1094   1143   1142   10
r  896   947   797   10
r  799   900   797   10
r  850   797   899   10
r  899   848   797   10
r  849   946   800   10
r  897   946   848   10
r  950   849   848   10
r  948   950   797   10
r  900   897   797   10
r  1000   998   797   10
r  2166   2418   2414   10
r  2164   2314   2116   10
r  2312   2413   2314   10
r  2263   2361   2414   10
r  2362   2414   2212   10
r  2462   2414   2313   10
r  2264   2414   2361   10
r  2022   2020   1922   10
r  1435   1337   1384   10
r  1438   1487   1383   10
r  1240   1337   1191   10
r  1437   1288   1435   10
r  1197   1249   1349   10
r  1050   998   999   10
r  2265   2414   2313   10
r  2467   2418   2313   10
r  2367   2365   2414   10
r  1925   1976   2026   10
r  2270   2373   2223   10
r  2423   2417   2223   10
r  1929   1980   1829   10
r  1882   1782   1780   10
r  1975   1977   2125   10
r  1246   1197   1198   10
r  1199   1296   1196   10
r  1346   1344   1443   10
r  1297   1348   1197   10
r  1198   1247   1249   10
r  1247   1249   1296   10
r  1200   1197   1296   10
r  1348   1449   1296   10
r  1250   1349   1296   10
r  2368   2319   2417   10
r  2322   2223   2374   10
r  2374   2423   2274   10
r  2321   2274   2269   10
r  2473   2424   2324   10
r  2471   2370   2417   10
r  2420   2472   2423   10
r  2474   2274   2423   10
r  2179   2078   2027   10
r  1784   1835   1737   10
r  1394   1345   1445   10
r  1298   1296   1449   10
r  1398   1396   1449   10
r  1447   1549   1349   10
r  2470   2419   2418   10
r  2419   2466   2417   10
r  2326   2429   2381   10
r  2425   2427   2429   10
r  2426   2381   2327   10
r  2130   2079   2179   10
r  2178   2126   2078   10
r  2282   2280   2231   10
r  1834   1836   1885   10
r  1984   1885   1886   10
r  1688   1788   1741   10
r  1395   1346   1344   10
r  1591   1640   1589   10
r  1690   1692   1540   10
r  1650   1699   1647   10
r  1698   1647   1549   10
r  1700   1549   1649   10
r  1750   1549   1649   10
r  2377   2329   2381   10
r  2328   2429   2426   10
r  2378   2426   2429   10
r  2428   2381   2327   10
r  2477   2329   2327   10
r  2279   2230   2429   10
r  2379   2327   2381   10
r  2479   2327   2329   10
r  2430   2327   2381   10
r  2329   2378   2381   10
r  2478   2329   2381   10
r  2480   2329   2429   10
r  1789   1738   1741   10
r  1593   1694   1644   10
r  1544   1596   1547   10
r  1600   1649   1549   10
r  1749   1849   1549   10
r  1800   1999   1549   10
r  2432   2434   2386   10
r  2482   2434   2386   10
r  2235   2184   2434   10
r  1839   1841   1790   10
r  1695   1594   1595   10
r  2049   1899   1799   10
r  1848   1800   1999   10
r  1847   1796   1845   10
r  2433   2386   2335   10
r  2387   2436   2335   10
r  2485   2385   2386   10
r  2236   2335   2434   10
r  2438   2386   2434   10
r  2086   2037   2186   10
r  2042   2093   2090   10
r  1900   1999   2148   10
r  1898   1998   1999   10
r  2100   2049   1998   10
r  2098   2049   1999   10
r  1948   2049   1999   10
r  2488   2434   2386   10
r  2388   2339   2393   10
r  2390   2441   2393   10
r  2194   2345   2393   10
r  2241   2192   2393   10
r  2250   2347   2449   10
r  2249   2297   2347   10
r  2248   2347   2449   10
r  2491   2391   2393   10
r  2297   2245   2393   10
r  2298   2398   2449   10
r  2398   2347   2393   10
r  2490   2291   2342   10
r  2396   2449   2347   10
r  2448   2347   2393   10
r  2499   2347   2393   10
r  2447   2347   2393   10
r  2450   2349   2393   10
r  2397   2498   2349   10
r  2496   2445   2449   10
r  2446   2349   2449   10
r  2500   2449   2349   10
r  2350   2446   2449   10
r  2495   2393   2347   10
r  2498   2393   2347   10
r  2400   2449   2347   10
r  2497   2449   2347   10
r  1   153   154   11
r  51   153   54   11
r  2   54   102   11
r  154   205   54   11
r  101   153   154   11
r  52   152   153   11
r  3   102   154   11
r  102   54   153   11
r  4   104   153   11
r  55   4   154   11
r  156   154   205   11
r  201   153   154   11
r  254   154   153   11
r  351   253   353   11
r  103   154   54   11
r  105   53   54   11
r  151   154   54   11
r  256   154   54   11
r  303   154   54   11
r  301   154   54   11
r  257   154   54   11
r  5   154   54   11
r  253   353   154   11
r  155   54   153   11
r  206   54   104   11
r  152   54   253   11
r  251   54   153   11
r  107   54   154   11
r  202   54   154   11
r  157   54   154   11
r  302   54   154   11
r  207   307   154   11
r  356   456   154   11
r  352   54   154   11
r  7   110   160   11
r  58   54   110   11
r  6   160   110   11
r  406   455   553   11
r  109   161   58   11
r  159   210   110   11
r  112   163   110   11
r  213   264   110   11
r  453   353   553   11
r  507   504   553   11
r  505   456   553   11
r  506   504   503   11
r  11   110   160   11
r  114   110   163   11
r  63   67   163   11
r  64   115   163   11
r  263   314   315   11
r  656   607   660   11
r  652   954   853   11
r  704   702   853   11
r  462   511   362   11
r  65   162   68   11
r  17   65   69   11
r  170   118   68   11
r  120   68   171   11
r  21   171   68   11
r  219   167   68   11
r  167   218   67   11
r  20   171   67   11
r  218   118   67   11
r  312   212   363   11
r  703   752   853   11
r  657   706   708   11
r  702   853   802   11
r  754   751   752   11
r  802   854   954   11
r  803   751   752   11
r  901   853   752   11
r  903   952   752   11
r  1001   853   752   11
r  902   853   752   11
r  953   1004   752   11
r  759   761   711   11
r  713   612   561   11
r  122   223   124   11
r  172   271   124   11
r  416   467   316   11
r  951   953   954   11
r  851   752   853   11
r  952   954   853   11
r  805   853   954   11
r  663   561   711   11
r  516   467   568   11
r  222   122   323   11
r  24   124   127   11
r  75   123   124   11
r  467   370   568   11
r  1053   1154   1202   11
r  666   717   768   11
r  469   569   518   11
r  125   276   127   11
r  26   127   77   11
r  1108   1160   1311   11
r  1105   1156   1154   11
r  1151   1153   1252   11
r  1156   1305   1154   11
r  1201   1252   1102   11
r  911   1011   960   11
r  914   966   1066   11
r  620   571   672   11
r  29   78   127   11
r  177   78   128   11
r  30   127   128   11
r  79   127   30   11
r  28   128   127   11
r  179   77   127   11
r  130   79   127   11
r  377   328   325   11
r  425   377   328   11
r  80   76   127   11
r  1207   1259   1256   11
r  1109   1161   1111   11
r  1159   1311   1161   11
r  1303   1352   1402   11
r  1403   1354   1252   11
r  1251   1302   1354   11
r  180   182   83   11
r  330   328   279   11
r  81   83   181   11
r  1256   1307   1259   11
r  1209   1111   1258   11
r  1162   1111   1311   11
r  1210   1159   1311   11
r  1451   1403   1402   11
r  1352   1403   1401   11
r  1453   1353   1402   11
r  1351   1402   1354   11
r  1501   1403   1354   11
r  1452   1252   1403   11
r  1301   1354   1403   11
r  823   924   772   11
r  1018   910   1014   11
r  966   917   1065   11
r  1116   1014   916   11
r  674   725   726   11
r  478   577   578   11
r  675   777   727   11
r  32   83   181   11
r  134   183   83   11
r  232   83   132   11
r  33   233   132   11
r  1308   1260   1407   11
r  1313   1413   1214   11
r  1502   1551   1602   11
r  970   871   921   11
r  774   673   675   11
r  1166   1316   1215   11
r  1119   1168   1219   11
r  1170   1121   1168   11
r  972   974   970   11
r  530   581   432   11
r  34   132   181   11
r  381   432   379   11
r  1267   1215   1165   11
r  1316   1267   1165   11
r  1651   1503   1705   11
r  1652   1753   1705   11
r  1753   1802   1705   11
r  1217   1215   1316   11
r  35   86   136   11
r  434   483   432   11
r  136   138   191   11
r  1416   1465   1515   11
r  1467   1367   1616   11
r  1318   1320   1469   11
r  1802   1652   1705   11
r  1701   1802   1652   11
r  1754   1803   1654   11
r  1221   1172   1322   11
r  682   733   634   11
r  684   732   632   11
r  36   136   87   11
r  139   191   239   11
r  237   286   138   11
r  239   191   138   11
r  90   242   138   11
r  190   241   138   11
r  290   241   138   11
r  41   141   138   11
r  40   91   138   11
r  338   389   138   11
r  38   138   136   11
r  39   138   86   11
r  238   138   286   11
r  1704   1653   1802   11
r  1751   1802   1705   11
r  1905   2002   1705   11
r  1808   1759   1810   11
r  1564   1665   1616   11
r  1613   1564   1716   11
r  1615   1664   1716   11
r  1469   1518   1369   11
r  1852   1901   2002   11
r  1851   2003   1904   11
r  883   934   935   11
r  784   782   935   11
r  142   94   98   11
r  92   293   149   11
r  587   636   539   11
r  1662   1564   1616   11
r  1614   1665   1663   11
r  1765   1863   1813   11
r  1227   1127   1325   11
r  981   930   978   11
r  1080   1128   979   11
r  886   884   834   11
r  637   737   686   11
r  143   149   247   11
r  93   98   149   11
r  294   98   149   11
r  43   98   247   11
r  589   640   688   11
r  2001   2003   1903   11
r  2004   2007   2152   11
r  1951   1903   2002   11
r  2104   2152   2404   11
r  2106   2152   2407   11
r  1718   1670   1716   11
r  1815   1866   1813   11
r  1767   1866   1818   11
r  2053   2102   2152   11
r  1230   1126   1131   11
r  1083   979   1081   11
r  739   790   839   11
r  144   247   149   11
r  48   247   149   11
r  197   149   347   11
r  100   149   247   11
r  95   149   247   11
r  296   247   149   11
r  295   247   149   11
r  50   149   247   11
r  398   149   247   11
r  450   149   247   11
r  195   141   149   11
r  249   247   149   11
r  200   149   247   11
r  350   247   149   11
r  45   149   247   11
r  298   149   247   11
r  94   149   98   11
r  344   342   98   11
r  198   247   98   11
r  46   247   98   11
r  49   149   98   11
r  396   445   98   11
r  447   347   98   11
r  496   347   98   11
r  47   247   98   11
r  245   98   247   11
r  345   98   247   11
r  44   98   149   11
r  349   98   149   11
r  400   98   149   11
r  250   98   149   11
r  145   98   149   11
r  96   247   149   11
r  348   98   149   11
r  300   98   149   11
r  196   98   247   11
r  443   492   642   11
r  545   594   644   11
r  594   643   642   11
r  2051   2002   2152   11
r  2102   2153   2404   11
r  2154   2156   2404   11
r  2153   2002   2407   11
r  2156   2152   2407   11
r  1913   1964   2016   11
r  1814   1766   1866   11
r  1816   1818   1868   11
r  1429   1427   1527   11
r  1184   1135   1235   11
r  1136   1085   1084   11
r  691   740   642   11
r  889   840   841   11
r  890   839   789   11
r  842   840   942   11
r  891   942   792   11
r  942   792   839   11
r  546   548   644   11
r  600   649   498   11
r  550   498   548   11
r  700   598   548   11
r  445   347   548   11
r  544   542   644   11
r  695   599   644   11
r  2202   2302   2407   11
r  2151   2452   2407   11
r  2301   2407   2404   11
r  2252   2404   2407   11
r  2354   2357   2407   11
r  2457   2408   2404   11
r  2307   2404   2407   11
r  2305   2407   2404   11
r  2201   2404   2152   11
r  2401   2407   2152   11
r  2353   2404   2152   11
r  2452   2404   2152   11
r  2251   2407   2152   11
r  2303   2404   2152   11
r  2453   2407   2152   11
r  2455   2404   2152   11
r  2357   2404   2152   11
r  2257   2404   2152   11
r  2306   2404   2152   11
r  2355   2404   2152   11
r  2458   2404   2152   11
r  2405   2357   2152   11
r  2256   2407   2152   11
r  2253   2407   2404   11
r  2155   2207   2404   11
r  2204   2407   2404   11
r  2206   2357   2404   11
r  2403   2152   2357   11
r  2454   2152   2407   11
r  2304   2152   2407   11
r  2254   2152   2407   11
r  2459   2357   2407   11
r  2302   2152   2404   11
r  2402   2357   2404   11
r  2451   2407   2404   11
r  2409   2357   2404   11
r  2410   2309   2404   11
r  2157   2208   2404   11
r  2308   2359   2404   11
r  2159   2110   2060   11
r  2111   2113   2313   11
r  2209   2109   2407   11
r  2352   2404   2407   11
r  2351   2404   2407   11
r  2258   2404   2407   11
r  2121   2020   2073   11
r  1918   1818   2016   11
r  1721   1620   1821   11
r  1871   1822   1720   11
r  1626   1725   1674   11
r  1723   1823   1772   11
r  1579   1577   1581   11
r  1186   1184   1037   11
r  1137   1085   1135   11
r  895   844   995   11
r  648   548   498   11
r  650   548   498   11
r  2411   2414   2314   11
r  2311   2314   2414   11
r  2162   2113   2313   11
r  1679   1731   1730   11
r  1532   1583   1432   11
r  1384   1333   1336   11
r  894   995   845   11
r  799   897   848   11
r  849   800   749   11
r  850   899   797   11
r  798   800   897   11
r  1000   949   1047   11
r  947   995   797   11
r  1049   998   797   11
r  2412   2461   2414   11
r  2264   2361   2313   11
r  2262   2260   2414   11
r  2213   2313   2414   11
r  2362   2212   2314   11
r  2462   2314   2414   11
r  2413   2314   2313   11
r  2266   2166   2313   11
r  2367   2418   2313   11
r  2218   2318   2313   11
r  2165   2167   2116   11
r  2023   2121   1972   11
r  2074   2125   1974   11
r  2124   1924   2024   11
r  1680   1731   1581   11
r  1780   1828   1881   11
r  1091   1191   1189   11
r  1241   1190   1192   11
r  1193   1141   1142   11
r  999   1100   1047   11
r  1050   1047   998   11
r  2365   2313   2414   11
r  2316   2216   2414   11
r  2275   2222   2429   11
r  2276   2227   2429   11
r  1878   1827   1778   11
r  1928   1777   1829   11
r  1341   1338   1290   11
r  1149   1197   1296   11
r  1246   1349   1197   11
r  1199   1246   1296   11
r  1148   1296   1197   11
r  1248   1296   1197   11
r  2318   2316   2269   11
r  2319   2270   2417   11
r  2469   2417   2416   11
r  2418   2319   2370   11
r  2470   2418   2423   11
r  2421   2374   2417   11
r  2274   2323   2429   11
r  2423   2223   2374   11
r  2325   2274   2374   11
r  2277   2429   2381   11
r  2373   2321   2371   11
r  2029   2077   2027   11
r  2326   2381   2429   11
r  2078   2027   2179   11
r  1882   1780   1831   11
r  1539   1490   1587   11
r  1250   1296   1349   11
r  1348   1296   1449   11
r  2474   2374   2274   11
r  2379   2381   2327   11
r  2428   2327   2381   11
r  2426   2327   2377   11
r  2476   2327   2381   11
r  2376   2427   2381   11
r  2475   2374   2381   11
r  2377   2381   2328   11
r  2328   2426   2429   11
r  2477   2327   2429   11
r  2432   2386   2429   11
r  2427   2429   2381   11
r  2280   2228   2231   11
r  2283   2234   2231   11
r  1688   1737   1736   11
r  1739   1787   1741   11
r  1838   1787   1737   11
r  1543   1694   1595   11
r  1300   1349   1399   11
r  1400   1349   1398   11
r  1500   1547   1549   11
r  2279   2429   2381   11
r  2382   2434   2386   11
r  2482   2386   2381   11
r  2433   2335   2386   11
r  1988   1937   2041   11
r  1889   1838   1741   11
r  1694   1595   1593   11
r  1545   1596   1547   11
r  1700   1647   1549   11
r  1600   1549   1649   11
r  1750   1649   1549   11
r  2483   2438   2386   11
r  2435   2335   2386   11
r  2487   2386   2335   11
r  2287   2238   2434   11
r  2135   2137   2132   11
r  1849   1748   1798   11
r  2439   2393   2490   11
r  1900   1849   1999   11
r  2098   2147   2049   11
r  2289   2390   2393   11
r  2290   2393   2394   11
r  2490   2342   2441   11
r  2391   2339   2342   11
r  2150   2099   2148   11
r  2149   2200   1999   11
r  2100   1999   2148   11
r  2294   2341   2347   11
r  2192   2292   2243   11
r  2448   2349   2347   11
r  2499   2349   2347   11
r  2242   2141   2393   11
r  2199   2347   2393   11
r  2197   2296   2393   11
r  2248   2349   2393   11
r  2395   2347   2393   11
r  2446   2347   2393   11
r  2495   2449   2393   11
r  2300   2347   2393   11
r  2298   2449   2393   11
r  2397   2349   2393   11
r  2348   2498   2393   11
r  2399   2347   2393   11
r  2496   2449   2393   11
r  2350   2449   2393   11
r  2299   2449   2393   11
r  2349   2398   2393   11
r  2347   2449   2393   11
r  1995   2096   1944   11
r  2045   2047   2145   11
r  2200   1999   2347   11
r  2396   2393   2449   11
r  2498   2347   2349   11
r  2250   2248   2347   11
r  2500   2349   2449   11
r  2400   2347   2449   11
r  2497   2347   2449   11
r  2398   2393   2347   11
r  2447   2393   2347   11
r  1   154   153   12
r  2   154   54   12
r  101   54   153   12
r  52   154   54   12
r  3   154   54   12
r  102   153   54   12
r  106   154   153   12
r  252   154   153   12
r  205   207   154   12
r  254   153   154   12
r  103   152   154   12
r  105   153   253   12
r  257   205   154   12
r  155   153   54   12
r  206   154   54   12
r  152   154   54   12
r  251   154   54   12
r  302   154   54   12
r  352   253   54   12
r  401   352   54   12
r  255   206   54   12
r  107   154   54   12
r  202   154   54   12
r  354   407   54   12
r  151   54   154   12
r  303   54   154   12
r  301   54   154   12
r  5   54   154   12
r  256   54   154   12
r  56   110   58   12
r  7   160   110   12
r  452   454   553   12
r  405   454   553   12
r  108   9   160   12
r  454   553   305   12
r  358   310   361   12
r  6   110   160   12
r  9   110   160   12
r  11   163   110   12
r  63   163   110   12
r  210   212   163   12
r  604   504   502   12
r  557   506   503   12
r  259   159   160   12
r  12   110   160   12
r  112   110   163   12
r  115   68   67   12
r  651   853   954   12
r  165   163   68   12
r  173   124   67   12
r  312   363   315   12
r  703   853   752   12
r  853   954   902   12
r  706   755   660   12
r  702   751   853   12
r  608   606   758   12
r  901   954   853   12
r  852   951   752   12
r  951   853   752   12
r  801   902   954   12
r  707   656   758   12
r  712   562   561   12
r  71   67   68   12
r  22   67   68   12
r  218   67   68   12
r  120   67   68   12
r  171   67   68   12
r  316   415   465   12
r  317   519   419   12
r  271   171   371   12
r  905   752   954   12
r  952   1003   954   12
r  906   807   853   12
r  1051   1153   853   12
r  851   853   954   12
r  1003   1005   954   12
r  514   566   664   12
r  764   816   768   12
r  418   467   568   12
r  74   123   225   12
r  717   719   664   12
r  24   127   124   12
r  275   426   328   12
r  227   276   278   12
r  176   76   128   12
r  26   128   127   12
r  1151   1154   1102   12
r  1202   1153   1154   12
r  963   1012   861   12
r  667   716   669   12
r  865   916   966   12
r  328   229   276   12
r  523   574   572   12
r  27   127   78   12
r  79   30   127   12
r  28   127   128   12
r  178   132   76   12
r  327   276   376   12
r  129   76   77   12
r  29   76   128   12
r  30   76   127   12
r  1207   1256   1259   12
r  1251   1354   1353   12
r  1303   1354   1252   12
r  1354   1202   1403   12
r  1010   910   961   12
r  1013   965   1065   12
r  968   916   1066   12
r  81   181   83   12
r  31   132   182   12
r  1209   1310   1309   12
r  1352   1401   1403   12
r  1401   1403   1302   12
r  1351   1354   1402   12
r  1451   1354   1403   12
r  1015   914   1066   12
r  772   724   774   12
r  919   921   971   12
r  674   726   773   12
r  527   629   529   12
r  676   727   774   12
r  132   283   233   12
r  32   132   83   12
r  1212   1311   1161   12
r  1359   1408   1259   12
r  1411   1409   1463   12
r  1068   1168   1219   12
r  1118   1067   1219   12
r  1170   1168   1219   12
r  232   230   83   12
r  185   232   83   12
r  1558   1507   1457   12
r  1603   1655   1705   12
r  1512   1514   1412   12
r  1653   1705   1602   12
r  1753   1705   1652   12
r  1366   1317   1165   12
r  1266   1165   1214   12
r  1074   1023   1077   12
r  531   580   432   12
r  581   632   630   12
r  779   730   776   12
r  184   136   233   12
r  235   286   233   12
r  35   136   86   12
r  1708   1660   1809   12
r  1173   1124   1072   12
r  1370   1270   1322   12
r  877   879   978   12
r  683   634   581   12
r  878   729   779   12
r  139   239   86   12
r  187   136   86   12
r  136   191   138   12
r  39   86   138   12
r  193   141   138   12
r  293   392   138   12
r  289   241   138   12
r  38   136   186   12
r  1954   2007   1705   12
r  1852   2002   1705   12
r  1807   1908   1859   12
r  1418   1469   1519   12
r  1902   2003   1851   12
r  1223   1272   1325   12
r  1125   1074   1077   12
r  1471   1473   1520   12
r  1226   1177   1077   12
r  1176   1325   1077   12
r  930   978   979   12
r  41   138   141   12
r  142   191   149   12
r  243   191   247   12
r  340   342   389   12
r  143   247   149   12
r  194   243   149   12
r  294   149   98   12
r  1906   1957   2058   12
r  1665   1565   1716   12
r  1713   1762   1813   12
r  1668   1567   1616   12
r  1901   2002   1952   12
r  1426   1379   1327   12
r  1129   1031   979   12
r  588   539   536   12
r  835   735   936   12
r  735   733   885   12
r  42   98   149   12
r  93   149   98   12
r  244   296   149   12
r  144   149   247   12
r  195   98   247   12
r  344   391   149   12
r  295   98   247   12
r  196   347   98   12
r  2001   1952   2003   12
r  2104   2404   2152   12
r  1961   2062   2016   12
r  1767   1818   1868   12
r  736   785   637   12
r  837   839   789   12
r  492   642   644   12
r  43   297   98   12
r  347   296   98   12
r  94   98   149   12
r  48   44   247   12
r  197   347   149   12
r  100   247   149   12
r  50   247   149   12
r  398   247   149   12
r  249   149   247   12
r  350   149   247   12
r  399   149   247   12
r  146   149   247   12
r  47   149   247   12
r  245   247   98   12
r  44   149   98   12
r  400   247   98   12
r  250   247   98   12
r  145   149   98   12
r  300   149   98   12
r  395   498   98   12
r  348   247   98   12
r  444   547   98   12
r  198   98   247   12
r  346   98   247   12
r  397   446   247   12
r  46   98   247   12
r  95   98   149   12
r  450   98   149   12
r  45   98   149   12
r  49   98   149   12
r  200   98   149   12
r  349   149   247   12
r  96   149   247   12
r  443   540   644   12
r  2102   2051   2407   12
r  2103   2152   2404   12
r  2105   2404   2407   12
r  2154   2152   2407   12
r  2153   2407   2404   12
r  2156   2407   2404   12
r  2107   2407   2152   12
r  2203   2404   2407   12
r  2101   2404   2407   12
r  2252   2407   2404   12
r  2207   2307   2404   12
r  2307   2407   2404   12
r  2303   2407   2404   12
r  2453   2404   2407   12
r  2357   2258   2404   12
r  2204   2404   2152   12
r  2255   2404   2152   12
r  2206   2407   2152   12
r  2403   2357   2152   12
r  2454   2407   2152   12
r  2406   2404   2152   12
r  2356   2407   2152   12
r  2304   2407   2152   12
r  2456   2407   2152   12
r  2451   2404   2152   12
r  2408   2357   2152   12
r  2351   2407   2152   12
r  2358   2407   2152   12
r  2302   2407   2152   12
r  2254   2404   2152   12
r  2459   2407   2152   12
r  2402   2404   2152   12
r  2309   2258   2152   12
r  2253   2452   2407   12
r  1814   1866   1863   12
r  1671   1772   1570   12
r  1673   1622   1772   12
r  1133   1184   1135   12
r  1086   1135   1084   12
r  740   641   839   12
r  641   593   644   12
r  890   789   839   12
r  941   992   839   12
r  493   644   642   12
r  500   547   498   12
r  2155   2352   2407   12
r  2158   2109   2407   12
r  2257   2152   2404   12
r  2452   2152   2404   12
r  2359   2357   2404   12
r  2455   2152   2404   12
r  2306   2152   2404   12
r  2355   2152   2404   12
r  2353   2152   2404   12
r  2460   2360   2404   12
r  2458   2152   2404   12
r  2201   2152   2404   12
r  2258   2409   2404   12
r  2301   2152   2407   12
r  2305   2152   2407   12
r  2401   2152   2407   12
r  2251   2152   2407   12
r  2256   2152   2407   12
r  2259   2158   2407   12
r  2352   2407   2404   12
r  2018   2069   2016   12
r  2164   2212   2016   12
r  1870   1868   1772   12
r  1722   1673   1821   12
r  1627   1726   1576   12
r  1137   1235   1085   12
r  1285   1236   1337   12
r  549   498   649   12
r  647   749   498   12
r  700   498   599   12
r  650   599   548   12
r  596   547   548   12
r  550   548   498   12
r  698   649   498   12
r  2411   2313   2414   12
r  2312   2314   2414   12
r  2068   1968   2117   12
r  2216   2414   2313   12
r  2070   2072   2223   12
r  2214   2265   2212   12
r  2071   2018   2223   12
r  1822   1873   1770   12
r  1774   1825   1772   12
r  1433   1435   1336   12
r  746   697   797   12
r  893   844   995   12
r  944   996   993   12
r  1045   1096   1047   12
r  894   945   995   12
r  997   946   797   12
r  699   498   797   12
r  748   746   796   12
r  2361   2414   2313   12
r  2213   2414   2313   12
r  2265   2313   2212   12
r  2315   2364   2414   12
r  2467   2416   2418   12
r  2365   2317   2313   12
r  2264   2313   2414   12
r  2362   2313   2414   12
r  2220   2171   2223   12
r  2268   2219   2414   12
r  2023   2072   1922   12
r  1925   2025   2073   12
r  1436   1336   1383   12
r  1434   1336   1383   12
r  1091   1189   1142   12
r  1190   1141   1142   12
r  1290   1241   1189   12
r  899   800   848   12
r  1000   1047   947   12
r  999   946   797   12
r  1048   999   797   12
r  1243   1194   1143   12
r  1049   797   1098   12
r  1100   1000   1047   12
r  849   797   800   12
r  2463   2313   2314   12
r  2465   2416   2414   12
r  2273   2222   2374   12
r  2126   2026   2027   12
r  1734   1634   1782   12
r  1488   1388   1389   12
r  1341   1440   1390   12
r  1149   1296   1197   12
r  1346   1443   1349   12
r  1200   1249   1349   12
r  1248   1197   1296   12
r  2470   2423   2416   12
r  2471   2423   2370   12
r  2469   2416   2417   12
r  2423   2324   2417   12
r  2323   2424   2374   12
r  2029   2027   2179   12
r  2226   2326   2327   12
r  2326   2429   2381   12
r  2080   2027   2179   12
r  1980   1931   1881   12
r  1735   1833   1737   12
r  1537   1636   1485   12
r  1450   1349   1249   12
r  1348   1449   1549   12
r  1447   1499   1449   12
r  1300   1449   1349   12
r  1400   1398   1349   12
r  2473   2324   2374   12
r  2424   2475   2429   12
r  2425   2429   2381   12
r  2227   2327   2429   12
r  2379   2327   2381   12
r  2479   2329   2327   12
r  2430   2381   2327   12
r  2377   2328   2381   12
r  2330   2381   2378   12
r  2427   2327   2429   12
r  2280   2231   2429   12
r  2279   2381   2429   12
r  2482   2381   2429   12
r  2380   2426   2328   12
r  2232   2230   2381   12
r  2131   2183   1981   12
r  1834   1984   1836   12
r  1934   1885   1887   12
r  1736   1687   1637   12
r  1690   1540   1589   12
r  1592   1694   1595   12
r  1499   1349   1649   12
r  2382   2484   2434   12
r  2432   2429   2434   12
r  2183   2231   2229   12
r  2333   2232   2386   12
r  1937   2037   2087   12
r  1689   1589   1741   12
r  1838   1737   1741   12
r  1593   1644   1645   12
r  1550   1649   1648   12
r  1700   1549   1647   12
r  1600   1647   1549   12
r  1749   1848   1649   12
r  1748   1999   1549   12
r  1848   1999   1549   12
r  1646   1746   1594   12
r  2387   2335   2487   12
r  2485   2386   2335   12
r  2236   2386   2335   12
r  2488   2486   2434   12
r  2084   2135   2082   12
r  1840   1838   1742   12
r  1839   1741   1890   12
r  1746   1847   1595   12
r  1799   1549   1999   12
r  1850   1999   1899   12
r  2487   2434   2386   12
r  2439   2490   2393   12
r  2138   2288   2087   12
r  1893   1944   1891   12
r  1846   1999   1946   12
r  1947   2049   2148   12
r  2440   2289   2347   12
r  2142   2242   2393   12
r  2191   2242   2393   12
r  1895   1946   1794   12
r  2099   2048   2148   12
r  2100   1998   1999   12
r  2096   2190   1999   12
r  2343   2345   2347   12
r  2300   2449   2347   12
r  2298   2347   2449   12
r  2397   2449   2348   12
r  2399   2448   2347   12
r  2290   2439   2393   12
r  2195   2146   2393   12
r  2246   2147   2393   12
r  2200   2347   2393   12
r  2149   1999   2393   12
r  2396   2449   2393   12
r  2498   2449   2393   12
r  2500   2449   2393   12
r  2497   2446   2393   12
r  2398   2248   2393   12
r  2447   2496   2393   12
r  2249   2349   2393   12
r  2250   2347   2393   12
r  2400   2298   2393   12
r  2046   1946   2393   12
r  2248   2393   2347   12
r  2199   2393   2347   12
r  2146   2148   2045   12
r  2449   2393   2347   12
r  1   54   154   13
r  51   154   153   13
r  2   54   153   13
r  101   154   54   13
r  52   54   154   13
r  3   54   154   13
r  102   54   153   13
r  152   253   154   13
r  202   54   154   13
r  251   54   154   13
r  252   54   154   13
r  254   154   153   13
r  105   54   153   13
r  304   54   153   13
r  151   153   54   13
r  303   104   54   13
r  5   104   54   13
r  156   205   154   13
r  106   153   154   13
r  351   353   154   13
r  206   104   154   13
r  302   353   154   13
r  107   205   154   13
r  306   407   154   13
r  158   110   154   13
r  207   154   54   13
r  56   58   54   13
r  403   454   54   13
r  157   154   54   13
r  301   154   54   13
r  407   505   54   13
r  354   54   553   13
r  6   58   110   13
r  401   54   553   13
r  7   110   160   13
r  404   407   553   13
r  9   210   110   13
r  453   553   604   13
r  457   405   553   13
r  454   503   553   13
r  259   160   110   13
r  260   109   160   13
r  113   67   160   13
r  59   160   163   13
r  62   160   163   13
r  12   160   110   13
r  112   163   110   13
r  211   258   110   13
r  501   553   504   13
r  604   502   752   13
r  601   752   503   13
r  13   110   163   13
r  653   853   752   13
r  651   954   853   13
r  609   657   660   13
r  16   67   69   13
r  267   117   68   13
r  703   752   853   13
r  756   705   752   13
r  753   853   954   13
r  855   853   954   13
r  701   853   954   13
r  854   905   954   13
r  901   853   954   13
r  1001   954   853   13
r  755   757   752   13
r  904   1003   752   13
r  804   853   752   13
r  952   954   752   13
r  851   954   752   13
r  853   902   954   13
r  659   759   708   13
r  807   907   660   13
r  663   563   561   13
r  21   68   70   13
r  71   68   67   13
r  22   20   67   13
r  218   369   67   13
r  120   68   67   13
r  172   123   67   13
r  220   67   68   13
r  72   67   68   13
r  852   752   801   13
r  803   752   954   13
r  1004   1053   1052   13
r  951   752   853   13
r  1003   1056   853   13
r  516   567   518   13
r  319   67   371   13
r  174   74   225   13
r  73   124   173   13
r  1104   1056   1153   13
r  1052   954   1154   13
r  1055   1106   1154   13
r  175   75   76   13
r  75   24   225   13
r  225   123   76   13
r  76   125   176   13
r  1106   1006   1154   13
r  1102   1252   1154   13
r  1151   1252   1402   13
r  1156   1154   1259   13
r  767   816   765   13
r  569   518   617   13
r  26   127   128   13
r  28   128   127   13
r  129   77   76   13
r  29   128   76   13
r  80   78   76   13
r  1251   1353   1354   13
r  1302   1402   1403   13
r  1352   1403   1252   13
r  1405   1403   1354   13
r  1409   1308   1358   13
r  571   672   670   13
r  916   1014   1066   13
r  965   1065   1066   13
r  869   970   971   13
r  327   376   227   13
r  27   76   127   13
r  130   76   128   13
r  81   132   181   13
r  1208   1259   1311   13
r  1351   1402   1354   13
r  1451   1402   1354   13
r  1401   1354   1403   13
r  1503   1602   1402   13
r  1209   1309   1310   13
r  1211   1310   1259   13
r  1509   1558   1457   13
r  1016   1065   1014   13
r  968   914   1014   13
r  973   873   971   13
r  919   871   921   13
r  870   921   922   13
r  525   527   626   13
r  230   83   181   13
r  1502   1602   1705   13
r  1552   1503   1705   13
r  1553   1602   1705   13
r  1653   1602   1705   13
r  1362   1314   1463   13
r  1604   1555   1705   13
r  1511   1562   1410   13
r  1019   918   921   13
r  972   921   871   13
r  1024   972   926   13
r  379   279   432   13
r  331   382   379   13
r  32   83   132   13
r  33   132   233   13
r  34   233   83   13
r  184   86   83   13
r  1651   1802   1704   13
r  1753   1652   1705   13
r  1365   1367   1266   13
r  1659   1708   1759   13
r  1265   1316   1317   13
r  1171   1222   1120   13
r  1220   1171   1322   13
r  1072   1220   1070   13
r  381   430   432   13
r  532   483   432   13
r  579   628   479   13
r  134   83   138   13
r  1851   1904   1705   13
r  1857   1955   1705   13
r  1953   1851   1705   13
r  1702   1705   1753   13
r  1803   1705   1652   13
r  1902   2002   2003   13
r  1516   1616   1716   13
r  1756   1705   1807   13
r  1710   1807   1809   13
r  1810   1708   1710   13
r  828   729   780   13
r  829   729   776   13
r  830   730   776   13
r  1270   1221   1322   13
r  1026   1077   978   13
r  531   432   383   13
r  485   483   432   13
r  236   238   138   13
r  187   86   87   13
r  39   91   86   13
r  193   242   149   13
r  38   186   138   13
r  238   286   138   13
r  41   141   138   13
r  189   241   86   13
r  237   138   86   13
r  1954   1705   1903   13
r  1901   2003   2002   13
r  1907   2007   2006   13
r  1952   1903   2001   13
r  1613   1616   1664   13
r  1368   1519   1469   13
r  1126   1177   1175   13
r  1423   1475   1575   13
r  1226   1125   1178   13
r  685   636   632   13
r  91   138   86   13
r  141   138   86   13
r  142   98   247   13
r  143   149   247   13
r  343   442   391   13
r  294   98   149   13
r  1951   2003   1903   13
r  2052   2104   2407   13
r  2104   2004   2404   13
r  2053   2152   2404   13
r  1665   1716   1617   13
r  1618   1670   1616   13
r  931   980   979   13
r  1225   1325   1327   13
r  1276   1178   1325   13
r  1030   1028   930   13
r  1081   981   978   13
r  834   885   935   13
r  92   98   247   13
r  244   98   247   13
r  93   98   149   13
r  144   247   149   13
r  195   247   98   13
r  245   98   247   13
r  346   247   98   13
r  397   247   98   13
r  400   98   247   13
r  250   98   247   13
r  348   98   247   13
r  50   98   247   13
r  450   247   98   13
r  344   98   247   13
r  398   98   247   13
r  196   98   149   13
r  43   98   149   13
r  347   98   149   13
r  249   98   149   13
r  350   98   149   13
r  399   98   149   13
r  146   98   149   13
r  396   347   149   13
r  47   247   149   13
r  44   98   149   13
r  300   98   149   13
r  395   347   149   13
r  298   247   149   13
r  447   548   149   13
r  145   98   149   13
r  295   149   98   13
r  2105   2152   2404   13
r  2103   2054   2152   13
r  2154   2407   2152   13
r  2153   2404   2407   13
r  2205   2154   2407   13
r  2156   2404   2407   13
r  2107   2152   2407   13
r  1818   1866   1767   13
r  1912   1963   2016   13
r  1864   1813   1764   13
r  1572   1520   1473   13
r  587   539   487   13
r  636   692   688   13
r  588   536   688   13
r  786   737   885   13
r  788   688   839   13
r  738   789   686   13
r  49   149   98   13
r  94   149   98   13
r  95   149   98   13
r  345   149   98   13
r  200   149   98   13
r  45   149   98   13
r  198   149   98   13
r  46   149   98   13
r  349   300   98   13
r  96   147   98   13
r  100   149   247   13
r  541   443   644   13
r  394   446   98   13
r  446   347   98   13
r  2101   2407   2404   13
r  2203   2407   2404   13
r  2252   2404   2407   13
r  2307   2404   2407   13
r  2356   2404   2407   13
r  2304   2404   2407   13
r  2456   2404   2407   13
r  2408   2308   2404   13
r  2358   2404   2407   13
r  2302   2404   2407   13
r  2459   2404   2407   13
r  2155   2404   2152   13
r  2157   2407   2152   13
r  2257   2404   2152   13
r  2308   2404   2152   13
r  2452   2407   2152   13
r  2455   2404   2152   13
r  2306   2407   2152   13
r  2353   2407   2152   13
r  2460   2404   2152   13
r  2458   2404   2152   13
r  2409   2407   2152   13
r  2301   2407   2152   13
r  2251   2404   2152   13
r  2256   2407   2152   13
r  2359   2404   2152   13
r  2355   2407   2152   13
r  2201   2407   2152   13
r  2305   2404   2152   13
r  2406   2152   2404   13
r  2255   2152   2404   13
r  2402   2152   2404   13
r  2309   2152   2404   13
r  2254   2152   2404   13
r  2453   2152   2404   13
r  2303   2152   2407   13
r  2204   2152   2407   13
r  2206   2152   2407   13
r  2454   2152   2407   13
r  2451   2152   2407   13
r  2352   2404   2407   13
r  2351   2152   2404   13
r  2401   2407   2404   13
r  1622   1620   1670   13
r  2163   2212   2016   13
r  984   1033   1084   13
r  985   1034   1084   13
r  1086   1235   1035   13
r  1037   1086   1084   13
r  787   839   688   13
r  838   789   688   13
r  545   644   642   13
r  491   590   540   13
r  936   884   885   13
r  492   644   642   13
r  591   642   643   13
r  493   540   644   13
r  444   98   644   13
r  550   598   548   13
r  549   598   498   13
r  700   599   498   13
r  597   498   548   13
r  648   599   548   13
r  596   548   644   13
r  2310   2313   2212   13
r  2212   2314   2414   13
r  2069   2016   2066   13
r  1972   2021   1772   13
r  2166   2414   2066   13
r  2217   2268   2414   13
r  2214   2313   2414   13
r  2213   2313   2414   13
r  1285   1337   1336   13
r  1628   1679   1729   13
r  1232   1183   1283   13
r  890   939   789   13
r  842   942   891   13
r  2462   2313   2314   13
r  2264   2414   2313   13
r  2262   2313   2314   13
r  2415   2315   2314   13
r  2362   2314   2313   13
r  2463   2314   2313   13
r  2366   2414   2313   13
r  2465   2414   2313   13
r  2368   2419   2313   13
r  2267   2316   2313   13
r  2466   2417   2414   13
r  1338   1440   1341   13
r  1482   1531   1383   13
r  1629   1729   1728   13
r  993   1095   995   13
r  748   796   797   13
r  849   800   797   13
r  2265   2212   2414   13
r  2416   2368   2414   13
r  2418   2370   2371   13
r  1142   1194   1241   13
r  1145   1196   1142   13
r  894   995   943   13
r  896   797   848   13
r  1097   1095   998   13
r  897   848   1047   13
r  948   1047   848   13
r  998   1047   797   13
r  1050   999   797   13
r  950   797   899   13
r  1000   797   848   13
r  2470   2416   2423   13
r  2321   2269   2417   13
r  2322   2373   2423   13
r  2325   2424   2381   13
r  2326   2381   2429   13
r  2277   2275   2429   13
r  2327   2429   2379   13
r  1927   1876   1828   13
r  1389   1340   1440   13
r  1440   1491   1488   13
r  947   797   999   13
r  1147   1047   1296   13
r  1049   1047   1095   13
r  2471   2417   2420   13
r  2422   2370   2371   13
r  2424   2426   2274   13
r  2472   2417   2374   13
r  2474   2274   2374   13
r  2425   2381   2429   13
r  2475   2381   2374   13
r  2430   2481   2381   13
r  2329   2381   2327   13
r  2278   2327   2381   13
r  2480   2381   2327   13
r  2279   2328   2381   13
r  2478   2429   2327   13
r  1198   1249   1196   13
r  1537   1485   1636   13
r  1293   1342   1393   13
r  1247   1199   1349   13
r  1200   1349   1249   13
r  1347   1249   1449   13
r  1248   1296   1197   13
r  1349   1448   1549   13
r  2426   2429   2381   13
r  2330   2429   2381   13
r  2181   2232   2281   13
r  2231   2079   2183   13
r  2081   2078   2083   13
r  1543   1595   1594   13
r  1298   1449   1249   13
r  1834   1885   1887   13
r  1934   1887   1836   13
r  1738   1836   1689   13
r  1348   1549   1449   13
r  1300   1399   1449   13
r  2485   2335   2386   13
r  2438   2390   2393   13
r  2487   2386   2434   13
r  1643   1694   1595   13
r  2184   2132   2083   13
r  1935   1986   1886   13
r  2039   1939   2041   13
r  1500   1649   1399   13
r  1550   1647   1649   13
r  1699   1799   1647   13
r  1750   1647   1649   13
r  1700   1647   1549   13
r  1747   1595   1549   13
r  2286   2434   2386   13
r  2237   2136   2386   13
r  1839   1790   1741   13
r  1645   1594   1694   13
r  1694   1593   1595   13
r  1745   1743   1594   13
r  1940   2039   2041   13
r  1991   2091   2039   13
r  2089   2138   2393   13
r  1800   1549   1649   13
r  1748   1549   1999   13
r  2443   2394   2347   13
r  2243   2343   2347   13
r  2395   2247   2347   13
r  2446   2449   2347   13
r  2246   2297   2347   13
r  2498   2349   2347   13
r  2500   2347   2449   13
r  2497   2449   2347   13
r  2400   2449   2347   13
r  2092   2090   2393   13
r  2193   2242   2393   13
r  2198   2149   2393   13
r  2196   2147   2393   13
r  2248   2449   2393   13
r  2199   2297   2393   13
r  2449   2398   2393   13
r  2490   2393   2347   13
r  1850   1799   1999   13
r  1949   1849   2049   13
r  2493   2393   2347   13
r  2344   2393   2347   13
r  2345   2393   2347   13
r  2149   2393   1999   13
r  2300   2393   2449   13
r  2250   2393   2347   13
r  2099   2148   2048   13
r  2050   2149   1998   13
r  2000   1998   2148   13
r  1950   2049   2148   13
r  2097   1999   2148   13
r  1   154   54   14
r  51   54   154   14
r  2   153   54   14
r  101   54   154   14
r  52   154   54   14
r  3   154   54   14
r  102   154   54   14
r  202   154   54   14
r  251   154   54   14
r  252   154   54   14
r  204   252   153   14
r  155   55   153   14
r  201   54   153   14
r  156   54   153   14
r  257   54   153   14
r  351   154   153   14
r  206   154   153   14
r  302   154   153   14
r  5   54   153   14
r  205   154   153   14
r  57   110   154   14
r  254   153   154   14
r  402   353   154   14
r  255   307   154   14
r  407   405   553   14
r  105   153   54   14
r  304   153   54   14
r  256   154   54   14
r  356   307   54   14
r  401   553   54   14
r  108   110   54   14
r  306   354   54   14
r  301   54   154   14
r  403   54   154   14
r  7   160   110   14
r  452   553   503   14
r  405   553   503   14
r  355   553   353   14
r  8   110   160   14
r  158   154   110   14
r  458   507   553   14
r  451   503   453   14
r  109   58   163   14
r  404   353   503   14
r  59   110   160   14
r  454   305   503   14
r  501   503   553   14
r  557   407   553   14
r  508   409   503   14
r  359   361   362   14
r  62   163   160   14
r  309   408   110   14
r  63   65   163   14
r  12   63   163   14
r  112   64   163   14
r  653   752   853   14
r  215   267   67   14
r  115   215   68   14
r  13   163   68   14
r  703   651   752   14
r  657   708   758   14
r  753   954   853   14
r  855   954   853   14
r  754   853   954   14
r  851   802   853   14
r  806   759   752   14
r  951   853   752   14
r  852   801   752   14
r  803   801   752   14
r  1004   955   752   14
r  701   752   853   14
r  414   465   365   14
r  363   414   312   14
r  313   311   315   14
r  16   117   67   14
r  904   752   802   14
r  856   752   954   14
r  901   752   853   14
r  902   752   853   14
r  1054   1203   1154   14
r  1056   1053   954   14
r  907   956   954   14
r  166   67   69   14
r  17   15   116   14
r  118   69   66   14
r  21   70   68   14
r  71   171   68   14
r  171   68   67   14
r  220   171   67   14
r  72   68   67   14
r  73   25   67   14
r  69   121   66   14
r  219   67   171   14
r  22   67   69   14
r  120   67   68   14
r  1053   1153   1154   14
r  666   768   717   14
r  566   568   617   14
r  467   568   516   14
r  418   568   518   14
r  715   664   768   14
r  74   372   76   14
r  1304   1154   1353   14
r  914   916   1014   14
r  719   770   670   14
r  75   124   127   14
r  1251   1354   1403   14
r  1303   1252   1354   14
r  1302   1403   1402   14
r  1404   1402   1302   14
r  1405   1354   1403   14
r  1407   1410   1358   14
r  1453   1354   1353   14
r  1451   1354   1402   14
r  1401   1302   1354   14
r  1352   1252   1403   14
r  1014   1065   916   14
r  917   968   1066   14
r  322   122   371   14
r  26   128   127   14
r  78   176   177   14
r  79   127   128   14
r  29   127   128   14
r  27   127   76   14
r  30   127   76   14
r  1301   1403   1354   14
r  1351   1403   1402   14
r  1309   1311   1258   14
r  1115   1066   1014   14
r  920   871   869   14
r  968   1014   966   14
r  870   971   921   14
r  277   225   326   14
r  80   76   128   14
r  179   76   128   14
r  227   225   328   14
r  31   182   233   14
r  1411   1463   1513   14
r  1601   1503   1705   14
r  1602   1554   1705   14
r  625   674   774   14
r  874   923   772   14
r  1119   1218   1168   14
r  923   872   971   14
r  81   181   233   14
r  131   83   182   14
r  32   181   83   14
r  1609   1709   1658   14
r  1708   1759   1710   14
r  1267   1165   1164   14
r  1752   1803   1652   14
r  1702   1753   1705   14
r  1803   1702   1705   14
r  1902   1851   1705   14
r  1856   1956   1705   14
r  2002   2104   1705   14
r  1955   1953   1705   14
r  1901   1952   1705   14
r  1957   2058   1705   14
r  726   774   777   14
r  924   921   1025   14
r  82   233   131   14
r  182   32   233   14
r  33   181   132   14
r  234   334   83   14
r  183   235   132   14
r  285   234   233   14
r  1808   1859   1756   14
r  2052   2152   2404   14
r  578   527   529   14
r  629   529   527   14
r  679   577   527   14
r  1270   1322   1221   14
r  1370   1321   1270   14
r  1274   1325   1322   14
r  977   1026   979   14
r  134   132   86   14
r  332   283   432   14
r  282   233   432   14
r  1613   1664   1616   14
r  1566   1615   1716   14
r  2106   2407   2404   14
r  2055   2003   2058   14
r  2053   2104   2152   14
r  2054   2002   2407   14
r  2051   2152   2407   14
r  2156   2407   2152   14
r  2205   2407   2152   14
r  581   630   632   14
r  831   880   979   14
r  879   1033   978   14
r  531   381   432   14
r  36   138   186   14
r  139   136   186   14
r  187   87   86   14
r  89   86   87   14
r  242   191   86   14
r  239   290   86   14
r  237   186   138   14
r  288   236   138   14
r  91   140   138   14
r  141   86   138   14
r  243   141   138   14
r  343   392   138   14
r  1618   1667   1567   14
r  1718   1716   1616   14
r  2105   2407   2152   14
r  2103   2152   2407   14
r  2104   2152   2407   14
r  2101   2152   2407   14
r  2406   2404   2152   14
r  2257   2152   2404   14
r  2255   2404   2152   14
r  2308   2152   2404   14
r  2359   2152   2404   14
r  2455   2152   2404   14
r  2402   2404   2152   14
r  2309   2404   2152   14
r  2460   2152   2404   14
r  2458   2152   2404   14
r  2410   2404   2152   14
r  2254   2404   2152   14
r  2251   2152   2404   14
r  2453   2404   2152   14
r  2153   2104   2404   14
r  2303   2404   2152   14
r  2204   2155   2152   14
r  2454   2352   2152   14
r  2356   2152   2404   14
r  2456   2152   2404   14
r  2358   2152   2404   14
r  2451   2352   2152   14
r  2302   2152   2404   14
r  2352   2403   2404   14
r  2452   2404   2407   14
r  2306   2152   2407   14
r  2353   2404   2407   14
r  2409   2152   2407   14
r  2301   2152   2407   14
r  2355   2404   2407   14
r  2154   2404   2407   14
r  2203   2404   2407   14
r  2256   2152   2407   14
r  2201   2152   2407   14
r  2351   2404   2407   14
r  2310   2212   2407   14
r  2206   2407   2152   14
r  2258   2407   2152   14
r  2401   2202   2152   14
r  2252   2407   2404   14
r  2307   2407   2404   14
r  2459   2407   2404   14
r  2155   2407   2404   14
r  2305   2407   2404   14
r  1225   1327   1325   14
r  1227   1327   1225   14
r  1573   1473   1524   14
r  1226   1077   1327   14
r  90   138   86   14
r  240   138   86   14
r  192   138   247   14
r  291   339   340   14
r  292   391   339   14
r  294   196   247   14
r  42   149   98   14
r  142   149   98   14
r  193   138   247   14
r  244   247   98   14
r  344   247   98   14
r  1815   1813   1863   14
r  1767   1868   1769   14
r  1865   1813   1868   14
r  1720   1771   1772   14
r  2208   2259   2152   14
r  2411   2414   2313   14
r  734   786   885   14
r  735   885   935   14
r  1624   1575   1473   14
r  1525   1577   1573   14
r  1427   1478   1327   14
r  1279   1331   1380   14
r  295   247   149   14
r  43   149   98   14
r  347   149   247   14
r  93   149   98   14
r  143   247   149   14
r  245   247   196   14
r  300   149   98   14
r  49   98   149   14
r  145   149   98   14
r  44   149   98   14
r  94   98   149   14
r  196   149   98   14
r  249   149   98   14
r  350   149   98   14
r  399   149   98   14
r  398   149   98   14
r  400   149   98   14
r  144   98   247   14
r  397   98   247   14
r  296   98   247   14
r  450   98   247   14
r  47   98   247   14
r  395   149   247   14
r  195   98   247   14
r  346   98   247   14
r  396   149   247   14
r  298   98   247   14
r  446   495   247   14
r  394   98   149   14
r  345   247   149   14
r  588   688   536   14
r  1917   1868   2016   14
r  2163   2114   2414   14
r  2069   2067   2016   14
r  2067   2116   2016   14
r  2119   2218   2016   14
r  2113   2314   2414   14
r  2361   2313   2414   14
r  2462   2314   2313   14
r  2262   2314   2313   14
r  2213   2414   2313   14
r  786   885   834   14
r  936   887   834   14
r  885   883   785   14
r  250   247   98   14
r  348   247   98   14
r  50   247   98   14
r  45   247   149   14
r  198   247   149   14
r  46   247   149   14
r  349   247   149   14
r  100   247   149   14
r  95   247   149   14
r  200   247   149   14
r  96   247   149   14
r  444   498   149   14
r  299   247   196   14
r  448   548   98   14
r  492   642   644   14
r  541   391   590   14
r  1920   2020   1772   14
r  2122   2171   2223   14
r  1824   1873   1922   14
r  1923   2023   1772   14
r  2164   2016   2066   14
r  2264   2411   2414   14
r  2366   2268   2414   14
r  2465   2417   2414   14
r  2268   2317   2313   14
r  2317   2414   2313   14
r  2316   2417   2313   14
r  2265   2414   2313   14
r  2218   2313   2414   14
r  2419   2417   2414   14
r  789   791   841   14
r  740   789   688   14
r  937   886   888   14
r  1481   1382   1383   14
r  1580   1628   1680   14
r  1183   1283   1231   14
r  1136   1184   1085   14
r  1037   1085   1035   14
r  1235   1085   1084   14
r  1137   1085   1084   14
r  545   642   644   14
r  494   644   642   14
r  650   498   550   14
r  597   599   644   14
r  691   643   644   14
r  591   643   642   14
r  2074   2025   2174   14
r  2124   2024   2025   14
r  792   741   839   14
r  989   940   839   14
r  1186   1037   1035   14
r  1038   1084   1085   14
r  1286   1084   1337   14
r  845   995   797   14
r  2270   2223   2374   14
r  2371   2320   2374   14
r  2470   2417   2371   14
r  1583   1579   1532   14
r  797   795   947   14
r  895   1043   844   14
r  893   995   944   14
r  896   845   797   14
r  2177   2226   2027   14
r  2327   2379   2429   14
r  2471   2420   2423   14
r  2324   2275   2423   14
r  1194   1196   1142   14
r  1046   1095   797   14
r  1047   1096   797   14
r  1140   1142   1189   14
r  1880   1928   1829   14
r  1782   1681   1881   14
r  1388   1337   1488   14
r  999   1047   1050   14
r  849   749   949   14
r  1050   998   1047   14
r  1000   848   797   14
r  1098   948   797   14
r  950   899   797   14
r  2474   2423   2274   14
r  2375   2475   2429   14
r  2425   2429   2381   14
r  2428   2381   2327   14
r  2475   2374   2381   14
r  2480   2327   2381   14
r  2482   2330   2381   14
r  2228   2179   2429   14
r  2478   2327   2429   14
r  2426   2377   2429   14
r  2330   2378   2429   14
r  2030   2179   2027   14
r  2376   2429   2327   14
r  2329   2429   2381   14
r  2279   2429   2327   14
r  1242   1341   1142   14
r  1884   1984   1836   14
r  1341   1390   1440   14
r  2331   2429   2426   14
r  2383   2335   2381   14
r  2432   2381   2386   14
r  1150   1197   1198   14
r  1149   1198   1296   14
r  1300   1349   1197   14
r  1933   1885   1836   14
r  2333   2386   2231   14
r  2286   2386   2434   14
r  2132   2134   2033   14
r  1200   1296   1349   14
r  1396   1447   1349   14
r  1450   1399   1349   14
r  1448   1397   1349   14
r  2437   2434   2334   14
r  2237   2288   2188   14
r  2236   2434   2386   14
r  2084   2132   2032   14
r  1500   1399   1449   14
r  1497   1548   1598   14
r  1800   1749   1549   14
r  1748   1899   1549   14
r  1890   1740   1789   14
r  2389   2340   2347   14
r  2491   2493   2347   14
r  2392   2389   2347   14
r  2394   2445   2347   14
r  2296   2293   2347   14
r  2492   2444   2347   14
r  2341   2390   2347   14
r  2441   2492   2347   14
r  2391   2342   2347   14
r  2490   2441   2393   14
r  2143   2194   2393   14
r  2141   2040   2393   14
r  2493   2390   2393   14
r  2344   2295   2393   14
r  2345   2347   2393   14
r  2149   2297   2393   14
r  2300   2347   2393   14
r  2250   2449   2393   14
r  2095   2047   2393   14
r  2045   1945   2393   14
r  2139   2088   2393   14
r  2342   2390   2347   14
r  2442   2393   2347   14
r  1749   1549   1647   14
r  1799   1848   1649   14
r  1645   1694   1594   14
r  2291   2393   2347   14
r  2245   2393   2347   14
r  2295   2393   2347   14
r  2494   2393   2449   14
r  2298   2393   2347   14
r  2500   2393   2347   14
r  2200   2393   2347   14
r  2047   1995   2148   14
r  2099   1999   2148   14
r  1696   1547   1595   14
r  1897   1798   1899   14
r  1949   1998   2148   14
r  1998   2049   2148   14
r  1997   2048   2148   14
r  2097   2148   1999   14
r  1   54   154   15
r  51   153   54   15
r  2   54   153   15
r  101   154   54   15
r  52   54   154   15
r  3   153   154   15
r  102   54   154   15
r  202   54   154   15
r  252   54   154   15
r  351   54   154   15
r  206   54   154   15
r  205   54   154   15
r  106   54   153   15
r  352   154   153   15
r  56   54   153   15
r  151   154   153   15
r  105   253   153   15
r  254   54   153   15
r  107   54   153   15
r  306   54   153   15
r  201   153   54   15
r  5   153   54   15
r  156   153   54   15
r  403   354   54   15
r  302   153   154   15
r  108   160   154   15
r  251   153   154   15
r  157   56   154   15
r  256   54   154   15
r  404   553   154   15
r  301   154   54   15
r  357   305   54   15
r  305   405   54   15
r  9   110   163   15
r  453   502   553   15
r  409   406   553   15
r  451   453   503   15
r  8   56   110   15
r  59   160   110   15
r  10   160   163   15
r  501   553   503   15
r  558   507   503   15
r  260   160   163   15
r  60   112   160   15
r  63   163   160   15
r  112   110   160   15
r  162   63   160   15
r  11   160   163   15
r  114   60   110   15
r  411   311   413   15
r  413   462   315   15
r  460   462   362   15
r  651   853   954   15
r  653   853   752   15
r  705   656   853   15
r  704   853   954   15
r  212   261   315   15
r  658   710   758   15
r  515   464   415   15
r  702   853   954   15
r  753   902   954   15
r  855   853   954   15
r  754   954   853   15
r  755   806   853   15
r  951   954   853   15
r  701   954   752   15
r  904   853   752   15
r  856   853   752   15
r  901   853   752   15
r  857   805   752   15
r  703   752   954   15
r  166   68   67   15
r  268   369   68   15
r  173   72   68   15
r  171   72   68   15
r  219   171   67   15
r  120   68   67   15
r  269   418   67   15
r  123   72   67   15
r  122   124   67   15
r  168   216   66   15
r  118   67   69   15
r  218   67   71   15
r  222   271   68   15
r  805   956   853   15
r  1001   752   954   15
r  851   752   954   15
r  1154   1056   954   15
r  957   906   954   15
r  1002   953   1154   15
r  23   124   76   15
r  517   568   566   15
r  1201   1101   1154   15
r  372   273   421   15
r  224   175   76   15
r  324   124   373   15
r  910   1011   861   15
r  961   910   912   15
r  667   768   568   15
r  469   518   467   15
r  618   669   768   15
r  1251   1403   1354   15
r  1061   1010   959   15
r  176   128   127   15
r  26   127   128   15
r  79   128   127   15
r  29   128   127   15
r  27   78   127   15
r  80   128   76   15
r  179   128   76   15
r  130   127   76   15
r  1013   1015   1066   15
r  915   864   966   15
r  671   722   723   15
r  1303   1354   1403   15
r  1302   1354   1403   15
r  1401   1403   1252   15
r  1404   1252   1353   15
r  1351   1354   1403   15
r  1501   1552   1403   15
r  1112   1160   1311   15
r  28   76   128   15
r  30   76   127   15
r  131   182   83   15
r  426   325   326   15
r  376   225   328   15
r  1115   1014   1066   15
r  1018   1014   916   15
r  973   971   871   15
r  870   922   971   15
r  1360   1409   1259   15
r  1308   1259   1359   15
r  1451   1403   1354   15
r  1551   1402   1705   15
r  1459   1410   1457   15
r  1555   1454   1705   15
r  231   83   31   15
r  181   83   233   15
r  972   871   921   15
r  1658   1759   1809   15
r  330   278   381   15
r  727   778   626   15
r  32   83   233   15
r  283   285   83   15
r  134   86   83   15
r  183   132   138   15
r  34   83   233   15
r  335   337   233   15
r  1264   1266   1364   15
r  1317   1165   1215   15
r  1514   1565   1463   15
r  1365   1317   1215   15
r  1758   1807   1705   15
r  1903   2002   1705   15
r  1954   2003   1705   15
r  1906   2058   1705   15
r  1757   1859   1705   15
r  1808   1810   1705   15
r  2003   2054   1705   15
r  2001   2003   1705   15
r  1656   1755   1654   15
r  1708   1809   1759   15
r  1659   1759   1710   15
r  678   629   727   15
r  728   726   779   15
r  332   432   383   15
r  185   83   138   15
r  1270   1219   1322   15
r  1174   1322   1077   15
r  928   979   926   15
r  1516   1567   1616   15
r  1851   1705   1951   15
r  1952   2001   1903   15
r  2052   2404   2152   15
r  1951   1903   2003   15
r  2004   2052   2407   15
r  2053   2152   2407   15
r  2051   2202   2404   15
r  1612   1661   1616   15
r  37   138   186   15
r  188   87   186   15
r  191   339   86   15
r  89   87   86   15
r  39   86   87   15
r  238   339   86   15
r  36   87   138   15
r  90   86   138   15
r  240   288   138   15
r  192   247   138   15
r  339   388   138   15
r  292   339   138   15
r  341   441   138   15
r  389   391   138   15
r  830   776   979   15
r  1472   1520   1524   15
r  929   829   978   15
r  1176   1178   1127   15
r  1957   1705   2058   15
r  2106   2404   2152   15
r  2056   2058   2404   15
r  2054   2407   2404   15
r  2103   2404   2152   15
r  2101   2407   2152   15
r  1909   2010   1957   15
r  1711   1811   1764   15
r  485   432   584   15
r  732   783   631   15
r  633   582   581   15
r  187   138   87   15
r  40   138   86   15
r  293   138   86   15
r  42   347   247   15
r  92   149   98   15
r  142   98   149   15
r  193   247   98   15
r  244   98   247   15
r  344   98   247   15
r  1375   1377   1327   15
r  1426   1428   1325   15
r  1573   1524   1473   15
r  882   782   979   15
r  1665   1567   1716   15
r  2205   2104   2407   15
r  2105   2404   2407   15
r  2406   2152   2404   15
r  2255   2152   2404   15
r  2455   2404   2152   15
r  2402   2152   2404   15
r  2251   2404   2152   15
r  2453   2152   2404   15
r  2259   2159   2404   15
r  2303   2152   2404   15
r  2204   2152   2404   15
r  2356   2404   2152   15
r  2456   2404   2152   15
r  2358   2404   2152   15
r  2352   2404   2152   15
r  2104   2404   2152   15
r  2452   2152   2404   15
r  2353   2152   2404   15
r  2203   2152   2404   15
r  2201   2404   2152   15
r  2351   2357   2404   15
r  2206   2152   2407   15
r  2157   2152   2407   15
r  2258   2152   2407   15
r  2401   2152   2407   15
r  2252   2152   2407   15
r  2307   2404   2407   15
r  2459   2404   2407   15
r  2155   2152   2407   15
r  2305   2152   2407   15
r  2208   2152   2407   15
r  2304   2407   2404   15
r  2154   2407   2404   15
r  2355   2407   2404   15
r  2309   2407   2404   15
r  2451   2407   2404   15
r  2254   2407   2404   15
r  2257   2407   2152   15
r  2308   2407   2152   15
r  2460   2407   2152   15
r  2458   2407   2152   15
r  2302   2407   2152   15
r  2409   2407   2152   15
r  2256   2407   2152   15
r  2306   2407   2152   15
r  2359   2407   2152   15
r  2310   2407   2404   15
r  685   632   584   15
r  294   149   98   15
r  43   247   149   15
r  93   98   149   15
r  143   98   247   15
r  194   149   247   15
r  245   149   98   15
r  49   149   98   15
r  44   98   149   15
r  94   149   98   15
r  196   98   149   15
r  249   98   149   15
r  399   98   149   15
r  398   98   149   15
r  397   149   98   15
r  296   149   98   15
r  450   149   98   15
r  295   98   247   15
r  345   149   247   15
r  250   149   247   15
r  348   149   247   15
r  50   98   247   15
r  45   149   247   15
r  198   149   247   15
r  349   98   247   15
r  100   149   247   15
r  200   98   247   15
r  96   98   247   15
r  299   196   247   15
r  46   149   247   15
r  95   149   247   15
r  394   445   98   15
r  1969   2121   2016   15
r  2110   2212   2210   15
r  2411   2313   2414   15
r  2212   2414   2313   15
r  786   835   935   15
r  885   785   834   15
r  396   247   149   15
r  395   247   149   15
r  300   247   149   15
r  145   247   149   15
r  448   397   149   15
r  400   247   149   15
r  350   247   149   15
r  347   247   98   15
r  146   247   98   15
r  144   247   98   15
r  47   247   98   15
r  195   247   98   15
r  346   247   98   15
r  298   247   98   15
r  449   548   149   15
r  495   444   644   15
r  2019   2068   2016   15
r  2361   2363   2313   15
r  2213   2313   2414   15
r  2214   2414   2313   15
r  2068   2117   2016   15
r  2166   2169   2016   15
r  494   594   644   15
r  596   644   548   15
r  593   644   642   15
r  647   498   644   15
r  1136   1085   1035   15
r  1186   1035   1084   15
r  1971   1922   1772   15
r  1921   1820   1772   15
r  1973   2073   1772   15
r  2467   2418   2414   15
r  2216   2116   2414   15
r  2265   2314   2414   15
r  2217   2266   2313   15
r  2215   2414   2313   15
r  2416   2414   2313   15
r  2419   2414   2313   15
r  2270   2322   2313   15
r  2368   2313   2414   15
r  2469   2418   2414   15
r  2318   2269   2414   15
r  939   988   937   15
r  600   548   499   15
r  698   800   797   15
r  650   550   498   15
r  750   548   498   15
r  648   498   549   15
r  796   896   848   15
r  1632   1581   1580   15
r  1631   1680   1730   15
r  1286   1335   1383   15
r  2121   2073   2223   15
r  2220   2271   2173   15
r  2470   2423   2421   15
r  992   1041   989   15
r  1090   1088   1142   15
r  2422   2374   2417   15
r  2373   2371   2417   15
r  2370   2421   2374   15
r  2421   2417   2374   15
r  2325   2381   2429   15
r  2275   2223   2381   15
r  1045   996   797   15
r  798   949   749   15
r  999   1050   848   15
r  1000   947   848   15
r  1049   1095   797   15
r  1099   1047   797   15
r  850   797   949   15
r  1978   1881   1829   15
r  1929   1878   1828   15
r  2276   2327   2381   15
r  2372   2374   2429   15
r  2425   2374   2429   15
r  2376   2327   2429   15
r  2326   2429   2381   15
r  1243   1143   1142   15
r  1146   1296   1199   15
r  1148   1197   1296   15
r  1149   1296   1349   15
r  1784   1837   1836   15
r  1390   1338   1341   15
r  1391   1389   1440   15
r  2226   2327   2429   15
r  2426   2429   2327   15
r  2379   2381   2327   15
r  2428   2477   2381   15
r  2228   2177   2381   15
r  2329   2381   2429   15
r  2279   2381   2429   15
r  2427   2429   2327   15
r  2278   2429   2380   15
r  2181   2281   2132   15
r  1346   1394   1197   15
r  1198   1196   1349   15
r  1150   1198   1197   15
r  1248   1349   1296   15
r  1299   1348   1296   15
r  1885   1837   1984   15
r  2433   2386   2335   15
r  1345   1396   1496   15
r  1200   1249   1449   15
r  1445   1496   1344   15
r  1298   1349   1449   15
r  1300   1197   1349   15
r  1399   1448   1549   15
r  1936   2085   1836   15
r  2487   2335   2386   15
r  2437   2386   2434   15
r  1495   1546   1394   15
r  1500   1449   1649   15
r  1497   1598   1449   15
r  1597   1595   1649   15
r  1749   1647   1549   15
r  1799   1999   1549   15
r  2438   2434   2347   15
r  2186   2138   2393   15
r  2188   2137   2393   15
r  1545   1594   1644   15
r  1600   1549   1647   15
r  1800   1549   1899   15
r  1899   1798   2148   15
r  1797   1549   1999   15
r  1942   1990   2041   15
r  2139   2393   2347   15
r  2339   2390   2347   15
r  2439   2491   2347   15
r  2289   2340   2347   15
r  2442   2347   2393   15
r  1695   1595   1594   15
r  2198   2393   2347   15
r  2099   2148   1999   15
r  1950   1999   2049   15
r  2140   2189   2393   15
r  2190   2041   2393   15
r  2193   2141   2347   15
r  2144   2044   2393   15
r  2244   2293   2347   15
r  2192   2243   2347   15
r  2242   2244   2347   15
r  2290   2394   2347   15
r  2345   2394   2347   15
r  2300   2449   2347   15
r  2291   2342   2393   15
r  2245   2347   2393   15
r  2295   2347   2393   15
r  2494   2347   2393   15
r  2298   2347   2393   15
r  2500   2347   2393   15
r  2200   2249   2393   15
r  2146   2047   2393   15
r  2145   2096   2393   15
r  2044   2046   2393   15
r  2293   2241   2347   15
r  2497   2393   2449   15
r  2197   2393   2347   15
r  2195   2393   2347   15
r  2191   2393   2347   15
r  2097   1999   2148   15
r  1   153   54   16
r  51   154   153   16
r  2   102   54   16
r  154   105   2   16
r  101   54   154   16
r  52   154   54   16
r  3   54   153   16
r  204   54   302   16
r  201   54   153   16
r  303   54   153   16
r  257   153   54   16
r  156   54   153   16
r  106   153   54   16
r  254   153   54   16
r  202   153   54   16
r  302   54   153   16
r  206   153   54   16
r  404   503   54   16
r  352   153   154   16
r  151   153   154   16
r  401   54   154   16
r  301   54   154   16
r  6   110   154   16
r  207   54   154   16
r  57   154   153   16
r  251   154   153   16
r  403   154   153   16
r  305   354   153   16
r  351   154   54   16
r  205   154   54   16
r  102   154   54   16
r  252   154   54   16
r  256   154   54   16
r  308   357   54   16
r  307   154   153   16
r  354   553   503   16
r  355   353   553   16
r  452   503   553   16
r  158   110   163   16
r  405   503   553   16
r  160   61   163   16
r  208   111   163   16
r  9   160   110   16
r  508   557   553   16
r  8   160   163   16
r  501   504   553   16
r  209   110   163   16
r  558   556   660   16
r  458   407   503   16
r  606   504   553   16
r  653   651   553   16
r  62   160   163   16
r  63   160   163   16
r  112   160   110   16
r  261   263   110   16
r  264   364   110   16
r  13   68   163   16
r  212   313   163   16
r  15   67   163   16
r  654   553   752   16
r  556   607   660   16
r  651   752   853   16
r  703   954   752   16
r  414   365   315   16
r  563   662   711   16
r  262   313   314   16
r  702   954   853   16
r  754   853   954   16
r  804   906   954   16
r  806   809   954   16
r  1003   954   752   16
r  955   906   752   16
r  1006   954   752   16
r  905   853   752   16
r  755   752   954   16
r  812   814   712   16
r  166   69   68   16
r  122   173   68   16
r  118   69   67   16
r  22   69   67   16
r  218   68   67   16
r  222   68   67   16
r  270   67   68   16
r  120   67   68   16
r  72   67   68   16
r  73   67   68   16
r  904   752   853   16
r  1004   752   853   16
r  956   1007   853   16
r  901   752   853   16
r  1001   853   1154   16
r  951   752   954   16
r  906   857   954   16
r  1005   956   954   16
r  1055   1154   954   16
r  860   961   909   16
r  666   717   568   16
r  566   617   664   16
r  467   516   568   16
r  715   816   815   16
r  174   225   127   16
r  124   76   128   16
r  221   269   371   16
r  1153   1204   1053   16
r  1253   1353   1154   16
r  1151   1102   1154   16
r  1058   1160   1110   16
r  1101   1154   1152   16
r  910   962   912   16
r  468   517   519   16
r  471   519   518   16
r  469   467   518   16
r  368   419   518   16
r  817   815   765   16
r  125   225   76   16
r  25   127   177   16
r  128   27   79   16
r  274   272   321   16
r  24   124   127   16
r  324   273   371   16
r  176   225   74   16
r  225   76   127   16
r  1251   1354   1403   16
r  1303   1403   1354   16
r  1060   1160   1161   16
r  964   1066   966   16
r  623   724   670   16
r  80   76   128   16
r  28   128   76   16
r  27   76   177   16
r  26   128   127   16
r  130   76   127   16
r  30   127   76   16
r  325   425   328   16
r  1208   1311   1259   16
r  1302   1403   1354   16
r  1352   1354   1251   16
r  1351   1402   1354   16
r  1401   1252   1403   16
r  1451   1354   1353   16
r  1016   1014   916   16
r  1116   916   1014   16
r  1015   964   966   16
r  918   866   1066   16
r  967   1014   1066   16
r  871   922   970   16
r  81   83   232   16
r  131   83   233   16
r  31   83   132   16
r  375   377   328   16
r  426   375   328   16
r  1261   1263   1259   16
r  1210   1161   1259   16
r  1308   1407   1259   16
r  1212   1161   1259   16
r  1503   1402   1705   16
r  1504   1602   1705   16
r  1551   1602   1652   16
r  1557   1505   1608   16
r  82   181   233   16
r  32   132   83   16
r  1554   1603   1705   16
r  1658   1709   1705   16
r  1606   1507   1705   16
r  527   579   578   16
r  775   724   777   16
r  1217   1316   1215   16
r  1121   1221   1322   16
r  330   381   432   16
r  331   380   432   16
r  281   232   432   16
r  183   138   181   16
r  134   138   233   16
r  235   233   83   16
r  1802   1705   1901   16
r  1756   1807   1705   16
r  1851   1903   1705   16
r  1907   2058   1705   16
r  1858   1807   1705   16
r  1952   2003   1705   16
r  1951   2003   1705   16
r  629   527   529   16
r  729   780   776   16
r  878   778   776   16
r  1222   1122   1270   16
r  1027   926   979   16
r  382   333   433   16
r  332   381   432   16
r  2052   2407   2404   16
r  2004   2407   2404   16
r  2051   2404   2152   16
r  1661   1562   1762   16
r  1517   1616   1716   16
r  1565   1664   1716   16
r  1371   1322   1270   16
r  1472   1524   1525   16
r  1177   1276   1325   16
r  37   186   138   16
r  89   86   141   16
r  241   141   86   16
r  190   141   86   16
r  39   87   86   16
r  289   340   86   16
r  192   141   86   16
r  339   288   86   16
r  287   185   138   16
r  187   86   138   16
r  40   86   138   16
r  291   340   138   16
r  340   389   138   16
r  1566   1515   1715   16
r  2058   1958   2404   16
r  2106   2152   2404   16
r  2056   2054   2407   16
r  2156   2207   2407   16
r  2054   2105   2152   16
r  2103   2407   2404   16
r  2101   2152   2407   16
r  1761   1759   1764   16
r  1568   1667   1616   16
r  880   979   978   16
r  881   930   978   16
r  1376   1428   1327   16
r  141   138   86   16
r  290   138   86   16
r  42   98   149   16
r  92   247   149   16
r  244   149   98   16
r  344   247   98   16
r  1766   1969   1868   16
r  1667   1567   1616   16
r  1668   1616   1567   16
r  2107   2158   2152   16
r  2205   2407   2404   16
r  2105   2152   2404   16
r  2307   2407   2404   16
r  2304   2404   2407   16
r  2154   2404   2407   16
r  2254   2404   2407   16
r  2455   2407   2404   16
r  2460   2404   2407   16
r  2251   2407   2404   16
r  2356   2407   2404   16
r  2456   2407   2404   16
r  2352   2407   2404   16
r  2409   2404   2407   16
r  2306   2404   2407   16
r  2359   2404   2407   16
r  2406   2357   2152   16
r  2402   2404   2152   16
r  2453   2407   2152   16
r  2303   2407   2152   16
r  2204   2404   2152   16
r  2452   2407   2152   16
r  2353   2407   2152   16
r  2301   2404   2152   16
r  2203   2407   2152   16
r  2351   2407   2152   16
r  2206   2404   2152   16
r  2157   2404   2152   16
r  2258   2407   2152   16
r  2252   2407   2152   16
r  2305   2404   2152   16
r  2255   2407   2152   16
r  2360   2311   2152   16
r  2259   2407   2152   16
r  2155   2407   2152   16
r  2401   2407   2152   16
r  2256   2152   2407   16
r  2302   2152   2407   16
r  2257   2152   2407   16
r  2458   2152   2407   16
r  2308   2152   2407   16
r  2451   2152   2407   16
r  2355   2152   2407   16
r  2309   2152   2407   16
r  2410   2152   2404   16
r  2209   2407   2404   16
r  2104   2152   2404   16
r  2201   2152   2404   16
r  2459   2152   2404   16
r  2158   2407   2404   16
r  2358   2152   2404   16
r  2208   2407   2404   16
r  2260   2159   2407   16
r  1569   1620   1571   16
r  734   835   834   16
r  1081   978   1084   16
r  294   98   149   16
r  43   149   247   16
r  93   149   98   16
r  194   98   149   16
r  245   98   149   16
r  49   98   149   16
r  44   149   98   16
r  399   149   98   16
r  398   149   98   16
r  397   98   149   16
r  295   149   98   16
r  345   98   149   16
r  250   98   149   16
r  50   149   98   16
r  45   98   149   16
r  349   149   98   16
r  100   98   149   16
r  95   98   149   16
r  396   149   247   16
r  447   149   247   16
r  300   98   247   16
r  448   149   247   16
r  400   149   247   16
r  350   149   247   16
r  347   98   247   16
r  146   149   247   16
r  144   149   247   16
r  47   149   247   16
r  346   98   247   16
r  298   149   247   16
r  449   149   247   16
r  394   98   247   16
r  195   98   247   16
r  145   149   247   16
r  1719   1770   1818   16
r  2210   2159   2414   16
r  2411   2414   2313   16
r  2261   2210   2414   16
r  1914   1965   2016   16
r  1626   1674   1577   16
r  590   543   642   16
r  200   247   98   16
r  96   247   98   16
r  196   247   98   16
r  249   247   98   16
r  94   247   149   16
r  296   247   149   16
r  450   247   149   16
r  348   247   149   16
r  198   247   149   16
r  46   247   149   16
r  500   548   98   16
r  548   444   98   16
r  491   643   644   16
r  492   644   642   16
r  1866   1769   1818   16
r  1869   1767   1769   16
r  1721   1770   1772   16
r  2211   2360   2160   16
r  2112   2061   2414   16
r  2162   2313   2414   16
r  2213   2414   2313   16
r  2214   2313   2414   16
r  1919   1971   2016   16
r  2118   2169   2016   16
r  687   736   839   16
r  640   740   739   16
r  836   734   935   16
r  1776   1727   1772   16
r  1382   1380   1431   16
r  1134   1235   1187   16
r  1035   1135   1187   16
r  1235   1187   1085   16
r  1184   1035   1186   16
r  550   498   650   16
r  549   649   644   16
r  650   498   549   16
r  600   499   548   16
r  750   649   548   16
r  596   548   644   16
r  646   496   644   16
r  648   548   498   16
r  647   548   498   16
r  699   599   498   16
r  593   693   644   16
r  697   748   644   16
r  2022   1973   1772   16
r  1970   1972   1772   16
r  2365   2313   2417   16
r  2316   2313   2314   16
r  2368   2417   2313   16
r  2469   2417   2313   16
r  2317   2313   2414   16
r  2215   2313   2414   16
r  2417   2370   2414   16
r  2369   2417   2414   16
r  2419   2416   2417   16
r  2318   2414   2313   16
r  2169   2220   2223   16
r  837   888   839   16
r  890   789   841   16
r  939   937   839   16
r  843   792   839   16
r  1632   1680   1728   16
r  749   698   848   16
r  793   996   797   16
r  2024   2174   1922   16
r  2269   2370   2417   16
r  2219   2171   2223   16
r  2422   2371   2374   16
r  2320   2223   2423   16
r  1093   1195   1142   16
r  893   944   993   16
r  1731   1682   1581   16
r  1384   1335   1285   16
r  1437   1435   1383   16
r  799   848   949   16
r  850   949   797   16
r  995   946   797   16
r  1097   996   797   16
r  1095   998   797   16
r  1100   998   797   16
r  897   949   999   16
r  2471   2370   2374   16
r  2421   2423   2370   16
r  2424   2274   2381   16
r  2372   2429   2374   16
r  2472   2423   2371   16
r  2375   2424   2381   16
r  2325   2429   2381   16
r  2474   2274   2429   16
r  1879   1928   1979   16
r  1635   1637   1485   16
r  1140   1191   1142   16
r  1192   1143   1189   16
r  998   797   848   16
r  1149   1197   1296   16
r  1150   1296   1196   16
r  2326   2377   2429   16
r  1146   1199   1296   16
r  2129   2027   2180   16
r  1882   1831   1836   16
r  2426   2381   2429   16
r  2379   2327   2381   16
r  2480   2381   2327   16
r  2329   2327   2381   16
r  2331   2329   2429   16
r  2427   2381   2429   16
r  2278   2381   2429   16
r  2431   2429   2327   16
r  2478   2429   2327   16
r  1245   1197   1349   16
r  1834   1836   1933   16
r  1248   1296   1349   16
r  1347   1449   1549   16
r  1498   1549   1649   16
r  1298   1249   1349   16
r  1499   1398   1349   16
r  1648   1549   1349   16
r  1250   1349   1296   16
r  2281   2333   2183   16
r  2433   2335   2386   16
r  1838   1741   1840   16
r  1492   1494   1394   16
r  1398   1349   1649   16
r  1500   1549   1647   16
r  1550   1648   1598   16
r  1600   1647   1549   16
r  2287   2338   2386   16
r  2286   2288   2386   16
r  2437   2334   2386   16
r  2438   2393   2434   16
r  2136   2234   2434   16
r  2436   2434   2393   16
r  2184   1983   2132   16
r  2085   2134   2033   16
r  1642   1540   1741   16
r  1940   2041   1989   16
r  1800   1899   1999   16
r  1849   1999   1949   16
r  2338   2393   2347   16
r  2288   2388   2393   16
r  2489   2442   2347   16
r  2238   2189   2393   16
r  2091   2089   2393   16
r  1743   1792   1595   16
r  1842   1891   1943   16
r  2139   2347   2393   16
r  1850   1899   2148   16
r  1847   1999   1899   16
r  1848   1549   1999   16
r  2147   2048   2393   16
r  2047   2148   1899   16
r  1948   1997   2148   16
r  1950   2148   1999   16
r  2097   2099   1999   16
r  2050   1998   1997   16
r  2099   1999   2148   16
r  2098   1999   1997   16
r  2390   2393   2347   16
r  2239   2188   2393   16
r  2498   2393   2449   16
r  2497   2449   2393   16
r  2197   2246   2393   16
r  2191   2142   2393   16
r  2143   2041   2347   16
r  2442   2490   2347   16
r  2240   2340   2347   16
r  2140   2393   2347   16
r  2142   2091   2347   16
r  2292   2441   2347   16
r  2194   2393   2347   16
r  2241   2393   2347   16
r  2196   2393   2347   16
r  2245   2393   2347   16
r  2295   2393   2347   16
r  2494   2449   2347   16
r  2298   2393   2347   16
r  2500   2393   2347   16
r  2141   2393   2347   16
r  2144   2142   2347   16
r  2146   2393   2347   16
r  2195   2347   2393   16
r  1996   2196   2393   16
r  2043   1994   2393   16
r  2094   2045   2393   16
r  1994   1996   2393   16
r  2096   1999   2148   16
r  1   154   153   17
r  101   153   54   17
r  52   54   154   17
r  3   153   54   17
r  53   153   253   17
r  57   153   154   17
r  402   154   153   17
r  103   154   152   17
r  157   154   153   17
r  251   153   154   17
r  108   154   163   17
r  357   256   153   17
r  305   153   154   17
r  351   153   154   17
r  254   154   153   17
r  201   154   54   17
r  303   153   54   17
r  156   154   54   17
r  107   153   54   17
r  306   153   54   17
r  56   153   54   17
r  204   302   54   17
r  354   454   54   17
r  302   153   54   17
r  252   54   154   17
r  102   54   154   17
r  205   54   154   17
r  105   54   154   17
r  5   54   153   17
r  106   54   153   17
r  255   54   153   17
r  202   54   153   17
r  206   54   153   17
r  401   154   153   17
r  301   154   153   17
r  207   154   153   17
r  404   54   553   17
r  256   54   154   17
r  307   153   154   17
r  452   553   154   17
r  7   110   154   17
r  58   9   163   17
r  158   163   110   17
r  406   553   503   17
r  457   553   503   17
r  408   457   553   17
r  355   456   503   17
r  59   163   160   17
r  556   660   553   17
r  607   660   553   17
r  656   660   553   17
r  159   260   163   17
r  214   261   110   17
r  215   67   110   17
r  64   67   110   17
r  13   67   110   17
r  211   110   163   17
r  261   110   163   17
r  65   68   163   17
r  209   163   110   17
r  654   752   853   17
r  651   954   752   17
r  15   163   67   17
r  462   459   460   17
r  855   954   853   17
r  804   954   853   17
r  755   954   752   17
r  904   853   752   17
r  805   954   752   17
r  901   954   752   17
r  851   853   752   17
r  907   958   752   17
r  951   954   752   17
r  1002   1154   752   17
r  701   752   954   17
r  658   758   709   17
r  16   69   18   17
r  269   318   68   17
r  123   119   68   17
r  120   171   67   17
r  72   68   67   17
r  270   219   67   17
r  218   67   68   17
r  754   752   853   17
r  1003   752   954   17
r  1056   1004   853   17
r  1001   1154   853   17
r  1005   954   853   17
r  1055   1057   853   17
r  857   752   853   17
r  1104   1153   954   17
r  1103   1154   954   17
r  1108   1159   954   17
r  1008   959   1110   17
r  466   518   568   17
r  174   75   76   17
r  124   128   127   17
r  23   75   25   17
r  272   323   371   17
r  323   372   371   17
r  74   225   127   17
r  1101   1153   1154   17
r  1153   1102   1054   17
r  1157   1106   1259   17
r  1251   1402   1154   17
r  859   912   861   17
r  566   665   568   17
r  175   76   127   17
r  25   177   127   17
r  24   76   177   17
r  324   371   321   17
r  75   127   128   17
r  1201   1154   1152   17
r  1303   1402   1403   17
r  1301   1402   1403   17
r  1059   1110   1111   17
r  1310   1210   1258   17
r  1211   1259   1310   17
r  1061   1110   960   17
r  667   568   768   17
r  914   1066   966   17
r  868   973   768   17
r  569   520   518   17
r  520   420   568   17
r  80   128   76   17
r  27   177   76   17
r  29   76   25   17
r  30   76   127   17
r  26   127   128   17
r  130   127   76   17
r  325   328   373   17
r  1162   1311   1259   17
r  1404   1302   1402   17
r  1452   1503   1353   17
r  1351   1403   1402   17
r  915   1014   1066   17
r  964   966   1066   17
r  180   231   233   17
r  131   233   83   17
r  525   576   527   17
r  1505   1606   1705   17
r  1556   1605   1457   17
r  1117   1066   966   17
r  919   921   970   17
r  920   771   871   17
r  821   921   773   17
r  279   230   432   17
r  231   31   83   17
r  232   83   183   17
r  32   83   132   17
r  377   325   328   17
r  674   676   625   17
r  1559   1508   1457   17
r  1557   1506   1705   17
r  1415   1366   1466   17
r  1315   1214   1266   17
r  1266   1214   1164   17
r  1167   1067   1065   17
r  1017   966   965   17
r  330   279   379   17
r  34   181   83   17
r  528   679   629   17
r  580   679   632   17
r  679   730   529   17
r  629   529   527   17
r  1802   1901   1705   17
r  1660   1761   1705   17
r  1664   1616   1716   17
r  1614   1663   1716   17
r  1518   1520   1469   17
r  1170   1219   1118   17
r  1071   1022   921   17
r  1123   1022   921   17
r  775   777   676   17
r  385   283   432   17
r  534   634   432   17
r  185   183   86   17
r  336   388   138   17
r  2052   2152   2407   17
r  2005   2007   2152   17
r  2051   2152   2404   17
r  2006   1957   2152   17
r  1713   1863   1762   17
r  1668   1567   1616   17
r  1618   1567   1716   17
r  86   186   288   17
r  90   141   86   17
r  187   87   86   17
r  291   389   86   17
r  141   86   138   17
r  290   86   138   17
r  342   391   138   17
r  390   341   138   17
r  287   138   86   17
r  338   138   86   17
r  237   138   87   17
r  681   632   683   17
r  2156   2407   2404   17
r  2054   2152   2407   17
r  2103   2404   2407   17
r  2101   2407   2152   17
r  1174   1077   1327   17
r  1075   1077   978   17
r  89   138   86   17
r  41   138   86   17
r  92   149   247   17
r  193   98   247   17
r  244   247   149   17
r  344   149   247   17
r  734   834   935   17
r  2107   2152   2404   17
r  2205   2404   2407   17
r  2108   2157   2152   17
r  2105   2404   2152   17
r  2106   2007   2152   17
r  2256   2407   2152   17
r  2155   2152   2407   17
r  2308   2407   2152   17
r  2451   2407   2152   17
r  2353   2152   2407   17
r  2351   2152   2407   17
r  2255   2152   2407   17
r  2309   2407   2152   17
r  2251   2152   2407   17
r  2456   2152   2407   17
r  2104   2407   2152   17
r  2201   2407   2152   17
r  2459   2407   2152   17
r  2158   2360   2407   17
r  2208   2159   2152   17
r  2304   2407   2404   17
r  2154   2152   2404   17
r  2460   2407   2404   17
r  2409   2152   2404   17
r  2306   2407   2404   17
r  2359   2152   2404   17
r  2402   2407   2404   17
r  2204   2152   2404   17
r  2301   2407   2404   17
r  2206   2152   2404   17
r  2305   2152   2404   17
r  2254   2152   2404   17
r  2157   2152   2404   17
r  2410   2404   2152   17
r  2358   2404   2152   17
r  2458   2404   2152   17
r  2302   2404   2152   17
r  2355   2404   2152   17
r  2307   2404   2407   17
r  2455   2404   2407   17
r  2356   2404   2407   17
r  2352   2404   2407   17
r  2303   2404   2407   17
r  2452   2404   2407   17
r  2203   2404   2407   17
r  2258   2404   2407   17
r  2360   2260   2407   17
r  2259   2404   2407   17
r  2401   2404   2407   17
r  2453   2404   2407   17
r  1869   1769   1867   17
r  1423   1573   1474   17
r  880   929   979   17
r  587   536   688   17
r  294   247   98   17
r  42   247   98   17
r  93   98   149   17
r  143   247   98   17
r  194   149   98   17
r  245   196   98   17
r  49   149   98   17
r  44   98   149   17
r  399   98   149   17
r  398   98   149   17
r  397   149   98   17
r  295   98   149   17
r  345   149   98   17
r  250   149   98   17
r  45   149   98   17
r  349   98   149   17
r  100   149   98   17
r  95   149   98   17
r  396   98   149   17
r  447   98   149   17
r  146   98   149   17
r  298   98   149   17
r  195   149   98   17
r  145   98   149   17
r  200   149   247   17
r  96   149   247   17
r  196   98   247   17
r  249   149   247   17
r  395   98   247   17
r  94   149   247   17
r  296   149   247   17
r  450   149   247   17
r  348   149   247   17
r  46   98   247   17
r  198   98   247   17
r  394   247   98   17
r  590   642   644   17
r  785   935   834   17
r  2260   2407   2313   17
r  1963   2062   2016   17
r  2111   2212   2414   17
r  2411   2314   2414   17
r  2023   1922   1772   17
r  1823   1875   1922   17
r  1524   1423   1575   17
r  1425   1476   1473   17
r  1377   1276   1325   17
r  1276   1325   1127   17
r  1328   1281   1331   17
r  930   831   978   17
r  931   979   978   17
r  687   839   636   17
r  43   247   149   17
r  448   247   149   17
r  400   247   149   17
r  350   247   149   17
r  50   247   149   17
r  300   247   98   17
r  347   247   98   17
r  449   247   98   17
r  346   247   98   17
r  444   644   642   17
r  445   548   498   17
r  496   98   644   17
r  491   644   642   17
r  492   642   644   17
r  2211   2111   2313   17
r  2112   2414   2313   17
r  2362   2414   2417   17
r  2212   2209   2414   17
r  2165   2414   2016   17
r  2164   2066   2016   17
r  2113   2414   2313   17
r  2020   1972   1920   17
r  1429   1527   1329   17
r  1132   1081   1231   17
r  892   841   839   17
r  940   891   839   17
r  1041   989   839   17
r  550   548   498   17
r  649   498   549   17
r  650   549   498   17
r  597   644   498   17
r  647   498   548   17
r  795   695   797   17
r  744   642   643   17
r  593   642   641   17
r  794   645   644   17
r  747   795   644   17
r  1034   1036   1085   17
r  2316   2314   2313   17
r  2218   2267   2313   17
r  2317   2417   2313   17
r  2417   2420   2313   17
r  2213   2262   2414   17
r  2416   2313   2414   17
r  2318   2417   2414   17
r  2168   2219   2414   17
r  2465   2414   2417   17
r  2214   2414   2313   17
r  2365   2414   2313   17
r  2369   2414   2313   17
r  2468   2417   2313   17
r  2215   2414   2313   17
r  1975   2125   2073   17
r  2174   2125   2073   17
r  1677   1580   1680   17
r  1280   1331   1380   17
r  1332   1432   1383   17
r  843   839   841   17
r  1039   988   1084   17
r  1091   1140   1189   17
r  600   548   549   17
r  697   644   498   17
r  1136   1084   1085   17
r  1134   1185   1186   17
r  2470   2421   2417   17
r  2321   2370   2374   17
r  2271   2269   2222   17
r  2370   2374   2423   17
r  1978   2027   1828   17
r  1929   1828   2027   17
r  1232   1283   1183   17
r  996   941   797   17
r  1143   1194   1094   17
r  1096   995   797   17
r  945   845   797   17
r  894   943   797   17
r  998   848   797   17
r  799   949   848   17
r  798   897   998   17
r  895   995   797   17
r  897   999   848   17
r  849   949   1047   17
r  1000   848   1047   17
r  1235   1084   1186   17
r  2324   2424   2422   17
r  2474   2429   2423   17
r  2325   2381   2429   17
r  1782   1731   1836   17
r  1681   1581   1580   17
r  1195   1197   1349   17
r  1242   1291   1189   17
r  1291   1289   1142   17
r  949   797   897   17
r  1147   1198   1349   17
r  1150   1197   1349   17
r  2278   2380   2381   17
r  2481   2381   2327   17
r  2480   2327   2381   17
r  2329   2381   2327   17
r  2279   2327   2381   17
r  2427   2327   2381   17
r  2431   2327   2429   17
r  2478   2327   2429   17
r  2231   2183   2429   17
r  2426   2429   2381   17
r  1834   1887   1836   17
r  1489   1388   1390   17
r  1389   1341   1489   17
r  1296   1197   1349   17
r  1196   1244   1349   17
r  1247   1349   1147   17
r  2282   2231   2434   17
r  1737   1686   1836   17
r  1985   2036   1836   17
r  2034   1985   2132   17
r  1936   1836   1887   17
r  1638   1589   1741   17
r  1246   1198   1349   17
r  1397   1449   1296   17
r  1399   1348   1296   17
r  1348   1649   1296   17
r  1347   1349   1649   17
r  1648   1599   1549   17
r  1398   1649   1349   17
r  1497   1449   1349   17
r  1250   1296   1349   17
r  2236   2335   2434   17
r  2237   2188   2393   17
r  2438   2434   2386   17
r  1838   1840   1741   17
r  1687   1738   1741   17
r  1939   1991   1941   17
r  1491   1542   1443   17
r  1446   1495   1549   17
r  1443   1394   1344   17
r  1647   1649   1449   17
r  1500   1647   1549   17
r  1550   1649   1648   17
r  1750   1649   1699   17
r  1747   1794   1649   17
r  2338   2390   2393   17
r  2388   2437   2347   17
r  2288   2393   2347   17
r  2187   2138   2393   17
r  2238   2393   2347   17
r  1988   1887   2393   17
r  1740   1840   1890   17
r  1940   1989   2041   17
r  1990   1939   2039   17
r  1746   1897   1594   17
r  2189   2089   2393   17
r  2340   2292   2347   17
r  2044   1845   2347   17
r  2139   2188   2347   17
r  1996   2045   2347   17
r  2094   1944   2347   17
r  2198   1999   2393   17
r  2150   2148   2393   17
r  2047   1899   2393   17
r  2390   2347   2393   17
r  2498   2347   2393   17
r  2140   2347   2393   17
r  2194   2347   2393   17
r  2241   2142   2393   17
r  2196   2194   2393   17
r  2245   2347   2393   17
r  2295   2293   2393   17
r  2298   2347   2393   17
r  2500   2449   2393   17
r  2141   2241   2393   17
r  2093   1993   2393   17
r  2042   2143   2393   17
r  2096   2148   2393   17
r  2146   2347   2393   17
r  2048   1948   2393   17
r  1948   2148   2393   17
r  2190   2393   2347   17
r  2145   2393   2347   17
r  2195   2393   2347   17
r  2090   2141   2347   17
r  2045   2393   2347   17
r  1992   1941   2041   17
r  1645   1594   1643   17
r  1745   1594   1595   17
r  1695   1594   1595   17
r  1847   1899   1999   17
r  1949   2148   2098   17
r  1947   2148   1845   17
r  1900   2148   2049   17
r  1897   1845   1999   17
r  2099   2148   1999   17
r  2098   1997   1999   17
r  1946   1997   1999   17
r  1950   1999   2148   17
r  1898   1999   2148   17
r  1   153   154   18
r  51   54   154   18
r  101   54   153   18
r  52   153   54   18
r  3   154   153   18
r  4   154   253   18
r  53   154   153   18
r  402   153   154   18
r  251   154   153   18
r  356   154   553   18
r  357   153   154   18
r  257   154   153   18
r  351   154   153   18
r  254   153   154   18
r  201   153   154   18
r  56   9   154   18
r  354   503   154   18
r  252   154   54   18
r  102   154   54   18
r  205   154   54   18
r  106   153   54   18
r  255   154   54   18
r  202   154   54   18
r  401   353   54   18
r  301   153   54   18
r  207   255   54   18
r  307   358   54   18
r  7   109   54   18
r  105   154   54   18
r  5   153   54   18
r  206   153   54   18
r  454   553   54   18
r  107   54   153   18
r  302   54   153   18
r  151   54   153   18
r  57   54   153   18
r  103   54   154   18
r  405   353   154   18
r  157   54   154   18
r  403   54   154   18
r  156   54   154   18
r  406   503   154   18
r  456   553   154   18
r  256   154   153   18
r  208   163   153   18
r  452   154   553   18
r  457   503   553   18
r  404   154   503   18
r  108   54   110   18
r  158   160   163   18
r  209   160   163   18
r  556   553   503   18
r  653   752   853   18
r  656   604   660   18
r  9   110   160   18
r  64   163   160   18
r  10   163   160   18
r  62   163   160   18
r  112   163   160   18
r  59   160   163   18
r  211   163   110   18
r  164   215   110   18
r  212   315   110   18
r  703   853   954   18
r  662   613   711   18
r  262   315   163   18
r  65   163   68   18
r  702   802   954   18
r  855   853   954   18
r  804   853   954   18
r  952   853   954   18
r  1006   902   954   18
r  851   954   853   18
r  701   853   752   18
r  754   853   752   18
r  906   954   752   18
r  902   853   752   18
r  956   954   752   18
r  1001   853   752   18
r  1003   853   752   18
r  1104   1004   752   18
r  1004   853   752   18
r  709   660   757   18
r  658   660   758   18
r  757   660   853   18
r  755   752   954   18
r  951   752   954   18
r  805   752   954   18
r  901   752   954   18
r  905   752   853   18
r  904   752   853   18
r  957   954   853   18
r  1102   1154   853   18
r  465   416   315   18
r  613   513   561   18
r  266   315   68   18
r  1005   853   954   18
r  1106   1007   954   18
r  1103   954   1154   18
r  1201   1152   1154   18
r  218   68   67   18
r  271   371   67   18
r  272   221   67   18
r  367   319   67   18
r  72   67   68   18
r  317   368   568   18
r  859   908   912   18
r  517   617   568   18
r  273   271   321   18
r  419   318   518   18
r  1301   1354   1353   18
r  1352   1403   1354   18
r  1160   1311   1111   18
r  1312   1263   1214   18
r  1211   1310   1259   18
r  1302   1354   1403   18
r  1451   1402   1403   18
r  1351   1402   1403   18
r  717   664   765   18
r  570   519   518   18
r  175   127   128   18
r  274   321   371   18
r  324   321   371   18
r  374   524   323   18
r  75   225   127   18
r  1360   1259   1513   18
r  1502   1601   1551   18
r  1501   1403   1705   18
r  573   622   670   18
r  671   622   773   18
r  225   126   76   18
r  27   76   128   18
r  29   25   128   18
r  26   128   127   18
r  226   228   127   18
r  79   127   27   18
r  28   127   128   18
r  30   127   76   18
r  325   374   328   18
r  1414   1463   1515   18
r  1464   1413   1513   18
r  1016   916   965   18
r  1117   1065   1066   18
r  1017   968   966   18
r  919   970   921   18
r  81   232   83   18
r  131   133   233   18
r  31   233   83   18
r  1266   1164   1165   18
r  1316   1165   1215   18
r  1268   1219   1216   18
r  1851   1951   1903   18
r  1708   1759   1705   18
r  1659   1610   1705   18
r  872   921   970   18
r  922   971   871   18
r  279   228   328   18
r  32   132   83   18
r  1616   1665   1563   18
r  1663   1714   1716   18
r  1519   1568   1468   18
r  1853   1705   1652   18
r  2052   2404   2152   18
r  2053   2404   2152   18
r  2051   2407   2152   18
r  727   627   676   18
r  578   529   575   18
r  1022   1070   921   18
r  725   777   776   18
r  478   630   529   18
r  232   183   83   18
r  183   234   132   18
r  285   184   83   18
r  335   288   86   18
r  334   233   83   18
r  185   138   83   18
r  528   579   679   18
r  1568   1517   1716   18
r  1662   1616   1716   18
r  2059   2061   2404   18
r  2055   2058   2404   18
r  2156   2404   2407   18
r  1958   2007   2058   18
r  2103   2407   2404   18
r  2101   2404   2407   18
r  480   529   379   18
r  530   381   383   18
r  336   138   86   18
r  186   137   86   18
r  1767   1769   1866   18
r  1868   1769   1767   18
r  1371   1320   1322   18
r  1274   1223   1325   18
r  1273   1325   1322   18
r  2107   2407   2152   18
r  2205   2152   2404   18
r  2108   2152   2407   18
r  2060   1963   1960   18
r  2105   2152   2404   18
r  2106   2404   2407   18
r  2204   2404   2152   18
r  2206   2404   2152   18
r  2305   2404   2152   18
r  2154   2404   2152   18
r  2254   2404   2152   18
r  2257   2404   2152   18
r  2458   2152   2404   18
r  2302   2152   2404   18
r  2409   2404   2152   18
r  2355   2152   2404   18
r  2359   2404   2152   18
r  2307   2152   2404   18
r  2356   2152   2404   18
r  2456   2404   2152   18
r  2352   2152   2404   18
r  2303   2152   2404   18
r  2452   2152   2404   18
r  2351   2404   2152   18
r  2258   2152   2404   18
r  2155   2404   2152   18
r  2353   2404   2152   18
r  2256   2404   2407   18
r  2252   2404   2407   18
r  2308   2152   2407   18
r  2451   2404   2407   18
r  2104   2152   2407   18
r  2201   2152   2407   18
r  2459   2152   2407   18
r  2208   2404   2407   18
r  2460   2404   2407   18
r  2306   2152   2407   18
r  2402   2404   2407   18
r  2309   2152   2407   18
r  2304   2152   2407   18
r  2301   2152   2407   18
r  2209   2404   2407   18
r  2310   2404   2407   18
r  2455   2407   2404   18
r  2453   2407   2404   18
r  2203   2407   2404   18
r  2259   2407   2404   18
r  2401   2407   2404   18
r  2358   2407   2404   18
r  2251   2407   2152   18
r  2255   2407   2152   18
r  2157   2407   2152   18
r  731   630   632   18
r  928   926   980   18
r  534   432   436   18
r  343   391   86   18
r  141   341   86   18
r  342   291   86   18
r  338   86   138   18
r  293   192   138   18
r  89   86   138   18
r  41   191   138   18
r  287   86   138   18
r  337   286   138   18
r  237   86   138   18
r  189   86   186   18
r  292   138   86   18
r  40   138   86   18
r  290   138   86   18
r  732   631   684   18
r  833   782   935   18
r  1862   1813   2016   18
r  1871   1772   1770   18
r  1820   1871   1922   18
r  1819   1866   1816   18
r  1224   1326   1327   18
r  2260   2313   2414   18
r  932   930   978   18
r  931   978   979   18
r  536   436   688   18
r  243   138   98   18
r  92   247   149   18
r  344   247   149   18
r  193   149   98   18
r  42   149   247   18
r  883   834   885   18
r  2022   1922   1823   18
r  1623   1621   1772   18
r  1724   1672   1772   18
r  1523   1474   1525   18
r  1574   1474   1523   18
r  1228   1327   1325   18
r  2161   2212   2414   18
r  2211   2313   2414   18
r  2362   2417   2414   18
r  2163   2414   2313   18
r  2168   2414   2016   18
r  1179   1131   1130   18
r  686   688   839   18
r  244   98   247   18
r  93   247   98   18
r  394   149   247   18
r  345   98   149   18
r  143   149   247   18
r  194   247   149   18
r  590   489   642   18
r  295   247   98   18
r  43   98   247   18
r  836   935   834   18
r  2113   2313   2414   18
r  2162   2214   2313   18
r  2416   2418   2313   18
r  2465   2417   2414   18
r  2419   2417   2414   18
r  2214   2313   2414   18
r  2365   2313   2414   18
r  2468   2416   2414   18
r  2215   2313   2414   18
r  2369   2313   2414   18
r  2269   2417   2313   18
r  2418   2371   2313   18
r  2319   2317   2313   18
r  1232   1333   1131   18
r  1280   1329   1331   18
r  788   839   688   18
r  245   98   247   18
r  49   98   149   18
r  44   149   98   18
r  399   149   98   18
r  397   98   149   18
r  446   98   149   18
r  250   98   149   18
r  45   98   149   18
r  349   149   98   18
r  100   98   149   18
r  447   149   98   18
r  144   98   149   18
r  47   98   149   18
r  145   149   98   18
r  200   98   149   18
r  96   98   149   18
r  249   98   149   18
r  94   98   149   18
r  450   98   149   18
r  348   98   149   18
r  448   149   247   18
r  400   98   247   18
r  350   98   247   18
r  50   149   247   18
r  300   98   247   18
r  347   195   247   18
r  449   98   247   18
r  346   149   247   18
r  444   642   247   18
r  296   247   149   18
r  95   247   149   18
r  195   247   149   18
r  396   247   98   18
r  146   247   98   18
r  298   247   98   18
r  196   247   98   18
r  395   247   98   18
r  46   247   98   18
r  398   247   98   18
r  445   497   98   18
r  198   247   98   18
r  499   548   98   18
r  491   642   644   18
r  492   644   642   18
r  2074   2174   2025   18
r  1727   1678   1577   18
r  2470   2417   2374   18
r  2420   2423   2374   18
r  2320   2373   2371   18
r  2272   2223   2171   18
r  1134   1186   1185   18
r  1135   1186   1184   18
r  1037   1035   1085   18
r  1235   1186   1084   18
r  1136   1085   1084   18
r  639   688   839   18
r  543   644   540   18
r  690   641   644   18
r  497   548   644   18
r  550   650   548   18
r  598   498   650   18
r  597   498   644   18
r  593   641   642   18
r  647   548   498   18
r  1580   1631   1730   18
r  2421   2374   2423   18
r  2472   2374   2423   18
r  1185   1084   1187   18
r  941   839   1040   18
r  892   839   797   18
r  943   945   797   18
r  750   548   797   18
r  699   498   848   18
r  2127   2176   2027   18
r  2177   2276   2429   18
r  1882   1836   1780   18
r  1534   1482   1383   18
r  2376   2381   2327   18
r  893   993   797   18
r  994   1043   797   18
r  944   995   797   18
r  945   893   1047   18
r  846   795   848   18
r  899   848   1047   18
r  1000   1047   848   18
r  949   897   797   18
r  2329   2327   2381   18
r  2331   2426   2327   18
r  2431   2434   2327   18
r  2426   2381   2429   18
r  2482   2429   2327   18
r  2427   2429   2327   18
r  2281   2232   2381   18
r  2378   2429   2329   18
r  1982   2033   2132   18
r  1146   1197   1349   18
r  850   797   1047   18
r  1050   797   848   18
r  2332   2381   2434   18
r  1785   1737   1836   18
r  1936   1887   1836   18
r  2034   2132   2083   18
r  1291   1142   1391   18
r  1197   1349   1296   18
r  1199   1296   1349   18
r  2436   2438   2434   18
r  2338   2347   2386   18
r  1295   1197   1349   18
r  1346   1349   1449   18
r  1247   1147   1349   18
r  1300   1349   1296   18
r  1347   1649   1349   18
r  1498   1649   1549   18
r  1450   1249   1549   18
r  1500   1549   1349   18
r  1250   1349   1299   18
r  2438   2386   2393   18
r  2238   2347   2393   18
r  2288   2239   2393   18
r  2137   2288   2393   18
r  2088   2086   2393   18
r  1740   1789   1840   18
r  2089   2038   2347   18
r  1697   1547   1549   18
r  1646   1594   1549   18
r  2046   2095   2347   18
r  2091   2040   2347   18
r  2239   2139   2347   18
r  2150   1999   2347   18
r  2390   2291   2347   18
r  2245   2343   2347   18
r  2298   2449   2347   18
r  2138   2087   2393   18
r  2190   2090   2393   18
r  2145   2347   2393   18
r  2195   2347   2393   18
r  2090   2038   2393   18
r  2045   2347   2393   18
r  1995   1944   2393   18
r  1993   1895   2393   18
r  2099   1999   2393   18
r  2189   2393   2347   18
r  2042   2393   2347   18
r  2092   2393   2347   18
r  1600   1549   1598   18
r  1750   1549   1649   18
r  1849   1798   1999   18
r  2194   2393   2347   18
r  2498   2393   2347   18
r  2140   2393   2347   18
r  2095   2393   2347   18
r  2043   2393   2347   18
r  2147   2393   2347   18
r  2146   2393   2347   18
r  2047   2393   2347   18
r  2093   2393   2347   18
r  1997   1999   1899   18
r  2097   1999   2049   18
r  1898   2148   1999   18
r  1949   2098   2148   18
r  1848   1999   2148   18
r  1900   2049   2148   18
r  1950   2148   1999   18
r  1894   1946   1943   18
r  1897   1999   1946   18
r  1   154   153   19
r  51   154   54   19
r  101   153   54   19
r  52   154   153   19
r  3   153   154   19
r  4   153   154   19
r  53   253   154   19
r  251   153   154   19
r  304   154   153   19
r  305   154   153   19
r  257   153   154   19
r  202   153   154   19
r  301   253   154   19
r  107   153   54   19
r  151   153   54   19
r  6   160   54   19
r  57   154   54   19
r  103   152   54   19
r  157   154   54   19
r  403   154   54   19
r  156   154   54   19
r  256   307   54   19
r  258   207   54   19
r  404   553   54   19
r  455   503   54   19
r  302   153   54   19
r  501   553   54   19
r  252   54   154   19
r  102   54   154   19
r  105   54   154   19
r  255   54   154   19
r  351   54   154   19
r  402   54   153   19
r  352   54   153   19
r  201   54   153   19
r  106   54   153   19
r  206   54   153   19
r  303   54   153   19
r  56   54   153   19
r  354   54   503   19
r  353   54   154   19
r  308   54   154   19
r  452   553   154   19
r  355   553   154   19
r  451   503   154   19
r  8   163   160   19
r  108   163   160   19
r  259   110   163   19
r  454   54   553   19
r  405   154   503   19
r  456   154   553   19
r  556   706   553   19
r  9   163   110   19
r  59   163   160   19
r  211   110   163   19
r  11   163   160   19
r  261   315   110   19
r  653   553   752   19
r  705   853   954   19
r  651   853   954   19
r  558   503   758   19
r  654   605   752   19
r  10   110   163   19
r  64   110   163   19
r  62   110   163   19
r  112   110   163   19
r  63   110   160   19
r  262   163   315   19
r  703   954   853   19
r  755   954   752   19
r  760   809   711   19
r  658   709   660   19
r  952   954   853   19
r  851   853   954   19
r  754   954   853   19
r  902   954   853   19
r  956   853   954   19
r  1001   954   853   19
r  1003   954   853   19
r  1104   954   853   19
r  951   853   752   19
r  901   954   752   19
r  905   853   752   19
r  904   802   752   19
r  65   67   69   19
r  316   465   365   19
r  217   67   66   19
r  857   806   954   19
r  957   908   954   19
r  1102   1202   1154   19
r  1005   1056   853   19
r  1051   853   954   19
r  1103   1154   954   19
r  1251   1403   954   19
r  1052   1154   954   19
r  1105   1153   954   19
r  218   71   68   19
r  73   173   67   19
r  72   68   67   19
r  223   124   67   19
r  221   270   67   19
r  320   172   67   19
r  172   67   68   19
r  222   67   68   19
r  814   765   768   19
r  1203   1252   1403   19
r  1352   1354   1403   19
r  319   371   270   19
r  124   127   76   19
r  23   76   127   19
r  271   67   371   19
r  371   222   374   19
r  272   67   321   19
r  914   1014   1066   19
r  1312   1214   1363   19
r  1212   1259   1311   19
r  1351   1403   1402   19
r  1061   960   912   19
r  1011   1062   960   19
r  418   466   568   19
r  619   573   518   19
r  571   623   568   19
r  175   128   127   19
r  24   177   76   19
r  964   1065   966   19
r  915   966   1017   19
r  1453   1402   1354   19
r  1451   1353   1402   19
r  1411   1362   1463   19
r  1313   1465   1215   19
r  1363   1264   1515   19
r  177   76   25   19
r  29   128   76   19
r  79   27   127   19
r  28   128   127   19
r  130   76   127   19
r  30   128   127   19
r  26   127   128   19
r  179   127   128   19
r  27   127   76   19
r  1017   965   916   19
r  967   1066   1014   19
r  1115   1013   966   19
r  623   670   675   19
r  919   921   871   19
r  81   233   181   19
r  378   329   432   19
r  872   970   921   19
r  1563   1664   1716   19
r  1610   1708   1705   19
r  1317   1266   1216   19
r  82   233   86   19
r  181   31   83   19
r  32   233   132   19
r  1069   1066   1219   19
r  1170   1118   1168   19
r  1121   1322   921   19
r  578   679   479   19
r  1853   1652   1705   19
r  2007   1908   1705   19
r  1659   1705   1810   19
r  1418   1519   1470   19
r  331   379   383   19
r  232   83   183   19
r  235   83   233   19
r  436   487   432   19
r  481   433   382   19
r  728   829   776   19
r  1025   1077   976   19
r  1751   1705   1802   19
r  2052   2152   2404   19
r  2005   2156   2407   19
r  2053   2152   2404   19
r  2051   2404   2407   19
r  1959   2058   2152   19
r  1958   2058   2007   19
r  2056   2407   2152   19
r  1668   1716   1617   19
r  1662   1716   1616   19
r  1713   1762   1764   19
r  1470   1521   1369   19
r  240   138   339   19
r  292   341   138   19
r  341   138   86   19
r  340   391   86   19
r  89   138   86   19
r  287   138   86   19
r  337   339   86   19
r  237   138   86   19
r  189   191   86   19
r  388   337   86   19
r  286   437   138   19
r  729   776   829   19
r  1075   978   1077   19
r  1273   1322   1325   19
r  879   977   979   19
r  2055   2007   2407   19
r  2054   2407   2152   19
r  2103   2152   2407   19
r  2101   2152   2404   19
r  2107   2404   2407   19
r  2205   2404   2152   19
r  2108   2056   2404   19
r  2106   2407   2404   19
r  1761   1810   1863   19
r  1813   1965   1762   19
r  1816   1865   1818   19
r  1817   1868   1766   19
r  1769   1816   1868   19
r  92   98   247   19
r  290   86   138   19
r  294   98   247   19
r  40   86   138   19
r  42   98   149   19
r  393   391   644   19
r  344   149   247   19
r  631   580   684   19
r  681   581   632   19
r  682   634   631   19
r  1178   1127   1325   19
r  2206   2152   2404   19
r  2154   2152   2404   19
r  2254   2152   2404   19
r  2458   2404   2152   19
r  2409   2152   2404   19
r  2355   2404   2152   19
r  2307   2404   2152   19
r  2356   2404   2152   19
r  2456   2152   2404   19
r  2352   2404   2152   19
r  2452   2404   2152   19
r  2351   2152   2404   19
r  2258   2404   2152   19
r  2353   2152   2404   19
r  2156   2152   2404   19
r  2451   2152   2404   19
r  2201   2404   2152   19
r  2459   2404   2152   19
r  2306   2404   2152   19
r  2402   2152   2404   19
r  2455   2152   2407   19
r  2453   2152   2407   19
r  2203   2404   2407   19
r  2259   2404   2407   19
r  2401   2404   2407   19
r  2358   2152   2407   19
r  2251   2152   2407   19
r  2255   2404   2407   19
r  2157   2152   2407   19
r  2308   2407   2152   19
r  2309   2407   2152   19
r  2104   2407   2152   19
r  2158   2407   2152   19
r  2304   2407   2152   19
r  2301   2407   2152   19
r  2105   2407   2152   19
r  2302   2407   2152   19
r  2303   2407   2152   19
r  2204   2407   2404   19
r  2305   2407   2404   19
r  2155   2407   2404   19
r  2256   2407   2404   19
r  2252   2407   2404   19
r  2208   2407   2404   19
r  2359   2407   2404   19
r  2260   2414   2313   19
r  2011   1863   1962   19
r  2160   2109   2414   19
r  1871   1770   1772   19
r  1819   1868   1866   19
r  1129   1081   978   19
r  1081   1084   978   19
r  1130   1181   1081   19
r  93   98   247   19
r  244   247   98   19
r  295   98   247   19
r  143   247   149   19
r  194   149   247   19
r  43   247   98   19
r  442   540   644   19
r  345   149   98   19
r  490   590   644   19
r  589   638   644   19
r  588   536   688   19
r  1226   1327   1325   19
r  1225   1325   1127   19
r  2161   2210   2313   19
r  1870   1918   1822   19
r  1674   1723   1772   19
r  2021   2073   1772   19
r  1725   1826   1772   19
r  1132   1231   1084   19
r  94   149   98   19
r  444   247   98   19
r  300   247   98   19
r  196   98   247   19
r  395   98   247   19
r  245   247   98   19
r  46   98   247   19
r  298   98   247   19
r  398   98   247   19
r  396   98   247   19
r  100   247   98   19
r  47   247   98   19
r  249   247   98   19
r  450   247   98   19
r  96   247   98   19
r  44   247   149   19
r  399   98   149   19
r  349   98   149   19
r  145   98   149   19
r  346   247   149   19
r  500   498   149   19
r  448   98   149   19
r  347   247   149   19
r  49   149   98   19
r  397   149   98   19
r  446   149   98   19
r  250   149   98   19
r  45   149   98   19
r  144   149   98   19
r  200   149   98   19
r  348   149   98   19
r  400   149   98   19
r  350   149   98   19
r  296   149   247   19
r  95   149   247   19
r  195   149   247   19
r  146   149   247   19
r  445   498   247   19
r  198   149   247   19
r  449   247   98   19
r  499   98   644   19
r  543   642   644   19
r  498   599   644   19
r  598   649   644   19
r  697   498   644   19
r  742   793   644   19
r  600   498   644   19
r  639   687   688   19
r  785   834   935   19
r  884   933   835   19
r  1378   1429   1430   19
r  2163   2313   2414   19
r  2068   2070   2066   19
r  2070   2171   2016   19
r  2171   2222   2016   19
r  2020   1971   2016   19
r  2121   2223   2016   19
r  2112   2313   2414   19
r  2413   2464   2314   19
r  2463   2313   2212   19
r  2214   2212   2313   19
r  2369   2418   2313   19
r  2418   2313   2414   19
r  2319   2313   2414   19
r  2270   2374   2223   19
r  2113   2414   2313   19
r  2365   2414   2313   19
r  2215   2414   2313   19
r  2370   2423   2313   19
r  2064   2016   2066   19
r  2023   1772   2072   19
r  1033   1084   1085   19
r  649   549   498   19
r  746   846   848   19
r  794   644   797   19
r  648   498   599   19
r  650   548   599   19
r  941   989   839   19
r  991   989   839   19
r  2470   2374   2423   19
r  2420   2374   2423   19
r  2320   2371   2374   19
r  2124   2025   2024   19
r  1185   1187   1084   19
r  1087   1085   1084   19
r  1232   1131   1181   19
r  844   995   797   19
r  847   795   845   19
r  997   995   848   19
r  1047   996   848   19
r  1046   1097   848   19
r  1097   998   848   19
r  1096   1144   1047   19
r  993   995   797   19
r  850   848   797   19
r  1050   848   797   19
r  1582   1730   1580   19
r  1630   1632   1730   19
r  2272   2171   2223   19
r  2421   2370   2374   19
r  2321   2417   2423   19
r  2472   2423   2374   19
r  1285   1336   1383   19
r  900   797   1047   19
r  948   797   1047   19
r  899   797   848   19
r  1049   797   848   19
r  1099   797   1047   19
r  1150   1196   1296   19
r  1631   1683   1580   19
r  2425   2381   2327   19
r  2325   2374   2381   19
r  2129   2078   2027   19
r  2127   2027   2129   19
r  1197   1296   1349   19
r  1193   1242   1189   19
r  1200   1349   1296   19
r  1535   1435   1636   19
r  2426   2429   2381   19
r  2379   2381   2327   19
r  2476   2381   2327   19
r  2329   2381   2327   19
r  2376   2327   2381   19
r  2478   2381   2327   19
r  2427   2381   2429   19
r  2378   2329   2429   19
r  2477   2429   2378   19
r  2482   2327   2434   19
r  2279   2429   2327   19
r  2182   2280   2381   19
r  1982   2083   2033   19
r  1834   1933   1886   19
r  1199   1196   1449   19
r  1248   1349   1296   19
r  1397   1296   1449   19
r  1447   1449   1296   19
r  1497   1549   1449   19
r  1346   1197   1349   19
r  1300   1296   1349   19
r  1250   1299   1349   19
r  1294   1197   1349   19
r  1395   1446   1349   19
r  1586   1537   1486   19
r  1537   1486   1485   19
r  1540   1591   1489   19
r  1589   1491   1489   19
r  2332   2434   2386   19
r  2233   2231   2182   19
r  2033   2082   2135   19
r  1736   1785   1836   19
r  2035   2033   1836   19
r  1400   1349   1549   19
r  1500   1349   1549   19
r  1698   1549   1598   19
r  1550   1598   1649   19
r  1496   1447   1344   19
r  1600   1598   1549   19
r  1750   1699   1549   19
r  1544   1595   1549   19
r  2436   2434   2347   19
r  2488   2386   2393   19
r  1939   1941   2347   19
r  1999   2050   1845   19
r  1849   1999   2148   19
r  1543   1643   1595   19
r  1740   1840   1889   19
r  1839   1890   1790   19
r  2237   2386   2347   19
r  2137   2235   2347   19
r  2088   2393   2347   19
r  1941   1990   2039   19
r  1693   1843   1744   19
r  1850   1999   1899   19
r  1695   1595   1594   19
r  1847   1845   2148   19
r  1899   2148   2049   19
r  1848   1899   1999   19
r  2000   1949   1899   19
r  2147   2347   2393   19
r  2047   2347   2393   19
r  2098   2049   2393   19
r  2046   2347   1999   19
r  2099   2393   1999   19
r  1997   1899   1999   19
r  2048   1999   2347   19
r  1950   1999   2148   19
r  2188   2288   2347   19
r  2187   2087   2347   19
r  2238   2240   2347   19
r  2045   2145   2347   19
r  2189   2347   2393   19
r  2194   2347   2393   19
r  2498   2449   2393   19
r  2140   2242   2393   19
r  2095   2347   2393   19
r  2043   2090   2393   19
r  2146   2347   2393   19
r  2093   2091   2393   19
r  2042   2347   2393   19
r  2092   2347   2393   19
r  1992   1943   2393   19
r  2096   2393   2347   19
r  2138   2393   2347   19
r  2145   2393   2347   19
r  2195   2393   2347   19
r  1947   1999   2148   19
r  1   153   154   20
r  51   54   154   20
r  52   153   154   20
r  3   54   153   20
r  4   253   153   20
r  407   553   154   20
r  356   553   154   20
r  254   154   153   20
r  306   154   153   20
r  202   154   153   20
r  401   153   154   20
r  301   154   153   20
r  207   153   154   20
r  307   154   153   20
r  107   154   153   20
r  57   153   154   20
r  403   153   154   20
r  156   153   154   20
r  256   153   154   20
r  302   154   153   20
r  501   503   154   20
r  252   154   54   20
r  102   154   54   20
r  255   154   54   20
r  351   154   54   20
r  402   153   54   20
r  352   154   54   20
r  201   154   54   20
r  206   153   54   20
r  303   153   54   20
r  56   154   54   20
r  353   154   54   20
r  105   154   54   20
r  106   154   54   20
r  354   503   54   20
r  151   54   153   20
r  6   54   153   20
r  7   54   153   20
r  251   54   153   20
r  355   503   153   20
r  451   553   153   20
r  304   54   154   20
r  305   54   154   20
r  205   54   154   20
r  506   503   154   20
r  406   154   553   20
r  358   361   461   20
r  208   153   163   20
r  108   160   163   20
r  404   54   553   20
r  259   163   110   20
r  8   160   163   20
r  461   413   312   20
r  209   163   160   20
r  59   160   163   20
r  455   54   503   20
r  9   110   163   20
r  362   413   110   20
r  411   312   362   20
r  211   163   110   20
r  11   160   163   20
r  12   163   160   20
r  112   163   110   20
r  63   160   110   20
r  262   315   110   20
r  10   160   110   20
r  64   163   110   20
r  62   160   110   20
r  61   110   160   20
r  651   954   853   20
r  652   752   954   20
r  653   752   954   20
r  363   312   315   20
r  65   68   67   20
r  704   752   853   20
r  855   954   853   20
r  804   954   853   20
r  952   853   954   20
r  756   656   954   20
r  856   954   853   20
r  703   853   954   20
r  701   954   853   20
r  956   954   853   20
r  1003   853   954   20
r  755   853   954   20
r  951   954   853   20
r  905   954   853   20
r  805   853   752   20
r  1056   853   752   20
r  1055   954   752   20
r  1051   954   752   20
r  1052   1153   752   20
r  1105   1154   752   20
r  709   758   660   20
r  807   758   954   20
r  757   853   660   20
r  217   66   67   20
r  169   68   66   20
r  172   124   67   20
r  222   323   67   20
r  267   67   66   20
r  72   67   68   20
r  271   371   68   20
r  754   752   954   20
r  901   752   954   20
r  1102   1154   954   20
r  902   752   954   20
r  1001   752   954   20
r  851   752   853   20
r  1004   752   853   20
r  1103   954   853   20
r  1101   1152   853   20
r  1007   1004   954   20
r  1053   1202   954   20
r  859   912   908   20
r  223   67   76   20
r  1252   1402   1154   20
r  1301   1403   1402   20
r  566   664   518   20
r  865   964   1066   20
r  667   669   568   20
r  369   371   568   20
r  175   127   76   20
r  24   76   128   20
r  418   568   467   20
r  1351   1402   1403   20
r  961   912   1009   20
r  572   623   524   20
r  869   971   921   20
r  770   670   723   20
r  720   723   672   20
r  26   77   127   20
r  129   127   30   20
r  30   127   128   20
r  29   127   128   20
r  177   128   76   20
r  130   127   76   20
r  229   231   76   20
r  27   76   127   20
r  1401   1354   1452   20
r  1501   1705   1402   20
r  1451   1402   1353   20
r  1455   1356   1403   20
r  1212   1311   1161   20
r  965   1066   916   20
r  1016   1116   1014   20
r  967   1014   1066   20
r  1067   1016   966   20
r  230   181   432   20
r  476   377   328   20
r  1511   1410   1513   20
r  1365   1215   1317   20
r  969   921   971   20
r  872   972   773   20
r  972   970   871   20
r  83   132   232   20
r  82   86   233   20
r  32   132   233   20
r  1652   1754   1605   20
r  1559   1458   1705   20
r  1608   1457   1705   20
r  1266   1165   1317   20
r  924   1025   773   20
r  1170   1168   1219   20
r  84   233   86   20
r  235   284   83   20
r  635   583   432   20
r  332   432   433   20
r  579   630   527   20
r  1701   1652   1653   20
r  1903   1901   2002   20
r  1808   1756   1757   20
r  1809   1858   1705   20
r  1709   1610   1705   20
r  1751   1802   1705   20
r  1859   2058   1705   20
r  1612   1663   1716   20
r  1667   1716   1564   20
r  1615   1564   1566   20
r  1418   1470   1469   20
r  678   630   776   20
r  1126   1175   1325   20
r  729   829   776   20
r  830   979   776   20
r  185   83   138   20
r  286   138   86   20
r  336   287   138   20
r  2052   2404   2152   20
r  2005   2152   2404   20
r  1956   2007   2404   20
r  2053   2407   2152   20
r  2051   2152   2404   20
r  2056   2152   2407   20
r  1665   1617   1616   20
r  1714   1763   1716   20
r  1666   1567   1617   20
r  1718   1720   1716   20
r  1712   1761   1863   20
r  1419   1520   1470   20
r  1373   1273   1325   20
r  1226   1325   1077   20
r  731   632   683   20
r  928   980   979   20
r  338   340   86   20
r  240   339   138   20
r  341   86   138   20
r  89   86   138   20
r  287   86   138   20
r  237   86   138   20
r  388   86   138   20
r  387   286   138   20
r  290   138   86   20
r  243   247   86   20
r  40   138   86   20
r  288   138   186   20
r  681   683   684   20
r  833   935   885   20
r  2055   2407   2152   20
r  2054   2404   2407   20
r  1958   2007   2152   20
r  2103   2407   2152   20
r  2101   2407   2152   20
r  2107   2407   2404   20
r  2205   2152   2404   20
r  2109   2060   2414   20
r  2106   2152   2407   20
r  1865   1868   1813   20
r  1769   1868   1866   20
r  1812   1863   1712   20
r  1225   1326   1325   20
r  92   247   98   20
r  344   98   149   20
r  294   149   98   20
r  42   247   98   20
r  244   149   247   20
r  587   487   536   20
r  640   739   644   20
r  785   934   834   20
r  788   688   839   20
r  883   885   834   20
r  2254   2404   2152   20
r  2355   2152   2404   20
r  2307   2152   2404   20
r  2352   2152   2404   20
r  2258   2152   2404   20
r  2360   2152   2404   20
r  2156   2404   2152   20
r  2201   2152   2404   20
r  2459   2152   2404   20
r  2460   2152   2404   20
r  2259   2152   2404   20
r  2358   2404   2152   20
r  2308   2404   2407   20
r  2158   2152   2407   20
r  2304   2404   2407   20
r  2301   2152   2407   20
r  2105   2404   2407   20
r  2303   2152   2407   20
r  2256   2404   2407   20
r  2252   2404   2407   20
r  2208   2404   2407   20
r  2359   2404   2407   20
r  2104   2152   2407   20
r  2302   2404   2407   20
r  2204   2152   2407   20
r  2305   2152   2407   20
r  2155   2404   2407   20
r  2203   2407   2404   20
r  2401   2407   2404   20
r  2410   2407   2404   20
r  2257   2407   2404   20
r  2255   2407   2404   20
r  2458   2407   2404   20
r  2356   2407   2404   20
r  2452   2407   2404   20
r  2306   2407   2404   20
r  2206   2407   2152   20
r  2154   2407   2152   20
r  2409   2407   2152   20
r  2351   2407   2152   20
r  2451   2407   2152   20
r  2402   2407   2152   20
r  2455   2407   2152   20
r  2453   2407   2152   20
r  2251   2407   2152   20
r  2157   2407   2152   20
r  2456   2407   2152   20
r  2353   2407   2152   20
r  2310   2407   2404   20
r  2260   2311   2414   20
r  2011   2060   2016   20
r  1819   1866   1868   20
r  1671   1722   1772   20
r  1522   1524   1525   20
r  931   979   978   20
r  933   931   978   20
r  93   247   98   20
r  394   98   149   20
r  345   98   149   20
r  143   149   247   20
r  194   98   149   20
r  295   247   98   20
r  43   98   247   20
r  245   98   247   20
r  296   247   149   20
r  50   247   149   20
r  500   149   247   20
r  195   247   149   20
r  447   247   149   20
r  445   247   149   20
r  397   247   149   20
r  100   149   247   20
r  47   149   247   20
r  94   247   149   20
r  348   247   149   20
r  400   247   149   20
r  250   247   149   20
r  196   149   98   20
r  395   149   98   20
r  46   149   98   20
r  396   247   98   20
r  399   247   98   20
r  349   149   98   20
r  145   149   98   20
r  298   149   98   20
r  398   149   98   20
r  448   149   98   20
r  591   644   540   20
r  492   642   644   20
r  741   841   644   20
r  990   941   839   20
r  2211   2160   2313   20
r  2112   2212   2313   20
r  2418   2318   2313   20
r  2113   2313   2414   20
r  2365   2417   2414   20
r  2215   2316   2414   20
r  2219   2170   2414   20
r  2314   2365   2212   20
r  2163   2414   2313   20
r  2164   2116   2066   20
r  2064   2066   2016   20
r  2169   2223   2016   20
r  1574   1523   1525   20
r  1332   1283   1384   20
r  1232   1183   1131   20
r  300   98   247   20
r  249   98   247   20
r  450   98   247   20
r  96   98   247   20
r  44   98   247   20
r  346   98   247   20
r  347   98   247   20
r  49   98   149   20
r  45   98   149   20
r  144   98   149   20
r  200   98   149   20
r  95   98   149   20
r  146   98   149   20
r  198   98   149   20
r  449   98   149   20
r  350   98   149   20
r  550   498   644   20
r  599   550   644   20
r  700   548   644   20
r  648   599   644   20
r  549   644   650   20
r  600   644   548   20
r  650   599   548   20
r  843   892   797   20
r  2463   2414   2313   20
r  2470   2423   2374   20
r  2420   2423   2374   20
r  2018   2016   2066   20
r  1723   1772   1821   20
r  2023   1972   1772   20
r  1033   1035   1084   20
r  1133   1135   1085   20
r  1580   1680   1728   20
r  1532   1481   1383   20
r  696   644   797   20
r  1043   839   1142   20
r  1138   1238   1084   20
r  896   797   1047   20
r  998   797   1047   20
r  1136   1035   1085   20
r  2472   2374   2423   20
r  1336   1287   1285   20
r  1436   1387   1385   20
r  1534   1532   1485   20
r  1632   1580   1581   20
r  1631   1580   1582   20
r  1681   1580   1581   20
r  846   797   1047   20
r  749   848   1047   20
r  1000   848   1047   20
r  950   848   1047   20
r  1050   1047   848   20
r  900   1047   797   20
r  899   848   797   20
r  1049   1098   797   20
r  1099   1047   797   20
r  948   1047   797   20
r  1087   1084   1038   20
r  1235   1084   1187   20
r  1290   1189   1142   20
r  898   797   1047   20
r  2425   2429   2381   20
r  2475   2429   2327   20
r  1781   1881   1829   20
r  850   797   848   20
r  1150   1349   1449   20
r  1244   1197   1349   20
r  2376   2429   2327   20
r  2276   2381   2327   20
r  2426   2381   2429   20
r  2379   2328   2381   20
r  2481   2327   2381   20
r  2476   2327   2381   20
r  2478   2327   2381   20
r  2427   2327   2381   20
r  2477   2381   2429   20
r  2232   2183   2429   20
r  2279   2327   2429   20
r  2280   2429   2327   20
r  2278   2429   2327   20
r  1977   1979   1876   20
r  1927   1828   1829   20
r  1831   1780   1829   20
r  1882   1780   1836   20
r  1884   1836   1886   20
r  1296   1349   1449   20
r  1197   1349   1296   20
r  1200   1449   1349   20
r  1199   1349   1296   20
r  1294   1345   1296   20
r  2482   2381   2386   20
r  2332   2334   2434   20
r  2182   2381   2281   20
r  2282   2333   2386   20
r  1248   1197   1349   20
r  1299   1449   1549   20
r  1249   1296   1449   20
r  1400   1549   1349   20
r  1548   1447   1349   20
r  1650   1647   1349   20
r  1397   1349   1296   20
r  1298   1349   1296   20
r  1300   1349   1296   20
r  1497   1349   1549   20
r  1495   1443   1344   20
r  2483   2386   2334   20
r  2128   2027   2077   20
r  2286   2434   2393   20
r  2338   2393   2434   20
r  2486   2386   2393   20
r  2488   2393   2347   20
r  2082   1983   2033   20
r  2034   2083   2132   20
r  1789   1741   1889   20
r  1939   2347   2039   20
r  1647   1449   1649   20
r  1698   1649   1549   20
r  1700   1549   1647   20
r  1799   1649   1999   20
r  1544   1547   1744   20
r  1546   1494   1549   20
r  1444   1344   1549   20
r  2041   1990   2393   20
r  1989   2041   2393   20
r  2088   2347   2393   20
r  1849   1949   2049   20
r  2046   1999   2347   20
r  1995   2046   2347   20
r  2047   1999   2148   20
r  1992   2041   2347   20
r  1946   1845   2393   20
r  2097   2049   2393   20
r  2096   2347   2393   20
r  2138   2189   2393   20
r  2145   2199   2393   20
r  2195   2347   2393   20
r  1949   2148   2393   20
r  1945   1894   2393   20
r  1944   1946   2393   20
r  1998   2148   2347   20
r  2189   2393   2347   20
r  2194   2393   2347   20
r  2146   2393   2347   20
r  2042   2393   2347   20
r  2092   2393   2347   20
r  2148   2048   2347   20
r  2095   2393   2347   20
r  1993   2393   2347   20
r  1947   2148   2347   20
r  1695   1743   1595   20
r  1794   1743   1595   20
r  1850   1899   1999   20
r  1899   2049   2148   20
r  1898   1947   2148   20
r  2099   2048   2148   20
r  2050   2148   1999   20
r  1950   2148   1999   20
r  1897   1946   1999   20
r  1844   1892   1943   20
r  1   54   153   21
r  51   154   54   21
r  101   54   153   21
r  52   154   153   21
r  3   153   54   21
r  303   54   153   21
r  5   54   153   21
r  151   153   54   21
r  7   153   54   21
r  354   54   553   21
r  251   153   54   21
r  308   355   153   21
r  57   54   153   21
r  256   54   153   21
r  254   153   154   21
r  306   54   154   21
r  202   153   154   21
r  307   153   154   21
r  107   54   154   21
r  157   153   154   21
r  252   153   154   21
r  102   54   154   21
r  255   54   154   21
r  351   54   154   21
r  352   153   154   21
r  201   153   154   21
r  56   153   154   21
r  353   54   154   21
r  105   153   154   21
r  301   153   154   21
r  302   153   154   21
r  106   54   154   21
r  405   553   154   21
r  205   154   54   21
r  305   154   54   21
r  304   154   54   21
r  6   154   54   21
r  451   154   54   21
r  257   154   153   21
r  207   154   153   21
r  402   154   153   21
r  357   154   153   21
r  156   154   153   21
r  258   256   153   21
r  206   154   153   21
r  452   154   54   21
r  406   553   54   21
r  208   110   54   21
r  453   604   54   21
r  503   353   54   21
r  507   553   54   21
r  8   163   160   21
r  457   406   503   21
r  259   210   163   21
r  209   110   163   21
r  607   609   503   21
r  656   660   503   21
r  9   160   110   21
r  159   163   210   21
r  260   110   160   21
r  14   110   160   21
r  114   110   160   21
r  11   110   160   21
r  211   209   163   21
r  12   160   163   21
r  112   110   163   21
r  64   110   163   21
r  263   315   163   21
r  313   315   163   21
r  654   752   954   21
r  652   853   752   21
r  657   660   706   21
r  655   752   954   21
r  653   954   752   21
r  63   163   160   21
r  262   314   315   21
r  62   163   160   21
r  61   163   110   21
r  65   69   68   21
r  804   853   954   21
r  952   954   853   21
r  703   954   853   21
r  701   853   954   21
r  956   853   954   21
r  1003   954   853   21
r  1104   853   954   21
r  755   954   853   21
r  951   853   954   21
r  902   853   752   21
r  1001   954   752   21
r  1005   853   752   21
r  851   853   752   21
r  1004   1052   752   21
r  1103   853   752   21
r  901   853   752   21
r  169   66   68   21
r  167   68   66   21
r  220   68   66   21
r  367   419   518   21
r  320   421   68   21
r  267   66   67   21
r  72   68   67   21
r  224   76   67   21
r  119   67   66   21
r  319   270   68   21
r  1055   752   954   21
r  855   752   954   21
r  805   752   853   21
r  1051   752   853   21
r  1052   752   853   21
r  1105   752   853   21
r  1054   1154   853   21
r  1007   954   853   21
r  1053   954   853   21
r  1006   752   853   21
r  1056   752   853   21
r  1152   1053   954   21
r  1101   853   954   21
r  810   912   908   21
r  221   67   321   21
r  124   25   127   21
r  23   25   76   21
r  1301   1402   1403   21
r  813   811   768   21
r  418   467   568   21
r  469   568   467   21
r  668   666   568   21
r  273   221   371   21
r  125   76   128   21
r  24   127   76   21
r  176   127   128   21
r  1302   1402   1354   21
r  1212   1161   1311   21
r  1351   1403   1353   21
r  770   723   670   21
r  129   30   127   21
r  179   128   127   21
r  28   127   25   21
r  30   128   127   21
r  27   127   76   21
r  375   328   326   21
r  1451   1353   1354   21
r  1501   1402   1353   21
r  1013   1066   966   21
r  915   1066   966   21
r  673   722   774   21
r  31   83   233   21
r  131   233   183   21
r  1264   1364   1216   21
r  965   1014   1066   21
r  968   966   916   21
r  626   624   527   21
r  132   233   83   21
r  429   432   383   21
r  1558   1457   1705   21
r  1315   1266   1317   21
r  1366   1165   1215   21
r  1467   1615   1716   21
r  1468   1367   1369   21
r  969   871   921   21
r  1071   1120   871   21
r  1072   1070   921   21
r  876   927   978   21
r  677   726   776   21
r  284   233   132   21
r  34   233   138   21
r  282   333   83   21
r  482   433   383   21
r  332   383   432   21
r  534   483   432   21
r  386   481   432   21
r  381   432   383   21
r  1609   1658   1705   21
r  1855   1904   1756   21
r  1701   1653   1752   21
r  1753   1602   1704   21
r  1907   2006   2404   21
r  1709   1660   1760   21
r  1909   2058   1705   21
r  1708   1705   1807   21
r  1667   1616   1716   21
r  1069   1219   1169   21
r  1024   973   1072   21
r  779   776   730   21
r  832   783   776   21
r  878   776   978   21
r  135   138   186   21
r  335   233   138   21
r  581   583   684   21
r  2052   2152   2404   21
r  2005   2407   2152   21
r  1956   2058   2407   21
r  2053   2152   2407   21
r  2051   2404   2152   21
r  2006   2152   2404   21
r  2056   2404   2152   21
r  1714   1716   1665   21
r  1664   1564   1616   21
r  1713   1764   1863   21
r  1766   1818   1815   21
r  1668   1616   1716   21
r  1817   1766   1716   21
r  1762   1764   1865   21
r  1223   1270   1077   21
r  731   680   632   21
r  879   978   981   21
r  1026   926   979   21
r  931   982   979   21
r  1080   979   978   21
r  1032   1084   978   21
r  37   86   186   21
r  192   86   149   21
r  237   87   86   21
r  40   141   138   21
r  288   237   138   21
r  290   86   138   21
r  341   138   86   21
r  89   138   86   21
r  287   138   86   21
r  388   138   86   21
r  536   688   488   21
r  487   538   688   21
r  686   737   688   21
r  681   632   683   21
r  2055   2152   2407   21
r  2054   2152   2404   21
r  2103   2152   2407   21
r  2101   2404   2407   21
r  2251   2152   2407   21
r  2104   2407   2152   21
r  2158   2407   2152   21
r  2157   2152   2407   21
r  2455   2152   2407   21
r  2453   2152   2407   21
r  2409   2152   2407   21
r  2456   2152   2407   21
r  2451   2152   2407   21
r  2154   2152   2407   21
r  2206   2152   2407   21
r  2201   2407   2152   21
r  2401   2152   2407   21
r  2410   2152   2407   21
r  2356   2152   2407   21
r  2460   2407   2152   21
r  2254   2407   2404   21
r  2156   2407   2404   21
r  2358   2407   2404   21
r  2308   2407   2404   21
r  2304   2407   2404   21
r  2252   2407   2404   21
r  2208   2407   2404   21
r  2302   2407   2404   21
r  2209   2407   2404   21
r  2256   2152   2404   21
r  2359   2407   2404   21
r  2155   2152   2404   21
r  2107   2404   2407   21
r  2205   2404   2152   21
r  2108   2404   2152   21
r  2106   2404   2152   21
r  1811   1863   1764   21
r  1812   1764   1863   21
r  1321   1221   1421   21
r  1127   1327   1325   21
r  1178   1077   1127   21
r  1228   1277   1077   21
r  984   1084   885   21
r  682   631   733   21
r  243   86   247   21
r  344   149   98   21
r  142   247   98   21
r  391   489   644   21
r  294   247   149   21
r  734   885   834   21
r  785   834   885   21
r  2355   2404   2152   21
r  2307   2404   2152   21
r  2352   2404   2152   21
r  2258   2404   2152   21
r  2360   2404   2152   21
r  2459   2404   2152   21
r  2259   2404   2152   21
r  2301   2404   2152   21
r  2303   2404   2152   21
r  2204   2404   2152   21
r  2305   2404   2152   21
r  2203   2404   2407   21
r  2257   2404   2407   21
r  2255   2404   2407   21
r  2458   2404   2407   21
r  2306   2404   2407   21
r  2309   2404   2407   21
r  2351   2404   2407   21
r  2402   2404   2407   21
r  2353   2404   2407   21
r  2452   2404   2407   21
r  2310   2404   2407   21
r  2210   2414   2313   21
r  2110   2161   2414   21
r  1869   1867   1772   21
r  1226   1077   1325   21
r  1277   1326   1325   21
r  1276   1127   1325   21
r  1278   1330   1380   21
r  836   885   935   21
r  244   98   149   21
r  93   98   247   21
r  394   149   98   21
r  441   392   644   21
r  345   247   98   21
r  143   98   149   21
r  194   149   98   21
r  245   247   98   21
r  43   247   98   21
r  295   98   247   21
r  396   98   247   21
r  249   247   98   21
r  450   247   98   21
r  96   247   98   21
r  399   98   247   21
r  346   247   98   21
r  347   247   98   21
r  94   98   247   21
r  45   247   98   21
r  144   247   98   21
r  400   98   247   21
r  95   247   98   21
r  350   247   98   21
r  100   247   149   21
r  47   247   149   21
r  196   247   149   21
r  395   98   149   21
r  46   247   149   21
r  349   98   149   21
r  145   247   149   21
r  298   98   149   21
r  398   247   149   21
r  448   98   149   21
r  446   247   149   21
r  491   644   642   21
r  1040   989   839   21
r  892   797   839   21
r  742   644   839   21
r  2163   2313   2414   21
r  2463   2212   2414   21
r  2320   2423   2414   21
r  2370   2470   2414   21
r  2018   2117   2016   21
r  1771   1722   1922   21
r  1523   1726   1575   21
r  1428   1327   1329   21
r  1187   1085   1084   21
r  1235   1187   1084   21
r  1136   1084   1184   21
r  296   149   247   21
r  50   149   247   21
r  548   347   644   21
r  195   149   247   21
r  445   149   247   21
r  397   149   247   21
r  444   149   247   21
r  250   149   247   21
r  300   149   98   21
r  44   149   98   21
r  49   149   98   21
r  200   149   98   21
r  198   149   98   21
r  146   149   98   21
r  549   650   644   21
r  649   548   644   21
r  600   549   644   21
r  591   540   644   21
r  696   797   644   21
r  592   540   590   21
r  542   644   493   21
r  946   797   1047   21
r  893   797   844   21
r  2319   2414   2313   21
r  2113   2414   2313   21
r  1873   1922   1822   21
r  1723   1821   1772   21
r  1924   1972   1772   21
r  1429   1477   1380   21
r  1579   1730   1428   21
r  648   644   498   21
r  699   848   1047   21
r  995   896   1047   21
r  896   848   797   21
r  945   797   848   21
r  998   947   797   21
r  2474   2374   2381   21
r  2472   2423   2374   21
r  2323   2423   2422   21
r  1629   1728   1730   21
r  1288   1237   1383   21
r  1242   1142   1191   21
r  1240   1191   1141   21
r  846   848   797   21
r  847   898   1047   21
r  798   749   1047   21
r  749   1047   848   21
r  999   848   1047   21
r  1048   1100   848   21
r  949   848   1047   21
r  900   848   1047   21
r  1049   848   1047   21
r  898   947   797   21
r  850   1047   797   21
r  800   797   1047   21
r  899   797   848   21
r  950   797   848   21
r  1050   797   1047   21
r  2425   2381   2429   21
r  2376   2327   2429   21
r  2276   2429   2381   21
r  1681   1730   1632   21
r  1632   1728   1730   21
r  1486   1636   1587   21
r  1099   797   1296   21
r  1296   1347   1349   21
r  1196   1349   1449   21
r  2426   2429   2381   21
r  2329   2327   2381   21
r  2427   2381   2327   21
r  2280   2381   2429   21
r  2278   2327   2429   21
r  2182   2281   2429   21
r  2330   2429   2327   21
r  2476   2429   2327   21
r  2229   2281   2381   21
r  2230   2177   2381   21
r  1927   1829   1876   21
r  1197   1199   1349   21
r  1200   1349   1449   21
r  1246   1197   1449   21
r  1199   1449   1349   21
r  1300   1449   1349   21
r  1249   1349   1296   21
r  1250   1349   1296   21
r  1400   1449   1296   21
r  1350   1449   1296   21
r  1347   1549   1449   21
r  1397   1296   1349   21
r  1298   1296   1349   21
r  1550   1649   1349   21
r  2477   2429   2327   21
r  2183   2283   2132   21
r  2386   2384   2347   21
r  2029   2078   2027   21
r  1884   1886   1836   21
r  1639   1690   1741   21
r  1398   1349   1549   21
r  1700   1647   1549   21
r  2483   2334   2386   21
r  2184   2083   2033   21
r  2336   2434   2334   21
r  2436   2393   2434   21
r  2236   2434   2393   21
r  2286   2393   2434   21
r  2338   2386   2347   21
r  1495   1344   1443   21
r  1691   1642   1742   21
r  1642   1741   1595   21
r  1739   1737   1790   21
r  1838   1890   1889   21
r  1789   1889   1741   21
r  1646   1549   1598   21
r  1798   1800   2347   21
r  1849   2049   1999   21
r  2488   2434   2393   21
r  1998   1899   2393   21
r  2189   2288   2393   21
r  2095   1996   2393   21
r  2041   2393   2347   21
r  2088   2393   2347   21
r  2147   2393   2347   21
r  2096   2393   2347   21
r  2195   2393   2347   21
r  1945   2393   2347   21
r  2047   2148   2347   21
r  2098   1999   2347   21
r  2097   2148   2347   21
r  1943   2044   2347   21
r  1948   1999   2347   21
r  1894   1896   2347   21
r  1939   2041   1941   21
r  2039   1988   2393   21
r  1544   1549   1595   21
r  1941   2039   2393   21
r  1848   1999   2393   21
r  2099   2148   2393   21
r  1997   2148   2393   21
r  2050   1999   2393   21
r  1992   2347   1941   21
r  1989   1941   2041   21
r  2037   2039   2393   21
r  2194   2347   2393   21
r  2146   2347   2393   21
r  2042   2347   2393   21
r  2092   2347   2393   21
r  1993   2347   2393   21
r  1947   2347   2393   21
r  1895   1794   2393   21
r  1   153   54   22
r  51   54   154   22
r  101   153   54   22
r  52   153   154   22
r  3   154   153   22
r  5   153   54   22
r  354   553   153   22
r  251   54   153   22
r  355   153   54   22
r  57   153   54   22
r  403   54   553   22
r  254   54   153   22
r  307   54   153   22
r  252   54   153   22
r  255   153   54   22
r  352   54   153   22
r  106   153   54   22
r  305   54   154   22
r  304   153   154   22
r  6   153   154   22
r  257   54   154   22
r  402   54   154   22
r  357   153   154   22
r  156   54   154   22
r  406   54   154   22
r  205   54   154   22
r  207   153   154   22
r  206   153   154   22
r  258   54   154   22
r  202   154   153   22
r  401   154   153   22
r  301   154   153   22
r  157   154   153   22
r  501   154   503   22
r  56   154   153   22
r  105   154   153   22
r  151   154   153   22
r  451   153   553   22
r  507   503   553   22
r  303   154   54   22
r  308   154   54   22
r  256   154   54   22
r  306   154   54   22
r  102   154   54   22
r  351   154   54   22
r  107   154   54   22
r  353   154   54   22
r  452   54   153   22
r  158   110   153   22
r  8   110   163   22
r  208   54   110   22
r  454   503   505   22
r  506   154   503   22
r  159   110   163   22
r  9   110   160   22
r  209   163   110   22
r  652   752   853   22
r  657   758   660   22
r  653   853   954   22
r  114   160   110   22
r  13   110   160   22
r  11   160   110   22
r  211   110   160   22
r  12   110   160   22
r  64   160   110   22
r  313   261   110   22
r  262   315   163   22
r  62   110   163   22
r  61   110   163   22
r  312   261   163   22
r  63   110   163   22
r  10   163   160   22
r  112   163   110   22
r  14   163   110   22
r  212   163   160   22
r  704   954   752   22
r  804   954   853   22
r  952   853   954   22
r  806   954   853   22
r  703   853   954   22
r  956   954   853   22
r  1003   853   954   22
r  1104   954   853   22
r  905   853   954   22
r  902   954   853   22
r  1001   853   954   22
r  1103   1054   853   22
r  754   853   752   22
r  855   853   752   22
r  805   853   752   22
r  1054   954   752   22
r  1055   853   752   22
r  1056   853   752   22
r  1101   954   752   22
r  701   752   853   22
r  707   758   608   22
r  612   561   711   22
r  755   752   954   22
r  906   752   954   22
r  856   752   954   22
r  1053   1154   954   22
r  851   752   853   22
r  951   752   853   22
r  1052   853   1154   22
r  1051   853   954   22
r  1201   1154   954   22
r  1007   853   954   22
r  1151   1154   1403   22
r  811   712   661   22
r  416   316   518   22
r  169   68   66   22
r  167   66   68   22
r  220   66   68   22
r  120   68   66   22
r  367   518   568   22
r  72   120   68   22
r  119   68   67   22
r  319   268   67   22
r  221   321   67   22
r  272   321   67   22
r  271   320   67   22
r  118   67   169   22
r  321   323   68   22
r  466   415   518   22
r  1058   1009   1111   22
r  1301   1353   1354   22
r  1352   1403   1354   22
r  909   861   912   22
r  23   127   128   22
r  368   518   568   22
r  74   127   128   22
r  322   371   421   22
r  716   768   568   22
r  615   617   664   22
r  1303   1354   1402   22
r  1159   1310   1259   22
r  1161   1261   1259   22
r  1351   1353   1403   22
r  1401   1452   1354   22
r  1451   1403   1402   22
r  1405   1454   1353   22
r  469   467   568   22
r  570   521   568   22
r  421   270   518   22
r  175   76   127   22
r  125   128   76   22
r  24   128   127   22
r  521   470   568   22
r  176   128   127   22
r  818   769   765   22
r  1212   1311   1259   22
r  1409   1407   1259   22
r  1501   1354   1705   22
r  1410   1510   1463   22
r  915   1017   1066   22
r  28   25   127   22
r  29   128   127   22
r  27   128   127   22
r  228   328   76   22
r  177   76   128   22
r  30   76   128   22
r  130   76   127   22
r  720   672   671   22
r  375   276   328   22
r  770   670   672   22
r  917   1018   966   22
r  1466   1515   1716   22
r  1556   1455   1705   22
r  81   181   132   22
r  329   430   432   22
r  31   132   83   22
r  131   183   233   22
r  425   476   326   22
r  967   1066   1018   22
r  1015   1066   916   22
r  1018   1066   966   22
r  968   1066   966   22
r  919   971   921   22
r  1659   1810   1705   22
r  1908   2058   1705   22
r  1708   1710   1705   22
r  1367   1416   1513   22
r  1565   1616   1663   22
r  675   727   776   22
r  379   432   383   22
r  724   726   773   22
r  429   383   432   22
r  920   869   922   22
r  1020   921   971   22
r  922   871   971   22
r  1954   1705   2002   22
r  1907   1705   2407   22
r  2052   2407   2152   22
r  2005   2152   2407   22
r  2053   2407   2152   22
r  2051   2152   2404   22
r  2006   2404   2152   22
r  2057   2006   2404   22
r  2056   2407   2404   22
r  1709   1705   1809   22
r  1958   2152   2404   22
r  1667   1716   1616   22
r  1316   1215   1265   22
r  1418   1469   1519   22
r  1369   1517   1519   22
r  1714   1616   1716   22
r  1669   1868   1716   22
r  284   132   233   22
r  184   233   86   22
r  334   235   233   22
r  134   83   86   22
r  235   83   138   22
r  185   138   233   22
r  479   528   432   22
r  381   383   432   22
r  533   436   432   22
r  480   432   383   22
r  628   679   626   22
r  528   679   579   22
r  1069   1169   1219   22
r  1170   1219   1168   22
r  1169   1118   1120   22
r  2055   2407   2152   22
r  2103   2404   2152   22
r  2054   2404   2152   22
r  2101   2407   2404   22
r  1712   1764   1813   22
r  1762   1865   1764   22
r  2107   2152   2404   22
r  2205   2152   2404   22
r  2109   2260   2313   22
r  2060   1960   2016   22
r  2106   2407   2404   22
r  1768   1716   1866   22
r  1769   1818   1868   22
r  729   778   777   22
r  779   730   776   22
r  286   288   138   22
r  135   186   138   22
r  484   432   433   22
r  878   978   979   22
r  928   1028   926   22
r  1174   1327   1077   22
r  2251   2407   2152   22
r  2158   2152   2407   22
r  2157   2407   2152   22
r  2453   2407   2152   22
r  2456   2407   2152   22
r  2154   2407   2152   22
r  2206   2407   2152   22
r  2201   2152   2407   22
r  2401   2407   2152   22
r  2410   2407   2152   22
r  2356   2407   2152   22
r  2460   2152   2407   22
r  2254   2152   2407   22
r  2156   2152   2407   22
r  2308   2152   2407   22
r  2304   2152   2407   22
r  2209   2309   2152   22
r  2256   2407   2152   22
r  2359   2152   2407   22
r  2355   2152   2404   22
r  2258   2407   2404   22
r  2360   2407   2404   22
r  2459   2152   2404   22
r  2259   2407   2404   22
r  2301   2152   2404   22
r  2105   2152   2404   22
r  2303   2152   2404   22
r  2204   2407   2404   22
r  2305   2407   2404   22
r  2203   2152   2404   22
r  2306   2152   2404   22
r  2402   2407   2404   22
r  2452   2407   2404   22
r  2307   2152   2404   22
r  2352   2152   2404   22
r  2257   2152   2404   22
r  2309   2152   2404   22
r  2353   2407   2404   22
r  2351   2407   2404   22
r  2155   2404   2152   22
r  2455   2404   2152   22
r  2451   2404   2152   22
r  2104   2404   2407   22
r  2358   2404   2407   22
r  2208   2404   2407   22
r  2302   2404   2407   22
r  2252   2404   2407   22
r  2310   2407   2152   22
r  2210   2313   2414   22
r  1421   1322   1270   22
r  1620   1671   1622   22
r  1819   1816   1866   22
r  1720   1820   1922   22
r  731   683   684   22
r  879   981   978   22
r  880   979   1029   22
r  833   680   935   22
r  37   138   86   22
r  341   343   138   22
r  89   86   138   22
r  287   86   138   22
r  388   439   138   22
r  289   138   186   22
r  192   138   86   22
r  290   138   86   22
r  142   98   86   22
r  488   586   688   22
r  982   1029   978   22
r  1083   1032   978   22
r  1176   1127   1325   22
r  1914   2016   1865   22
r  2320   2374   2313   22
r  2269   2369   2414   22
r  2319   2417   2414   22
r  2113   2313   2414   22
r  2420   2374   2414   22
r  2163   2414   2313   22
r  2470   2371   2313   22
r  2373   2417   2313   22
r  2322   2374   2313   22
r  2371   2423   2313   22
r  2374   2275   2313   22
r  2120   2171   2016   22
r  1423   1575   1524   22
r  682   733   631   22
r  92   98   247   22
r  344   98   149   22
r  294   149   247   22
r  42   149   247   22
r  193   247   149   22
r  143   149   98   22
r  490   644   642   22
r  1427   1330   1325   22
r  2323   2422   2423   22
r  2473   2274   2381   22
r  2170   2222   2221   22
r  1574   1525   1522   22
r  1973   1772   2073   22
r  1424   1473   1475   22
r  244   149   98   22
r  93   247   98   22
r  394   247   149   22
r  345   98   247   22
r  295   247   98   22
r  43   98   247   22
r  194   247   149   22
r  245   98   247   22
r  396   247   98   22
r  346   98   247   22
r  94   247   98   22
r  400   247   98   22
r  95   98   247   22
r  449   498   98   22
r  100   98   247   22
r  47   98   247   22
r  398   98   247   22
r  448   247   98   22
r  446   98   247   22
r  296   247   149   22
r  50   247   149   22
r  500   247   149   22
r  445   247   149   22
r  397   247   149   22
r  250   247   149   22
r  300   98   149   22
r  44   247   149   22
r  200   98   149   22
r  146   98   149   22
r  195   247   149   22
r  49   247   149   22
r  198   98   149   22
r  144   149   247   22
r  491   642   644   22
r  492   490   540   22
r  1137   1135   1184   22
r  1136   1085   1084   22
r  2325   2429   2327   22
r  2474   2423   2429   22
r  2425   2429   2381   22
r  2376   2381   2327   22
r  2024   1922   2075   22
r  348   149   247   22
r  196   149   247   22
r  46   149   247   22
r  145   149   247   22
r  249   149   247   22
r  450   149   247   22
r  96   149   247   22
r  347   149   247   22
r  45   149   247   22
r  350   149   247   22
r  399   149   98   22
r  395   149   98   22
r  349   149   98   22
r  298   149   98   22
r  444   98   644   22
r  542   593   644   22
r  650   498   644   22
r  746   797   644   22
r  648   498   644   22
r  941   839   1041   22
r  943   995   1047   22
r  1042   1093   1142   22
r  946   1047   797   22
r  893   844   797   22
r  1578   1527   1428   22
r  2475   2327   2429   22
r  2480   2381   2327   22
r  2478   2381   2327   22
r  2427   2327   2381   22
r  2276   2381   2429   22
r  2330   2327   2429   22
r  2476   2327   2429   22
r  2230   2381   2429   22
r  2127   2129   2429   22
r  2280   2429   2381   22
r  2477   2327   2381   22
r  2233   2182   2381   22
r  597   644   498   22
r  696   644   797   22
r  748   848   1047   22
r  996   797   1047   22
r  993   942   1047   22
r  944   993   1047   22
r  1239   1187   1142   22
r  945   1047   797   22
r  947   999   848   22
r  1337   1386   1383   22
r  2333   2434   2386   22
r  2128   2077   2027   22
r  2384   2433   2386   22
r  846   1047   848   22
r  1000   1047   848   22
r  994   943   1047   22
r  949   1047   848   22
r  948   848   1047   22
r  800   1047   797   22
r  899   1047   797   22
r  950   848   797   22
r  1050   1047   797   22
r  1099   1095   797   22
r  749   797   1047   22
r  799   797   1047   22
r  850   797   1047   22
r  900   797   848   22
r  1045   797   848   22
r  1339   1341   1440   22
r  1143   1094   1191   22
r  1632   1730   1731   22
r  2079   1926   2027   22
r  2334   2383   2432   22
r  2133   2182   2033   22
r  2031   2033   2132   22
r  2084   2032   2132   22
r  2336   2435   2434   22
r  2387   2487   2393   22
r  2486   2393   2347   22
r  2437   2386   2393   22
r  2185   2236   2434   22
r  1681   1581   1730   22
r  1833   1786   1835   22
r  1150   1449   1349   22
r  1196   1296   1349   22
r  1487   1485   1587   22
r  2088   2039   2393   22
r  2096   2047   2393   22
r  1949   2049   2347   22
r  1946   1999   2347   22
r  2099   2393   2347   22
r  1849   1999   2347   22
r  1994   2393   2347   22
r  1988   2393   2347   22
r  2037   2393   2347   22
r  2194   2393   2347   22
r  2092   2041   2347   22
r  1947   2393   2347   22
r  1997   1999   2347   22
r  2050   2393   2347   22
r  2146   2393   2347   22
r  2042   2393   2347   22
r  1993   2393   2347   22
r  1893   1994   2347   22
r  1835   1737   1886   22
r  1784   1737   1787   22
r  1198   1349   1449   22
r  1200   1449   1349   22
r  1246   1349   1549   22
r  1299   1549   1449   22
r  1447   1349   1549   22
r  1249   1449   1349   22
r  1400   1349   1549   22
r  1350   1399   1449   22
r  1396   1449   1296   22
r  1548   1349   1296   22
r  1540   1489   1440   22
r  1448   1446   1549   22
r  1247   1296   1449   22
r  1250   1296   1349   22
r  1446   1344   1349   22
r  1500   1549   1349   22
r  1747   1649   1349   22
r  1586   1486   1535   22
r  1735   1784   1836   22
r  1686   1637   1688   22
r  1999   1845   2393   22
r  2049   1799   2393   22
r  2148   2347   2393   22
r  2041   2347   2393   22
r  2147   2347   2393   22
r  2195   2347   2393   22
r  1945   2347   2393   22
r  2100   2148   2393   22
r  1897   1899   2393   22
r  1991   1989   2393   22
r  2038   2087   2393   22
r  1846   1794   2393   22
r  1850   1999   2393   22
r  1847   2148   2393   22
r  1899   2148   2393   22
r  2000   1899   2393   22
r  2040   1989   2393   22
r  1942   2041   2393   22
r  1990   1992   2393   22
r  1848   2393   1999   22
r  1888   2039   1741   22
r  1646   1595   1549   22
r  1588   1639   1636   22
r  1639   1741   1690   22
r  1495   1443   1595   22
r  1890   1741   1839   22
r  1690   1589   1841   22
r  1544   1595   1645   22
r  1692   1741   1595   22
r  1   54   153   23
r  51   153   54   23
r  101   54   153   23
r  52   54   153   23
r  3   153   154   23
r  5   54   153   23
r  7   54   153   23
r  354   153   54   23
r  251   153   54   23
r  355   54   153   23
r  356   54   153   23
r  57   54   153   23
r  403   553   54   23
r  254   153   54   23
r  307   153   54   23
r  352   153   54   23
r  201   54   153   23
r  302   54   153   23
r  106   54   153   23
r  156   153   54   23
r  205   153   54   23
r  202   54   154   23
r  401   153   154   23
r  301   153   154   23
r  157   54   154   23
r  56   153   154   23
r  105   153   154   23
r  303   153   154   23
r  256   54   154   23
r  306   54   154   23
r  102   153   154   23
r  351   54   154   23
r  107   54   154   23
r  353   54   154   23
r  151   54   154   23
r  305   154   54   23
r  257   154   54   23
r  402   154   54   23
r  252   154   54   23
r  304   154   153   23
r  6   154   153   23
r  207   154   153   23
r  206   154   153   23
r  453   553   153   23
r  8   163   110   23
r  405   154   553   23
r  406   154   503   23
r  108   110   160   23
r  452   153   553   23
r  454   505   503   23
r  501   54   553   23
r  507   54   503   23
r  9   163   110   23
r  59   110   160   23
r  209   160   163   23
r  260   160   110   23
r  162   110   109   23
r  13   160   110   23
r  11   110   160   23
r  211   160   110   23
r  262   110   160   23
r  112   110   163   23
r  14   110   163   23
r  212   160   163   23
r  265   316   163   23
r  363   314   163   23
r  10   160   163   23
r  652   853   752   23
r  651   752   954   23
r  653   752   853   23
r  61   163   110   23
r  63   163   110   23
r  62   163   110   23
r  12   163   110   23
r  263   163   110   23
r  266   68   67   23
r  704   752   954   23
r  804   853   954   23
r  952   954   853   23
r  703   954   853   23
r  956   853   954   23
r  1104   853   954   23
r  905   954   853   23
r  902   853   954   23
r  1056   954   853   23
r  701   954   752   23
r  755   954   752   23
r  906   853   752   23
r  1102   853   752   23
r  856   954   752   23
r  1053   853   752   23
r  951   954   752   23
r  807   660   752   23
r  1105   853   752   23
r  851   853   752   23
r  908   906   752   23
r  1051   954   752   23
r  707   608   758   23
r  756   752   853   23
r  612   711   561   23
r  169   66   68   23
r  21   68   72   23
r  20   68   66   23
r  120   66   68   23
r  119   66   68   23
r  118   169   67   23
r  218   67   66   23
r  754   752   853   23
r  1054   752   954   23
r  806   752   954   23
r  1103   752   954   23
r  901   752   853   23
r  855   752   853   23
r  805   752   853   23
r  1055   752   853   23
r  1101   752   853   23
r  1106   1154   853   23
r  1007   907   853   23
r  1107   906   853   23
r  1005   752   853   23
r  1052   1154   853   23
r  1204   1152   954   23
r  808   857   954   23
r  1202   1154   954   23
r  1153   1053   954   23
r  1253   1154   954   23
r  910   861   908   23
r  565   664   568   23
r  124   76   128   23
r  74   76   127   23
r  322   373   371   23
r  1058   1110   1160   23
r  1301   1403   1352   23
r  1352   1354   1403   23
r  1303   1403   1354   23
r  961   1009   912   23
r  175   127   76   23
r  24   76   128   23
r  325   328   371   23
r  1160   1111   1259   23
r  1351   1403   1402   23
r  1454   1457   1353   23
r  1407   1358   1259   23
r  1060   961   1111   23
r  767   815   816   23
r  178   127   126   23
r  80   127   128   23
r  27   127   128   23
r  177   25   76   23
r  30   128   76   23
r  28   76   128   23
r  1451   1354   1353   23
r  1357   1408   1259   23
r  1411   1513   1512   23
r  1410   1463   1513   23
r  1363   1515   1264   23
r  1013   1065   1066   23
r  964   966   916   23
r  918   1066   966   23
r  228   76   328   23
r  81   83   233   23
r  280   329   432   23
r  31   83   132   23
r  278   326   432   23
r  1412   1410   1513   23
r  1114   1165   966   23
r  1509   1506   1705   23
r  1016   1014   916   23
r  1015   916   1066   23
r  968   916   1066   23
r  132   83   233   23
r  379   382   432   23
r  1857   1806   1756   23
r  2003   1903   2404   23
r  1954   2002   1705   23
r  1907   2404   1705   23
r  1760   1809   1705   23
r  1709   1809   1705   23
r  1958   2404   1705   23
r  1217   1266   1317   23
r  969   971   871   23
r  1020   971   921   23
r  922   1022   871   23
r  972   871   920   23
r  184   86   138   23
r  34   138   86   23
r  134   86   83   23
r  532   430   379   23
r  480   383   432   23
r  484   433   432   23
r  876   878   979   23
r  627   576   578   23
r  629   527   529   23
r  1754   1705   1656   23
r  2052   2152   2407   23
r  1956   2404   2152   23
r  2053   2152   2407   23
r  2004   2152   2407   23
r  2051   2404   2152   23
r  1957   2057   2404   23
r  2006   2152   2404   23
r  1959   2152   2404   23
r  1761   1863   1813   23
r  1565   1663   1616   23
r  1517   1716   1616   23
r  1667   1616   1716   23
r  1418   1420   1469   23
r  1419   1470   1468   23
r  1817   1769   1868   23
r  185   233   138   23
r  386   432   138   23
r  827   776   878   23
r  2055   2152   2407   23
r  2103   2407   2404   23
r  2054   2152   2404   23
r  2058   2007   2407   23
r  2251   2152   2407   23
r  2158   2407   2152   23
r  2157   2152   2407   23
r  2453   2152   2407   23
r  2409   2407   2152   23
r  2456   2152   2407   23
r  2201   2407   2152   23
r  2356   2152   2407   23
r  2308   2407   2152   23
r  2304   2407   2152   23
r  2209   2152   2313   23
r  2359   2407   2152   23
r  2205   2407   2152   23
r  2106   2152   2407   23
r  2355   2407   2152   23
r  2258   2152   2407   23
r  2360   2152   2407   23
r  2301   2407   2152   23
r  2303   2407   2152   23
r  2204   2152   2407   23
r  2203   2407   2152   23
r  2402   2152   2407   23
r  2452   2152   2407   23
r  2257   2407   2152   23
r  2309   2407   2152   23
r  2009   1958   2404   23
r  2155   2152   2404   23
r  2255   2407   2404   23
r  2458   2407   2404   23
r  2455   2152   2404   23
r  2451   2152   2404   23
r  2104   2152   2404   23
r  2358   2407   2404   23
r  2208   2407   2404   23
r  2252   2152   2404   23
r  2108   2407   2404   23
r  2302   2152   2404   23
r  2101   2404   2407   23
r  2107   2404   2152   23
r  1811   1813   1863   23
r  1911   1862   2016   23
r  2307   2404   2152   23
r  2352   2404   2152   23
r  2459   2404   2152   23
r  2105   2404   2152   23
r  2306   2404   2152   23
r  2254   2404   2152   23
r  2156   2404   2152   23
r  2154   2404   2407   23
r  2206   2404   2407   23
r  2401   2404   2407   23
r  2410   2404   2407   23
r  2256   2404   2407   23
r  2259   2404   2407   23
r  2305   2404   2407   23
r  2353   2404   2407   23
r  1815   1863   1767   23
r  1917   2016   1817   23
r  1077   1126   1325   23
r  37   86   138   23
r  287   236   86   23
r  192   149   138   23
r  290   339   138   23
r  142   86   138   23
r  392   443   138   23
r  289   186   138   23
r  89   138   86   23
r  536   584   688   23
r  878   979   978   23
r  880   978   979   23
r  1031   978   980   23
r  2210   2414   2313   23
r  2310   2152   2414   23
r  2110   2414   2313   23
r  2160   2414   2313   23
r  1178   1127   1077   23
r  243   247   149   23
r  92   247   98   23
r  344   247   98   23
r  294   247   149   23
r  42   247   149   23
r  193   149   247   23
r  143   98   149   23
r  732   684   631   23
r  783   834   935   23
r  490   642   644   23
r  785   935   834   23
r  1232   1131   1130   23
r  2163   2016   2414   23
r  2113   2414   2313   23
r  2420   2371   2313   23
r  2219   2223   2313   23
r  2471   2374   2313   23
r  2372   2374   2313   23
r  2470   2313   2414   23
r  2322   2313   2414   23
r  2422   2374   2414   23
r  1472   1521   1474   23
r  1522   1525   1524   23
r  1573   1472   1524   23
r  1870   1772   1922   23
r  244   247   149   23
r  93   98   247   23
r  394   149   247   23
r  345   149   98   23
r  295   98   247   23
r  43   247   98   23
r  194   149   247   23
r  144   247   149   23
r  245   247   98   23
r  346   247   98   23
r  94   98   247   23
r  95   247   98   23
r  449   98   247   23
r  398   247   98   23
r  448   98   644   23
r  446   247   98   23
r  50   98   247   23
r  397   98   247   23
r  250   98   247   23
r  300   247   98   23
r  44   98   247   23
r  200   247   98   23
r  146   247   98   23
r  348   247   149   23
r  196   247   149   23
r  145   247   149   23
r  249   247   149   23
r  450   98   149   23
r  96   247   149   23
r  347   98   149   23
r  399   98   149   23
r  395   98   149   23
r  444   247   149   23
r  46   247   149   23
r  45   247   149   23
r  350   98   149   23
r  349   247   149   23
r  541   590   441   23
r  888   839   841   23
r  941   1041   839   23
r  836   935   885   23
r  2375   2429   2327   23
r  2472   2371   2423   23
r  1873   1822   1922   23
r  1875   1924   1772   23
r  1973   2073   1772   23
r  1378   1329   1380   23
r  1431   1480   1278   23
r  296   149   247   23
r  195   149   247   23
r  447   149   247   23
r  49   149   247   23
r  400   149   247   23
r  396   149   247   23
r  100   149   98   23
r  47   149   98   23
r  198   149   98   23
r  745   694   797   23
r  747   698   848   23
r  597   548   644   23
r  696   645   644   23
r  698   797   644   23
r  892   839   841   23
r  843   841   1047   23
r  946   797   1047   23
r  1329   1278   1380   23
r  1136   1084   1187   23
r  2425   2381   2429   23
r  2376   2327   2381   23
r  845   897   1047   23
r  697   644   797   23
r  844   945   1047   23
r  996   1047   797   23
r  998   797   848   23
r  1242   1191   1142   23
r  1143   1191   1189   23
r  2426   2327   2429   23
r  2478   2327   2381   23
r  2427   2381   2327   23
r  2279   2381   2327   23
r  2280   2381   2429   23
r  2477   2381   2429   23
r  2330   2429   2327   23
r  2278   2429   2380   23
r  2481   2429   2327   23
r  2476   2429   2327   23
r  2329   2429   2327   23
r  2480   2429   2381   23
r  2276   2429   2381   23
r  2227   2429   2381   23
r  1927   1978   1829   23
r  1528   1482   1577   23
r  1629   1680   1728   23
r  895   844   1047   23
r  894   845   1047   23
r  749   848   797   23
r  799   1047   797   23
r  850   848   797   23
r  900   848   797   23
r  1045   848   797   23
r  846   797   1047   23
r  899   797   1047   23
r  949   797   1047   23
r  1049   797   848   23
r  948   797   848   23
r  950   797   848   23
r  1193   1189   1191   23
r  1483   1532   1383   23
r  2283   2231   2386   23
r  2434   2386   2347   23
r  1680   1729   1580   23
r  1879   1828   1881   23
r  1782   1836   1829   23
r  1632   1731   1730   23
r  1296   1349   1549   23
r  1391   1338   1389   23
r  1245   1296   1549   23
r  1196   1349   1296   23
r  2030   2079   2179   23
r  2134   2185   2132   23
r  2387   2393   2347   23
r  2487   2434   2393   23
r  2486   2347   2386   23
r  2437   2393   2386   23
r  2287   2386   2393   23
r  2081   2132   2033   23
r  1585   1636   1587   23
r  1198   1296   1349   23
r  1200   1296   1449   23
r  1246   1549   1349   23
r  1295   1297   1549   23
r  1297   1349   1449   23
r  1300   1349   1449   23
r  1249   1349   1549   23
r  1247   1449   1296   23
r  1250   1449   1296   23
r  1395   1344   1296   23
r  1550   1349   1296   23
r  1299   1296   1549   23
r  1396   1296   1549   23
r  1500   1649   1549   23
r  1400   1296   1349   23
r  1394   1445   1349   23
r  1398   1449   1349   23
r  1649   1598   1349   23
r  1497   1549   1349   23
r  1598   1500   1349   23
r  1444   1549   1344   23
r  2136   2434   2393   23
r  2186   2393   2347   23
r  1947   1845   2393   23
r  2042   2090   2393   23
r  2149   2393   2347   23
r  1992   2393   2347   23
r  1944   2393   2347   23
r  2039   2393   2347   23
r  1999   2148   2347   23
r  2049   2393   2347   23
r  2147   1999   2347   23
r  2195   2393   2347   23
r  1945   2393   2347   23
r  2100   2393   2347   23
r  2040   2393   2347   23
r  1843   1943   2347   23
r  1797   1999   2347   23
r  1989   2393   2347   23
r  2041   1938   2347   23
r  1897   2393   2347   23
r  1991   2393   2347   23
r  2038   2393   2347   23
r  1990   2039   2347   23
r  1941   2393   2347   23
r  1847   2393   2347   23
r  1899   1999   2347   23
r  1800   1999   1549   23
r  2099   2347   2393   23
r  1849   2347   2393   23
r  1994   2347   2393   23
r  1988   2347   2393   23
r  2037   2347   2393   23
r  2194   2347   2393   23
r  2050   2347   2393   23
r  2146   2347   2393   23
r  1993   2347   2393   23
r  1898   1999   2393   23
r  1845   1894   2393   23
r  1848   2148   2393   23
r  1950   2049   2393   23
r  1900   2148   2393   23
r  1987   2087   2393   23
r  1544   1645   1595   23
r  1644   1595   1593   23
r  1   153   54   24
r  51   154   153   24
r  101   153   54   24
r  52   153   54   24
r  3   154   153   24
r  251   54   153   24
r  355   153   54   24
r  356   153   54   24
r  57   153   54   24
r  403   54   153   24
r  307   54   153   24
r  352   54   153   24
r  106   153   54   24
r  156   54   153   24
r  202   153   54   24
r  157   153   54   24
r  306   153   54   24
r  353   553   153   24
r  151   153   54   24
r  257   54   154   24
r  402   54   154   24
r  252   54   154   24
r  6   54   154   24
r  305   153   154   24
r  304   54   154   24
r  206   153   154   24
r  456   553   154   24
r  401   154   153   24
r  301   154   153   24
r  56   154   153   24
r  105   154   153   24
r  303   154   153   24
r  102   154   153   24
r  255   154   153   24
r  354   154   153   24
r  254   154   153   24
r  205   154   153   24
r  5   154   54   24
r  302   154   54   24
r  351   154   54   24
r  107   154   54   24
r  201   154   54   24
r  256   154   54   24
r  452   553   54   24
r  453   54   553   24
r  454   553   153   24
r  8   160   163   24
r  406   503   553   24
r  208   110   159   24
r  606   660   503   24
r  159   163   110   24
r  9   160   163   24
r  59   160   110   24
r  604   503   954   24
r  652   954   853   24
r  162   109   110   24
r  13   110   160   24
r  261   110   160   24
r  11   160   110   24
r  61   160   163   24
r  63   110   163   24
r  12   110   163   24
r  263   110   163   24
r  62   110   163   24
r  10   163   160   24
r  212   163   160   24
r  262   163   110   24
r  112   163   110   24
r  364   311   110   24
r  462   460   312   24
r  701   853   954   24
r  703   853   954   24
r  266   515   68   24
r  704   853   752   24
r  755   853   954   24
r  956   954   853   24
r  902   954   853   24
r  1001   954   853   24
r  906   954   853   24
r  856   853   954   24
r  857   954   752   24
r  957   853   752   24
r  1006   954   752   24
r  901   853   752   24
r  855   853   752   24
r  805   853   752   24
r  1052   954   752   24
r  907   752   853   24
r  1108   1311   1259   24
r  851   752   853   24
r  1251   1154   1403   24
r  1105   752   853   24
r  807   752   853   24
r  1003   752   853   24
r  804   752   853   24
r  952   752   954   24
r  905   752   954   24
r  1056   752   954   24
r  951   752   954   24
r  1051   752   954   24
r  1101   1154   954   24
r  1155   1206   954   24
r  1203   1403   954   24
r  1055   954   1154   24
r  21   72   68   24
r  222   68   66   24
r  72   68   66   24
r  218   66   67   24
r  370   319   67   24
r  268   67   70   24
r  221   67   68   24
r  20   67   68   24
r  763   864   768   24
r  1253   954   1154   24
r  1158   1259   1310   24
r  1301   1352   1402   24
r  1352   1403   1354   24
r  960   1009   912   24
r  124   127   76   24
r  368   568   518   24
r  74   127   76   24
r  813   764   815   24
r  666   568   518   24
r  911   1012   959   24
r  1302   1403   1402   24
r  1159   1259   1311   24
r  1112   1161   1259   24
r  1356   1305   1259   24
r  1453   1353   1402   24
r  1451   1402   1403   24
r  618   768   518   24
r  175   74   127   24
r  125   127   128   24
r  24   128   76   24
r  717   768   568   24
r  669   570   568   24
r  25   127   74   24
r  767   765   815   24
r  1457   1557   1705   24
r  964   1066   966   24
r  27   128   127   24
r  276   225   76   24
r  28   127   76   24
r  179   76   128   24
r  29   76   128   24
r  178   76   127   24
r  227   278   326   24
r  866   917   966   24
r  820   871   773   24
r  1506   1355   1705   24
r  1507   1658   1705   24
r  1263   1214   1363   24
r  1164   1215   1216   24
r  1552   1705   1652   24
r  81   233   83   24
r  31   233   83   24
r  967   965   1066   24
r  1759   1710   1705   24
r  1710   1809   1705   24
r  1754   1656   1705   24
r  1414   1514   1616   24
r  1267   1164   1215   24
r  132   181   83   24
r  32   233   132   24
r  626   527   776   24
r  1118   1219   1120   24
r  1068   1119   1168   24
r  1955   1705   2152   24
r  2052   2404   2152   24
r  1956   2152   2404   24
r  2053   2404   2152   24
r  2051   2407   2404   24
r  1957   2058   2407   24
r  2006   2058   2152   24
r  2057   2404   2152   24
r  2059   2404   2152   24
r  2056   2152   2407   24
r  1564   1663   1664   24
r  1366   1215   1317   24
r  1316   1216   1365   24
r  234   283   132   24
r  431   281   383   24
r  381   379   383   24
r  485   534   432   24
r  583   436   432   24
r  332   432   379   24
r  134   83   138   24
r  184   83   233   24
r  578   479   529   24
r  628   626   577   24
r  2005   2407   2152   24
r  2103   2404   2407   24
r  2054   2404   2152   24
r  2158   2152   2407   24
r  2157   2407   2152   24
r  2356   2407   2152   24
r  2460   2407   2152   24
r  2308   2152   2407   24
r  2304   2152   2407   24
r  2205   2152   2407   24
r  2106   2407   2152   24
r  2355   2152   2407   24
r  2258   2407   2152   24
r  2303   2152   2407   24
r  2452   2407   2152   24
r  2257   2152   2407   24
r  2255   2152   2407   24
r  2455   2407   2152   24
r  2208   2152   2407   24
r  2302   2407   2152   24
r  2101   2152   2404   24
r  2107   2407   2404   24
r  2109   2313   2404   24
r  2307   2152   2404   24
r  2352   2407   2404   24
r  2459   2152   2404   24
r  2105   2407   2404   24
r  2254   2407   2404   24
r  2154   2407   2404   24
r  2206   2407   2404   24
r  2401   2407   2404   24
r  2410   2152   2404   24
r  2256   2407   2404   24
r  2259   2152   2404   24
r  2305   2152   2404   24
r  2353   2152   2404   24
r  2156   2152   2404   24
r  2306   2152   2404   24
r  2055   2404   2152   24
r  2155   2404   2152   24
r  2451   2404   2152   24
r  2104   2404   2152   24
r  2252   2404   2152   24
r  2251   2404   2152   24
r  2453   2404   2152   24
r  2456   2404   2152   24
r  2204   2404   2152   24
r  2402   2404   2152   24
r  2409   2404   2407   24
r  2201   2404   2407   24
r  2301   2404   2407   24
r  2203   2404   2407   24
r  2351   2404   2407   24
r  2458   2404   2407   24
r  2358   2404   2407   24
r  2359   2404   2407   24
r  1667   1564   1616   24
r  1714   1665   1616   24
r  1668   1716   1616   24
r  1418   1469   1470   24
r  1765   1865   1863   24
r  34   83   138   24
r  235   233   86   24
r  728   776   777   24
r  975   924   978   24
r  877   978   979   24
r  680   631   632   24
r  2210   2313   2414   24
r  1812   1863   1764   24
r  2061   2209   2016   24
r  1914   1863   1764   24
r  1816   1868   1767   24
r  880   1029   978   24
r  882   979   978   24
r  37   138   86   24
r  238   86   186   24
r  387   336   86   24
r  89   141   138   24
r  239   138   186   24
r  390   138   86   24
r  392   138   86   24
r  539   488   644   24
r  687   789   839   24
r  538   536   688   24
r  1031   980   978   24
r  1421   1270   1322   24
r  1175   1077   1325   24
r  1224   1327   1077   24
r  1227   1325   1077   24
r  2470   2374   2313   24
r  2322   2414   2313   24
r  2321   2423   2313   24
r  2472   2423   2313   24
r  2373   2313   2414   24
r  2471   2313   2414   24
r  2164   2066   2414   24
r  2371   2313   2414   24
r  2423   2417   2414   24
r  2014   2016   2012   24
r  1917   1817   2016   24
r  2221   2270   2016   24
r  1769   1866   1818   24
r  732   631   684   24
r  243   149   247   24
r  344   149   247   24
r  193   98   149   24
r  143   247   98   24
r  690   693   688   24
r  785   834   935   24
r  1033   1085   1187   24
r  1232   1181   1131   24
r  1225   1325   1326   24
r  2374   2313   2381   24
r  1572   1473   1524   24
r  1573   1473   1575   24
r  1522   1524   1525   24
r  244   98   247   24
r  98   247   250   24
r  93   149   98   24
r  394   98   149   24
r  345   98   149   24
r  295   149   98   24
r  43   98   247   24
r  194   247   149   24
r  144   98   247   24
r  94   247   98   24
r  95   98   247   24
r  398   98   247   24
r  50   247   98   24
r  445   98   247   24
r  397   247   98   24
r  44   247   98   24
r  200   98   247   24
r  146   98   247   24
r  196   98   247   24
r  145   98   247   24
r  450   247   98   24
r  347   247   98   24
r  46   98   247   24
r  45   98   247   24
r  296   247   149   24
r  195   247   149   24
r  447   247   149   24
r  49   98   149   24
r  400   247   149   24
r  298   98   149   24
r  396   247   149   24
r  100   98   149   24
r  47   247   149   24
r  198   98   149   24
r  547   498   149   24
r  497   446   149   24
r  492   540   642   24
r  747   848   1047   24
r  599   548   498   24
r  697   597   644   24
r  888   738   839   24
r  1280   1380   1329   24
r  1035   1084   1033   24
r  1187   1236   1085   24
r  1136   1187   1084   24
r  1526   1577   1473   24
r  2375   2381   2429   24
r  2425   2327   2381   24
r  2275   2429   2327   24
r  1824   1922   1873   24
r  1775   1777   1772   24
r  1874   1772   1822   24
r  245   149   247   24
r  348   149   247   24
r  249   149   247   24
r  96   149   247   24
r  349   149   247   24
r  300   149   247   24
r  346   149   247   24
r  395   149   98   24
r  350   149   98   24
r  449   149   98   24
r  399   149   98   24
r  793   797   1047   24
r  845   797   848   24
r  796   897   1047   24
r  750   498   1047   24
r  990   839   841   24
r  946   998   797   24
r  1429   1380   1331   24
r  1238   1189   1337   24
r  2124   2024   2075   24
r  2376   2381   2327   24
r  2330   2327   2429   24
r  2475   2429   2327   24
r  2278   2380   2429   24
r  2426   2429   2327   24
r  2329   2327   2429   24
r  2480   2327   2429   24
r  2478   2429   2327   24
r  2231   2229   2381   24
r  2279   2429   2381   24
r  2280   2429   2381   24
r  2477   2429   2381   24
r  2427   2327   2381   24
r  2182   2429   2381   24
r  2379   2381   2328   24
r  2228   2381   2327   24
r  2476   2381   2429   24
r  2229   2381   2429   24
r  2481   2381   2429   24
r  2178   2078   2429   24
r  1000   848   1047   24
r  1098   1047   1296   24
r  895   1047   848   24
r  944   1047   848   24
r  893   845   1047   24
r  1050   848   1047   24
r  799   848   1047   24
r  900   1047   848   24
r  846   1047   797   24
r  899   848   797   24
r  949   848   797   24
r  1049   848   797   24
r  948   1047   797   24
r  1043   1142   797   24
r  950   848   797   24
r  749   797   848   24
r  896   797   848   24
r  894   797   848   24
r  996   797   1047   24
r  945   797   1047   24
r  1094   1193   1189   24
r  2386   2347   2434   24
r  2333   2386   2434   24
r  2384   2335   2347   24
r  1099   797   1349   24
r  1296   1549   1349   24
r  1533   1584   1383   24
r  1586   1485   1383   24
r  1582   1580   1730   24
r  1681   1730   1581   24
r  2130   2078   2027   24
r  2487   2393   2434   24
r  2235   2136   2386   24
r  2435   2386   2393   24
r  2287   2393   2347   24
r  2437   2386   2347   24
r  2134   2132   2033   24
r  1198   1449   1296   24
r  1297   1449   1349   24
r  1248   1349   1549   24
r  1350   1449   1549   24
r  1196   1449   1349   24
r  1245   1349   1296   24
r  1200   1349   1296   24
r  1299   1449   1296   24
r  1448   1549   1296   24
r  1499   1349   1296   24
r  1648   1349   1296   24
r  1397   1449   1296   24
r  1398   1349   1296   24
r  1650   1549   1296   24
r  1500   1349   1296   24
r  1487   1489   1485   24
r  1438   1383   1389   24
r  1343   1392   1349   24
r  2338   2434   2393   24
r  2236   2386   2347   24
r  2186   2347   2393   24
r  1944   1845   2393   24
r  2039   2041   2393   24
r  2195   2096   2393   24
r  1897   1999   2393   24
r  1941   2041   2393   24
r  2136   2393   2347   24
r  1895   1944   2347   24
r  2148   2049   2347   24
r  1846   2393   2347   24
r  2000   2148   2347   24
r  2099   2393   2347   24
r  1994   2393   2347   24
r  2194   2393   2347   24
r  2050   1997   2347   24
r  2146   2045   2347   24
r  1993   2393   2347   24
r  1898   2393   2347   24
r  1845   2393   2347   24
r  1848   2393   2347   24
r  1891   1943   2347   24
r  1896   1845   2347   24
r  1939   2039   2347   24
r  1850   2148   2347   24
r  1942   2393   2347   24
r  1849   2148   2347   24
r  1988   2041   2347   24
r  2037   2393   2347   24
r  1950   2393   2347   24
r  1900   2393   2347   24
r  1987   2038   2347   24
r  1938   1989   2347   24
r  1832   1829   1836   24
r  1247   1296   1549   24
r  1347   1449   1549   24
r  1497   1449   1549   24
r  1300   1296   1349   24
r  1249   1296   1349   24
r  1550   1296   1349   24
r  1345   1445   1349   24
r  1600   1649   1349   24
r  1700   1649   1349   24
r  1599   1647   1349   24
r  1798   2347   2393   24
r  2149   2347   2393   24
r  1992   2347   2393   24
r  2049   2347   2393   24
r  1945   2347   2393   24
r  2100   2347   2393   24
r  2040   2347   2393   24
r  1797   2347   2393   24
r  1989   2347   2393   24
r  1991   2347   2393   24
r  2038   2347   2393   24
r  1847   2347   2393   24
r  1844   1896   2393   24
r  1893   2347   2393   24
r  1795   1844   2393   24
r  1894   2347   2393   24
r  1444   1344   1493   24
r  1545   1644   1594   24
r  1788   1839   1889   24
r  1936   1836   1934   24
r  1693   1744   1594   24
r  1643   1594   1744   24
r  1644   1744   1595   24
r  1739   1790   1839   24
r  1   154   153   25
r  51   54   154   25
r  101   54   153   25
r  3   153   154   25
r  357   154   153   25
r  301   153   154   25
r  207   153   154   25
r  56   153   154   25
r  105   153   154   25
r  451   553   153   25
r  303   153   154   25
r  102   153   154   25
r  254   153   154   25
r  305   154   153   25
r  205   153   154   25
r  302   153   154   25
r  106   154   153   25
r  351   153   154   25
r  201   153   154   25
r  157   154   153   25
r  306   154   153   25
r  452   353   153   25
r  7   153   54   25
r  251   153   54   25
r  307   153   54   25
r  352   154   54   25
r  156   153   54   25
r  257   153   54   25
r  402   153   54   25
r  252   153   54   25
r  6   153   54   25
r  304   154   54   25
r  403   154   54   25
r  258   153   54   25
r  107   54   154   25
r  256   54   154   25
r  5   54   154   25
r  453   553   154   25
r  354   54   154   25
r  401   54   154   25
r  255   54   154   25
r  57   54   153   25
r  202   54   153   25
r  151   54   153   25
r  206   54   153   25
r  356   54   153   25
r  405   503   154   25
r  406   355   154   25
r  408   459   503   25
r  309   358   163   25
r  108   163   110   25
r  159   110   163   25
r  209   163   160   25
r  558   758   553   25
r  652   853   954   25
r  653   954   752   25
r  9   163   160   25
r  214   110   160   25
r  261   160   110   25
r  61   110   160   25
r  12   160   110   25
r  263   365   110   25
r  10   110   163   25
r  212   110   163   25
r  262   160   163   25
r  112   160   163   25
r  314   415   163   25
r  654   954   752   25
r  701   954   853   25
r  658   758   706   25
r  703   954   853   25
r  11   163   160   25
r  13   163   110   25
r  63   163   110   25
r  62   163   110   25
r  704   752   853   25
r  755   954   853   25
r  1104   954   853   25
r  1001   853   954   25
r  906   853   954   25
r  857   853   954   25
r  805   954   853   25
r  1052   853   954   25
r  1005   954   752   25
r  851   853   752   25
r  754   853   752   25
r  1003   853   752   25
r  1007   853   752   25
r  806   954   752   25
r  952   954   752   25
r  951   954   752   25
r  1106   954   752   25
r  804   853   752   25
r  1103   853   752   25
r  1105   853   752   25
r  1251   1403   1354   25
r  901   752   853   25
r  855   752   853   25
r  1053   752   853   25
r  1202   1403   853   25
r  856   752   853   25
r  1051   1154   853   25
r  956   752   954   25
r  902   752   954   25
r  1055   1154   954   25
r  1151   1403   954   25
r  414   315   365   25
r  515   463   518   25
r  22   68   66   25
r  272   371   68   25
r  268   70   67   25
r  321   373   67   25
r  20   68   67   25
r  119   67   66   25
r  72   67   68   25
r  370   67   68   25
r  318   270   68   25
r  911   960   908   25
r  1352   1354   1403   25
r  74   76   127   25
r  322   371   373   25
r  666   518   568   25
r  1302   1402   1403   25
r  1306   1407   1259   25
r  1351   1354   1353   25
r  1405   1403   1354   25
r  1453   1354   1353   25
r  471   570   568   25
r  521   472   518   25
r  175   127   128   25
r  125   128   127   25
r  24   127   128   25
r  25   128   127   25
r  717   568   768   25
r  1451   1403   1404   25
r  1212   1259   1310   25
r  964   966   1066   25
r  229   129   432   25
r  27   127   128   25
r  29   127   76   25
r  130   127   76   25
r  178   126   76   25
r  30   76   128   25
r  28   76   127   25
r  720   771   672   25
r  770   672   670   25
r  1411   1512   1513   25
r  1413   1364   1462   25
r  1114   1066   1165   25
r  1552   1601   1705   25
r  81   83   233   25
r  721   670   773   25
r  823   772   774   25
r  771   670   773   25
r  870   971   922   25
r  1810   1710   1705   25
r  1910   1859   1705   25
r  82   131   232   25
r  480   379   383   25
r  332   433   432   25
r  584   436   432   25
r  32   83   181   25
r  478   529   527   25
r  1955   2152   2404   25
r  1953   1705   2404   25
r  1956   2407   2152   25
r  2053   2152   2404   25
r  2004   2404   2152   25
r  2006   2404   2407   25
r  2057   2152   2407   25
r  2056   2404   2152   25
r  1711   1810   1813   25
r  1315   1366   1266   25
r  33   233   138   25
r  283   235   132   25
r  582   584   684   25
r  685   584   688   25
r  633   581   732   25
r  926   924   979   25
r  1218   1166   1120   25
r  1170   1168   1219   25
r  2005   2404   2407   25
r  2103   2407   2404   25
r  2054   2152   2404   25
r  2460   2152   2407   25
r  2304   2407   2152   25
r  2205   2407   2152   25
r  2106   2152   2407   25
r  2258   2152   2407   25
r  2303   2407   2152   25
r  2257   2407   2152   25
r  2309   2152   2407   25
r  2255   2407   2152   25
r  2455   2152   2407   25
r  2108   2152   2407   25
r  2302   2152   2407   25
r  2101   2407   2152   25
r  2107   2152   2407   25
r  2307   2407   2152   25
r  2352   2152   2407   25
r  2459   2407   2152   25
r  2154   2152   2407   25
r  2410   2407   2152   25
r  2055   2407   2404   25
r  2155   2152   2404   25
r  2451   2407   2404   25
r  2252   2152   2404   25
r  2251   2152   2404   25
r  2453   2407   2404   25
r  2456   2152   2404   25
r  2204   2152   2404   25
r  2402   2152   2404   25
r  2409   2152   2404   25
r  2351   2407   2404   25
r  2458   2407   2404   25
r  2358   2407   2404   25
r  2359   2407   2404   25
r  2104   2152   2404   25
r  2201   2407   2404   25
r  2301   2152   2404   25
r  2203   2152   2404   25
r  1662   1664   1716   25
r  2058   2404   2152   25
r  2306   2404   2152   25
r  2156   2404   2152   25
r  2259   2404   2152   25
r  2305   2404   2152   25
r  2353   2404   2152   25
r  2158   2404   2152   25
r  2355   2404   2152   25
r  2308   2404   2152   25
r  2356   2404   2407   25
r  2452   2404   2407   25
r  2105   2404   2407   25
r  2254   2404   2407   25
r  2206   2404   2407   25
r  2401   2404   2407   25
r  2256   2404   2407   25
r  2157   2404   2407   25
r  1668   1616   1716   25
r  1419   1468   1319   25
r  728   777   776   25
r  630   679   683   25
r  389   138   86   25
r  732   684   683   25
r  877   979   978   25
r  680   632   684   25
r  1126   1325   1077   25
r  2210   2109   2313   25
r  2160   2061   2414   25
r  1815   1767   1764   25
r  2014   2114   2016   25
r  1816   1767   1868   25
r  831   780   978   25
r  137   86   186   25
r  39   86   186   25
r  238   186   86   25
r  240   86   186   25
r  37   86   138   25
r  239   186   138   25
r  390   86   138   25
r  290   138   186   25
r  440   539   644   25
r  785   935   834   25
r  784   935   934   25
r  1082   1133   978   25
r  1175   1127   1077   25
r  1128   1077   1325   25
r  2471   2414   2313   25
r  2371   2414   2313   25
r  2168   2016   2313   25
r  2422   2417   2313   25
r  2321   2313   2414   25
r  2472   2313   2414   25
r  2421   2374   2414   25
r  2119   2016   2223   25
r  243   247   149   25
r  92   149   247   25
r  344   247   149   25
r  193   247   98   25
r  543   644   642   25
r  747   1047   848   25
r  746   848   1047   25
r  448   149   98   25
r  796   848   644   25
r  699   1047   644   25
r  788   686   841   25
r  837   839   886   25
r  892   841   839   25
r  836   885   935   25
r  1423   1474   1575   25
r  1225   1127   1325   25
r  1227   1077   1325   25
r  2322   2313   2374   25
r  1870   1922   1772   25
r  1522   1525   1524   25
r  244   149   98   25
r  98   250   247   25
r  93   247   149   25
r  394   149   98   25
r  345   247   98   25
r  295   98   149   25
r  43   247   98   25
r  194   98   247   25
r  144   247   98   25
r  95   247   98   25
r  398   247   98   25
r  50   98   247   25
r  445   247   98   25
r  200   247   98   25
r  196   247   98   25
r  450   98   247   25
r  347   98   247   25
r  46   247   98   25
r  45   247   98   25
r  296   98   247   25
r  400   98   247   25
r  298   247   98   25
r  198   247   98   25
r  348   98   149   25
r  96   247   149   25
r  346   98   149   25
r  395   98   149   25
r  350   247   149   25
r  449   247   149   25
r  399   98   149   25
r  245   247   149   25
r  249   98   149   25
r  300   98   149   25
r  349   98   149   25
r  496   644   642   25
r  743   644   797   25
r  794   797   1047   25
r  845   848   797   25
r  748   1047   848   25
r  447   149   247   25
r  550   644   498   25
r  750   1047   848   25
r  846   848   1047   25
r  749   1047   797   25
r  793   1047   797   25
r  893   797   848   25
r  1280   1329   1380   25
r  1431   1331   1383   25
r  2325   2327   2429   25
r  2425   2429   2327   25
r  1874   1822   1772   25
r  2176   2027   2429   25
r  1523   1575   1474   25
r  1624   1473   1575   25
r  195   149   247   25
r  396   149   247   25
r  47   149   247   25
r  397   149   247   25
r  44   149   247   25
r  49   149   98   25
r  100   149   98   25
r  146   149   98   25
r  145   149   98   25
r  1100   1047   1296   25
r  944   848   1047   25
r  800   749   1047   25
r  799   1047   848   25
r  900   848   1047   25
r  949   1047   848   25
r  896   848   797   25
r  998   848   797   25
r  996   843   797   25
r  945   1047   797   25
r  894   1047   797   25
r  895   797   1047   25
r  948   797   1047   25
r  1095   797   848   25
r  850   797   848   25
r  899   797   848   25
r  950   797   848   25
r  1049   797   848   25
r  1194   1094   1191   25
r  1379   1428   1331   25
r  1430   1331   1428   25
r  2376   2327   2381   25
r  2475   2327   2429   25
r  2281   2183   2327   25
r  2329   2429   2327   25
r  2480   2429   2327   25
r  2276   2327   2429   25
r  2279   2327   2429   25
r  2280   2327   2429   25
r  2477   2378   2429   25
r  2427   2429   2327   25
r  2476   2327   2381   25
r  2481   2327   2381   25
r  2183   2229   2381   25
r  2379   2328   2381   25
r  2228   2429   2381   25
r  2230   2228   2381   25
r  2229   2280   2381   25
r  2426   2381   2429   25
r  2127   2226   2027   25
r  2478   2381   2429   25
r  2076   2176   2179   25
r  1148   1296   1549   25
r  1287   1238   1383   25
r  1292   1344   1142   25
r  1676   1575   1625   25
r  1629   1728   1577   25
r  1580   1730   1629   25
r  1484   1535   1383   25
r  2333   2434   2386   25
r  1927   1876   1828   25
r  1549   1647   1296   25
r  1246   1349   1549   25
r  1346   1349   1549   25
r  1348   1449   1549   25
r  1197   1349   1549   25
r  1395   1349   1549   25
r  1245   1549   1349   25
r  1200   1449   1349   25
r  1648   1549   1349   25
r  1398   1549   1349   25
r  1650   1349   1549   25
r  1500   1549   1349   25
r  1247   1349   1296   25
r  1598   1647   1296   25
r  1249   1349   1296   25
r  1386   1383   1384   25
r  1679   1727   1581   25
r  1487   1587   1536   25
r  2436   2347   2393   25
r  2337   2434   2347   25
r  2286   2434   2393   25
r  2435   2338   2386   25
r  1982   2033   2083   25
r  2134   2234   2132   25
r  2080   2078   2129   25
r  1979   2078   1829   25
r  1248   1296   1349   25
r  1199   1296   1549   25
r  1448   1296   1549   25
r  1298   1449   1549   25
r  1250   1296   1549   25
r  1447   1296   1349   25
r  1548   1296   1349   25
r  1499   1296   1349   25
r  1547   1549   1349   25
r  1647   1649   1349   25
r  1496   1443   1349   25
r  1799   1999   1349   25
r  1750   1649   1349   25
r  1698   1598   1349   25
r  1699   1647   1349   25
r  1300   1349   1549   25
r  1539   1441   1440   25
r  1635   1485   1535   25
r  1586   1383   1485   25
r  2437   2434   2393   25
r  2186   2393   2347   25
r  1843   1891   2393   25
r  2136   2236   2393   25
r  1898   2148   2393   25
r  1939   1941   2393   25
r  2037   2137   2393   25
r  1900   1999   2393   25
r  1938   2039   2393   25
r  1798   1999   2347   25
r  2149   1999   2347   25
r  1992   2393   2347   25
r  2049   1997   2347   25
r  1945   2393   2347   25
r  2100   2393   2347   25
r  2040   2393   2347   25
r  1989   2393   2347   25
r  2038   2393   2347   25
r  1847   2393   2347   25
r  1844   2393   2347   25
r  1894   1943   2347   25
r  2087   2036   2347   25
r  1794   1595   2347   25
r  1797   2393   2347   25
r  1893   1891   2347   25
r  1796   1845   2347   25
r  1991   2393   2347   25
r  1783   1831   1881   25
r  1696   1595   1594   25
r  1943   2347   2393   25
r  2099   2347   2393   25
r  1994   2347   2393   25
r  2194   2347   2393   25
r  1845   2347   2393   25
r  1848   2347   2393   25
r  1891   2347   2393   25
r  1896   2347   2393   25
r  1942   2347   2393   25
r  1950   2347   2393   25
r  1940   1938   2393   25
r  1846   2347   2393   25
r  1993   2347   2393   25
r  1937   2036   2393   25
r  2036   2088   2393   25
r  1892   1943   2393   25
r  1793   1791   2393   25
r  1935   1886   1984   25
r  1591   1589   1595   25
r  1936   1934   1836   25
r  1839   1741   1841   25
r  1789   1840   1889   25
r  1   153   154   26
r  51   154   54   26
r  52   54   153   26
r  3   54   153   26
r  301   154   153   26
r  105   154   153   26
r  308   153   154   26
r  305   153   154   26
r  205   154   153   26
r  355   154   153   26
r  302   154   153   26
r  106   153   154   26
r  351   154   153   26
r  201   154   153   26
r  306   153   154   26
r  7   154   153   26
r  6   154   153   26
r  304   153   154   26
r  107   154   54   26
r  256   153   54   26
r  5   153   54   26
r  401   154   54   26
r  255   154   54   26
r  353   153   54   26
r  57   153   54   26
r  202   154   54   26
r  151   153   54   26
r  206   154   54   26
r  356   154   54   26
r  405   154   54   26
r  354   154   54   26
r  251   54   153   26
r  407   54   153   26
r  307   54   153   26
r  257   54   153   26
r  402   54   153   26
r  252   54   153   26
r  456   503   553   26
r  207   54   153   26
r  56   54   153   26
r  303   54   153   26
r  102   54   153   26
r  357   54   154   26
r  352   54   154   26
r  403   54   154   26
r  454   153   154   26
r  404   503   154   26
r  455   553   154   26
r  8   163   160   26
r  108   110   163   26
r  651   954   752   26
r  653   752   954   26
r  9   160   163   26
r  209   160   163   26
r  261   110   160   26
r  211   110   160   26
r  61   160   110   26
r  10   160   110   26
r  212   160   110   26
r  314   213   110   26
r  362   364   163   26
r  11   110   163   26
r  63   110   163   26
r  62   110   163   26
r  654   752   954   26
r  701   752   954   26
r  756   954   752   26
r  757   705   954   26
r  703   752   954   26
r  12   163   160   26
r  704   954   752   26
r  755   853   954   26
r  1104   853   954   26
r  1001   954   853   26
r  906   954   853   26
r  1102   954   853   26
r  957   954   853   26
r  805   853   954   26
r  851   954   853   26
r  1003   954   853   26
r  1007   954   853   26
r  806   853   954   26
r  952   853   954   26
r  1106   853   954   26
r  1103   954   853   26
r  1154   954   752   26
r  807   954   752   26
r  901   954   752   26
r  855   954   752   26
r  1053   954   752   26
r  905   954   752   26
r  1056   853   752   26
r  856   853   752   26
r  1101   954   752   26
r  1155   954   752   26
r  902   954   752   26
r  1107   956   752   26
r  1054   853   752   26
r  956   853   752   26
r  1055   853   752   26
r  1203   1154   752   26
r  1105   752   853   26
r  754   752   853   26
r  1201   1102   853   26
r  804   752   853   26
r  1052   752   853   26
r  1005   752   954   26
r  951   752   954   26
r  1006   752   954   26
r  1254   1153   954   26
r  908   752   853   26
r  1008   1110   853   26
r  613   561   711   26
r  513   564   561   26
r  465   315   568   26
r  21   68   66   26
r  22   66   68   26
r  119   66   67   26
r  221   371   67   26
r  72   66   67   26
r  223   76   67   26
r  70   67   18   26
r  71   67   66   26
r  222   67   68   26
r  20   67   68   26
r  1205   1254   1259   26
r  1158   1310   1259   26
r  1301   1402   1353   26
r  1252   1154   1402   26
r  960   1007   908   26
r  174   76   128   26
r  368   518   568   26
r  74   127   76   26
r  322   373   371   26
r  1355   1403   1259   26
r  1110   1010   1259   26
r  1209   1258   1311   26
r  1311   1158   1212   26
r  1351   1353   1354   26
r  1302   1403   1402   26
r  1453   1353   1354   26
r  1451   1353   1354   26
r  125   76   128   26
r  24   128   127   26
r  25   127   128   26
r  964   916   966   26
r  176   74   128   26
r  126   177   78   26
r  28   128   76   26
r  27   128   127   26
r  29   76   127   26
r  30   127   76   26
r  424   524   328   26
r  1460   1409   1513   26
r  1363   1264   1216   26
r  1560   1608   1705   26
r  1511   1513   1705   26
r  770   670   773   26
r  918   916   1066   26
r  228   328   432   26
r  31   83   233   26
r  427   376   326   26
r  1958   2004   2407   26
r  1953   2002   1705   26
r  1116   1014   916   26
r  1117   966   916   26
r  1167   1216   1066   26
r  925   974   773   26
r  32   181   83   26
r  281   284   233   26
r  526   627   575   26
r  1366   1266   1215   26
r  1315   1266   1216   26
r  1955   2007   2407   26
r  2052   2407   2404   26
r  1956   2152   2407   26
r  2053   2407   2152   26
r  2051   2152   2407   26
r  2057   2407   2152   26
r  2008   1957   2407   26
r  1711   1764   1863   26
r  1811   1764   1813   26
r  1960   2011   2016   26
r  1068   1168   1120   26
r  972   920   871   26
r  926   877   978   26
r  1025   926   978   26
r  33   132   86   26
r  133   233   232   26
r  285   233   138   26
r  335   138   83   26
r  183   181   82   26
r  532   432   383   26
r  486   539   688   26
r  633   732   584   26
r  1218   1118   1069   26
r  1617   1716   1568   26
r  1668   1716   1616   26
r  1713   1813   1716   26
r  1517   1616   1716   26
r  1619   1670   1716   26
r  2005   2407   2404   26
r  2103   2404   2407   26
r  2054   2404   2152   26
r  2460   2407   2152   26
r  2205   2152   2407   26
r  2106   2407   2152   26
r  2258   2407   2152   26
r  2360   2407   2313   26
r  2303   2152   2407   26
r  2257   2152   2407   26
r  2309   2407   2152   26
r  2455   2407   2152   26
r  2107   2407   2152   26
r  2109   2414   2407   26
r  2352   2407   2152   26
r  2459   2152   2407   26
r  2154   2407   2152   26
r  2410   2152   2407   26
r  2252   2407   2152   26
r  2409   2407   2152   26
r  2351   2152   2407   26
r  2104   2407   2152   26
r  2059   2007   2404   26
r  2306   2407   2404   26
r  2156   2152   2404   26
r  2305   2152   2404   26
r  2353   2407   2404   26
r  2355   2152   2404   26
r  2308   2407   2404   26
r  2356   2407   2404   26
r  2452   2407   2404   26
r  2105   2407   2404   26
r  2254   2152   2404   26
r  2206   2407   2404   26
r  2401   2152   2404   26
r  2256   2407   2404   26
r  2058   2407   2404   26
r  2158   2407   2404   26
r  2157   2407   2404   26
r  2101   2404   2407   26
r  2055   2404   2407   26
r  2155   2404   2152   26
r  2251   2404   2152   26
r  2456   2404   2152   26
r  2204   2404   2152   26
r  2402   2404   2152   26
r  2302   2404   2152   26
r  2108   2404   2152   26
r  2304   2404   2407   26
r  2255   2404   2407   26
r  2307   2404   2407   26
r  2451   2404   2407   26
r  2453   2404   2407   26
r  2458   2404   2407   26
r  2358   2404   2407   26
r  2359   2404   2407   26
r  2201   2404   2407   26
r  1812   1712   1863   26
r  2010   1961   2016   26
r  1170   1069   1168   26
r  1173   1126   1077   26
r  827   878   979   26
r  877   928   979   26
r  976   927   979   26
r  629   529   527   26
r  630   632   684   26
r  389   86   138   26
r  735   786   834   26
r  681   684   632   26
r  1815   1817   1813   26
r  2310   2312   2313   26
r  2110   2313   2414   26
r  1913   2016   1764   26
r  1864   1764   1813   26
r  2112   2414   2016   26
r  2119   2117   2016   26
r  2071   2223   2016   26
r  1131   1180   978   26
r  1081   978   979   26
r  933   978   979   26
r  1126   1077   1325   26
r  137   186   86   26
r  39   186   86   26
r  237   86   186   26
r  142   149   86   26
r  289   86   186   26
r  37   186   86   26
r  290   186   138   26
r  38   138   186   26
r  41   138   149   26
r  240   138   86   26
r  732   632   684   26
r  1622   1671   1571   26
r  2270   2223   2414   26
r  2372   2423   2414   26
r  2471   2423   2414   26
r  2168   2268   2414   26
r  2423   2414   2313   26
r  2421   2423   2313   26
r  2164   2016   2313   26
r  2373   2370   2313   26
r  2113   2313   2414   26
r  1919   2016   1772   26
r  1326   1127   1077   26
r  243   149   247   26
r  92   247   149   26
r  344   149   247   26
r  294   98   247   26
r  193   98   247   26
r  42   149   247   26
r  1040   888   841   26
r  990   841   839   26
r  884   935   886   26
r  2371   2313   2414   26
r  2473   2381   2429   26
r  2024   2073   2124   26
r  1035   1187   1084   26
r  1135   1184   1187   26
r  1235   1085   1383   26
r  1087   1187   1084   26
r  1233   1231   1383   26
r  244   247   149   26
r  394   98   149   26
r  345   149   247   26
r  295   149   98   26
r  194   247   98   26
r  144   149   247   26
r  43   98   247   26
r  95   98   247   26
r  398   98   247   26
r  50   247   98   26
r  500   98   247   26
r  445   98   247   26
r  250   247   98   26
r  196   98   247   26
r  450   247   98   26
r  46   98   247   26
r  296   247   98   26
r  298   98   247   26
r  198   98   247   26
r  96   98   247   26
r  346   247   98   26
r  395   247   98   26
r  350   98   247   26
r  245   98   247   26
r  448   98   149   26
r  447   247   149   26
r  195   247   149   26
r  396   98   149   26
r  47   247   149   26
r  44   98   149   26
r  49   98   149   26
r  146   98   149   26
r  145   98   149   26
r  397   98   149   26
r  100   98   149   26
r  543   642   644   26
r  747   848   1047   26
r  444   149   247   26
r  496   642   644   26
r  743   797   644   26
r  550   548   644   26
r  943   797   848   26
r  893   1047   797   26
r  1773   1826   1922   26
r  1475   1524   1575   26
r  2429   2380   2179   26
r  2425   2381   2429   26
r  2275   2381   2429   26
r  2225   2174   2429   26
r  2375   2429   2381   26
r  2176   2429   2381   26
r  2124   2075   2025   26
r  1328   1331   1380   26
r  1283   1285   1383   26
r  1136   1084   1085   26
r  94   149   247   26
r  200   149   247   26
r  45   149   247   26
r  347   149   98   26
r  400   149   98   26
r  348   149   98   26
r  399   149   98   26
r  249   149   98   26
r  300   149   98   26
r  349   149   98   26
r  845   797   848   26
r  748   848   1047   26
r  600   644   498   26
r  750   797   1047   26
r  749   848   1047   26
r  1043   943   1142   26
r  944   797   848   26
r  945   797   1047   26
r  996   797   848   26
r  1194   1191   1189   26
r  894   797   1047   26
r  2177   2027   2381   26
r  2376   2381   2327   26
r  2476   2381   2327   26
r  2178   2229   2381   26
r  2426   2327   2381   26
r  2281   2327   2429   26
r  2480   2327   2429   26
r  2427   2327   2429   26
r  2329   2327   2429   26
r  2330   2429   2327   26
r  2278   2429   2327   26
r  2280   2429   2327   26
r  2477   2429   2327   26
r  2478   2429   2381   26
r  1144   1142   1189   26
r  1193   1191   1189   26
r  1243   1192   1189   26
r  1436   1385   1384   26
r  1386   1435   1383   26
r  1334   1332   1337   26
r  895   848   797   26
r  948   848   797   26
r  1095   848   797   26
r  850   1047   797   26
r  950   1047   797   26
r  1049   848   797   26
r  899   848   797   26
r  998   797   848   26
r  1000   797   848   26
r  900   797   848   26
r  799   797   1047   26
r  949   797   1047   26
r  1339   1390   1341   26
r  1195   1349   1549   26
r  1627   1576   1675   26
r  2332   2386   2334   26
r  2077   2179   2080   26
r  2384   2386   2393   26
r  2283   2232   2434   26
r  1293   1393   1349   26
r  1438   1389   1440   26
r  1148   1549   1296   26
r  1931   1982   1829   26
r  1832   1836   1829   26
r  2078   2179   2027   26
r  2483   2434   2393   26
r  2436   2434   2347   26
r  2337   2347   2393   26
r  2487   2386   2347   26
r  1983   2083   2132   26
r  2085   1985   2132   26
r  1149   1296   1549   26
r  1246   1549   1349   26
r  1346   1549   1349   26
r  1297   1197   1549   26
r  1197   1549   1349   26
r  1395   1549   1349   26
r  1200   1349   1549   26
r  1648   1349   1549   26
r  1398   1349   1549   26
r  1650   1549   1349   26
r  1249   1549   1349   26
r  1248   1349   1296   26
r  1199   1549   1296   26
r  1396   1349   1296   26
r  1450   1349   1296   26
r  1448   1549   1296   26
r  1347   1549   1296   26
r  1298   1349   1296   26
r  1499   1649   1296   26
r  1250   1549   1296   26
r  1599   1799   1296   26
r  1699   1349   1296   26
r  1540   1589   1538   26
r  1397   1296   1549   26
r  1247   1296   1349   26
r  1597   1649   1349   26
r  1748   1999   1349   26
r  1749   1649   1349   26
r  1546   1595   1349   26
r  1646   1598   1349   26
r  1300   1549   1349   26
r  1596   1549   1349   26
r  1445   1346   1349   26
r  1800   1549   1349   26
r  1647   1349   1549   26
r  1644   1595   1549   26
r  1733   1832   1881   26
r  1783   1881   1836   26
r  2287   2434   2393   26
r  2186   2347   2393   26
r  1992   1941   2393   26
r  1945   1845   2393   26
r  1847   1999   2393   26
r  1844   1943   2393   26
r  1795   1743   2347   26
r  1943   2393   2347   26
r  2099   1999   2347   26
r  1994   2393   2347   26
r  2194   2294   2347   26
r  1848   1999   2347   26
r  1896   2393   2347   26
r  1942   2393   2347   26
r  1950   1999   2347   26
r  1940   2393   2347   26
r  1846   1946   2347   26
r  1993   2393   2347   26
r  1937   2393   2347   26
r  1845   2393   2347   26
r  1892   1843   2347   26
r  2100   2347   2393   26
r  2040   2347   2393   26
r  1989   2347   2393   26
r  2038   2347   2393   26
r  2087   2347   2393   26
r  1794   2347   2393   26
r  1796   2347   2393   26
r  1991   2347   2393   26
r  1842   1845   2393   26
r  1888   1741   2393   26
r  2084   2132   2135   26
r  1933   1836   1886   26
r  1681   1581   1730   26
r  1643   1744   1694   26
r  1891   2393   1889   26
r  1639   1590   1741   26
r  1839   1841   1741   26
r  1   154   153   27
r  51   54   154   27
r  101   154   54   27
r  52   153   54   27
r  3   153   54   27
r  451   153   154   27
r  308   154   153   27
r  205   153   154   27
r  355   153   154   27
r  302   153   154   27
r  106   154   153   27
r  351   153   154   27
r  201   153   154   27
r  157   153   154   27
r  7   153   154   27
r  156   154   153   27
r  6   153   154   27
r  304   154   153   27
r  256   154   153   27
r  5   154   153   27
r  57   154   153   27
r  202   153   154   27
r  151   154   153   27
r  356   153   154   27
r  405   553   154   27
r  354   153   154   27
r  251   154   54   27
r  307   153   54   27
r  257   153   54   27
r  402   154   54   27
r  207   154   54   27
r  56   154   54   27
r  303   153   54   27
r  102   153   54   27
r  403   154   54   27
r  352   154   54   27
r  252   153   54   27
r  401   54   154   27
r  206   54   154   27
r  452   54   154   27
r  301   54   154   27
r  105   54   154   27
r  254   54   153   27
r  306   54   153   27
r  258   54   153   27
r  353   54   153   27
r  404   154   153   27
r  456   553   503   27
r  455   503   553   27
r  558   660   503   27
r  108   163   110   27
r  159   163   110   27
r  652   752   853   27
r  651   752   954   27
r  653   853   752   27
r  59   163   160   27
r  209   163   160   27
r  214   160   110   27
r  261   160   110   27
r  313   110   160   27
r  61   110   160   27
r  11   160   110   27
r  63   160   110   27
r  62   160   110   27
r  13   110   163   27
r  12   160   163   27
r  654   954   752   27
r  701   954   752   27
r  460   362   511   27
r  658   660   707   27
r  756   752   954   27
r  703   954   752   27
r  64   163   160   27
r  112   163   160   27
r  10   163   160   27
r  211   163   110   27
r  363   163   110   27
r  704   853   954   27
r  755   752   853   27
r  906   853   954   27
r  1102   853   954   27
r  805   954   853   27
r  851   853   954   27
r  1154   1004   853   27
r  901   853   954   27
r  855   853   954   27
r  1053   853   954   27
r  902   853   954   27
r  1054   954   853   27
r  907   954   752   27
r  1105   853   752   27
r  754   853   752   27
r  804   853   752   27
r  1204   952   752   27
r  1051   954   752   27
r  1052   954   752   27
r  1151   1402   752   27
r  1005   853   752   27
r  951   954   752   27
r  1006   954   752   27
r  1201   954   752   27
r  1056   752   853   27
r  856   752   853   27
r  956   752   853   27
r  857   752   853   27
r  1055   752   853   27
r  1104   752   853   27
r  952   752   853   27
r  1106   752   853   27
r  806   752   853   27
r  1001   752   954   27
r  1003   752   954   27
r  1103   752   954   27
r  807   752   954   27
r  905   752   954   27
r  1101   752   954   27
r  1057   1108   954   27
r  1007   752   954   27
r  1253   1154   954   27
r  612   563   711   27
r  167   68   66   27
r  70   18   67   27
r  71   68   67   27
r  222   68   67   27
r  20   66   67   27
r  274   371   67   27
r  322   371   67   27
r  21   67   68   27
r  317   568   68   27
r  74   128   68   27
r  1301   1353   1402   27
r  860   912   908   27
r  763   768   816   27
r  514   664   568   27
r  174   128   76   27
r  124   128   127   27
r  24   76   128   27
r  75   128   176   27
r  25   128   127   27
r  1306   1409   1258   27
r  1351   1402   1353   27
r  1453   1402   1705   27
r  1352   1251   1354   27
r  765   768   814   27
r  864   813   768   27
r  667   568   518   27
r  175   76   127   27
r  125   128   76   27
r  226   127   128   27
r  27   127   128   27
r  30   128   127   27
r  28   127   128   27
r  179   128   76   27
r  29   127   76   27
r  1451   1354   1353   27
r  1063   1012   1066   27
r  767   816   765   27
r  720   672   773   27
r  227   326   377   27
r  81   132   232   27
r  31   132   83   27
r  1508   1457   1705   27
r  1611   1512   1705   27
r  868   768   1066   27
r  428   328   432   27
r  281   432   383   27
r  380   281   383   27
r  429   431   383   27
r  181   83   132   27
r  32   83   86   27
r  1215   1264   1164   27
r  1414   1515   1466   27
r  1314   1214   1216   27
r  1703   1705   1752   27
r  2052   2152   2407   27
r  1956   2404   2152   27
r  2053   2404   2407   27
r  2004   2152   2404   27
r  2051   2404   2152   27
r  2006   2407   2404   27
r  2057   2205   2407   27
r  1959   2404   2407   27
r  2056   2152   2404   27
r  1860   1961   2016   27
r  1761   1813   1863   27
r  1811   1863   1764   27
r  1015   1066   916   27
r  1117   916   966   27
r  725   776   773   27
r  575   527   529   27
r  626   675   527   27
r  478   527   579   27
r  334   83   132   27
r  184   138   83   27
r  133   232   233   27
r  1715   1567   1663   27
r  1516   1716   1415   27
r  1316   1365   1216   27
r  2005   2404   2407   27
r  2103   2407   2404   27
r  2054   2152   2404   27
r  2205   2407   2152   27
r  2303   2407   2152   27
r  2257   2407   2152   27
r  2154   2152   2407   27
r  2410   2407   2152   27
r  2104   2152   2407   27
r  2301   2407   2152   27
r  2059   2152   2407   27
r  2306   2152   2407   27
r  2305   2407   2152   27
r  2355   2407   2152   27
r  2452   2152   2407   27
r  2206   2152   2407   27
r  2401   2407   2152   27
r  2158   2152   2407   27
r  2157   2152   2407   27
r  2101   2407   2404   27
r  2055   2407   2404   27
r  2155   2407   2404   27
r  2251   2407   2404   27
r  2456   2407   2404   27
r  2204   2407   2404   27
r  2402   2152   2404   27
r  2302   2407   2404   27
r  2108   2407   2404   27
r  2304   2152   2404   27
r  2255   2407   2404   27
r  2307   2407   2404   27
r  2451   2407   2404   27
r  2458   2407   2404   27
r  2359   2152   2404   27
r  2201   2407   2404   27
r  2453   2152   2404   27
r  2107   2404   2407   27
r  2106   2404   2407   27
r  2156   2404   2152   27
r  2203   2404   2152   27
r  2254   2404   2152   27
r  2459   2404   2152   27
r  2351   2404   2152   27
r  2258   2404   2407   27
r  2309   2404   2407   27
r  2455   2404   2407   27
r  2352   2404   2407   27
r  2252   2404   2407   27
r  2409   2404   2407   27
r  2356   2404   2407   27
r  2105   2404   2407   27
r  2256   2404   2407   27
r  2353   2404   2407   27
r  1020   919   871   27
r  1021   1072   871   27
r  630   684   632   27
r  731   684   683   27
r  38   186   138   27
r  190   138   186   27
r  342   138   186   27
r  40   138   186   27
r  290   138   341   27
r  240   186   138   27
r  237   186   86   27
r  289   186   86   27
r  1617   1568   1716   27
r  1668   1617   1716   27
r  1517   1716   1616   27
r  2209   2404   2152   27
r  2360   2404   2414   27
r  2114   2066   2414   27
r  2169   2120   2414   27
r  2120   2223   2313   27
r  1913   1764   2016   27
r  1919   2020   2016   27
r  1914   1865   1813   27
r  1864   1813   1764   27
r  1815   1764   1863   27
r  678   727   629   27
r  878   779   776   27
r  391   644   138   27
r  681   632   684   27
r  689   640   839   27
r  837   886   688   27
r  785   885   935   27
r  784   833   935   27
r  92   149   247   27
r  243   98   149   27
r  294   247   98   27
r  42   98   149   27
r  344   247   149   27
r  392   86   644   27
r  143   149   247   27
r  1719   1868   1866   27
r  1420   1369   1270   27
r  1270   1221   1421   27
r  2113   2212   2313   27
r  2112   2016   2414   27
r  1125   1077   1325   27
r  1082   1084   979   27
r  1081   979   978   27
r  491   644   642   27
r  883   834   885   27
r  884   886   935   27
r  93   149   247   27
r  244   149   247   27
r  295   98   149   27
r  43   149   98   27
r  446   98   247   27
r  500   247   644   27
r  250   98   247   27
r  450   98   247   27
r  198   247   98   27
r  194   98   247   27
r  350   247   98   27
r  245   247   98   27
r  448   644   247   27
r  144   98   149   27
r  94   247   149   27
r  200   247   149   27
r  45   247   149   27
r  347   247   149   27
r  400   247   149   27
r  399   98   149   27
r  249   247   149   27
r  300   247   149   27
r  345   247   149   27
r  348   247   149   27
r  349   98   149   27
r  394   149   644   27
r  1819   1866   1767   27
r  1769   1868   1866   27
r  2423   2374   2414   27
r  2321   2374   2313   27
r  2472   2414   2313   27
r  2322   2423   2313   27
r  1078   1228   1325   27
r  1225   1325   1077   27
r  984   885   982   27
r  1181   1282   1130   27
r  650   548   498   27
r  543   540   642   27
r  600   498   644   27
r  938   839   841   27
r  939   839   841   27
r  843   797   848   27
r  943   1047   797   27
r  793   797   1047   27
r  946   1047   848   27
r  1090   1194   1189   27
r  195   149   247   27
r  447   149   247   27
r  47   149   247   27
r  50   149   247   27
r  346   149   247   27
r  395   149   247   27
r  398   149   98   27
r  196   149   98   27
r  298   149   98   27
r  396   149   98   27
r  44   149   98   27
r  49   149   98   27
r  146   149   98   27
r  145   149   98   27
r  100   149   98   27
r  95   149   98   27
r  46   149   98   27
r  96   149   98   27
r  397   149   98   27
r  1573   1575   1473   27
r  1522   1473   1525   27
r  2473   2374   2381   27
r  2225   2429   2381   27
r  2176   2381   2429   27
r  1038   1085   1084   27
r  1136   1085   1084   27
r  794   747   797   27
r  845   848   797   27
r  748   1047   848   27
r  750   848   797   27
r  749   797   848   27
r  944   1047   797   27
r  1089   1092   1142   27
r  945   848   797   27
r  996   848   797   27
r  894   1047   797   27
r  1523   1525   1575   27
r  1574   1473   1525   27
r  2425   2327   2381   27
r  2275   2327   2381   27
r  2375   2327   2429   27
r  2226   2429   2381   27
r  2227   2381   2429   27
r  2126   2177   2429   27
r  1976   2025   1876   27
r  1475   1473   1524   27
r  1234   1187   1383   27
r  995   1047   848   27
r  1100   1296   1047   27
r  895   1047   848   27
r  998   848   797   27
r  900   848   797   27
r  799   1047   797   27
r  949   848   797   27
r  1000   848   797   27
r  1045   797   848   27
r  1050   797   848   27
r  948   797   848   27
r  850   797   1047   27
r  950   797   1047   27
r  1093   1142   1189   27
r  1144   1043   1142   27
r  2431   2327   2386   27
r  2178   2381   2327   27
r  2279   2381   2327   27
r  2427   2381   2327   27
r  2329   2381   2327   27
r  2380   2328   2429   27
r  2330   2327   2429   27
r  2278   2381   2429   27
r  2280   2327   2429   27
r  2477   2327   2429   27
r  2478   2327   2429   27
r  2383   2381   2429   27
r  2228   2381   2429   27
r  2181   2132   2429   27
r  2480   2429   2327   27
r  2376   2429   2381   27
r  2476   2429   2381   27
r  2127   2429   2179   27
r  1981   1880   1829   27
r  1930   1981   1829   27
r  1284   1336   1384   27
r  1486   1587   1383   27
r  1148   1349   1549   27
r  1150   1296   1549   27
r  1244   1296   1549   27
r  1195   1549   1349   27
r  2332   2334   2386   27
r  2333   2386   2434   27
r  2482   2386   2393   27
r  1579   1428   1630   27
r  1580   1629   1730   27
r  1933   1886   1881   27
r  1982   2132   2033   27
r  1438   1440   1389   27
r  1198   1296   1549   27
r  1149   1549   1296   27
r  1246   1349   1549   27
r  1346   1449   1549   27
r  1294   1349   1549   27
r  1196   1349   1549   27
r  1200   1549   1349   27
r  1648   1549   1349   27
r  1398   1549   1349   27
r  1650   1349   1549   27
r  1249   1349   1549   27
r  1248   1549   1349   27
r  1199   1349   1549   27
r  1298   1549   1349   27
r  1498   1549   1296   27
r  1397   1349   1296   27
r  1446   1349   1296   27
r  1400   1349   1296   27
r  1649   1349   1296   27
r  1550   1648   1296   27
r  1600   1549   1296   27
r  1700   1549   1296   27
r  1749   1349   1296   27
r  1300   1349   1296   27
r  1497   1349   1296   27
r  1447   1549   1296   27
r  1247   1549   1296   27
r  1546   1349   1296   27
r  1245   1296   1549   27
r  1344   1298   1349   27
r  1393   1442   1349   27
r  2336   2434   2393   27
r  2387   2434   2393   27
r  2285   2434   2347   27
r  2483   2386   2347   27
r  2235   2386   2393   27
r  2487   2347   2393   27
r  2081   2033   2132   27
r  1681   1632   1581   27
r  1699   1296   1349   27
r  1450   1296   1349   27
r  1697   1595   1349   27
r  1500   1296   1549   27
r  1448   1296   1549   27
r  1347   1296   1549   27
r  1250   1296   1549   27
r  1800   1349   1549   27
r  1647   1549   1349   27
r  1545   1594   1349   27
r  1494   1443   1349   27
r  2286   2386   2347   27
r  2100   1999   2347   27
r  1796   1794   2347   27
r  1991   2039   2347   27
r  1797   1899   2393   27
r  1943   2347   2393   27
r  1994   2347   2393   27
r  1896   2347   2393   27
r  1942   2347   2393   27
r  1940   2041   2393   27
r  1937   2347   2393   27
r  1845   1793   2393   27
r  1993   2347   2393   27
r  2040   2393   2347   27
r  1989   2393   2347   27
r  2038   2393   2347   27
r  2087   2393   2347   27
r  1794   2393   2347   27
r  1842   2393   2347   27
r  1793   2393   2347   27
r  1986   1836   2347   27
r  1935   1836   1886   27
r  1696   1645   1595   27
r  1542   1442   1595   27
r  1890   1789   1741   27
r  1695   1594   1746   27
r  1644   1549   1595   27
r  1691   1590   1889   27
r  1789   1889   1841   27
r  1840   1742   1789   27
r  1   54   154   28
r  51   153   54   28
r  101   153   154   28
r  52   54   153   28
r  3   54   153   28
r  107   54   154   28
r  352   54   154   28
r  357   154   54   28
r  452   154   54   28
r  301   154   54   28
r  105   154   54   28
r  402   54   154   28
r  304   54   154   28
r  258   154   54   28
r  256   54   154   28
r  57   54   154   28
r  451   154   153   28
r  305   54   153   28
r  302   154   153   28
r  201   154   153   28
r  157   154   153   28
r  7   54   153   28
r  6   154   153   28
r  356   154   153   28
r  405   154   153   28
r  257   154   153   28
r  303   154   153   28
r  205   154   153   28
r  355   54   153   28
r  202   54   153   28
r  102   54   153   28
r  252   54   153   28
r  454   503   153   28
r  407   153   54   28
r  353   153   54   28
r  456   503   553   28
r  254   153   54   28
r  453   153   54   28
r  306   153   54   28
r  401   153   54   28
r  206   153   54   28
r  106   153   154   28
r  156   153   154   28
r  255   153   154   28
r  151   153   154   28
r  251   153   154   28
r  207   153   154   28
r  457   553   154   28
r  208   163   154   28
r  56   153   154   28
r  403   153   154   28
r  404   153   54   28
r  159   110   163   28
r  209   110   163   28
r  313   160   110   28
r  212   110   160   28
r  262   110   160   28
r  12   110   160   28
r  59   110   163   28
r  64   160   163   28
r  10   110   163   28
r  211   110   163   28
r  112   110   163   28
r  311   360   362   28
r  9   163   160   28
r  652   954   752   28
r  651   853   752   28
r  655   706   752   28
r  14   163   110   28
r  13   163   110   28
r  61   163   110   28
r  261   163   160   28
r  63   163   160   28
r  705   752   853   28
r  654   853   954   28
r  701   752   954   28
r  658   707   660   28
r  703   752   954   28
r  217   67   66   28
r  167   66   68   28
r  370   68   67   28
r  318   68   67   28
r  21   68   67   28
r  369   321   67   28
r  74   68   67   28
r  371   320   67   28
r  223   67   68   28
r  71   67   68   28
r  222   67   68   28
r  368   568   68   28
r  273   371   68   28
r  612   711   661   28
r  761   661   561   28
r  704   752   853   28
r  755   853   752   28
r  906   954   853   28
r  957   853   954   28
r  805   853   954   28
r  851   954   853   28
r  1154   853   954   28
r  901   954   853   28
r  1053   954   853   28
r  902   954   853   28
r  1203   954   853   28
r  907   853   954   28
r  804   954   853   28
r  1051   853   954   28
r  1005   954   853   28
r  951   853   954   28
r  1006   853   954   28
r  856   853   752   28
r  956   954   752   28
r  857   853   752   28
r  1104   954   752   28
r  952   853   752   28
r  1106   853   752   28
r  1001   954   752   28
r  1003   954   752   28
r  1103   853   752   28
r  905   954   752   28
r  1101   853   752   28
r  1055   853   752   28
r  806   853   752   28
r  807   954   752   28
r  1057   1157   752   28
r  1105   752   853   28
r  754   752   853   28
r  1102   752   853   28
r  1107   752   954   28
r  1054   752   954   28
r  1052   752   954   28
r  1201   752   954   28
r  1008   853   954   28
r  958   960   954   28
r  1152   954   853   28
r  322   67   371   28
r  24   127   76   28
r  25   127   128   28
r  1301   1402   1353   28
r  1354   1452   1705   28
r  665   616   568   28
r  667   518   568   28
r  175   127   76   28
r  125   127   128   28
r  277   326   425   28
r  30   127   128   28
r  28   128   127   28
r  765   814   768   28
r  1111   1159   1259   28
r  1159   1311   1259   28
r  1212   1261   1259   28
r  1456   1454   1705   28
r  624   572   670   28
r  29   76   127   28
r  27   76   127   28
r  81   232   83   28
r  1451   1404   1705   28
r  1561   1512   1705   28
r  1703   1752   1705   28
r  1957   2404   1705   28
r  964   1066   916   28
r  672   670   773   28
r  625   676   725   28
r  281   233   83   28
r  431   382   379   28
r  532   379   432   28
r  581   632   432   28
r  181   233   83   28
r  32   132   138   28
r  1313   1214   1213   28
r  1364   1313   1216   28
r  1214   1317   1216   28
r  1801   1705   1652   28
r  2007   1705   2404   28
r  2052   2404   2152   28
r  2053   2152   2404   28
r  2004   2404   2152   28
r  2051   2407   2404   28
r  1908   1705   2407   28
r  1761   1764   1813   28
r  1811   1764   1863   28
r  925   1025   978   28
r  478   579   527   28
r  184   233   132   28
r  580   527   681   28
r  577   575   629   28
r  918   966   916   28
r  1015   916   1066   28
r  1264   1313   1317   28
r  1316   1216   1215   28
r  2005   2152   2404   28
r  2006   2152   2407   28
r  2057   2407   2404   28
r  2056   2404   2152   28
r  2103   2404   2407   28
r  2054   2404   2152   28
r  2460   2152   2407   28
r  2205   2152   2407   28
r  2303   2152   2407   28
r  2208   2407   2152   28
r  2154   2407   2152   28
r  2410   2152   2407   28
r  2301   2152   2407   28
r  2059   2407   2152   28
r  2306   2407   2152   28
r  2305   2152   2407   28
r  2308   2152   2407   28
r  2452   2407   2152   28
r  2206   2407   2152   28
r  2401   2152   2407   28
r  2058   2152   2407   28
r  2158   2407   2152   28
r  2155   2152   2407   28
r  2302   2152   2407   28
r  2451   2152   2407   28
r  2201   2152   2407   28
r  2453   2407   2152   28
r  2107   2407   2404   28
r  2106   2407   2404   28
r  2203   2152   2404   28
r  2254   2407   2404   28
r  2351   2407   2404   28
r  2455   2152   2404   28
r  2252   2407   2404   28
r  2409   2152   2404   28
r  2356   2407   2404   28
r  2105   2152   2404   28
r  2256   2407   2404   28
r  2209   2313   2404   28
r  2156   2407   2404   28
r  2358   2152   2404   28
r  2258   2407   2404   28
r  2352   2407   2404   28
r  2353   2152   2404   28
r  2101   2404   2407   28
r  2009   2404   2407   28
r  2402   2404   2152   28
r  2304   2404   2152   28
r  2359   2404   2152   28
r  2104   2404   2152   28
r  2157   2404   2152   28
r  2355   2404   2407   28
r  2055   2404   2407   28
r  2251   2404   2407   28
r  2108   2404   2407   28
r  2255   2404   2407   28
r  2307   2404   2407   28
r  2458   2404   2407   28
r  2204   2404   2407   28
r  528   579   628   28
r  579   479   628   28
r  681   684   632   28
r  190   186   138   28
r  291   138   186   28
r  342   186   138   28
r  290   341   138   28
r  390   138   86   28
r  40   86   138   28
r  41   86   138   28
r  832   830   777   28
r  1315   1216   1266   28
r  2259   2407   2313   28
r  2110   2210   2313   28
r  2115   2164   2313   28
r  1914   1764   1863   28
r  1815   1863   1764   28
r  1517   1415   1716   28
r  830   776   777   28
r  1082   979   1084   28
r  933   982   978   28
r  294   149   247   28
r  391   138   644   28
r  42   247   98   28
r  882   978   979   28
r  1073   1022   1077   28
r  1124   1075   1325   28
r  1418   1519   1469   28
r  2166   2016   2414   28
r  2072   2024   1772   28
r  1179   1230   979   28
r  1180   1231   1131   28
r  1133   1084   1187   28
r  934   885   835   28
r  938   790   839   28
r  939   841   839   28
r  491   642   644   28
r  886   834   785   28
r  93   247   149   28
r  244   247   149   28
r  295   149   98   28
r  345   98   247   28
r  194   247   98   28
r  144   247   98   28
r  43   98   149   28
r  446   247   98   28
r  250   247   98   28
r  450   247   98   28
r  296   98   247   28
r  449   98   247   28
r  245   98   247   28
r  94   98   247   28
r  249   98   247   28
r  47   98   149   28
r  50   247   149   28
r  346   98   149   28
r  395   98   149   28
r  398   247   149   28
r  196   98   149   28
r  298   98   149   28
r  396   247   149   28
r  44   98   149   28
r  95   98   149   28
r  46   98   149   28
r  96   98   149   28
r  195   247   149   28
r  146   98   149   28
r  145   98   149   28
r  100   247   149   28
r  397   98   149   28
r  49   98   149   28
r  1174   1077   1325   28
r  1125   1325   1077   28
r  2371   2414   2313   28
r  2323   2423   2313   28
r  2374   2274   2313   28
r  2472   2313   2414   28
r  2322   2313   2414   28
r  1819   1767   1866   28
r  1126   1178   1077   28
r  1225   1326   1325   28
r  1275   1326   1077   28
r  795   797   1047   28
r  500   149   98   28
r  600   548   642   28
r  843   848   797   28
r  793   1047   797   28
r  946   848   1047   28
r  893   848   1047   28
r  200   149   247   28
r  45   149   247   28
r  347   149   247   28
r  400   149   247   28
r  348   149   247   28
r  300   149   247   28
r  198   149   247   28
r  350   149   247   28
r  448   149   98   28
r  399   149   98   28
r  349   149   98   28
r  445   149   98   28
r  1226   1178   1327   28
r  2424   2381   2473   28
r  2225   2381   2429   28
r  2176   2225   2381   28
r  2024   2075   2073   28
r  1279   1380   1331   28
r  1431   1383   1331   28
r  1285   1383   1337   28
r  845   1047   848   28
r  748   848   1047   28
r  699   644   1047   28
r  846   797   848   28
r  844   1047   848   28
r  944   848   1047   28
r  945   1047   848   28
r  996   797   848   28
r  894   848   1047   28
r  1424   1524   1473   28
r  1522   1525   1473   28
r  2474   2429   2327   28
r  2275   2381   2327   28
r  2376   2327   2429   28
r  2426   2429   2327   28
r  2476   2327   2429   28
r  2226   2126   2429   28
r  2278   2327   2381   28
r  2228   2327   2381   28
r  2227   2225   2381   28
r  2279   2327   2381   28
r  2427   2429   2381   28
r  2329   2429   2381   28
r  1676   1576   1627   28
r  1977   2026   1829   28
r  1338   1341   1383   28
r  900   1047   848   28
r  749   848   797   28
r  1045   1047   797   28
r  1050   848   797   28
r  948   1047   797   28
r  850   848   797   28
r  950   848   797   28
r  1099   1349   797   28
r  895   797   1047   28
r  994   797   848   28
r  1000   797   848   28
r  799   797   1047   28
r  1044   1144   1047   28
r  2475   2381   2327   28
r  2477   2381   2327   28
r  2480   2381   2429   28
r  2079   2027   2429   28
r  2332   2386   2334   28
r  2432   2386   2393   28
r  2386   2334   2347   28
r  2482   2434   2347   28
r  2184   2033   2083   28
r  2077   2080   2179   28
r  1882   1933   1829   28
r  1980   1881   1829   28
r  1244   1549   1296   28
r  1148   1296   1349   28
r  1150   1349   1296   28
r  1149   1296   1549   28
r  2333   2231   2393   28
r  2433   2334   2393   28
r  2129   2180   2030   28
r  2080   2179   2027   28
r  2334   2434   2393   28
r  2336   2393   2347   28
r  2385   2334   2393   28
r  2337   2393   2347   28
r  2284   2434   2347   28
r  2435   2393   2347   28
r  2484   2386   2393   28
r  2486   2386   2393   28
r  2335   2386   2393   28
r  2084   2135   2132   28
r  1245   1549   1296   28
r  1196   1549   1349   28
r  1344   1295   1549   28
r  1198   1349   1296   28
r  1246   1449   1349   28
r  1197   1349   1549   28
r  1648   1349   1549   28
r  1650   1549   1349   28
r  1249   1549   1349   28
r  1248   1349   1549   28
r  1199   1549   1349   28
r  1396   1549   1349   28
r  1298   1349   1549   28
r  1498   1349   1549   28
r  1649   1549   1349   28
r  1497   1549   1349   28
r  1447   1349   1549   28
r  1247   1349   1549   28
r  1546   1549   1349   28
r  1699   1549   1296   28
r  1597   1549   1296   28
r  1450   1549   1296   28
r  1750   1349   1296   28
r  1698   1549   1296   28
r  1500   1549   1296   28
r  1448   1549   1296   28
r  1250   1349   1296   28
r  1496   1344   1296   28
r  1747   1349   1296   28
r  1748   1549   1296   28
r  1697   1349   1296   28
r  1347   1349   1296   28
r  1345   1349   1296   28
r  1547   1448   1296   28
r  1596   1547   1296   28
r  1200   1296   1549   28
r  2186   2237   2347   28
r  2487   2434   2347   28
r  1994   1945   2347   28
r  1942   1991   2347   28
r  1937   2087   2347   28
r  1993   1944   2347   28
r  2285   2386   2393   28
r  2040   2347   2393   28
r  1989   2347   2393   28
r  2038   2041   2393   28
r  2087   2347   2393   28
r  1794   1845   2393   28
r  1891   1889   2393   28
r  1986   1886   2393   28
r  1792   1741   2393   28
r  2036   2393   2347   28
r  1896   2393   2347   28
r  1943   2393   2347   28
r  1740   1890   2347   28
r  1936   1985   1787   28
r  1935   1886   1836   28
r  1600   1296   1549   28
r  1700   1296   1549   28
r  1398   1296   1549   28
r  1647   1498   1549   28
r  1397   1296   1349   28
r  1446   1296   1349   28
r  1400   1296   1349   28
r  1749   1296   1349   28
r  1800   1649   1349   28
r  1492   1443   1349   28
r  1444   1495   1349   28
r  1495   1394   1349   28
r  1646   1349   1595   28
r  1300   1296   1549   28
r  1541   1641   1595   28
r  1739   1741   1889   28
r  1738   1689   1839   28
r  1645   1744   1594   28
r  1644   1593   1693   28
r  1694   1595   1593   28
r  1591   1595   1593   28
r  1789   1741   1889   28
r  1840   1889   1738   28
r  1   154   54   29
r  51   54   153   29
r  101   54   153   29
r  52   154   54   29
r  3   154   54   29
r  452   54   154   29
r  301   54   154   29
r  402   154   54   29
r  308   54   154   29
r  258   54   154   29
r  305   154   54   29
r  302   54   154   29
r  157   54   154   29
r  6   54   154   29
r  257   54   154   29
r  202   154   54   29
r  307   154   153   29
r  353   54   153   29
r  254   54   153   29
r  306   154   153   29
r  351   154   153   29
r  401   154   153   29
r  206   54   153   29
r  354   54   153   29
r  156   154   153   29
r  255   154   153   29
r  151   54   153   29
r  251   54   153   29
r  207   54   153   29
r  106   154   153   29
r  403   54   153   29
r  205   153   154   29
r  201   153   154   29
r  5   153   154   29
r  356   153   154   29
r  303   153   154   29
r  357   153   154   29
r  105   153   154   29
r  404   553   154   29
r  352   153   54   29
r  304   153   54   29
r  256   153   54   29
r  7   153   54   29
r  102   153   54   29
r  455   553   54   29
r  57   153   54   29
r  252   153   54   29
r  406   553   54   29
r  509   255   154   29
r  159   163   110   29
r  259   110   160   29
r  551   602   603   29
r  456   154   503   29
r  209   160   110   29
r  262   160   110   29
r  62   110   160   29
r  10   160   110   29
r  211   160   110   29
r  9   160   163   29
r  61   110   163   29
r  261   160   163   29
r  63   110   163   29
r  315   264   163   29
r  14   110   163   29
r  13   110   163   29
r  652   853   954   29
r  653   954   853   29
r  59   163   110   29
r  112   163   110   29
r  12   163   110   29
r  313   163   160   29
r  265   163   110   29
r  705   853   752   29
r  654   954   853   29
r  701   853   752   29
r  709   660   758   29
r  756   954   752   29
r  757   954   659   29
r  703   954   752   29
r  612   661   711   29
r  217   66   67   29
r  270   68   66   29
r  224   124   68   29
r  20   68   66   29
r  274   221   68   29
r  318   369   68   29
r  21   66   68   29
r  369   568   68   29
r  74   76   127   29
r  71   66   67   29
r  222   68   67   29
r  273   321   67   29
r  124   76   68   29
r  323   371   68   29
r  704   853   752   29
r  755   954   853   29
r  906   853   954   29
r  1155   1106   954   29
r  902   853   954   29
r  804   853   954   29
r  951   954   853   29
r  1006   954   853   29
r  1104   853   954   29
r  1003   853   954   29
r  1055   954   853   29
r  807   853   954   29
r  754   853   752   29
r  1153   1054   752   29
r  1056   853   752   29
r  1102   853   752   29
r  1054   954   752   29
r  1052   954   752   29
r  1201   954   752   29
r  1008   1006   752   29
r  1105   954   752   29
r  1007   853   752   29
r  1253   1153   752   29
r  952   752   853   29
r  1101   752   853   29
r  957   752   853   29
r  1051   752   853   29
r  851   752   954   29
r  901   752   954   29
r  1053   752   954   29
r  1203   752   954   29
r  1005   752   954   29
r  956   752   954   29
r  1001   752   954   29
r  905   752   954   29
r  1152   853   954   29
r  1157   1259   954   29
r  1205   1259   954   29
r  958   954   853   29
r  515   415   568   29
r  174   76   128   29
r  423   520   371   29
r  125   128   127   29
r  1252   1402   1354   29
r  1301   1353   1402   29
r  614   665   568   29
r  571   670   518   29
r  29   128   76   29
r  28   76   128   29
r  1455   1403   1705   29
r  1262   1362   1259   29
r  1408   1410   1259   29
r  1351   1353   1403   29
r  1453   1705   1353   29
r  1454   1403   1354   29
r  672   773   670   29
r  27   127   76   29
r  277   275   326   29
r  1458   1558   1705   29
r  1459   1457   1705   29
r  1213   1164   1216   29
r  1958   2407   2404   29
r  1801   1652   1705   29
r  1860   2016   1705   29
r  1956   2152   1705   29
r  1013   1066   916   29
r  964   966   1066   29
r  625   725   773   29
r  230   432   83   29
r  330   379   383   29
r  181   132   233   29
r  1264   1317   1215   29
r  1955   2407   2152   29
r  2007   2404   2152   29
r  2052   2407   2404   29
r  2053   2404   2152   29
r  1661   1712   1813   29
r  2008   2407   2152   29
r  1811   1863   1764   29
r  2006   2404   2152   29
r  1015   1066   916   29
r  918   916   966   29
r  1018   916   1066   29
r  32   86   83   29
r  332   432   383   29
r  184   132   233   29
r  1413   1361   1513   29
r  1316   1215   1216   29
r  2005   2407   2152   29
r  2057   2152   2407   29
r  2056   2407   2404   29
r  2103   2407   2404   29
r  2054   2407   2404   29
r  2303   2407   2152   29
r  2154   2152   2407   29
r  2306   2152   2407   29
r  2308   2407   2152   29
r  2401   2407   2152   29
r  2058   2407   2152   29
r  2158   2152   2407   29
r  2451   2407   2152   29
r  2453   2152   2407   29
r  2107   2152   2407   29
r  2106   2152   2407   29
r  2351   2152   2407   29
r  2455   2407   2152   29
r  2105   2407   2152   29
r  2352   2152   2407   29
r  2353   2407   2152   29
r  2101   2407   2404   29
r  2304   2152   2404   29
r  2459   2152   2404   29
r  2309   2152   2404   29
r  2104   2152   2404   29
r  2157   2152   2404   29
r  2355   2407   2404   29
r  2251   2407   2404   29
r  2108   2407   2404   29
r  2255   2407   2404   29
r  2307   2407   2404   29
r  2159   2010   2404   29
r  2458   2407   2404   29
r  2204   2152   2404   29
r  2402   2152   2404   29
r  2203   2404   2152   29
r  2109   2404   2152   29
r  2358   2404   2152   29
r  2205   2404   2152   29
r  2305   2404   2152   29
r  2155   2404   2152   29
r  2301   2404   2152   29
r  2302   2404   2152   29
r  2201   2404   2152   29
r  2257   2404   2407   29
r  2208   2404   2407   29
r  2452   2404   2407   29
r  2206   2404   2407   29
r  2456   2404   2407   29
r  2254   2404   2407   29
r  2252   2404   2407   29
r  2356   2404   2407   29
r  2256   2404   2407   29
r  2156   2404   2407   29
r  2258   2404   2407   29
r  2259   2313   2407   29
r  875   773   978   29
r  677   626   527   29
r  1468   1415   1716   29
r  1713   1716   1813   29
r  2114   2414   2313   29
r  2168   2313   2016   29
r  2122   2120   2016   29
r  1614   1616   1665   29
r  1619   1568   1616   29
r  830   779   979   29
r  878   776   979   29
r  1081   1029   979   29
r  680   684   632   29
r  1069   1168   1120   29
r  1173   1077   1325   29
r  338   86   186   29
r  291   186   138   29
r  732   683   632   29
r  238   138   186   29
r  40   138   86   29
r  1319   1270   1322   29
r  2064   2016   2414   29
r  2166   2066   2313   29
r  2172   2221   2313   29
r  1768   1868   1817   29
r  1082   978   979   29
r  1174   1223   1077   29
r  1125   1077   1325   29
r  1370   1270   1421   29
r  41   138   98   29
r  92   247   149   29
r  344   149   247   29
r  193   149   98   29
r  143   247   149   29
r  834   934   886   29
r  784   935   835   29
r  2371   2374   2414   29
r  2323   2374   2414   29
r  2472   2414   2313   29
r  2322   2374   2313   29
r  2022   1772   1922   29
r  1974   2073   1772   29
r  1826   1924   1772   29
r  1229   1178   1325   29
r  1330   1431   1278   29
r  1137   1184   1186   29
r  1233   1383   1231   29
r  1226   1325   1077   29
r  1276   1327   1077   29
r  244   98   247   29
r  42   98   247   29
r  93   149   247   29
r  394   644   149   29
r  345   149   98   29
r  295   98   149   29
r  194   98   247   29
r  144   149   247   29
r  741   692   839   29
r  936   834   836   29
r  2225   2274   2381   29
r  1572   1524   1473   29
r  1429   1329   1480   29
r  1430   1481   1331   29
r  1234   1383   1337   29
r  1285   1187   1383   29
r  245   149   98   29
r  399   98   149   29
r  49   149   98   29
r  146   149   98   29
r  397   149   98   29
r  44   149   98   29
r  445   98   149   29
r  46   149   98   29
r  298   149   98   29
r  96   149   98   29
r  196   149   98   29
r  447   98   149   29
r  346   149   98   29
r  198   98   149   29
r  347   98   149   29
r  446   98   247   29
r  250   98   247   29
r  450   149   247   29
r  50   98   247   29
r  398   149   247   29
r  396   149   247   29
r  195   149   247   29
r  100   98   247   29
r  296   247   98   29
r  449   247   644   29
r  94   247   98   29
r  249   247   98   29
r  47   247   98   29
r  145   247   98   29
r  200   247   149   29
r  45   247   149   29
r  348   247   149   29
r  300   247   149   29
r  400   247   149   29
r  350   247   149   29
r  349   247   149   29
r  595   546   642   29
r  742   839   644   29
r  699   797   644   29
r  943   848   1047   29
r  793   797   1047   29
r  1042   991   1189   29
r  946   1047   848   29
r  2474   2327   2429   29
r  2275   2429   2381   29
r  2382   2434   2393   29
r  2427   2327   2429   29
r  2329   2327   2429   29
r  2475   2327   2381   29
r  2178   2327   2381   29
r  2477   2327   2381   29
r  2480   2429   2381   29
r  1574   1525   1473   29
r  1388   1488   1383   29
r  745   644   1047   29
r  845   797   1047   29
r  648   644   498   29
r  700   644   797   29
r  846   1047   797   29
r  844   848   1047   29
r  896   1047   848   29
r  945   848   1047   29
r  996   848   797   29
r  894   1047   848   29
r  2279   2381   2327   29
r  2478   2381   2327   29
r  2079   2077   2027   29
r  2183   2381   2429   29
r  2426   2381   2429   29
r  2180   2281   2429   29
r  2128   2027   2429   29
r  2432   2393   2347   29
r  2386   2434   2393   29
r  2234   2185   2393   29
r  1932   1981   1829   29
r  1093   1189   1142   29
r  1095   1047   848   29
r  1244   1296   1549   29
r  1487   1485   1636   29
r  1438   1389   1440   29
r  895   1047   797   29
r  1096   797   848   29
r  998   797   848   29
r  994   848   797   29
r  899   797   848   29
r  1000   848   797   29
r  1050   797   848   29
r  949   797   848   29
r  850   797   848   29
r  950   797   848   29
r  995   848   1047   29
r  900   797   1047   29
r  1045   797   1047   29
r  948   797   1047   29
r  1098   1296   1047   29
r  999   1047   848   29
r  799   1047   797   29
r  2333   2434   2347   29
r  2433   2393   2347   29
r  2434   2383   2393   29
r  2334   2393   2347   29
r  2336   2347   2393   29
r  2385   2434   2347   29
r  2235   2434   2347   29
r  2335   2434   2347   29
r  2040   2038   2347   29
r  2435   2386   2393   29
r  2337   2386   2393   29
r  2284   2386   2393   29
r  1842   1943   2393   29
r  1793   2347   2393   29
r  1943   2347   2393   29
r  2036   2186   2393   29
r  1896   2347   2393   29
r  1740   2347   2393   29
r  1982   2083   2132   29
r  1146   1349   1549   29
r  1343   1294   1296   29
r  1294   1549   1349   29
r  1196   1296   1549   29
r  1150   1549   1349   29
r  1148   1549   1296   29
r  1149   1549   1296   29
r  2185   2335   2347   29
r  2135   2132   2083   29
r  2484   2393   2347   29
r  2486   2393   2347   29
r  2485   2386   2347   29
r  1989   2393   2347   29
r  2087   2393   2347   29
r  2086   2186   2347   29
r  1744   1595   2347   29
r  1791   1691   2347   29
r  1800   1549   1296   29
r  1799   1349   1296   29
r  1748   1296   1549   29
r  1792   2393   1741   29
r  1743   1694   1593   29
r  1690   1841   1889   29
r  1739   1889   1741   29
r  2085   2132   2083   29
r  1837   1785   1886   29
r  1442   1496   1349   29
r  1448   1296   1549   29
r  1600   1549   1296   29
r  1547   1296   1549   29
r  1398   1549   1296   29
r  1450   1296   1549   29
r  1699   1296   1549   29
r  1650   1296   1549   29
r  1199   1296   1549   29
r  1400   1549   1296   29
r  1649   1296   1549   29
r  1495   1595   1296   29
r  1198   1296   1349   29
r  1648   1296   1349   29
r  1498   1296   1349   29
r  1447   1296   1349   29
r  1247   1296   1349   29
r  1750   1296   1349   29
r  1697   1549   1349   29
r  1347   1549   1349   29
r  1443   1345   1349   29
r  1197   1549   1349   29
r  1248   1549   1349   29
r  1298   1549   1349   29
r  1345   1496   1349   29
r  1250   1296   1349   29
r  1548   1349   1296   29
r  1749   1349   1296   29
r  1446   1349   1296   29
r  1646   1595   1296   29
r  1397   1349   1296   29
r  1200   1349   1296   29
r  1700   1349   1296   29
r  1300   1449   1296   29
r  1647   1349   1296   29
r  1249   1349   1549   29
r  1396   1349   1549   29
r  1497   1349   1549   29
r  1395   1349   1549   29
r  1546   1349   1549   29
r  1597   1349   1549   29
r  1445   1349   1296   29
r  1694   1594   1595   29
r  1840   1789   1889   29
r  1935   1836   1886   29
r  1789   1889   1741   29
r  1645   1643   1543   29
r  1644   1595   1593   29
r  1   54   154   30
r  51   153   54   30
r  101   154   54   30
r  52   54   154   30
r  3   54   154   30
r  452   154   54   30
r  258   154   54   30
r  305   54   154   30
r  157   154   54   30
r  257   154   54   30
r  202   54   154   30
r  454   154   54   30
r  307   54   154   30
r  306   54   154   30
r  351   54   154   30
r  206   154   54   30
r  354   154   54   30
r  251   154   54   30
r  205   54   153   30
r  201   154   153   30
r  5   154   153   30
r  356   154   153   30
r  303   154   153   30
r  105   54   153   30
r  404   154   153   30
r  352   154   153   30
r  304   54   153   30
r  256   54   153   30
r  102   54   153   30
r  455   54   153   30
r  252   54   153   30
r  406   54   153   30
r  108   110   153   30
r  56   54   153   30
r  57   54   153   30
r  407   54   153   30
r  353   153   54   30
r  254   153   54   30
r  355   153   54   30
r  107   153   54   30
r  151   153   54   30
r  207   153   54   30
r  457   503   553   30
r  403   153   54   30
r  301   153   54   30
r  308   153   54   30
r  302   153   54   30
r  6   153   54   30
r  402   153   154   30
r  451   153   154   30
r  405   153   154   30
r  156   153   154   30
r  255   153   154   30
r  106   153   154   30
r  401   153   154   30
r  408   553   54   30
r  456   553   54   30
r  159   110   163   30
r  8   110   163   30
r  263   110   314   30
r  262   110   160   30
r  11   110   160   30
r  62   160   110   30
r  14   160   110   30
r  13   160   110   30
r  311   362   163   30
r  59   110   163   30
r  112   110   163   30
r  12   160   163   30
r  313   110   163   30
r  265   110   163   30
r  61   163   110   30
r  212   163   110   30
r  63   163   110   30
r  651   752   853   30
r  657   706   708   30
r  653   853   954   30
r  316   414   67   30
r  413   361   110   30
r  654   853   954   30
r  709   757   660   30
r  658   706   758   30
r  562   711   662   30
r  613   713   561   30
r  756   752   954   30
r  703   853   954   30
r  416   365   568   30
r  317   419   67   30
r  367   568   68   30
r  19   68   66   30
r  167   68   66   30
r  270   66   68   30
r  20   66   68   30
r  370   270   68   30
r  223   68   67   30
r  124   68   67   30
r  174   128   67   30
r  373   371   67   30
r  222   67   68   30
r  23   76   68   30
r  704   954   853   30
r  755   752   954   30
r  1154   954   853   30
r  855   954   853   30
r  804   954   853   30
r  951   853   954   30
r  1006   853   954   30
r  856   954   853   30
r  1106   954   853   30
r  1103   954   853   30
r  1055   853   954   30
r  1054   853   954   30
r  1007   954   853   30
r  952   954   752   30
r  1101   954   752   30
r  957   853   752   30
r  1051   853   752   30
r  851   954   752   30
r  1053   954   752   30
r  1203   954   752   30
r  1005   853   752   30
r  956   954   752   30
r  905   853   752   30
r  1152   1154   752   30
r  1202   954   752   30
r  901   853   752   30
r  754   752   853   30
r  1153   752   853   30
r  902   752   853   30
r  1052   752   954   30
r  1201   752   954   30
r  1105   752   954   30
r  564   665   568   30
r  614   566   518   30
r  74   67   76   30
r  325   373   328   30
r  125   76   128   30
r  175   128   127   30
r  24   76   127   30
r  1301   1402   1353   30
r  860   909   912   30
r  615   664   568   30
r  716   664   768   30
r  912   1011   908   30
r  75   127   128   30
r  28   128   76   30
r  25   74   127   30
r  80   76   127   30
r  27   128   127   30
r  1060   1161   1259   30
r  1353   1401   1705   30
r  1351   1403   1402   30
r  1352   1403   1401   30
r  1452   1353   1354   30
r  1451   1705   1354   30
r  911   908   960   30
r  227   377   326   30
r  277   326   426   30
r  1361   1460   1513   30
r  1263   1164   1216   30
r  1958   2404   2407   30
r  2051   2404   1705   30
r  964   1066   966   30
r  868   916   966   30
r  284   233   81   30
r  132   233   138   30
r  1955   2152   2407   30
r  1906   1705   2407   30
r  2007   2152   2404   30
r  2053   2407   2404   30
r  2004   2407   2404   30
r  1761   1863   1764   30
r  2008   2059   2404   30
r  1811   1764   1863   30
r  2006   2407   2404   30
r  2101   2404   2407   30
r  1117   1066   916   30
r  1015   916   1066   30
r  380   383   382   30
r  385   436   383   30
r  478   578   432   30
r  332   383   432   30
r  283   83   432   30
r  627   578   629   30
r  133   233   138   30
r  335   86   138   30
r  334   233   83   30
r  184   83   138   30
r  1366   1317   1266   30
r  2005   2404   2407   30
r  2057   2407   2152   30
r  2056   2404   2407   30
r  2103   2404   2407   30
r  2054   2404   2407   30
r  2460   2407   2152   30
r  2059   2152   2407   30
r  2306   2407   2152   30
r  2401   2152   2407   30
r  2451   2152   2407   30
r  2107   2407   2152   30
r  2351   2407   2152   30
r  2105   2152   2407   30
r  2459   2407   2152   30
r  2104   2407   2152   30
r  2157   2407   2152   30
r  2159   2060   2407   30
r  2402   2407   2152   30
r  2203   2152   2404   30
r  2109   2152   2404   30
r  2358   2152   2404   30
r  2359   2407   2404   30
r  2205   2407   2404   30
r  2305   2407   2404   30
r  2055   2152   2404   30
r  2155   2152   2404   30
r  2301   2152   2404   30
r  2302   2152   2404   30
r  2257   2152   2404   30
r  2452   2407   2404   30
r  2456   2407   2404   30
r  2254   2152   2404   30
r  2252   2152   2404   30
r  2356   2407   2404   30
r  2256   2407   2404   30
r  2156   2407   2404   30
r  2201   2152   2404   30
r  2208   2407   2404   30
r  2206   2152   2404   30
r  2258   2407   2404   30
r  2304   2404   2152   30
r  2309   2404   2152   30
r  2409   2404   2152   30
r  2204   2404   2152   30
r  2154   2404   2152   30
r  2158   2404   2152   30
r  2453   2404   2152   30
r  2106   2404   2152   30
r  2352   2404   2152   30
r  2308   2404   2407   30
r  2058   2404   2407   30
r  2455   2404   2407   30
r  2355   2404   2407   30
r  2251   2404   2407   30
r  2108   2404   2407   30
r  2255   2404   2407   30
r  2307   2404   2407   30
r  2458   2404   2407   30
r  2303   2404   2407   30
r  2209   2404   2407   30
r  2353   2404   2407   30
r  975   978   979   30
r  826   727   978   30
r  678   776   527   30
r  134   233   86   30
r  389   438   86   30
r  238   86   138   30
r  40   86   138   30
r  41   98   138   30
r  1664   1616   1563   30
r  1415   1367   1616   30
r  1416   1515   1465   30
r  1815   1764   1863   30
r  1864   1764   1813   30
r  1713   1813   1716   30
r  2119   2223   2313   30
r  2064   2013   2016   30
r  2222   2224   2016   30
r  1614   1665   1616   30
r  782   881   978   30
r  1130   1079   979   30
r  1169   1218   1069   30
r  681   683   684   30
r  239   138   186   30
r  291   138   186   30
r  338   138   86   30
r  92   98   247   30
r  344   98   149   30
r  294   247   149   30
r  143   98   247   30
r  42   247   98   30
r  1518   1419   1418   30
r  2114   2016   2414   30
r  1080   978   979   30
r  1133   1085   1084   30
r  883   935   834   30
r  1232   1131   1183   30
r  1125   1325   1077   30
r  1370   1421   1270   30
r  840   891   688   30
r  785   935   836   30
r  784   835   935   30
r  244   247   98   30
r  93   247   149   30
r  394   247   98   30
r  345   98   149   30
r  295   149   98   30
r  441   393   642   30
r  194   247   98   30
r  144   247   149   30
r  43   247   98   30
r  296   98   247   30
r  249   98   247   30
r  47   98   247   30
r  50   247   98   30
r  145   98   247   30
r  400   98   247   30
r  350   98   247   30
r  245   98   149   30
r  49   98   149   30
r  146   98   149   30
r  397   247   149   30
r  44   98   149   30
r  46   98   149   30
r  298   98   149   30
r  96   98   149   30
r  196   247   149   30
r  450   247   149   30
r  398   98   149   30
r  396   247   149   30
r  195   247   149   30
r  448   247   149   30
r  346   247   149   30
r  1371   1322   1320   30
r  2022   1922   1772   30
r  1872   1874   1821   30
r  1974   2072   2073   30
r  1975   2073   1772   30
r  1235   1383   1186   30
r  1226   1077   1325   30
r  1425   1473   1575   30
r  939   888   841   30
r  399   149   98   30
r  95   149   98   30
r  445   149   98   30
r  395   149   98   30
r  198   149   98   30
r  347   149   98   30
r  446   149   98   30
r  250   149   98   30
r  100   149   98   30
r  94   149   247   30
r  200   149   247   30
r  45   149   247   30
r  348   149   247   30
r  300   149   247   30
r  598   650   498   30
r  745   797   644   30
r  648   498   644   30
r  749   1047   644   30
r  2424   2429   2381   30
r  1826   1772   1829   30
r  2126   2027   2179   30
r  1136   1084   1085   30
r  1234   1337   1383   30
r  1475   1575   1473   30
r  946   797   1047   30
r  893   1047   848   30
r  600   644   498   30
r  795   644   797   30
r  748   797   848   30
r  699   644   797   30
r  846   797   1047   30
r  799   848   1047   30
r  750   1047   848   30
r  2376   2381   2327   30
r  2382   2393   2347   30
r  2481   2429   2327   30
r  2279   2429   2381   30
r  2478   2327   2381   30
r  2426   2429   2381   30
r  2180   2231   2381   30
r  2127   2027   2381   30
r  2027   2076   2429   30
r  1381   1280   1278   30
r  1431   1278   1383   30
r  1093   1142   1189   30
r  844   1047   848   30
r  944   797   848   30
r  896   797   1047   30
r  945   1047   848   30
r  996   1047   848   30
r  894   848   1047   30
r  845   848   797   30
r  999   848   1047   30
r  1098   1047   848   30
r  995   1047   848   30
r  1095   848   1047   30
r  998   848   797   30
r  899   848   797   30
r  1050   1047   797   30
r  850   1047   797   30
r  1045   848   797   30
r  948   1047   797   30
r  949   848   797   30
r  900   1047   797   30
r  1049   797   848   30
r  1000   797   848   30
r  895   797   1047   30
r  2480   2381   2429   30
r  2282   2434   2429   30
r  2233   2381   2429   30
r  2332   2434   2393   30
r  2432   2347   2393   30
r  2028   1876   2179   30
r  1339   1341   1390   30
r  1290   1391   1440   30
r  1150   1349   1549   30
r  1146   1296   1349   30
r  2433   2386   2393   30
r  2184   2083   2033   30
r  2283   2434   2347   30
r  2234   2393   2347   30
r  2334   2347   2393   30
r  2336   2393   2347   30
r  1989   2041   2393   30
r  2086   2035   2393   30
r  2484   2435   2393   30
r  1891   1942   2347   30
r  1793   2393   2347   30
r  1943   1994   2347   30
r  1896   2393   2347   30
r  2082   2033   2085   30
r  2085   2083   2132   30
r  1487   1636   1587   30
r  1294   1349   1549   30
r  1245   1296   1549   30
r  1344   1549   1296   30
r  1197   1349   1549   30
r  1200   1549   1349   30
r  1199   1349   1296   30
r  1500   1349   1549   30
r  1747   1549   1349   30
r  1697   1349   1549   30
r  1347   1349   1549   30
r  1700   1549   1349   30
r  1445   1344   1349   30
r  1398   1349   1549   30
r  1397   1549   1349   30
r  1400   1349   1549   30
r  1300   1549   1349   30
r  1647   1549   1349   30
r  1800   1349   1549   30
r  1495   1349   1549   30
r  1394   1349   1296   30
r  1450   1349   1296   30
r  1699   1349   1296   30
r  1494   1496   1296   30
r  1650   1349   1296   30
r  1649   1349   1296   30
r  1648   1549   1296   30
r  1498   1349   1296   30
r  1447   1349   1296   30
r  1247   1349   1296   30
r  1250   1349   1296   30
r  1492   1394   1296   30
r  1443   1349   1296   30
r  1448   1349   1296   30
r  2486   2347   2393   30
r  2485   2347   2393   30
r  2087   2347   2393   30
r  1791   2347   2393   30
r  2035   1836   2393   30
r  2034   2132   2083   30
r  1785   1787   1886   30
r  1935   1886   1836   30
r  1392   1441   1349   30
r  1600   1296   1549   30
r  1496   1296   1549   30
r  1596   1296   1549   30
r  1545   1547   1549   30
r  1444   1493   1549   30
r  1548   1296   1349   30
r  1749   1296   1349   30
r  1249   1296   1349   30
r  1497   1296   1349   30
r  1395   1296   1349   30
r  1546   1296   1349   30
r  1597   1296   1349   30
r  1446   1296   1349   30
r  1646   1296   1349   30
r  1396   1296   1349   30
r  1789   1841   1889   30
r  1644   1693   1595   30
r  1693   1594   1593   30
r  1592   1595   1644   30
