c  1   -1   52   1
c  1   -1   53   1
c  51   -1   102   1
c  2   -1   51   1
c  2   -1   102   1
c  52   -1   103   1
c  52   -1   152   1
c  53   -1   104   1
c  53   -1   153   1
c  101   -1   52   1
c  101   -1   152   1
c  3   -1   54   1
c  3   -1   51   1
c  102   -1   204   1
c  102   -1   205   1
c  54   -1   52   1
c  54   -1   101   1
c  103   -1   54   1
c  104   -1   204   1
c  104   -1   202   1
c  153   -1   3   1
c  151   -1   202   1
c  151   -1   252   1
c  4   -1   55   1
c  4   -1   56   1
c  6   -1   55   1
c  6   -1   3   1
c  106   -1   3   1
c  204   -1   155   1
c  204   -1   206   1
c  205   -1   156   1
c  205   -1   207   1
c  55   -1   106   1
c  55   -1   104   1
c  154   -1   54   1
c  154   -1   55   1
c  56   -1   54   1
c  202   -1   251   1
c  202   -1   302   1
c  201   -1   152   1
c  201   -1   203   1
c  105   -1   154   1
c  105   -1   107   1
c  203   -1   254   1
c  203   -1   256   1
c  253   -1   304   1
c  253   -1   151   1
c  252   -1   201   1
c  252   -1   303   1
c  5   -1   56   1
c  5   -1   105   1
c  7   -1   56   1
c  7   -1   55   1
c  156   -1   105   1
c  156   -1   207   1
c  107   -1   156   1
c  107   -1   56   1
c  157   -1   106   1
c  157   -1   256   1
c  254   -1   303   1
c  254   -1   354   1
c  155   -1   255   1
c  155   -1   203   1
c  206   -1   307   1
c  206   -1   259   1
c  255   -1   253   1
c  255   -1   355   1
c  305   -1   205   1
c  305   -1   155   1
c  207   -1   158   1
c  207   -1   159   1
c  57   -1   108   1
c  251   -1   302   1
c  251   -1   303   1
c  302   -1   203   1
c  108   -1   105   1
c  256   -1   207   1
c  303   -1   301   1
c  303   -1   401   1
c  304   -1   306   1
c  304   -1   356   1
c  301   -1   252   1
c  301   -1   305   1
c  8   -1   59   1
c  8   -1   57   1
c  58   -1   109   1
c  58   -1   107   1
c  158   -1   58   1
c  158   -1   161   1
c  208   -1   157   1
c  208   -1   159   1
c  159   -1   157   1
c  159   -1   59   1
c  354   -1   402   1
c  354   -1   455   1
c  307   -1   256   1
c  307   -1   305   1
c  259   -1   308   1
c  259   -1   307   1
c  355   -1   406   1
c  355   -1   404   1
c  306   -1   456   1
c  306   -1   455   1
c  456   -1   505   1
c  456   -1   305   1
c  257   -1   357   1
c  257   -1   407   1
c  352   -1   301   1
c  352   -1   501   1
c  109   -1   60   1
c  59   -1   108   1
c  357   -1   406   1
c  357   -1   256   1
c  353   -1   404   1
c  353   -1   304   1
c  401   -1   452   1
c  401   -1   453   1
c  356   -1   407   1
c  356   -1   358   1
c  351   -1   402   1
c  351   -1   451   1
c  9   -1   60   1
c  9   -1   211   1
c  10   -1   59   1
c  10   -1   58   1
c  161   -1   261   1
c  161   -1   62   1
c  258   -1   358   1
c  258   -1   309   1
c  209   -1   309   1
c  209   -1   258   1
c  308   -1   208   1
c  308   -1   310   1
c  60   -1   159   1
c  60   -1   208   1
c  309   -1   358   1
c  309   -1   208   1
c  160   -1   211   1
c  160   -1   212   1
c  260   -1   209   1
c  260   -1   159   1
c  402   -1   453   1
c  455   -1   406   1
c  455   -1   504   1
c  261   -1   210   1
c  261   -1   307   1
c  310   -1   259   1
c  310   -1   361   1
c  405   -1   403   1
c  405   -1   454   1
c  406   -1   358   1
c  506   -1   557   1
c  506   -1   607   1
c  457   -1   406   1
c  457   -1   504   1
c  407   -1   405   1
c  407   -1   456   1
c  507   -1   607   1
c  507   -1   456   1
c  505   -1   556   1
c  505   -1   557   1
c  451   -1   551   1
c  451   -1   352   1
c  501   -1   552   1
c  501   -1   452   1
c  110   -1   115   1
c  11   -1   60   1
c  11   -1   59   1
c  358   -1   407   1
c  358   -1   409   1
c  403   -1   452   1
c  403   -1   451   1
c  452   -1   552   1
c  452   -1   551   1
c  453   -1   554   1
c  453   -1   501   1
c  211   -1   162   1
c  211   -1   163   1
c  111   -1   62   1
c  111   -1   162   1
c  162   -1   160   1
c  61   -1   110   1
c  61   -1   161   1
c  210   -1   161   1
c  210   -1   61   1
c  62   -1   162   1
c  62   -1   212   1
c  408   -1   308   1
c  408   -1   406   1
c  359   -1   308   1
c  359   -1   407   1
c  212   -1   112   1
c  212   -1   264   1
c  262   -1   211   1
c  262   -1   260   1
c  454   -1   505   1
c  502   -1   402   1
c  502   -1   602   1
c  504   -1   555   1
c  311   -1   362   1
c  311   -1   360   1
c  312   -1   261   1
c  312   -1   162   1
c  263   -1   261   1
c  263   -1   211   1
c  360   -1   362   1
c  360   -1   263   1
c  361   -1   312   1
c  556   -1   607   1
c  555   -1   553   1
c  555   -1   506   1
c  557   -1   706   1
c  557   -1   705   1
c  458   -1   509   1
c  458   -1   460   1
c  508   -1   457   1
c  508   -1   407   1
c  554   -1   603   1
c  554   -1   505   1
c  551   -1   602   1
c  551   -1   502   1
c  552   -1   601   1
c  115   -1   113   1
c  12   -1   63   1
c  12   -1   64   1
c  409   -1   460   1
c  409   -1   360   1
c  503   -1   452   1
c  503   -1   403   1
c  163   -1   214   1
c  163   -1   63   1
c  112   -1   114   1
c  112   -1   64   1
c  113   -1   111   1
c  113   -1   212   1
c  63   -1   112   1
c  13   -1   64   1
c  13   -1   62   1
c  213   -1   262   1
c  213   -1   312   1
c  164   -1   113   1
c  164   -1   212   1
c  264   -1   215   1
c  264   -1   213   1
c  602   -1   653   1
c  602   -1   604   1
c  313   -1   213   1
c  313   -1   311   1
c  460   -1   311   1
c  362   -1   413   1
c  362   -1   411   1
c  363   -1   312   1
c  363   -1   412   1
c  314   -1   363   1
c  314   -1   263   1
c  364   -1   263   1
c  410   -1   459   1
c  410   -1   509   1
c  411   -1   409   1
c  411   -1   462   1
c  606   -1   657   1
c  606   -1   757   1
c  655   -1   606   1
c  655   -1   556   1
c  605   -1   705   1
c  605   -1   654   1
c  604   -1   555   1
c  604   -1   653   1
c  654   -1   703   1
c  654   -1   555   1
c  553   -1   602   1
c  553   -1   651   1
c  558   -1   607   1
c  558   -1   458   1
c  559   -1   557   1
c  559   -1   409   1
c  706   -1   757   1
c  706   -1   655   1
c  705   -1   656   1
c  705   -1   654   1
c  657   -1   708   1
c  657   -1   758   1
c  608   -1   657   1
c  608   -1   559   1
c  707   -1   607   1
c  707   -1   809   1
c  709   -1   607   1
c  709   -1   606   1
c  459   -1   510   1
c  459   -1   508   1
c  509   -1   560   1
c  509   -1   609   1
c  603   -1   605   1
c  603   -1   606   1
c  601   -1   652   1
c  65   -1   13   1
c  114   -1   116   1
c  114   -1   163   1
c  165   -1   216   1
c  165   -1   214   1
c  116   -1   67   1
c  116   -1   119   1
c  64   -1   115   1
c  214   -1   113   1
c  166   -1   164   1
c  166   -1   113   1
c  14   -1   65   1
c  14   -1   114   1
c  215   -1   266   1
c  215   -1   213   1
c  117   -1   165   1
c  117   -1   164   1
c  265   -1   314   1
c  265   -1   165   1
c  652   -1   703   1
c  652   -1   553   1
c  651   -1   602   1
c  651   -1   751   1
c  653   -1   704   1
c  510   -1   561   1
c  510   -1   609   1
c  461   -1   512   1
c  461   -1   413   1
c  412   -1   512   1
c  412   -1   511   1
c  315   -1   364   1
c  315   -1   362   1
c  413   -1   464   1
c  413   -1   416   1
c  414   -1   416   1
c  414   -1   316   1
c  365   -1   316   1
c  365   -1   265   1
c  462   -1   511   1
c  462   -1   561   1
c  656   -1   605   1
c  656   -1   707   1
c  757   -1   808   1
c  757   -1   854   1
c  704   -1   755   1
c  703   -1   752   1
c  702   -1   603   1
c  702   -1   553   1
c  609   -1   558   1
c  560   -1   609   1
c  560   -1   611   1
c  756   -1   707   1
c  756   -1   805   1
c  805   -1   705   1
c  805   -1   706   1
c  755   -1   806   1
c  755   -1   807   1
c  754   -1   703   1
c  754   -1   705   1
c  856   -1   854   1
c  856   -1   705   1
c  658   -1   660   1
c  658   -1   709   1
c  708   -1   656   1
c  758   -1   756   1
c  758   -1   806   1
c  809   -1   758   1
c  809   -1   858   1
c  659   -1   610   1
c  659   -1   611   1
c  759   -1   810   1
c  710   -1   759   1
c  710   -1   860   1
c  15   -1   66   1
c  15   -1   64   1
c  66   -1   117   1
c  66   -1   166   1
c  16   -1   67   1
c  16   -1   65   1
c  216   -1   218   1
c  216   -1   268   1
c  17   -1   66   1
c  17   -1   116   1
c  168   -1   166   1
c  168   -1   116   1
c  218   -1   317   1
c  218   -1   116   1
c  67   -1   69   1
c  67   -1   118   1
c  119   -1   168   1
c  119   -1   71   1
c  167   -1   216   1
c  167   -1   68   1
c  18   -1   69   1
c  18   -1   166   1
c  266   -1   366   1
c  266   -1   315   1
c  118   -1   120   1
c  118   -1   69   1
c  217   -1   117   1
c  217   -1   220   1
c  701   -1   652   1
c  701   -1   802   1
c  806   -1   855   1
c  806   -1   652   1
c  751   -1   852   1
c  751   -1   902   1
c  511   -1   562   1
c  511   -1   563   1
c  561   -1   610   1
c  561   -1   612   1
c  512   -1   563   1
c  512   -1   612   1
c  316   -1   217   1
c  316   -1   415   1
c  267   -1   216   1
c  267   -1   315   1
c  463   -1   514   1
c  463   -1   414   1
c  415   -1   464   1
c  415   -1   413   1
c  464   -1   515   1
c  464   -1   565   1
c  416   -1   566   1
c  515   -1   466   1
c  515   -1   414   1
c  366   -1   417   1
c  366   -1   368   1
c  367   -1   365   1
c  367   -1   416   1
c  513   -1   462   1
c  513   -1   562   1
c  807   -1   858   1
c  807   -1   758   1
c  858   -1   757   1
c  808   -1   806   1
c  808   -1   857   1
c  854   -1   954   1
c  854   -1   905   1
c  753   -1   804   1
c  753   -1   854   1
c  752   -1   701   1
c  752   -1   803   1
c  610   -1   612   1
c  610   -1   613   1
c  611   -1   614   1
c  611   -1   565   1
c  804   -1   755   1
c  804   -1   756   1
c  906   -1   806   1
c  906   -1   756   1
c  855   -1   904   1
c  803   -1   754   1
c  803   -1   755   1
c  857   -1   908   1
c  857   -1   906   1
c  907   -1   958   1
c  907   -1   856   1
c  660   -1   611   1
c  660   -1   662   1
c  859   -1   910   1
c  859   -1   908   1
c  810   -1   808   1
c  860   -1   911   1
c  860   -1   809   1
c  812   -1   810   1
c  812   -1   809   1
c  760   -1   811   1
c  760   -1   712   1
c  711   -1   762   1
c  712   -1   710   1
c  712   -1   660   1
c  268   -1   270   1
c  169   -1   118   1
c  169   -1   218   1
c  219   -1   270   1
c  219   -1   268   1
c  318   -1   218   1
c  221   -1   321   1
c  221   -1   218   1
c  317   -1   268   1
c  317   -1   319   1
c  68   -1   119   1
c  69   -1   120   1
c  120   -1   169   1
c  120   -1   21   1
c  71   -1   73   1
c  71   -1   23   1
c  19   -1   68   1
c  19   -1   70   1
c  220   -1   169   1
c  220   -1   269   1
c  802   -1   902   1
c  802   -1   851   1
c  801   -1   752   1
c  801   -1   852   1
c  852   -1   901   1
c  902   -1   953   1
c  562   -1   613   1
c  563   -1   612   1
c  612   -1   661   1
c  368   -1   317   1
c  368   -1   316   1
c  514   -1   614   1
c  465   -1   516   1
c  465   -1   517   1
c  565   -1   614   1
c  565   -1   466   1
c  466   -1   418   1
c  417   -1   466   1
c  417   -1   465   1
c  467   -1   418   1
c  467   -1   416   1
c  468   -1   568   1
c  468   -1   416   1
c  419   -1   468   1
c  419   -1   416   1
c  566   -1   615   1
c  566   -1   466   1
c  516   -1   565   1
c  516   -1   616   1
c  908   -1   860   1
c  910   -1   858   1
c  853   -1   802   1
c  853   -1   752   1
c  904   -1   907   1
c  952   -1   1052   1
c  952   -1   854   1
c  954   -1   1003   1
c  954   -1   1006   1
c  905   -1   1005   1
c  905   -1   1006   1
c  613   -1   564   1
c  661   -1   613   1
c  663   -1   612   1
c  663   -1   611   1
c  614   -1   663   1
c  614   -1   563   1
c  956   -1   1007   1
c  956   -1   954   1
c  903   -1   852   1
c  903   -1   803   1
c  957   -1   1008   1
c  957   -1   1006   1
c  958   -1   1007   1
c  958   -1   1009   1
c  662   -1   711   1
c  662   -1   761   1
c  909   -1   958   1
c  909   -1   957   1
c  811   -1   862   1
c  761   -1   810   1
c  761   -1   861   1
c  861   -1   812   1
c  861   -1   762   1
c  961   -1   910   1
c  961   -1   860   1
c  1009   -1   1007   1
c  1009   -1   860   1
c  911   -1   1011   1
c  911   -1   962   1
c  762   -1   811   1
c  862   -1   911   1
c  862   -1   763   1
c  813   -1   762   1
c  813   -1   712   1
c  713   -1   613   1
c  269   -1   169   1
c  269   -1   318   1
c  270   -1   321   1
c  270   -1   322   1
c  170   -1   221   1
c  170   -1   270   1
c  319   -1   420   1
c  319   -1   421   1
c  369   -1   318   1
c  369   -1   420   1
c  171   -1   122   1
c  171   -1   222   1
c  271   -1   220   1
c  271   -1   170   1
c  222   -1   273   1
c  222   -1   173   1
c  223   -1   221   1
c  223   -1   174   1
c  321   -1   370   1
c  70   -1   170   1
c  70   -1   171   1
c  20   -1   69   1
c  20   -1   71   1
c  122   -1   22   1
c  122   -1   69   1
c  121   -1   72   1
c  121   -1   123   1
c  21   -1   72   1
c  21   -1   122   1
c  72   -1   172   1
c  72   -1   173   1
c  22   -1   71   1
c  22   -1   20   1
c  73   -1   75   1
c  73   -1   24   1
c  23   -1   25   1
c  23   -1   75   1
c  320   -1   220   1
c  320   -1   369   1
c  851   -1   902   1
c  851   -1   1002   1
c  953   -1   853   1
c  953   -1   852   1
c  901   -1   903   1
c  1001   -1   1101   1
c  1001   -1   902   1
c  564   -1   615   1
c  564   -1   616   1
c  418   -1   420   1
c  418   -1   518   1
c  517   -1   617   1
c  517   -1   468   1
c  615   -1   467   1
c  665   -1   616   1
c  665   -1   565   1
c  518   -1   569   1
c  518   -1   417   1
c  469   -1   520   1
c  469   -1   369   1
c  568   -1   519   1
c  420   -1   471   1
c  420   -1   472   1
c  520   -1   419   1
c  616   -1   568   1
c  616   -1   519   1
c  567   -1   667   1
c  567   -1   616   1
c  960   -1   1060   1
c  960   -1   1160   1
c  959   -1   910   1
c  959   -1   1008   1
c  1010   -1   959   1
c  1010   -1   910   1
c  951   -1   1002   1
c  951   -1   1051   1
c  1002   -1   1102   1
c  1002   -1   1152   1
c  1003   -1   952   1
c  1003   -1   903   1
c  1052   -1   1003   1
c  1052   -1   1004   1
c  1004   -1   1002   1
c  1004   -1   951   1
c  955   -1   953   1
c  955   -1   961   1
c  1006   -1   1055   1
c  1005   -1   1104   1
c  1005   -1   1057   1
c  664   -1   613   1
c  664   -1   713   1
c  714   -1   763   1
c  714   -1   663   1
c  617   -1   615   1
c  617   -1   614   1
c  1007   -1   1058   1
c  1007   -1   1056   1
c  1058   -1   1107   1
c  1058   -1   957   1
c  1008   -1   1059   1
c  1008   -1   1108   1
c  1011   -1   962   1
c  1011   -1   1013   1
c  962   -1   1013   1
c  962   -1   1062   1
c  1012   -1   961   1
c  1012   -1   1061   1
c  1059   -1   1010   1
c  912   -1   1062   1
c  863   -1   912   1
c  863   -1   911   1
c  763   -1   717   1
c  763   -1   718   1
c  814   -1   914   1
c  764   -1   713   1
c  764   -1   715   1
c  715   -1   713   1
c  715   -1   664   1
c  322   -1   273   1
c  322   -1   374   1
c  421   -1   470   1
c  421   -1   423   1
c  370   -1   421   1
c  370   -1   471   1
c  172   -1   22   1
c  172   -1   75   1
c  272   -1   223   1
c  272   -1   173   1
c  273   -1   324   1
c  273   -1   320   1
c  173   -1   175   1
c  173   -1   224   1
c  224   -1   275   1
c  224   -1   324   1
c  274   -1   174   1
c  274   -1   223   1
c  174   -1   125   1
c  174   -1   176   1
c  371   -1   373   1
c  371   -1   423   1
c  372   -1   272   1
c  372   -1   321   1
c  123   -1   125   1
c  123   -1   72   1
c  74   -1   123   1
c  75   -1   77   1
c  75   -1   126   1
c  24   -1   26   1
c  24   -1   75   1
c  25   -1   74   1
c  25   -1   125   1
c  1051   -1   1002   1
c  1051   -1   1054   1
c  1101   -1   1052   1
c  1101   -1   1152   1
c  569   -1   618   1
c  569   -1   517   1
c  666   -1   617   1
c  666   -1   615   1
c  720   -1   615   1
c  519   -1   570   1
c  519   -1   521   1
c  470   -1   521   1
c  618   -1   669   1
c  618   -1   718   1
c  471   -1   473   1
c  471   -1   423   1
c  472   -1   372   1
c  472   -1   370   1
c  570   -1   670   1
c  570   -1   820   1
c  521   -1   570   1
c  716   -1   616   1
c  716   -1   667   1
c  667   -1   669   1
c  667   -1   719   1
c  1060   -1   1111   1
c  1060   -1   1159   1
c  1160   -1   1111   1
c  1160   -1   1060   1
c  1053   -1   1002   1
c  1053   -1   1104   1
c  1102   -1   1202   1
c  1102   -1   1153   1
c  1152   -1   1103   1
c  1054   -1   1052   1
c  1054   -1   1003   1
c  1055   -1   1004   1
c  1055   -1   1107   1
c  1056   -1   1156   1
c  1056   -1   1107   1
c  1106   -1   1006   1
c  1106   -1   1153   1
c  1104   -1   1155   1
c  1104   -1   1106   1
c  1057   -1   1059   1
c  1057   -1   1008   1
c  765   -1   814   1
c  765   -1   714   1
c  1108   -1   1159   1
c  1158   -1   1207   1
c  1158   -1   1058   1
c  1107   -1   1158   1
c  1107   -1   1207   1
c  1061   -1   1112   1
c  1013   -1   1064   1
c  1013   -1   1062   1
c  963   -1   1014   1
c  1062   -1   1111   1
c  1111   -1   1012   1
c  1063   -1   1012   1
c  1063   -1   1014   1
c  1109   -1   1060   1
c  1109   -1   1111   1
c  913   -1   1013   1
c  913   -1   814   1
c  864   -1   913   1
c  864   -1   912   1
c  964   -1   913   1
c  964   -1   912   1
c  914   -1   863   1
c  914   -1   963   1
c  865   -1   814   1
c  865   -1   863   1
c  766   -1   715   1
c  766   -1   763   1
c  717   -1   768   1
c  717   -1   817   1
c  718   -1   769   1
c  718   -1   770   1
c  815   -1   866   1
c  815   -1   864   1
c  816   -1   767   1
c  816   -1   814   1
c  323   -1   372   1
c  323   -1   422   1
c  422   -1   373   1
c  422   -1   322   1
c  374   -1   325   1
c  374   -1   326   1
c  423   -1   523   1
c  423   -1   521   1
c  324   -1   375   1
c  324   -1   276   1
c  175   -1   275   1
c  175   -1   274   1
c  225   -1   174   1
c  225   -1   323   1
c  124   -1   224   1
c  124   -1   225   1
c  226   -1   277   1
c  226   -1   224   1
c  275   -1   326   1
c  275   -1   375   1
c  325   -1   225   1
c  325   -1   274   1
c  125   -1   176   1
c  125   -1   276   1
c  176   -1   225   1
c  176   -1   276   1
c  373   -1   375   1
c  373   -1   324   1
c  76   -1   28   1
c  26   -1   126   1
c  26   -1   75   1
c  77   -1   79   1
c  126   -1   77   1
c  126   -1   177   1
c  1151   -1   1202   1
c  1151   -1   1252   1
c  619   -1   621   1
c  619   -1   770   1
c  668   -1   670   1
c  668   -1   569   1
c  620   -1   669   1
c  620   -1   569   1
c  670   -1   621   1
c  670   -1   569   1
c  719   -1   668   1
c  770   -1   668   1
c  721   -1   670   1
c  721   -1   772   1
c  669   -1   720   1
c  769   -1   818   1
c  769   -1   720   1
c  820   -1   869   1
c  820   -1   720   1
c  771   -1   769   1
c  771   -1   720   1
c  672   -1   721   1
c  672   -1   720   1
c  522   -1   571   1
c  522   -1   471   1
c  473   -1   524   1
c  473   -1   522   1
c  571   -1   622   1
c  571   -1   672   1
c  572   -1   570   1
c  572   -1   523   1
c  1110   -1   1161   1
c  1110   -1   1061   1
c  1159   -1   1157   1
c  1159   -1   1257   1
c  1210   -1   1208   1
c  1210   -1   1258   1
c  1161   -1   1210   1
c  1209   -1   1160   1
c  1209   -1   1207   1
c  1103   -1   1154   1
c  1103   -1   1054   1
c  1155   -1   1206   1
c  1155   -1   1102   1
c  1202   -1   1153   1
c  1202   -1   1205   1
c  1153   -1   1104   1
c  1201   -1   1252   1
c  1201   -1   1152   1
c  1251   -1   1202   1
c  1251   -1   1152   1
c  1154   -1   1054   1
c  1105   -1   1103   1
c  1105   -1   1154   1
c  1156   -1   1107   1
c  1156   -1   1207   1
c  1157   -1   1108   1
c  1157   -1   1206   1
c  1208   -1   1157   1
c  1208   -1   1206   1
c  1207   -1   1258   1
c  1112   -1   1114   1
c  1014   -1   865   1
c  1064   -1   1164   1
c  1064   -1   1113   1
c  1113   -1   1164   1
c  1163   -1   1063   1
c  1163   -1   1214   1
c  1015   -1   1064   1
c  1015   -1   1063   1
c  916   -1   914   1
c  916   -1   913   1
c  965   -1   1016   1
c  965   -1   916   1
c  915   -1   964   1
c  915   -1   966   1
c  866   -1   915   1
c  866   -1   914   1
c  968   -1   867   1
c  968   -1   914   1
c  767   -1   769   1
c  767   -1   818   1
c  768   -1   819   1
c  768   -1   869   1
c  817   -1   866   1
c  817   -1   868   1
c  868   -1   768   1
c  868   -1   718   1
c  424   -1   373   1
c  424   -1   375   1
c  375   -1   326   1
c  375   -1   475   1
c  376   -1   374   1
c  376   -1   331   1
c  326   -1   377   1
c  523   -1   574   1
c  523   -1   575   1
c  276   -1   376   1
c  276   -1   327   1
c  227   -1   176   1
c  227   -1   126   1
c  277   -1   326   1
c  525   -1   574   1
c  525   -1   125   1
c  177   -1   179   1
c  229   -1   177   1
c  229   -1   176   1
c  27   -1   76   1
c  27   -1   127   1
c  28   -1   77   1
c  28   -1   79   1
c  127   -1   129   1
c  127   -1   78   1
c  78   -1   29   1
c  78   -1   80   1
c  79   -1   128   1
c  128   -1   126   1
c  128   -1   81   1
c  1252   -1   1254   1
c  621   -1   672   1
c  621   -1   721   1
c  671   -1   620   1
c  673   -1   671   1
c  673   -1   620   1
c  821   -1   770   1
c  821   -1   870   1
c  722   -1   771   1
c  722   -1   774   1
c  772   -1   723   1
c  772   -1   872   1
c  819   -1   919   1
c  819   -1   868   1
c  818   -1   869   1
c  870   -1   919   1
c  870   -1   819   1
c  869   -1   918   1
c  622   -1   671   1
c  624   -1   673   1
c  624   -1   672   1
c  474   -1   525   1
c  474   -1   425   1
c  524   -1   475   1
c  524   -1   575   1
c  573   -1   624   1
c  573   -1   622   1
c  1257   -1   1208   1
c  1257   -1   1306   1
c  1260   -1   1311   1
c  1260   -1   1359   1
c  1211   -1   1260   1
c  1211   -1   1209   1
c  1258   -1   1209   1
c  1258   -1   1256   1
c  1162   -1   1213   1
c  1162   -1   1263   1
c  1213   -1   1161   1
c  1259   -1   1308   1
c  1259   -1   1358   1
c  1205   -1   1254   1
c  1205   -1   1256   1
c  1203   -1   1252   1
c  1203   -1   1254   1
c  1301   -1   1253   1
c  1301   -1   1452   1
c  1204   -1   1255   1
c  1204   -1   1356   1
c  1254   -1   1154   1
c  1253   -1   1204   1
c  1253   -1   1154   1
c  1256   -1   1156   1
c  1256   -1   1204   1
c  1114   -1   1014   1
c  1114   -1   1066   1
c  1065   -1   1014   1
c  1065   -1   1164   1
c  1165   -1   1114   1
c  1165   -1   1064   1
c  1116   -1   1165   1
c  1116   -1   1064   1
c  1164   -1   1116   1
c  1214   -1   1114   1
c  1016   -1   1067   1
c  1016   -1   1068   1
c  1017   -1   1068   1
c  1017   -1   1015   1
c  966   -1   968   1
c  917   -1   1017   1
c  917   -1   915   1
c  867   -1   967   1
c  867   -1   767   1
c  918   -1   969   1
c  918   -1   967   1
c  1018   -1   1067   1
c  1018   -1   967   1
c  969   -1   869   1
c  425   -1   376   1
c  425   -1   276   1
c  427   -1   376   1
c  427   -1   375   1
c  475   -1   527   1
c  426   -1   477   1
c  426   -1   576   1
c  377   -1   426   1
c  377   -1   425   1
c  331   -1   380   1
c  331   -1   232   1
c  327   -1   427   1
c  476   -1   427   1
c  476   -1   326   1
c  574   -1   425   1
c  575   -1   626   1
c  328   -1   227   1
c  328   -1   276   1
c  228   -1   179   1
c  228   -1   279   1
c  178   -1   127   1
c  178   -1   227   1
c  278   -1   229   1
c  278   -1   179   1
c  526   -1   426   1
c  526   -1   575   1
c  179   -1   130   1
c  179   -1   80   1
c  279   -1   330   1
c  279   -1   231   1
c  230   -1   281   1
c  230   -1   279   1
c  280   -1   231   1
c  280   -1   229   1
c  281   -1   229   1
c  29   -1   80   1
c  29   -1   31   1
c  80   -1   28   1
c  31   -1   28   1
c  129   -1   180   1
c  129   -1   80   1
c  81   -1   130   1
c  81   -1   129   1
c  1302   -1   1351   1
c  1302   -1   1453   1
c  1351   -1   1252   1
c  1353   -1   1302   1
c  1353   -1   1252   1
c  623   -1   674   1
c  623   -1   723   1
c  723   -1   624   1
c  674   -1   723   1
c  674   -1   725   1
c  724   -1   673   1
c  724   -1   775   1
c  871   -1   923   1
c  871   -1   918   1
c  822   -1   824   1
c  822   -1   873   1
c  873   -1   772   1
c  873   -1   722   1
c  774   -1   772   1
c  773   -1   824   1
c  773   -1   674   1
c  872   -1   972   1
c  872   -1   921   1
c  920   -1   969   1
c  920   -1   1019   1
c  625   -1   574   1
c  625   -1   573   1
c  675   -1   624   1
c  675   -1   626   1
c  1307   -1   1358   1
c  1307   -1   1206   1
c  1306   -1   1308   1
c  1306   -1   1258   1
c  1310   -1   1359   1
c  1310   -1   1259   1
c  1261   -1   1310   1
c  1261   -1   1361   1
c  1360   -1   1260   1
c  1360   -1   1261   1
c  1311   -1   1411   1
c  1311   -1   1360   1
c  1359   -1   1408   1
c  1359   -1   1459   1
c  1212   -1   1261   1
c  1212   -1   1266   1
c  1308   -1   1357   1
c  1262   -1   1213   1
c  1262   -1   1162   1
c  1263   -1   1314   1
c  1263   -1   1363   1
c  1313   -1   1213   1
c  1309   -1   1358   1
c  1309   -1   1361   1
c  1358   -1   1409   1
c  1255   -1   1304   1
c  1452   -1   1501   1
c  1452   -1   1404   1
c  1356   -1   1405   1
c  1356   -1   1457   1
c  1304   -1   1253   1
c  1304   -1   1404   1
c  1303   -1   1254   1
c  1303   -1   1255   1
c  1305   -1   1256   1
c  1305   -1   1354   1
c  1115   -1   1164   1
c  1115   -1   1214   1
c  1066   -1   1068   1
c  1066   -1   1069   1
c  1215   -1   1166   1
c  1215   -1   1266   1
c  1166   -1   1117   1
c  1166   -1   1217   1
c  1312   -1   1263   1
c  1312   -1   1165   1
c  1117   -1   1068   1
c  1117   -1   1066   1
c  1067   -1   1118   1
c  1067   -1   1116   1
c  1264   -1   1313   1
c  1264   -1   1363   1
c  1315   -1   1317   1
c  1315   -1   1214   1
c  1068   -1   1119   1
c  1069   -1   1169   1
c  1069   -1   1018   1
c  970   -1   919   1
c  970   -1   1019   1
c  1216   -1   1267   1
c  1216   -1   969   1
c  477   -1   377   1
c  477   -1   428   1
c  428   -1   328   1
c  577   -1   528   1
c  577   -1   427   1
c  528   -1   428   1
c  528   -1   427   1
c  527   -1   476   1
c  527   -1   726   1
c  576   -1   625   1
c  576   -1   578   1
c  378   -1   329   1
c  378   -1   228   1
c  330   -1   381   1
c  330   -1   379   1
c  381   -1   481   1
c  381   -1   480   1
c  332   -1   381   1
c  332   -1   383   1
c  380   -1   431   1
c  232   -1   283   1
c  232   -1   33   1
c  329   -1   327   1
c  329   -1   380   1
c  626   -1   574   1
c  727   -1   678   1
c  727   -1   575   1
c  379   -1   328   1
c  379   -1   428   1
c  180   -1   231   1
c  180   -1   232   1
c  130   -1   132   1
c  231   -1   330   1
c  231   -1   381   1
c  282   -1   234   1
c  282   -1   230   1
c  30   -1   81   1
c  30   -1   131   1
c  32   -1   81   1
c  32   -1   80   1
c  82   -1   31   1
c  82   -1   131   1
c  131   -1   182   1
c  131   -1   183   1
c  182   -1   81   1
c  1352   -1   1452   1
c  1352   -1   1502   1
c  1401   -1   1452   1
c  1401   -1   1302   1
c  1403   -1   1303   1
c  1403   -1   1302   1
c  1453   -1   1402   1
c  1402   -1   1351   1
c  1402   -1   1353   1
c  1354   -1   1405   1
c  1354   -1   1503   1
c  1454   -1   1403   1
c  1454   -1   1353   1
c  725   -1   776   1
c  725   -1   723   1
c  775   -1   826   1
c  775   -1   876   1
c  921   -1   970   1
c  923   -1   872   1
c  923   -1   878   1
c  823   -1   923   1
c  823   -1   774   1
c  824   -1   873   1
c  824   -1   826   1
c  874   -1   872   1
c  874   -1   925   1
c  922   -1   873   1
c  922   -1   971   1
c  825   -1   774   1
c  825   -1   726   1
c  776   -1   774   1
c  776   -1   824   1
c  726   -1   677   1
c  726   -1   774   1
c  972   -1   1023   1
c  972   -1   924   1
c  971   -1   920   1
c  676   -1   727   1
c  676   -1   627   1
c  1357   -1   1306   1
c  1355   -1   1406   1
c  1355   -1   1306   1
c  1361   -1   1410   1
c  1361   -1   1511   1
c  1410   -1   1510   1
c  1409   -1   1460   1
c  1409   -1   1360   1
c  1411   -1   1360   1
c  1411   -1   1562   1
c  1412   -1   1512   1
c  1412   -1   1311   1
c  1408   -1   1357   1
c  1408   -1   1459   1
c  1459   -1   1506   1
c  1266   -1   1317   1
c  1266   -1   1268   1
c  1362   -1   1313   1
c  1362   -1   1263   1
c  1314   -1   1365   1
c  1314   -1   1266   1
c  1363   -1   1314   1
c  1363   -1   1412   1
c  1364   -1   1315   1
c  1364   -1   1313   1
c  1407   -1   1358   1
c  1407   -1   1558   1
c  1451   -1   1502   1
c  1451   -1   1551   1
c  1502   -1   1652   1
c  1502   -1   1651   1
c  1501   -1   1503   1
c  1404   -1   1453   1
c  1404   -1   1406   1
c  1406   -1   1305   1
c  1405   -1   1305   1
c  1457   -1   1506   1
c  1457   -1   1459   1
c  1167   -1   1067   1
c  1167   -1   1066   1
c  1118   -1   1066   1
c  1265   -1   1316   1
c  1265   -1   1314   1
c  1217   -1   1220   1
c  1511   -1   1460   1
c  1511   -1   1312   1
c  1365   -1   1316   1
c  1365   -1   1416   1
c  1316   -1   1318   1
c  1316   -1   1416   1
c  1317   -1   1368   1
c  1317   -1   1268   1
c  1169   -1   1120   1
c  1169   -1   1068   1
c  1022   -1   1071   1
c  1022   -1   1068   1
c  1119   -1   1170   1
c  1119   -1   1168   1
c  1020   -1   971   1
c  1020   -1   921   1
c  1070   -1   1121   1
c  1070   -1   1171   1
c  1267   -1   1318   1
c  1267   -1   1319   1
c  478   -1   527   1
c  478   -1   578   1
c  429   -1   478   1
c  429   -1   378   1
c  479   -1   428   1
c  479   -1   378   1
c  627   -1   578   1
c  627   -1   576   1
c  578   -1   529   1
c  578   -1   479   1
c  529   -1   480   1
c  529   -1   532   1
c  530   -1   479   1
c  530   -1   528   1
c  480   -1   429   1
c  480   -1   378   1
c  431   -1   382   1
c  431   -1   531   1
c  382   -1   282   1
c  382   -1   182   1
c  430   -1   381   1
c  430   -1   379   1
c  481   -1   532   1
c  481   -1   582   1
c  333   -1   382   1
c  333   -1   433   1
c  334   -1   332   1
c  334   -1   433   1
c  383   -1   334   1
c  383   -1   432   1
c  233   -1   333   1
c  233   -1   231   1
c  183   -1   232   1
c  183   -1   84   1
c  283   -1   235   1
c  283   -1   185   1
c  33   -1   84   1
c  33   -1   85   1
c  677   -1   728   1
c  777   -1   677   1
c  777   -1   627   1
c  728   -1   679   1
c  728   -1   627   1
c  678   -1   729   1
c  678   -1   680   1
c  181   -1   133   1
c  132   -1   181   1
c  132   -1   180   1
c  234   -1   285   1
c  234   -1   283   1
c  34   -1   85   1
c  34   -1   32   1
c  133   -1   84   1
c  133   -1   32   1
c  83   -1   34   1
c  83   -1   85   1
c  186   -1   134   1
c  186   -1   182   1
c  1503   -1   1454   1
c  1504   -1   1453   1
c  1455   -1   1504   1
c  1455   -1   1553   1
c  826   -1   875   1
c  876   -1   976   1
c  876   -1   828   1
c  1021   -1   1072   1
c  1021   -1   921   1
c  924   -1   973   1
c  924   -1   921   1
c  973   -1   975   1
c  973   -1   1027   1
c  974   -1   925   1
c  974   -1   923   1
c  878   -1   827   1
c  875   -1   975   1
c  875   -1   976   1
c  925   -1   976   1
c  925   -1   876   1
c  827   -1   776   1
c  827   -1   876   1
c  1072   -1   972   1
c  1072   -1   971   1
c  1023   -1   1122   1
c  1460   -1   1458   1
c  1460   -1   1607   1
c  1510   -1   1409   1
c  1461   -1   1412   1
c  1461   -1   1509   1
c  1463   -1   1412   1
c  1463   -1   1411   1
c  1562   -1   1462   1
c  1562   -1   1611   1
c  1462   -1   1460   1
c  1462   -1   1459   1
c  1413   -1   1415   1
c  1413   -1   1464   1
c  1512   -1   1561   1
c  1512   -1   1560   1
c  1458   -1   1509   1
c  1458   -1   1407   1
c  1509   -1   1460   1
c  1509   -1   1556   1
c  1508   -1   1459   1
c  1508   -1   1557   1
c  1506   -1   1557   1
c  1506   -1   1607   1
c  1268   -1   1270   1
c  1268   -1   1321   1
c  1414   -1   1463   1
c  1414   -1   1362   1
c  1415   -1   1364   1
c  1415   -1   1464   1
c  1558   -1   1609   1
c  1558   -1   1658   1
c  1551   -1   1602   1
c  1551   -1   1502   1
c  1552   -1   1554   1
c  1552   -1   1555   1
c  1652   -1   1701   1
c  1652   -1   1751   1
c  1651   -1   1702   1
c  1456   -1   1505   1
c  1456   -1   1504   1
c  1507   -1   1456   1
c  1507   -1   1406   1
c  1168   -1   1170   1
c  1168   -1   1270   1
c  1218   -1   1269   1
c  1218   -1   1221   1
c  1220   -1   1171   1
c  1220   -1   1271   1
c  1561   -1   1559   1
c  1561   -1   1513   1
c  1366   -1   1415   1
c  1366   -1   1465   1
c  1416   -1   1413   1
c  1318   -1   1218   1
c  1318   -1   1320   1
c  1367   -1   1369   1
c  1367   -1   1419   1
c  1368   -1   1319   1
c  1368   -1   1269   1
c  1219   -1   1268   1
c  1219   -1   1368   1
c  1170   -1   1121   1
c  1170   -1   1070   1
c  1120   -1   1220   1
c  1120   -1   1270   1
c  1073   -1   1122   1
c  1073   -1   1022   1
c  1071   -1   1122   1
c  1071   -1   1123   1
c  1121   -1   1072   1
c  1171   -1   1222   1
c  1171   -1   1173   1
c  1319   -1   1419   1
c  1319   -1   1321   1
c  628   -1   679   1
c  628   -1   677   1
c  579   -1   530   1
c  579   -1   630   1
c  580   -1   529   1
c  580   -1   631   1
c  581   -1   529   1
c  581   -1   482   1
c  532   -1   530   1
c  532   -1   580   1
c  531   -1   533   1
c  531   -1   480   1
c  631   -1   480   1
c  432   -1   430   1
c  432   -1   531   1
c  482   -1   533   1
c  482   -1   484   1
c  582   -1   631   1
c  582   -1   633   1
c  284   -1   333   1
c  384   -1   333   1
c  384   -1   284   1
c  433   -1   435   1
c  433   -1   484   1
c  335   -1   386   1
c  335   -1   436   1
c  385   -1   334   1
c  385   -1   483   1
c  483   -1   383   1
c  435   -1   383   1
c  184   -1   84   1
c  184   -1   34   1
c  84   -1   35   1
c  84   -1   135   1
c  235   -1   284   1
c  235   -1   136   1
c  185   -1   236   1
c  185   -1   189   1
c  85   -1   36   1
c  778   -1   729   1
c  778   -1   677   1
c  828   -1   877   1
c  828   -1   777   1
c  729   -1   780   1
c  729   -1   630   1
c  679   -1   579   1
c  679   -1   580   1
c  629   -1   678   1
c  629   -1   631   1
c  680   -1   629   1
c  285   -1   185   1
c  35   -1   86   1
c  35   -1   87   1
c  135   -1   35   1
c  135   -1   34   1
c  134   -1   85   1
c  134   -1   83   1
c  136   -1   87   1
c  136   -1   85   1
c  236   -1   285   1
c  187   -1   87   1
c  187   -1   37   1
c  1553   -1   1604   1
c  1553   -1   1654   1
c  1603   -1   1503   1
c  1602   -1   1651   1
c  1602   -1   1503   1
c  1554   -1   1603   1
c  1554   -1   1653   1
c  1505   -1   1605   1
c  1505   -1   1507   1
c  1555   -1   1504   1
c  1555   -1   1455   1
c  926   -1   827   1
c  877   -1   926   1
c  877   -1   975   1
c  975   -1   926   1
c  975   -1   876   1
c  927   -1   876   1
c  927   -1   875   1
c  976   -1   1025   1
c  976   -1   1075   1
c  1024   -1   975   1
c  1024   -1   973   1
c  1075   -1   1024   1
c  1075   -1   973   1
c  1027   -1   1029   1
c  1027   -1   978   1
c  928   -1   977   1
c  928   -1   1029   1
c  879   -1   928   1
c  879   -1   877   1
c  829   -1   878   1
c  829   -1   729   1
c  1122   -1   1124   1
c  1123   -1   1023   1
c  1123   -1   1127   1
c  1560   -1   1460   1
c  1560   -1   1562   1
c  1607   -1   1656   1
c  1607   -1   1655   1
c  1612   -1   1461   1
c  1513   -1   1515   1
c  1464   -1   1513   1
c  1464   -1   1512   1
c  1514   -1   1463   1
c  1514   -1   1516   1
c  1466   -1   1464   1
c  1466   -1   1463   1
c  1563   -1   1612   1
c  1563   -1   1611   1
c  1611   -1   1613   1
c  1611   -1   1614   1
c  1559   -1   1610   1
c  1559   -1   1557   1
c  1609   -1   1560   1
c  1609   -1   1509   1
c  1556   -1   1553   1
c  1556   -1   1603   1
c  1557   -1   1608   1
c  1557   -1   1606   1
c  1269   -1   1271   1
c  1269   -1   1467   1
c  1270   -1   1219   1
c  1270   -1   1319   1
c  1321   -1   1270   1
c  1321   -1   1269   1
c  1465   -1   1416   1
c  1465   -1   1414   1
c  1515   -1   1415   1
c  1515   -1   1416   1
c  1516   -1   1465   1
c  1516   -1   1415   1
c  1608   -1   1559   1
c  1658   -1   1557   1
c  1601   -1   1552   1
c  1601   -1   1652   1
c  1702   -1   1753   1
c  1653   -1   1702   1
c  1653   -1   1602   1
c  1654   -1   1652   1
c  1801   -1   1752   1
c  1801   -1   1652   1
c  1701   -1   1752   1
c  1701   -1   1753   1
c  1751   -1   1702   1
c  1751   -1   1602   1
c  1221   -1   1321   1
c  1221   -1   1269   1
c  1271   -1   1320   1
c  1271   -1   1319   1
c  1661   -1   1561   1
c  1661   -1   1613   1
c  1417   -1   1366   1
c  1417   -1   1519   1
c  1467   -1   1367   1
c  1467   -1   1366   1
c  1566   -1   1568   1
c  1566   -1   1366   1
c  1418   -1   1318   1
c  1418   -1   1518   1
c  1320   -1   1322   1
c  1320   -1   1469   1
c  1369   -1   1320   1
c  1369   -1   1371   1
c  1419   -1   1468   1
c  1419   -1   1522   1
c  1222   -1   1170   1
c  1074   -1   1123   1
c  1074   -1   1173   1
c  1124   -1   1173   1
c  1124   -1   1073   1
c  1172   -1   1221   1
c  1172   -1   1272   1
c  1173   -1   1175   1
c  1370   -1   1421   1
c  1370   -1   1319   1
c  630   -1   632   1
c  533   -1   633   1
c  583   -1   532   1
c  583   -1   682   1
c  633   -1   532   1
c  633   -1   734   1
c  681   -1   732   1
c  681   -1   733   1
c  632   -1   634   1
c  632   -1   535   1
c  484   -1   533   1
c  484   -1   585   1
c  434   -1   483   1
c  434   -1   485   1
c  336   -1   385   1
c  336   -1   387   1
c  386   -1   438   1
c  386   -1   485   1
c  436   -1   385   1
c  436   -1   387   1
c  534   -1   485   1
c  534   -1   483   1
c  485   -1   487   1
c  485   -1   483   1
c  189   -1   192   1
c  189   -1   193   1
c  86   -1   88   1
c  36   -1   87   1
c  36   -1   88   1
c  779   -1   830   1
c  779   -1   730   1
c  730   -1   679   1
c  730   -1   629   1
c  780   -1   831   1
c  780   -1   881   1
c  286   -1   337   1
c  286   -1   338   1
c  87   -1   138   1
c  87   -1   139   1
c  137   -1   86   1
c  137   -1   188   1
c  237   -1   337   1
c  237   -1   286   1
c  188   -1   139   1
c  188   -1   190   1
c  288   -1   237   1
c  288   -1   187   1
c  37   -1   86   1
c  37   -1   189   1
c  1604   -1   1704   1
c  1604   -1   1653   1
c  1605   -1   1554   1
c  1605   -1   1703   1
c  977   -1   877   1
c  1025   -1   1074   1
c  1025   -1   1076   1
c  1026   -1   1075   1
c  1026   -1   1125   1
c  978   -1   976   1
c  978   -1   929   1
c  1078   -1   977   1
c  1078   -1   976   1
c  1125   -1   1074   1
c  1125   -1   1174   1
c  1076   -1   1127   1
c  1076   -1   1078   1
c  1077   -1   1028   1
c  1077   -1   1079   1
c  1028   -1   1030   1
c  1028   -1   1128   1
c  1029   -1   1078   1
c  1029   -1   1128   1
c  929   -1   880   1
c  929   -1   1030   1
c  880   -1   931   1
c  880   -1   932   1
c  930   -1   879   1
c  930   -1   830   1
c  830   -1   730   1
c  830   -1   881   1
c  1174   -1   1123   1
c  1174   -1   1225   1
c  1127   -1   1129   1
c  1610   -1   1661   1
c  1610   -1   1711   1
c  1613   -1   1560   1
c  1613   -1   1559   1
c  1606   -1   1657   1
c  1606   -1   1608   1
c  1657   -1   1605   1
c  1656   -1   1708   1
c  1656   -1   1758   1
c  1655   -1   1604   1
c  1655   -1   1755   1
c  1662   -1   1611   1
c  1662   -1   1616   1
c  1614   -1   1612   1
c  1614   -1   1563   1
c  1565   -1   1514   1
c  1565   -1   1513   1
c  1564   -1   1714   1
c  1564   -1   1715   1
c  1660   -1   1709   1
c  1660   -1   1611   1
c  1659   -1   1759   1
c  1659   -1   1611   1
c  1706   -1   1605   1
c  1706   -1   1556   1
c  1371   -1   1374   1
c  1371   -1   1324   1
c  1322   -1   1422   1
c  1322   -1   1373   1
c  1272   -1   1321   1
c  1421   -1   1321   1
c  1420   -1   1371   1
c  1420   -1   1321   1
c  1372   -1   1323   1
c  1372   -1   1321   1
c  1615   -1   1515   1
c  1615   -1   1516   1
c  1517   -1   1568   1
c  1517   -1   1569   1
c  1616   -1   1665   1
c  1616   -1   1516   1
c  1709   -1   1608   1
c  1709   -1   1711   1
c  1708   -1   1710   1
c  1708   -1   1659   1
c  1752   -1   1703   1
c  1752   -1   1653   1
c  1703   -1   1803   1
c  1703   -1   1804   1
c  1802   -1   1702   1
c  1802   -1   1701   1
c  1753   -1   1804   1
c  1704   -1   1755   1
c  1704   -1   1805   1
c  1851   -1   1802   1
c  1851   -1   1853   1
c  1754   -1   1805   1
c  1754   -1   1751   1
c  1711   -1   1762   1
c  1711   -1   1763   1
c  1663   -1   1661   1
c  1663   -1   1614   1
c  1519   -1   1570   1
c  1519   -1   1470   1
c  1468   -1   1568   1
c  1468   -1   1618   1
c  1518   -1   1569   1
c  1518   -1   1467   1
c  1469   -1   1467   1
c  1469   -1   1569   1
c  1567   -1   1616   1
c  1567   -1   1667   1
c  1665   -1   1566   1
c  1618   -1   1518   1
c  1618   -1   1566   1
c  1568   -1   1519   1
c  1568   -1   1620   1
c  1470   -1   1421   1
c  1470   -1   1418   1
c  1522   -1   1473   1
c  1522   -1   1573   1
c  1223   -1   1172   1
c  1223   -1   1272   1
c  1273   -1   1222   1
c  1273   -1   1324   1
c  1175   -1   1025   1
c  1175   -1   1077   1
c  535   -1   584   1
c  535   -1   533   1
c  584   -1   586   1
c  634   -1   683   1
c  634   -1   583   1
c  682   -1   684   1
c  683   -1   734   1
c  734   -1   686   1
c  731   -1   782   1
c  731   -1   733   1
c  732   -1   781   1
c  733   -1   784   1
c  733   -1   786   1
c  585   -1   485   1
c  585   -1   534   1
c  337   -1   288   1
c  387   -1   438   1
c  387   -1   288   1
c  437   -1   386   1
c  437   -1   486   1
c  536   -1   436   1
c  536   -1   386   1
c  438   -1   436   1
c  438   -1   487   1
c  486   -1   289   1
c  388   -1   437   1
c  388   -1   436   1
c  489   -1   436   1
c  489   -1   486   1
c  487   -1   587   1
c  487   -1   586   1
c  139   -1   88   1
c  139   -1   38   1
c  239   -1   190   1
c  239   -1   290   1
c  190   -1   192   1
c  190   -1   142   1
c  238   -1   189   1
c  238   -1   289   1
c  140   -1   189   1
c  140   -1   89   1
c  287   -1   189   1
c  287   -1   139   1
c  240   -1   189   1
c  240   -1   237   1
c  290   -1   339   1
c  290   -1   189   1
c  192   -1   194   1
c  192   -1   241   1
c  193   -1   93   1
c  88   -1   90   1
c  88   -1   288   1
c  781   -1   779   1
c  781   -1   830   1
c  831   -1   882   1
c  881   -1   781   1
c  881   -1   883   1
c  390   -1   343   1
c  390   -1   286   1
c  338   -1   438   1
c  338   -1   340   1
c  89   -1   138   1
c  89   -1   87   1
c  138   -1   39   1
c  289   -1   388   1
c  289   -1   387   1
c  38   -1   40   1
c  38   -1   138   1
c  39   -1   88   1
c  39   -1   37   1
c  1128   -1   1179   1
c  1128   -1   1026   1
c  979   -1   930   1
c  979   -1   881   1
c  1079   -1   1130   1
c  1079   -1   1128   1
c  1129   -1   1178   1
c  1129   -1   1078   1
c  1126   -1   1077   1
c  1126   -1   1227   1
c  1030   -1   981   1
c  1030   -1   982   1
c  980   -1   929   1
c  980   -1   932   1
c  931   -1   982   1
c  931   -1   1032   1
c  932   -1   934   1
c  932   -1   935   1
c  1031   -1   931   1
c  1031   -1   930   1
c  1081   -1   931   1
c  1081   -1   930   1
c  1224   -1   1275   1
c  1224   -1   1273   1
c  1276   -1   1225   1
c  1276   -1   1174   1
c  1225   -1   1274   1
c  1177   -1   1226   1
c  1177   -1   1128   1
c  1707   -1   1704   1
c  1707   -1   1606   1
c  1757   -1   1657   1
c  1757   -1   1806   1
c  1758   -1   1809   1
c  1758   -1   1908   1
c  1705   -1   1756   1
c  1705   -1   1956   1
c  1755   -1   1855   1
c  1755   -1   1804   1
c  1712   -1   1812   1
c  1712   -1   1810   1
c  1664   -1   1713   1
c  1664   -1   1712   1
c  1713   -1   1764   1
c  1713   -1   1614   1
c  1714   -1   1663   1
c  1714   -1   1665   1
c  1715   -1   1766   1
c  1710   -1   1759   1
c  1710   -1   1758   1
c  1759   -1   1810   1
c  1759   -1   1811   1
c  1756   -1   1805   1
c  1806   -1   1706   1
c  1374   -1   1475   1
c  1374   -1   1476   1
c  1324   -1   1275   1
c  1324   -1   1322   1
c  1323   -1   1275   1
c  1323   -1   1225   1
c  1274   -1   1272   1
c  1274   -1   1322   1
c  1422   -1   1522   1
c  1422   -1   1473   1
c  1373   -1   1424   1
c  1373   -1   1422   1
c  1471   -1   1469   1
c  1471   -1   1473   1
c  1473   -1   1420   1
c  1423   -1   1372   1
c  1423   -1   1323   1
c  1569   -1   1620   1
c  1569   -1   1520   1
c  1666   -1   1717   1
c  1666   -1   1715   1
c  1617   -1   1568   1
c  1617   -1   1569   1
c  1807   -1   1758   1
c  1807   -1   1709   1
c  1760   -1   1762   1
c  1760   -1   1709   1
c  1803   -1   1754   1
c  1804   -1   1853   1
c  1804   -1   1856   1
c  1852   -1   1903   1
c  1852   -1   1901   1
c  1853   -1   1802   1
c  1854   -1   1803   1
c  1854   -1   1753   1
c  1855   -1   1904   1
c  1855   -1   1753   1
c  1805   -1   1856   1
c  1805   -1   1907   1
c  1901   -1   1952   1
c  1761   -1   1810   1
c  1761   -1   1812   1
c  1762   -1   1813   1
c  1762   -1   1863   1
c  1763   -1   1812   1
c  1763   -1   1816   1
c  1520   -1   1620   1
c  1520   -1   1622   1
c  1570   -1   1619   1
c  1570   -1   1618   1
c  1667   -1   1618   1
c  1667   -1   1718   1
c  1716   -1   1665   1
c  1716   -1   1664   1
c  1668   -1   1717   1
c  1668   -1   1568   1
c  1619   -1   1670   1
c  1619   -1   1718   1
c  1620   -1   1618   1
c  1620   -1   1521   1
c  1472   -1   1423   1
c  1472   -1   1573   1
c  1521   -1   1570   1
c  1521   -1   1472   1
c  1572   -1   1523   1
c  1572   -1   1621   1
c  1523   -1   1472   1
c  1523   -1   1570   1
c  1573   -1   1525   1
c  1176   -1   1225   1
c  1176   -1   1227   1
c  1227   -1   1175   1
c  586   -1   535   1
c  586   -1   635   1
c  684   -1   733   1
c  684   -1   735   1
c  635   -1   684   1
c  782   -1   733   1
c  782   -1   683   1
c  784   -1   736   1
c  735   -1   784   1
c  735   -1   835   1
c  783   -1   734   1
c  783   -1   834   1
c  685   -1   734   1
c  685   -1   784   1
c  785   -1   734   1
c  785   -1   733   1
c  686   -1   586   1
c  832   -1   732   1
c  832   -1   783   1
c  786   -1   735   1
c  786   -1   784   1
c  537   -1   488   1
c  537   -1   588   1
c  488   -1   540   1
c  488   -1   541   1
c  439   -1   488   1
c  439   -1   589   1
c  389   -1   338   1
c  389   -1   438   1
c  441   -1   439   1
c  441   -1   438   1
c  538   -1   487   1
c  538   -1   486   1
c  339   -1   388   1
c  339   -1   539   1
c  539   -1   588   1
c  539   -1   537   1
c  490   -1   539   1
c  490   -1   589   1
c  440   -1   540   1
c  440   -1   489   1
c  587   -1   737   1
c  587   -1   686   1
c  141   -1   190   1
c  141   -1   139   1
c  191   -1   193   1
c  191   -1   242   1
c  142   -1   91   1
c  142   -1   41   1
c  90   -1   92   1
c  90   -1   142   1
c  92   -1   141   1
c  92   -1   140   1
c  241   -1   292   1
c  241   -1   342   1
c  291   -1   340   1
c  291   -1   240   1
c  340   -1   391   1
c  340   -1   440   1
c  342   -1   291   1
c  342   -1   290   1
c  242   -1   291   1
c  242   -1   341   1
c  143   -1   192   1
c  143   -1   141   1
c  194   -1   294   1
c  194   -1   344   1
c  243   -1   241   1
c  243   -1   292   1
c  144   -1   195   1
c  144   -1   193   1
c  244   -1   193   1
c  244   -1   143   1
c  93   -1   142   1
c  93   -1   144   1
c  41   -1   89   1
c  41   -1   88   1
c  882   -1   833   1
c  882   -1   834   1
c  883   -1   983   1
c  883   -1   934   1
c  391   -1   442   1
c  391   -1   443   1
c  341   -1   390   1
c  341   -1   490   1
c  442   -1   390   1
c  343   -1   392   1
c  343   -1   394   1
c  40   -1   91   1
c  40   -1   92   1
c  1178   -1   1130   1
c  1080   -1   1128   1
c  1080   -1   1133   1
c  1179   -1   1182   1
c  1130   -1   1181   1
c  1130   -1   1179   1
c  1228   -1   1179   1
c  1228   -1   1129   1
c  981   -1   1032   1
c  981   -1   1033   1
c  982   -1   1031   1
c  982   -1   1082   1
c  1032   -1   1083   1
c  1032   -1   1084   1
c  933   -1   982   1
c  933   -1   1083   1
c  934   -1   1034   1
c  935   -1   986   1
c  935   -1   1036   1
c  1131   -1   1180   1
c  1131   -1   1080   1
c  1082   -1   1131   1
c  1082   -1   1133   1
c  1424   -1   1475   1
c  1424   -1   1224   1
c  1275   -1   1226   1
c  1275   -1   1227   1
c  1226   -1   1178   1
c  1326   -1   1275   1
c  1326   -1   1274   1
c  1277   -1   1226   1
c  1277   -1   1326   1
c  1376   -1   1276   1
c  1376   -1   1226   1
c  1327   -1   1276   1
c  1327   -1   1278   1
c  1325   -1   1327   1
c  1325   -1   1225   1
c  1808   -1   1908   1
c  1808   -1   1907   1
c  1809   -1   1811   1
c  1809   -1   1761   1
c  1908   -1   1959   1
c  1908   -1   1904   1
c  1956   -1   1954   1
c  1956   -1   2005   1
c  1812   -1   1814   1
c  1812   -1   1764   1
c  1810   -1   1861   1
c  1764   -1   1762   1
c  1765   -1   1716   1
c  1765   -1   1717   1
c  1766   -1   1815   1
c  1766   -1   1817   1
c  1811   -1   1813   1
c  1811   -1   1763   1
c  1856   -1   1807   1
c  1856   -1   1907   1
c  1375   -1   1324   1
c  1375   -1   1424   1
c  1475   -1   1523   1
c  1476   -1   1525   1
c  1476   -1   1575   1
c  1474   -1   1525   1
c  1717   -1   1817   1
c  1857   -1   1908   1
c  1857   -1   1958   1
c  1904   -1   1853   1
c  1904   -1   1803   1
c  1902   -1   1953   1
c  1902   -1   1951   1
c  1951   -1   1852   1
c  1903   -1   1854   1
c  2003   -1   1853   1
c  1905   -1   1854   1
c  1905   -1   2006   1
c  1907   -1   1956   1
c  1907   -1   2108   1
c  1952   -1   1903   1
c  1952   -1   2003   1
c  1813   -1   1862   1
c  1813   -1   1912   1
c  1863   -1   1914   1
c  1863   -1   1912   1
c  1816   -1   1765   1
c  1816   -1   1764   1
c  1622   -1   1573   1
c  1622   -1   1523   1
c  1571   -1   1620   1
c  1571   -1   1619   1
c  1718   -1   1769   1
c  1718   -1   1767   1
c  1669   -1   1620   1
c  1669   -1   1671   1
c  1670   -1   1668   1
c  1670   -1   1721   1
c  1621   -1   1721   1
c  1621   -1   1771   1
c  1671   -1   1622   1
c  1671   -1   1572   1
c  1524   -1   1526   1
c  1524   -1   1527   1
c  1574   -1   1625   1
c  1574   -1   1523   1
c  1425   -1   1474   1
c  1425   -1   1523   1
c  1623   -1   1672   1
c  1623   -1   1674   1
c  1673   -1   1573   1
c  1673   -1   1675   1
c  1525   -1   1527   1
c  1525   -1   1577   1
c  1229   -1   1278   1
c  1229   -1   1227   1
c  636   -1   687   1
c  636   -1   638   1
c  637   -1   686   1
c  637   -1   586   1
c  591   -1   540   1
c  591   -1   586   1
c  834   -1   885   1
c  834   -1   934   1
c  736   -1   785   1
c  736   -1   685   1
c  687   -1   738   1
c  687   -1   735   1
c  835   -1   886   1
c  835   -1   884   1
c  833   -1   884   1
c  833   -1   934   1
c  836   -1   885   1
c  836   -1   787   1
c  787   -1   736   1
c  787   -1   687   1
c  588   -1   637   1
c  588   -1   636   1
c  540   -1   640   1
c  540   -1   641   1
c  541   -1   590   1
c  541   -1   492   1
c  589   -1   538   1
c  589   -1   540   1
c  491   -1   540   1
c  491   -1   591   1
c  639   -1   539   1
c  639   -1   590   1
c  590   -1   490   1
c  688   -1   637   1
c  688   -1   587   1
c  737   -1   688   1
c  737   -1   637   1
c  91   -1   93   1
c  42   -1   91   1
c  42   -1   93   1
c  43   -1   92   1
c  43   -1   91   1
c  392   -1   394   1
c  293   -1   244   1
c  293   -1   242   1
c  94   -1   143   1
c  94   -1   45   1
c  245   -1   294   1
c  245   -1   143   1
c  195   -1   244   1
c  195   -1   294   1
c  344   -1   346   1
c  344   -1   295   1
c  145   -1   96   1
c  145   -1   97   1
c  295   -1   244   1
c  295   -1   195   1
c  300   -1   198   1
c  300   -1   244   1
c  44   -1   95   1
c  44   -1   93   1
c  885   -1   883   1
c  885   -1   934   1
c  983   -1   1083   1
c  983   -1   1034   1
c  443   -1   544   1
c  443   -1   594   1
c  492   -1   543   1
c  492   -1   592   1
c  393   -1   442   1
c  393   -1   444   1
c  345   -1   343   1
c  345   -1   294   1
c  394   -1   494   1
c  394   -1   493   1
c  1133   -1   1182   1
c  1180   -1   1182   1
c  1180   -1   1183   1
c  1132   -1   1181   1
c  1132   -1   1179   1
c  1182   -1   1131   1
c  1181   -1   1234   1
c  1278   -1   1378   1
c  1033   -1   1133   1
c  1033   -1   1084   1
c  1083   -1   1183   1
c  1084   -1   1133   1
c  1084   -1   1082   1
c  984   -1   1084   1
c  984   -1   1085   1
c  1034   -1   985   1
c  1034   -1   1138   1
c  985   -1   1036   1
c  985   -1   987   1
c  936   -1   1036   1
c  936   -1   987   1
c  886   -1   935   1
c  986   -1   1035   1
c  986   -1   988   1
c  1036   -1   1085   1
c  1036   -1   1136   1
c  1426   -1   1326   1
c  1426   -1   1475   1
c  1328   -1   1279   1
c  1328   -1   1277   1
c  1279   -1   1330   1
c  1279   -1   1277   1
c  1379   -1   1278   1
c  1379   -1   1277   1
c  1377   -1   1428   1
c  1377   -1   1331   1
c  1427   -1   1425   1
c  1427   -1   1376   1
c  1858   -1   1909   1
c  1858   -1   1810   1
c  1859   -1   1808   1
c  1859   -1   1912   1
c  1958   -1   1907   1
c  1958   -1   2007   1
c  1860   -1   1909   1
c  1860   -1   1908   1
c  1959   -1   2010   1
c  1906   -1   1857   1
c  1906   -1   1957   1
c  1955   -1   1957   1
c  1955   -1   2053   1
c  2006   -1   2055   1
c  2006   -1   2054   1
c  1957   -1   1959   1
c  1957   -1   2057   1
c  1954   -1   2003   1
c  1954   -1   2002   1
c  2005   -1   2056   1
c  2005   -1   2007   1
c  1862   -1   1811   1
c  1862   -1   1911   1
c  1861   -1   1863   1
c  1861   -1   1812   1
c  1911   -1   1913   1
c  1911   -1   1812   1
c  1814   -1   1914   1
c  1814   -1   1765   1
c  1815   -1   1817   1
c  1767   -1   1818   1
c  1767   -1   1769   1
c  1866   -1   1766   1
c  1866   -1   1864   1
c  1817   -1   1866   1
c  1817   -1   1916   1
c  1526   -1   1578   1
c  1526   -1   1528   1
c  1477   -1   1426   1
c  1477   -1   1425   1
c  1575   -1   1526   1
c  1769   -1   1717   1
c  1953   -1   2002   1
c  1953   -1   1951   1
c  2001   -1   2052   1
c  2001   -1   2053   1
c  2103   -1   2054   1
c  2103   -1   1903   1
c  2002   -1   2004   1
c  2053   -1   2002   1
c  2004   -1   2006   1
c  2004   -1   2056   1
c  2054   -1   2003   1
c  2054   -1   2102   1
c  2108   -1   2157   1
c  2108   -1   2208   1
c  1913   -1   1862   1
c  1913   -1   1813   1
c  1864   -1   1813   1
c  1864   -1   1816   1
c  1912   -1   1864   1
c  1914   -1   1865   1
c  1672   -1   1723   1
c  1672   -1   1773   1
c  1723   -1   1674   1
c  1723   -1   1622   1
c  1768   -1   1719   1
c  1768   -1   1720   1
c  1719   -1   1770   1
c  1719   -1   1818   1
c  1720   -1   1773   1
c  1720   -1   1723   1
c  1770   -1   1670   1
c  1770   -1   1870   1
c  1721   -1   1772   1
c  1721   -1   1870   1
c  1771   -1   1722   1
c  1771   -1   1773   1
c  1527   -1   1478   1
c  1527   -1   1629   1
c  1624   -1   1675   1
c  1624   -1   1575   1
c  1578   -1   1576   1
c  1578   -1   1574   1
c  1625   -1   1726   1
c  1625   -1   1677   1
c  1674   -1   1672   1
c  1675   -1   1775   1
c  1675   -1   1724   1
c  1577   -1   1626   1
c  1577   -1   1579   1
c  1230   -1   1281   1
c  1230   -1   1279   1
c  1231   -1   1229   1
c  1231   -1   1279   1
c  638   -1   689   1
c  638   -1   738   1
c  641   -1   643   1
c  641   -1   593   1
c  592   -1   643   1
c  592   -1   594   1
c  640   -1   591   1
c  738   -1   787   1
c  837   -1   886   1
c  837   -1   885   1
c  788   -1   839   1
c  788   -1   739   1
c  689   -1   590   1
c  689   -1   540   1
c  542   -1   544   1
c  542   -1   493   1
c  690   -1   639   1
c  690   -1   739   1
c  691   -1   689   1
c  691   -1   639   1
c  739   -1   839   1
c  739   -1   688   1
c  95   -1   146   1
c  95   -1   196   1
c  45   -1   96   1
c  45   -1   47   1
c  246   -1   197   1
c  246   -1   248   1
c  196   -1   198   1
c  196   -1   199   1
c  346   -1   395   1
c  346   -1   295   1
c  146   -1   197   1
c  96   -1   147   1
c  96   -1   98   1
c  97   -1   148   1
c  97   -1   198   1
c  296   -1   298   1
c  296   -1   347   1
c  395   -1   295   1
c  250   -1   299   1
c  250   -1   199   1
c  299   -1   348   1
c  350   -1   399   1
c  350   -1   348   1
c  349   -1   300   1
c  400   -1   349   1
c  400   -1   300   1
c  198   -1   149   1
c  148   -1   197   1
c  148   -1   44   1
c  1035   -1   983   1
c  1035   -1   988   1
c  493   -1   495   1
c  493   -1   544   1
c  444   -1   495   1
c  444   -1   395   1
c  544   -1   593   1
c  544   -1   644   1
c  594   -1   643   1
c  594   -1   695   1
c  543   -1   592   1
c  543   -1   494   1
c  396   -1   345   1
c  396   -1   296   1
c  446   -1   394   1
c  545   -1   543   1
c  545   -1   394   1
c  494   -1   545   1
c  494   -1   445   1
c  1183   -1   1132   1
c  1183   -1   1234   1
c  1134   -1   1185   1
c  1134   -1   1183   1
c  1233   -1   1182   1
c  1233   -1   1132   1
c  1232   -1   1281   1
c  1232   -1   1283   1
c  1282   -1   1233   1
c  1282   -1   1182   1
c  1234   -1   1283   1
c  1234   -1   1282   1
c  1378   -1   1329   1
c  1378   -1   1479   1
c  1085   -1   1185   1
c  1085   -1   1087   1
c  1087   -1   1084   1
c  1138   -1   1140   1
c  987   -1   1038   1
c  987   -1   938   1
c  937   -1   888   1
c  937   -1   837   1
c  887   -1   936   1
c  887   -1   838   1
c  1037   -1   1086   1
c  1037   -1   986   1
c  988   -1   1037   1
c  988   -1   1036   1
c  1086   -1   1035   1
c  1086   -1   1138   1
c  1136   -1   1087   1
c  1136   -1   1236   1
c  1329   -1   1429   1
c  1329   -1   1380   1
c  1280   -1   1231   1
c  1280   -1   1329   1
c  1330   -1   1281   1
c  1330   -1   1231   1
c  1429   -1   1378   1
c  1429   -1   1377   1
c  1380   -1   1382   1
c  1430   -1   1379   1
c  1430   -1   1427   1
c  1428   -1   1430   1
c  1428   -1   1479   1
c  1331   -1   1280   1
c  1331   -1   1431   1
c  1478   -1   1429   1
c  1478   -1   1427   1
c  2008   -1   2208   1
c  2008   -1   2162   1
c  2007   -1   2058   1
c  2007   -1   2108   1
c  1910   -1   1861   1
c  1910   -1   2010   1
c  2009   -1   2060   1
c  2009   -1   2011   1
c  1960   -1   1911   1
c  1960   -1   2059   1
c  2056   -1   2156   1
c  2056   -1   2205   1
c  2057   -1   2108   1
c  2057   -1   2006   1
c  2055   -1   2104   1
c  2055   -1   2004   1
c  1961   -1   2010   1
c  1961   -1   2061   1
c  1865   -1   1814   1
c  1865   -1   1916   1
c  1818   -1   1918   1
c  1818   -1   1917   1
c  1916   -1   1967   1
c  1867   -1   1818   1
c  1867   -1   1869   1
c  1915   -1   1866   1
c  1915   -1   2015   1
c  1917   -1   1866   1
c  1917   -1   1919   1
c  1576   -1   1627   1
c  1576   -1   1625   1
c  1528   -1   1479   1
c  1528   -1   1480   1
c  1725   -1   1625   1
c  1725   -1   1575   1
c  1819   -1   1719   1
c  1819   -1   1770   1
c  1820   -1   1869   1
c  1820   -1   1769   1
c  2051   -1   2053   1
c  2051   -1   2102   1
c  2101   -1   2001   1
c  2101   -1   2052   1
c  2052   -1   2054   1
c  2052   -1   2055   1
c  2102   -1   2002   1
c  2102   -1   2202   1
c  2153   -1   2204   1
c  2153   -1   2053   1
c  2104   -1   2106   1
c  2204   -1   2103   1
c  2204   -1   2052   1
c  2152   -1   2052   1
c  2152   -1   2002   1
c  2105   -1   2054   1
c  2105   -1   2004   1
c  2058   -1   2056   1
c  2058   -1   2160   1
c  2107   -1   2056   1
c  2107   -1   2058   1
c  2158   -1   2207   1
c  2109   -1   2107   1
c  2109   -1   2158   1
c  2207   -1   2108   1
c  2159   -1   2108   1
c  2159   -1   2057   1
c  2157   -1   2058   1
c  2157   -1   2059   1
c  2208   -1   2257   1
c  2208   -1   2259   1
c  1963   -1   2014   1
c  1963   -1   2063   1
c  1965   -1   1914   1
c  1965   -1   1913   1
c  1964   -1   1864   1
c  1964   -1   1960   1
c  1962   -1   1964   1
c  1962   -1   2013   1
c  2014   -1   2063   1
c  2014   -1   1912   1
c  1722   -1   1873   1
c  1722   -1   1874   1
c  1773   -1   1775   1
c  1773   -1   1725   1
c  1724   -1   1778   1
c  1724   -1   1728   1
c  1772   -1   1723   1
c  1772   -1   1823   1
c  1627   -1   1578   1
c  1627   -1   1723   1
c  1821   -1   1772   1
c  1821   -1   1720   1
c  1870   -1   1919   1
c  1870   -1   1918   1
c  1822   -1   1873   1
c  1822   -1   1771   1
c  1823   -1   1821   1
c  1823   -1   1771   1
c  1629   -1   1678   1
c  1629   -1   1728   1
c  1628   -1   1728   1
c  1628   -1   1729   1
c  1579   -1   1628   1
c  1579   -1   1630   1
c  1626   -1   1675   1
c  1626   -1   1578   1
c  1678   -1   1778   1
c  1678   -1   1578   1
c  1726   -1   1675   1
c  1726   -1   1674   1
c  1677   -1   1728   1
c  1677   -1   1726   1
c  1676   -1   1627   1
c  1676   -1   1628   1
c  1775   -1   1824   1
c  1775   -1   1874   1
c  1480   -1   1431   1
c  1480   -1   1577   1
c  1281   -1   1283   1
c  642   -1   691   1
c  642   -1   741   1
c  643   -1   645   1
c  643   -1   596   1
c  593   -1   493   1
c  593   -1   545   1
c  838   -1   889   1
c  838   -1   789   1
c  789   -1   741   1
c  888   -1   890   1
c  888   -1   788   1
c  839   -1   890   1
c  839   -1   939   1
c  740   -1   789   1
c  740   -1   839   1
c  741   -1   793   1
c  741   -1   842   1
c  692   -1   694   1
c  692   -1   745   1
c  841   -1   839   1
c  841   -1   739   1
c  46   -1   95   1
c  46   -1   146   1
c  150   -1   96   1
c  150   -1   95   1
c  47   -1   96   1
c  47   -1   149   1
c  247   -1   147   1
c  247   -1   196   1
c  297   -1   346   1
c  297   -1   246   1
c  197   -1   97   1
c  197   -1   98   1
c  248   -1   299   1
c  248   -1   348   1
c  147   -1   198   1
c  147   -1   196   1
c  199   -1   150   1
c  347   -1   396   1
c  347   -1   446   1
c  447   -1   347   1
c  447   -1   346   1
c  98   -1   149   1
c  98   -1   296   1
c  99   -1   199   1
c  99   -1   97   1
c  298   -1   349   1
c  298   -1   398   1
c  445   -1   398   1
c  445   -1   498   1
c  200   -1   349   1
c  200   -1   147   1
c  249   -1   198   1
c  249   -1   298   1
c  348   -1   399   1
c  399   -1   499   1
c  450   -1   550   1
c  450   -1   448   1
c  149   -1   100   1
c  595   -1   544   1
c  595   -1   642   1
c  644   -1   695   1
c  644   -1   593   1
c  498   -1   547   1
c  498   -1   594   1
c  695   -1   744   1
c  695   -1   794   1
c  693   -1   642   1
c  693   -1   543   1
c  397   -1   446   1
c  397   -1   348   1
c  496   -1   547   1
c  496   -1   494   1
c  546   -1   595   1
c  546   -1   646   1
c  646   -1   545   1
c  1184   -1   1284   1
c  1184   -1   1334   1
c  1135   -1   1086   1
c  1135   -1   1037   1
c  1185   -1   1234   1
c  1185   -1   1284   1
c  1283   -1   1334   1
c  1284   -1   1235   1
c  1284   -1   1233   1
c  1332   -1   1381   1
c  1332   -1   1383   1
c  1333   -1   1382   1
c  1333   -1   1282   1
c  1235   -1   1184   1
c  1235   -1   1283   1
c  1334   -1   1234   1
c  1479   -1   1430   1
c  1479   -1   1432   1
c  1137   -1   1188   1
c  1137   -1   1238   1
c  1088   -1   1187   1
c  1088   -1   1186   1
c  1188   -1   1237   1
c  1139   -1   1239   1
c  1139   -1   1190   1
c  1089   -1   1140   1
c  1089   -1   1138   1
c  1140   -1   1041   1
c  1140   -1   991   1
c  1038   -1   1089   1
c  938   -1   890   1
c  889   -1   938   1
c  889   -1   937   1
c  989   -1   1040   1
c  989   -1   1088   1
c  1186   -1   1135   1
c  1186   -1   1235   1
c  1236   -1   1135   1
c  1381   -1   1432   1
c  1381   -1   1482   1
c  1382   -1   1384   1
c  1382   -1   1433   1
c  1431   -1   1382   1
c  1431   -1   1383   1
c  1432   -1   1430   1
c  1529   -1   1480   1
c  1529   -1   1478   1
c  2059   -1   2008   1
c  2059   -1   2111   1
c  2162   -1   2211   1
c  2162   -1   2111   1
c  2060   -1   1960   1
c  2011   -1   2060   1
c  2106   -1   2155   1
c  2106   -1   2154   1
c  2156   -1   2107   1
c  2156   -1   2208   1
c  2205   -1   2254   1
c  2205   -1   2256   1
c  2012   -1   1961   1
c  2012   -1   1963   1
c  2061   -1   2112   1
c  2061   -1   2113   1
c  1868   -1   1819   1
c  1868   -1   1970   1
c  1918   -1   1970   1
c  1918   -1   1971   1
c  1966   -1   2015   1
c  1966   -1   1917   1
c  1967   -1   1918   1
c  1967   -1   1868   1
c  1869   -1   1920   1
c  1869   -1   1872   1
c  2015   -1   2066   1
c  2015   -1   2116   1
c  1968   -1   1917   1
c  1968   -1   1869   1
c  1919   -1   1820   1
c  1919   -1   1821   1
c  1827   -1   1876   1
c  1827   -1   1576   1
c  1776   -1   1725   1
c  1776   -1   1724   1
c  1826   -1   1726   1
c  1826   -1   1725   1
c  2201   -1   2101   1
c  2201   -1   2051   1
c  2151   -1   2203   1
c  2151   -1   2204   1
c  2202   -1   2253   1
c  2202   -1   2204   1
c  2203   -1   2254   1
c  2203   -1   2305   1
c  2154   -1   2203   1
c  2154   -1   2205   1
c  2155   -1   2104   1
c  2155   -1   2255   1
c  2254   -1   2305   1
c  2254   -1   2256   1
c  2256   -1   2207   1
c  2256   -1   2204   1
c  2160   -1   2209   1
c  2160   -1   2158   1
c  2110   -1   2161   1
c  2110   -1   2159   1
c  2206   -1   2257   1
c  2206   -1   2209   1
c  2257   -1   2357   1
c  2209   -1   2310   1
c  2209   -1   2360   1
c  2258   -1   2309   1
c  2258   -1   2210   1
c  2211   -1   2260   1
c  2211   -1   2208   1
c  2259   -1   2210   1
c  2013   -1   2015   1
c  2013   -1   1964   1
c  2063   -1   2112   1
c  2063   -1   2111   1
c  2016   -1   1965   1
c  2016   -1   1969   1
c  2115   -1   2064   1
c  2115   -1   1962   1
c  2064   -1   2013   1
c  2064   -1   2062   1
c  2062   -1   2013   1
c  2062   -1   2014   1
c  1873   -1   1774   1
c  1874   -1   1774   1
c  1774   -1   1825   1
c  1774   -1   1826   1
c  1824   -1   1773   1
c  1825   -1   1874   1
c  1825   -1   1724   1
c  1778   -1   1680   1
c  1728   -1   1779   1
c  1728   -1   1827   1
c  1872   -1   1821   1
c  1872   -1   1772   1
c  2019   -1   1970   1
c  2019   -1   1772   1
c  1871   -1   1922   1
c  1871   -1   1972   1
c  1922   -1   1821   1
c  1920   -1   1968   1
c  1679   -1   1579   1
c  1679   -1   1728   1
c  1630   -1   1681   1
c  1630   -1   1632   1
c  1680   -1   1629   1
c  1680   -1   1628   1
c  1631   -1   1629   1
c  1631   -1   1628   1
c  1729   -1   1778   1
c  1729   -1   1829   1
c  1580   -1   1531   1
c  1580   -1   1481   1
c  1727   -1   1827   1
c  1727   -1   1828   1
c  1875   -1   1826   1
c  1875   -1   1775   1
c  1530   -1   1532   1
c  1530   -1   1484   1
c  1481   -1   1530   1
c  1481   -1   1532   1
c  1531   -1   1480   1
c  1531   -1   1631   1
c  645   -1   596   1
c  596   -1   647   1
c  596   -1   696   1
c  840   -1   889   1
c  840   -1   838   1
c  790   -1   890   1
c  790   -1   841   1
c  939   -1   888   1
c  890   -1   941   1
c  890   -1   991   1
c  743   -1   741   1
c  743   -1   740   1
c  791   -1   891   1
c  791   -1   890   1
c  742   -1   793   1
c  742   -1   693   1
c  792   -1   790   1
c  792   -1   741   1
c  842   -1   844   1
c  842   -1   891   1
c  694   -1   794   1
c  694   -1   845   1
c  745   -1   747   1
c  745   -1   748   1
c  891   -1   940   1
c  100   -1   98   1
c  48   -1   99   1
c  48   -1   50   1
c  50   -1   99   1
c  50   -1   199   1
c  497   -1   499   1
c  497   -1   647   1
c  448   -1   397   1
c  448   -1   497   1
c  547   -1   596   1
c  547   -1   447   1
c  499   -1   447   1
c  49   -1   100   1
c  49   -1   98   1
c  398   -1   498   1
c  398   -1   499   1
c  449   -1   498   1
c  449   -1   548   1
c  500   -1   549   1
c  500   -1   599   1
c  550   -1   599   1
c  550   -1   650   1
c  548   -1   546   1
c  696   -1   645   1
c  696   -1   698   1
c  744   -1   746   1
c  794   -1   843   1
c  794   -1   845   1
c  597   -1   648   1
c  597   -1   546   1
c  647   -1   696   1
c  746   -1   646   1
c  746   -1   697   1
c  1285   -1   1385   1
c  1285   -1   1336   1
c  1384   -1   1284   1
c  1384   -1   1433   1
c  1383   -1   1432   1
c  1335   -1   1386   1
c  1335   -1   1384   1
c  1434   -1   1334   1
c  1434   -1   1485   1
c  1385   -1   1434   1
c  1385   -1   1334   1
c  1187   -1   1287   1
c  1187   -1   1288   1
c  1238   -1   1287   1
c  1238   -1   1186   1
c  1189   -1   1240   1
c  1189   -1   1140   1
c  1190   -1   1188   1
c  1190   -1   1239   1
c  1237   -1   1337   1
c  1237   -1   1338   1
c  1090   -1   1039   1
c  1090   -1   1139   1
c  1239   -1   1339   1
c  1239   -1   1389   1
c  1039   -1   939   1
c  1039   -1   940   1
c  1040   -1   1089   1
c  1141   -1   1092   1
c  1141   -1   1192   1
c  1091   -1   1140   1
c  1191   -1   1140   1
c  1191   -1   1243   1
c  1041   -1   941   1
c  1041   -1   940   1
c  991   -1   940   1
c  991   -1   939   1
c  990   -1   941   1
c  990   -1   1039   1
c  940   -1   942   1
c  940   -1   989   1
c  1286   -1   1337   1
c  1286   -1   1288   1
c  1483   -1   1432   1
c  1483   -1   1381   1
c  1482   -1   1582   1
c  1482   -1   1583   1
c  1433   -1   1484   1
c  2111   -1   2011   1
c  2111   -1   2312   1
c  2112   -1   2163   1
c  2112   -1   2161   1
c  2161   -1   2210   1
c  2212   -1   2161   1
c  2212   -1   2111   1
c  2163   -1   2064   1
c  2113   -1   2162   1
c  2113   -1   2062   1
c  2255   -1   2355   1
c  2255   -1   2203   1
c  1970   -1   1972   1
c  1970   -1   1919   1
c  2018   -1   1969   1
c  2018   -1   1918   1
c  1971   -1   1920   1
c  1971   -1   2020   1
c  2017   -1   2066   1
c  2017   -1   1966   1
c  2065   -1   2063   1
c  2065   -1   2113   1
c  2215   -1   2064   1
c  2215   -1   2015   1
c  2066   -1   2018   1
c  2116   -1   2167   1
c  2116   -1   2216   1
c  1969   -1   1920   1
c  1969   -1   1921   1
c  1777   -1   1828   1
c  1777   -1   1826   1
c  1877   -1   1928   1
c  1877   -1   1828   1
c  1828   -1   1928   1
c  1828   -1   1825   1
c  1878   -1   1927   1
c  1878   -1   1827   1
c  1829   -1   1880   1
c  1829   -1   1827   1
c  1876   -1   1925   1
c  1876   -1   1776   1
c  1926   -1   1826   1
c  1926   -1   1975   1
c  2251   -1   2302   1
c  2251   -1   2202   1
c  2252   -1   2303   1
c  2252   -1   2201   1
c  2302   -1   2202   1
c  2253   -1   2302   1
c  2253   -1   2353   1
c  2305   -1   2354   1
c  2305   -1   2455   1
c  2304   -1   2302   1
c  2304   -1   2405   1
c  2306   -1   2255   1
c  2306   -1   2355   1
c  2210   -1   2261   1
c  2210   -1   2313   1
c  2307   -1   2356   1
c  2307   -1   2355   1
c  2357   -1   2406   1
c  2357   -1   2408   1
c  2310   -1   2308   1
c  2310   -1   2359   1
c  2360   -1   2409   1
c  2360   -1   2460   1
c  2308   -1   2259   1
c  2308   -1   2359   1
c  2358   -1   2258   1
c  2358   -1   2410   1
c  2309   -1   2409   1
c  2309   -1   2410   1
c  2261   -1   2310   1
c  2261   -1   2163   1
c  2260   -1   2262   1
c  2114   -1   2163   1
c  2114   -1   2063   1
c  2165   -1   2265   1
c  2165   -1   2315   1
c  2164   -1   2113   1
c  2164   -1   2115   1
c  1923   -1   1974   1
c  1923   -1   2026   1
c  1973   -1   1924   1
c  1973   -1   1873   1
c  1924   -1   1975   1
c  1924   -1   2025   1
c  1974   -1   1874   1
c  1974   -1   1926   1
c  1976   -1   1825   1
c  1930   -1   1829   1
c  1930   -1   1825   1
c  1779   -1   1782   1
c  1921   -1   1872   1
c  1921   -1   1923   1
c  1972   -1   1921   1
c  1972   -1   1872   1
c  2069   -1   2020   1
c  2069   -1   2018   1
c  2020   -1   2018   1
c  1632   -1   1681   1
c  1632   -1   1680   1
c  1730   -1   1779   1
c  1730   -1   1781   1
c  1581   -1   1731   1
c  1581   -1   1680   1
c  1731   -1   1631   1
c  1731   -1   1680   1
c  1583   -1   1683   1
c  1583   -1   1680   1
c  1925   -1   1976   1
c  1484   -1   1435   1
c  1484   -1   1385   1
c  941   -1   992   1
c  941   -1   892   1
c  843   -1   792   1
c  844   -1   795   1
c  844   -1   793   1
c  892   -1   943   1
c  892   -1   843   1
c  845   -1   894   1
c  795   -1   846   1
c  795   -1   847   1
c  747   -1   648   1
c  747   -1   649   1
c  748   -1   797   1
c  748   -1   846   1
c  943   -1   891   1
c  549   -1   648   1
c  599   -1   499   1
c  599   -1   648   1
c  600   -1   649   1
c  600   -1   648   1
c  650   -1   599   1
c  650   -1   699   1
c  598   -1   549   1
c  598   -1   649   1
c  648   -1   548   1
c  648   -1   650   1
c  697   -1   797   1
c  697   -1   748   1
c  698   -1   598   1
c  698   -1   649   1
c  796   -1   845   1
c  796   -1   747   1
c  847   -1   796   1
c  847   -1   746   1
c  1336   -1   1387   1
c  1287   -1   1336   1
c  1287   -1   1335   1
c  1436   -1   1335   1
c  1386   -1   1337   1
c  1386   -1   1338   1
c  1435   -1   1486   1
c  1435   -1   1386   1
c  1485   -1   1436   1
c  1485   -1   1487   1
c  1288   -1   1339   1
c  1288   -1   1340   1
c  1192   -1   1190   1
c  1192   -1   1189   1
c  1240   -1   1289   1
c  1240   -1   1192   1
c  1242   -1   1191   1
c  1242   -1   1190   1
c  1337   -1   1388   1
c  1337   -1   1437   1
c  1338   -1   1387   1
c  1338   -1   1287   1
c  1289   -1   1291   1
c  1289   -1   1341   1
c  1339   -1   1240   1
c  1389   -1   1338   1
c  1389   -1   1489   1
c  1142   -1   1193   1
c  1142   -1   1043   1
c  1092   -1   1043   1
c  1092   -1   1041   1
c  1042   -1   1093   1
c  1042   -1   1091   1
c  1241   -1   1292   1
c  1241   -1   1192   1
c  1243   -1   1241   1
c  1243   -1   1192   1
c  992   -1   943   1
c  992   -1   944   1
c  942   -1   993   1
c  942   -1   991   1
c  1533   -1   1582   1
c  1533   -1   1581   1
c  1534   -1   1483   1
c  1534   -1   1482   1
c  1582   -1   1633   1
c  1582   -1   1584   1
c  2312   -1   2261   1
c  2312   -1   2363   1
c  2262   -1   2213   1
c  2262   -1   2163   1
c  2213   -1   2215   1
c  2213   -1   2264   1
c  2355   -1   2404   1
c  2355   -1   2455   1
c  2121   -1   2172   1
c  2121   -1   1970   1
c  2068   -1   2168   1
c  2068   -1   2218   1
c  2021   -1   2072   1
c  2021   -1   2121   1
c  2067   -1   2118   1
c  2067   -1   2167   1
c  2214   -1   2216   1
c  2214   -1   2166   1
c  2265   -1   2314   1
c  2265   -1   2316   1
c  2216   -1   2167   1
c  2216   -1   2220   1
c  2117   -1   2066   1
c  2117   -1   2166   1
c  2166   -1   2168   1
c  2166   -1   2217   1
c  2167   -1   2169   1
c  2167   -1   2268   1
c  1927   -1   2026   1
c  1927   -1   2025   1
c  1977   -1   2077   1
c  1977   -1   1877   1
c  1928   -1   1926   1
c  1879   -1   1928   1
c  1879   -1   1828   1
c  1830   -1   1879   1
c  1880   -1   1882   1
c  1880   -1   1883   1
c  1975   -1   2026   1
c  1975   -1   1977   1
c  2301   -1   2252   1
c  2301   -1   2452   1
c  2352   -1   2301   1
c  2352   -1   2252   1
c  2303   -1   2352   1
c  2303   -1   2403   1
c  2353   -1   2402   1
c  2353   -1   2452   1
c  2354   -1   2306   1
c  2455   -1   2406   1
c  2405   -1   2456   1
c  2405   -1   2356   1
c  2356   -1   2354   1
c  2356   -1   2407   1
c  2313   -1   2362   1
c  2313   -1   2411   1
c  2407   -1   2405   1
c  2359   -1   2357   1
c  2359   -1   2356   1
c  2406   -1   2408   1
c  2406   -1   2355   1
c  2408   -1   2356   1
c  2311   -1   2362   1
c  2311   -1   2262   1
c  2410   -1   2359   1
c  2410   -1   2461   1
c  2361   -1   2363   1
c  2361   -1   2313   1
c  2411   -1   2360   1
c  2411   -1   2363   1
c  2409   -1   2458   1
c  2409   -1   2358   1
c  2460   -1   2409   1
c  2460   -1   2411   1
c  2263   -1   2265   1
c  2263   -1   2261   1
c  2315   -1   2364   1
c  2315   -1   2366   1
c  2119   -1   2170   1
c  2119   -1   1923   1
c  2026   -1   2075   1
c  2023   -1   1974   1
c  2023   -1   1972   1
c  2025   -1   2076   1
c  2025   -1   1977   1
c  2024   -1   2075   1
c  2024   -1   2125   1
c  2027   -1   2076   1
c  2027   -1   1976   1
c  1929   -1   1880   1
c  1929   -1   1980   1
c  1980   -1   2031   1
c  1980   -1   2080   1
c  1931   -1   1982   1
c  1931   -1   2032   1
c  1881   -1   1930   1
c  1881   -1   1981   1
c  1981   -1   1930   1
c  1981   -1   2081   1
c  1780   -1   1831   1
c  1780   -1   1880   1
c  1782   -1   1780   1
c  1782   -1   1731   1
c  2022   -1   2024   1
c  2022   -1   2071   1
c  2070   -1   2170   1
c  2070   -1   2119   1
c  2071   -1   2020   1
c  2071   -1   2171   1
c  2073   -1   2022   1
c  2073   -1   2020   1
c  1682   -1   1633   1
c  1682   -1   1634   1
c  1633   -1   1684   1
c  1633   -1   1685   1
c  1683   -1   1632   1
c  1683   -1   1634   1
c  1781   -1   1830   1
c  1732   -1   1781   1
c  1732   -1   1831   1
c  1584   -1   1535   1
c  1584   -1   1635   1
c  1535   -1   1484   1
c  1535   -1   1586   1
c  993   -1   893   1
c  993   -1   941   1
c  893   -1   844   1
c  893   -1   845   1
c  894   -1   943   1
c  894   -1   942   1
c  895   -1   846   1
c  895   -1   796   1
c  846   -1   897   1
c  846   -1   898   1
c  797   -1   848   1
c  749   -1   698   1
c  749   -1   747   1
c  798   -1   849   1
c  798   -1   749   1
c  699   -1   799   1
c  699   -1   748   1
c  799   -1   748   1
c  799   -1   898   1
c  849   -1   749   1
c  849   -1   748   1
c  944   -1   1044   1
c  944   -1   993   1
c  994   -1   894   1
c  994   -1   943   1
c  1043   -1   992   1
c  1043   -1   943   1
c  700   -1   800   1
c  700   -1   898   1
c  896   -1   847   1
c  896   -1   796   1
c  897   -1   848   1
c  897   -1   948   1
c  848   -1   799   1
c  848   -1   749   1
c  1387   -1   1487   1
c  1387   -1   1436   1
c  1486   -1   1535   1
c  1486   -1   1537   1
c  1437   -1   1388   1
c  1437   -1   1441   1
c  1487   -1   1538   1
c  1487   -1   1588   1
c  1388   -1   1288   1
c  1390   -1   1290   1
c  1390   -1   1288   1
c  1340   -1   1389   1
c  1340   -1   1289   1
c  1193   -1   1244   1
c  1193   -1   1242   1
c  1290   -1   1339   1
c  1290   -1   1241   1
c  1292   -1   1343   1
c  1292   -1   1195   1
c  1291   -1   1340   1
c  1291   -1   1242   1
c  1341   -1   1392   1
c  1341   -1   1338   1
c  1439   -1   1339   1
c  1439   -1   1340   1
c  1489   -1   1538   1
c  1489   -1   1388   1
c  1143   -1   1194   1
c  1143   -1   1094   1
c  1093   -1   1142   1
c  1293   -1   1342   1
c  1293   -1   1444   1
c  1244   -1   1143   1
c  1244   -1   1093   1
c  1194   -1   1243   1
c  1194   -1   1292   1
c  1635   -1   1582   1
c  2362   -1   2414   1
c  2363   -1   2365   1
c  2363   -1   2412   1
c  2264   -1   2313   1
c  2264   -1   2364   1
c  2404   -1   2455   1
c  2404   -1   2407   1
c  2120   -1   2118   1
c  2120   -1   2171   1
c  2171   -1   2222   1
c  2122   -1   2173   1
c  2122   -1   2223   1
c  2170   -1   2121   1
c  2072   -1   2121   1
c  2172   -1   2123   1
c  2172   -1   2174   1
c  2118   -1   2070   1
c  2118   -1   2071   1
c  2168   -1   2117   1
c  2168   -1   2219   1
c  2218   -1   2269   1
c  2218   -1   2119   1
c  2266   -1   2317   1
c  2266   -1   2417   1
c  2314   -1   2263   1
c  2316   -1   2365   1
c  2316   -1   2267   1
c  2217   -1   2268   1
c  2220   -1   2271   1
c  2220   -1   2272   1
c  2169   -1   2120   1
c  2169   -1   2118   1
c  2268   -1   2219   1
c  2268   -1   2169   1
c  1978   -1   2027   1
c  1978   -1   1929   1
c  2028   -1   1977   1
c  2028   -1   2079   1
c  2077   -1   2026   1
c  2077   -1   2125   1
c  1979   -1   1928   1
c  1979   -1   2028   1
c  1831   -1   1833   1
c  1882   -1   1982   1
c  1882   -1   1933   1
c  1883   -1   1932   1
c  1883   -1   1782   1
c  2351   -1   2402   1
c  2351   -1   2452   1
c  2403   -1   2352   1
c  2403   -1   2452   1
c  2401   -1   2452   1
c  2401   -1   2353   1
c  2453   -1   2404   1
c  2453   -1   2353   1
c  2454   -1   2354   1
c  2454   -1   2403   1
c  2456   -1   2458   1
c  2364   -1   2313   1
c  2457   -1   2406   1
c  2457   -1   2409   1
c  2458   -1   2407   1
c  2458   -1   2460   1
c  2459   -1   2408   1
c  2459   -1   2410   1
c  2461   -1   2409   1
c  2413   -1   2362   1
c  2413   -1   2361   1
c  2412   -1   2463   1
c  2412   -1   2464   1
c  2462   -1   2411   1
c  2462   -1   2413   1
c  2365   -1   2414   1
c  2365   -1   2466   1
c  2415   -1   2315   1
c  2415   -1   2364   1
c  2366   -1   2417   1
c  2366   -1   2317   1
c  2076   -1   2125   1
c  2075   -1   2126   1
c  2074   -1   2025   1
c  2074   -1   2174   1
c  2125   -1   2025   1
c  2030   -1   1981   1
c  2030   -1   2081   1
c  2031   -1   2082   1
c  2031   -1   2131   1
c  2080   -1   2129   1
c  2080   -1   2128   1
c  1932   -1   1881   1
c  1982   -1   1984   1
c  2032   -1   2034   1
c  2032   -1   1933   1
c  1933   -1   1982   1
c  1933   -1   1981   1
c  2081   -1   2032   1
c  2081   -1   2083   1
c  1832   -1   1781   1
c  1832   -1   1780   1
c  1783   -1   1832   1
c  1783   -1   1831   1
c  2123   -1   2072   1
c  2123   -1   2223   1
c  2124   -1   2073   1
c  2124   -1   2175   1
c  1733   -1   1682   1
c  1634   -1   1585   1
c  1634   -1   1685   1
c  1684   -1   1733   1
c  1684   -1   1735   1
c  1685   -1   1683   1
c  1685   -1   1833   1
c  1833   -1   1683   1
c  1833   -1   1735   1
c  1585   -1   1636   1
c  1585   -1   1587   1
c  1536   -1   1585   1
c  1536   -1   1637   1
c  1586   -1   1635   1
c  1586   -1   1637   1
c  1094   -1   994   1
c  1094   -1   993   1
c  945   -1   994   1
c  945   -1   1045   1
c  898   -1   947   1
c  898   -1   896   1
c  750   -1   799   1
c  750   -1   899   1
c  800   -1   749   1
c  800   -1   699   1
c  950   -1   849   1
c  950   -1   799   1
c  899   -1   848   1
c  899   -1   896   1
c  850   -1   899   1
c  850   -1   949   1
c  995   -1   944   1
c  1044   -1   1144   1
c  1044   -1   1046   1
c  946   -1   995   1
c  946   -1   997   1
c  947   -1   998   1
c  947   -1   1149   1
c  948   -1   999   1
c  948   -1   1000   1
c  1537   -1   1488   1
c  1438   -1   1487   1
c  1438   -1   1489   1
c  1441   -1   1439   1
c  1441   -1   1540   1
c  1488   -1   1490   1
c  1488   -1   1590   1
c  1538   -1   1589   1
c  1538   -1   1639   1
c  1588   -1   1537   1
c  1588   -1   1539   1
c  1440   -1   1540   1
c  1391   -1   1340   1
c  1391   -1   1440   1
c  1342   -1   1393   1
c  1343   -1   1392   1
c  1343   -1   1345   1
c  1195   -1   1295   1
c  1195   -1   1244   1
c  1294   -1   1291   1
c  1392   -1   1443   1
c  1392   -1   1591   1
c  1539   -1   1488   1
c  1539   -1   1590   1
c  1490   -1   1492   1
c  1490   -1   1441   1
c  1541   -1   1592   1
c  1541   -1   1489   1
c  1144   -1   1093   1
c  1245   -1   1294   1
c  1245   -1   1143   1
c  1345   -1   1293   1
c  1444   -1   1495   1
c  1444   -1   1393   1
c  1095   -1   1144   1
c  1095   -1   1194   1
c  1636   -1   1536   1
c  1636   -1   1537   1
c  1686   -1   1684   1
c  1686   -1   1635   1
c  2414   -1   2363   1
c  2414   -1   2463   1
c  2221   -1   2170   1
c  2221   -1   2172   1
c  2173   -1   2171   1
c  2173   -1   2272   1
c  2222   -1   2173   1
c  2222   -1   2174   1
c  2223   -1   2172   1
c  2127   -1   2076   1
c  2127   -1   2072   1
c  2174   -1   2274   1
c  2174   -1   2223   1
c  2219   -1   2221   1
c  2219   -1   2271   1
c  2269   -1   2320   1
c  2269   -1   2321   1
c  2267   -1   2368   1
c  2267   -1   2369   1
c  2318   -1   2267   1
c  2318   -1   2266   1
c  2317   -1   2268   1
c  2317   -1   2220   1
c  2417   -1   2368   1
c  2417   -1   2267   1
c  2367   -1   2418   1
c  2367   -1   2316   1
c  2270   -1   2219   1
c  2270   -1   2221   1
c  2271   -1   2222   1
c  2272   -1   2221   1
c  2319   -1   2268   1
c  2319   -1   2270   1
c  2078   -1   2127   1
c  2078   -1   2130   1
c  2029   -1   2080   1
c  2029   -1   2078   1
c  2079   -1   2130   1
c  2079   -1   2081   1
c  1884   -1   1783   1
c  2451   -1   2402   1
c  2451   -1   2351   1
c  2463   -1   2465   1
c  2463   -1   2415   1
c  2464   -1   2466   1
c  2464   -1   2367   1
c  2465   -1   2414   1
c  2465   -1   2365   1
c  2466   -1   2417   1
c  2466   -1   2415   1
c  2416   -1   2467   1
c  2416   -1   2367   1
c  2418   -1   2416   1
c  2418   -1   2415   1
c  2126   -1   2177   1
c  2126   -1   2227   1
c  2175   -1   2326   1
c  2177   -1   2226   1
c  2177   -1   2125   1
c  2130   -1   2081   1
c  2130   -1   2031   1
c  2082   -1   2033   1
c  2082   -1   2131   1
c  2131   -1   2083   1
c  2180   -1   2080   1
c  2180   -1   2131   1
c  2129   -1   2127   1
c  2129   -1   2177   1
c  2128   -1   2179   1
c  2128   -1   2079   1
c  1984   -1   1933   1
c  1984   -1   1932   1
c  1983   -1   2032   1
c  1983   -1   2034   1
c  2033   -1   2133   1
c  2033   -1   2334   1
c  2083   -1   2134   1
c  2083   -1   2032   1
c  2034   -1   1935   1
c  2034   -1   1936   1
c  1934   -1   1983   1
c  1934   -1   1784   1
c  1784   -1   1735   1
c  1784   -1   1786   1
c  1734   -1   1783   1
c  1734   -1   1634   1
c  1834   -1   1783   1
c  1834   -1   1934   1
c  1785   -1   1783   1
c  1785   -1   1733   1
c  2225   -1   2176   1
c  2225   -1   2124   1
c  1735   -1   1586   1
c  1735   -1   1587   1
c  1587   -1   1638   1
c  1587   -1   1688   1
c  1637   -1   1588   1
c  1637   -1   1539   1
c  1045   -1   1094   1
c  1045   -1   1096   1
c  998   -1   898   1
c  900   -1   1000   1
c  900   -1   1050   1
c  949   -1   1000   1
c  949   -1   998   1
c  1000   -1   899   1
c  999   -1   899   1
c  996   -1   1047   1
c  996   -1   998   1
c  997   -1   1046   1
c  997   -1   995   1
c  1046   -1   1095   1
c  1046   -1   1099   1
c  1149   -1   1100   1
c  1149   -1   1098   1
c  1491   -1   1542   1
c  1491   -1   1540   1
c  1442   -1   1491   1
c  1442   -1   1540   1
c  1540   -1   1543   1
c  1590   -1   1592   1
c  1590   -1   1588   1
c  1589   -1   1587   1
c  1589   -1   1638   1
c  1639   -1   1690   1
c  1639   -1   1588   1
c  1638   -1   1540   1
c  1393   -1   1493   1
c  1393   -1   1344   1
c  1344   -1   1199   1
c  1344   -1   1250   1
c  1145   -1   1196   1
c  1145   -1   1096   1
c  1196   -1   1247   1
c  1196   -1   1294   1
c  1295   -1   1346   1
c  1295   -1   1246   1
c  1443   -1   1445   1
c  1443   -1   1492   1
c  1591   -1   1640   1
c  1591   -1   1686   1
c  1492   -1   1543   1
c  1542   -1   1642   1
c  1542   -1   1593   1
c  1641   -1   1541   1
c  1593   -1   1541   1
c  1592   -1   1641   1
c  1592   -1   1540   1
c  1246   -1   1248   1
c  1246   -1   1048   1
c  1395   -1   1346   1
c  1395   -1   1398   1
c  1346   -1   1446   1
c  1346   -1   1297   1
c  1296   -1   1345   1
c  1296   -1   1347   1
c  1394   -1   1443   1
c  1394   -1   1445   1
c  1494   -1   1443   1
c  1494   -1   1448   1
c  1445   -1   1494   1
c  1445   -1   1544   1
c  1495   -1   1346   1
c  1096   -1   1196   1
c  1096   -1   1197   1
c  1736   -1   1785   1
c  1736   -1   1738   1
c  1687   -1   1638   1
c  1687   -1   1787   1
c  2273   -1   2373   1
c  2273   -1   2372   1
c  2224   -1   2273   1
c  2224   -1   2276   1
c  2274   -1   2323   1
c  2274   -1   2322   1
c  2370   -1   2270   1
c  2370   -1   2269   1
c  2320   -1   2372   1
c  2321   -1   2323   1
c  2321   -1   2273   1
c  2368   -1   2370   1
c  2368   -1   2471   1
c  2369   -1   2320   1
c  2369   -1   2270   1
c  2467   -1   2418   1
c  2468   -1   2368   1
c  2468   -1   2417   1
c  2322   -1   2371   1
c  2322   -1   2271   1
c  2323   -1   2272   1
c  2323   -1   2372   1
c  2473   -1   2422   1
c  2473   -1   2272   1
c  1885   -1   1985   1
c  1885   -1   1785   1
c  1835   -1   1884   1
c  1835   -1   1786   1
c  2419   -1   2471   1
c  2419   -1   2472   1
c  2176   -1   2178   1
c  2176   -1   2129   1
c  2227   -1   2276   1
c  2227   -1   2327   1
c  2326   -1   2324   1
c  2326   -1   2323   1
c  2178   -1   2229   1
c  2178   -1   2278   1
c  2278   -1   2227   1
c  2278   -1   2177   1
c  2226   -1   2224   1
c  2181   -1   2132   1
c  2181   -1   2130   1
c  2132   -1   2033   1
c  2132   -1   1983   1
c  2133   -1   2082   1
c  2133   -1   2182   1
c  2230   -1   2279   1
c  2230   -1   2131   1
c  2179   -1   2230   1
c  2228   -1   2179   1
c  2228   -1   2128   1
c  1985   -1   1936   1
c  1985   -1   1987   1
c  1935   -1   1986   1
c  1935   -1   1984   1
c  2084   -1   1984   1
c  2084   -1   2087   1
c  2035   -1   1984   1
c  2035   -1   1885   1
c  2334   -1   2385   1
c  2334   -1   2387   1
c  2134   -1   2137   1
c  1936   -1   1887   1
c  1936   -1   1837   1
c  1836   -1   1887   1
c  1836   -1   1784   1
c  1786   -1   1735   1
c  2275   -1   2375   1
c  2275   -1   2326   1
c  1688   -1   1737   1
c  1688   -1   1637   1
c  1048   -1   1148   1
c  1048   -1   1149   1
c  1050   -1   999   1
c  1050   -1   1099   1
c  1049   -1   1098   1
c  1049   -1   1100   1
c  1100   -1   999   1
c  1047   -1   1096   1
c  1047   -1   1146   1
c  1198   -1   1147   1
c  1198   -1   1046   1
c  1099   -1   1199   1
c  1099   -1   1248   1
c  1148   -1   1097   1
c  1148   -1   1247   1
c  1199   -1   1248   1
c  1199   -1   1250   1
c  1150   -1   1199   1
c  1150   -1   1197   1
c  1098   -1   1147   1
c  1098   -1   1197   1
c  1493   -1   1442   1
c  1493   -1   1544   1
c  1543   -1   1494   1
c  1543   -1   1592   1
c  1640   -1   1691   1
c  1640   -1   1692   1
c  1689   -1   1643   1
c  1689   -1   1644   1
c  1690   -1   1593   1
c  1690   -1   1543   1
c  1448   -1   1497   1
c  1448   -1   1393   1
c  1250   -1   1299   1
c  1146   -1   1097   1
c  1146   -1   1148   1
c  1147   -1   1096   1
c  1147   -1   1145   1
c  1197   -1   1148   1
c  1247   -1   1198   1
c  1247   -1   1199   1
c  1348   -1   1296   1
c  1348   -1   1295   1
c  1498   -1   1549   1
c  1498   -1   1492   1
c  1642   -1   1693   1
c  1691   -1   1642   1
c  1691   -1   1740   1
c  1643   -1   1743   1
c  1643   -1   1692   1
c  1594   -1   1545   1
c  1594   -1   1645   1
c  1644   -1   1593   1
c  1297   -1   1246   1
c  1297   -1   1348   1
c  1248   -1   1299   1
c  1248   -1   1148   1
c  1396   -1   1445   1
c  1396   -1   1495   1
c  1397   -1   1395   1
c  1397   -1   1446   1
c  1398   -1   1449   1
c  1398   -1   1447   1
c  1347   -1   1298   1
c  1347   -1   1247   1
c  1447   -1   1346   1
c  1446   -1   1448   1
c  1446   -1   1398   1
c  1299   -1   1297   1
c  1299   -1   1296   1
c  1544   -1   1546   1
c  1544   -1   1643   1
c  1545   -1   1494   1
c  1545   -1   1645   1
c  1496   -1   1445   1
c  1496   -1   1448   1
c  1546   -1   1495   1
c  1546   -1   1497   1
c  1097   -1   1197   1
c  1097   -1   1247   1
c  1737   -1   1788   1
c  1737   -1   1786   1
c  1738   -1   1789   1
c  1738   -1   1787   1
c  1739   -1   1688   1
c  1739   -1   1687   1
c  2324   -1   2375   1
c  2324   -1   2273   1
c  2373   -1   2375   1
c  2373   -1   2425   1
c  2372   -1   2370   1
c  2372   -1   2473   1
c  2276   -1   2376   1
c  2276   -1   2374   1
c  2420   -1   2469   1
c  2420   -1   2471   1
c  2371   -1   2420   1
c  2371   -1   2472   1
c  2470   -1   2421   1
c  2470   -1   2370   1
c  2421   -1   2370   1
c  2421   -1   2423   1
c  2471   -1   2422   1
c  2471   -1   2423   1
c  2469   -1   2421   1
c  2423   -1   2372   1
c  2472   -1   2372   1
c  2472   -1   2421   1
c  2474   -1   2425   1
c  2474   -1   2423   1
c  2475   -1   2473   1
c  2475   -1   2421   1
c  2422   -1   2371   1
c  2422   -1   2419   1
c  1886   -1   1786   1
c  2277   -1   2328   1
c  2277   -1   2378   1
c  2327   -1   2376   1
c  2327   -1   2278   1
c  2325   -1   2276   1
c  2325   -1   2376   1
c  2376   -1   2476   1
c  2376   -1   2425   1
c  2229   -1   2278   1
c  2229   -1   2277   1
c  2328   -1   2279   1
c  2328   -1   2428   1
c  2279   -1   2330   1
c  2231   -1   2331   1
c  2231   -1   2381   1
c  2182   -1   2282   1
c  2182   -1   2281   1
c  2183   -1   2234   1
c  2183   -1   2235   1
c  2085   -1   2134   1
c  2085   -1   2133   1
c  2280   -1   2329   1
c  2280   -1   2229   1
c  2329   -1   2229   1
c  2329   -1   2230   1
c  1986   -1   2035   1
c  1986   -1   2037   1
c  1987   -1   2036   1
c  2184   -1   2235   1
c  2184   -1   2084   1
c  2087   -1   2136   1
c  2087   -1   2040   1
c  2086   -1   2035   1
c  2086   -1   1986   1
c  2284   -1   2286   1
c  2284   -1   2236   1
c  2333   -1   2382   1
c  2333   -1   2284   1
c  2384   -1   2335   1
c  2384   -1   2285   1
c  2335   -1   2435   1
c  2335   -1   2386   1
c  2385   -1   2434   1
c  2385   -1   2433   1
c  2387   -1   2435   1
c  2387   -1   2485   1
c  2135   -1   2186   1
c  2135   -1   2187   1
c  2234   -1   2134   1
c  2137   -1   2185   1
c  1937   -1   1986   1
c  1937   -1   2036   1
c  1887   -1   1938   1
c  1887   -1   1789   1
c  1837   -1   1886   1
c  1837   -1   1788   1
c  1838   -1   1836   1
c  1838   -1   1938   1
c  2375   -1   2424   1
c  2375   -1   2426   1
c  1740   -1   1738   1
c  1740   -1   1688   1
c  1249   -1   1198   1
c  1249   -1   1297   1
c  1200   -1   1249   1
c  1200   -1   1248   1
c  1692   -1   1743   1
c  1692   -1   1793   1
c  1449   -1   1349   1
c  1499   -1   1448   1
c  1499   -1   1450   1
c  1497   -1   1446   1
c  1497   -1   1398   1
c  1300   -1   1349   1
c  1300   -1   1400   1
c  1298   -1   1349   1
c  1298   -1   1398   1
c  1349   -1   1249   1
c  1349   -1   1398   1
c  1350   -1   1299   1
c  1350   -1   1348   1
c  1548   -1   1597   1
c  1548   -1   1697   1
c  1549   -1   1598   1
c  1693   -1   1793   1
c  1693   -1   1745   1
c  1741   -1   1743   1
c  1741   -1   1840   1
c  1743   -1   1794   1
c  1595   -1   1646   1
c  1595   -1   1644   1
c  1744   -1   1645   1
c  1744   -1   1594   1
c  1646   -1   1594   1
c  1745   -1   1594   1
c  1645   -1   1694   1
c  1694   -1   1743   1
c  1694   -1   1745   1
c  1399   -1   1350   1
c  1399   -1   1547   1
c  1450   -1   1399   1
c  1450   -1   1398   1
c  1596   -1   1645   1
c  1596   -1   1696   1
c  1547   -1   1596   1
c  1547   -1   1595   1
c  1788   -1   1739   1
c  1788   -1   1743   1
c  1789   -1   1791   1
c  1789   -1   1792   1
c  2374   -1   2425   1
c  2374   -1   2475   1
c  2424   -1   2373   1
c  2424   -1   2472   1
c  2425   -1   2427   1
c  2425   -1   2476   1
c  2476   -1   2427   1
c  2378   -1   2429   1
c  2378   -1   2427   1
c  2377   -1   2428   1
c  2377   -1   2328   1
c  2426   -1   2477   1
c  2477   -1   2428   1
c  2477   -1   2376   1
c  2428   -1   2376   1
c  2379   -1   2328   1
c  2379   -1   2427   1
c  2330   -1   2381   1
c  2281   -1   2329   1
c  2281   -1   2379   1
c  2232   -1   2281   1
c  2232   -1   2283   1
c  2331   -1   2280   1
c  2381   -1   2432   1
c  2381   -1   2430   1
c  2282   -1   2284   1
c  2282   -1   2381   1
c  2233   -1   2282   1
c  2233   -1   2335   1
c  2235   -1   2233   1
c  2037   -1   2086   1
c  2037   -1   1988   1
c  1988   -1   2089   1
c  1988   -1   1892   1
c  2038   -1   1987   1
c  2185   -1   2136   1
c  2185   -1   2086   1
c  2186   -1   2237   1
c  2186   -1   2184   1
c  2088   -1   2137   1
c  2088   -1   2188   1
c  2138   -1   2087   1
c  2138   -1   2090   1
c  2189   -1   2137   1
c  2189   -1   2087   1
c  2136   -1   2036   1
c  2040   -1   2042   1
c  2040   -1   2038   1
c  2283   -1   2383   1
c  2283   -1   2384   1
c  2285   -1   2385   1
c  2285   -1   2386   1
c  2286   -1   2335   1
c  2236   -1   2285   1
c  2236   -1   2288   1
c  2332   -1   2381   1
c  2332   -1   2330   1
c  2383   -1   2381   1
c  2383   -1   2432   1
c  2482   -1   2433   1
c  2482   -1   2333   1
c  2382   -1   2331   1
c  2382   -1   2281   1
c  2434   -1   2483   1
c  2434   -1   2383   1
c  2433   -1   2435   1
c  2433   -1   2384   1
c  2435   -1   2384   1
c  2435   -1   2486   1
c  2336   -1   2385   1
c  2436   -1   2387   1
c  2436   -1   2335   1
c  2386   -1   2486   1
c  2386   -1   2485   1
c  2337   -1   2339   1
c  2437   -1   2439   1
c  2437   -1   2488   1
c  2388   -1   2439   1
c  2388   -1   2337   1
c  2338   -1   2387   1
c  2338   -1   2287   1
c  2485   -1   2434   1
c  2485   -1   2433   1
c  2187   -1   2136   1
c  2187   -1   2236   1
c  1989   -1   2038   1
c  1989   -1   1937   1
c  1888   -1   1837   1
c  1888   -1   1989   1
c  1839   -1   1790   1
c  1839   -1   1841   1
c  1840   -1   1838   1
c  1840   -1   1789   1
c  1790   -1   1792   1
c  1790   -1   1891   1
c  1791   -1   1742   1
c  1791   -1   1740   1
c  1742   -1   1793   1
c  1742   -1   1840   1
c  1793   -1   1744   1
c  1793   -1   1745   1
c  1400   -1   1449   1
c  1550   -1   1499   1
c  1550   -1   1449   1
c  1500   -1   1549   1
c  1500   -1   1599   1
c  1598   -1   1647   1
c  1598   -1   1547   1
c  1597   -1   1648   1
c  1597   -1   1698   1
c  1697   -1   1598   1
c  1697   -1   1694   1
c  1599   -1   1597   1
c  1599   -1   1698   1
c  1600   -1   1649   1
c  1600   -1   1549   1
c  1792   -1   1743   1
c  1792   -1   1741   1
c  1794   -1   1845   1
c  1794   -1   1843   1
c  1695   -1   1795   1
c  1695   -1   1744   1
c  1844   -1   1793   1
c  1844   -1   1744   1
c  1746   -1   1744   1
c  1746   -1   1794   1
c  1796   -1   1745   1
c  1796   -1   1744   1
c  1845   -1   1796   1
c  1845   -1   1744   1
c  1696   -1   1745   1
c  1696   -1   1694   1
c  1647   -1   1747   1
c  1647   -1   1600   1
c  1795   -1   1846   1
c  1795   -1   1896   1
c  1846   -1   1746   1
c  1846   -1   1745   1
c  1797   -1   1745   1
c  1797   -1   1849   1
c  1847   -1   1798   1
c  1847   -1   1596   1
c  2427   -1   2478   1
c  2427   -1   2430   1
c  2429   -1   2478   1
c  2429   -1   2427   1
c  2478   -1   2430   1
c  2479   -1   2430   1
c  2479   -1   2428   1
c  2380   -1   2480   1
c  2380   -1   2481   1
c  2431   -1   2380   1
c  2431   -1   2282   1
c  2432   -1   2481   1
c  2430   -1   2432   1
c  2430   -1   2382   1
c  2089   -1   2040   1
c  2089   -1   2189   1
c  1892   -1   1843   1
c  1892   -1   1841   1
c  2039   -1   2088   1
c  2039   -1   2238   1
c  2237   -1   2288   1
c  2237   -1   2338   1
c  2139   -1   2190   1
c  2139   -1   2088   1
c  2188   -1   2190   1
c  2188   -1   2239   1
c  2090   -1   2190   1
c  2090   -1   2141   1
c  2239   -1   2339   1
c  2239   -1   2290   1
c  2190   -1   2187   1
c  2192   -1   2194   1
c  2192   -1   2189   1
c  1990   -1   1939   1
c  2041   -1   1990   1
c  2042   -1   2093   1
c  2042   -1   1991   1
c  2287   -1   2289   1
c  2287   -1   2336   1
c  2288   -1   2337   1
c  2288   -1   2437   1
c  2481   -1   2430   1
c  2483   -1   2382   1
c  2484   -1   2482   1
c  2484   -1   2435   1
c  2289   -1   2338   1
c  2289   -1   2337   1
c  2339   -1   2439   1
c  2339   -1   2442   1
c  2487   -1   2489   1
c  2487   -1   2389   1
c  2438   -1   2489   1
c  2438   -1   2389   1
c  2390   -1   2439   1
c  2390   -1   2437   1
c  2488   -1   2388   1
c  2488   -1   2439   1
c  2389   -1   2338   1
c  2389   -1   2340   1
c  2440   -1   2438   1
c  2440   -1   2388   1
c  1939   -1   1942   1
c  1939   -1   1992   1
c  1940   -1   1938   1
c  1889   -1   1940   1
c  1889   -1   1989   1
c  1841   -1   1792   1
c  1841   -1   1795   1
c  1890   -1   1990   1
c  1890   -1   1939   1
c  1891   -1   1840   1
c  1891   -1   1992   1
c  1842   -1   1791   1
c  1842   -1   1840   1
c  1843   -1   1792   1
c  1648   -1   1599   1
c  1648   -1   1697   1
c  1698   -1   1647   1
c  1698   -1   1598   1
c  1649   -1   1598   1
c  1649   -1   1698   1
c  1747   -1   1796   1
c  1747   -1   1698   1
c  1650   -1   1648   1
c  1650   -1   1647   1
c  1894   -1   1943   1
c  1894   -1   1942   1
c  1893   -1   1844   1
c  1893   -1   1845   1
c  1895   -1   1897   1
c  1895   -1   1947   1
c  1896   -1   1847   1
c  1896   -1   1848   1
c  1897   -1   1846   1
c  1897   -1   1944   1
c  1798   -1   1749   1
c  1798   -1   1698   1
c  1748   -1   1797   1
c  1748   -1   1648   1
c  1848   -1   1797   1
c  1848   -1   1799   1
c  1899   -1   1797   1
c  1899   -1   1748   1
c  1849   -1   1800   1
c  1849   -1   1900   1
c  2480   -1   2431   1
c  2480   -1   2429   1
c  2240   -1   2090   1
c  2240   -1   2089   1
c  1942   -1   1991   1
c  1942   -1   1891   1
c  1941   -1   1892   1
c  1941   -1   1890   1
c  2091   -1   2191   1
c  2091   -1   2039   1
c  2141   -1   2092   1
c  2141   -1   2039   1
c  2238   -1   2240   1
c  2238   -1   2290   1
c  2140   -1   2142   1
c  2140   -1   2194   1
c  2290   -1   2339   1
c  2290   -1   2341   1
c  2191   -1   2142   1
c  2142   -1   2144   1
c  2142   -1   2091   1
c  2242   -1   2142   1
c  2242   -1   2143   1
c  2193   -1   2242   1
c  2193   -1   2342   1
c  2092   -1   2192   1
c  2092   -1   1994   1
c  2194   -1   2245   1
c  2194   -1   2346   1
c  1991   -1   1993   1
c  1992   -1   2043   1
c  1992   -1   2041   1
c  2043   -1   2092   1
c  2044   -1   2042   1
c  2044   -1   2046   1
c  2093   -1   2044   1
c  2340   -1   2491   1
c  2442   -1   2493   1
c  2442   -1   2494   1
c  2489   -1   2391   1
c  2391   -1   2440   1
c  2391   -1   2342   1
c  2490   -1   2441   1
c  2490   -1   2391   1
c  2441   -1   2392   1
c  2441   -1   2393   1
c  1699   -1   1648   1
c  1699   -1   1748   1
c  1749   -1   1649   1
c  1749   -1   1648   1
c  1700   -1   1649   1
c  1700   -1   1698   1
c  1944   -1   1993   1
c  1944   -1   1946   1
c  1945   -1   1943   1
c  1945   -1   1894   1
c  1943   -1   2043   1
c  1943   -1   2093   1
c  1996   -1   1945   1
c  1996   -1   1895   1
c  1947   -1   1998   1
c  1947   -1   1999   1
c  1946   -1   1943   1
c  1946   -1   2096   1
c  1997   -1   1946   1
c  1997   -1   1896   1
c  1898   -1   1947   1
c  1898   -1   1799   1
c  1799   -1   1699   1
c  1750   -1   1799   1
c  1750   -1   1798   1
c  1949   -1   1898   1
c  1900   -1   1949   1
c  1850   -1   1899   1
c  1850   -1   1949   1
c  1800   -1   1900   1
c  1800   -1   1899   1
c  2241   -1   2292   1
c  2241   -1   2243   1
c  2243   -1   2292   1
c  2243   -1   2240   1
c  2143   -1   2091   1
c  2143   -1   1991   1
c  2291   -1   2293   1
c  2291   -1   2340   1
c  2341   -1   2343   1
c  2341   -1   2392   1
c  2094   -1   2092   1
c  2094   -1   2142   1
c  2144   -1   2195   1
c  2144   -1   2196   1
c  2292   -1   2343   1
c  2292   -1   2341   1
c  2342   -1   2344   1
c  2342   -1   2291   1
c  1994   -1   2043   1
c  1994   -1   1943   1
c  2244   -1   2295   1
c  2244   -1   2293   1
c  2195   -1   2246   1
c  2195   -1   2198   1
c  2145   -1   2194   1
c  2145   -1   2243   1
c  2245   -1   2345   1
c  2346   -1   2295   1
c  2346   -1   2197   1
c  1993   -1   1945   1
c  2045   -1   1996   1
c  2045   -1   2096   1
c  2046   -1   2146   1
c  2491   -1   2442   1
c  2491   -1   2391   1
c  2392   -1   2443   1
c  2492   -1   2490   1
c  2492   -1   2494   1
c  2443   -1   2494   1
c  2443   -1   2495   1
c  2494   -1   2445   1
c  2444   -1   2493   1
c  2444   -1   2441   1
c  2393   -1   2342   1
c  2393   -1   2344   1
c  1995   -1   2046   1
c  1995   -1   1946   1
c  2047   -1   1996   1
c  2047   -1   2045   1
c  1948   -1   1997   1
c  1948   -1   1999   1
c  1998   -1   2098   1
c  1998   -1   2147   1
c  1999   -1   2150   1
c  2096   -1   2098   1
c  2096   -1   2048   1
c  2048   -1   1997   1
c  2048   -1   2097   1
c  1950   -1   1948   1
c  1950   -1   2049   1
c  2049   -1   2000   1
c  2049   -1   1949   1
c  2000   -1   1998   1
c  2000   -1   1949   1
c  2293   -1   2344   1
c  2293   -1   2447   1
c  2344   -1   2244   1
c  2344   -1   2243   1
c  2343   -1   2294   1
c  2343   -1   2394   1
c  2095   -1   2046   1
c  2095   -1   1995   1
c  2196   -1   2245   1
c  2196   -1   2147   1
c  2294   -1   2345   1
c  2294   -1   2346   1
c  2295   -1   2297   1
c  2295   -1   2347   1
c  2297   -1   2246   1
c  2297   -1   2195   1
c  2246   -1   2295   1
c  2246   -1   2345   1
c  2198   -1   2149   1
c  2198   -1   2146   1
c  2146   -1   2095   1
c  2345   -1   2396   1
c  2345   -1   2448   1
c  2296   -1   2294   1
c  2296   -1   2348   1
c  2396   -1   2447   1
c  2396   -1   2445   1
c  2347   -1   2398   1
c  2347   -1   2396   1
c  2395   -1   2346   1
c  2395   -1   2397   1
c  2197   -1   2148   1
c  2197   -1   2297   1
c  2495   -1   2395   1
c  2495   -1   2444   1
c  2445   -1   2496   1
c  2394   -1   2445   1
c  2394   -1   2345   1
c  2097   -1   2146   1
c  2099   -1   2097   1
c  2099   -1   2047   1
c  2098   -1   2049   1
c  2147   -1   2098   1
c  2147   -1   2099   1
c  2150   -1   2199   1
c  2150   -1   2148   1
c  2050   -1   2099   1
c  2050   -1   2048   1
c  2447   -1   2498   1
c  2447   -1   2499   1
c  2247   -1   2196   1
c  2247   -1   2249   1
c  2298   -1   2347   1
c  2298   -1   2247   1
c  2199   -1   2248   1
c  2199   -1   2297   1
c  2148   -1   2199   1
c  2148   -1   2097   1
c  2248   -1   2250   1
c  2249   -1   2200   1
c  2249   -1   2198   1
c  2200   -1   2198   1
c  2149   -1   2200   1
c  2448   -1   2499   1
c  2448   -1   2450   1
c  2348   -1   2446   1
c  2348   -1   2447   1
c  2446   -1   2448   1
c  2446   -1   2449   1
c  2397   -1   2448   1
c  2397   -1   2449   1
c  2499   -1   2450   1
c  2499   -1   2396   1
c  2398   -1   2449   1
c  2496   -1   2447   1
c  2496   -1   2397   1
c  2100   -1   2149   1
c  2100   -1   2249   1
c  2497   -1   2448   1
c  2497   -1   2397   1
c  2498   -1   2449   1
c  2498   -1   2496   1
c  2299   -1   2199   1
c  2299   -1   2200   1
c  2250   -1   2199   1
c  2250   -1   2149   1
c  2300   -1   2249   1
c  2300   -1   2200   1
c  2450   -1   2399   1
c  2450   -1   2498   1
c  2349   -1   2398   1
c  2349   -1   2400   1
c  2399   -1   2348   1
c  2399   -1   2397   1
c  2500   -1   2449   1
c  2500   -1   2498   1
c  2400   -1   2449   1
c  2400   -1   2499   1
c  2350   -1   2399   1
c  2350   -1   2449   1
r  1   53   202   2
c  51   -1   105   2
r  2   102   101   2
r  52   103   3   2
r  3   54   102   2
c  152   -1   3   2
c  152   -1   157   2
r  201   152   304   2
c  302   -1   201   2
r  151   202   104   2
r  4   56   102   2
c  153   -1   54   2
c  106   -1   58   2
c  103   -1   55   2
r  104   202   152   2
r  5   56   54   2
c  108   -1   208   2
c  56   -1   204   2
r  304   306   255   2
c  256   -1   305   2
c  59   -1   55   2
c  109   -1   9   2
c  57   -1   9   2
r  8   57   108   2
c  402   -1   303   2
r  451   551   552   2
c  110   -1   165   2
c  361   -1   208   2
c  404   -1   453   2
c  404   -1   451   2
c  406   -1   403   2
c  454   -1   356   2
c  552   -1   503   2
r  502   402   453   2
c  162   -1   113   2
c  115   -1   14   2
r  212   264   61   2
c  504   -1   553   2
c  601   -1   502   2
c  556   -1   705   2
c  607   -1   705   2
c  607   -1   655   2
c  63   -1   211   2
r  13   64   114   2
c  64   -1   164   2
c  65   -1   62   2
r  166   113   117   2
c  214   -1   114   2
c  460   -1   360   2
c  364   -1   266   2
r  802   851   602   2
c  653   -1   555   2
c  708   -1   607   2
r  15   66   114   2
r  16   65   116   2
r  19   68   166   2
c  268   -1   220   2
c  514   -1   462   2
c  612   -1   413   2
c  416   -1   520   2
c  609   -1   561   2
c  703   -1   954   2
c  852   -1   803   2
r  753   804   802   2
c  901   -1   802   2
c  902   -1   752   2
c  704   -1   804   2
c  759   -1   860   2
c  318   -1   169   2
c  68   -1   169   2
c  69   -1   121   2
c  562   -1   614   2
c  563   -1   663   2
c  613   -1   712   2
c  661   -1   659   2
c  466   -1   464   2
c  520   -1   468   2
r  856   705   905   2
c  855   -1   755   2
c  858   -1   758   2
c  810   -1   712   2
c  711   -1   611   2
c  321   -1   220   2
c  615   -1   717   2
c  713   -1   611   2
c  811   -1   662   2
r  761   810   763   2
c  568   -1   617   2
c  470   -1   473   2
c  521   -1   469   2
c  904   -1   1004   2
r  955   961   854   2
c  1006   -1   1107   2
c  908   -1   910   2
c  910   -1   1060   2
r  909   957   860   2
c  762   -1   810   2
c  74   -1   22   2
c  720   -1   821   2
c  1154   -1   1002   2
c  1152   -1   1252   2
c  1061   -1   961   2
c  1059   -1   960   2
c  912   -1   1013   2
c  814   -1   866   2
c  76   -1   127   2
c  77   -1   31   2
c  277   -1   374   2
r  325   274   276   2
c  326   -1   125   2
c  719   -1   672   2
c  669   -1   770   2
r  718   769   767   2
c  671   -1   619   2
c  622   -1   575   2
c  919   -1   820   2
c  919   -1   871   2
c  869   -1   769   2
c  575   -1   423   2
c  1108   -1   1007   2
c  1153   -1   1155   2
c  1207   -1   1159   2
c  1254   -1   1301   2
r  1251   1202   1102   2
r  1203   1252   1152   2
c  1252   -1   1453   2
c  1111   -1   1008   2
c  963   -1   912   2
c  1112   -1   962   2
c  1062   -1   913   2
c  177   -1   80   2
r  27   76   126   2
c  79   -1   81   2
c  31   -1   83   2
c  475   -1   574   2
c  327   -1   380   2
c  818   -1   718   2
r  867   967   865   2
c  574   -1   479   2
c  723   -1   774   2
c  626   -1   622   2
c  969   -1   1018   2
c  1206   -1   1257   2
c  1206   -1   1260   2
c  1255   -1   1252   2
c  1351   -1   1452   2
c  1453   -1   1353   2
c  1161   -1   1208   2
c  1014   -1   1164   2
c  1113   -1   1214   2
c  966   -1   913   2
c  967   -1   915   2
c  967   -1   914   2
c  80   -1   31   2
r  280   231   180   2
c  281   -1   232   2
r  81   129   132   2
r  30   81   82   2
c  428   -1   480   2
c  181   -1   331   2
c  380   -1   531   2
c  921   -1   1072   2
c  971   -1   872   2
c  1019   -1   1070   2
c  1019   -1   1169   2
c  677   -1   680   2
c  1308   -1   1361   2
c  1406   -1   1306   2
c  1357   -1   1406   2
c  1405   -1   1402   2
r  1353   1252   1452   2
c  1503   -1   1551   2
c  1504   -1   1553   2
c  1213   -1   1211   2
c  1214   -1   1014   2
c  1164   -1   1066   2
r  1115   1214   1064   2
c  130   -1   29   2
r  82   31   80   2
c  182   -1   381   2
c  85   -1   88   2
c  826   -1   774   2
c  1173   -1   872   2
c  878   -1   824   2
c  1217   -1   1368   2
c  1068   -1   1219   2
c  680   -1   632   2
c  1358   -1   1458   2
c  1459   -1   1560   2
c  1501   -1   1651   2
c  1603   -1   1704   2
c  1313   -1   1413   2
c  1118   -1   1268   2
c  86   -1   189   2
c  631   -1   532   2
c  630   -1   480   2
c  533   -1   529   2
c  284   -1   233   2
c  483   -1   535   2
c  435   -1   484   2
c  1023   -1   1225   2
c  1122   -1   1170   2
c  1121   -1   1119   2
c  926   -1   973   2
c  977   -1   876   2
c  1410   -1   1359   2
r  1607   1656   1605   2
c  1510   -1   1459   2
r  1552   1555   1652   2
c  1651   -1   1751   2
c  1654   -1   1707   2
c  1702   -1   1554   2
c  236   -1   234   2
c  285   -1   237   2
r  37   86   138   2
r  39   37   188   2
c  91   -1   88   2
c  1127   -1   1226   2
c  1222   -1   1224   2
c  1272   -1   1275   2
c  1225   -1   1127   2
c  1227   -1   1127   2
r  1126   1077   1075   2
c  1416   -1   1364   2
c  1421   -1   1268   2
c  682   -1   733   2
c  732   -1   637   2
c  831   -1   833   2
c  1608   -1   1708   2
c  1658   -1   1556   2
c  1657   -1   1706   2
c  1756   -1   1704   2
r  1805   1856   1705   2
r  1801   1652   1703   2
c  1753   -1   1853   2
c  193   -1   190   2
c  337   -1   436   2
c  584   -1   484   2
c  683   -1   635   2
c  734   -1   832   2
c  486   -1   240   2
c  1226   -1   1130   2
r  684   733   786   2
c  784   -1   686   2
c  635   -1   686   2
c  686   -1   634   2
c  1612   -1   1564   2
c  1513   -1   1713   2
c  1806   -1   1755   2
c  1803   -1   2002   2
c  1901   -1   1801   2
c  1853   -1   2054   2
r  1952   2003   1802   2
c  292   -1   290   2
c  292   -1   341   2
c  294   -1   143   2
c  294   -1   141   2
c  1178   -1   1080   2
c  1179   -1   1177   2
c  1278   -1   1226   2
c  1474   -1   1426   2
c  1475   -1   1473   2
c  934   -1   882   2
r  1567   1616   1516   2
c  1665   -1   1717   2
c  1473   -1   1572   2
c  1573   -1   1672   2
c  884   -1   882   2
c  884   -1   736   2
c  2002   -1   2055   2
c  1951   -1   2002   2
c  1903   -1   2002   2
c  2003   -1   2152   2
r  1953   1951   2001   2
c  442   -1   540   2
c  392   -1   390   2
r  145   97   98   2
r  196   198   144   2
c  395   -1   294   2
r  148   197   199   2
c  590   -1   491   2
c  640   -1   539   2
c  1182   -1   1082   2
c  1133   -1   1135   2
c  1181   -1   1282   2
c  1380   -1   1231   2
c  1281   -1   1430   2
c  1083   -1   981   2
c  886   -1   1034   2
c  1715   -1   1764   2
c  1717   -1   1572   2
c  738   -1   936   2
c  1764   -1   1813   2
c  1810   -1   1859   2
c  2053   -1   2102   2
c  1959   -1   2059   2
c  1909   -1   2010   2
c  1909   -1   1911   2
c  2010   -1   1908   2
c  2010   -1   2061   2
c  2158   -1   2209   2
c  2207   -1   2056   2
c  2104   -1   2052   2
c  146   -1   149   2
r  147   198   149   2
c  199   -1   98   2
c  299   -1   198   2
r  350   348   397   2
c  349   -1   347   2
c  399   -1   300   2
c  198   -1   46   2
c  495   -1   395   2
c  495   -1   394   2
r  47   149   98   2
c  1575   -1   1718   2
c  1432   -1   1331   2
c  1383   -1   1331   2
c  1283   -1   1186   2
c  1087   -1   1135   2
c  1138   -1   1036   2
c  1769   -1   1720   2
c  1674   -1   1826   2
c  789   -1   890   2
c  1914   -1   1812   2
c  1912   -1   1965   2
c  1815   -1   1866   2
c  2060   -1   1959   2
c  2011   -1   1960   2
c  2257   -1   2308   2
c  2259   -1   2213   2
c  446   -1   547   2
r  150   95   98   2
r  48   50   149   2
r  99   97   47   2
c  100   -1   199   2
r  50   99   98   2
c  348   -1   400   2
c  499   -1   550   2
c  645   -1   796   2
c  1236   -1   1137   2
c  1334   -1   1483   2
c  1433   -1   1381   2
c  1188   -1   1288   2
r  1139   1239   1039   2
c  1038   -1   1186   2
c  938   -1   840   2
c  1916   -1   1864   2
c  1873   -1   1721   2
r  1628   1728   1675   2
c  1778   -1   1674   2
c  1874   -1   1724   2
c  1824   -1   1772   2
c  891   -1   889   2
c  939   -1   1090   2
r  1963   2063   2064   2
c  2302   -1   2403   2
r  2353   2402   2202   2
c  2402   -1   2201   2
c  2402   -1   2202   2
r  2012   1963   1964   2
c  2161   -1   2113   2
c  2163   -1   2212   2
c  2407   -1   2257   2
r  2309   2410   2358   2
c  2260   -1   2312   2
c  646   -1   597   2
r  500   549   650   2
c  548   -1   698   2
c  549   -1   698   2
c  647   -1   498   2
c  793   -1   842   2
c  793   -1   941   2
c  744   -1   693   2
r  1533   1582   1482   2
c  1532   -1   1580   2
c  1532   -1   1631   2
r  1531   1480   1533   2
c  1342   -1   1188   2
c  1040   -1   940   2
c  1091   -1   989   2
c  1922   -1   1873   2
c  1920   -1   1923   2
c  1779   -1   1628   2
c  1925   -1   1726   2
c  943   -1   941   2
c  843   -1   742   2
c  845   -1   842   2
r  2352   2301   2253   2
c  2354   -1   2352   2
r  2401   2452   2352   2
r  2453   2404   2354   2
r  2351   2452   2353   2
c  2452   -1   2404   2
c  2452   -1   2455   2
r  2451   2351   2455   2
r  2459   2410   2310   2
c  2461   -1   2360   2
c  2408   -1   2308   2
r  2404   2455   2356   2
c  649   -1   597   2
c  649   -1   646   2
c  797   -1   898   2
r  895   846   844   2
c  1336   -1   1437   2
c  1436   -1   1338   2
c  1681   -1   1580   2
c  1681   -1   1732   2
c  1635   -1   1684   2
c  1339   -1   1190   2
c  1388   -1   1340   2
c  1976   -1   2025   2
c  2020   -1   2119   2
c  2026   -1   1977   2
c  1928   -1   1880   2
c  2066   -1   2068   2
c  2455   -1   2403   2
r  2454   2403   2355   2
c  2362   -1   2462   2
c  2314   -1   2165   2
c  2364   -1   2366   2
r  2462   2411   2363   2
c  2456   -1   2404   2
r  700   800   648   2
r  749   747   899   2
c  1830   -1   1732   2
c  1781   -1   1682   2
c  1537   -1   1535   2
c  1733   -1   1634   2
c  1093   -1   1192   2
c  1294   -1   1341   2
c  1345   -1   1397   2
c  1492   -1   1393   2
c  1440   -1   1340   2
c  2170   -1   2069   2
c  2076   -1   2078   2
c  2075   -1   2177   2
c  1831   -1   1782   2
c  2125   -1   2073   2
c  995   -1   1096   2
c  2217   -1   2369   2
c  2272   -1   2216   2
r  750   899   848   2
c  998   -1   897   2
c  999   -1   947   2
c  1000   -1   1099   2
c  1638   -1   1487   2
c  1786   -1   1586   2
c  1884   -1   1686   2
c  1144   -1   1245   2
c  1540   -1   1640   2
c  1641   -1   1542   2
c  1250   -1   1248   2
c  1495   -1   1448   2
c  1447   -1   1495   2
c  1449   -1   1598   2
c  1400   -1   1448   2
c  2171   -1   2174   2
c  2072   -1   2172   2
c  1982   -1   1980   2
c  1932   -1   2032   2
r  2269   2320   2372   2
c  2175   -1   2276   2
r  2416   2367   2463   2
c  2271   -1   2320   2
c  1100   -1   1199   2
c  1787   -1   1789   2
c  1787   -1   1689   2
c  1886   -1   1938   2
c  1197   -1   1047   2
c  1593   -1   1640   2
c  1642   -1   1743   2
r  1548   1697   1398   2
c  1549   -1   1449   2
r  1500   1549   1698   2
c  2223   -1   2171   2
c  2131   -1   2030   2
r  2319   2268   2372   2
c  2226   -1   2278   2
c  2467   -1   2368   2
c  2320   -1   2323   2
c  2423   -1   2475   2
r  1098   1197   1247   2
c  1938   -1   1986   2
c  1938   -1   1889   2
r  1298   1398   1249   2
c  1645   -1   1796   2
c  1644   -1   1690   2
c  1743   -1   1691   2
r  1647   1747   1599   2
c  1646   -1   1547   2
c  1745   -1   1697   2
c  2179   -1   2281   2
c  2134   -1   2284   2
c  2469   -1   2370   2
c  2279   -1   2231   2
c  2476   -1   2375   2
c  2036   -1   1936   2
c  2036   -1   1985   2
c  1940   -1   1840   2
c  1987   -1   2035   2
c  1843   -1   1795   2
r  1649   1598   1697   2
r  1797   1745   1648   2
c  2330   -1   2230   2
c  2234   -1   2334   2
c  2486   -1   2387   2
c  2486   -1   2334   2
c  2137   -1   2086   2
c  2426   -1   2327   2
r  2427   2478   2328   2
c  2428   -1   2480   2
r  2477   2428   2375   2
c  2136   -1   2085   2
c  2038   -1   2091   2
c  1990   -1   2042   2
c  1799   -1   1748   2
r  1750   1799   1699   2
r  1898   1947   1798   2
c  1949   -1   1798   2
c  2331   -1   2282   2
c  2235   -1   2136   2
r  2382   2331   2481   2
c  2336   -1   2284   2
c  2286   -1   2434   2
r  2386   2486   2435   2
c  2337   -1   2389   2
r  2437   2488   2388   2
r  2388   2439   2491   2
c  2478   -1   2378   2
c  1991   -1   2043   2
c  2041   -1   2143   2
c  1993   -1   1942   2
c  2043   -1   1944   2
c  2093   -1   1894   2
c  1900   -1   1799   2
c  1999   -1   1898   2
c  2432   -1   2480   2
c  2481   -1   2429   2
c  2190   -1   2142   2
c  2483   -1   2481   2
r  2438   2489   2487   2
c  2439   -1   2487   2
c  2439   -1   2441   2
c  2489   -1   2437   2
r  2389   2340   2437   2
r  2338   2387   2437   2
r  2339   2439   2437   2
r  2440   2438   2437   2
c  2191   -1   2140   2
r  2094   2092   2143   2
r  2045   1996   2093   2
c  2098   -1   2046   2
c  2046   -1   2048   2
c  2340   -1   2342   2
c  2146   -1   2149   2
c  2097   -1   2198   2
c  2149   -1   2249   2
c  2200   -1   2450   2
c  2245   -1   2297   2
c  2493   -1   2441   2
c  2493   -1   2445   2
c  2494   -1   2441   2
c  2392   -1   2490   2
r  2495   2395   2442   2
r  2447   2498   2449   2
r  2394   2445   2496   2
c  2248   -1   2149   2
r  2450   2399   2396   2
r  2246   2345   2346   2
r  2296   2348   2347   2
r  2347   2398   2448   2
c  2445   -1   2397   2
r  2496   2397   2499   2
r  2446   2448   2397   2
r  2499   2450   2347   2
c  2449   -1   2348   2
r  2298   2347   2250   2
r  2350   2399   2347   2
r  2349   2398   2397   2
r  2500   2449   2448   2
r  2498   2449   2397   2
c  2398   -1   2496   2
r  1   202   152   3
r  2   51   202   3
r  101   52   3   3
r  3   102   54   3
r  202   302   303   3
r  53   104   152   3
r  153   54   204   3
r  154   54   3   3
r  55   106   102   3
r  155   203   55   3
r  201   203   303   3
r  252   201   203   3
r  56   54   58   3
r  351   402   453   3
r  112   114   214   3
r  462   511   612   3
r  601   502   553   3
r  20   69   72   3
r  753   854   902   3
r  857   908   806   3
r  714   663   814   3
r  472   372   423   3
r  422   322   321   3
r  1101   1052   1251   3
c  770   -1   622   3
r  26   126   74   3
r  1201   1152   1101   3
r  28   77   127   3
r  78   29   81   3
r  1301   1452   1252   3
c  774   -1   827   3
r  280   180   232   3
r  1354   1405   1252   3
r  1353   1302   1404   3
r  1501   1651   1302   3
r  533   529   485   3
r  1511   1460   1464   3
r  87   139   189   3
c  138   -1   189   3
r  40   92   88   3
r  585   485   482   3
r  435   383   535   3
r  1654   1652   1603   3
r  1081   931   979   3
r  1423   1323   1322   3
r  1328   1279   1430   3
r  591   540   492   3
r  1901   1952   1802   3
r  1329   1380   1331   3
r  293   244   241   3
r  1957   2057   2108   3
r  246   248   199   3
r  96   147   200   3
r  98   296   147   3
r  47   98   149   3
r  2104   2106   2002   3
r  2109   2107   2157   3
r  97   148   99   3
r  48   149   150   3
r  100   199   48   3
r  50   98   99   3
r  448   497   399   3
r  49   98   149   3
r  2151   2203   2202   3
r  1828   1928   1728   3
r  2255   2203   2204   3
r  2357   2406   2308   3
r  2305   2354   2256   3
r  1485   1487   1285   3
r  1968   1917   1970   3
r  1928   1880   1977   3
r  698   649   746   3
r  2352   2253   2301   3
r  2353   2202   2252   3
r  2452   2404   2351   3
r  2455   2406   2404   3
r  2263   2261   2364   3
r  1536   1637   1487   3
r  1931   2032   1933   3
r  2454   2354   2452   3
r  2453   2354   2352   3
r  2413   2362   2464   3
r  1250   1299   1296   3
r  1544   1643   1448   3
r  1933   1981   2033   3
r  750   848   898   3
r  950   799   899   3
r  1046   1095   1196   3
r  1000   1099   998   3
r  2414   2363   2467   3
r  2463   2415   2417   3
r  1588   1537   1540   3
r  1149   1100   1198   3
r  1198   1147   1048   3
r  2225   2176   2276   3
r  2467   2368   2366   3
r  2370   2269   2471   3
r  2275   2375   2376   3
r  1649   1697   1647   3
r  1650   1648   1698   3
r  2280   2329   2231   3
r  2384   2285   2381   3
r  2234   2134   2186   3
r  2386   2435   2334   3
r  2135   2186   2137   3
r  2330   2230   2281   3
r  1750   1699   1797   3
r  1898   1799   1797   3
r  1849   1900   1949   3
r  2332   2381   2231   3
r  2282   2284   2383   3
r  2379   2328   2428   3
r  2088   2137   2090   3
r  2477   2376   2425   3
r  2480   2429   2282   3
r  1949   1798   1799   3
r  1950   1948   1799   3
r  2049   2000   1898   3
r  2489   2437   2388   3
r  2389   2338   2290   3
r  2191   2142   2194   3
r  2492   2494   2445   3
r  2200   2198   2349   3
r  2443   2495   2441   3
r  2249   2200   2298   3
r  2349   2397   2449   3
r  2347   2396   2197   3
r  2497   2448   2396   3
r  2448   2499   2496   3
r  2499   2347   2397   3
c  2449   -1   2396   3
r  2298   2247   2347   3
r  2500   2448   2397   3
r  2348   2447   2397   3
r  2399   2348   2496   3
r  2398   2496   2446   3
r  1   152   102   4
r  102   205   3   4
r  101   3   153   4
r  54   101   153   4
r  103   54   101   4
r  153   3   104   4
r  201   304   203   4
r  5   105   152   4
r  56   204   152   4
r  305   155   204   4
r  253   304   201   4
r  9   60   58   4
r  403   451   355   4
r  451   352   453   4
r  551   502   503   4
r  65   13   114   4
r  315   362   263   4
r  119   71   218   4
r  16   116   117   4
r  419   468   368   4
r  851   902   802   4
r  813   762   862   4
r  174   176   275   4
r  620   569   721   4
r  1154   1054   1102   4
r  1101   1251   1002   4
r  1104   1155   1253   4
r  865   863   914   4
r  26   74   126   4
r  1255   1252   1302   4
r  1453   1402   1406   4
r  79   128   31   4
r  679   579   727   4
r  1352   1502   1401   4
r  1452   1501   1302   4
r  128   126   28   4
r  80   28   127   4
r  976   1075   877   4
r  1170   1070   1068   4
r  1602   1503   1702   4
r  35   87   189   4
r  89   138   189   4
r  40   91   189   4
r  90   92   139   4
r  1465   1414   1463   4
r  1611   1613   1711   4
r  42   93   142   4
r  737   637   638   4
r  592   594   545   4
r  195   244   146   4
r  2052   2055   2202   4
r  2051   2053   2002   4
r  146   197   100   4
r  2202   2204   2101   4
r  2206   2257   2208   4
r  46   95   98   4
r  47   96   198   4
r  100   48   199   4
r  97   99   149   4
r  48   99   149   4
r  150   96   97   4
r  450   550   499   4
r  1916   1967   1814   4
r  2251   2202   2101   4
r  2310   2359   2408   4
r  448   399   499   4
r  648   650   499   4
r  1285   1385   1287   4
r  1776   1724   1827   4
r  1040   1089   1091   4
r  843   792   845   4
r  2301   2252   2353   4
r  2353   2252   2302   4
r  2403   2452   2454   4
r  2401   2352   2403   4
r  2358   2258   2310   4
r  2455   2404   2353   4
r  699   799   648   4
r  2354   2306   2455   4
r  2453   2353   2401   4
r  849   749   896   4
r  750   799   699   4
r  2365   2414   2463   4
r  2415   2315   2366   4
r  1488   1590   1540   4
r  1144   1093   1045   4
r  1544   1448   1495   4
r  2418   2415   2366   4
r  2274   2323   2272   4
r  1448   1393   1445   4
r  1348   1295   1448   4
r  1549   1449   1698   4
r  1843   1795   1594   4
r  2229   2277   2330   4
r  2469   2421   2472   4
r  1890   1939   1938   4
r  2137   2086   2184   4
r  2428   2376   2430   4
r  1892   1843   1840   4
r  1750   1797   1799   4
r  2487   2389   2388   4
r  2478   2430   2427   4
r  2380   2481   2382   4
r  1947   1999   2049   4
r  2488   2388   2441   4
r  1950   1799   1849   4
r  2096   2048   2099   4
r  2344   2244   2346   4
r  2296   2347   2194   4
r  2345   2448   2297   4
r  2498   2397   2200   4
r  2450   2396   2499   4
r  2297   2195   2346   4
r  2497   2397   2449   4
r  2448   2450   2396   4
r  2449   2396   2496   4
r  2350   2347   2496   4
r  2348   2446   2297   4
r  1   52   3   5
r  51   102   55   5
r  2   101   55   5
r  3   54   153   5
r  52   152   101   5
r  55   102   152   5
r  103   55   105   5
r  4   55   152   5
r  54   153   102   5
r  204   155   55   5
r  53   153   55   5
r  107   56   3   5
r  153   204   155   5
r  151   252   55   5
r  5   152   104   5
r  56   152   8   5
r  251   302   151   5
r  8   108   109   5
r  352   301   453   5
r  163   214   160   5
r  265   165   263   5
r  67   69   166   5
r  805   706   854   5
r  753   902   852   5
r  902   953   803   5
r  22   71   123   5
r  670   569   619   5
r  1005   1057   1002   5
r  957   1008   1107   5
r  1153   1155   1101   5
r  1151   1252   1102   5
r  914   863   1013   5
r  915   966   913   5
r  1402   1353   1302   5
r  29   31   127   5
r  80   127   182   5
r  1505   1605   1554   5
r  1653   1702   1802   5
r  1655   1755   1704   5
r  1705   1756   1907   5
r  137   86   88   5
r  38   40   189   5
r  39   88   189   5
r  885   883   733   5
r  1901   1801   1853   5
r  1760   1709   1711   5
r  196   199   98   5
r  1863   1914   1812   5
r  2153   2053   2002   5
r  2151   2204   2054   5
r  98   149   47   5
r  197   98   199   5
r  147   149   198   5
r  46   98   48   5
c  149   -1   96   5
r  199   98   97   5
r  100   98   147   5
r  48   149   199   5
r  50   99   98   5
r  2252   2303   2353   5
r  2402   2201   2455   5
r  2303   2403   2202   5
r  2251   2101   2352   5
r  49   100   199   5
r  598   649   499   5
r  550   599   648   5
r  2063   2111   2163   5
r  2353   2302   2402   5
r  2301   2452   2455   5
r  2452   2351   2352   5
r  2453   2401   2253   5
r  2359   2357   2355   5
r  2411   2363   2409   5
r  2404   2356   2455   5
r  2263   2265   2363   5
r  797   898   849   5
r  649   646   698   5
r  2462   2363   2464   5
r  2265   2316   2364   5
r  798   749   898   5
r  1929   1880   2078   5
r  2466   2415   2364   5
r  1000   998   849   5
r  1199   1250   1148   5
r  1397   1395   1346   5
r  1050   999   998   5
r  1146   1097   1048   5
r  1147   1096   1247   5
r  1197   1148   1046   5
r  2275   2326   2324   5
r  1350   1299   1347   5
r  1698   1598   1600   5
r  2469   2472   2321   5
r  2328   2279   2376   5
r  2420   2471   2422   5
r  1792   1743   1840   5
r  1700   1649   1647   5
r  2231   2331   2382   5
r  2333   2284   2381   5
r  2335   2435   2437   5
r  2386   2485   2434   5
r  2135   2187   2086   5
r  1890   1938   1939   5
r  1992   2041   1990   5
r  2434   2483   2335   5
r  2487   2489   2441   5
r  1997   1946   1895   5
r  1900   1799   1849   5
r  2484   2435   2433   5
r  2439   2487   2388   5
r  2489   2391   2438   5
r  2492   2445   2441   5
r  2447   2499   2399   5
r  2349   2449   2397   5
r  2446   2449   2499   5
r  2399   2397   2445   5
r  2500   2397   2396   5
r  2498   2200   2397   5
r  2398   2449   2349   5
r  1   102   55   6
r  51   105   54   6
r  101   153   55   6
r  52   101   55   6
r  53   152   102   6
r  4   102   55   6
r  152   157   107   6
r  107   156   55   6
r  5   54   3   6
r  56   58   105   6
r  7   56   58   6
r  103   105   55   6
r  201   203   55   6
r  254   354   55   6
r  305   204   55   6
r  252   203   305   6
r  251   151   253   6
r  161   261   110   6
r  210   61   263   6
r  263   261   214   6
r  63   211   115   6
r  112   214   163   6
r  708   656   606   6
r  118   69   167   6
r  701   652   603   6
r  20   71   69   6
r  222   173   75   6
r  121   123   70   6
r  22   20   120   6
r  322   374   223   6
r  951   1051   854   6
r  371   423   422   6
r  866   914   864   6
r  1151   1202   1153   6
r  177   179   129   6
r  967   915   916   6
r  83   34   32   6
r  1165   1114   1065   6
r  1305   1256   1353   6
r  1451   1551   1302   6
r  1401   1302   1403   6
r  131   182   129   6
r  132   181   232   6
r  84   35   32   6
r  1361   1511   1310   6
r  1314   1266   1415   6
r  36   88   189   6
r  88   288   189   6
r  1652   1751   1753   6
r  37   138   88   6
r  1418   1318   1467   6
r  286   338   189   6
r  241   342   189   6
r  93   142   98   6
r  293   242   390   6
r  98   47   199   6
r  1761   1810   1759   6
r  2054   2003   2002   6
r  1951   2002   1903   6
r  1908   1904   1957   6
r  1279   1330   1281   6
r  538   487   536   6
r  489   486   540   6
r  50   199   196   6
r  146   100   98   6
r  198   46   98   6
r  200   349   98   6
r  2202   2253   2002   6
r  400   349   397   6
r  46   48   199   6
r  47   198   199   6
r  49   199   97   6
r  100   199   97   6
r  2401   2353   2202   6
r  2452   2352   2202   6
r  2453   2253   2202   6
r  1233   1182   1181   6
r  297   246   349   6
r  2251   2302   2353   6
r  2352   2301   2455   6
r  2403   2352   2354   6
r  2351   2353   2455   6
r  2451   2455   2353   6
r  2456   2458   2407   6
r  2361   2363   2358   6
r  2406   2355   2307   6
r  1779   1782   1680   6
r  796   845   898   6
r  1243   1241   1292   6
r  2315   2366   2216   6
r  849   896   898   6
r  2465   2414   2366   6
r  2416   2467   2365   6
r  1149   1098   1046   6
r  1588   1539   1488   6
r  1642   1743   1540   6
r  2420   2422   2423   6
r  2327   2278   2427   6
r  2387   2485   2434   6
r  1699   1748   1750   6
r  2431   2282   2427   6
r  1797   1849   1750   6
r  1700   1698   1799   6
r  1899   1748   1848   6
r  1800   1899   1949   6
r  1900   1849   1898   6
r  2495   2444   2441   6
r  2392   2490   2491   6
r  2444   2441   2442   6
r  2396   2447   2496   6
r  2347   2197   2396   6
r  2448   2496   2445   6
r  2500   2396   2445   6
r  2449   2348   2498   6
r  2450   2498   2396   6
r  2349   2397   2449   6
r  2300   2200   2199   6
r  2498   2496   2396   6
r  2400   2499   2498   6
r  51   55   103   7
r  3   51   55   7
r  55   152   256   7
r  54   52   3   7
r  103   55   152   7
r  6   55   152   7
r  102   204   55   7
r  7   58   3   7
r  104   204   3   7
r  105   107   3   7
r  153   155   55   7
r  56   8   107   7
r  155   255   104   7
r  203   254   55   7
r  303   301   55   7
r  108   208   55   7
r  8   109   55   7
r  253   201   55   7
r  252   305   55   7
r  57   9   8   7
r  351   451   305   7
r  353   404   356   7
r  402   453   404   7
r  110   165   212   7
r  114   163   213   7
r  15   64   164   7
r  168   116   216   7
r  118   120   69   7
r  269   318   218   7
r  701   603   1002   7
r  515   414   416   7
r  662   711   611   7
r  70   171   18   7
r  953   853   854   7
r  761   763   860   7
r  123   72   174   7
r  74   123   125   7
r  1051   1002   1004   7
r  1007   1056   1107   7
r  28   79   80   7
r  1303   1255   1354   7
r  868   768   767   7
r  29   127   132   7
r  80   31   131   7
r  32   81   131   7
r  1406   1306   1353   7
r  1452   1404   1403   7
r  1402   1302   1353   7
r  775   876   726   7
r  728   679   777   7
r  35   189   87   7
r  1652   1701   1802   7
r  1651   1751   1753   7
r  1219   1368   1321   7
r  1222   1224   1173   7
r  1122   1124   972   7
r  90   142   189   7
r  1753   1853   1802   7
r  1802   1702   2002   7
r  1705   1907   2002   7
r  42   142   140   7
r  241   189   190   7
r  2151   2202   2002   7
r  293   390   291   7
r  145   98   97   7
r  97   198   48   7
r  148   44   97   7
r  150   97   147   7
r  146   149   199   7
r  49   149   98   7
r  1813   1862   1911   7
r  2452   2455   2355   7
r  2251   2352   2202   7
r  2253   2353   2202   7
r  2305   2256   2202   7
r  2353   2402   2202   7
r  2301   2353   2202   7
r  2451   2353   2202   7
r  2404   2455   2202   7
r  1909   1911   1810   7
r  1330   1281   1381   7
r  397   348   300   7
r  46   146   147   7
r  47   199   96   7
r  149   100   147   7
r  1865   1916   1816   7
r  2302   2202   2455   7
r  2303   2202   2455   7
r  2304   2302   2353   7
r  2360   2460   2358   7
r  1627   1723   1675   7
r  1532   1580   1432   7
r  1918   1971   1969   7
r  600   648   549   7
r  748   846   898   7
r  1931   1933   2032   7
r  2074   2174   2125   7
r  850   949   898   7
r  2466   2364   2463   7
r  2221   2170   2174   7
r  1250   1248   1246   7
r  949   998   849   7
r  2472   2372   2423   7
r  1147   1247   1046   7
r  1099   1248   1148   7
r  1148   1247   1049   7
r  1298   1349   1296   7
r  1098   1247   1146   7
r  2476   2375   2424   7
r  1450   1399   1448   7
r  1500   1599   1449   7
r  2279   2330   2281   7
r  1749   1648   1698   7
r  2481   2430   2434   7
r  2482   2333   2382   7
r  1800   1949   1950   7
r  1996   1945   2048   7
r  2490   2391   2445   7
r  2444   2493   2441   7
r  1850   1899   1950   7
r  2195   2198   2346   7
r  2494   2441   2394   7
r  2199   2297   2298   7
r  2294   2346   2445   7
r  2446   2499   2449   7
r  2399   2496   2397   7
r  2499   2397   2445   7
r  2498   2396   2445   7
r  2497   2396   2397   7
r  2448   2445   2446   7
r  2449   2496   2396   7
r  2400   2498   2396   7
r  2500   2445   2449   7
r  51   103   55   8
r  52   3   104   8
r  53   55   51   8
r  54   3   103   8
r  202   251   55   8
r  4   152   6   8
r  152   107   55   8
r  57   8   3   8
r  103   152   55   8
r  6   3   55   8
r  106   3   55   8
r  156   207   55   8
r  10   59   55   8
r  8   55   157   8
r  261   307   308   8
r  112   163   161   8
r  313   311   364   8
r  113   212   62   8
r  654   703   606   8
r  17   116   166   8
r  751   902   802   8
r  71   73   120   8
r  715   664   814   8
r  671   620   770   8
r  28   80   77   8
r  78   80   131   8
r  79   31   28   8
r  1402   1353   1302   8
r  1502   1651   1302   8
r  1451   1302   1503   8
r  36   189   186   8
r  1651   1702   1802   8
r  187   87   88   8
r  91   93   189   8
r  39   188   88   8
r  1951   1852   1802   8
r  978   929   927   8
r  92   140   189   8
r  144   195   97   8
r  2202   2002   2302   8
r  1372   1321   1374   8
r  1520   1622   1571   8
r  392   390   443   8
r  98   199   100   8
r  195   294   96   8
r  145   97   98   8
r  196   98   199   8
r  149   147   244   8
r  95   146   97   8
r  1808   1907   1810   8
r  2252   2201   2355   8
r  2402   2455   2353   8
r  2352   2455   2202   8
r  2455   2353   2202   8
r  2351   2455   2202   8
r  2454   2452   2202   8
r  2208   2257   2155   8
r  1378   1479   1430   8
r  48   150   196   8
r  148   199   150   8
r  99   47   97   8
r  200   147   48   8
r  47   96   98   8
r  248   299   98   8
r  147   198   199   8
r  50   98   147   8
r  49   98   150   8
r  296   298   348   8
r  250   299   147   8
r  399   499   397   8
r  46   147   149   8
r  2401   2202   2452   8
r  2452   2202   2455   8
r  2301   2202   2352   8
r  2303   2352   2354   8
r  2405   2356   2408   8
r  2457   2406   2455   8
r  247   196   199   8
r  447   346   498   8
r  2409   2458   2310   8
r  1678   1578   1779   8
r  1239   1339   1290   8
r  1780   1880   1833   8
r  748   898   848   8
r  699   648   898   8
r  750   699   648   8
r  2315   2216   2416   8
r  2415   2366   2363   8
r  2365   2463   2414   8
r  900   1050   898   8
r  2370   2471   2422   8
r  1150   1197   1250   8
r  1300   1349   1398   8
r  1298   1249   1250   8
r  1100   1199   1000   8
r  2471   2423   2371   8
r  1550   1499   1698   8
r  1797   1750   1596   8
r  2329   2229   2280   8
r  2331   2280   2329   8
r  2185   2086   2234   8
r  1849   1800   1900   8
r  1900   1949   1799   8
r  1948   1999   2049   8
r  2482   2433   2381   8
r  2484   2433   2481   8
r  2390   2439   2441   8
r  2491   2442   2437   8
r  2343   2394   2243   8
r  2296   2294   2245   8
r  2394   2345   2490   8
r  2443   2441   2445   8
r  2450   2499   2445   8
r  2349   2449   2445   8
r  2298   2347   2397   8
r  2448   2446   2445   8
r  2449   2498   2445   8
r  2500   2449   2445   8
r  2497   2397   2349   8
r  51   54   104   9
r  2   202   51   9
r  101   152   104   9
r  52   55   3   9
r  103   55   51   9
r  53   51   55   9
r  57   108   55   9
r  54   102   3   9
r  203   256   3   9
r  108   105   3   9
r  6   55   3   9
r  102   3   104   9
r  58   109   55   9
r  205   207   55   9
r  251   253   55   9
r  207   158   55   9
r  106   55   104   9
r  252   55   151   9
r  115   113   112   9
r  13   114   64   9
r  119   168   216   9
r  610   612   712   9
r  1052   1003   902   9
r  72   172   23   9
r  23   25   74   9
r  1005   1104   957   9
r  1012   1061   1112   9
r  175   274   224   9
r  1151   1102   1104   9
r  672   721   670   9
r  424   375   276   9
r  31   28   131   9
r  1304   1253   1353   9
r  1354   1503   1255   9
r  918   969   771   9
r  1305   1354   1404   9
r  1353   1404   1401   9
r  1402   1302   1353   9
r  1361   1410   1260   9
r  1451   1502   1353   9
r  1702   1753   1802   9
r  187   88   189   9
r  138   189   187   9
r  1701   1753   1653   9
r  42   140   189   9
r  1902   1953   1853   9
r  2204   2052   2002   9
r  1471   1469   1419   9
r  786   735   734   9
r  238   189   190   9
r  1713   1614   1665   9
r  2151   2002   2202   9
r  2154   2205   2202   9
r  391   443   389   9
r  94   143   96   9
r  97   48   198   9
r  95   97   98   9
r  2451   2402   2455   9
r  2355   2455   2202   9
r  2452   2455   2202   9
r  2403   2354   2202   9
r  2303   2455   2202   9
r  2304   2353   2455   9
r  542   544   591   9
r  146   199   97   9
r  149   244   98   9
r  50   196   98   9
r  199   97   98   9
r  49   97   98   9
r  47   98   199   9
r  150   98   97   9
r  250   147   198   9
r  299   198   296   9
r  398   498   300   9
r  2352   2202   2455   9
r  2401   2403   2352   9
r  2351   2202   2355   9
r  2301   2352   2353   9
r  2454   2202   2356   9
r  2404   2202   2455   9
r  2406   2307   2455   9
r  2453   2202   2355   9
r  200   98   147   9
r  2409   2310   2308   9
r  500   599   649   9
r  650   699   499   9
r  550   650   649   9
r  698   746   498   9
r  2412   2463   2414   9
r  747   648   898   9
r  800   749   898   9
r  799   898   797   9
r  948   999   849   9
r  850   899   1000   9
r  900   1000   999   9
r  950   899   898   9
r  1000   899   898   9
r  999   899   898   9
r  2270   2221   2419   9
r  1050   1099   999   9
r  2319   2372   2370   9
r  2321   2273   2370   9
r  2422   2371   2469   9
r  1348   1296   1397   9
r  2471   2371   2370   9
r  2421   2370   2321   9
r  1350   1347   1398   9
r  1400   1448   1398   9
r  2427   2430   2424   9
r  1646   1594   1745   9
r  2482   2381   2281   9
r  2379   2427   2480   9
r  2435   2486   2335   9
r  2481   2434   2282   9
r  1800   1950   1849   9
r  2431   2427   2382   9
r  2441   2393   2445   9
r  2000   1998   2049   9
r  2442   2494   2445   9
r  2148   2097   2200   9
r  2196   2147   2346   9
r  2450   2445   2349   9
r  2349   2445   2449   9
r  2400   2449   2498   9
r  2498   2445   2348   9
r  2300   2199   2298   9
r  2   55   104   10
r  52   3   55   10
r  54   103   51   10
r  7   55   107   10
r  57   55   6   10
r  6   152   55   10
r  102   55   3   10
r  253   55   3   10
r  151   104   3   10
r  103   51   55   10
r  106   58   55   10
r  252   151   55   10
r  301   252   55   10
r  353   304   55   10
r  61   110   162   10
r  160   212   213   10
r  314   263   213   10
r  66   166   164   10
r  755   807   854   10
r  267   315   169   10
r  120   21   72   10
r  854   905   1004   10
r  954   1006   905   10
r  902   803   951   10
r  903   803   854   10
r  1003   903   854   10
r  21   72   121   10
r  670   621   770   10
r  25   125   73   10
r  1303   1254   1252   10
r  674   725   772   10
r  1404   1406   1353   10
r  1402   1351   1453   10
r  29   132   131   10
r  184   84   85   10
r  1751   1602   1802   10
r  1754   1751   1855   10
r  383   432   284   10
r  137   88   189   10
r  138   39   189   10
r  1366   1465   1515   10
r  1026   1125   1175   10
r  2055   2104   2202   10
r  140   89   142   10
r  141   190   189   10
r  142   41   189   10
r  43   92   189   10
r  191   193   189   10
r  1564   1715   1513   10
r  2053   2002   2202   10
r  2201   2101   2052   10
r  93   144   141   10
r  144   97   96   10
r  2251   2202   2355   10
r  2451   2455   2355   10
r  2403   2454   2355   10
r  2304   2405   2355   10
r  2355   2202   2455   10
r  94   96   97   10
r  98   100   196   10
r  45   96   199   10
r  145   96   196   10
r  96   200   199   10
r  2401   2352   2455   10
r  2452   2202   2455   10
r  2351   2355   2353   10
r  2455   2202   2353   10
r  2354   2352   2453   10
r  2453   2352   2455   10
r  2406   2455   2355   10
r  97   198   196   10
r  48   199   45   10
r  148   150   199   10
r  50   147   196   10
r  47   199   98   10
r  150   147   98   10
r  247   199   98   10
r  46   149   198   10
r  149   98   49   10
r  1721   1870   1773   10
r  2456   2404   2356   10
r  2410   2461   2209   10
r  2062   2014   2015   10
r  100   147   199   10
r  49   98   199   10
r  499   447   649   10
r  2458   2407   2358   10
r  2460   2411   2360   10
r  1039   940   1041   10
r  943   941   842   10
r  597   546   698   10
r  1683   1634   1582   10
r  2366   2317   2466   10
r  1980   2031   2131   10
r  949   849   898   10
r  2467   2418   2464   10
r  2468   2417   2366   10
r  2270   2419   2372   10
r  1538   1589   1540   10
r  1196   1247   1249   10
r  1250   1296   1248   10
r  1100   1000   1098   10
r  2368   2370   2419   10
r  1446   1398   1495   10
r  1200   1248   1247   10
r  1699   1648   1798   10
r  2282   2381   2335   10
r  2379   2428   2481   10
r  2385   2434   2387   10
r  2484   2481   2281   10
r  2383   2381   2480   10
r  2480   2431   2382   10
r  2486   2334   2434   10
r  2039   2088   2189   10
r  1948   2049   1895   10
r  2438   2487   2441   10
r  2289   2338   2437   10
r  2488   2439   2437   10
r  2439   2388   2490   10
r  1850   1949   2049   10
r  2050   2048   2149   10
r  2489   2388   2441   10
r  2492   2490   2443   10
r  2295   2347   2194   10
r  2494   2445   2441   10
r  2495   2441   2394   10
r  2450   2349   2445   10
r  2349   2400   2496   10
r  2395   2346   2449   10
r  2399   2397   2498   10
r  2500   2498   2397   10
r  2497   2449   2445   10
r  2300   2249   2445   10
r  2496   2499   2449   10
r  2397   2448   2349   10
r  2350   2449   2397   10
r  2398   2446   2498   10
r  2499   2445   2400   10
r  2498   2348   2496   10
r  1   55   56   11
r  51   55   3   11
r  2   104   55   11
r  56   105   3   11
r  101   104   3   11
r  52   55   3   11
r  53   102   104   11
r  4   55   104   11
r  57   6   55   11
r  203   55   305   11
r  102   104   55   11
r  204   206   3   11
r  103   101   3   11
r  153   55   253   11
r  6   3   104   11
r  7   3   55   11
r  253   3   55   11
r  206   259   55   11
r  109   9   157   11
r  301   55   303   11
r  61   162   63   11
r  551   602   451   11
r  65   114   164   11
r  652   703   752   11
r  17   66   164   11
r  758   756   606   11
r  754   705   852   11
r  711   611   760   11
r  1103   1054   1201   11
r  1159   1257   1107   11
r  821   770   918   11
r  1304   1353   1402   11
r  1351   1452   1354   11
r  374   326   276   11
r  83   85   232   11
r  230   279   232   11
r  827   776   725   11
r  1510   1409   1358   11
r  1607   1605   1556   11
r  1415   1364   1566   11
r  1168   1170   1268   11
r  1172   1272   1321   11
r  1903   2002   1802   11
r  1421   1321   1369   11
r  1953   2002   2202   11
r  2001   2053   2054   11
r  1906   1957   2108   11
r  2103   1903   2202   11
r  238   289   189   11
r  342   291   189   11
r  1816   1764   1814   11
r  2253   2302   2103   11
r  2353   2452   2355   11
r  2251   2355   2202   11
r  2304   2355   2202   11
r  2301   2455   2202   11
r  2452   2455   2202   11
r  2455   2403   2202   11
r  2354   2455   2202   11
r  243   241   192   11
r  1524   1526   1578   11
r  2303   2202   2355   11
r  2402   2202   2355   11
r  2351   2353   2455   11
r  2451   2202   2455   11
r  2454   2356   2354   11
r  2357   2308   2355   11
r  2309   2409   2355   11
r  45   199   196   11
r  95   196   97   11
r  195   146   98   11
r  97   196   199   11
r  48   45   97   11
r  148   97   196   11
r  146   97   198   11
r  197   199   98   11
r  100   199   98   11
r  49   199   98   11
r  149   49   196   11
r  1826   1725   1925   11
r  939   888   941   11
r  250   198   48   11
r  300   244   348   11
r  247   98   199   11
r  1580   1481   1532   11
r  940   942   1039   11
r  748   797   898   11
r  2464   2466   2366   11
r  2414   2463   2363   11
r  650   599   648   11
r  600   549   499   11
r  550   649   650   11
r  2120   2171   2069   11
r  799   748   898   11
r  996   1047   898   11
r  2417   2267   2316   11
r  950   898   998   11
r  997   1046   1198   11
r  2371   2472   2423   11
r  1296   1345   1247   11
r  1446   1495   1398   11
r  1099   1148   1048   11
r  1247   1198   1250   11
r  1298   1296   1249   11
r  1147   1145   1047   11
r  1098   1147   1197   11
r  2476   2424   2375   11
r  1500   1449   1398   11
r  1596   1645   1698   11
r  2427   2328   2375   11
r  2477   2375   2376   11
r  1939   1992   1943   11
r  2232   2281   2383   11
r  2282   2383   2231   11
r  2335   2386   2433   11
r  2485   2433   2334   11
r  2429   2427   2480   11
r  2431   2382   2333   11
r  2436   2335   2434   11
r  2483   2382   2432   11
r  1899   1797   1799   11
r  1996   1895   1945   11
r  2050   2149   1949   11
r  2198   2146   2099   11
r  2346   2295   2245   11
r  2196   2346   2297   11
r  2447   2399   2445   11
r  2394   2490   2445   11
r  2349   2496   2445   11
r  2347   2396   2349   11
r  2399   2498   2397   11
r  2497   2349   2446   11
r  2498   2496   2445   11
r  2496   2447   2397   11
r  2247   2249   2397   11
r  2448   2445   2397   11
r  2400   2396   2449   11
r  2500   2445   2498   11
r  2350   2496   2396   11
r  2398   2498   2396   11
r  2499   2396   2397   11
r  1   56   55   12
r  51   3   55   12
r  101   55   153   12
r  52   3   55   12
r  53   55   153   12
r  154   55   253   12
r  203   305   55   12
r  151   55   104   12
r  254   303   3   12
r  58   55   3   12
r  7   107   3   12
r  153   253   55   12
r  102   3   104   12
r  302   203   55   12
r  255   253   55   12
r  301   305   55   12
r  253   55   202   12
r  352   453   356   12
r  260   209   312   12
r  115   14   164   12
r  163   160   114   12
r  63   115   111   12
r  13   64   115   12
r  65   164   114   12
r  14   114   164   12
r  656   707   556   12
r  610   613   607   12
r  17   166   66   12
r  752   701   852   12
r  16   67   169   12
r  69   120   166   12
r  217   117   268   12
r  221   321   75   12
r  270   322   218   12
r  68   169   168   12
r  762   810   860   12
r  802   602   854   12
r  801   852   754   12
r  1053   1104   1004   12
r  1152   1103   1201   12
r  73   75   125   12
r  1054   1003   1101   12
r  1201   1252   1153   12
r  124   224   175   12
r  31   83   80   12
r  818   869   820   12
r  178   227   80   12
r  130   132   31   12
r  1501   1503   1552   12
r  1401   1403   1302   12
r  1451   1353   1302   12
r  775   726   824   12
r  135   35   184   12
r  874   872   975   12
r  628   679   680   12
r  236   234   189   12
r  1801   1703   1653   12
r  1754   1805   1905   12
r  2002   2055   2202   12
r  37   189   139   12
r  92   189   88   12
r  977   876   1077   12
r  1951   1802   2002   12
r  2001   2052   2202   12
r  2051   2102   2054   12
r  2153   2204   2202   12
r  2151   2202   2002   12
r  386   485   486   12
r  2103   2202   2152   12
r  2203   2254   2455   12
r  2254   2256   2455   12
r  2205   2256   2202   12
r  2403   2355   2455   12
r  2303   2354   2202   12
r  2352   2455   2202   12
r  2402   2353   2202   12
r  2351   2455   2202   12
r  2451   2355   2202   12
r  2406   2408   2202   12
r  2302   2455   2355   12
r  44   95   196   12
r  94   97   98   12
r  2251   2202   2355   12
r  2304   2202   2355   12
r  2301   2202   2355   12
r  2453   2455   2302   12
r  2452   2202   2455   12
r  2401   2455   2355   12
r  1910   2010   1908   12
r  96   199   198   12
r  95   97   199   12
r  48   196   197   12
r  150   97   196   12
r  100   97   149   12
r  149   96   98   12
r  249   198   98   12
r  2458   2358   2360   12
r  47   98   147   12
r  50   98   46   12
r  198   98   247   12
r  299   296   400   12
r  2261   2163   2259   12
r  297   346   300   12
r  1727   1827   1578   12
r  1631   1629   1680   12
r  1040   940   991   12
r  598   499   649   12
r  500   650   648   12
r  1337   1437   1288   12
r  2415   2363   2417   12
r  2266   2417   2367   12
r  850   1000   749   12
r  950   998   898   12
r  1244   1093   1144   12
r  2270   2372   2272   12
r  2223   2172   2272   12
r  2224   2276   2272   12
r  1100   1098   1048   12
r  2469   2370   2471   12
r  2319   2370   2372   12
r  2320   2323   2368   12
r  2323   2272   2274   12
r  2472   2421   2470   12
r  1148   1049   1046   12
r  1835   1884   1784   12
r  1200   1249   1297   12
r  2470   2370   2422   12
r  1936   1837   1885   12
r  1500   1698   1549   12
r  2230   2131   2281   12
r  2378   2427   2480   12
r  1889   1989   1990   12
r  1697   1694   1596   12
r  1647   1599   1748   12
r  1747   1796   1647   12
r  1799   1748   1698   12
r  2432   2480   2281   12
r  2430   2382   2478   12
r  1900   1898   2049   12
r  1949   1799   2099   12
r  1850   1950   1898   12
r  1950   2049   1898   12
r  1998   2147   1895   12
r  2489   2441   2437   12
r  2439   2490   2491   12
r  2390   2437   2388   12
r  2488   2437   2388   12
r  2492   2443   2445   12
r  2293   2447   2397   12
r  2249   2198   2099   12
r  2345   2297   2194   12
r  2248   2149   2200   12
r  2450   2396   2498   12
r  2395   2449   2398   12
r  2497   2446   2397   12
r  2448   2396   2445   12
r  2400   2449   2445   12
r  2500   2498   2445   12
r  2398   2396   2445   12
r  2496   2397   2447   12
r  2499   2400   2448   12
r  51   104   3   13
r  2   55   104   13
r  55   256   151   13
r  101   153   55   13
r  52   55   3   13
r  53   153   55   13
r  4   6   55   13
r  154   253   55   13
r  56   107   104   13
r  103   55   202   13
r  6   104   3   13
r  301   303   3   13
r  202   303   104   13
r  10   58   59   13
r  58   3   55   13
r  401   452   55   13
r  351   305   303   13
r  212   61   63   13
r  360   263   312   13
r  14   65   115   13
r  266   366   314   13
r  803   754   705   13
r  751   852   854   13
r  17   164   117   13
r  118   69   166   13
r  861   762   712   13
r  171   222   21   13
r  902   752   854   13
r  901   903   1002   13
r  666   615   614   13
r  951   854   1052   13
r  123   125   72   13
r  74   22   72   13
r  73   24   75   13
r  961   860   1111   13
r  1051   1004   1102   13
r  1253   1204   1202   13
r  127   129   26   13
r  1353   1452   1302   13
r  180   231   131   13
r  1359   1408   1361   13
r  135   184   189   13
r  1702   1802   1653   13
r  36   87   189   13
r  1751   1702   1653   13
r  288   237   189   13
r  37   88   138   13
r  39   189   139   13
r  41   88   189   13
r  242   291   189   13
r  192   241   343   13
r  1902   1853   2002   13
r  2003   2152   2202   13
r  1953   2001   2002   13
r  2101   2052   2002   13
r  2201   2051   2002   13
r  2154   2203   2002   13
r  386   486   337   13
r  44   93   46   13
r  1129   1078   1131   13
r  2051   2002   2102   13
r  2254   2455   2355   13
r  2251   2355   2202   13
r  2402   2355   2404   13
r  2255   2204   2202   13
r  2304   2355   2202   13
r  2301   2355   2202   13
r  2453   2355   2202   13
r  2404   2407   2202   13
r  2454   2354   2202   13
r  2452   2355   2202   13
r  2401   2355   2202   13
r  2302   2355   2353   13
r  735   835   884   13
r  94   45   196   13
r  295   195   98   13
r  46   198   98   13
r  96   198   199   13
r  983   1083   1084   13
r  2306   2255   2308   13
r  2407   2257   2355   13
r  2159   2057   2208   13
r  439   488   540   13
r  95   199   196   13
r  48   197   199   13
r  99   97   196   13
r  49   150   147   13
r  198   247   98   13
r  50   46   150   13
r  150   98   198   13
r  100   98   49   13
r  249   98   147   13
r  200   48   300   13
r  448   499   396   13
r  299   400   297   13
r  745   747   898   13
r  2013   1964   2115   13
r  1967   1918   1919   13
r  600   649   648   13
r  797   849   898   13
r  749   698   898   13
r  2466   2417   2464   13
r  850   898   899   13
r  949   898   849   13
r  1046   1196   1146   13
r  1390   1288   1339   13
r  1978   2027   2078   13
r  2371   2420   2422   13
r  2472   2423   2370   13
r  2471   2370   2420   13
r  1147   1046   1247   13
r  1499   1448   1398   13
r  2470   2421   2419   13
r  2229   2330   2281   13
r  2231   2382   2330   13
r  2280   2229   2282   13
r  2384   2381   2386   13
r  2431   2380   2281   13
r  2088   2188   2189   13
r  1950   1898   1848   13
r  1948   1997   2049   13
r  1998   1895   1898   13
r  2488   2388   2437   13
r  2100   2249   1999   13
r  2390   2388   2445   13
r  2199   2248   2099   13
r  2494   2394   2445   13
r  2443   2494   2441   13
r  2393   2342   2445   13
r  2249   2099   2445   13
r  2298   2397   2200   13
r  2396   2496   2297   13
r  2495   2442   2444   13
r  2348   2397   2445   13
r  2350   2396   2445   13
r  2496   2447   2397   13
r  2449   2445   2498   13
r  1   3   102   14
r  2   51   55   14
r  102   55   3   14
r  101   55   104   14
r  52   104   55   14
r  155   104   3   14
r  201   303   3   14
r  106   104   303   14
r  103   202   55   14
r  253   202   55   14
r  257   407   55   14
r  204   55   104   14
r  202   55   3   14
r  156   55   3   14
r  302   55   3   14
r  62   212   211   14
r  65   114   164   14
r  113   62   213   14
r  166   117   169   14
r  510   609   611   14
r  513   562   461   14
r  167   216   169   14
r  68   168   166   14
r  17   117   218   14
r  804   756   806   14
r  753   802   854   14
r  760   811   812   14
r  801   754   854   14
r  171   122   75   14
r  905   1005   1004   14
r  902   854   1002   14
r  666   614   615   14
r  1254   1301   1302   14
r  1151   1104   1103   14
r  175   275   123   14
r  1303   1252   1254   14
r  1302   1453   1253   14
r  128   28   131   14
r  80   131   180   14
r  82   131   31   14
r  1404   1453   1303   14
r  1402   1453   1302   14
r  1451   1302   1502   14
r  84   32   232   14
r  35   86   189   14
r  1655   1704   1603   14
r  581   482   483   14
r  632   535   532   14
r  1803   2002   1903   14
r  1901   1853   2002   14
r  237   337   189   14
r  37   139   189   14
r  89   87   190   14
r  39   88   189   14
r  291   340   189   14
r  2054   2002   2202   14
r  2052   2202   2455   14
r  2051   2054   2002   14
r  386   337   486   14
r  1570   1619   1419   14
r  785   734   684   14
r  1954   2002   2202   14
r  2006   2055   2202   14
r  2101   2002   2054   14
r  2103   2054   2202   14
r  2105   2054   2202   14
r  2203   2455   2355   14
r  2205   2202   2355   14
r  2251   2353   2355   14
r  2155   2104   2355   14
r  2352   2252   2355   14
r  2401   2452   2455   14
r  2456   2407   2202   14
r  2407   2355   2202   14
r  2256   2204   2202   14
r  94   98   96   14
r  196   144   198   14
r  46   98   196   14
r  2454   2202   2408   14
r  2404   2202   2302   14
r  95   98   197   14
r  48   199   196   14
r  99   196   48   14
r  47   147   98   14
r  247   147   98   14
r  197   98   199   14
r  100   149   196   14
r  200   300   196   14
r  2458   2360   2310   14
r  2308   2359   2208   14
r  348   399   297   14
r  250   48   147   14
r  299   297   147   14
r  1381   1482   1430   14
r  988   1037   985   14
r  1961   2010   2060   14
r  349   300   398   14
r  549   648   649   14
r  1582   1633   1533   14
r  847   746   898   14
r  600   499   649   14
r  850   899   898   14
r  900   898   949   14
r  1049   1098   998   14
r  2468   2368   2417   14
r  2371   2422   2272   14
r  1147   1247   1046   14
r  2472   2470   2270   14
r  1786   1586   1834   14
r  1739   1688   1540   14
r  1499   1398   1448   14
r  2420   2469   2472   14
r  1450   1448   1550   14
r  1598   1547   1698   14
r  1791   1742   1840   14
r  1750   1798   1698   14
r  2380   2382   2378   14
r  1941   1890   1840   14
r  2481   2282   2433   14
r  2000   2049   1898   14
r  2239   2290   2190   14
r  2490   2445   2437   14
r  1999   1898   2050   14
r  2149   2249   2298   14
r  2246   2346   2194   14
r  2291   2340   2445   14
r  2493   2441   2392   14
r  2196   2245   2445   14
r  2250   2149   2445   14
r  2347   2349   2445   14
r  2399   2397   2297   14
r  2497   2397   2449   14
r  2300   2298   2397   14
r  2498   2397   2447   14
r  2499   2448   2445   14
r  2449   2498   2445   14
r  1   55   3   15
r  51   3   104   15
r  102   104   55   15
r  101   104   55   15
r  54   3   102   15
r  103   55   54   15
r  53   104   303   15
r  5   104   157   15
r  204   104   55   15
r  302   201   55   15
r  205   156   3   15
r  106   303   3   15
r  252   55   3   15
r  206   307   3   15
r  253   55   3   15
r  303   55   3   15
r  202   3   55   15
r  156   3   55   15
r  8   59   55   15
r  304   356   55   15
r  256   305   55   15
r  354   455   55   15
r  9   58   55   15
r  453   554   504   15
r  112   64   214   15
r  13   115   64   15
r  65   164   114   15
r  15   114   62   15
r  660   662   612   15
r  118   167   216   15
r  854   954   806   15
r  754   852   803   15
r  852   901   806   15
r  20   72   121   15
r  21   122   69   15
r  121   72   172   15
r  901   1002   854   15
r  1051   1102   1004   15
r  666   615   517   15
r  1151   1153   1102   15
r  1160   1111   1258   15
r  1057   1059   1108   15
r  967   914   866   15
r  1351   1354   1353   15
r  30   82   132   15
r  178   127   129   15
r  85   88   189   15
r  629   631   677   15
r  1509   1460   1560   15
r  1410   1510   1459   15
r  87   189   36   15
r  582   631   580   15
r  1801   1653   1702   15
r  1903   1854   2002   15
r  1902   2002   1802   15
r  93   98   189   15
r  341   390   189   15
r  193   190   141   15
r  1370   1319   1268   15
r  927   876   976   15
r  2152   2052   2054   15
r  2104   2052   2202   15
r  2151   2054   2202   15
r  2051   2102   2202   15
r  2053   2102   2002   15
r  2101   2054   2002   15
r  2004   2056   2202   15
r  2202   2302   2355   15
r  1565   1514   1516   15
r  884   882   733   15
r  786   784   686   15
r  2254   2305   2202   15
r  2155   2255   2202   15
r  2005   2007   2202   15
r  2403   2455   2355   15
r  2303   2355   2455   15
r  2351   2402   2455   15
r  2106   2154   2202   15
r  2404   2302   2202   15
r  2307   2355   2202   15
r  96   98   196   15
r  195   96   199   15
r  1423   1322   1324   15
r  1569   1520   1618   15
r  2454   2408   2353   15
r  2452   2202   2355   15
r  2401   2202   2452   15
r  2253   2202   2355   15
r  2302   2353   2355   15
r  2402   2202   2355   15
r  2453   2202   2355   15
r  2358   2310   2355   15
r  47   149   196   15
r  149   98   96   15
r  99   48   196   15
r  198   98   147   15
r  1180   1183   1080   15
r  887   936   938   15
r  2458   2310   2409   15
r  2359   2355   2310   15
r  2460   2360   2408   15
r  297   300   398   15
r  48   196   199   15
r  50   196   98   15
r  299   348   248   15
r  248   98   199   15
r  547   596   647   15
r  349   398   300   15
r  550   648   498   15
r  597   648   499   15
r  1822   1771   1773   15
r  600   649   499   15
r  650   499   549   15
r  2415   2364   2366   15
r  2466   2464   2417   15
r  2366   2417   2463   15
r  800   898   849   15
r  850   749   899   15
r  949   849   898   15
r  1633   1684   1833   15
r  2272   2221   2321   15
r  900   949   849   15
r  1100   999   998   15
r  2122   2173   2272   15
r  2473   2422   2321   15
r  2469   2471   2423   15
r  1197   1047   1148   15
r  1979   1928   2078   15
r  1144   1045   1294   15
r  1445   1494   1398   15
r  2420   2472   2372   15
r  1097   1197   1198   15
r  1248   1299   1150   15
r  1400   1398   1349   15
r  1797   1648   1647   15
r  1650   1647   1598   15
r  2478   2427   2480   15
r  1939   1943   1840   15
r  1891   1992   1939   15
r  2337   2389   2437   15
r  1950   1849   1898   15
r  2049   1898   1895   15
r  2487   2441   2491   15
r  2489   2438   2441   15
r  2491   2437   2445   15
r  1998   1898   1949   15
r  2392   2443   2445   15
r  2244   2295   2445   15
r  2295   2297   2445   15
r  2245   2297   2445   15
r  2393   2445   2441   15
r  2495   2394   2443   15
r  2498   2447   2449   15
r  2400   2498   2397   15
r  2348   2297   2399   15
r  2299   2200   2445   15
r  2247   2196   2445   15
r  2345   2194   2397   15
r  2500   2445   2449   15
r  1   3   55   16
r  51   104   3   16
r  52   3   54   16
r  54   102   3   16
r  103   3   55   16
r  5   3   7   16
r  105   3   157   16
r  251   303   3   16
r  7   3   157   16
r  156   105   3   16
r  252   3   55   16
r  253   151   55   16
r  303   3   55   16
r  157   106   55   16
r  352   501   55   16
r  453   501   55   16
r  53   55   104   16
r  203   55   104   16
r  202   55   3   16
r  8   55   3   16
r  305   55   256   16
r  364   266   316   16
r  14   164   62   16
r  752   852   854   16
r  701   802   854   16
r  117   164   166   16
r  513   461   511   16
r  757   854   806   16
r  852   803   854   16
r  903   852   752   16
r  21   121   75   16
r  905   1004   854   16
r  901   802   1002   16
r  1001   902   854   16
r  953   854   1004   16
r  1151   1103   1002   16
r  271   220   273   16
r  123   174   120   16
r  72   173   75   16
r  616   568   517   16
r  1101   1002   1154   16
r  1103   1201   1202   16
r  1201   1101   1102   16
r  127   26   75   16
r  77   31   26   16
r  126   177   81   16
r  175   224   74   16
r  569   517   617   16
r  1504   1553   1703   16
r  476   427   576   16
r  965   1016   913   16
r  186   134   189   16
r  1751   1802   1652   16
r  1115   1164   1066   16
r  1701   1653   1753   16
r  384   284   332   16
r  234   285   189   16
r  285   237   189   16
r  39   139   190   16
r  1901   1802   1853   16
r  1952   1802   2202   16
r  2052   2455   2202   16
r  2204   2103   2202   16
r  2055   2004   2002   16
r  2103   2152   2002   16
r  90   189   190   16
r  44   196   96   16
r  1811   1813   1711   16
r  2101   2002   2052   16
r  2252   2355   2455   16
r  2301   2353   2455   16
r  2405   2408   2202   16
r  2454   2353   2202   16
r  2452   2355   2202   16
r  2401   2455   2202   16
r  2302   2403   2202   16
r  2453   2355   2202   16
r  2402   2404   2202   16
r  2358   2410   2202   16
r  440   540   391   16
r  45   47   199   16
r  46   196   98   16
r  96   199   198   16
r  95   197   199   16
r  2303   2202   2355   16
r  2354   2202   2405   16
r  2457   2455   2355   16
r  97   199   196   16
r  197   199   98   16
r  148   199   145   16
r  149   96   197   16
r  250   199   196   16
r  300   198   196   16
r  48   97   196   16
r  2161   2113   2208   16
r  348   297   199   16
r  446   394   499   16
r  249   298   247   16
r  49   98   199   16
r  50   98   199   16
r  100   196   149   16
r  299   147   297   16
r  350   397   398   16
r  2414   2363   2465   16
r  2463   2417   2418   16
r  2113   2162   2064   16
r  400   300   349   16
r  647   498   499   16
r  2468   2417   2464   16
r  841   739   741   16
r  549   698   648   16
r  599   648   698   16
r  550   498   649   16
r  748   898   648   16
r  1333   1282   1381   16
r  1821   1772   1873   16
r  1677   1726   1628   16
r  2469   2423   2473   16
r  797   848   896   16
r  950   849   899   16
r  900   849   898   16
r  1630   1632   1581   16
r  1190   1239   1090   16
r  1871   1972   1873   16
r  2470   2422   2368   16
r  2471   2422   2371   16
r  1000   898   900   16
r  1100   1048   999   16
r  1336   1387   1436   16
r  1241   1192   1243   16
r  1147   1046   1048   16
r  2279   2231   2330   16
r  1597   1698   1697   16
r  2381   2432   2281   16
r  1650   1698   1647   16
r  1699   1798   1600   16
r  1700   1647   1698   16
r  2483   2432   2281   16
r  1800   1900   1848   16
r  1900   1799   1898   16
r  2491   2445   2437   16
r  2440   2437   2491   16
r  2199   2298   2445   16
r  2148   2199   2445   16
r  2243   2240   2445   16
r  2342   2344   2445   16
r  2246   2295   2346   16
r  2245   2445   2292   16
r  2393   2344   2445   16
r  2200   2349   2445   16
r  2298   2200   2198   16
r  2248   2250   2445   16
r  2297   2346   2445   16
r  2345   2396   2445   16
r  2247   2445   2298   16
r  2396   2297   2496   16
r  2347   2448   2449   16
r  2299   2199   2397   16
r  2500   2449   2445   16
r  2400   2445   2297   16
r  2448   2445   2297   16
r  2498   2445   2397   16
r  2497   2445   2397   16
r  1   55   3   17
r  2   55   51   17
r  52   54   3   17
r  103   54   3   17
r  53   303   55   17
r  56   104   157   17
r  206   55   157   17
r  5   157   3   17
r  105   154   3   17
r  7   55   3   17
r  255   355   3   17
r  58   55   3   17
r  304   55   3   17
r  201   3   104   17
r  106   3   157   17
r  301   3   303   17
r  156   3   205   17
r  352   356   303   17
r  203   3   55   17
r  202   3   55   17
r  8   3   55   17
r  208   159   55   17
r  351   453   55   17
r  306   455   55   17
r  161   62   213   17
r  114   213   161   17
r  63   112   213   17
r  116   119   164   17
r  703   752   854   17
r  808   857   607   17
r  19   70   218   17
r  267   216   218   17
r  466   464   616   17
r  70   170   75   17
r  902   1002   854   17
r  953   852   854   17
r  1052   1004   854   17
r  1202   1205   1002   17
r  760   712   860   17
r  812   809   860   17
r  1104   1106   1004   17
r  25   74   77   17
r  27   126   75   17
r  77   26   80   17
r  764   713   864   17
r  79   81   127   17
r  1305   1404   1356   17
r  1355   1306   1357   17
r  1405   1402   1304   17
r  1454   1353   1302   17
r  724   775   824   17
r  1507   1406   1459   17
r  1651   1753   1804   17
r  1702   1653   1751   17
r  1414   1362   1412   17
r  1801   1752   1653   17
r  1851   1853   1902   17
r  87   138   189   17
r  239   290   88   17
r  42   91   88   17
r  39   190   88   17
r  90   139   189   17
r  292   341   189   17
r  243   292   189   17
r  293   291   189   17
r  1564   1714   1512   17
r  2204   2202   2355   17
r  2051   2202   2054   17
r  1954   2202   2002   17
r  2101   2052   2002   17
r  2251   2202   2002   17
r  38   189   190   17
r  242   189   190   17
r  91   189   193   17
r  44   96   196   17
r  2254   2202   2305   17
r  2253   2355   2202   17
r  2252   2455   2355   17
r  2351   2455   2355   17
r  2451   2455   2402   17
r  2407   2405   2355   17
r  2452   2455   2355   17
r  2206   2209   2202   17
r  2303   2355   2202   17
r  2354   2453   2202   17
r  2356   2354   2202   17
r  2457   2409   2202   17
r  2308   2208   2202   17
r  2158   2209   2202   17
r  835   886   733   17
r  786   686   784   17
r  45   196   198   17
r  46   199   196   17
r  95   199   144   17
r  2304   2202   2355   17
r  2405   2202   2356   17
r  2406   2202   2455   17
r  2352   2202   2455   17
r  2302   2202   2455   17
r  2401   2202   2455   17
r  685   784   785   17
r  198   149   145   17
r  47   98   199   17
r  146   98   199   17
r  197   98   199   17
r  148   145   199   17
r  150   198   147   17
r  200   147   198   17
r  50   150   196   17
r  248   348   196   17
r  493   544   545   17
r  97   196   199   17
r  1231   1229   1331   17
r  48   196   149   17
r  99   196   198   17
r  149   196   98   17
r  249   247   198   17
r  49   147   149   17
r  250   196   199   17
r  100   49   147   17
r  349   347   398   17
r  298   349   249   17
r  1962   1964   1864   17
r  2414   2465   2366   17
r  448   396   499   17
r  500   649   498   17
r  597   499   648   17
r  2366   2463   2417   17
r  650   549   499   17
r  748   648   898   17
r  599   499   648   17
r  1680   1629   1579   17
r  800   699   898   17
r  946   995   898   17
r  896   796   849   17
r  2069   2020   2118   17
r  2174   2274   2272   17
r  2270   2272   2321   17
r  1149   1198   1146   17
r  2071   2020   2073   17
r  2172   2174   2223   17
r  2421   2321   2372   17
r  2371   2272   2422   17
r  2474   2425   2372   17
r  1437   1388   1489   17
r  2424   2472   2372   17
r  2425   2476   2423   17
r  1145   1096   1294   17
r  2477   2425   2327   17
r  2279   2330   2381   17
r  1589   1587   1540   17
r  1497   1446   1445   17
r  2282   2231   2383   17
r  2333   2382   2281   17
r  2433   2435   2281   17
r  1792   1741   1740   17
r  1648   1697   1749   17
r  1699   1600   1598   17
r  1799   1699   1898   17
r  1700   1799   1647   17
r  1795   1896   1744   17
r  2285   2386   2334   17
r  2387   2434   2335   17
r  2482   2281   2480   17
r  1889   1940   1840   17
r  1898   1797   2049   17
r  2437   2439   2441   17
r  1992   1990   1943   17
r  2339   2442   2441   17
r  2440   2491   2437   17
r  2194   2245   2445   17
r  2490   2437   2445   17
r  2495   2444   2441   17
r  2246   2346   2445   17
r  2343   2294   2445   17
r  2396   2496   2448   17
r  2348   2399   2297   17
r  2198   2099   2445   17
r  2293   2344   2445   17
r  2247   2298   2445   17
r  2245   2292   2445   17
r  2400   2397   2445   17
r  2448   2297   2445   17
r  2498   2397   2445   17
r  2497   2449   2445   17
r  2200   2445   2397   17
r  2298   2198   2397   17
r  2399   2445   2397   17
r  2450   2445   2397   17
r  1   102   104   18
r  51   55   53   18
r  2   51   55   18
r  52   55   104   18
r  54   3   153   18
r  204   55   104   18
r  206   157   55   18
r  304   255   55   18
r  201   104   3   18
r  156   205   3   18
r  202   55   3   18
r  155   3   104   18
r  6   3   157   18
r  7   3   55   18
r  58   3   55   18
r  403   355   55   18
r  158   161   59   18
r  12   63   59   18
r  503   452   602   18
r  501   452   453   18
r  260   312   208   18
r  61   161   64   18
r  551   451   502   18
r  15   164   214   18
r  701   854   806   18
r  17   66   69   18
r  167   68   118   18
r  756   707   854   18
r  803   755   854   18
r  954   1003   854   18
r  68   166   216   18
r  951   1052   854   18
r  1005   957   854   18
r  1052   854   1004   18
r  901   854   1004   18
r  1106   1006   1002   18
r  71   23   75   18
r  123   72   75   18
r  1104   1004   1202   18
r  1105   1103   1102   18
r  175   123   75   18
r  1403   1303   1252   18
r  821   918   770   18
r  28   127   81   18
r  1402   1302   1503   18
r  30   132   232   18
r  1601   1652   1802   18
r  432   531   480   18
r  136   87   189   18
r  1852   1903   2002   18
r  1903   2002   1901   18
r  1901   1853   1802   18
r  1707   1704   1605   18
r  337   436   189   18
r  38   138   189   18
r  242   190   189   18
r  91   193   189   18
r  92   88   189   18
r  2051   2054   2202   18
r  2053   2202   2355   18
r  2251   2355   2202   18
r  1076   1078   1175   18
r  1177   1226   1175   18
r  191   189   88   18
r  41   189   88   18
r  44   46   98   18
r  2204   2002   2202   18
r  2253   2202   2355   18
r  2452   2355   2455   18
r  2453   2302   2455   18
r  2303   2455   2355   18
r  2254   2305   2202   18
r  2304   2455   2202   18
r  2405   2456   2202   18
r  2306   2308   2202   18
r  2406   2355   2202   18
r  2352   2455   2202   18
r  2302   2455   2202   18
r  2401   2455   2202   18
r  2408   2308   2202   18
r  2459   2310   2202   18
r  2460   2409   2202   18
r  95   144   199   18
r  96   198   199   18
r  195   98   198   18
r  2402   2202   2455   18
r  2456   2202   2355   18
r  2409   2358   2355   18
r  2451   2202   2455   18
r  2458   2460   2310   18
r  246   199   198   18
r  198   147   300   18
r  197   97   98   18
r  147   199   149   18
r  47   199   198   18
r  247   199   196   18
r  48   149   196   18
r  99   199   196   18
r  250   147   196   18
r  100   147   196   18
r  97   149   196   18
r  49   149   98   18
r  1280   1329   1430   18
r  838   789   938   18
r  397   446   199   18
r  149   98   46   18
r  50   196   147   18
r  150   196   198   18
r  349   398   397   18
r  2412   2464   2463   18
r  2413   2361   2362   18
r  400   349   398   18
r  547   647   499   18
r  2415   2417   2418   18
r  1772   1823   1770   18
r  549   648   698   18
r  600   648   649   18
r  598   649   499   18
r  649   698   548   18
r  2317   2220   2368   18
r  1531   1533   1582   18
r  850   899   749   18
r  2420   2372   2371   18
r  2026   1977   1876   18
r  799   898   897   18
r  1100   999   1046   18
r  1149   1146   1198   18
r  2223   2272   2073   18
r  2225   2124   2125   18
r  1781   1830   1632   18
r  1929   1980   2028   18
r  1294   1291   1194   18
r  1198   1046   1247   18
r  1147   1047   1198   18
r  1148   1097   1096   18
r  2325   2376   2374   18
r  2375   2426   2423   18
r  2476   2427   2425   18
r  2376   2476   2427   18
r  1588   1488   1539   18
r  1250   1248   1199   18
r  1495   1448   1497   18
r  1835   1784   1735   18
r  1499   1450   1398   18
r  2378   2480   2281   18
r  1500   1549   1449   18
r  1400   1349   1398   18
r  2480   2282   2281   18
r  2481   2433   2281   18
r  2431   2281   2383   18
r  1694   1743   1697   18
r  1650   1647   1648   18
r  2093   1894   2142   18
r  2488   2441   2445   18
r  1998   2098   2049   18
r  2390   2441   2341   18
r  2489   2437   2445   18
r  2493   2445   2441   18
r  2150   2199   2445   18
r  2149   2298   2445   18
r  2147   2098   2445   18
r  2294   2445   2194   18
r  2346   2245   2445   18
r  2341   2343   2445   18
r  2398   2349   2394   18
r  2250   2199   2397   18
r  2499   2397   2450   18
r  2196   2297   2245   18
r  2498   2449   2397   18
r  2296   2194   2445   18
r  2197   2148   2445   18
r  2344   2243   2445   18
r  2399   2297   2445   18
r  2450   2397   2445   18
r  2200   2397   2298   18
r  2249   2445   2397   18
r  2297   2445   2397   18
r  2349   2445   2400   18
r  2400   2445   2397   18
r  1   104   55   19
r  51   53   55   19
r  52   104   55   19
r  54   153   3   19
r  53   55   101   19
r  202   104   55   19
r  203   55   3   19
r  155   55   3   19
r  6   55   3   19
r  106   157   3   19
r  252   55   3   19
r  7   157   3   19
r  157   55   3   19
r  352   55   3   19
r  306   456   3   19
r  254   3   203   19
r  102   3   104   19
r  204   3   55   19
r  305   256   55   19
r  11   59   55   19
r  402   404   55   19
r  151   3   153   19
r  552   503   453   19
r  407   405   409   19
r  214   113   115   19
r  704   755   854   19
r  67   118   218   19
r  853   752   806   19
r  1101   1152   1002   19
r  1054   1101   1002   19
r  1105   1102   1002   19
r  664   613   611   19
r  22   123   75   19
r  122   69   75   19
r  1204   1255   1206   19
r  668   670   617   19
r  175   75   123   19
r  1453   1406   1302   19
r  27   75   80   19
r  79   127   131   19
r  1402   1503   1302   19
r  1452   1403   1353   19
r  133   84   232   19
r  1361   1260   1259   19
r  1601   1802   1652   19
r  827   725   875   19
r  1903   1901   2202   19
r  235   284   189   19
r  137   188   190   19
r  291   240   88   19
r  191   242   189   19
r  1757   1806   1706   19
r  1851   1802   1951   19
r  1902   1802   2202   19
r  2003   2202   2355   19
r  2054   2202   2002   19
r  2051   2202   2103   19
r  2101   2001   2052   19
r  2251   2202   2355   19
r  535   533   484   19
r  44   98   199   19
r  1810   1861   1711   19
r  2053   2002   2202   19
r  2301   2455   2355   19
r  2452   2455   2355   19
r  2453   2455   2355   19
r  2406   2455   2355   19
r  2352   2355   2455   19
r  2302   2355   2351   19
r  2253   2103   2202   19
r  2205   2355   2202   19
r  2156   2208   2202   19
r  2357   2355   2202   19
r  2402   2355   2202   19
r  2456   2356   2202   19
r  2409   2308   2202   19
r  2207   2056   2202   19
r  2451   2455   2202   19
r  2257   2308   2202   19
r  45   199   145   19
r  95   199   146   19
r  96   196   198   19
r  145   196   199   19
r  2454   2202   2403   19
r  2206   2202   2355   19
r  2401   2202   2355   19
r  246   198   199   19
r  98   196   96   19
r  46   196   198   19
r  198   300   147   19
r  146   198   98   19
r  147   149   199   19
r  148   199   145   19
r  247   98   198   19
r  48   199   96   19
r  97   199   198   19
r  149   46   196   19
r  50   147   196   19
r  150   198   196   19
r  49   98   198   19
r  250   196   98   19
r  1765   1717   1817   19
r  2209   2310   2111   19
r  2462   2464   2414   19
r  1232   1283   1234   19
r  297   398   198   19
r  47   196   98   19
r  100   196   198   19
r  350   399   397   19
r  1819   1770   1717   19
r  2417   2316   2414   19
r  2467   2464   2418   19
r  891   940   741   19
r  549   649   648   19
r  649   597   898   19
r  697   748   898   19
r  2466   2463   2418   19
r  650   499   599   19
r  700   648   649   19
r  749   899   849   19
r  900   999   949   19
r  799   897   898   19
r  1000   900   898   19
r  2319   2270   2368   19
r  2172   2223   2272   19
r  800   898   749   19
r  1049   998   1046   19
r  2422   2419   2321   19
r  2121   1970   2123   19
r  1489   1538   1540   19
r  1193   1244   1043   19
r  1198   1048   1100   19
r  1098   1197   1047   19
r  2427   2375   2374   19
r  2327   2376   2276   19
r  1737   1786   1789   19
r  2331   2329   2279   19
r  1645   1694   1647   19
r  1599   1597   1647   19
r  2429   2480   2380   19
r  2430   2432   2281   19
r  2479   2428   2281   19
r  2330   2281   2230   19
r  2332   2231   2281   19
r  2482   2480   2281   19
r  2383   2432   2381   19
r  1650   1648   1797   19
r  1748   1797   1600   19
r  2485   2334   2387   19
r  2388   2337   2445   19
r  1900   1898   1949   19
r  2487   2491   2445   19
r  2389   2437   2441   19
r  2440   2437   2445   19
r  2491   2437   2445   19
r  2100   2149   2049   19
r  2240   2089   2445   19
r  2439   2491   2445   19
r  2493   2392   2445   19
r  2395   2398   2449   19
r  2300   2397   2449   19
r  2348   2297   2397   19
r  2195   2346   2445   19
r  2097   2198   2445   19
r  2200   2450   2445   19
r  2249   2298   2445   19
r  2297   2397   2445   19
r  2298   2250   2445   19
r  2349   2449   2445   19
r  2400   2397   2445   19
r  2150   2445   2099   19
r  2447   2445   2396   19
r  2500   2445   2449   19
r  2450   2445   2397   19
r  52   55   104   20
r  104   152   157   20
r  53   101   55   20
r  203   104   55   20
r  155   104   55   20
r  106   55   157   20
r  252   303   55   20
r  352   303   55   20
r  254   203   3   20
r  102   104   3   20
r  303   55   3   20
r  351   303   3   20
r  204   104   3   20
r  305   205   3   20
r  151   153   3   20
r  109   157   3   20
r  9   211   3   20
r  57   3   157   20
r  6   3   55   20
r  158   59   55   20
r  159   157   55   20
r  404   453   55   20
r  501   453   55   20
r  210   263   55   20
r  58   55   104   20
r  655   556   603   20
r  701   806   652   20
r  803   854   704   20
r  18   69   218   20
r  68   216   218   20
r  954   854   902   20
r  120   72   172   20
r  901   1002   854   20
r  23   74   123   20
r  1201   1102   1252   20
r  764   864   766   20
r  26   75   77   20
r  32   131   232   20
r  1404   1303   1302   20
r  181   331   232   20
r  382   282   433   20
r  1507   1459   1606   20
r  85   189   137   20
r  188   139   88   20
r  138   187   190   20
r  141   139   88   20
r  39   88   190   20
r  336   385   189   20
r  241   292   189   20
r  41   89   189   20
r  143   141   189   20
r  294   143   189   20
r  343   392   189   20
r  1852   2002   2202   20
r  292   189   190   20
r  91   189   190   20
r  42   189   190   20
r  94   96   145   20
r  1851   1951   2202   20
r  2003   2355   2202   20
r  2054   2102   2202   20
r  2102   2202   2053   20
r  1954   2003   2202   20
r  45   145   196   20
r  196   198   98   20
r  95   196   198   20
r  145   98   96   20
r  96   198   196   20
r  98   96   198   20
r  494   545   395   20
r  1955   2053   2202   20
r  2201   2002   2355   20
r  2203   2305   2302   20
r  2104   2002   2355   20
r  2151   2002   2355   20
r  2352   2455   2355   20
r  2451   2402   2355   20
r  2051   2002   2202   20
r  2251   2002   2202   20
r  2454   2403   2202   20
r  2206   2208   2202   20
r  2401   2452   2202   20
r  2359   2356   2202   20
r  2259   2213   2202   20
r  832   783   683   20
r  46   198   196   20
r  147   199   145   20
r  200   198   49   20
r  248   199   147   20
r  48   96   199   20
r  99   198   199   20
r  149   196   198   20
r  49   198   96   20
r  50   196   198   20
r  148   196   199   20
r  298   398   199   20
r  150   196   98   20
r  47   98   96   20
r  250   199   198   20
r  2302   2202   2355   20
r  2455   2202   2403   20
r  2405   2202   2353   20
r  2357   2202   2355   20
r  2459   2202   2355   20
r  2411   2409   2359   20
r  2210   2313   2208   20
r  299   297   348   20
r  500   648   649   20
r  550   649   498   20
r  1766   1817   1814   20
r  2462   2414   2363   20
r  599   698   550   20
r  1869   1920   1873   20
r  1772   1770   1873   20
r  800   849   898   20
r  2121   2172   2020   20
r  1147   1198   1046   20
r  2123   2072   2272   20
r  1200   1247   1246   20
r  1249   1198   1346   20
r  2474   2372   2374   20
r  2475   2473   2372   20
r  2476   2375   2376   20
r  2278   2177   2281   20
r  2477   2327   2425   20
r  1549   1698   1648   20
r  1550   1698   1398   20
r  2230   2279   2282   20
r  2483   2481   2382   20
r  2380   2480   2281   20
r  2431   2333   2281   20
r  2383   2480   2281   20
r  2335   2437   2281   20
r  2379   2480   2330   20
r  1649   1647   1596   20
r  2234   2334   2335   20
r  1799   1698   1850   20
r  2138   2090   2189   20
r  2139   2190   2087   20
r  2486   2434   2437   20
r  1899   1799   2049   20
r  1850   1898   1848   20
r  2438   2389   2445   20
r  2389   2441   2445   20
r  1900   2049   1898   20
r  2193   2242   2445   20
r  2340   2491   2445   20
r  2489   2445   2440   20
r  2391   2342   2445   20
r  2348   2397   2300   20
r  2250   2397   2299   20
r  2295   2194   2397   20
r  2400   2297   2397   20
r  2294   2194   2445   20
r  2447   2449   2445   20
r  2500   2397   2445   20
r  2450   2397   2445   20
r  2293   2445   2194   20
r  2346   2445   2397   20
r  2349   2445   2449   20
r  2300   2445   2397   20
r  2499   2445   2397   20
r  2198   2445   2397   20
r  1   3   52   21
r  51   3   104   21
r  52   104   55   21
r  101   3   104   21
r  10   59   3   21
r  207   159   3   21
r  57   157   3   21
r  153   104   54   21
r  301   303   3   21
r  6   157   3   21
r  106   157   55   21
r  157   3   55   21
r  303   3   55   21
r  58   104   55   21
r  307   305   55   21
r  109   3   55   21
r  357   406   55   21
r  203   55   104   21
r  354   55   3   21
r  62   162   164   21
r  163   114   62   21
r  166   164   218   21
r  754   803   854   21
r  465   517   416   21
r  69   121   218   21
r  20   69   218   21
r  120   172   75   21
r  851   802   854   21
r  1054   1052   854   21
r  1201   1252   1002   21
r  761   860   812   21
r  957   1006   1108   21
r  1251   1152   1154   21
r  127   78   28   21
r  1304   1402   1252   21
r  962   1013   1061   21
r  128   131   177   21
r  131   129   80   21
r  83   232   85   21
r  1753   1802   1702   21
r  184   34   189   21
r  35   87   88   21
r  1463   1412   1415   21
r  37   189   85   21
r  139   38   190   21
r  292   290   189   21
r  438   436   189   21
r  1951   2002   2202   21
r  2052   2202   2355   21
r  2201   2052   2002   21
r  44   196   95   21
r  242   189   291   21
r  1664   1712   1809   21
r  2153   2002   2355   21
r  2404   2455   2306   21
r  2308   2259   2355   21
r  2402   2455   2355   21
r  2102   2002   2202   21
r  2056   2205   2202   21
r  2108   2208   2202   21
r  2302   2355   2202   21
r  2455   2353   2202   21
r  2405   2353   2202   21
r  2357   2355   2202   21
r  2107   2056   2202   21
r  2109   2158   2202   21
r  2459   2408   2202   21
r  2058   2160   2202   21
r  734   686   736   21
r  1521   1472   1421   21
r  45   196   98   21
r  95   198   196   21
r  196   98   198   21
r  145   96   98   21
r  96   199   98   21
r  195   199   147   21
r  98   198   248   21
r  537   488   586   21
r  2260   2312   2355   21
r  1278   1226   1430   21
r  46   196   198   21
r  149   198   196   21
r  249   198   196   21
r  200   49   198   21
r  146   98   198   21
r  100   149   199   21
r  594   643   545   21
r  247   198   147   21
r  48   199   198   21
r  99   199   198   21
r  148   199   196   21
r  298   199   196   21
r  250   98   196   21
r  50   199   196   21
r  49   199   198   21
r  47   96   98   21
r  496   494   597   21
r  1329   1429   1430   21
r  1671   1572   1573   21
r  350   398   198   21
r  1917   1919   1868   21
r  1382   1433   1430   21
r  1383   1432   1381   21
r  650   648   499   21
r  697   797   796   21
r  746   646   698   21
r  2415   2366   2467   21
r  2417   2368   2464   21
r  2465   2365   2414   21
r  2468   2464   2414   21
r  2266   2317   2368   21
r  1039   1041   991   21
r  950   899   948   21
r  2420   2371   2368   21
r  1392   1443   1492   21
r  1092   1043   1192   21
r  1048   1148   1046   21
r  2022   2024   2121   21
r  2474   2374   2372   21
r  2324   2375   2423   21
r  2275   2376   2374   21
r  1299   1296   1348   21
r  2179   2230   2278   21
r  1648   1599   1600   21
r  2334   2385   2434   21
r  2430   2478   2378   21
r  2479   2281   2328   21
r  2283   2384   2281   21
r  1698   1600   1797   21
r  2481   2281   2335   21
r  2485   2434   2335   21
r  1890   1990   1938   21
r  1750   1799   1647   21
r  2437   2388   2445   21
r  1849   1949   1798   21
r  2140   2142   2091   21
r  2339   2437   2445   21
r  2439   2445   2388   21
r  1950   1848   2050   21
r  1900   1949   2049   21
r  2098   2046   2445   21
r  2000   1898   2049   21
r  2290   2339   2445   21
r  2291   2293   2392   21
r  2343   2243   2397   21
r  2292   2343   2445   21
r  2293   2397   2445   21
r  2346   2197   2445   21
r  2349   2400   2445   21
r  2300   2397   2445   21
r  2499   2397   2445   21
r  2198   2397   2445   21
r  2397   2349   2450   21
r  2149   2445   2397   21
r  2348   2445   2397   21
r  2500   2445   2397   21
r  2248   2445   2397   21
r  1   55   3   22
r  51   104   3   22
r  52   55   104   22
r  101   55   3   22
r  5   7   104   22
r  203   104   55   22
r  106   55   157   22
r  257   357   3   22
r  256   55   3   22
r  8   157   3   22
r  58   55   3   22
r  158   58   3   22
r  153   55   104   22
r  201   3   301   22
r  354   3   55   22
r  60   159   55   22
r  12   64   55   22
r  451   552   55   22
r  355   404   55   22
r  457   406   55   22
r  209   309   308   22
r  210   55   208   22
r  260   208   209   22
r  63   111   60   22
r  603   605   705   22
r  652   553   1002   22
r  265   314   213   22
r  266   314   213   22
r  1052   1004   854   22
r  902   854   1002   22
r  1203   1152   1002   22
r  68   218   216   22
r  19   166   70   22
r  760   860   712   22
r  857   806   854   22
r  1151   1002   1202   22
r  20   218   75   22
r  26   126   75   22
r  72   75   172   22
r  424   276   375   22
r  28   81   80   22
r  27   127   131   22
r  79   28   232   22
r  130   29   231   22
r  32   232   132   22
r  1114   1066   1165   22
r  83   85   131   22
r  33   85   183   22
r  186   189   88   22
r  2002   2202   2355   22
r  1069   1018   1120   22
r  2054   2202   2102   22
r  2052   2355   2202   22
r  2101   2052   2355   22
r  1956   2005   2202   22
r  37   85   189   22
r  87   189   190   22
r  39   189   88   22
r  92   141   88   22
r  2307   2356   2355   22
r  2408   2356   2355   22
r  2460   2408   2355   22
r  2207   2108   2355   22
r  2102   2053   2355   22
r  2302   2351   2355   22
r  2357   2408   2355   22
r  2208   2155   2202   22
r  2309   2358   2202   22
r  2360   2409   2202   22
r  2258   2210   2202   22
r  2157   2058   2202   22
r  2105   2202   2355   22
r  2459   2202   2408   22
r  2205   2202   2355   22
r  2458   2409   2355   22
r  2107   2202   2355   22
r  91   88   189   22
r  94   145   199   22
r  199   150   96   22
r  95   196   198   22
r  96   98   198   22
r  195   147   98   22
r  98   147   196   22
r  2113   2064   2115   22
r  2413   2464   2416   22
r  46   98   196   22
r  198   145   98   22
r  149   196   147   22
r  200   198   96   22
r  348   400   198   22
r  99   196   199   22
r  50   196   199   22
r  300   348   249   22
r  298   249   198   22
r  150   147   196   22
r  49   198   196   22
r  47   198   196   22
r  641   593   592   22
r  97   196   145   22
r  100   199   98   22
r  2315   2364   2414   22
r  2418   2416   2414   22
r  2417   2414   2463   22
r  299   348   198   22
r  790   841   839   22
r  599   648   499   22
r  2317   2268   2266   22
r  2472   2270   2372   22
r  1531   1631   1482   22
r  1142   1043   1140   22
r  792   790   891   22
r  799   898   748   22
r  896   849   796   22
r  800   749   849   22
r  900   898   849   22
r  2028   2079   2080   22
r  1245   1143   1196   22
r  2031   2131   2080   22
r  2481   2335   2281   22
r  1247   1199   1146   22
r  1446   1398   1495   22
r  1097   1247   1146   22
r  2431   2281   2230   22
r  2485   2387   2386   22
r  1837   1886   1840   22
r  2035   1984   1936   22
r  1596   1696   1647   22
r  2486   2387   2445   22
r  2186   2237   2137   22
r  1649   1596   1647   22
r  1700   1698   1797   22
r  2400   2397   2396   22
r  2242   2143   2445   22
r  2489   2440   2445   22
r  2149   2397   2445   22
r  2145   2194   2445   22
r  2348   2300   2445   22
r  2500   2449   2445   22
r  2248   2200   2445   22
r  2442   2445   2397   22
r  2392   2445   2443   22
r  1899   2049   1950   22
r  2447   2445   2449   22
r  2300   2445   2397   22
r  2349   2445   2397   22
r  2499   2445   2397   22
r  2250   2445   2397   22
r  2198   2445   2397   22
r  2200   2445   2099   22
r  2099   2047   1899   22
r  1   3   55   23
r  51   3   104   23
r  52   104   55   23
r  101   3   55   23
r  151   3   51   23
r  401   453   3   23
r  159   59   3   23
r  106   157   55   23
r  256   3   55   23
r  58   3   55   23
r  153   54   55   23
r  356   407   55   23
r  504   555   55   23
r  405   454   55   23
r  258   309   55   23
r  201   55   3   23
r  152   55   203   23
r  157   55   3   23
r  57   55   8   23
r  353   55   3   23
r  303   55   3   23
r  452   552   3   23
r  602   653   555   23
r  263   211   62   23
r  162   160   213   23
r  15   62   164   23
r  712   710   812   23
r  803   705   854   23
r  954   905   854   23
r  953   1004   1002   23
r  1103   1154   1002   23
r  1153   1104   1002   23
r  1253   1202   1002   23
r  1151   1202   1002   23
r  907   856   854   23
r  1055   1107   854   23
r  1202   1002   1154   23
r  1201   1002   1102   23
r  70   18   21   23
r  1304   1252   1353   23
r  1352   1401   1451   23
r  1551   1502   1302   23
r  1601   1652   1302   23
r  121   70   75   23
r  174   275   324   23
r  764   715   815   23
r  1502   1302   1401   23
r  122   75   23   23
r  324   375   225   23
r  128   81   80   23
r  78   131   232   23
r  1701   1753   1653   23
r  1804   1853   1652   23
r  576   578   527   23
r  82   31   79   23
r  31   80   189   23
r  1557   1608   1657   23
r  1901   2002   2202   23
r  2002   2004   2202   23
r  134   85   232   23
r  1902   1951   1853   23
r  2054   2102   2202   23
r  2154   2202   2355   23
r  2102   2202   2002   23
r  828   877   976   23
r  88   90   190   23
r  87   190   189   23
r  42   88   189   23
r  39   190   189   23
r  2005   2056   2355   23
r  2156   2107   2355   23
r  2051   2103   2355   23
r  2359   2310   2355   23
r  2302   2355   2353   23
r  2459   2355   2202   23
r  2205   2254   2202   23
r  2107   2355   2202   23
r  2007   2108   2202   23
r  2057   2006   2202   23
r  2411   2359   2202   23
r  2458   2355   2202   23
r  2253   2202   2302   23
r  2453   2202   2404   23
r  2401   2202   2452   23
r  2452   2202   2403   23
r  2106   2202   2355   23
r  2257   2202   2355   23
r  2258   2202   2355   23
r  2410   2359   2355   23
r  2461   2360   2355   23
r  2211   2260   2355   23
r  1168   1270   1219   23
r  37   189   88   23
r  92   189   190   23
r  43   189   92   23
r  94   196   98   23
r  1761   1812   1758   23
r  2462   2363   2414   23
r  44   95   198   23
r  95   198   199   23
r  145   98   196   23
r  96   198   248   23
r  246   199   198   23
r  1517   1569   1618   23
r  2463   2465   2414   23
r  45   98   199   23
r  146   199   248   23
r  149   147   196   23
r  249   147   198   23
r  50   198   98   23
r  46   198   199   23
r  248   147   199   23
r  148   145   199   23
r  150   196   199   23
r  48   196   96   23
r  97   198   196   23
r  197   199   300   23
r  47   196   198   23
r  147   196   98   23
r  250   198   96   23
r  247   196   198   23
r  2415   2418   2463   23
r  2417   2463   2414   23
r  2366   2466   2415   23
r  100   98   196   23
r  298   196   349   23
r  300   249   198   23
r  49   96   198   23
r  349   397   198   23
r  299   198   196   23
r  548   698   499   23
r  549   698   498   23
r  2465   2414   2416   23
r  794   845   898   23
r  650   599   549   23
r  746   697   898   23
r  2121   2123   2272   23
r  948   849   900   23
r  900   949   898   23
r  2424   2373   2475   23
r  1092   1192   1140   23
r  992   944   1044   23
r  1149   1046   1100   23
r  2327   2276   2376   23
r  2478   2480   2281   23
r  1200   1246   1247   23
r  2380   2378   2328   23
r  2381   2430   2429   23
r  2432   2481   2381   23
r  2332   2330   2381   23
r  2330   2381   2281   23
r  1542   1642   1540   23
r  1299   1348   1398   23
r  2482   2281   2381   23
r  2485   2386   2434   23
r  2436   2434   2335   23
r  2388   2491   2441   23
r  2439   2441   2445   23
r  2489   2445   2388   23
r  2294   2345   2194   23
r  2500   2397   2400   23
r  2442   2493   2445   23
r  2392   2443   2445   23
r  2447   2449   2445   23
r  2300   2397   2445   23
r  2349   2397   2445   23
r  2499   2450   2445   23
r  2146   2149   2445   23
r  2250   2397   2445   23
r  2198   2397   2445   23
r  2200   2298   2445   23
r  2492   2445   2392   23
r  1750   1647   1797   23
r  2400   2445   2397   23
r  2497   2445   2396   23
r  2350   2445   2449   23
r  2498   2445   2449   23
r  2196   2445   2397   23
r  2197   2445   2397   23
r  2048   1997   2099   23
r  1850   2049   1898   23
r  1950   1898   2049   23
r  1   55   3   24
r  51   104   3   24
r  2   55   102   24
r  52   3   104   24
r  101   55   3   24
r  102   55   104   24
r  152   203   55   24
r  57   8   55   24
r  157   256   55   24
r  151   51   3   24
r  402   55   3   24
r  307   55   3   24
r  60   55   3   24
r  355   406   3   24
r  56   3   107   24
r  201   3   55   24
r  353   3   55   24
r  303   3   55   24
r  406   403   55   24
r  309   208   55   24
r  552   453   854   24
r  111   162   212   24
r  163   62   161   24
r  112   161   164   24
r  164   212   213   24
r  462   612   413   24
r  751   802   1002   24
r  902   951   854   24
r  1051   1004   854   24
r  1006   1055   854   24
r  1004   951   902   24
r  658   660   607   24
r  117   166   169   24
r  756   854   902   24
r  955   854   1006   24
r  901   854   1002   24
r  1104   1253   1002   24
r  68   119   218   24
r  1202   1154   1002   24
r  1201   1153   1002   24
r  168   216   117   24
r  568   519   667   24
r  1259   1358   1207   24
r  1451   1502   1302   24
r  21   69   121   24
r  122   23   75   24
r  1554   1653   1704   24
r  29   131   232   24
r  32   132   232   24
r  1852   2202   2002   24
r  1853   2054   2202   24
r  134   83   189   24
r  725   723   824   24
r  1267   1319   1368   24
r  2003   2202   2355   24
r  1953   2002   2355   24
r  2001   2054   2355   24
r  2052   2054   2355   24
r  2102   2355   2202   24
r  2053   2355   2002   24
r  1857   1908   2202   24
r  85   137   189   24
r  37   88   189   24
r  289   387   189   24
r  2004   2006   2355   24
r  2152   2002   2355   24
r  2404   2306   2455   24
r  2302   2353   2355   24
r  2057   2108   2355   24
r  2411   2360   2355   24
r  2154   2002   2202   24
r  2105   2004   2202   24
r  2253   2302   2202   24
r  2453   2355   2202   24
r  2401   2452   2202   24
r  2452   2355   2202   24
r  2260   2262   2202   24
r  2106   2355   2202   24
r  2257   2357   2202   24
r  2258   2355   2202   24
r  2410   2355   2202   24
r  2461   2409   2202   24
r  1957   1959   2202   24
r  2310   2408   2202   24
r  2006   2202   2355   24
r  2256   2202   2355   24
r  2158   2202   2355   24
r  2360   2202   2355   24
r  41   189   190   24
r  94   98   198   24
r  144   96   198   24
r  1027   1029   1128   24
r  145   199   198   24
r  195   98   146   24
r  98   248   145   24
r  1128   1179   1077   24
r  1423   1324   1323   24
r  1861   1812   1762   24
r  146   248   98   24
r  149   197   198   24
r  249   198   98   24
r  200   196   98   24
r  100   196   199   24
r  298   198   199   24
r  299   196   199   24
r  300   198   199   24
r  99   199   196   24
r  50   199   198   24
r  46   199   198   24
r  97   196   198   24
r  250   96   198   24
r  399   300   198   24
r  147   98   196   24
r  247   198   98   24
r  150   199   196   24
r  686   634   734   24
r  2113   2115   2015   24
r  599   499   498   24
r  1771   1722   1873   24
r  2466   2417   2415   24
r  1383   1381   1432   24
r  2421   2423   2321   24
r  2218   2119   2167   24
r  2221   2174   2272   24
r  799   748   898   24
r  1048   1149   898   24
r  949   898   896   24
r  1680   1579   1582   24
r  1878   1927   2026   24
r  2425   2423   2372   24
r  2375   2423   2372   24
r  2275   2374   2372   24
r  2326   2324   2374   24
r  2171   2174   2123   24
r  950   898   947   24
r  1146   1048   1198   24
r  2028   2080   1928   24
r  2428   2430   2281   24
r  2478   2281   2427   24
r  1249   1346   1398   24
r  2080   2128   2131   24
r  2431   2383   2281   24
r  2132   1983   2083   24
r  2337   2437   2335   24
r  1498   1492   1398   24
r  1499   1398   1598   24
r  1739   1687   1938   24
r  1600   1649   1797   24
r  2490   2441   2388   24
r  1649   1647   1549   24
r  2394   2496   2397   24
r  2398   2394   2449   24
r  2199   2099   2397   24
r  2297   2246   2397   24
r  2348   2397   2396   24
r  2492   2392   2445   24
r  2192   2194   2445   24
r  2400   2397   2445   24
r  2497   2396   2445   24
r  2350   2397   2445   24
r  2498   2449   2445   24
r  2150   2099   2445   24
r  2197   2397   2445   24
r  2196   2397   2445   24
r  2496   2397   2396   24
r  1890   1938   1942   24
r  2344   2445   2397   24
r  2300   2445   2397   24
r  2298   2445   2449   24
r  2500   2445   2397   24
r  1950   2049   1999   24
r  51   3   104   25
r  2   104   55   25
r  52   104   3   25
r  102   3   55   25
r  56   107   3   25
r  59   55   3   25
r  256   207   3   25
r  58   55   3   25
r  356   358   3   25
r  201   301   3   25
r  353   356   3   25
r  303   401   3   25
r  6   3   104   25
r  452   3   55   25
r  307   3   55   25
r  456   305   55   25
r  552   601   55   25
r  62   164   55   25
r  455   504   55   25
r  312   162   55   25
r  14   115   164   25
r  64   164   62   25
r  161   213   115   25
r  754   703   1002   25
r  701   652   854   25
r  756   805   854   25
r  1101   1002   854   25
r  901   1002   854   25
r  1056   1107   854   25
r  264   215   216   25
r  905   854   956   25
r  1152   1201   1101   25
r  67   218   16   25
r  1251   1102   1002   25
r  1009   860   960   25
r  17   218   166   25
r  167   169   218   25
r  268   270   169   25
r  811   662   712   25
r  517   617   615   25
r  19   218   75   25
r  1401   1302   1501   25
r  20   121   120   25
r  72   23   75   25
r  1701   1752   1652   25
r  82   80   131   25
r  132   232   80   25
r  1801   1653   2202   25
r  1852   2002   2202   25
r  1463   1411   1516   25
r  380   531   378   25
r  83   32   232   25
r  34   85   189   25
r  1902   1853   2355   25
r  2003   2355   2202   25
r  1951   1903   2355   25
r  2055   2202   2355   25
r  1954   2202   2355   25
r  2053   2202   2355   25
r  2152   2054   2002   25
r  1905   1854   2202   25
r  1172   1221   1268   25
r  1659   1611   1711   25
r  139   190   90   25
r  140   142   88   25
r  238   190   88   25
r  91   190   88   25
r  186   182   189   25
r  41   88   189   25
r  242   341   189   25
r  295   98   189   25
r  94   198   189   25
r  391   389   189   25
r  1121   1072   1068   25
r  2103   2002   2355   25
r  2056   2156   2355   25
r  2459   2408   2355   25
r  2452   2403   2355   25
r  2106   2155   2355   25
r  2310   2308   2355   25
r  2006   2054   2202   25
r  2256   2355   2202   25
r  2360   2355   2202   25
r  2209   2360   2202   25
r  2210   2208   2202   25
r  2110   2159   2202   25
r  1958   2007   2202   25
r  2161   2208   2202   25
r  2259   2202   2355   25
r  2458   2202   2355   25
r  2453   2202   2355   25
r  2258   2202   2355   25
r  2361   2358   2355   25
r  2261   2310   2355   25
r  2107   2202   2355   25
r  92   88   199   25
r  37   189   88   25
r  95   199   198   25
r  1620   1618   1668   25
r  1863   1812   1911   25
r  930   830   1030   25
r  198   98   247   25
r  96   196   198   25
r  146   198   248   25
r  149   196   98   25
r  249   196   198   25
r  200   98   198   25
r  248   196   98   25
r  50   98   199   25
r  48   96   199   25
r  147   196   96   25
r  97   198   196   25
r  148   199   96   25
r  197   98   248   25
r  100   199   98   25
r  298   199   198   25
r  150   196   198   25
r  247   98   196   25
r  496   597   498   25
r  46   198   98   25
r  299   199   98   25
r  49   198   98   25
r  2416   2463   2363   25
r  2415   2463   2418   25
r  2418   2366   2416   25
r  2316   2365   2414   25
r  1328   1277   1279   25
r  2465   2416   2417   25
r  1478   1427   1377   25
r  2321   2323   2372   25
r  2369   2270   2372   25
r  2420   2368   2372   25
r  1330   1381   1430   25
r  750   648   649   25
r  800   898   748   25
r  2323   2274   2272   25
r  949   896   898   25
r  950   947   898   25
r  1049   1046   898   25
r  2475   2372   2375   25
r  1781   1682   1680   25
r  1050   998   1046   25
r  2374   2475   2376   25
r  1150   1250   1198   25
r  2128   2179   2278   25
r  1298   1249   1398   25
r  2280   2282   2331   25
r  2482   2381   2281   25
r  2384   2335   2281   25
r  1350   1348   1449   25
r  2330   2281   2381   25
r  1787   1689   1840   25
r  1498   1398   1598   25
r  2135   2137   2184   25
r  1596   1698   1798   25
r  2489   2441   2445   25
r  1696   1694   1793   25
r  1700   1797   1598   25
r  1650   1598   1698   25
r  2444   2441   2493   25
r  2348   2396   2397   25
r  2198   2149   2397   25
r  2150   2148   2099   25
r  2344   2346   2445   25
r  2241   2243   2445   25
r  2300   2397   2445   25
r  2298   2397   2445   25
r  2500   2397   2445   25
r  2093   2044   2445   25
r  2496   2396   2498   25
r  2492   2445   2397   25
r  1699   1598   1647   25
r  1649   1549   1647   25
r  1849   1900   1749   25
r  2447   2445   2449   25
r  2400   2445   2397   25
r  2350   2445   2397   25
r  2498   2445   2449   25
r  2250   2445   2397   25
r  1899   1950   2049   25
r  1950   1999   2049   25
r  1   52   55   26
r  51   104   3   26
r  101   3   55   26
r  52   3   104   26
r  102   104   3   26
r  154   55   203   26
r  402   303   55   26
r  11   55   3   26
r  6   104   3   26
r  354   402   3   26
r  307   55   3   26
r  501   552   3   26
r  309   358   3   26
r  7   3   104   26
r  252   3   303   26
r  59   3   55   26
r  58   3   55   26
r  454   356   55   26
r  502   453   55   26
r  308   208   55   26
r  260   209   55   26
r  408   308   55   26
r  209   308   55   26
r  854   806   1002   26
r  112   164   213   26
r  65   114   63   26
r  801   752   1002   26
r  1104   1202   854   26
r  314   213   263   26
r  852   854   1002   26
r  1101   854   1002   26
r  1107   1158   1008   26
r  1201   1102   1154   26
r  16   117   218   26
r  167   218   169   26
r  69   166   216   26
r  1256   1156   1252   26
r  1352   1451   1401   26
r  120   169   19   26
r  1358   1458   1459   26
r  471   423   523   26
r  1653   1802   1702   26
r  124   225   173   26
r  1163   1063   1014   26
r  1854   1803   2202   26
r  1856   1907   2202   26
r  131   80   232   26
r  1705   1956   2202   26
r  1904   1803   2355   26
r  2003   2202   2355   26
r  1952   2202   2355   26
r  923   878   824   26
r  278   179   378   26
r  133   32   33   26
r  83   131   189   26
r  1660   1611   1711   26
r  2253   2355   2302   26
r  2410   2209   2355   26
r  2055   2002   2202   26
r  1954   2002   2202   26
r  2053   2002   2202   26
r  2259   2355   2202   26
r  2458   2310   2202   26
r  2453   2355   2202   26
r  2107   2355   2202   26
r  2159   2208   2202   26
r  2258   2309   2202   26
r  2454   2202   2403   26
r  2407   2202   2358   26
r  2058   2202   2355   26
r  2208   2202   2355   26
r  2007   2202   2355   26
r  2256   2202   2355   26
r  2209   2202   2355   26
r  2311   2362   2355   26
r  2110   2202   2355   26
r  775   826   726   26
r  90   190   88   26
r  1221   1321   1068   26
r  384   333   433   26
r  41   189   139   26
r  241   189   88   26
r  137   189   88   26
r  291   189   190   26
r  296   347   196   26
r  95   198   199   26
r  2463   2414   2416   26
r  348   199   98   26
r  146   248   198   26
r  149   98   196   26
r  249   198   196   26
r  300   196   198   26
r  99   198   199   26
r  349   198   199   26
r  250   198   199   26
r  97   145   199   26
r  150   98   199   26
r  98   145   198   26
r  2465   2366   2414   26
r  2467   2418   2465   26
r  147   96   98   26
r  148   96   45   26
r  248   199   196   26
r  100   98   196   26
r  47   98   96   26
r  46   98   198   26
r  299   98   198   26
r  49   196   198   26
r  400   398   198   26
r  738   787   587   26
r  298   198   98   26
r  447   347   499   26
r  2466   2415   2417   26
r  2419   2472   2321   26
r  1377   1331   1430   26
r  550   650   649   26
r  599   550   499   26
r  1921   1923   1873   26
r  1871   1873   1972   26
r  2472   2370   2369   26
r  742   693   744   26
r  946   997   998   26
r  800   748   898   26
r  2328   2376   2281   26
r  1197   1046   1146   26
r  2330   2230   2281   26
r  1492   1543   1540   26
r  1344   1199   1398   26
r  1396   1495   1398   26
r  2488   2445   2441   26
r  2441   2445   2444   26
r  1547   1596   1647   26
r  1889   1990   1838   26
r  2493   2441   2397   26
r  2300   2449   2397   26
r  2492   2397   2445   26
r  2447   2449   2445   26
r  2400   2396   2445   26
r  2350   2397   2445   26
r  2498   2449   2445   26
r  2250   2299   2445   26
r  2144   2196   2445   26
r  2496   2498   2397   26
r  2494   2445   2397   26
r  2443   2445   2397   26
r  1696   1745   1744   26
r  1650   1698   1598   26
r  2297   2445   2449   26
r  2298   2445   2397   26
r  2497   2445   2449   26
r  2500   2445   2449   26
r  2243   2445   2397   26
r  2148   2445   2397   26
r  1699   1647   1648   26
r  1996   2048   2045   26
r  51   3   104   27
r  101   55   3   27
r  52   55   3   27
r  151   104   51   27
r  102   3   104   27
r  154   203   254   27
r  7   55   3   27
r  252   55   3   27
r  109   55   3   27
r  357   55   3   27
r  451   453   3   27
r  452   55   3   27
r  59   55   3   27
r  58   55   3   27
r  6   3   104   27
r  201   3   104   27
r  307   3   55   27
r  110   212   55   27
r  359   407   55   27
r  702   553   854   27
r  852   1002   854   27
r  905   1006   854   27
r  906   806   854   27
r  1101   1002   854   27
r  903   854   1002   27
r  901   854   1002   27
r  1005   854   902   27
r  1151   1002   1252   27
r  117   165   166   27
r  17   69   218   27
r  118   166   218   27
r  418   420   416   27
r  862   911   712   27
r  1401   1501   1302   27
r  1502   1652   1302   27
r  1651   1804   1653   27
r  21   121   120   27
r  124   173   75   27
r  77   79   232   27
r  1753   1702   2202   27
r  1751   1653   2202   27
r  131   183   80   27
r  84   135   189   27
r  1853   1802   2355   27
r  1903   1802   2002   27
r  1851   2202   2355   27
r  1952   1903   2202   27
r  2003   2355   2202   27
r  2102   2202   2355   27
r  183   232   189   27
r  1904   1853   2202   27
r  1956   1954   2355   27
r  2157   2059   2355   27
r  2054   2002   2355   27
r  2253   2302   2355   27
r  2360   2358   2355   27
r  2107   2058   2355   27
r  2159   2108   2355   27
r  1906   1857   2202   27
r  2454   2403   2202   27
r  2407   2355   2202   27
r  2058   2355   2202   27
r  2208   2355   2202   27
r  2256   2355   2202   27
r  2209   2355   2202   27
r  2160   2209   2202   27
r  2311   2262   2202   27
r  1955   2202   2355   27
r  2453   2202   2355   27
r  2312   2363   2355   27
r  2109   2202   2355   27
r  36   189   88   27
r  188   190   37   27
r  187   37   190   27
r  241   88   189   27
r  43   92   189   27
r  244   193   189   27
r  339   539   189   27
r  486   289   189   27
r  1370   1268   1319   27
r  37   138   190   27
r  95   199   198   27
r  1028   1128   976   27
r  445   498   499   27
r  348   198   196   27
r  45   199   196   27
r  96   198   196   27
r  249   196   198   27
r  148   45   199   27
r  100   196   199   27
r  400   397   199   27
r  248   98   199   27
r  247   147   199   27
r  298   98   199   27
r  2417   2464   2365   27
r  2465   2417   2366   27
r  2467   2465   2418   27
r  1129   1131   1177   27
r  147   98   196   27
r  47   96   98   27
r  99   199   198   27
r  349   199   198   27
r  250   199   198   27
r  546   595   498   27
r  450   499   397   27
r  2466   2418   2366   27
r  2468   2414   2466   27
r  500   649   698   27
r  600   649   548   27
r  650   549   498   27
r  696   698   498   27
r  1478   1429   1430   27
r  2469   2321   2368   27
r  2471   2420   2423   27
r  2068   2218   2167   27
r  2472   2369   2272   27
r  799   797   1000   27
r  1150   1199   1048   27
r  2374   2425   2475   27
r  1040   1091   941   27
r  1586   1637   1537   27
r  1834   1934   1735   27
r  1591   1640   1593   27
r  2337   2339   2445   27
r  1495   1346   1448   27
r  1545   1645   1647   27
r  1550   1398   1648   27
r  2441   2444   2445   27
r  2444   2442   2397   27
r  2495   2441   2397   27
r  2245   2345   2397   27
r  2300   2397   2449   27
r  2488   2437   2445   27
r  2494   2397   2445   27
r  2297   2449   2445   27
r  2298   2449   2445   27
r  2497   2397   2445   27
r  2500   2400   2445   27
r  2243   2397   2445   27
r  2191   2194   2445   27
r  2148   2200   2445   27
r  2047   1996   2445   27
r  2096   2098   2445   27
r  2443   2397   2445   27
r  2345   2445   2194   27
r  2447   2445   2449   27
r  2346   2445   2449   27
r  2349   2445   2397   27
r  2350   2445   2397   27
r  2400   2445   2449   27
r  2197   2445   2397   27
r  2145   2445   2397   27
r  1700   1598   1797   27
r  1998   1949   1895   27
r  51   55   3   28
r  2   102   104   28
r  101   104   55   28
r  52   3   55   28
r  4   55   51   28
r  60   208   55   28
r  252   303   55   28
r  59   108   55   28
r  58   107   55   28
r  102   55   3   28
r  6   55   3   28
r  405   55   3   28
r  201   55   3   28
r  308   55   3   28
r  307   256   3   28
r  359   308   3   28
r  259   307   3   28
r  251   3   253   28
r  103   3   52   28
r  7   3   55   28
r  109   3   55   28
r  357   3   55   28
r  160   211   55   28
r  551   503   55   28
r  310   361   55   28
r  358   409   55   28
r  458   460   55   28
r  311   360   55   28
r  210   161   55   28
r  111   212   213   28
r  508   457   409   28
r  64   62   164   28
r  903   752   854   28
r  1053   1004   854   28
r  901   1002   854   28
r  560   611   607   28
r  754   854   806   28
r  857   854   806   28
r  851   854   902   28
r  1051   854   1002   28
r  1103   1002   1152   28
r  1201   1154   1252   28
r  117   169   218   28
r  416   566   368   28
r  515   416   566   28
r  170   221   218   28
r  1503   1454   1302   28
r  1311   1411   1359   28
r  71   75   123   28
r  122   75   120   28
r  72   172   120   28
r  1802   1701   2355   28
r  1803   1903   2355   28
r  1804   1652   2202   28
r  1852   2202   2355   28
r  1901   2202   2355   28
r  1754   1855   2202   28
r  674   723   622   28
r  133   33   189   28
r  132   80   232   28
r  33   183   189   28
r  1463   1415   1615   28
r  1851   1902   2202   28
r  2102   2355   2202   28
r  2261   2259   2202   28
r  2007   2058   2202   28
r  1955   1957   2202   28
r  2109   2157   2202   28
r  1903   2002   2355   28
r  2108   2202   2355   28
r  2259   2202   2355   28
r  2407   2202   2355   28
r  2208   2202   2355   28
r  2256   2207   2355   28
r  2210   2202   2355   28
r  1906   2202   2355   28
r  1907   2108   2202   28
r  2454   2355   2354   28
r  2211   2355   2202   28
r  2158   2355   2202   28
r  2453   2355   2202   28
r  136   189   88   28
r  36   88   189   28
r  94   199   198   28
r  335   386   189   28
r  37   88   189   28
r  41   139   189   28
r  92   199   189   28
r  291   190   189   28
r  338   438   189   28
r  387   438   189   28
r  194   294   189   28
r  144   193   189   28
r  1521   1570   1470   28
r  238   189   190   28
r  40   189   190   28
r  237   189   88   28
r  95   198   199   28
r  1324   1275   1424   28
r  2465   2366   2418   28
r  2467   2418   2416   28
r  2366   2417   2418   28
r  2466   2366   2363   28
r  2063   2112   2115   28
r  297   198   199   28
r  96   196   198   28
r  47   98   199   28
r  149   196   98   28
r  46   196   199   28
r  49   98   199   28
r  249   98   196   28
r  97   196   198   28
r  298   199   198   28
r  147   145   199   28
r  2419   2471   2372   28
r  48   198   196   28
r  50   198   196   28
r  2470   2368   2321   28
r  500   698   649   28
r  600   548   698   28
r  1578   1574   1726   28
r  2322   2271   2423   28
r  2475   2375   2372   28
r  937   837   838   28
r  2376   2427   2428   28
r  800   898   1000   28
r  899   896   999   28
r  799   1000   748   28
r  997   1198   898   28
r  999   898   1100   28
r  1046   1099   1198   28
r  1098   1146   997   28
r  1150   1198   1046   28
r  1148   1046   1048   28
r  2378   2281   2380   28
r  2429   2380   2328   28
r  2479   2328   2281   28
r  1198   1100   1096   28
r  2484   2281   2435   28
r  2485   2434   2387   28
r  2237   2288   2445   28
r  2289   2337   2445   28
r  2342   2291   2397   28
r  2490   2388   2441   28
r  2246   2194   2397   28
r  2296   2245   2397   28
r  2294   2194   2397   28
r  2300   2449   2397   28
r  2500   2449   2397   28
r  2345   2397   2445   28
r  2447   2449   2445   28
r  2346   2397   2445   28
r  2349   2397   2445   28
r  2400   2397   2445   28
r  2197   2397   2445   28
r  2145   2397   2445   28
r  2048   2097   2445   28
r  2092   1994   2445   28
r  2350   2449   2445   28
r  1547   1595   1598   28
r  2443   2445   2397   28
r  2393   2445   2397   28
r  2497   2445   2397   28
r  2293   2445   2397   28
r  1749   1698   1598   28
r  1950   2049   1999   28
r  1798   1749   1647   28
r  51   3   55   29
r  52   55   3   29
r  151   3   104   29
r  4   51   55   29
r  11   60   55   29
r  201   104   55   29
r  251   253   3   29
r  103   55   3   29
r  208   55   3   29
r  403   55   3   29
r  404   55   3   29
r  12   59   3   29
r  455   406   3   29
r  7   104   3   29
r  357   55   3   29
r  453   504   3   29
r  102   3   55   29
r  6   3   55   29
r  405   3   55   29
r  261   210   55   29
r  507   607   55   29
r  112   213   55   29
r  851   1002   854   29
r  1051   1002   854   29
r  1005   1002   854   29
r  1152   1252   854   29
r  901   854   1002   29
r  1055   854   1002   29
r  955   953   1002   29
r  1103   1152   1002   29
r  1151   1102   1002   29
r  512   563   561   29
r  1058   1107   1009   29
r  909   860   1008   29
r  118   216   217   29
r  18   166   216   29
r  220   169   218   29
r  1205   1256   1353   29
r  1452   1353   1503   29
r  566   466   465   29
r  962   1061   1013   29
r  1454   1302   1503   29
r  121   172   123   29
r  71   120   75   29
r  23   123   74   29
r  72   120   123   29
r  1802   2355   2202   29
r  127   75   131   29
r  81   130   232   29
r  1803   1754   2202   29
r  1801   2202   2355   29
r  1901   2355   2202   29
r  30   232   79   29
r  130   31   232   29
r  82   131   232   29
r  184   85   232   29
r  1854   2202   2355   29
r  1855   1904   2355   29
r  1951   2355   2002   29
r  2003   2202   2355   29
r  2151   2202   2002   29
r  2051   2202   2002   29
r  2154   2355   2105   29
r  2454   2354   2355   29
r  2058   2056   2355   29
r  2102   2002   2355   29
r  2312   2261   2202   29
r  2259   2210   2202   29
r  2407   2358   2202   29
r  2208   2259   2202   29
r  2110   2355   2202   29
r  1905   2202   2355   29
r  2209   2202   2355   29
r  2158   2202   2355   29
r  2462   2414   2363   29
r  628   680   729   29
r  334   433   189   29
r  136   88   189   29
r  139   88   190   29
r  188   88   190   29
r  39   88   190   29
r  137   190   189   29
r  238   190   189   29
r  40   190   189   29
r  237   286   189   29
r  390   286   189   29
r  389   338   189   29
r  1168   1268   1068   29
r  90   189   141   29
r  345   294   194   29
r  296   348   198   29
r  44   199   95   29
r  95   199   198   29
r  145   196   199   29
r  2416   2363   2414   29
r  1128   1026   1179   29
r  45   198   199   29
r  150   199   196   29
r  46   199   196   29
r  49   199   196   29
r  249   196   300   29
r  348   196   198   29
r  50   199   198   29
r  48   199   198   29
r  147   196   96   29
r  496   498   499   29
r  349   198   196   29
r  149   198   196   29
r  47   198   146   29
r  100   198   147   29
r  450   448   498   29
r  2420   2372   2321   29
r  785   733   734   29
r  600   698   649   29
r  2324   2273   2272   29
r  838   938   890   29
r  750   898   799   29
r  2425   2372   2374   29
r  800   1000   898   29
r  799   748   1000   29
r  948   1000   999   29
r  949   898   900   29
r  2478   2427   2281   29
r  2232   2383   2281   29
r  1786   1735   1885   29
r  1934   1983   1735   29
r  2338   2437   2445   29
r  1499   1598   1398   29
r  2389   2290   2397   29
r  2444   2397   2441   29
r  2348   2397   2449   29
r  2492   2441   2397   29
r  2494   2441   2397   29
r  2400   2449   2397   29
r  2443   2441   2445   29
r  2393   2397   2445   29
r  2497   2449   2445   29
r  2293   2397   2445   29
r  2099   1899   2445   29
r  2095   2046   2445   29
r  2091   2039   2445   29
r  2349   2445   2397   29
r  1999   2150   2099   29
r  1749   1649   1647   29
r  1747   1647   1798   29
r  1750   1698   1849   29
r  1800   1848   1749   29
r  1850   1898   1798   29
r  51   55   3   30
r  52   3   55   30
r  151   104   3   30
r  154   254   55   30
r  103   52   55   30
r  357   256   55   30
r  258   55   3   30
r  406   358   3   30
r  109   55   3   30
r  551   55   3   30
r  102   55   3   30
r  6   55   3   30
r  405   403   3   30
r  202   3   157   30
r  452   3   55   30
r  259   3   55   30
r  208   3   55   30
r  404   3   55   30
r  61   63   55   30
r  407   409   55   30
r  162   113   55   30
r  505   556   607   30
r  211   162   63   30
r  65   62   213   30
r  901   1002   854   30
r  955   1006   854   30
r  609   561   607   30
r  1103   1002   1252   30
r  117   166   169   30
r  67   166   218   30
r  122   120   171   30
r  718   767   667   30
r  1652   1802   2202   30
r  1603   1503   2202   30
r  1802   2202   2355   30
r  1606   1608   1706   30
r  1801   2355   2202   30
r  1852   1901   2202   30
r  1901   2202   2355   30
r  79   131   31   30
r  129   80   232   30
r  179   80   232   30
r  1755   1804   2202   30
r  1854   1753   2202   30
r  1856   2202   2355   30
r  2154   2105   2355   30
r  1957   2108   2006   30
r  2003   2355   2202   30
r  2151   2002   2202   30
r  2051   2002   2202   30
r  1905   2355   2202   30
r  2108   2355   2202   30
r  2158   2207   2202   30
r  2209   2355   2202   30
r  2061   2112   2202   30
r  1951   2202   2355   30
r  2453   2202   2355   30
r  677   728   729   30
r  1270   1319   1368   30
r  137   88   190   30
r  440   489   189   30
r  489   540   189   30
r  1518   1569   1417   30
r  1909   1810   1808   30
r  37   189   88   30
r  39   189   139   30
r  41   189   88   30
r  245   294   146   30
r  295   189   198   30
r  44   198   199   30
r  442   390   394   30
r  145   199   196   30
r  1323   1225   1374   30
r  2464   2366   2418   30
r  2467   2416   2418   30
r  1126   1075   1175   30
r  1028   1030   977   30
r  1029   1078   1077   30
r  146   98   297   30
r  45   196   198   30
r  96   248   196   30
r  49   196   199   30
r  97   199   196   30
r  50   196   199   30
r  48   196   199   30
r  297   349   198   30
r  349   196   198   30
r  149   98   198   30
r  450   498   198   30
r  147   199   196   30
r  247   196   98   30
r  100   147   196   30
r  47   146   196   30
r  350   198   199   30
r  250   198   199   30
r  2469   2368   2372   30
r  2420   2321   2372   30
r  2220   2271   2372   30
r  1377   1430   1479   30
r  700   898   499   30
r  649   548   498   30
r  2422   2469   2471   30
r  2323   2272   2423   30
r  2375   2424   2423   30
r  2374   2475   2372   30
r  2221   2172   2270   30
r  2021   2121   2073   30
r  750   799   498   30
r  1627   1578   1625   30
r  1331   1431   1430   30
r  800   898   1000   30
r  949   900   898   30
r  892   843   845   30
r  1049   898   1046   30
r  1247   1146   1199   30
r  1348   1448   1299   30
r  2386   2334   2335   30
r  1641   1542   1540   30
r  2444   2493   2397   30
r  2098   2049   2397   30
r  2348   2449   2397   30
r  2200   2099   2397   30
r  2497   2397   2449   30
r  2349   2397   2445   30
r  2094   2142   2445   30
r  2050   2099   2445   30
r  1499   1398   1497   30
r  2345   2445   2397   30
r  2346   2445   2397   30
r  2498   2445   2449   30
r  2196   2445   2397   30
r  2197   2445   2397   30
r  2048   2445   2397   30
r  1600   1549   1598   30
r  1747   1798   1549   30
r  1699   1648   1647   30
r  1650   1598   1648   30
